video,prompt,vace_video,vace_reference_image
T2V_data/VIDGEN-1M_unzip/-35mDi6eglY-Scene-0034.mp4,"The video shows a football game in progress. The quarterback throws the ball to a receiver who catches it and runs into the end zone for a touchdown. The players are wearing helmets and pads, and the field is marked with yard lines. The video is shot from a high angle, showing the entire field.",T2V_data/label/vidgen_filter_gemini_part_0_dpo_1/-35mDi6eglY-Scene-0034/depth.mp4,T2V_data/label/vidgen_filter_gemini_part_0_dpo_1/-35mDi6eglY-Scene-0034/aug_entity_60.png
T2V_data/VIDGEN-1M_unzip/-35mDi6eglY-Scene-0034.mp4,"The video shows a football game in progress. The quarterback throws the ball to a receiver who catches it and runs into the end zone for a touchdown. The players are wearing helmets and pads, and the field is marked with yard lines. The video is shot from a high angle, showing the entire field.",T2V_data/label/vidgen_filter_gemini_part_0_dpo_1/-35mDi6eglY-Scene-0034/entity_60.mp4,T2V_data/label/vidgen_filter_gemini_part_0_dpo_1/-35mDi6eglY-Scene-0034/aug_entity_60.png
T2V_data/VIDGEN-1M_unzip/-JM8eav1OpY-Scene-0022.mp4,"The video shows a person wearing black gloves cutting a piece of raw meat on a wooden cutting board. The meat is pink and has a layer of fat on one side. The person is using a knife to cut the meat into smaller pieces. The cutting board is placed on a white surface, and there are no other objects visible in the video.",T2V_data/label/vidgen_filter_gemini_part_0_dpo_1/-JM8eav1OpY-Scene-0022/depth.mp4,T2V_data/label/vidgen_filter_gemini_part_0_dpo_1/-JM8eav1OpY-Scene-0022/aug_entity_20.png
T2V_data/VIDGEN-1M_unzip/-JM8eav1OpY-Scene-0022.mp4,"The video shows a person wearing black gloves cutting a piece of raw meat on a wooden cutting board. The meat is pink and has a layer of fat on one side. The person is using a knife to cut the meat into smaller pieces. The cutting board is placed on a white surface, and there are no other objects visible in the video.",T2V_data/label/vidgen_filter_gemini_part_0_dpo_1/-JM8eav1OpY-Scene-0022/entity_20.mp4,T2V_data/label/vidgen_filter_gemini_part_0_dpo_1/-JM8eav1OpY-Scene-0022/aug_entity_20.png
T2V_data/VIDGEN-1M_unzip/-JM8eav1OpY-Scene-0022.mp4,"The video shows a person wearing black gloves cutting a piece of raw meat on a wooden cutting board. The meat is pink and has a layer of fat on one side. The person is using a knife to cut the meat into smaller pieces. The cutting board is placed on a white surface, and there are no other objects visible in the video.",T2V_data/label/vidgen_filter_gemini_part_0_dpo_1/-JM8eav1OpY-Scene-0022/depth.mp4,T2V_data/label/vidgen_filter_gemini_part_0_dpo_1/-JM8eav1OpY-Scene-0022/aug_entity_40.png
T2V_data/VIDGEN-1M_unzip/-JM8eav1OpY-Scene-0022.mp4,"The video shows a person wearing black gloves cutting a piece of raw meat on a wooden cutting board. The meat is pink and has a layer of fat on one side. The person is using a knife to cut the meat into smaller pieces. The cutting board is placed on a white surface, and there are no other objects visible in the video.",T2V_data/label/vidgen_filter_gemini_part_0_dpo_1/-JM8eav1OpY-Scene-0022/entity_40.mp4,T2V_data/label/vidgen_filter_gemini_part_0_dpo_1/-JM8eav1OpY-Scene-0022/aug_entity_40.png
T2V_data/VIDGEN-1M_unzip/-M_LgNMUdjg-Scene-0022.mp4,"In the video, a person is seen rolling out dough on a table. The person uses a rolling pin to flatten the dough. The table is covered with flour to prevent the dough from sticking. The person's hands are visible, and they are wearing a red shirt. The rolling pin is made of wood, and the dough is white. The person rolls the dough back and forth several times to achieve the desired thickness. The video is shot from a side angle, and the person's face is not visible. The lighting in the room is bright, and the background is blurred.",T2V_data/label/vidgen_filter_gemini_part_0_dpo_1/-M_LgNMUdjg-Scene-0022/depth.mp4,T2V_data/label/vidgen_filter_gemini_part_0_dpo_1/-M_LgNMUdjg-Scene-0022/aug_entity_60.png
T2V_data/VIDGEN-1M_unzip/-M_LgNMUdjg-Scene-0022.mp4,"In the video, a person is seen rolling out dough on a table. The person uses a rolling pin to flatten the dough. The table is covered with flour to prevent the dough from sticking. The person's hands are visible, and they are wearing a red shirt. The rolling pin is made of wood, and the dough is white. The person rolls the dough back and forth several times to achieve the desired thickness. The video is shot from a side angle, and the person's face is not visible. The lighting in the room is bright, and the background is blurred.",T2V_data/label/vidgen_filter_gemini_part_0_dpo_1/-M_LgNMUdjg-Scene-0022/entity_60.mp4,T2V_data/label/vidgen_filter_gemini_part_0_dpo_1/-M_LgNMUdjg-Scene-0022/aug_entity_60.png
T2V_data/VIDGEN-1M_unzip/-R9_BW4UyMc-Scene-0043.mp4,"The video shows a close-up of a car engine with a person wearing a black glove holding a wrench. The person is using the wrench to adjust the spark plugs on the engine. The engine is metallic and has several wires and tubes connected to it. The person's hand is moving the wrench back and forth, indicating that they are tightening or loosening the spark plugs.",T2V_data/label/vidgen_filter_gemini_part_0_dpo_1/-R9_BW4UyMc-Scene-0043/depth.mp4,T2V_data/label/vidgen_filter_gemini_part_0_dpo_1/-R9_BW4UyMc-Scene-0043/aug_entity_40.png
T2V_data/VIDGEN-1M_unzip/-R9_BW4UyMc-Scene-0043.mp4,"The video shows a close-up of a car engine with a person wearing a black glove holding a wrench. The person is using the wrench to adjust the spark plugs on the engine. The engine is metallic and has several wires and tubes connected to it. The person's hand is moving the wrench back and forth, indicating that they are tightening or loosening the spark plugs.",T2V_data/label/vidgen_filter_gemini_part_0_dpo_1/-R9_BW4UyMc-Scene-0043/entity_40.mp4,T2V_data/label/vidgen_filter_gemini_part_0_dpo_1/-R9_BW4UyMc-Scene-0043/aug_entity_40.png
T2V_data/VIDGEN-1M_unzip/-ZxHUhHPx4s-Scene-0017.mp4,"The video shows a person using a green and white vegetable chopper to chop potatoes. The chopper has a clear plastic container attached to it, which is filled with potato pieces. The person is seen pressing down on the chopper, which is slicing the potatoes into smaller pieces. The video is shot from a close-up angle, focusing on the chopper and the potatoes. The person's hand is visible, and they are wearing a black long-sleeved shirt. The chopper is placed on a white surface, and the background is blurred.",T2V_data/label/vidgen_filter_gemini_part_0_dpo_1/-ZxHUhHPx4s-Scene-0017/depth.mp4,T2V_data/label/vidgen_filter_gemini_part_0_dpo_1/-ZxHUhHPx4s-Scene-0017/aug_entity_20.png
T2V_data/VIDGEN-1M_unzip/-ZxHUhHPx4s-Scene-0017.mp4,"The video shows a person using a green and white vegetable chopper to chop potatoes. The chopper has a clear plastic container attached to it, which is filled with potato pieces. The person is seen pressing down on the chopper, which is slicing the potatoes into smaller pieces. The video is shot from a close-up angle, focusing on the chopper and the potatoes. The person's hand is visible, and they are wearing a black long-sleeved shirt. The chopper is placed on a white surface, and the background is blurred.",T2V_data/label/vidgen_filter_gemini_part_0_dpo_1/-ZxHUhHPx4s-Scene-0017/entity_20.mp4,T2V_data/label/vidgen_filter_gemini_part_0_dpo_1/-ZxHUhHPx4s-Scene-0017/aug_entity_20.png
T2V_data/VIDGEN-1M_unzip/-pIVAd-X_Lg-Scene-0137.mp4,"In the video, a woman and a boy are sitting at a table. The woman is holding a pumpkin, and the boy is wearing a green Hulk mask. The boy is holding a knife and starts to cut the pumpkin. The woman is talking to the boy, and they both seem to be enjoying the activity. The background is a kitchen with a window and some decorations.",T2V_data/label/vidgen_filter_gemini_part_0_dpo_1/-pIVAd-X_Lg-Scene-0137/depth.mp4,T2V_data/label/vidgen_filter_gemini_part_0_dpo_1/-pIVAd-X_Lg-Scene-0137/aug_entity_60.png
T2V_data/VIDGEN-1M_unzip/-pIVAd-X_Lg-Scene-0137.mp4,"In the video, a woman and a boy are sitting at a table. The woman is holding a pumpkin, and the boy is wearing a green Hulk mask. The boy is holding a knife and starts to cut the pumpkin. The woman is talking to the boy, and they both seem to be enjoying the activity. The background is a kitchen with a window and some decorations.",T2V_data/label/vidgen_filter_gemini_part_0_dpo_1/-pIVAd-X_Lg-Scene-0137/entity_60.mp4,T2V_data/label/vidgen_filter_gemini_part_0_dpo_1/-pIVAd-X_Lg-Scene-0137/aug_entity_60.png
T2V_data/VIDGEN-1M_unzip/08omgz0RZqI-Scene-0011.mp4,"In the video, a person is seen cooking rice in a large metal pot. The person uses a wooden spoon to stir the rice, ensuring it is evenly cooked. The rice appears to be white and is being cooked on a stove. The person's movements are deliberate and careful, indicating that they are experienced in cooking rice. The pot is placed on a burner, and the flame is visible underneath. The kitchen environment is clean and well-lit, with no other objects or people visible in the frame. The video does not contain any dialogue or sound other than the sound of the rice being stirred.",T2V_data/label/vidgen_filter_gemini_part_0_dpo_1/08omgz0RZqI-Scene-0011/depth.mp4,T2V_data/label/vidgen_filter_gemini_part_0_dpo_1/08omgz0RZqI-Scene-0011/aug_entity_60.png
T2V_data/VIDGEN-1M_unzip/08omgz0RZqI-Scene-0011.mp4,"In the video, a person is seen cooking rice in a large metal pot. The person uses a wooden spoon to stir the rice, ensuring it is evenly cooked. The rice appears to be white and is being cooked on a stove. The person's movements are deliberate and careful, indicating that they are experienced in cooking rice. The pot is placed on a burner, and the flame is visible underneath. The kitchen environment is clean and well-lit, with no other objects or people visible in the frame. The video does not contain any dialogue or sound other than the sound of the rice being stirred.",T2V_data/label/vidgen_filter_gemini_part_0_dpo_1/08omgz0RZqI-Scene-0011/entity_60.mp4,T2V_data/label/vidgen_filter_gemini_part_0_dpo_1/08omgz0RZqI-Scene-0011/aug_entity_60.png
T2V_data/VIDGEN-1M_unzip/0Dv7zfWS3EQ-Scene-0106.mp4,"In the video, a person is seen holding a metal strainer over a white plate with a red rim. The strainer is filled with yellow noodles, and the person is shaking it back and forth to remove excess water. The background is blurred, but it appears to be a kitchen setting. The person's hand is visible, and they are wearing a watch. The noodles are being shaken vigorously, and some of them are falling onto the plate.",T2V_data/label/vidgen_filter_gemini_part_0_dpo_1/0Dv7zfWS3EQ-Scene-0106/depth.mp4,T2V_data/label/vidgen_filter_gemini_part_0_dpo_1/0Dv7zfWS3EQ-Scene-0106/aug_entity_40.png
T2V_data/VIDGEN-1M_unzip/0Dv7zfWS3EQ-Scene-0106.mp4,"In the video, a person is seen holding a metal strainer over a white plate with a red rim. The strainer is filled with yellow noodles, and the person is shaking it back and forth to remove excess water. The background is blurred, but it appears to be a kitchen setting. The person's hand is visible, and they are wearing a watch. The noodles are being shaken vigorously, and some of them are falling onto the plate.",T2V_data/label/vidgen_filter_gemini_part_0_dpo_1/0Dv7zfWS3EQ-Scene-0106/entity_40.mp4,T2V_data/label/vidgen_filter_gemini_part_0_dpo_1/0Dv7zfWS3EQ-Scene-0106/aug_entity_40.png
T2V_data/VIDGEN-1M_unzip/0Qj_pIPw1wo-Scene-0019.mp4,"The video shows a large military tank driving through a forest. The tank is covered in camouflage netting and is moving at a slow pace. The forest is dense with tall trees, and the ground is covered in grass and dirt. The tank appears to be a heavy armored vehicle, with a large gun mounted on top. The video is taken from a distance, and the tank is the main focus of the footage.",T2V_data/label/vidgen_filter_gemini_part_0_dpo_1/0Qj_pIPw1wo-Scene-0019/depth.mp4,T2V_data/label/vidgen_filter_gemini_part_0_dpo_1/0Qj_pIPw1wo-Scene-0019/aug_entity_20.png
T2V_data/VIDGEN-1M_unzip/0Qj_pIPw1wo-Scene-0019.mp4,"The video shows a large military tank driving through a forest. The tank is covered in camouflage netting and is moving at a slow pace. The forest is dense with tall trees, and the ground is covered in grass and dirt. The tank appears to be a heavy armored vehicle, with a large gun mounted on top. The video is taken from a distance, and the tank is the main focus of the footage.",T2V_data/label/vidgen_filter_gemini_part_0_dpo_1/0Qj_pIPw1wo-Scene-0019/entity_20.mp4,T2V_data/label/vidgen_filter_gemini_part_0_dpo_1/0Qj_pIPw1wo-Scene-0019/aug_entity_20.png
T2V_data/VIDGEN-1M_unzip/0nqjplETZs0-Scene-0043.mp4,"The video shows a group of people swimming in a pool. The water is clear and blue, and the people are wearing swimsuits. Some of them are standing in the water, while others are sitting or lying down. There are also a few people sitting on the edge of the pool. The pool is surrounded by a concrete wall, and there is a fence in the background. The sky is clear and blue, indicating that it is a sunny day.",T2V_data/label/vidgen_filter_gemini_part_0_dpo_1/0nqjplETZs0-Scene-0043/depth.mp4,T2V_data/label/vidgen_filter_gemini_part_0_dpo_1/0nqjplETZs0-Scene-0043/aug_entity_20.png
T2V_data/VIDGEN-1M_unzip/0nqjplETZs0-Scene-0043.mp4,"The video shows a group of people swimming in a pool. The water is clear and blue, and the people are wearing swimsuits. Some of them are standing in the water, while others are sitting or lying down. There are also a few people sitting on the edge of the pool. The pool is surrounded by a concrete wall, and there is a fence in the background. The sky is clear and blue, indicating that it is a sunny day.",T2V_data/label/vidgen_filter_gemini_part_0_dpo_1/0nqjplETZs0-Scene-0043/entity_20.mp4,T2V_data/label/vidgen_filter_gemini_part_0_dpo_1/0nqjplETZs0-Scene-0043/aug_entity_20.png
T2V_data/VIDGEN-1M_unzip/0zGi_elHIyo-Scene-0021.mp4,"In the video, a man is seen standing in front of a fire pit, holding a fish in his hands. He is wearing a black t-shirt with a deer on it and jeans. The man is using a knife to cut the fish open and remove the scales. The fire pit is made of rocks and has a small fire burning inside. The man appears to be preparing the fish for cooking.",T2V_data/label/vidgen_filter_gemini_part_0_dpo_1/0zGi_elHIyo-Scene-0021/depth.mp4,T2V_data/label/vidgen_filter_gemini_part_0_dpo_1/0zGi_elHIyo-Scene-0021/aug_entity_40.png
T2V_data/VIDGEN-1M_unzip/0zGi_elHIyo-Scene-0021.mp4,"In the video, a man is seen standing in front of a fire pit, holding a fish in his hands. He is wearing a black t-shirt with a deer on it and jeans. The man is using a knife to cut the fish open and remove the scales. The fire pit is made of rocks and has a small fire burning inside. The man appears to be preparing the fish for cooking.",T2V_data/label/vidgen_filter_gemini_part_0_dpo_1/0zGi_elHIyo-Scene-0021/entity_40.mp4,T2V_data/label/vidgen_filter_gemini_part_0_dpo_1/0zGi_elHIyo-Scene-0021/aug_entity_40.png
T2V_data/VIDGEN-1M_unzip/12RwfqvTMZk-Scene-0053.mp4,"The video shows a person's hands as they mold and shape a white substance, possibly clay or plaster, into the shape of a hand. The person's hands are visible in the frame, and they are using their fingers to carefully shape and smooth out the material. The background is blurred, but it appears to be a workshop or studio setting. The focus is on the hand being formed, and the person's movements are deliberate and precise.",T2V_data/label/vidgen_filter_gemini_part_0_dpo_1/12RwfqvTMZk-Scene-0053/depth.mp4,T2V_data/label/vidgen_filter_gemini_part_0_dpo_1/12RwfqvTMZk-Scene-0053/aug_entity_40.png
T2V_data/VIDGEN-1M_unzip/12RwfqvTMZk-Scene-0053.mp4,"The video shows a person's hands as they mold and shape a white substance, possibly clay or plaster, into the shape of a hand. The person's hands are visible in the frame, and they are using their fingers to carefully shape and smooth out the material. The background is blurred, but it appears to be a workshop or studio setting. The focus is on the hand being formed, and the person's movements are deliberate and precise.",T2V_data/label/vidgen_filter_gemini_part_0_dpo_1/12RwfqvTMZk-Scene-0053/entity_40.mp4,T2V_data/label/vidgen_filter_gemini_part_0_dpo_1/12RwfqvTMZk-Scene-0053/aug_entity_40.png
T2V_data/VIDGEN-1M_unzip/18am-cr0yG0-Scene-0026.mp4,"The video shows a close-up of a person's hand holding a knife and cutting through a piece of meat. The meat is pinkish in color and appears to be raw. The knife has a gold-colored handle and a sharp blade. The person is cutting the meat with precision and care, making sure to cut through the meat evenly. The background is blurred, but it appears to be a kitchen counter.",T2V_data/label/vidgen_filter_gemini_part_0_dpo_1/18am-cr0yG0-Scene-0026/depth.mp4,T2V_data/label/vidgen_filter_gemini_part_0_dpo_1/18am-cr0yG0-Scene-0026/aug_entity_40.png
T2V_data/VIDGEN-1M_unzip/18am-cr0yG0-Scene-0026.mp4,"The video shows a close-up of a person's hand holding a knife and cutting through a piece of meat. The meat is pinkish in color and appears to be raw. The knife has a gold-colored handle and a sharp blade. The person is cutting the meat with precision and care, making sure to cut through the meat evenly. The background is blurred, but it appears to be a kitchen counter.",T2V_data/label/vidgen_filter_gemini_part_0_dpo_1/18am-cr0yG0-Scene-0026/entity_40.mp4,T2V_data/label/vidgen_filter_gemini_part_0_dpo_1/18am-cr0yG0-Scene-0026/aug_entity_40.png
T2V_data/VIDGEN-1M_unzip/1QAMPnkuIoA-Scene-0042.mp4,"The video shows a person walking behind a horse, holding onto a rope tied to the horse's harness. The person is wearing a red jacket and blue jeans. The horse is brown and is walking on a dirt path. The person appears to be guiding the horse along the path. The video is shot from a low angle, focusing on the horse's legs and the person's feet. The background is blurred, but it appears to be a rural area with trees and foliage.",T2V_data/label/vidgen_filter_gemini_part_0_dpo_1/1QAMPnkuIoA-Scene-0042/depth.mp4,T2V_data/label/vidgen_filter_gemini_part_0_dpo_1/1QAMPnkuIoA-Scene-0042/aug_entity_60.png
T2V_data/VIDGEN-1M_unzip/1QAMPnkuIoA-Scene-0042.mp4,"The video shows a person walking behind a horse, holding onto a rope tied to the horse's harness. The person is wearing a red jacket and blue jeans. The horse is brown and is walking on a dirt path. The person appears to be guiding the horse along the path. The video is shot from a low angle, focusing on the horse's legs and the person's feet. The background is blurred, but it appears to be a rural area with trees and foliage.",T2V_data/label/vidgen_filter_gemini_part_0_dpo_1/1QAMPnkuIoA-Scene-0042/entity_60.mp4,T2V_data/label/vidgen_filter_gemini_part_0_dpo_1/1QAMPnkuIoA-Scene-0042/aug_entity_60.png
T2V_data/VIDGEN-1M_unzip/1h95m4k84UI-Scene-0004.mp4,"In the video, a person is seen holding a piece of white tape in their hand. The tape appears to be made of a sturdy material and has a textured surface. The person is using their fingers to stretch the tape, demonstrating its flexibility and strength. The background of the video is a green cutting mat with grid lines, suggesting that the person may be in a workshop or crafting area. The lighting in the video is bright, highlighting the white color of the tape and the texture of the material. The person's movements are deliberate and controlled, indicating that they are showcasing the tape's properties.",T2V_data/label/vidgen_filter_gemini_part_0_dpo_1/1h95m4k84UI-Scene-0004/depth.mp4,T2V_data/label/vidgen_filter_gemini_part_0_dpo_1/1h95m4k84UI-Scene-0004/aug_entity_40.png
T2V_data/VIDGEN-1M_unzip/1h95m4k84UI-Scene-0004.mp4,"In the video, a person is seen holding a piece of white tape in their hand. The tape appears to be made of a sturdy material and has a textured surface. The person is using their fingers to stretch the tape, demonstrating its flexibility and strength. The background of the video is a green cutting mat with grid lines, suggesting that the person may be in a workshop or crafting area. The lighting in the video is bright, highlighting the white color of the tape and the texture of the material. The person's movements are deliberate and controlled, indicating that they are showcasing the tape's properties.",T2V_data/label/vidgen_filter_gemini_part_0_dpo_1/1h95m4k84UI-Scene-0004/entity_40.mp4,T2V_data/label/vidgen_filter_gemini_part_0_dpo_1/1h95m4k84UI-Scene-0004/aug_entity_40.png
T2V_data/VIDGEN-1M_unzip/1nT-q8FM7GI-Scene-0040.mp4,The video shows a baby hippo being bathed in a large tub of water. The hippo is surrounded by pink foam tubes and is being held by two people. One person is holding the hippo's mouth open while the other person is washing its face. The hippo appears to be calm and cooperative during the bath.,T2V_data/label/vidgen_filter_gemini_part_0_dpo_1/1nT-q8FM7GI-Scene-0040/depth.mp4,T2V_data/label/vidgen_filter_gemini_part_0_dpo_1/1nT-q8FM7GI-Scene-0040/aug_entity_20.png
T2V_data/VIDGEN-1M_unzip/1nT-q8FM7GI-Scene-0040.mp4,The video shows a baby hippo being bathed in a large tub of water. The hippo is surrounded by pink foam tubes and is being held by two people. One person is holding the hippo's mouth open while the other person is washing its face. The hippo appears to be calm and cooperative during the bath.,T2V_data/label/vidgen_filter_gemini_part_0_dpo_1/1nT-q8FM7GI-Scene-0040/entity_20.mp4,T2V_data/label/vidgen_filter_gemini_part_0_dpo_1/1nT-q8FM7GI-Scene-0040/aug_entity_20.png
T2V_data/VIDGEN-1M_unzip/1t7j2gKRxSE-Scene-0018.mp4,"The video shows a close-up of a person's hands as they roll out a piece of dough on a wooden surface. The dough is yellow in color and appears to be soft and pliable. The person uses a wooden rolling pin to flatten the dough, applying pressure and moving the rolling pin back and forth. The background is blurred, but it appears to be a kitchen counter.",T2V_data/label/vidgen_filter_gemini_part_0_dpo_1/1t7j2gKRxSE-Scene-0018/depth.mp4,T2V_data/label/vidgen_filter_gemini_part_0_dpo_1/1t7j2gKRxSE-Scene-0018/aug_entity_20.png
T2V_data/VIDGEN-1M_unzip/1t7j2gKRxSE-Scene-0018.mp4,"The video shows a close-up of a person's hands as they roll out a piece of dough on a wooden surface. The dough is yellow in color and appears to be soft and pliable. The person uses a wooden rolling pin to flatten the dough, applying pressure and moving the rolling pin back and forth. The background is blurred, but it appears to be a kitchen counter.",T2V_data/label/vidgen_filter_gemini_part_0_dpo_1/1t7j2gKRxSE-Scene-0018/entity_20.mp4,T2V_data/label/vidgen_filter_gemini_part_0_dpo_1/1t7j2gKRxSE-Scene-0018/aug_entity_20.png
T2V_data/VIDGEN-1M_unzip/1tENGJTku1Q-Scene-0052.mp4,"The video is an animated clip showing a boy in a red and white helmet and jacket with a blue stripe on the sleeves. He is holding a remote control in his right hand and pointing it towards a flying vehicle. The vehicle is white with purple accents and has a propeller on top. The boy appears to be controlling the vehicle as it moves in the air. The background is a gradient of red and orange, suggesting a sunset or sunrise.",T2V_data/label/vidgen_filter_gemini_part_0_dpo_1/1tENGJTku1Q-Scene-0052/depth.mp4,T2V_data/label/vidgen_filter_gemini_part_0_dpo_1/1tENGJTku1Q-Scene-0052/aug_entity_20.png
T2V_data/VIDGEN-1M_unzip/1tENGJTku1Q-Scene-0052.mp4,"The video is an animated clip showing a boy in a red and white helmet and jacket with a blue stripe on the sleeves. He is holding a remote control in his right hand and pointing it towards a flying vehicle. The vehicle is white with purple accents and has a propeller on top. The boy appears to be controlling the vehicle as it moves in the air. The background is a gradient of red and orange, suggesting a sunset or sunrise.",T2V_data/label/vidgen_filter_gemini_part_0_dpo_1/1tENGJTku1Q-Scene-0052/entity_20.mp4,T2V_data/label/vidgen_filter_gemini_part_0_dpo_1/1tENGJTku1Q-Scene-0052/aug_entity_20.png
T2V_data/VIDGEN-1M_unzip/1tv2w3e4e9s-Scene-0058.mp4,"In the video, two men are standing on a boat in the middle of a lake. One man is wearing a black jacket and blue pants, and the other man is wearing a camouflage jacket and orange pants. The man in the black jacket is holding a fishing rod and appears to be reeling in a fish. As he pulls the rod, a small fish is seen attached to the end of the line. The man then holds up the fish to show it to the camera. The background of the video shows a clear blue sky and trees on the shore of the lake.",T2V_data/label/vidgen_filter_gemini_part_0_dpo_1/1tv2w3e4e9s-Scene-0058/depth.mp4,T2V_data/label/vidgen_filter_gemini_part_0_dpo_1/1tv2w3e4e9s-Scene-0058/aug_entity_20.png
T2V_data/VIDGEN-1M_unzip/1tv2w3e4e9s-Scene-0058.mp4,"In the video, two men are standing on a boat in the middle of a lake. One man is wearing a black jacket and blue pants, and the other man is wearing a camouflage jacket and orange pants. The man in the black jacket is holding a fishing rod and appears to be reeling in a fish. As he pulls the rod, a small fish is seen attached to the end of the line. The man then holds up the fish to show it to the camera. The background of the video shows a clear blue sky and trees on the shore of the lake.",T2V_data/label/vidgen_filter_gemini_part_0_dpo_1/1tv2w3e4e9s-Scene-0058/entity_20.mp4,T2V_data/label/vidgen_filter_gemini_part_0_dpo_1/1tv2w3e4e9s-Scene-0058/aug_entity_20.png
T2V_data/VIDGEN-1M_unzip/1tv2w3e4e9s-Scene-0058.mp4,"In the video, two men are standing on a boat in the middle of a lake. One man is wearing a black jacket and blue pants, and the other man is wearing a camouflage jacket and orange pants. The man in the black jacket is holding a fishing rod and appears to be reeling in a fish. As he pulls the rod, a small fish is seen attached to the end of the line. The man then holds up the fish to show it to the camera. The background of the video shows a clear blue sky and trees on the shore of the lake.",T2V_data/label/vidgen_filter_gemini_part_0_dpo_1/1tv2w3e4e9s-Scene-0058/depth.mp4,T2V_data/label/vidgen_filter_gemini_part_0_dpo_1/1tv2w3e4e9s-Scene-0058/aug_entity_40.png
T2V_data/VIDGEN-1M_unzip/1tv2w3e4e9s-Scene-0058.mp4,"In the video, two men are standing on a boat in the middle of a lake. One man is wearing a black jacket and blue pants, and the other man is wearing a camouflage jacket and orange pants. The man in the black jacket is holding a fishing rod and appears to be reeling in a fish. As he pulls the rod, a small fish is seen attached to the end of the line. The man then holds up the fish to show it to the camera. The background of the video shows a clear blue sky and trees on the shore of the lake.",T2V_data/label/vidgen_filter_gemini_part_0_dpo_1/1tv2w3e4e9s-Scene-0058/entity_40.mp4,T2V_data/label/vidgen_filter_gemini_part_0_dpo_1/1tv2w3e4e9s-Scene-0058/aug_entity_40.png
T2V_data/VIDGEN-1M_unzip/1wzAJic1Ta4-Scene-0101.mp4,"The video shows a person wearing gloves working on a car's brake system. The person is using a tool to adjust the brake caliper, which is a part of the brake system that holds the brake pads against the rotor. The person is seen making adjustments to the brake caliper, possibly to ensure proper brake function. The video provides a close-up view of the brake system, allowing viewers to see the details of the brake components and the adjustment process.",T2V_data/label/vidgen_filter_gemini_part_0_dpo_1/1wzAJic1Ta4-Scene-0101/depth.mp4,T2V_data/label/vidgen_filter_gemini_part_0_dpo_1/1wzAJic1Ta4-Scene-0101/aug_entity_40.png
T2V_data/VIDGEN-1M_unzip/1wzAJic1Ta4-Scene-0101.mp4,"The video shows a person wearing gloves working on a car's brake system. The person is using a tool to adjust the brake caliper, which is a part of the brake system that holds the brake pads against the rotor. The person is seen making adjustments to the brake caliper, possibly to ensure proper brake function. The video provides a close-up view of the brake system, allowing viewers to see the details of the brake components and the adjustment process.",T2V_data/label/vidgen_filter_gemini_part_0_dpo_1/1wzAJic1Ta4-Scene-0101/entity_40.mp4,T2V_data/label/vidgen_filter_gemini_part_0_dpo_1/1wzAJic1Ta4-Scene-0101/aug_entity_40.png
T2V_data/VIDGEN-1M_unzip/1wzAJic1Ta4-Scene-0101.mp4,"The video shows a person wearing gloves working on a car's brake system. The person is using a tool to adjust the brake caliper, which is a part of the brake system that holds the brake pads against the rotor. The person is seen making adjustments to the brake caliper, possibly to ensure proper brake function. The video provides a close-up view of the brake system, allowing viewers to see the details of the brake components and the adjustment process.",T2V_data/label/vidgen_filter_gemini_part_0_dpo_1/1wzAJic1Ta4-Scene-0101/depth.mp4,T2V_data/label/vidgen_filter_gemini_part_0_dpo_1/1wzAJic1Ta4-Scene-0101/aug_entity_60.png
T2V_data/VIDGEN-1M_unzip/1wzAJic1Ta4-Scene-0101.mp4,"The video shows a person wearing gloves working on a car's brake system. The person is using a tool to adjust the brake caliper, which is a part of the brake system that holds the brake pads against the rotor. The person is seen making adjustments to the brake caliper, possibly to ensure proper brake function. The video provides a close-up view of the brake system, allowing viewers to see the details of the brake components and the adjustment process.",T2V_data/label/vidgen_filter_gemini_part_0_dpo_1/1wzAJic1Ta4-Scene-0101/entity_60.mp4,T2V_data/label/vidgen_filter_gemini_part_0_dpo_1/1wzAJic1Ta4-Scene-0101/aug_entity_60.png
T2V_data/VIDGEN-1M_unzip/2CMqDwijlTA-Scene-0093.mp4,"The video shows a green toy figure climbing a tree and then sliding down a yellow slide. The toy figure is wearing a green costume and has a green face. The tree is brown with green leaves, and the slide is yellow. The background is blue, and there is a white fence in the background. The toy figure appears to be having fun while playing.",T2V_data/label/vidgen_filter_gemini_part_0_dpo_1/2CMqDwijlTA-Scene-0093/depth.mp4,T2V_data/label/vidgen_filter_gemini_part_0_dpo_1/2CMqDwijlTA-Scene-0093/aug_entity_40.png
T2V_data/VIDGEN-1M_unzip/2CMqDwijlTA-Scene-0093.mp4,"The video shows a green toy figure climbing a tree and then sliding down a yellow slide. The toy figure is wearing a green costume and has a green face. The tree is brown with green leaves, and the slide is yellow. The background is blue, and there is a white fence in the background. The toy figure appears to be having fun while playing.",T2V_data/label/vidgen_filter_gemini_part_0_dpo_1/2CMqDwijlTA-Scene-0093/entity_40.mp4,T2V_data/label/vidgen_filter_gemini_part_0_dpo_1/2CMqDwijlTA-Scene-0093/aug_entity_40.png
T2V_data/VIDGEN-1M_unzip/2NE0zp_5toM-Scene-0011.mp4,"The video shows a man wearing a white shirt and black apron, who is standing behind a wooden table. He is using a knife to cut a piece of meat that is on the table. The meat appears to be dark brown in color and is covered in a sauce. In the background, there are other people who are also working with meat.",T2V_data/label/vidgen_filter_gemini_part_0_dpo_1/2NE0zp_5toM-Scene-0011/depth.mp4,T2V_data/label/vidgen_filter_gemini_part_0_dpo_1/2NE0zp_5toM-Scene-0011/aug_entity_20.png
T2V_data/VIDGEN-1M_unzip/2NE0zp_5toM-Scene-0011.mp4,"The video shows a man wearing a white shirt and black apron, who is standing behind a wooden table. He is using a knife to cut a piece of meat that is on the table. The meat appears to be dark brown in color and is covered in a sauce. In the background, there are other people who are also working with meat.",T2V_data/label/vidgen_filter_gemini_part_0_dpo_1/2NE0zp_5toM-Scene-0011/entity_20.mp4,T2V_data/label/vidgen_filter_gemini_part_0_dpo_1/2NE0zp_5toM-Scene-0011/aug_entity_20.png
T2V_data/VIDGEN-1M_unzip/2l9TyNV64Zo-Scene-0077.mp4,"In the video, a person is seen mixing a liquid in a glass bowl using a black spatula. The liquid appears to be of a creamy consistency, and the person is stirring it in a circular motion. The bowl is placed on a white surface, and the person's hands are visible as they hold the bowl and spatula. The person's nails are painted with a light-colored polish, and they are wearing a black top. The video is shot from a top-down angle, focusing on the bowl and the person's hands.",T2V_data/label/vidgen_filter_gemini_part_0_dpo_1/2l9TyNV64Zo-Scene-0077/depth.mp4,T2V_data/label/vidgen_filter_gemini_part_0_dpo_1/2l9TyNV64Zo-Scene-0077/aug_entity_40.png
T2V_data/VIDGEN-1M_unzip/2l9TyNV64Zo-Scene-0077.mp4,"In the video, a person is seen mixing a liquid in a glass bowl using a black spatula. The liquid appears to be of a creamy consistency, and the person is stirring it in a circular motion. The bowl is placed on a white surface, and the person's hands are visible as they hold the bowl and spatula. The person's nails are painted with a light-colored polish, and they are wearing a black top. The video is shot from a top-down angle, focusing on the bowl and the person's hands.",T2V_data/label/vidgen_filter_gemini_part_0_dpo_1/2l9TyNV64Zo-Scene-0077/entity_40.mp4,T2V_data/label/vidgen_filter_gemini_part_0_dpo_1/2l9TyNV64Zo-Scene-0077/aug_entity_40.png
T2V_data/VIDGEN-1M_unzip/2l9TyNV64Zo-Scene-0077.mp4,"In the video, a person is seen mixing a liquid in a glass bowl using a black spatula. The liquid appears to be of a creamy consistency, and the person is stirring it in a circular motion. The bowl is placed on a white surface, and the person's hands are visible as they hold the bowl and spatula. The person's nails are painted with a light-colored polish, and they are wearing a black top. The video is shot from a top-down angle, focusing on the bowl and the person's hands.",T2V_data/label/vidgen_filter_gemini_part_0_dpo_1/2l9TyNV64Zo-Scene-0077/depth.mp4,T2V_data/label/vidgen_filter_gemini_part_0_dpo_1/2l9TyNV64Zo-Scene-0077/aug_entity_80.png
T2V_data/VIDGEN-1M_unzip/2l9TyNV64Zo-Scene-0077.mp4,"In the video, a person is seen mixing a liquid in a glass bowl using a black spatula. The liquid appears to be of a creamy consistency, and the person is stirring it in a circular motion. The bowl is placed on a white surface, and the person's hands are visible as they hold the bowl and spatula. The person's nails are painted with a light-colored polish, and they are wearing a black top. The video is shot from a top-down angle, focusing on the bowl and the person's hands.",T2V_data/label/vidgen_filter_gemini_part_0_dpo_1/2l9TyNV64Zo-Scene-0077/entity_80.mp4,T2V_data/label/vidgen_filter_gemini_part_0_dpo_1/2l9TyNV64Zo-Scene-0077/aug_entity_80.png
T2V_data/VIDGEN-1M_unzip/3K0EbzKBCTg-Scene-0005.mp4,"The video shows a man water skiing on a lake. He is wearing a black vest and camouflage shorts. The man is holding onto a rope that is attached to a boat, which is not visible in the video. He is seen performing a 360-degree turn while skiing, which is a difficult maneuver that requires skill and balance. The water is calm, and there are trees and houses visible in the background. The man successfully completes the turn and continues skiing in the opposite direction.",T2V_data/label/vidgen_filter_gemini_part_0_dpo_1/3K0EbzKBCTg-Scene-0005/depth.mp4,T2V_data/label/vidgen_filter_gemini_part_0_dpo_1/3K0EbzKBCTg-Scene-0005/aug_entity_20.png
T2V_data/VIDGEN-1M_unzip/3K0EbzKBCTg-Scene-0005.mp4,"The video shows a man water skiing on a lake. He is wearing a black vest and camouflage shorts. The man is holding onto a rope that is attached to a boat, which is not visible in the video. He is seen performing a 360-degree turn while skiing, which is a difficult maneuver that requires skill and balance. The water is calm, and there are trees and houses visible in the background. The man successfully completes the turn and continues skiing in the opposite direction.",T2V_data/label/vidgen_filter_gemini_part_0_dpo_1/3K0EbzKBCTg-Scene-0005/entity_20.mp4,T2V_data/label/vidgen_filter_gemini_part_0_dpo_1/3K0EbzKBCTg-Scene-0005/aug_entity_20.png
T2V_data/VIDGEN-1M_unzip/3w-hkihYkrI-Scene-0014.mp4,"In the video, a person is seen pouring water into a hole in the ground. The hole is filled with rocks and the water is being poured from a white bucket. The person is wearing a black shirt and is kneeling down while pouring the water. The ground around the hole is dry and there are no other objects or people visible in the video. The water is clear and the person pours it slowly, making sure to cover all the rocks in the hole.",T2V_data/label/vidgen_filter_gemini_part_0_dpo_1/3w-hkihYkrI-Scene-0014/depth.mp4,T2V_data/label/vidgen_filter_gemini_part_0_dpo_1/3w-hkihYkrI-Scene-0014/aug_entity_60.png
T2V_data/VIDGEN-1M_unzip/3w-hkihYkrI-Scene-0014.mp4,"In the video, a person is seen pouring water into a hole in the ground. The hole is filled with rocks and the water is being poured from a white bucket. The person is wearing a black shirt and is kneeling down while pouring the water. The ground around the hole is dry and there are no other objects or people visible in the video. The water is clear and the person pours it slowly, making sure to cover all the rocks in the hole.",T2V_data/label/vidgen_filter_gemini_part_0_dpo_1/3w-hkihYkrI-Scene-0014/entity_60.mp4,T2V_data/label/vidgen_filter_gemini_part_0_dpo_1/3w-hkihYkrI-Scene-0014/aug_entity_60.png
T2V_data/VIDGEN-1M_unzip/3w-hkihYkrI-Scene-0014.mp4,"In the video, a person is seen pouring water into a hole in the ground. The hole is filled with rocks and the water is being poured from a white bucket. The person is wearing a black shirt and is kneeling down while pouring the water. The ground around the hole is dry and there are no other objects or people visible in the video. The water is clear and the person pours it slowly, making sure to cover all the rocks in the hole.",T2V_data/label/vidgen_filter_gemini_part_0_dpo_1/3w-hkihYkrI-Scene-0014/depth.mp4,T2V_data/label/vidgen_filter_gemini_part_0_dpo_1/3w-hkihYkrI-Scene-0014/aug_entity_80.png
T2V_data/VIDGEN-1M_unzip/3w-hkihYkrI-Scene-0014.mp4,"In the video, a person is seen pouring water into a hole in the ground. The hole is filled with rocks and the water is being poured from a white bucket. The person is wearing a black shirt and is kneeling down while pouring the water. The ground around the hole is dry and there are no other objects or people visible in the video. The water is clear and the person pours it slowly, making sure to cover all the rocks in the hole.",T2V_data/label/vidgen_filter_gemini_part_0_dpo_1/3w-hkihYkrI-Scene-0014/entity_80.mp4,T2V_data/label/vidgen_filter_gemini_part_0_dpo_1/3w-hkihYkrI-Scene-0014/aug_entity_80.png
T2V_data/VIDGEN-1M_unzip/3x35hP_UjZI-Scene-0010.mp4,"The video shows a football game in progress. A player is seen running with the ball and then tackled by an opposing player. The tackle is quite intense, and the player is brought down to the ground. The players are wearing helmets and pads, and the field is marked with white lines. The crowd can be heard cheering in the background.",T2V_data/label/vidgen_filter_gemini_part_0_dpo_1/3x35hP_UjZI-Scene-0010/depth.mp4,T2V_data/label/vidgen_filter_gemini_part_0_dpo_1/3x35hP_UjZI-Scene-0010/aug_entity_20.png
T2V_data/VIDGEN-1M_unzip/3x35hP_UjZI-Scene-0010.mp4,"The video shows a football game in progress. A player is seen running with the ball and then tackled by an opposing player. The tackle is quite intense, and the player is brought down to the ground. The players are wearing helmets and pads, and the field is marked with white lines. The crowd can be heard cheering in the background.",T2V_data/label/vidgen_filter_gemini_part_0_dpo_1/3x35hP_UjZI-Scene-0010/entity_20.mp4,T2V_data/label/vidgen_filter_gemini_part_0_dpo_1/3x35hP_UjZI-Scene-0010/aug_entity_20.png
T2V_data/VIDGEN-1M_unzip/3y4OfPzeEyw-Scene-0003.mp4,"The video shows a basketball game being played on an indoor court. The players are wearing white and blue uniforms. The game is in progress, with players running, dribbling, and shooting the ball. The court is surrounded by advertisements and a crowd of spectators can be seen in the background. The players are focused and determined, with one player in a white uniform making a successful shot. The video captures the excitement and energy of the game, with the players moving quickly and strategically.",T2V_data/label/vidgen_filter_gemini_part_0_dpo_1/3y4OfPzeEyw-Scene-0003/depth.mp4,T2V_data/label/vidgen_filter_gemini_part_0_dpo_1/3y4OfPzeEyw-Scene-0003/aug_entity_60.png
T2V_data/VIDGEN-1M_unzip/3y4OfPzeEyw-Scene-0003.mp4,"The video shows a basketball game being played on an indoor court. The players are wearing white and blue uniforms. The game is in progress, with players running, dribbling, and shooting the ball. The court is surrounded by advertisements and a crowd of spectators can be seen in the background. The players are focused and determined, with one player in a white uniform making a successful shot. The video captures the excitement and energy of the game, with the players moving quickly and strategically.",T2V_data/label/vidgen_filter_gemini_part_0_dpo_1/3y4OfPzeEyw-Scene-0003/entity_60.mp4,T2V_data/label/vidgen_filter_gemini_part_0_dpo_1/3y4OfPzeEyw-Scene-0003/aug_entity_60.png
T2V_data/VIDGEN-1M_unzip/4-MchOoxZ5U-Scene-0042.mp4,"The video features a purple BMW car drifting around a race track. The car is shown from various angles as it performs drifts around corners, leaving tire marks on the track. The car is a four-door model with a sleek design and shiny exterior. The race track is surrounded by green grass and has a large stadium in the background. The sky is clear and blue, indicating good weather conditions for racing.",T2V_data/label/vidgen_filter_gemini_part_0_dpo_1/4-MchOoxZ5U-Scene-0042/depth.mp4,T2V_data/label/vidgen_filter_gemini_part_0_dpo_1/4-MchOoxZ5U-Scene-0042/aug_entity_20.png
T2V_data/VIDGEN-1M_unzip/4-MchOoxZ5U-Scene-0042.mp4,"The video features a purple BMW car drifting around a race track. The car is shown from various angles as it performs drifts around corners, leaving tire marks on the track. The car is a four-door model with a sleek design and shiny exterior. The race track is surrounded by green grass and has a large stadium in the background. The sky is clear and blue, indicating good weather conditions for racing.",T2V_data/label/vidgen_filter_gemini_part_0_dpo_1/4-MchOoxZ5U-Scene-0042/entity_20.mp4,T2V_data/label/vidgen_filter_gemini_part_0_dpo_1/4-MchOoxZ5U-Scene-0042/aug_entity_20.png
T2V_data/VIDGEN-1M_unzip/4BKLw6qTEL0-Scene-0128.mp4,"The video shows a person cooking a soup in a pot on a stove. The person uses a wooden spoon to stir the soup and a ladle to add ingredients. The soup appears to be made of vegetables and broth. The person is careful to ensure that the ingredients are evenly distributed throughout the soup. The stove is lit, and the flame is visible under the pot. The person's movements are deliberate and precise, indicating that they are experienced in cooking. The soup is bubbling, indicating that it is being cooked at a high temperature. The pot is made of stainless steel and is placed on a gas stove. The person is wearing a white apron, suggesting that they are a professional chef or cook. The kitchen is well-lit, and the background is blurred, focusing the viewer's attention on the cooking process.",T2V_data/label/vidgen_filter_gemini_part_0_dpo_1/4BKLw6qTEL0-Scene-0128/depth.mp4,T2V_data/label/vidgen_filter_gemini_part_0_dpo_1/4BKLw6qTEL0-Scene-0128/aug_entity_20.png
T2V_data/VIDGEN-1M_unzip/4BKLw6qTEL0-Scene-0128.mp4,"The video shows a person cooking a soup in a pot on a stove. The person uses a wooden spoon to stir the soup and a ladle to add ingredients. The soup appears to be made of vegetables and broth. The person is careful to ensure that the ingredients are evenly distributed throughout the soup. The stove is lit, and the flame is visible under the pot. The person's movements are deliberate and precise, indicating that they are experienced in cooking. The soup is bubbling, indicating that it is being cooked at a high temperature. The pot is made of stainless steel and is placed on a gas stove. The person is wearing a white apron, suggesting that they are a professional chef or cook. The kitchen is well-lit, and the background is blurred, focusing the viewer's attention on the cooking process.",T2V_data/label/vidgen_filter_gemini_part_0_dpo_1/4BKLw6qTEL0-Scene-0128/entity_20.mp4,T2V_data/label/vidgen_filter_gemini_part_0_dpo_1/4BKLw6qTEL0-Scene-0128/aug_entity_20.png
T2V_data/VIDGEN-1M_unzip/4GVFv3Gd6IM-Scene-0051.mp4,The video shows a boat moving through the water at a high speed. The boat is black and white in color and is creating a large wake behind it. The water is a deep blue color and the sky is clear. The boat appears to be a medium-sized vessel and is the only object in the video.,T2V_data/label/vidgen_filter_gemini_part_0_dpo_1/4GVFv3Gd6IM-Scene-0051/depth.mp4,T2V_data/label/vidgen_filter_gemini_part_0_dpo_1/4GVFv3Gd6IM-Scene-0051/aug_entity_80.png
T2V_data/VIDGEN-1M_unzip/4GVFv3Gd6IM-Scene-0051.mp4,The video shows a boat moving through the water at a high speed. The boat is black and white in color and is creating a large wake behind it. The water is a deep blue color and the sky is clear. The boat appears to be a medium-sized vessel and is the only object in the video.,T2V_data/label/vidgen_filter_gemini_part_0_dpo_1/4GVFv3Gd6IM-Scene-0051/entity_80.mp4,T2V_data/label/vidgen_filter_gemini_part_0_dpo_1/4GVFv3Gd6IM-Scene-0051/aug_entity_80.png
T2V_data/VIDGEN-1M_unzip/4KRq8-7FzYY-Scene-0022.mp4,"The video shows a person rolling out dough on a wooden board with a rolling pin. They then fold the dough in half and continue to roll it out. Finally, they place the dough on a baking sheet and cover it with plastic wrap.",T2V_data/label/vidgen_filter_gemini_part_0_dpo_1/4KRq8-7FzYY-Scene-0022/depth.mp4,T2V_data/label/vidgen_filter_gemini_part_0_dpo_1/4KRq8-7FzYY-Scene-0022/aug_entity_60.png
T2V_data/VIDGEN-1M_unzip/4KRq8-7FzYY-Scene-0022.mp4,"The video shows a person rolling out dough on a wooden board with a rolling pin. They then fold the dough in half and continue to roll it out. Finally, they place the dough on a baking sheet and cover it with plastic wrap.",T2V_data/label/vidgen_filter_gemini_part_0_dpo_1/4KRq8-7FzYY-Scene-0022/entity_60.mp4,T2V_data/label/vidgen_filter_gemini_part_0_dpo_1/4KRq8-7FzYY-Scene-0022/aug_entity_60.png
T2V_data/VIDGEN-1M_unzip/4Kb4hRiczjQ-Scene-0016.mp4,"The video shows a goalkeeper dressed in a black and white uniform with blue gloves, practicing his diving skills to save a soccer ball. He is seen diving to his left and right, and in one instance, he is lying on the ground with the ball in his hands. The goalkeeper is wearing black pants and white shoes with black stripes. The background shows a soccer field with a goalpost and a net.",T2V_data/label/vidgen_filter_gemini_part_0_dpo_1/4Kb4hRiczjQ-Scene-0016/depth.mp4,T2V_data/label/vidgen_filter_gemini_part_0_dpo_1/4Kb4hRiczjQ-Scene-0016/aug_entity_20.png
T2V_data/VIDGEN-1M_unzip/4Kb4hRiczjQ-Scene-0016.mp4,"The video shows a goalkeeper dressed in a black and white uniform with blue gloves, practicing his diving skills to save a soccer ball. He is seen diving to his left and right, and in one instance, he is lying on the ground with the ball in his hands. The goalkeeper is wearing black pants and white shoes with black stripes. The background shows a soccer field with a goalpost and a net.",T2V_data/label/vidgen_filter_gemini_part_0_dpo_1/4Kb4hRiczjQ-Scene-0016/entity_20.mp4,T2V_data/label/vidgen_filter_gemini_part_0_dpo_1/4Kb4hRiczjQ-Scene-0016/aug_entity_20.png
T2V_data/VIDGEN-1M_unzip/4V7YgtioUhA-Scene-0005.mp4,The video shows a person riding a dirt bike on a dirt road. The rider is wearing a red jacket and a black helmet. The bike is red and white in color. The rider is seen riding the bike in a straight line and then turning around. The road is surrounded by trees and bushes. The video is shot during the daytime.,T2V_data/label/vidgen_filter_gemini_part_0_dpo_1/4V7YgtioUhA-Scene-0005/depth.mp4,T2V_data/label/vidgen_filter_gemini_part_0_dpo_1/4V7YgtioUhA-Scene-0005/aug_entity_20.png
T2V_data/VIDGEN-1M_unzip/4V7YgtioUhA-Scene-0005.mp4,The video shows a person riding a dirt bike on a dirt road. The rider is wearing a red jacket and a black helmet. The bike is red and white in color. The rider is seen riding the bike in a straight line and then turning around. The road is surrounded by trees and bushes. The video is shot during the daytime.,T2V_data/label/vidgen_filter_gemini_part_0_dpo_1/4V7YgtioUhA-Scene-0005/entity_20.mp4,T2V_data/label/vidgen_filter_gemini_part_0_dpo_1/4V7YgtioUhA-Scene-0005/aug_entity_20.png
T2V_data/VIDGEN-1M_unzip/4oVZWvs4Ci0-Scene-0017.mp4,"In the video, a person is seen holding a pink flower in their hand. The person then places the flower on a white surface and begins to glue it onto a glass jar. The person uses a hot glue gun to secure the flower onto the jar. The person's nails are painted black, and they are wearing a gray sweater. The background of the video is a white surface with a blue pair of scissors and a magazine visible.",T2V_data/label/vidgen_filter_gemini_part_0_dpo_1/4oVZWvs4Ci0-Scene-0017/depth.mp4,T2V_data/label/vidgen_filter_gemini_part_0_dpo_1/4oVZWvs4Ci0-Scene-0017/aug_entity_40.png
T2V_data/VIDGEN-1M_unzip/4oVZWvs4Ci0-Scene-0017.mp4,"In the video, a person is seen holding a pink flower in their hand. The person then places the flower on a white surface and begins to glue it onto a glass jar. The person uses a hot glue gun to secure the flower onto the jar. The person's nails are painted black, and they are wearing a gray sweater. The background of the video is a white surface with a blue pair of scissors and a magazine visible.",T2V_data/label/vidgen_filter_gemini_part_0_dpo_1/4oVZWvs4Ci0-Scene-0017/entity_40.mp4,T2V_data/label/vidgen_filter_gemini_part_0_dpo_1/4oVZWvs4Ci0-Scene-0017/aug_entity_40.png
T2V_data/VIDGEN-1M_unzip/56P0CCAka6k-Scene-0034.mp4,"The video shows a person wearing brown boots walking on a rocky surface. The person then uses a shovel to dig into the ground. The camera is focused on the shovel as it moves through the dirt, revealing a small animal hiding underneath. The animal appears to be a lizard or small reptile, and it is seen moving around in the dirt as the shovel digs around it. The person continues to dig, and the animal eventually emerges from the ground. The video is shot in daylight, and the surroundings appear to be a dry, rocky area.",T2V_data/label/vidgen_filter_gemini_part_0_dpo_1/56P0CCAka6k-Scene-0034/depth.mp4,T2V_data/label/vidgen_filter_gemini_part_0_dpo_1/56P0CCAka6k-Scene-0034/aug_entity_40.png
T2V_data/VIDGEN-1M_unzip/56P0CCAka6k-Scene-0034.mp4,"The video shows a person wearing brown boots walking on a rocky surface. The person then uses a shovel to dig into the ground. The camera is focused on the shovel as it moves through the dirt, revealing a small animal hiding underneath. The animal appears to be a lizard or small reptile, and it is seen moving around in the dirt as the shovel digs around it. The person continues to dig, and the animal eventually emerges from the ground. The video is shot in daylight, and the surroundings appear to be a dry, rocky area.",T2V_data/label/vidgen_filter_gemini_part_0_dpo_1/56P0CCAka6k-Scene-0034/entity_40.mp4,T2V_data/label/vidgen_filter_gemini_part_0_dpo_1/56P0CCAka6k-Scene-0034/aug_entity_40.png
T2V_data/VIDGEN-1M_unzip/5FJKPhv9mE4-Scene-0051.mp4,"In the video, a person is seen holding a blue phone case in their hands. They are using their fingers to carefully peel off the protective plastic film that covers the case. The person's movements are deliberate and precise, indicating that they are being careful not to damage the case or the phone it is meant to protect. The video is shot in close-up, focusing on the person's hands and the phone case. The background is blurred, drawing attention to the action taking place.",T2V_data/label/vidgen_filter_gemini_part_0_dpo_1/5FJKPhv9mE4-Scene-0051/depth.mp4,T2V_data/label/vidgen_filter_gemini_part_0_dpo_1/5FJKPhv9mE4-Scene-0051/aug_entity_60.png
T2V_data/VIDGEN-1M_unzip/5FJKPhv9mE4-Scene-0051.mp4,"In the video, a person is seen holding a blue phone case in their hands. They are using their fingers to carefully peel off the protective plastic film that covers the case. The person's movements are deliberate and precise, indicating that they are being careful not to damage the case or the phone it is meant to protect. The video is shot in close-up, focusing on the person's hands and the phone case. The background is blurred, drawing attention to the action taking place.",T2V_data/label/vidgen_filter_gemini_part_0_dpo_1/5FJKPhv9mE4-Scene-0051/entity_60.mp4,T2V_data/label/vidgen_filter_gemini_part_0_dpo_1/5FJKPhv9mE4-Scene-0051/aug_entity_60.png
T2V_data/VIDGEN-1M_unzip/5FJKPhv9mE4-Scene-0051.mp4,"In the video, a person is seen holding a blue phone case in their hands. They are using their fingers to carefully peel off the protective plastic film that covers the case. The person's movements are deliberate and precise, indicating that they are being careful not to damage the case or the phone it is meant to protect. The video is shot in close-up, focusing on the person's hands and the phone case. The background is blurred, drawing attention to the action taking place.",T2V_data/label/vidgen_filter_gemini_part_0_dpo_1/5FJKPhv9mE4-Scene-0051/depth.mp4,T2V_data/label/vidgen_filter_gemini_part_0_dpo_1/5FJKPhv9mE4-Scene-0051/aug_entity_80.png
T2V_data/VIDGEN-1M_unzip/5FJKPhv9mE4-Scene-0051.mp4,"In the video, a person is seen holding a blue phone case in their hands. They are using their fingers to carefully peel off the protective plastic film that covers the case. The person's movements are deliberate and precise, indicating that they are being careful not to damage the case or the phone it is meant to protect. The video is shot in close-up, focusing on the person's hands and the phone case. The background is blurred, drawing attention to the action taking place.",T2V_data/label/vidgen_filter_gemini_part_0_dpo_1/5FJKPhv9mE4-Scene-0051/entity_80.mp4,T2V_data/label/vidgen_filter_gemini_part_0_dpo_1/5FJKPhv9mE4-Scene-0051/aug_entity_80.png
T2V_data/VIDGEN-1M_unzip/5JXK2ClenIo-Scene-0034.mp4,"The video shows a person using a whisk to mix a yellow liquid in an orange bowl. The person is also using a pink spatula to scrape the sides of the bowl. The liquid appears to be a batter or sauce, and the person is mixing it thoroughly. The orange bowl is placed on a gray surface, and the person is wearing a white shirt. The video is shot from a top-down perspective, and the person's movements are steady and deliberate.",T2V_data/label/vidgen_filter_gemini_part_0_dpo_1/5JXK2ClenIo-Scene-0034/depth.mp4,T2V_data/label/vidgen_filter_gemini_part_0_dpo_1/5JXK2ClenIo-Scene-0034/aug_entity_20.png
T2V_data/VIDGEN-1M_unzip/5JXK2ClenIo-Scene-0034.mp4,"The video shows a person using a whisk to mix a yellow liquid in an orange bowl. The person is also using a pink spatula to scrape the sides of the bowl. The liquid appears to be a batter or sauce, and the person is mixing it thoroughly. The orange bowl is placed on a gray surface, and the person is wearing a white shirt. The video is shot from a top-down perspective, and the person's movements are steady and deliberate.",T2V_data/label/vidgen_filter_gemini_part_0_dpo_1/5JXK2ClenIo-Scene-0034/entity_20.mp4,T2V_data/label/vidgen_filter_gemini_part_0_dpo_1/5JXK2ClenIo-Scene-0034/aug_entity_20.png
T2V_data/VIDGEN-1M_unzip/5JXK2ClenIo-Scene-0034.mp4,"The video shows a person using a whisk to mix a yellow liquid in an orange bowl. The person is also using a pink spatula to scrape the sides of the bowl. The liquid appears to be a batter or sauce, and the person is mixing it thoroughly. The orange bowl is placed on a gray surface, and the person is wearing a white shirt. The video is shot from a top-down perspective, and the person's movements are steady and deliberate.",T2V_data/label/vidgen_filter_gemini_part_0_dpo_1/5JXK2ClenIo-Scene-0034/depth.mp4,T2V_data/label/vidgen_filter_gemini_part_0_dpo_1/5JXK2ClenIo-Scene-0034/aug_entity_80.png
T2V_data/VIDGEN-1M_unzip/5JXK2ClenIo-Scene-0034.mp4,"The video shows a person using a whisk to mix a yellow liquid in an orange bowl. The person is also using a pink spatula to scrape the sides of the bowl. The liquid appears to be a batter or sauce, and the person is mixing it thoroughly. The orange bowl is placed on a gray surface, and the person is wearing a white shirt. The video is shot from a top-down perspective, and the person's movements are steady and deliberate.",T2V_data/label/vidgen_filter_gemini_part_0_dpo_1/5JXK2ClenIo-Scene-0034/entity_80.mp4,T2V_data/label/vidgen_filter_gemini_part_0_dpo_1/5JXK2ClenIo-Scene-0034/aug_entity_80.png
T2V_data/VIDGEN-1M_unzip/5W8Sft1VHao-Scene-0120.mp4,"In the video, we see a close-up of a person's hand holding a brown bowl. The bowl contains a thick, creamy substance that appears to be some kind of food mixture. The person is using a blue spoon to stir the mixture, and we can see the spoon moving around in the bowl. The background is a kitchen counter, and we can see a blurred image of a person's leg in the background. The focus of the video is on the bowl and the stirring action, and we can hear the sound of the spoon scraping against the mixture.",T2V_data/label/vidgen_filter_gemini_part_0_dpo_1/5W8Sft1VHao-Scene-0120/depth.mp4,T2V_data/label/vidgen_filter_gemini_part_0_dpo_1/5W8Sft1VHao-Scene-0120/aug_entity_60.png
T2V_data/VIDGEN-1M_unzip/5W8Sft1VHao-Scene-0120.mp4,"In the video, we see a close-up of a person's hand holding a brown bowl. The bowl contains a thick, creamy substance that appears to be some kind of food mixture. The person is using a blue spoon to stir the mixture, and we can see the spoon moving around in the bowl. The background is a kitchen counter, and we can see a blurred image of a person's leg in the background. The focus of the video is on the bowl and the stirring action, and we can hear the sound of the spoon scraping against the mixture.",T2V_data/label/vidgen_filter_gemini_part_0_dpo_1/5W8Sft1VHao-Scene-0120/entity_60.mp4,T2V_data/label/vidgen_filter_gemini_part_0_dpo_1/5W8Sft1VHao-Scene-0120/aug_entity_60.png
T2V_data/VIDGEN-1M_unzip/5a9YCgsYNXM-Scene-0030.mp4,"The video shows a football game in progress. The players are wearing yellow and black uniforms, and the opposing team is wearing white and red uniforms. The quarterback throws the ball, and the receiver catches it and runs towards the end zone. However, the defensive player from the opposing team tackles the receiver, causing him to fall to the ground. The video captures the intensity and physicality of the game, as well as the skill and strategy involved in executing a successful play.",T2V_data/label/vidgen_filter_gemini_part_0_dpo_1/5a9YCgsYNXM-Scene-0030/depth.mp4,T2V_data/label/vidgen_filter_gemini_part_0_dpo_1/5a9YCgsYNXM-Scene-0030/aug_entity_20.png
T2V_data/VIDGEN-1M_unzip/5a9YCgsYNXM-Scene-0030.mp4,"The video shows a football game in progress. The players are wearing yellow and black uniforms, and the opposing team is wearing white and red uniforms. The quarterback throws the ball, and the receiver catches it and runs towards the end zone. However, the defensive player from the opposing team tackles the receiver, causing him to fall to the ground. The video captures the intensity and physicality of the game, as well as the skill and strategy involved in executing a successful play.",T2V_data/label/vidgen_filter_gemini_part_0_dpo_1/5a9YCgsYNXM-Scene-0030/entity_20.mp4,T2V_data/label/vidgen_filter_gemini_part_0_dpo_1/5a9YCgsYNXM-Scene-0030/aug_entity_20.png
T2V_data/VIDGEN-1M_unzip/5dsG0om4SWU-Scene-0107.mp4,"In the video, a person is seen working on a car's suspension system. They are using a large metal tool to remove a bolt from the suspension. The person's hands are visible, and they are wearing a blue shirt. The car is elevated on a lift, and there are orange cones visible in the background. The person is using a lot of force to remove the bolt, and the metal tool is silver in color.",T2V_data/label/vidgen_filter_gemini_part_0_dpo_1/5dsG0om4SWU-Scene-0107/depth.mp4,T2V_data/label/vidgen_filter_gemini_part_0_dpo_1/5dsG0om4SWU-Scene-0107/aug_entity_40.png
T2V_data/VIDGEN-1M_unzip/5dsG0om4SWU-Scene-0107.mp4,"In the video, a person is seen working on a car's suspension system. They are using a large metal tool to remove a bolt from the suspension. The person's hands are visible, and they are wearing a blue shirt. The car is elevated on a lift, and there are orange cones visible in the background. The person is using a lot of force to remove the bolt, and the metal tool is silver in color.",T2V_data/label/vidgen_filter_gemini_part_0_dpo_1/5dsG0om4SWU-Scene-0107/entity_40.mp4,T2V_data/label/vidgen_filter_gemini_part_0_dpo_1/5dsG0om4SWU-Scene-0107/aug_entity_40.png
T2V_data/VIDGEN-1M_unzip/5eHwBeo4KnQ-Scene-0015.mp4,"In the video, a person's hand is seen adjusting the front wheel of a bicycle. The person is using a tool to make the adjustments. The bicycle has a black frame and is equipped with a Rock Shox suspension fork. The person's hand is visible in the frame, and they are wearing a black jacket. The background is blurred, but it appears to be an outdoor setting. The person's actions are deliberate and precise, indicating that they are experienced in bicycle maintenance.",T2V_data/label/vidgen_filter_gemini_part_0_dpo_1/5eHwBeo4KnQ-Scene-0015/depth.mp4,T2V_data/label/vidgen_filter_gemini_part_0_dpo_1/5eHwBeo4KnQ-Scene-0015/aug_entity_40.png
T2V_data/VIDGEN-1M_unzip/5eHwBeo4KnQ-Scene-0015.mp4,"In the video, a person's hand is seen adjusting the front wheel of a bicycle. The person is using a tool to make the adjustments. The bicycle has a black frame and is equipped with a Rock Shox suspension fork. The person's hand is visible in the frame, and they are wearing a black jacket. The background is blurred, but it appears to be an outdoor setting. The person's actions are deliberate and precise, indicating that they are experienced in bicycle maintenance.",T2V_data/label/vidgen_filter_gemini_part_0_dpo_1/5eHwBeo4KnQ-Scene-0015/entity_40.mp4,T2V_data/label/vidgen_filter_gemini_part_0_dpo_1/5eHwBeo4KnQ-Scene-0015/aug_entity_40.png
T2V_data/VIDGEN-1M_unzip/6-CPA4uX9UQ-Scene-0129.mp4,"In the video, a person is seen holding a matchstick and lighting it on fire. The person then proceeds to use the lit matchstick to ignite a pile of wood. The flames from the matchstick spread to the wood, and the person continues to add more matches to the pile, causing the fire to grow larger. The person's actions are deliberate and careful, ensuring that the fire spreads evenly throughout the wood. The video captures the process of starting a fire, from the initial ignition to the growth of the flames.",T2V_data/label/vidgen_filter_gemini_part_0_dpo_1/6-CPA4uX9UQ-Scene-0129/depth.mp4,T2V_data/label/vidgen_filter_gemini_part_0_dpo_1/6-CPA4uX9UQ-Scene-0129/aug_entity_40.png
T2V_data/VIDGEN-1M_unzip/6-CPA4uX9UQ-Scene-0129.mp4,"In the video, a person is seen holding a matchstick and lighting it on fire. The person then proceeds to use the lit matchstick to ignite a pile of wood. The flames from the matchstick spread to the wood, and the person continues to add more matches to the pile, causing the fire to grow larger. The person's actions are deliberate and careful, ensuring that the fire spreads evenly throughout the wood. The video captures the process of starting a fire, from the initial ignition to the growth of the flames.",T2V_data/label/vidgen_filter_gemini_part_0_dpo_1/6-CPA4uX9UQ-Scene-0129/entity_40.mp4,T2V_data/label/vidgen_filter_gemini_part_0_dpo_1/6-CPA4uX9UQ-Scene-0129/aug_entity_40.png
T2V_data/VIDGEN-1M_unzip/65ycKQsRAo0-Scene-0020.mp4,"In the video, a black cat is seen sitting on a wooden floor. The cat is wearing a blue collar and is looking at a yellow macaroni toy. The cat then begins to play with the toy, batting it around with its paws. The video captures the playful interaction between the cat and the toy.",T2V_data/label/vidgen_filter_gemini_part_0_dpo_1/65ycKQsRAo0-Scene-0020/depth.mp4,T2V_data/label/vidgen_filter_gemini_part_0_dpo_1/65ycKQsRAo0-Scene-0020/aug_entity_20.png
T2V_data/VIDGEN-1M_unzip/65ycKQsRAo0-Scene-0020.mp4,"In the video, a black cat is seen sitting on a wooden floor. The cat is wearing a blue collar and is looking at a yellow macaroni toy. The cat then begins to play with the toy, batting it around with its paws. The video captures the playful interaction between the cat and the toy.",T2V_data/label/vidgen_filter_gemini_part_0_dpo_1/65ycKQsRAo0-Scene-0020/entity_20.mp4,T2V_data/label/vidgen_filter_gemini_part_0_dpo_1/65ycKQsRAo0-Scene-0020/aug_entity_20.png
T2V_data/VIDGEN-1M_unzip/6SBo48-hqjI-Scene-0033.mp4,"In the video, a woman is seen performing a workout routine on a yoga mat. She is wearing a purple tank top and pink shorts. The woman is using a pink dumbbell to perform a series of exercises. She starts by lying on her side and lifting the dumbbell above her head, then she transitions into a plank position and continues to lift the dumbbell. The woman then moves into a push-up position and continues to lift the dumbbell. Throughout the video, she maintains a steady pace and appears to be focused on her form. The background of the video is a bright and airy room with large windows, and there are no other people visible in the frame.",T2V_data/label/vidgen_filter_gemini_part_0_dpo_1/6SBo48-hqjI-Scene-0033/depth.mp4,T2V_data/label/vidgen_filter_gemini_part_0_dpo_1/6SBo48-hqjI-Scene-0033/aug_entity_20.png
T2V_data/VIDGEN-1M_unzip/6SBo48-hqjI-Scene-0033.mp4,"In the video, a woman is seen performing a workout routine on a yoga mat. She is wearing a purple tank top and pink shorts. The woman is using a pink dumbbell to perform a series of exercises. She starts by lying on her side and lifting the dumbbell above her head, then she transitions into a plank position and continues to lift the dumbbell. The woman then moves into a push-up position and continues to lift the dumbbell. Throughout the video, she maintains a steady pace and appears to be focused on her form. The background of the video is a bright and airy room with large windows, and there are no other people visible in the frame.",T2V_data/label/vidgen_filter_gemini_part_0_dpo_1/6SBo48-hqjI-Scene-0033/entity_20.mp4,T2V_data/label/vidgen_filter_gemini_part_0_dpo_1/6SBo48-hqjI-Scene-0033/aug_entity_20.png
T2V_data/VIDGEN-1M_unzip/6c_KvJpT-Fg-Scene-0052.mp4,The video shows a man in a pink shirt and black pants playing golf. He is holding a golf club and is seen swinging it. The man in is wearing a black cap and white shoes. He is standing on a green field with trees in the background. Another man in a green shirt and black pants is seen walking towards him and they both shake hands.,T2V_data/label/vidgen_filter_gemini_part_0_dpo_1/6c_KvJpT-Fg-Scene-0052/depth.mp4,T2V_data/label/vidgen_filter_gemini_part_0_dpo_1/6c_KvJpT-Fg-Scene-0052/aug_entity_20.png
T2V_data/VIDGEN-1M_unzip/6c_KvJpT-Fg-Scene-0052.mp4,The video shows a man in a pink shirt and black pants playing golf. He is holding a golf club and is seen swinging it. The man in is wearing a black cap and white shoes. He is standing on a green field with trees in the background. Another man in a green shirt and black pants is seen walking towards him and they both shake hands.,T2V_data/label/vidgen_filter_gemini_part_0_dpo_1/6c_KvJpT-Fg-Scene-0052/entity_20.mp4,T2V_data/label/vidgen_filter_gemini_part_0_dpo_1/6c_KvJpT-Fg-Scene-0052/aug_entity_20.png
T2V_data/VIDGEN-1M_unzip/6jTpy7Wdn0U-Scene-0011.mp4,"The video shows a pickup truck driving on a rocky road. The truck is covered in a black and white checkered cloth, and it is driving up a hill. The truck is kicking up dust as it drives, and the road is lined with rocks and boulders. The truck appears to be a Ford F-150, and it is driving in a remote location with no other vehicles or people in sight. The video is shot from a rear perspective, and the truck is the only focus of the video.",T2V_data/label/vidgen_filter_gemini_part_0_dpo_1/6jTpy7Wdn0U-Scene-0011/depth.mp4,T2V_data/label/vidgen_filter_gemini_part_0_dpo_1/6jTpy7Wdn0U-Scene-0011/aug_entity_20.png
T2V_data/VIDGEN-1M_unzip/6jTpy7Wdn0U-Scene-0011.mp4,"The video shows a pickup truck driving on a rocky road. The truck is covered in a black and white checkered cloth, and it is driving up a hill. The truck is kicking up dust as it drives, and the road is lined with rocks and boulders. The truck appears to be a Ford F-150, and it is driving in a remote location with no other vehicles or people in sight. The video is shot from a rear perspective, and the truck is the only focus of the video.",T2V_data/label/vidgen_filter_gemini_part_0_dpo_1/6jTpy7Wdn0U-Scene-0011/entity_20.mp4,T2V_data/label/vidgen_filter_gemini_part_0_dpo_1/6jTpy7Wdn0U-Scene-0011/aug_entity_20.png
T2V_data/VIDGEN-1M_unzip/6v5QJfjmXCM-Scene-0068.mp4,"The video shows a roller coaster ride in a forest. The roller coaster is made of wood and has a steep track. The ride is going downhill and the people on the roller coaster are screaming with excitement. The trees in the background are tall and green, indicating that it is probably summer. The roller coaster is moving at a fast pace and the people on it are holding on tightly.",T2V_data/label/vidgen_filter_gemini_part_0_dpo_1/6v5QJfjmXCM-Scene-0068/depth.mp4,T2V_data/label/vidgen_filter_gemini_part_0_dpo_1/6v5QJfjmXCM-Scene-0068/aug_entity_60.png
T2V_data/VIDGEN-1M_unzip/6v5QJfjmXCM-Scene-0068.mp4,"The video shows a roller coaster ride in a forest. The roller coaster is made of wood and has a steep track. The ride is going downhill and the people on the roller coaster are screaming with excitement. The trees in the background are tall and green, indicating that it is probably summer. The roller coaster is moving at a fast pace and the people on it are holding on tightly.",T2V_data/label/vidgen_filter_gemini_part_0_dpo_1/6v5QJfjmXCM-Scene-0068/entity_60.mp4,T2V_data/label/vidgen_filter_gemini_part_0_dpo_1/6v5QJfjmXCM-Scene-0068/aug_entity_60.png
T2V_data/VIDGEN-1M_unzip/75kvQT2k7UU-Scene-0029.mp4,"The video shows a close-up of a person pouring a red liquid from a blender into a clear glass. The liquid is bright red and appears to be a smoothie or juice. The blender is held at an angle, allowing the liquid to flow smoothly into the glass. The glass is placed on a wooden surface, and the background is blurred, focusing the viewer's attention on the pouring action.",T2V_data/label/vidgen_filter_gemini_part_0_dpo_1/75kvQT2k7UU-Scene-0029/depth.mp4,T2V_data/label/vidgen_filter_gemini_part_0_dpo_1/75kvQT2k7UU-Scene-0029/aug_entity_40.png
T2V_data/VIDGEN-1M_unzip/75kvQT2k7UU-Scene-0029.mp4,"The video shows a close-up of a person pouring a red liquid from a blender into a clear glass. The liquid is bright red and appears to be a smoothie or juice. The blender is held at an angle, allowing the liquid to flow smoothly into the glass. The glass is placed on a wooden surface, and the background is blurred, focusing the viewer's attention on the pouring action.",T2V_data/label/vidgen_filter_gemini_part_0_dpo_1/75kvQT2k7UU-Scene-0029/entity_40.mp4,T2V_data/label/vidgen_filter_gemini_part_0_dpo_1/75kvQT2k7UU-Scene-0029/aug_entity_40.png
T2V_data/VIDGEN-1M_unzip/7AQXOvIUSA4-Scene-0014.mp4,"In the video, a man is seen standing next to a car. He is wearing a green shirt and sunglasses. He is holding a stick in his hand and using it to push the door of the car. The car appears to be a black sedan, and the man seems to be demonstrating how to open the door using the stick. The background of the video is a garage, and there are no other people or objects visible in the frame. The man's actions are deliberate and focused on the task at hand. The video is shot in daylight, and the colors are clear and vivid.",T2V_data/label/vidgen_filter_gemini_part_0_dpo_1/7AQXOvIUSA4-Scene-0014/depth.mp4,T2V_data/label/vidgen_filter_gemini_part_0_dpo_1/7AQXOvIUSA4-Scene-0014/aug_entity_20.png
T2V_data/VIDGEN-1M_unzip/7AQXOvIUSA4-Scene-0014.mp4,"In the video, a man is seen standing next to a car. He is wearing a green shirt and sunglasses. He is holding a stick in his hand and using it to push the door of the car. The car appears to be a black sedan, and the man seems to be demonstrating how to open the door using the stick. The background of the video is a garage, and there are no other people or objects visible in the frame. The man's actions are deliberate and focused on the task at hand. The video is shot in daylight, and the colors are clear and vivid.",T2V_data/label/vidgen_filter_gemini_part_0_dpo_1/7AQXOvIUSA4-Scene-0014/entity_20.mp4,T2V_data/label/vidgen_filter_gemini_part_0_dpo_1/7AQXOvIUSA4-Scene-0014/aug_entity_20.png
T2V_data/VIDGEN-1M_unzip/7Mkl4IBVHXI-Scene-0020.mp4,"The video shows a person riding a motorcycle through a city. The rider is wearing a blue jacket and gloves, and the motorcycle is blue as well. The rider maneuvers through traffic, passing cars and trucks. The city has tall buildings, and the sky is overcast.",T2V_data/label/vidgen_filter_gemini_part_0_dpo_1/7Mkl4IBVHXI-Scene-0020/depth.mp4,T2V_data/label/vidgen_filter_gemini_part_0_dpo_1/7Mkl4IBVHXI-Scene-0020/aug_entity_20.png
T2V_data/VIDGEN-1M_unzip/7Mkl4IBVHXI-Scene-0020.mp4,"The video shows a person riding a motorcycle through a city. The rider is wearing a blue jacket and gloves, and the motorcycle is blue as well. The rider maneuvers through traffic, passing cars and trucks. The city has tall buildings, and the sky is overcast.",T2V_data/label/vidgen_filter_gemini_part_0_dpo_1/7Mkl4IBVHXI-Scene-0020/entity_20.mp4,T2V_data/label/vidgen_filter_gemini_part_0_dpo_1/7Mkl4IBVHXI-Scene-0020/aug_entity_20.png
T2V_data/VIDGEN-1M_unzip/7Ri3h_ZfAoU-Scene-0117.mp4,"The video features a close-up of a hand holding a paintbrush, applying blue paint to a sketchbook. The sketchbook is open to a page with a partially completed painting of a person's face. The painting is divided into two halves, with one side already painted in blue and the other side in pink. The hand moves the brush back and forth, adding blue paint to the pink side of the face. The background of the sketchbook is yellow with green leaf-like patterns.",T2V_data/label/vidgen_filter_gemini_part_0_dpo_1/7Ri3h_ZfAoU-Scene-0117/depth.mp4,T2V_data/label/vidgen_filter_gemini_part_0_dpo_1/7Ri3h_ZfAoU-Scene-0117/aug_entity_60.png
T2V_data/VIDGEN-1M_unzip/7Ri3h_ZfAoU-Scene-0117.mp4,"The video features a close-up of a hand holding a paintbrush, applying blue paint to a sketchbook. The sketchbook is open to a page with a partially completed painting of a person's face. The painting is divided into two halves, with one side already painted in blue and the other side in pink. The hand moves the brush back and forth, adding blue paint to the pink side of the face. The background of the sketchbook is yellow with green leaf-like patterns.",T2V_data/label/vidgen_filter_gemini_part_0_dpo_1/7Ri3h_ZfAoU-Scene-0117/entity_60.mp4,T2V_data/label/vidgen_filter_gemini_part_0_dpo_1/7Ri3h_ZfAoU-Scene-0117/aug_entity_60.png
T2V_data/VIDGEN-1M_unzip/7Sqp2pPukoo-Scene-0037.mp4,"The video shows a person riding a motorcycle on a track. The rider is wearing a black and white jacket with a red star on the back. The sky is cloudy, and there are trees in the background. The rider is leaning into a turn, and there are captions that read ""hard out of here,"" ""3rd gear,"" and ""all the way to the last corner...""",T2V_data/label/vidgen_filter_gemini_part_0_dpo_1/7Sqp2pPukoo-Scene-0037/depth.mp4,T2V_data/label/vidgen_filter_gemini_part_0_dpo_1/7Sqp2pPukoo-Scene-0037/aug_entity_40.png
T2V_data/VIDGEN-1M_unzip/7Sqp2pPukoo-Scene-0037.mp4,"The video shows a person riding a motorcycle on a track. The rider is wearing a black and white jacket with a red star on the back. The sky is cloudy, and there are trees in the background. The rider is leaning into a turn, and there are captions that read ""hard out of here,"" ""3rd gear,"" and ""all the way to the last corner...""",T2V_data/label/vidgen_filter_gemini_part_0_dpo_1/7Sqp2pPukoo-Scene-0037/entity_40.mp4,T2V_data/label/vidgen_filter_gemini_part_0_dpo_1/7Sqp2pPukoo-Scene-0037/aug_entity_40.png
T2V_data/VIDGEN-1M_unzip/7TdBD3CIRqk-Scene-0086.mp4,"In the video, a person is using a large knife to cut a watermelon in half. The watermelon is placed on a wooden stump, and the person is using the knife to slice through the fruit. The background is filled with logs and wood, indicating that the setting may be outdoors or in a wooded area. The person's movements are deliberate and careful as they make the cut, and the sound of the knife slicing through the watermelon can be heard. The watermelon itself is ripe and red, with a green rind. The video is shot from a close-up angle, focusing on the action of cutting the watermelon.",T2V_data/label/vidgen_filter_gemini_part_0_dpo_1/7TdBD3CIRqk-Scene-0086/depth.mp4,T2V_data/label/vidgen_filter_gemini_part_0_dpo_1/7TdBD3CIRqk-Scene-0086/aug_entity_20.png
T2V_data/VIDGEN-1M_unzip/7TdBD3CIRqk-Scene-0086.mp4,"In the video, a person is using a large knife to cut a watermelon in half. The watermelon is placed on a wooden stump, and the person is using the knife to slice through the fruit. The background is filled with logs and wood, indicating that the setting may be outdoors or in a wooded area. The person's movements are deliberate and careful as they make the cut, and the sound of the knife slicing through the watermelon can be heard. The watermelon itself is ripe and red, with a green rind. The video is shot from a close-up angle, focusing on the action of cutting the watermelon.",T2V_data/label/vidgen_filter_gemini_part_0_dpo_1/7TdBD3CIRqk-Scene-0086/entity_20.mp4,T2V_data/label/vidgen_filter_gemini_part_0_dpo_1/7TdBD3CIRqk-Scene-0086/aug_entity_20.png
T2V_data/VIDGEN-1M_unzip/7VsW5K6_znE-Scene-0135.mp4,"In the video, a man is seen lifting weights in a gym. He is wearing a blue shirt and has a beard. The man is lifting a barbell with weights on it, and he is doing this exercise by lifting the barbell up and down. The gym is well-equipped with various exercise machines and weights. The man seems to be focused on his workout, and he is performing the exercise with good form. The lighting in the gym is bright, and there are mirrors on the wall.",T2V_data/label/vidgen_filter_gemini_part_0_dpo_1/7VsW5K6_znE-Scene-0135/depth.mp4,T2V_data/label/vidgen_filter_gemini_part_0_dpo_1/7VsW5K6_znE-Scene-0135/aug_entity_20.png
T2V_data/VIDGEN-1M_unzip/7VsW5K6_znE-Scene-0135.mp4,"In the video, a man is seen lifting weights in a gym. He is wearing a blue shirt and has a beard. The man is lifting a barbell with weights on it, and he is doing this exercise by lifting the barbell up and down. The gym is well-equipped with various exercise machines and weights. The man seems to be focused on his workout, and he is performing the exercise with good form. The lighting in the gym is bright, and there are mirrors on the wall.",T2V_data/label/vidgen_filter_gemini_part_0_dpo_1/7VsW5K6_znE-Scene-0135/entity_20.mp4,T2V_data/label/vidgen_filter_gemini_part_0_dpo_1/7VsW5K6_znE-Scene-0135/aug_entity_20.png
T2V_data/VIDGEN-1M_unzip/7eRu0rpP8Q8-Scene-0115.mp4,"In the video, a person is seen using a machine to grind rice. The person is wearing a red shirt and is standing in front of the machine. The machine is white and blue in color and is placed on a table. The person is holding a blue bowl under the machine and is collecting the ground rice. The machine is grinding the rice into fine powder, and the person is continuously collecting the rice in the bowl. The background is blurred, but it appears to be a kitchen or a similar setting.",T2V_data/label/vidgen_filter_gemini_part_0_dpo_1/7eRu0rpP8Q8-Scene-0115/depth.mp4,T2V_data/label/vidgen_filter_gemini_part_0_dpo_1/7eRu0rpP8Q8-Scene-0115/aug_entity_40.png
T2V_data/VIDGEN-1M_unzip/7eRu0rpP8Q8-Scene-0115.mp4,"In the video, a person is seen using a machine to grind rice. The person is wearing a red shirt and is standing in front of the machine. The machine is white and blue in color and is placed on a table. The person is holding a blue bowl under the machine and is collecting the ground rice. The machine is grinding the rice into fine powder, and the person is continuously collecting the rice in the bowl. The background is blurred, but it appears to be a kitchen or a similar setting.",T2V_data/label/vidgen_filter_gemini_part_0_dpo_1/7eRu0rpP8Q8-Scene-0115/entity_40.mp4,T2V_data/label/vidgen_filter_gemini_part_0_dpo_1/7eRu0rpP8Q8-Scene-0115/aug_entity_40.png
T2V_data/VIDGEN-1M_unzip/80djvx2dBBU-Scene-0014.mp4,"The video shows a person's hands holding a battery and a piece of steel wool. The person is using the battery to shave the steel wool. The battery is red and black in color, and the steel wool is silver. The person is wearing a ring on their left hand. The background is a black surface with a red tin and a plastic bag.",T2V_data/label/vidgen_filter_gemini_part_0_dpo_1/80djvx2dBBU-Scene-0014/depth.mp4,T2V_data/label/vidgen_filter_gemini_part_0_dpo_1/80djvx2dBBU-Scene-0014/aug_entity_100.png
T2V_data/VIDGEN-1M_unzip/80djvx2dBBU-Scene-0014.mp4,"The video shows a person's hands holding a battery and a piece of steel wool. The person is using the battery to shave the steel wool. The battery is red and black in color, and the steel wool is silver. The person is wearing a ring on their left hand. The background is a black surface with a red tin and a plastic bag.",T2V_data/label/vidgen_filter_gemini_part_0_dpo_1/80djvx2dBBU-Scene-0014/entity_100.mp4,T2V_data/label/vidgen_filter_gemini_part_0_dpo_1/80djvx2dBBU-Scene-0014/aug_entity_100.png
T2V_data/VIDGEN-1M_unzip/84eM7B4Al-E-Scene-0008.mp4,"In the video, a man is seen working with a large piece of machinery. He is using a metal tool to cut through a long piece of metal. The man is wearing a blue shirt and is focused on his task. The machinery is green and appears to be heavy-duty. The man's movements are precise and deliberate as he guides the metal through the machine. The background is blurred, but it seems to be a workshop or factory setting.",T2V_data/label/vidgen_filter_gemini_part_0_dpo_1/84eM7B4Al-E-Scene-0008/depth.mp4,T2V_data/label/vidgen_filter_gemini_part_0_dpo_1/84eM7B4Al-E-Scene-0008/aug_entity_40.png
T2V_data/VIDGEN-1M_unzip/84eM7B4Al-E-Scene-0008.mp4,"In the video, a man is seen working with a large piece of machinery. He is using a metal tool to cut through a long piece of metal. The man is wearing a blue shirt and is focused on his task. The machinery is green and appears to be heavy-duty. The man's movements are precise and deliberate as he guides the metal through the machine. The background is blurred, but it seems to be a workshop or factory setting.",T2V_data/label/vidgen_filter_gemini_part_0_dpo_1/84eM7B4Al-E-Scene-0008/entity_40.mp4,T2V_data/label/vidgen_filter_gemini_part_0_dpo_1/84eM7B4Al-E-Scene-0008/aug_entity_40.png
T2V_data/VIDGEN-1M_unzip/88lYmYW1oEM-Scene-0013.mp4,"In the video, a chef is seen preparing a dish in a kitchen. He is wearing a white chef's coat and is standing in front of a stove. The chef is holding a pot in his hand and is pouring something into a bowl on the counter. He then picks up a bowl of grapes and pours them into the pot. The kitchen is well-equipped with various utensils and ingredients. The chef appears to be focused on his task and is carefully preparing the dish. The lighting in the kitchen is bright, and the colors are vibrant. The chef's movements are smooth and precise, indicating his expertise in the kitchen.",T2V_data/label/vidgen_filter_gemini_part_0_dpo_1/88lYmYW1oEM-Scene-0013/depth.mp4,T2V_data/label/vidgen_filter_gemini_part_0_dpo_1/88lYmYW1oEM-Scene-0013/aug_entity_20.png
T2V_data/VIDGEN-1M_unzip/88lYmYW1oEM-Scene-0013.mp4,"In the video, a chef is seen preparing a dish in a kitchen. He is wearing a white chef's coat and is standing in front of a stove. The chef is holding a pot in his hand and is pouring something into a bowl on the counter. He then picks up a bowl of grapes and pours them into the pot. The kitchen is well-equipped with various utensils and ingredients. The chef appears to be focused on his task and is carefully preparing the dish. The lighting in the kitchen is bright, and the colors are vibrant. The chef's movements are smooth and precise, indicating his expertise in the kitchen.",T2V_data/label/vidgen_filter_gemini_part_0_dpo_1/88lYmYW1oEM-Scene-0013/entity_20.mp4,T2V_data/label/vidgen_filter_gemini_part_0_dpo_1/88lYmYW1oEM-Scene-0013/aug_entity_20.png
T2V_data/VIDGEN-1M_unzip/88lYmYW1oEM-Scene-0013.mp4,"In the video, a chef is seen preparing a dish in a kitchen. He is wearing a white chef's coat and is standing in front of a stove. The chef is holding a pot in his hand and is pouring something into a bowl on the counter. He then picks up a bowl of grapes and pours them into the pot. The kitchen is well-equipped with various utensils and ingredients. The chef appears to be focused on his task and is carefully preparing the dish. The lighting in the kitchen is bright, and the colors are vibrant. The chef's movements are smooth and precise, indicating his expertise in the kitchen.",T2V_data/label/vidgen_filter_gemini_part_0_dpo_1/88lYmYW1oEM-Scene-0013/depth.mp4,T2V_data/label/vidgen_filter_gemini_part_0_dpo_1/88lYmYW1oEM-Scene-0013/aug_entity_40.png
T2V_data/VIDGEN-1M_unzip/88lYmYW1oEM-Scene-0013.mp4,"In the video, a chef is seen preparing a dish in a kitchen. He is wearing a white chef's coat and is standing in front of a stove. The chef is holding a pot in his hand and is pouring something into a bowl on the counter. He then picks up a bowl of grapes and pours them into the pot. The kitchen is well-equipped with various utensils and ingredients. The chef appears to be focused on his task and is carefully preparing the dish. The lighting in the kitchen is bright, and the colors are vibrant. The chef's movements are smooth and precise, indicating his expertise in the kitchen.",T2V_data/label/vidgen_filter_gemini_part_0_dpo_1/88lYmYW1oEM-Scene-0013/entity_40.mp4,T2V_data/label/vidgen_filter_gemini_part_0_dpo_1/88lYmYW1oEM-Scene-0013/aug_entity_40.png
T2V_data/VIDGEN-1M_unzip/8DB6Y3sj-ms-Scene-0007.mp4,"The video shows a large military aircraft, possibly a bomber, landing on a runway. The aircraft has four engines and is painted in a camouflage pattern. The landing gear is extended and the aircraft is touching down on the runway. The weather appears to be overcast, and the runway is wet, indicating recent rain. The aircraft is moving from left to right in the frame.",T2V_data/label/vidgen_filter_gemini_part_0_dpo_1/8DB6Y3sj-ms-Scene-0007/depth.mp4,T2V_data/label/vidgen_filter_gemini_part_0_dpo_1/8DB6Y3sj-ms-Scene-0007/aug_entity_20.png
T2V_data/VIDGEN-1M_unzip/8DB6Y3sj-ms-Scene-0007.mp4,"The video shows a large military aircraft, possibly a bomber, landing on a runway. The aircraft has four engines and is painted in a camouflage pattern. The landing gear is extended and the aircraft is touching down on the runway. The weather appears to be overcast, and the runway is wet, indicating recent rain. The aircraft is moving from left to right in the frame.",T2V_data/label/vidgen_filter_gemini_part_0_dpo_1/8DB6Y3sj-ms-Scene-0007/entity_20.mp4,T2V_data/label/vidgen_filter_gemini_part_0_dpo_1/8DB6Y3sj-ms-Scene-0007/aug_entity_20.png
T2V_data/VIDGEN-1M_unzip/8EzUF-Kgc_8-Scene-0040.mp4,"In the video, a man is seen holding a black wire in his left hand and a small metal hook in his right hand. He then uses a pair of red pliers to attach the hook to the wire. The background is a wooden table with various tools scattered around.",T2V_data/label/vidgen_filter_gemini_part_0_dpo_1/8EzUF-Kgc_8-Scene-0040/depth.mp4,T2V_data/label/vidgen_filter_gemini_part_0_dpo_1/8EzUF-Kgc_8-Scene-0040/aug_entity_40.png
T2V_data/VIDGEN-1M_unzip/8EzUF-Kgc_8-Scene-0040.mp4,"In the video, a man is seen holding a black wire in his left hand and a small metal hook in his right hand. He then uses a pair of red pliers to attach the hook to the wire. The background is a wooden table with various tools scattered around.",T2V_data/label/vidgen_filter_gemini_part_0_dpo_1/8EzUF-Kgc_8-Scene-0040/entity_40.mp4,T2V_data/label/vidgen_filter_gemini_part_0_dpo_1/8EzUF-Kgc_8-Scene-0040/aug_entity_40.png
T2V_data/VIDGEN-1M_unzip/8HWe2bESeqo-Scene-0014.mp4,"The video shows a hockey game in progress. The players are skating on the ice, and one player is seen falling down. The other players continue to skate around him. The video is shot from a distance, and the players are wearing their respective team uniforms. The ice rink is surrounded by boards, and there are spectators in the stands.",T2V_data/label/vidgen_filter_gemini_part_0_dpo_1/8HWe2bESeqo-Scene-0014/depth.mp4,T2V_data/label/vidgen_filter_gemini_part_0_dpo_1/8HWe2bESeqo-Scene-0014/aug_entity_20.png
T2V_data/VIDGEN-1M_unzip/8HWe2bESeqo-Scene-0014.mp4,"The video shows a hockey game in progress. The players are skating on the ice, and one player is seen falling down. The other players continue to skate around him. The video is shot from a distance, and the players are wearing their respective team uniforms. The ice rink is surrounded by boards, and there are spectators in the stands.",T2V_data/label/vidgen_filter_gemini_part_0_dpo_1/8HWe2bESeqo-Scene-0014/entity_20.mp4,T2V_data/label/vidgen_filter_gemini_part_0_dpo_1/8HWe2bESeqo-Scene-0014/aug_entity_20.png
T2V_data/VIDGEN-1M_unzip/8IWqHTxscuo-Scene-0330.mp4,"The video shows a person wearing blue jeans pushing a yellow bus toy with a piggy character inside. The bus is being pushed on a wooden floor, and the person's feet are visible in the frame. The bus has a white roof and black wheels. The piggy character is wearing a blue shirt and has a pink snout. The person pushes the bus back and forth, and the piggy character moves along with the bus.",T2V_data/label/vidgen_filter_gemini_part_0_dpo_1/8IWqHTxscuo-Scene-0330/depth.mp4,T2V_data/label/vidgen_filter_gemini_part_0_dpo_1/8IWqHTxscuo-Scene-0330/aug_entity_60.png
T2V_data/VIDGEN-1M_unzip/8IWqHTxscuo-Scene-0330.mp4,"The video shows a person wearing blue jeans pushing a yellow bus toy with a piggy character inside. The bus is being pushed on a wooden floor, and the person's feet are visible in the frame. The bus has a white roof and black wheels. The piggy character is wearing a blue shirt and has a pink snout. The person pushes the bus back and forth, and the piggy character moves along with the bus.",T2V_data/label/vidgen_filter_gemini_part_0_dpo_1/8IWqHTxscuo-Scene-0330/entity_60.mp4,T2V_data/label/vidgen_filter_gemini_part_0_dpo_1/8IWqHTxscuo-Scene-0330/aug_entity_60.png
T2V_data/VIDGEN-1M_unzip/8IjRV6438EE-Scene-0007.mp4,"In the video, a young girl is seen in a kitchen, wearing a red apron. She is standing in front of a counter and is holding a piece of dough in her hand. The counter has a large glass bowl on it, and there are plastic bags and a microwave in the background. The girl is speaking to someone off-camera, and she appears to be explaining what she is doing. She then places the dough on the counter and begins to knead it. The kitchen is well-lit, and the girl seems to be focused on her task.",T2V_data/label/vidgen_filter_gemini_part_0_dpo_1/8IjRV6438EE-Scene-0007/depth.mp4,T2V_data/label/vidgen_filter_gemini_part_0_dpo_1/8IjRV6438EE-Scene-0007/aug_entity_20.png
T2V_data/VIDGEN-1M_unzip/8IjRV6438EE-Scene-0007.mp4,"In the video, a young girl is seen in a kitchen, wearing a red apron. She is standing in front of a counter and is holding a piece of dough in her hand. The counter has a large glass bowl on it, and there are plastic bags and a microwave in the background. The girl is speaking to someone off-camera, and she appears to be explaining what she is doing. She then places the dough on the counter and begins to knead it. The kitchen is well-lit, and the girl seems to be focused on her task.",T2V_data/label/vidgen_filter_gemini_part_0_dpo_1/8IjRV6438EE-Scene-0007/entity_20.mp4,T2V_data/label/vidgen_filter_gemini_part_0_dpo_1/8IjRV6438EE-Scene-0007/aug_entity_20.png
T2V_data/VIDGEN-1M_unzip/8XSIfZo7CRA-Scene-0014.mp4,"In the video, a person is seen holding a spool of wire in one hand and a pair of scissors in the other. The person uses the scissors to cut a piece of wire from the spool. The spool appears to be made of plastic and has a label on it. The wire being cut is beige in color and appears to be of a medium thickness. The person's hands are steady as they cut the wire, and they seem to be experienced in handling the scissors and wire. The background is blurred, but it appears to be a workshop or garage setting.",T2V_data/label/vidgen_filter_gemini_part_0_dpo_1/8XSIfZo7CRA-Scene-0014/depth.mp4,T2V_data/label/vidgen_filter_gemini_part_0_dpo_1/8XSIfZo7CRA-Scene-0014/aug_entity_40.png
T2V_data/VIDGEN-1M_unzip/8XSIfZo7CRA-Scene-0014.mp4,"In the video, a person is seen holding a spool of wire in one hand and a pair of scissors in the other. The person uses the scissors to cut a piece of wire from the spool. The spool appears to be made of plastic and has a label on it. The wire being cut is beige in color and appears to be of a medium thickness. The person's hands are steady as they cut the wire, and they seem to be experienced in handling the scissors and wire. The background is blurred, but it appears to be a workshop or garage setting.",T2V_data/label/vidgen_filter_gemini_part_0_dpo_1/8XSIfZo7CRA-Scene-0014/entity_40.mp4,T2V_data/label/vidgen_filter_gemini_part_0_dpo_1/8XSIfZo7CRA-Scene-0014/aug_entity_40.png
T2V_data/VIDGEN-1M_unzip/92J28Bc1PRE-Scene-0006.mp4,"The video shows a close-up of a machine that is dispensing a pink substance into a cardboard box. The substance appears to be a thick, viscous liquid, and it is being poured from a metal spout. The box is placed on a table, and there are other objects visible in the background, including what appears to be a yellow caution sign. The machine is continuously dispensing the substance, and the pink liquid is accumulating in the box.",T2V_data/label/vidgen_filter_gemini_part_0_dpo_1/92J28Bc1PRE-Scene-0006/depth.mp4,T2V_data/label/vidgen_filter_gemini_part_0_dpo_1/92J28Bc1PRE-Scene-0006/aug_entity_20.png
T2V_data/VIDGEN-1M_unzip/92J28Bc1PRE-Scene-0006.mp4,"The video shows a close-up of a machine that is dispensing a pink substance into a cardboard box. The substance appears to be a thick, viscous liquid, and it is being poured from a metal spout. The box is placed on a table, and there are other objects visible in the background, including what appears to be a yellow caution sign. The machine is continuously dispensing the substance, and the pink liquid is accumulating in the box.",T2V_data/label/vidgen_filter_gemini_part_0_dpo_1/92J28Bc1PRE-Scene-0006/entity_20.mp4,T2V_data/label/vidgen_filter_gemini_part_0_dpo_1/92J28Bc1PRE-Scene-0006/aug_entity_20.png
T2V_data/VIDGEN-1M_unzip/9CQf_H6fAEw-Scene-0094.mp4,"The video shows a wrestling match taking place in a ring. One wrestler, wearing black shorts and boots, is standing over another wrestler who is lying on the ground. The wrestler on the ground is wearing orange and white attire. The standing wrestler appears to be taunting the one on the ground. The ring is surrounded by a crowd of spectators. The wrestling ring has black ropes and a black canvas. The wrestling match seems to be part of a larger event, as there are banners and logos visible in the background.",T2V_data/label/vidgen_filter_gemini_part_0_dpo_1/9CQf_H6fAEw-Scene-0094/depth.mp4,T2V_data/label/vidgen_filter_gemini_part_0_dpo_1/9CQf_H6fAEw-Scene-0094/aug_entity_40.png
T2V_data/VIDGEN-1M_unzip/9CQf_H6fAEw-Scene-0094.mp4,"The video shows a wrestling match taking place in a ring. One wrestler, wearing black shorts and boots, is standing over another wrestler who is lying on the ground. The wrestler on the ground is wearing orange and white attire. The standing wrestler appears to be taunting the one on the ground. The ring is surrounded by a crowd of spectators. The wrestling ring has black ropes and a black canvas. The wrestling match seems to be part of a larger event, as there are banners and logos visible in the background.",T2V_data/label/vidgen_filter_gemini_part_0_dpo_1/9CQf_H6fAEw-Scene-0094/entity_40.mp4,T2V_data/label/vidgen_filter_gemini_part_0_dpo_1/9CQf_H6fAEw-Scene-0094/aug_entity_40.png
T2V_data/VIDGEN-1M_unzip/9DZelldVWmE-Scene-0027.mp4,"In the video, a woman is seen standing in a grassy field with a small deer. The woman is holding a red frisbee and appears to be playing with the deer. The deer is standing on its hind legs, and the woman is holding the frisbee in front of it. The woman then throws the frisbee, and the deer jumps up to catch it. The woman and the deer seem to be enjoying their time together in the field.",T2V_data/label/vidgen_filter_gemini_part_0_dpo_1/9DZelldVWmE-Scene-0027/depth.mp4,T2V_data/label/vidgen_filter_gemini_part_0_dpo_1/9DZelldVWmE-Scene-0027/aug_entity_20.png
T2V_data/VIDGEN-1M_unzip/9DZelldVWmE-Scene-0027.mp4,"In the video, a woman is seen standing in a grassy field with a small deer. The woman is holding a red frisbee and appears to be playing with the deer. The deer is standing on its hind legs, and the woman is holding the frisbee in front of it. The woman then throws the frisbee, and the deer jumps up to catch it. The woman and the deer seem to be enjoying their time together in the field.",T2V_data/label/vidgen_filter_gemini_part_0_dpo_1/9DZelldVWmE-Scene-0027/entity_20.mp4,T2V_data/label/vidgen_filter_gemini_part_0_dpo_1/9DZelldVWmE-Scene-0027/aug_entity_20.png
T2V_data/VIDGEN-1M_unzip/9DZelldVWmE-Scene-0027.mp4,"In the video, a woman is seen standing in a grassy field with a small deer. The woman is holding a red frisbee and appears to be playing with the deer. The deer is standing on its hind legs, and the woman is holding the frisbee in front of it. The woman then throws the frisbee, and the deer jumps up to catch it. The woman and the deer seem to be enjoying their time together in the field.",T2V_data/label/vidgen_filter_gemini_part_0_dpo_1/9DZelldVWmE-Scene-0027/depth.mp4,T2V_data/label/vidgen_filter_gemini_part_0_dpo_1/9DZelldVWmE-Scene-0027/aug_entity_60.png
T2V_data/VIDGEN-1M_unzip/9DZelldVWmE-Scene-0027.mp4,"In the video, a woman is seen standing in a grassy field with a small deer. The woman is holding a red frisbee and appears to be playing with the deer. The deer is standing on its hind legs, and the woman is holding the frisbee in front of it. The woman then throws the frisbee, and the deer jumps up to catch it. The woman and the deer seem to be enjoying their time together in the field.",T2V_data/label/vidgen_filter_gemini_part_0_dpo_1/9DZelldVWmE-Scene-0027/entity_60.mp4,T2V_data/label/vidgen_filter_gemini_part_0_dpo_1/9DZelldVWmE-Scene-0027/aug_entity_60.png
T2V_data/VIDGEN-1M_unzip/9GfDcycF0A4-Scene-0059.mp4,"The video shows a soccer game in progress. The players are wearing green and yellow uniforms. One player in a yellow uniform is seen dribbling the ball and then kicking it towards the goal. The goalkeeper, dressed in black, is seen diving to the left to block the ball. The crowd in the stands is visible in the background, and the field is a vibrant green.",T2V_data/label/vidgen_filter_gemini_part_0_dpo_1/9GfDcycF0A4-Scene-0059/depth.mp4,T2V_data/label/vidgen_filter_gemini_part_0_dpo_1/9GfDcycF0A4-Scene-0059/aug_entity_20.png
T2V_data/VIDGEN-1M_unzip/9GfDcycF0A4-Scene-0059.mp4,"The video shows a soccer game in progress. The players are wearing green and yellow uniforms. One player in a yellow uniform is seen dribbling the ball and then kicking it towards the goal. The goalkeeper, dressed in black, is seen diving to the left to block the ball. The crowd in the stands is visible in the background, and the field is a vibrant green.",T2V_data/label/vidgen_filter_gemini_part_0_dpo_1/9GfDcycF0A4-Scene-0059/entity_20.mp4,T2V_data/label/vidgen_filter_gemini_part_0_dpo_1/9GfDcycF0A4-Scene-0059/aug_entity_20.png
T2V_data/VIDGEN-1M_unzip/9fbD9Zyp1Qk-Scene-0023.mp4,"In the video, a person is seen stirring a pot of eggs on a stove. The pot is filled with eggs that have been cooked and are now being stirred with a spoon. The person's hand is visible as they stir the eggs, and the spoon is used to mix the eggs thoroughly. The eggs appear to be well-cooked, and the pot is placed on a stove top. The person continues to stir the eggs until they are well mixed.",T2V_data/label/vidgen_filter_gemini_part_0_dpo_1/9fbD9Zyp1Qk-Scene-0023/depth.mp4,T2V_data/label/vidgen_filter_gemini_part_0_dpo_1/9fbD9Zyp1Qk-Scene-0023/aug_entity_40.png
T2V_data/VIDGEN-1M_unzip/9fbD9Zyp1Qk-Scene-0023.mp4,"In the video, a person is seen stirring a pot of eggs on a stove. The pot is filled with eggs that have been cooked and are now being stirred with a spoon. The person's hand is visible as they stir the eggs, and the spoon is used to mix the eggs thoroughly. The eggs appear to be well-cooked, and the pot is placed on a stove top. The person continues to stir the eggs until they are well mixed.",T2V_data/label/vidgen_filter_gemini_part_0_dpo_1/9fbD9Zyp1Qk-Scene-0023/entity_40.mp4,T2V_data/label/vidgen_filter_gemini_part_0_dpo_1/9fbD9Zyp1Qk-Scene-0023/aug_entity_40.png
T2V_data/VIDGEN-1M_unzip/9qdb5Gd9Tug-Scene-0013.mp4,"The video shows a person's hands as they demonstrate how to use a typewriter. The person's hands are shown pressing down on the keys of the typewriter, and the keys are shown moving up and down as they are pressed. The typewriter is white and black, and the keys are black with white letters. The person's hands are shown wearing a purple glove on one hand and a black glove on the other. The typewriter is placed on a table, and the person's hands move around the typewriter, pressing different keys.",T2V_data/label/vidgen_filter_gemini_part_0_dpo_1/9qdb5Gd9Tug-Scene-0013/depth.mp4,T2V_data/label/vidgen_filter_gemini_part_0_dpo_1/9qdb5Gd9Tug-Scene-0013/aug_entity_20.png
T2V_data/VIDGEN-1M_unzip/9qdb5Gd9Tug-Scene-0013.mp4,"The video shows a person's hands as they demonstrate how to use a typewriter. The person's hands are shown pressing down on the keys of the typewriter, and the keys are shown moving up and down as they are pressed. The typewriter is white and black, and the keys are black with white letters. The person's hands are shown wearing a purple glove on one hand and a black glove on the other. The typewriter is placed on a table, and the person's hands move around the typewriter, pressing different keys.",T2V_data/label/vidgen_filter_gemini_part_0_dpo_1/9qdb5Gd9Tug-Scene-0013/entity_20.mp4,T2V_data/label/vidgen_filter_gemini_part_0_dpo_1/9qdb5Gd9Tug-Scene-0013/aug_entity_20.png
T2V_data/VIDGEN-1M_unzip/9vwJ5tYucgM-Scene-0437.mp4,"The video shows a baby elephant swimming in a river. The elephant is moving its trunk and legs to navigate through the water. The water is calm and the elephant appears to be enjoying its time in the river. The elephant's skin is wet and glistening in the sunlight. The background is blurred, but it appears to be a natural setting with trees and foliage.",T2V_data/label/vidgen_filter_gemini_part_0_dpo_1/9vwJ5tYucgM-Scene-0437/depth.mp4,T2V_data/label/vidgen_filter_gemini_part_0_dpo_1/9vwJ5tYucgM-Scene-0437/aug_entity_20.png
T2V_data/VIDGEN-1M_unzip/9vwJ5tYucgM-Scene-0437.mp4,"The video shows a baby elephant swimming in a river. The elephant is moving its trunk and legs to navigate through the water. The water is calm and the elephant appears to be enjoying its time in the river. The elephant's skin is wet and glistening in the sunlight. The background is blurred, but it appears to be a natural setting with trees and foliage.",T2V_data/label/vidgen_filter_gemini_part_0_dpo_1/9vwJ5tYucgM-Scene-0437/entity_20.mp4,T2V_data/label/vidgen_filter_gemini_part_0_dpo_1/9vwJ5tYucgM-Scene-0437/aug_entity_20.png
T2V_data/VIDGEN-1M_unzip/9xFMv66Aebs-Scene-0052.mp4,"In the video, a red Jeep is seen driving through a snowy forest. The Jeep is moving slowly and carefully, navigating the snow-covered ground. The forest is dense with trees, and the ground is covered in a thick layer of snow. The Jeep appears to be a newer model, with a sleek design and shiny paint. The driver of the Jeep is not visible in the video. The forest is quiet, with no other vehicles or people in sight. The video captures the peacefulness of the winter landscape and the ruggedness of the Jeep as it makes its way through the snow.",T2V_data/label/vidgen_filter_gemini_part_0_dpo_1/9xFMv66Aebs-Scene-0052/depth.mp4,T2V_data/label/vidgen_filter_gemini_part_0_dpo_1/9xFMv66Aebs-Scene-0052/aug_entity_20.png
T2V_data/VIDGEN-1M_unzip/9xFMv66Aebs-Scene-0052.mp4,"In the video, a red Jeep is seen driving through a snowy forest. The Jeep is moving slowly and carefully, navigating the snow-covered ground. The forest is dense with trees, and the ground is covered in a thick layer of snow. The Jeep appears to be a newer model, with a sleek design and shiny paint. The driver of the Jeep is not visible in the video. The forest is quiet, with no other vehicles or people in sight. The video captures the peacefulness of the winter landscape and the ruggedness of the Jeep as it makes its way through the snow.",T2V_data/label/vidgen_filter_gemini_part_0_dpo_1/9xFMv66Aebs-Scene-0052/entity_20.mp4,T2V_data/label/vidgen_filter_gemini_part_0_dpo_1/9xFMv66Aebs-Scene-0052/aug_entity_20.png
T2V_data/VIDGEN-1M_unzip/9xqYvhNlwGU-Scene-0010.mp4,"In the video, a person is seen playing with a toy clock tower and a toy duck. The clock tower is made of plastic and has a red roof and a clock face on the front. The person places the duck toy next to the clock tower and then pushes the duck toy down a track that is part of the clock tower. The track is orange and has a circular shape. The person then pushes the duck toy down the track again, and the duck toy falls off the side of the track. The person then picks up the duck toy and places it back on the track. The video ends with the person pushing the duck toy down the track again.",T2V_data/label/vidgen_filter_gemini_part_0_dpo_1/9xqYvhNlwGU-Scene-0010/depth.mp4,T2V_data/label/vidgen_filter_gemini_part_0_dpo_1/9xqYvhNlwGU-Scene-0010/aug_entity_40.png
T2V_data/VIDGEN-1M_unzip/9xqYvhNlwGU-Scene-0010.mp4,"In the video, a person is seen playing with a toy clock tower and a toy duck. The clock tower is made of plastic and has a red roof and a clock face on the front. The person places the duck toy next to the clock tower and then pushes the duck toy down a track that is part of the clock tower. The track is orange and has a circular shape. The person then pushes the duck toy down the track again, and the duck toy falls off the side of the track. The person then picks up the duck toy and places it back on the track. The video ends with the person pushing the duck toy down the track again.",T2V_data/label/vidgen_filter_gemini_part_0_dpo_1/9xqYvhNlwGU-Scene-0010/entity_40.mp4,T2V_data/label/vidgen_filter_gemini_part_0_dpo_1/9xqYvhNlwGU-Scene-0010/aug_entity_40.png
T2V_data/VIDGEN-1M_unzip/A0UVk222CKA-Scene-0063.mp4,"In the video, a person is holding a key and a coin in their hands. The person then places the coin on top of the key and flips it over. The coin is then balanced on the key, and the person flips it again, this time with the coin spinning on the key. The person continues to spin the coin on the key, and it spins for a few seconds before coming to a stop. The background is a solid green color, and the person's hands are visible throughout the video.",T2V_data/label/vidgen_filter_gemini_part_0_dpo_1/A0UVk222CKA-Scene-0063/depth.mp4,T2V_data/label/vidgen_filter_gemini_part_0_dpo_1/A0UVk222CKA-Scene-0063/aug_entity_60.png
T2V_data/VIDGEN-1M_unzip/A0UVk222CKA-Scene-0063.mp4,"In the video, a person is holding a key and a coin in their hands. The person then places the coin on top of the key and flips it over. The coin is then balanced on the key, and the person flips it again, this time with the coin spinning on the key. The person continues to spin the coin on the key, and it spins for a few seconds before coming to a stop. The background is a solid green color, and the person's hands are visible throughout the video.",T2V_data/label/vidgen_filter_gemini_part_0_dpo_1/A0UVk222CKA-Scene-0063/entity_60.mp4,T2V_data/label/vidgen_filter_gemini_part_0_dpo_1/A0UVk222CKA-Scene-0063/aug_entity_60.png
T2V_data/VIDGEN-1M_unzip/A0nD6ShSMCk-Scene-0008.mp4,"The video shows a baseball player wearing a grey uniform with the number 5 on his back, running towards home plate. The player is wearing a black helmet and has a bat in his hand. He is running on a dirt track with white lines marking the boundaries. The catcher, wearing a white uniform with red and black accents, is standing behind home plate with a baseball glove on his hand. The umpire, dressed in black, is also standing behind the catcher. The background shows a green field with a crowd of spectators in the stands.",T2V_data/label/vidgen_filter_gemini_part_0_dpo_1/A0nD6ShSMCk-Scene-0008/depth.mp4,T2V_data/label/vidgen_filter_gemini_part_0_dpo_1/A0nD6ShSMCk-Scene-0008/aug_entity_20.png
T2V_data/VIDGEN-1M_unzip/A0nD6ShSMCk-Scene-0008.mp4,"The video shows a baseball player wearing a grey uniform with the number 5 on his back, running towards home plate. The player is wearing a black helmet and has a bat in his hand. He is running on a dirt track with white lines marking the boundaries. The catcher, wearing a white uniform with red and black accents, is standing behind home plate with a baseball glove on his hand. The umpire, dressed in black, is also standing behind the catcher. The background shows a green field with a crowd of spectators in the stands.",T2V_data/label/vidgen_filter_gemini_part_0_dpo_1/A0nD6ShSMCk-Scene-0008/entity_20.mp4,T2V_data/label/vidgen_filter_gemini_part_0_dpo_1/A0nD6ShSMCk-Scene-0008/aug_entity_20.png
T2V_data/VIDGEN-1M_unzip/AWAZ_VapSBY-Scene-0044.mp4,"In the video, a man is seen working in a factory. He is wearing a blue hard hat and a white shirt with the word ""Canada"" written on it. The man is standing in front of a machine that is moving several wooden planks. He is using his hands to guide the planks as they move along the machine. The factory appears to be well-lit, and there are other machines and equipment visible in the background. The man seems focused on his task, and his movements are precise and deliberate.",T2V_data/label/vidgen_filter_gemini_part_0_dpo_1/AWAZ_VapSBY-Scene-0044/depth.mp4,T2V_data/label/vidgen_filter_gemini_part_0_dpo_1/AWAZ_VapSBY-Scene-0044/aug_entity_20.png
T2V_data/VIDGEN-1M_unzip/AWAZ_VapSBY-Scene-0044.mp4,"In the video, a man is seen working in a factory. He is wearing a blue hard hat and a white shirt with the word ""Canada"" written on it. The man is standing in front of a machine that is moving several wooden planks. He is using his hands to guide the planks as they move along the machine. The factory appears to be well-lit, and there are other machines and equipment visible in the background. The man seems focused on his task, and his movements are precise and deliberate.",T2V_data/label/vidgen_filter_gemini_part_0_dpo_1/AWAZ_VapSBY-Scene-0044/entity_20.mp4,T2V_data/label/vidgen_filter_gemini_part_0_dpo_1/AWAZ_VapSBY-Scene-0044/aug_entity_20.png
T2V_data/VIDGEN-1M_unzip/AWvLFk74aBE-Scene-0018.mp4,"In the video, a person is seen holding a clear plastic container with water in it. The person is standing next to a small stream of water that is surrounded by rocks and plants. The person then proceeds to pour the water from the container into the stream, causing ripples to form on the water's surface. The person's hand is visible in the frame, and they appear to be wearing a watch on their wrist. The surrounding area is lush with green plants, and the water in the stream is clear and reflects the sunlight. The video is shot during the daytime, and the sound of flowing water can be heard in the background.",T2V_data/label/vidgen_filter_gemini_part_0_dpo_1/AWvLFk74aBE-Scene-0018/depth.mp4,T2V_data/label/vidgen_filter_gemini_part_0_dpo_1/AWvLFk74aBE-Scene-0018/aug_entity_20.png
T2V_data/VIDGEN-1M_unzip/AWvLFk74aBE-Scene-0018.mp4,"In the video, a person is seen holding a clear plastic container with water in it. The person is standing next to a small stream of water that is surrounded by rocks and plants. The person then proceeds to pour the water from the container into the stream, causing ripples to form on the water's surface. The person's hand is visible in the frame, and they appear to be wearing a watch on their wrist. The surrounding area is lush with green plants, and the water in the stream is clear and reflects the sunlight. The video is shot during the daytime, and the sound of flowing water can be heard in the background.",T2V_data/label/vidgen_filter_gemini_part_0_dpo_1/AWvLFk74aBE-Scene-0018/entity_20.mp4,T2V_data/label/vidgen_filter_gemini_part_0_dpo_1/AWvLFk74aBE-Scene-0018/aug_entity_20.png
T2V_data/VIDGEN-1M_unzip/AhoP3U53FYI-Scene-0021.mp4,"The video shows two men boxing in a ring. One of the men is wearing red boxing gloves, while the other is wearing blue gloves. The man in red gloves is throwing punches at the man in blue gloves, who is blocking and dodging the punches. The referee is standing in the ring, watching the fight closely. The boxing ring is surrounded by a chain-link fence, and there are spectators watching the fight. The lighting in the room is bright, and the walls are white.",T2V_data/label/vidgen_filter_gemini_part_0_dpo_1/AhoP3U53FYI-Scene-0021/depth.mp4,T2V_data/label/vidgen_filter_gemini_part_0_dpo_1/AhoP3U53FYI-Scene-0021/aug_entity_60.png
T2V_data/VIDGEN-1M_unzip/AhoP3U53FYI-Scene-0021.mp4,"The video shows two men boxing in a ring. One of the men is wearing red boxing gloves, while the other is wearing blue gloves. The man in red gloves is throwing punches at the man in blue gloves, who is blocking and dodging the punches. The referee is standing in the ring, watching the fight closely. The boxing ring is surrounded by a chain-link fence, and there are spectators watching the fight. The lighting in the room is bright, and the walls are white.",T2V_data/label/vidgen_filter_gemini_part_0_dpo_1/AhoP3U53FYI-Scene-0021/entity_60.mp4,T2V_data/label/vidgen_filter_gemini_part_0_dpo_1/AhoP3U53FYI-Scene-0021/aug_entity_60.png
T2V_data/VIDGEN-1M_unzip/ApY19Gfsh9s-Scene-0061.mp4,"In the video, a person is seen riding a motorcycle. The camera is positioned in such a way that the viewer can see the handlebars and the front of the motorcycle. The rider's hands are visible, and they are wearing gloves. The motorcycle is moving, and the rider is controlling it. The surroundings are not clearly visible, but it appears to be a road or a parking lot. The video does not provide any additional context or information about the location or the rider.",T2V_data/label/vidgen_filter_gemini_part_0_dpo_1/ApY19Gfsh9s-Scene-0061/depth.mp4,T2V_data/label/vidgen_filter_gemini_part_0_dpo_1/ApY19Gfsh9s-Scene-0061/aug_entity_20.png
T2V_data/VIDGEN-1M_unzip/ApY19Gfsh9s-Scene-0061.mp4,"In the video, a person is seen riding a motorcycle. The camera is positioned in such a way that the viewer can see the handlebars and the front of the motorcycle. The rider's hands are visible, and they are wearing gloves. The motorcycle is moving, and the rider is controlling it. The surroundings are not clearly visible, but it appears to be a road or a parking lot. The video does not provide any additional context or information about the location or the rider.",T2V_data/label/vidgen_filter_gemini_part_0_dpo_1/ApY19Gfsh9s-Scene-0061/entity_20.mp4,T2V_data/label/vidgen_filter_gemini_part_0_dpo_1/ApY19Gfsh9s-Scene-0061/aug_entity_20.png
T2V_data/VIDGEN-1M_unzip/Awjv7avtTOA-Scene-0048.mp4,"The video shows a baseball player wearing a blue uniform with the word ""Texas"" written on it. He is standing on a baseball field and is holding a baseball glove in his hand. The player is seen throwing a baseball with his right hand. The background is blurred, but it appears to be a stadium with spectators.",T2V_data/label/vidgen_filter_gemini_part_0_dpo_1/Awjv7avtTOA-Scene-0048/depth.mp4,T2V_data/label/vidgen_filter_gemini_part_0_dpo_1/Awjv7avtTOA-Scene-0048/aug_entity_20.png
T2V_data/VIDGEN-1M_unzip/Awjv7avtTOA-Scene-0048.mp4,"The video shows a baseball player wearing a blue uniform with the word ""Texas"" written on it. He is standing on a baseball field and is holding a baseball glove in his hand. The player is seen throwing a baseball with his right hand. The background is blurred, but it appears to be a stadium with spectators.",T2V_data/label/vidgen_filter_gemini_part_0_dpo_1/Awjv7avtTOA-Scene-0048/entity_20.mp4,T2V_data/label/vidgen_filter_gemini_part_0_dpo_1/Awjv7avtTOA-Scene-0048/aug_entity_20.png
T2V_data/VIDGEN-1M_unzip/B90i1PNQypQ-Scene-0043.mp4,"In the video, a person is using a blender to make a smoothie. The blender is filled with a dark purple liquid, which appears to be blueberries. The person is holding the blender with one hand and using the other hand to push down on the lid. The blender is turned on, and the liquid inside is blended into a smooth consistency. The person then stops the blender and opens the lid to reveal the smoothie. The smoothie has a thick and creamy texture, and the color is consistent throughout. The person then takes a sip of the smoothie, indicating that it is ready to be enjoyed.",T2V_data/label/vidgen_filter_gemini_part_0_dpo_1/B90i1PNQypQ-Scene-0043/depth.mp4,T2V_data/label/vidgen_filter_gemini_part_0_dpo_1/B90i1PNQypQ-Scene-0043/aug_entity_20.png
T2V_data/VIDGEN-1M_unzip/B90i1PNQypQ-Scene-0043.mp4,"In the video, a person is using a blender to make a smoothie. The blender is filled with a dark purple liquid, which appears to be blueberries. The person is holding the blender with one hand and using the other hand to push down on the lid. The blender is turned on, and the liquid inside is blended into a smooth consistency. The person then stops the blender and opens the lid to reveal the smoothie. The smoothie has a thick and creamy texture, and the color is consistent throughout. The person then takes a sip of the smoothie, indicating that it is ready to be enjoyed.",T2V_data/label/vidgen_filter_gemini_part_0_dpo_1/B90i1PNQypQ-Scene-0043/entity_20.mp4,T2V_data/label/vidgen_filter_gemini_part_0_dpo_1/B90i1PNQypQ-Scene-0043/aug_entity_20.png
T2V_data/VIDGEN-1M_unzip/B90i1PNQypQ-Scene-0043.mp4,"In the video, a person is using a blender to make a smoothie. The blender is filled with a dark purple liquid, which appears to be blueberries. The person is holding the blender with one hand and using the other hand to push down on the lid. The blender is turned on, and the liquid inside is blended into a smooth consistency. The person then stops the blender and opens the lid to reveal the smoothie. The smoothie has a thick and creamy texture, and the color is consistent throughout. The person then takes a sip of the smoothie, indicating that it is ready to be enjoyed.",T2V_data/label/vidgen_filter_gemini_part_0_dpo_1/B90i1PNQypQ-Scene-0043/depth.mp4,T2V_data/label/vidgen_filter_gemini_part_0_dpo_1/B90i1PNQypQ-Scene-0043/aug_entity_40.png
T2V_data/VIDGEN-1M_unzip/B90i1PNQypQ-Scene-0043.mp4,"In the video, a person is using a blender to make a smoothie. The blender is filled with a dark purple liquid, which appears to be blueberries. The person is holding the blender with one hand and using the other hand to push down on the lid. The blender is turned on, and the liquid inside is blended into a smooth consistency. The person then stops the blender and opens the lid to reveal the smoothie. The smoothie has a thick and creamy texture, and the color is consistent throughout. The person then takes a sip of the smoothie, indicating that it is ready to be enjoyed.",T2V_data/label/vidgen_filter_gemini_part_0_dpo_1/B90i1PNQypQ-Scene-0043/entity_40.mp4,T2V_data/label/vidgen_filter_gemini_part_0_dpo_1/B90i1PNQypQ-Scene-0043/aug_entity_40.png
T2V_data/VIDGEN-1M_unzip/BII75zeXl6g-Scene-0017.mp4,"In the video, a person is seen cooking something in a pot on a stove. The person is using a glass lid to cover the pot. The lid is transparent, and the person is holding it with their hand. The person then places the lid on the pot and presses down on it to secure it in place. The pot appears to be filled with a liquid, and there are some bubbles visible on the surface of the liquid. The stove is black, and there are other pots and pans visible in the background. The person's hand is visible, and they are wearing a ring on their finger. The video is shot in a kitchen, and there is a window in the background.",T2V_data/label/vidgen_filter_gemini_part_0_dpo_1/BII75zeXl6g-Scene-0017/depth.mp4,T2V_data/label/vidgen_filter_gemini_part_0_dpo_1/BII75zeXl6g-Scene-0017/aug_entity_40.png
T2V_data/VIDGEN-1M_unzip/BII75zeXl6g-Scene-0017.mp4,"In the video, a person is seen cooking something in a pot on a stove. The person is using a glass lid to cover the pot. The lid is transparent, and the person is holding it with their hand. The person then places the lid on the pot and presses down on it to secure it in place. The pot appears to be filled with a liquid, and there are some bubbles visible on the surface of the liquid. The stove is black, and there are other pots and pans visible in the background. The person's hand is visible, and they are wearing a ring on their finger. The video is shot in a kitchen, and there is a window in the background.",T2V_data/label/vidgen_filter_gemini_part_0_dpo_1/BII75zeXl6g-Scene-0017/entity_40.mp4,T2V_data/label/vidgen_filter_gemini_part_0_dpo_1/BII75zeXl6g-Scene-0017/aug_entity_40.png
T2V_data/VIDGEN-1M_unzip/BKVGI50f_WA-Scene-0134.mp4,"In the video, a child is seen holding an orange cup under a water dispenser. The child is filling the cup with water. The water dispenser is located on a refrigerator. The child is standing in front of the dispenser, and the cup is placed under the spout of the dispenser. The water is flowing into the cup, and the child is holding the cup steady to prevent spilling. The child appears to be focused on filling the cup, and there is no one else visible in the frame. The refrigerator is silver in color, and the water dispenser is located on the door of the refrigerator. The child is wearing a white shirt, and the orange cup is bright and stands out against the silver color of the refrigerator.",T2V_data/label/vidgen_filter_gemini_part_0_dpo_1/BKVGI50f_WA-Scene-0134/depth.mp4,T2V_data/label/vidgen_filter_gemini_part_0_dpo_1/BKVGI50f_WA-Scene-0134/aug_entity_60.png
T2V_data/VIDGEN-1M_unzip/BKVGI50f_WA-Scene-0134.mp4,"In the video, a child is seen holding an orange cup under a water dispenser. The child is filling the cup with water. The water dispenser is located on a refrigerator. The child is standing in front of the dispenser, and the cup is placed under the spout of the dispenser. The water is flowing into the cup, and the child is holding the cup steady to prevent spilling. The child appears to be focused on filling the cup, and there is no one else visible in the frame. The refrigerator is silver in color, and the water dispenser is located on the door of the refrigerator. The child is wearing a white shirt, and the orange cup is bright and stands out against the silver color of the refrigerator.",T2V_data/label/vidgen_filter_gemini_part_0_dpo_1/BKVGI50f_WA-Scene-0134/entity_60.mp4,T2V_data/label/vidgen_filter_gemini_part_0_dpo_1/BKVGI50f_WA-Scene-0134/aug_entity_60.png
T2V_data/VIDGEN-1M_unzip/Baq_Ta1NdlQ-Scene-0060.mp4,"This video is a recording of a baseball video game. The game is set in a stadium filled with spectators. The gameplay shows a batter hitting the ball, which is then caught by a fielder. The fielder throws the ball to the first baseman, who tags the base to get the batter out. The graphics are realistic, and the players are wearing blue and white uniforms. The stadium is well-lit, and the field is a vibrant green.",T2V_data/label/vidgen_filter_gemini_part_0_dpo_1/Baq_Ta1NdlQ-Scene-0060/depth.mp4,T2V_data/label/vidgen_filter_gemini_part_0_dpo_1/Baq_Ta1NdlQ-Scene-0060/aug_entity_20.png
T2V_data/VIDGEN-1M_unzip/Baq_Ta1NdlQ-Scene-0060.mp4,"This video is a recording of a baseball video game. The game is set in a stadium filled with spectators. The gameplay shows a batter hitting the ball, which is then caught by a fielder. The fielder throws the ball to the first baseman, who tags the base to get the batter out. The graphics are realistic, and the players are wearing blue and white uniforms. The stadium is well-lit, and the field is a vibrant green.",T2V_data/label/vidgen_filter_gemini_part_0_dpo_1/Baq_Ta1NdlQ-Scene-0060/entity_20.mp4,T2V_data/label/vidgen_filter_gemini_part_0_dpo_1/Baq_Ta1NdlQ-Scene-0060/aug_entity_20.png
T2V_data/VIDGEN-1M_unzip/BefmbGRGgmE-Scene-0018.mp4,"The video shows a rocket launching into the sky. The rocket is brightly lit and is surrounded by smoke. The sky is dark, and the rocket is the main focus of the video.",T2V_data/label/vidgen_filter_gemini_part_0_dpo_1/BefmbGRGgmE-Scene-0018/depth.mp4,T2V_data/label/vidgen_filter_gemini_part_0_dpo_1/BefmbGRGgmE-Scene-0018/aug_entity_20.png
T2V_data/VIDGEN-1M_unzip/BefmbGRGgmE-Scene-0018.mp4,"The video shows a rocket launching into the sky. The rocket is brightly lit and is surrounded by smoke. The sky is dark, and the rocket is the main focus of the video.",T2V_data/label/vidgen_filter_gemini_part_0_dpo_1/BefmbGRGgmE-Scene-0018/entity_20.mp4,T2V_data/label/vidgen_filter_gemini_part_0_dpo_1/BefmbGRGgmE-Scene-0018/aug_entity_20.png
T2V_data/VIDGEN-1M_unzip/BkNwHdZ8A1s-Scene-0039.mp4,"The video shows a large lizard with a green and black patterned body and a long tail. The lizard is eating a small animal, which appears to be a rodent, inside a cage with a black wire fence. The lizard is using its sharp teeth to tear into the flesh of the rodent, which is mostly pink with some white and black spots. The lizard's eyes are open and focused on its meal. The background is a yellow wall, and there is a white object, possibly a container, partially visible behind the cage.",T2V_data/label/vidgen_filter_gemini_part_0_dpo_1/BkNwHdZ8A1s-Scene-0039/depth.mp4,T2V_data/label/vidgen_filter_gemini_part_0_dpo_1/BkNwHdZ8A1s-Scene-0039/aug_entity_20.png
T2V_data/VIDGEN-1M_unzip/BkNwHdZ8A1s-Scene-0039.mp4,"The video shows a large lizard with a green and black patterned body and a long tail. The lizard is eating a small animal, which appears to be a rodent, inside a cage with a black wire fence. The lizard is using its sharp teeth to tear into the flesh of the rodent, which is mostly pink with some white and black spots. The lizard's eyes are open and focused on its meal. The background is a yellow wall, and there is a white object, possibly a container, partially visible behind the cage.",T2V_data/label/vidgen_filter_gemini_part_0_dpo_1/BkNwHdZ8A1s-Scene-0039/entity_20.mp4,T2V_data/label/vidgen_filter_gemini_part_0_dpo_1/BkNwHdZ8A1s-Scene-0039/aug_entity_20.png
T2V_data/VIDGEN-1M_unzip/BkXDvRoZLjc-Scene-0023.mp4,"The video shows a white dog wearing a red bandana standing in a small pool of water. The dog is seen licking its paw and then rubbing its face with the same paw. The dog then proceeds to shake its body, causing water to splash around. The dog appears to be enjoying the water and is seen wagging its tail. The background shows a sunny day with shadows of trees on the ground.",T2V_data/label/vidgen_filter_gemini_part_0_dpo_1/BkXDvRoZLjc-Scene-0023/depth.mp4,T2V_data/label/vidgen_filter_gemini_part_0_dpo_1/BkXDvRoZLjc-Scene-0023/aug_entity_20.png
T2V_data/VIDGEN-1M_unzip/BkXDvRoZLjc-Scene-0023.mp4,"The video shows a white dog wearing a red bandana standing in a small pool of water. The dog is seen licking its paw and then rubbing its face with the same paw. The dog then proceeds to shake its body, causing water to splash around. The dog appears to be enjoying the water and is seen wagging its tail. The background shows a sunny day with shadows of trees on the ground.",T2V_data/label/vidgen_filter_gemini_part_0_dpo_1/BkXDvRoZLjc-Scene-0023/entity_20.mp4,T2V_data/label/vidgen_filter_gemini_part_0_dpo_1/BkXDvRoZLjc-Scene-0023/aug_entity_20.png
T2V_data/VIDGEN-1M_unzip/BkXDvRoZLjc-Scene-0023.mp4,"The video shows a white dog wearing a red bandana standing in a small pool of water. The dog is seen licking its paw and then rubbing its face with the same paw. The dog then proceeds to shake its body, causing water to splash around. The dog appears to be enjoying the water and is seen wagging its tail. The background shows a sunny day with shadows of trees on the ground.",T2V_data/label/vidgen_filter_gemini_part_0_dpo_1/BkXDvRoZLjc-Scene-0023/depth.mp4,T2V_data/label/vidgen_filter_gemini_part_0_dpo_1/BkXDvRoZLjc-Scene-0023/aug_entity_40.png
T2V_data/VIDGEN-1M_unzip/BkXDvRoZLjc-Scene-0023.mp4,"The video shows a white dog wearing a red bandana standing in a small pool of water. The dog is seen licking its paw and then rubbing its face with the same paw. The dog then proceeds to shake its body, causing water to splash around. The dog appears to be enjoying the water and is seen wagging its tail. The background shows a sunny day with shadows of trees on the ground.",T2V_data/label/vidgen_filter_gemini_part_0_dpo_1/BkXDvRoZLjc-Scene-0023/entity_40.mp4,T2V_data/label/vidgen_filter_gemini_part_0_dpo_1/BkXDvRoZLjc-Scene-0023/aug_entity_40.png
T2V_data/VIDGEN-1M_unzip/Bkh1ELSSt98-Scene-0020.mp4,"The video shows a person operating a snow blower to clear a path in the snow. The snow blower is moving forward, and the person is controlling it with the steering wheel. The snow is being blown to the side of the path, and the person is wearing a black jacket and gloves. The background shows a building with a red roof and a snow-covered landscape.",T2V_data/label/vidgen_filter_gemini_part_0_dpo_1/Bkh1ELSSt98-Scene-0020/depth.mp4,T2V_data/label/vidgen_filter_gemini_part_0_dpo_1/Bkh1ELSSt98-Scene-0020/aug_entity_20.png
T2V_data/VIDGEN-1M_unzip/Bkh1ELSSt98-Scene-0020.mp4,"The video shows a person operating a snow blower to clear a path in the snow. The snow blower is moving forward, and the person is controlling it with the steering wheel. The snow is being blown to the side of the path, and the person is wearing a black jacket and gloves. The background shows a building with a red roof and a snow-covered landscape.",T2V_data/label/vidgen_filter_gemini_part_0_dpo_1/Bkh1ELSSt98-Scene-0020/entity_20.mp4,T2V_data/label/vidgen_filter_gemini_part_0_dpo_1/Bkh1ELSSt98-Scene-0020/aug_entity_20.png
T2V_data/VIDGEN-1M_unzip/BuE8uzEWVmI-Scene-0012.mp4,"The video shows a person wearing a blue life jacket and a helmet, standing on a surfboard in the ocean. The person is holding onto a rope attached to a boat, which is pulling them along the water. The person is seen riding the waves, moving back and forth in the water. The ocean is a deep blue color, and the waves are white and foamy. The person's shadow is visible on the water, and the sky is clear and blue.",T2V_data/label/vidgen_filter_gemini_part_0_dpo_1/BuE8uzEWVmI-Scene-0012/depth.mp4,T2V_data/label/vidgen_filter_gemini_part_0_dpo_1/BuE8uzEWVmI-Scene-0012/aug_entity_20.png
T2V_data/VIDGEN-1M_unzip/BuE8uzEWVmI-Scene-0012.mp4,"The video shows a person wearing a blue life jacket and a helmet, standing on a surfboard in the ocean. The person is holding onto a rope attached to a boat, which is pulling them along the water. The person is seen riding the waves, moving back and forth in the water. The ocean is a deep blue color, and the waves are white and foamy. The person's shadow is visible on the water, and the sky is clear and blue.",T2V_data/label/vidgen_filter_gemini_part_0_dpo_1/BuE8uzEWVmI-Scene-0012/entity_20.mp4,T2V_data/label/vidgen_filter_gemini_part_0_dpo_1/BuE8uzEWVmI-Scene-0012/aug_entity_20.png
T2V_data/VIDGEN-1M_unzip/BuG5RPakjzo-Scene-0050.mp4,"In the video, a man is seen working out in a gym. He is using a weight machine to lift weights. The man is wearing a black cap, a gray shirt, and black gloves. He is sitting on a black seat of the machine and holding onto the handles with both hands. The machine is white and has a weight stack on the side. The man is lifting the weights up and down, and his facial expression indicates that he is exerting effort. The gym appears to be well-equipped with various other exercise machines and equipment in the background.",T2V_data/label/vidgen_filter_gemini_part_0_dpo_1/BuG5RPakjzo-Scene-0050/depth.mp4,T2V_data/label/vidgen_filter_gemini_part_0_dpo_1/BuG5RPakjzo-Scene-0050/aug_entity_20.png
T2V_data/VIDGEN-1M_unzip/BuG5RPakjzo-Scene-0050.mp4,"In the video, a man is seen working out in a gym. He is using a weight machine to lift weights. The man is wearing a black cap, a gray shirt, and black gloves. He is sitting on a black seat of the machine and holding onto the handles with both hands. The machine is white and has a weight stack on the side. The man is lifting the weights up and down, and his facial expression indicates that he is exerting effort. The gym appears to be well-equipped with various other exercise machines and equipment in the background.",T2V_data/label/vidgen_filter_gemini_part_0_dpo_1/BuG5RPakjzo-Scene-0050/entity_20.mp4,T2V_data/label/vidgen_filter_gemini_part_0_dpo_1/BuG5RPakjzo-Scene-0050/aug_entity_20.png
T2V_data/VIDGEN-1M_unzip/C76jjdLDyok-Scene-0027.mp4,"In the video, a man is seen lying underneath a car, working on the underside of the vehicle. He is using a wrench to turn a bolt, and there is a jack positioned under the car. The man is wearing a white shirt and appears to be focused on his task. The car is parked on a concrete surface, and there are no other people or objects visible in the frame. The lighting suggests that the video was taken during the day.",T2V_data/label/vidgen_filter_gemini_part_0_dpo_1/C76jjdLDyok-Scene-0027/depth.mp4,T2V_data/label/vidgen_filter_gemini_part_0_dpo_1/C76jjdLDyok-Scene-0027/aug_entity_20.png
T2V_data/VIDGEN-1M_unzip/C76jjdLDyok-Scene-0027.mp4,"In the video, a man is seen lying underneath a car, working on the underside of the vehicle. He is using a wrench to turn a bolt, and there is a jack positioned under the car. The man is wearing a white shirt and appears to be focused on his task. The car is parked on a concrete surface, and there are no other people or objects visible in the frame. The lighting suggests that the video was taken during the day.",T2V_data/label/vidgen_filter_gemini_part_0_dpo_1/C76jjdLDyok-Scene-0027/entity_20.mp4,T2V_data/label/vidgen_filter_gemini_part_0_dpo_1/C76jjdLDyok-Scene-0027/aug_entity_20.png
T2V_data/VIDGEN-1M_unzip/CD4c5b9e5WE-Scene-0010.mp4,"In the video, there are two birds, one yellow and one green, standing on a white surface. The yellow bird is on the left side of the frame, while the green bird is on the right. They are both pecking at some green leaves that are in front of them. The background is a beige wall with some dark spots on it. The birds appear to be enjoying their meal and are focused on the leaves.",T2V_data/label/vidgen_filter_gemini_part_0_dpo_1/CD4c5b9e5WE-Scene-0010/depth.mp4,T2V_data/label/vidgen_filter_gemini_part_0_dpo_1/CD4c5b9e5WE-Scene-0010/aug_entity_20.png
T2V_data/VIDGEN-1M_unzip/CD4c5b9e5WE-Scene-0010.mp4,"In the video, there are two birds, one yellow and one green, standing on a white surface. The yellow bird is on the left side of the frame, while the green bird is on the right. They are both pecking at some green leaves that are in front of them. The background is a beige wall with some dark spots on it. The birds appear to be enjoying their meal and are focused on the leaves.",T2V_data/label/vidgen_filter_gemini_part_0_dpo_1/CD4c5b9e5WE-Scene-0010/entity_20.mp4,T2V_data/label/vidgen_filter_gemini_part_0_dpo_1/CD4c5b9e5WE-Scene-0010/aug_entity_20.png
T2V_data/VIDGEN-1M_unzip/CIYnpii8p3E-Scene-0212.mp4,"In the video, a person is seen holding a green and red candle. The candle is lit, and the person is using a lighter to melt the wax. The candle is shown in close-up, and the flame from the lighter is visible. The person's hand is holding the candle steady as they melt the wax. The background is blurred, but it appears to be a white surface.",T2V_data/label/vidgen_filter_gemini_part_0_dpo_1/CIYnpii8p3E-Scene-0212/depth.mp4,T2V_data/label/vidgen_filter_gemini_part_0_dpo_1/CIYnpii8p3E-Scene-0212/aug_entity_20.png
T2V_data/VIDGEN-1M_unzip/CIYnpii8p3E-Scene-0212.mp4,"In the video, a person is seen holding a green and red candle. The candle is lit, and the person is using a lighter to melt the wax. The candle is shown in close-up, and the flame from the lighter is visible. The person's hand is holding the candle steady as they melt the wax. The background is blurred, but it appears to be a white surface.",T2V_data/label/vidgen_filter_gemini_part_0_dpo_1/CIYnpii8p3E-Scene-0212/entity_20.mp4,T2V_data/label/vidgen_filter_gemini_part_0_dpo_1/CIYnpii8p3E-Scene-0212/aug_entity_20.png
T2V_data/VIDGEN-1M_unzip/CJpbAozoAX8-Scene-0103.mp4,"The video shows a man standing in front of a table filled with various toy guns. He is wearing a black shirt and a black cap. The man picks up a toy gun and loads it with a dart. He then aims and shoots the dart across the room. The room appears to be a living room with a couch and a window in the background. The toy guns on the table are of different colors and sizes, and the man seems to be enjoying himself as he plays with them.",T2V_data/label/vidgen_filter_gemini_part_0_dpo_1/CJpbAozoAX8-Scene-0103/depth.mp4,T2V_data/label/vidgen_filter_gemini_part_0_dpo_1/CJpbAozoAX8-Scene-0103/aug_entity_20.png
T2V_data/VIDGEN-1M_unzip/CJpbAozoAX8-Scene-0103.mp4,"The video shows a man standing in front of a table filled with various toy guns. He is wearing a black shirt and a black cap. The man picks up a toy gun and loads it with a dart. He then aims and shoots the dart across the room. The room appears to be a living room with a couch and a window in the background. The toy guns on the table are of different colors and sizes, and the man seems to be enjoying himself as he plays with them.",T2V_data/label/vidgen_filter_gemini_part_0_dpo_1/CJpbAozoAX8-Scene-0103/entity_20.mp4,T2V_data/label/vidgen_filter_gemini_part_0_dpo_1/CJpbAozoAX8-Scene-0103/aug_entity_20.png
T2V_data/VIDGEN-1M_unzip/CP3cud3QIaM-Scene-0426.mp4,"The video shows a rover on the surface of Mars. The rover is equipped with various scientific instruments and appears to be in the process of exploring the Martian terrain. The environment is rocky and barren, typical of the Martian landscape. The rover is moving slowly and carefully, likely to avoid damaging any potential samples it may collect. The video provides a clear view of the rover's design and features, including its wheels, antennae, and solar panels. The Martian surface is visible in the background, with its reddish-brown color and rocky texture. The video does not contain any visible text or subtitles.",T2V_data/label/vidgen_filter_gemini_part_0_dpo_1/CP3cud3QIaM-Scene-0426/depth.mp4,T2V_data/label/vidgen_filter_gemini_part_0_dpo_1/CP3cud3QIaM-Scene-0426/aug_entity_20.png
T2V_data/VIDGEN-1M_unzip/CP3cud3QIaM-Scene-0426.mp4,"The video shows a rover on the surface of Mars. The rover is equipped with various scientific instruments and appears to be in the process of exploring the Martian terrain. The environment is rocky and barren, typical of the Martian landscape. The rover is moving slowly and carefully, likely to avoid damaging any potential samples it may collect. The video provides a clear view of the rover's design and features, including its wheels, antennae, and solar panels. The Martian surface is visible in the background, with its reddish-brown color and rocky texture. The video does not contain any visible text or subtitles.",T2V_data/label/vidgen_filter_gemini_part_0_dpo_1/CP3cud3QIaM-Scene-0426/entity_20.mp4,T2V_data/label/vidgen_filter_gemini_part_0_dpo_1/CP3cud3QIaM-Scene-0426/aug_entity_20.png
T2V_data/VIDGEN-1M_unzip/CP3cud3QIaM-Scene-0426.mp4,"The video shows a rover on the surface of Mars. The rover is equipped with various scientific instruments and appears to be in the process of exploring the Martian terrain. The environment is rocky and barren, typical of the Martian landscape. The rover is moving slowly and carefully, likely to avoid damaging any potential samples it may collect. The video provides a clear view of the rover's design and features, including its wheels, antennae, and solar panels. The Martian surface is visible in the background, with its reddish-brown color and rocky texture. The video does not contain any visible text or subtitles.",T2V_data/label/vidgen_filter_gemini_part_0_dpo_1/CP3cud3QIaM-Scene-0426/depth.mp4,T2V_data/label/vidgen_filter_gemini_part_0_dpo_1/CP3cud3QIaM-Scene-0426/aug_entity_40.png
T2V_data/VIDGEN-1M_unzip/CP3cud3QIaM-Scene-0426.mp4,"The video shows a rover on the surface of Mars. The rover is equipped with various scientific instruments and appears to be in the process of exploring the Martian terrain. The environment is rocky and barren, typical of the Martian landscape. The rover is moving slowly and carefully, likely to avoid damaging any potential samples it may collect. The video provides a clear view of the rover's design and features, including its wheels, antennae, and solar panels. The Martian surface is visible in the background, with its reddish-brown color and rocky texture. The video does not contain any visible text or subtitles.",T2V_data/label/vidgen_filter_gemini_part_0_dpo_1/CP3cud3QIaM-Scene-0426/entity_40.mp4,T2V_data/label/vidgen_filter_gemini_part_0_dpo_1/CP3cud3QIaM-Scene-0426/aug_entity_40.png
T2V_data/VIDGEN-1M_unzip/CWU2B4fGfA8-Scene-0024.mp4,"The video shows a baseball game in progress. A pitcher is seen throwing the ball towards the batter who is standing ready to hit. The batter swings and hits the ball, which is then caught by the catcher. The scene takes place on a baseball field with a crowd in the background.",T2V_data/label/vidgen_filter_gemini_part_0_dpo_1/CWU2B4fGfA8-Scene-0024/depth.mp4,T2V_data/label/vidgen_filter_gemini_part_0_dpo_1/CWU2B4fGfA8-Scene-0024/aug_entity_20.png
T2V_data/VIDGEN-1M_unzip/CWU2B4fGfA8-Scene-0024.mp4,"The video shows a baseball game in progress. A pitcher is seen throwing the ball towards the batter who is standing ready to hit. The batter swings and hits the ball, which is then caught by the catcher. The scene takes place on a baseball field with a crowd in the background.",T2V_data/label/vidgen_filter_gemini_part_0_dpo_1/CWU2B4fGfA8-Scene-0024/entity_20.mp4,T2V_data/label/vidgen_filter_gemini_part_0_dpo_1/CWU2B4fGfA8-Scene-0024/aug_entity_20.png
T2V_data/VIDGEN-1M_unzip/CbSgLW_MjW0-Scene-0226.mp4,"The video shows a roller coaster ride in motion. The roller coaster is red and black in color and is seen moving at a high speed. The ride is filled with people who are screaming and laughing as they experience the thrill of the ride. The roller coaster is surrounded by green trees, and the sky is clear. The video captures the excitement and adrenaline rush of the riders as they go through the ups and downs of the ride.",T2V_data/label/vidgen_filter_gemini_part_0_dpo_1/CbSgLW_MjW0-Scene-0226/depth.mp4,T2V_data/label/vidgen_filter_gemini_part_0_dpo_1/CbSgLW_MjW0-Scene-0226/aug_entity_20.png
T2V_data/VIDGEN-1M_unzip/CbSgLW_MjW0-Scene-0226.mp4,"The video shows a roller coaster ride in motion. The roller coaster is red and black in color and is seen moving at a high speed. The ride is filled with people who are screaming and laughing as they experience the thrill of the ride. The roller coaster is surrounded by green trees, and the sky is clear. The video captures the excitement and adrenaline rush of the riders as they go through the ups and downs of the ride.",T2V_data/label/vidgen_filter_gemini_part_0_dpo_1/CbSgLW_MjW0-Scene-0226/entity_20.mp4,T2V_data/label/vidgen_filter_gemini_part_0_dpo_1/CbSgLW_MjW0-Scene-0226/aug_entity_20.png
T2V_data/VIDGEN-1M_unzip/CdGmjv35oRI-Scene-0009.mp4,"The video features a person's hands holding a piece of knitted fabric. The fabric is a deep red color and appears to be made of yarn. The person's hands are moving the fabric back and forth, stretching it out and then letting it go back to its original shape. The background is a green cutting mat with grid lines and measurements. The person's hands are the only part of them that is visible in the video.",T2V_data/label/vidgen_filter_gemini_part_0_dpo_1/CdGmjv35oRI-Scene-0009/depth.mp4,T2V_data/label/vidgen_filter_gemini_part_0_dpo_1/CdGmjv35oRI-Scene-0009/aug_entity_40.png
T2V_data/VIDGEN-1M_unzip/CdGmjv35oRI-Scene-0009.mp4,"The video features a person's hands holding a piece of knitted fabric. The fabric is a deep red color and appears to be made of yarn. The person's hands are moving the fabric back and forth, stretching it out and then letting it go back to its original shape. The background is a green cutting mat with grid lines and measurements. The person's hands are the only part of them that is visible in the video.",T2V_data/label/vidgen_filter_gemini_part_0_dpo_1/CdGmjv35oRI-Scene-0009/entity_40.mp4,T2V_data/label/vidgen_filter_gemini_part_0_dpo_1/CdGmjv35oRI-Scene-0009/aug_entity_40.png
T2V_data/VIDGEN-1M_unzip/CwOgC6XHD7M-Scene-0021.mp4,"In the video, a person is seen pouring a thick, beige mixture from a white bowl into a red bowl that contains a white powdery substance. The person uses a spoon to guide the mixture as it flows into the red bowl. The mixture appears to be of a thick consistency, and the red bowl is placed on a white surface. The person's hands are visible as they pour the mixture, but their face is not shown. The video does not contain any text or subtitles.",T2V_data/label/vidgen_filter_gemini_part_0_dpo_1/CwOgC6XHD7M-Scene-0021/depth.mp4,T2V_data/label/vidgen_filter_gemini_part_0_dpo_1/CwOgC6XHD7M-Scene-0021/aug_entity_60.png
T2V_data/VIDGEN-1M_unzip/CwOgC6XHD7M-Scene-0021.mp4,"In the video, a person is seen pouring a thick, beige mixture from a white bowl into a red bowl that contains a white powdery substance. The person uses a spoon to guide the mixture as it flows into the red bowl. The mixture appears to be of a thick consistency, and the red bowl is placed on a white surface. The person's hands are visible as they pour the mixture, but their face is not shown. The video does not contain any text or subtitles.",T2V_data/label/vidgen_filter_gemini_part_0_dpo_1/CwOgC6XHD7M-Scene-0021/entity_60.mp4,T2V_data/label/vidgen_filter_gemini_part_0_dpo_1/CwOgC6XHD7M-Scene-0021/aug_entity_60.png
T2V_data/VIDGEN-1M_unzip/DHvI0L5ZSNw-Scene-0030.mp4,"In the video, a person is seen mixing ingredients in a bowl using a whisk. The bowl is filled with a light brown mixture, and the person is adding white powder to it. The person is wearing a red shirt and is continuously stirring the mixture with the whisk. The background is not visible, and the focus is on the bowl and the person's hands.",T2V_data/label/vidgen_filter_gemini_part_0_dpo_1/DHvI0L5ZSNw-Scene-0030/depth.mp4,T2V_data/label/vidgen_filter_gemini_part_0_dpo_1/DHvI0L5ZSNw-Scene-0030/aug_entity_40.png
T2V_data/VIDGEN-1M_unzip/DHvI0L5ZSNw-Scene-0030.mp4,"In the video, a person is seen mixing ingredients in a bowl using a whisk. The bowl is filled with a light brown mixture, and the person is adding white powder to it. The person is wearing a red shirt and is continuously stirring the mixture with the whisk. The background is not visible, and the focus is on the bowl and the person's hands.",T2V_data/label/vidgen_filter_gemini_part_0_dpo_1/DHvI0L5ZSNw-Scene-0030/entity_40.mp4,T2V_data/label/vidgen_filter_gemini_part_0_dpo_1/DHvI0L5ZSNw-Scene-0030/aug_entity_40.png
T2V_data/VIDGEN-1M_unzip/DdSaXP5RvT0-Scene-0187.mp4,"The video shows a man standing on a wooden plank, using a long saw to cut through a piece of wood. He is wearing a blue shirt and brown shorts, and is barefoot. The man is surrounded by other people who are also working on the construction site. The environment is outdoors, with trees and greenery visible in the background. The man is focused on his task, and the others are also engaged in their work. The video captures the manual labor and teamwork involved in the construction process.",T2V_data/label/vidgen_filter_gemini_part_0_dpo_1/DdSaXP5RvT0-Scene-0187/depth.mp4,T2V_data/label/vidgen_filter_gemini_part_0_dpo_1/DdSaXP5RvT0-Scene-0187/aug_entity_20.png
T2V_data/VIDGEN-1M_unzip/DdSaXP5RvT0-Scene-0187.mp4,"The video shows a man standing on a wooden plank, using a long saw to cut through a piece of wood. He is wearing a blue shirt and brown shorts, and is barefoot. The man is surrounded by other people who are also working on the construction site. The environment is outdoors, with trees and greenery visible in the background. The man is focused on his task, and the others are also engaged in their work. The video captures the manual labor and teamwork involved in the construction process.",T2V_data/label/vidgen_filter_gemini_part_0_dpo_1/DdSaXP5RvT0-Scene-0187/entity_20.mp4,T2V_data/label/vidgen_filter_gemini_part_0_dpo_1/DdSaXP5RvT0-Scene-0187/aug_entity_20.png
T2V_data/VIDGEN-1M_unzip/DnnLSnon3Z4-Scene-0007.mp4,"The video shows a person's hands as they work on a craft project. They are using a piece of paper that has been cut into a specific shape. The person is seen folding the paper in a precise manner, and then they use a tool to create a crease along the fold. The video is shot from a top-down perspective, allowing the viewer to see the details of the crafting process. The person's hands are steady and precise, indicating that they are experienced in this type of crafting. The background is a solid color, which helps to keep the focus on the crafting process.",T2V_data/label/vidgen_filter_gemini_part_0_dpo_1/DnnLSnon3Z4-Scene-0007/depth.mp4,T2V_data/label/vidgen_filter_gemini_part_0_dpo_1/DnnLSnon3Z4-Scene-0007/aug_entity_20.png
T2V_data/VIDGEN-1M_unzip/DnnLSnon3Z4-Scene-0007.mp4,"The video shows a person's hands as they work on a craft project. They are using a piece of paper that has been cut into a specific shape. The person is seen folding the paper in a precise manner, and then they use a tool to create a crease along the fold. The video is shot from a top-down perspective, allowing the viewer to see the details of the crafting process. The person's hands are steady and precise, indicating that they are experienced in this type of crafting. The background is a solid color, which helps to keep the focus on the crafting process.",T2V_data/label/vidgen_filter_gemini_part_0_dpo_1/DnnLSnon3Z4-Scene-0007/entity_20.mp4,T2V_data/label/vidgen_filter_gemini_part_0_dpo_1/DnnLSnon3Z4-Scene-0007/aug_entity_20.png
T2V_data/VIDGEN-1M_unzip/DnnLSnon3Z4-Scene-0007.mp4,"The video shows a person's hands as they work on a craft project. They are using a piece of paper that has been cut into a specific shape. The person is seen folding the paper in a precise manner, and then they use a tool to create a crease along the fold. The video is shot from a top-down perspective, allowing the viewer to see the details of the crafting process. The person's hands are steady and precise, indicating that they are experienced in this type of crafting. The background is a solid color, which helps to keep the focus on the crafting process.",T2V_data/label/vidgen_filter_gemini_part_0_dpo_1/DnnLSnon3Z4-Scene-0007/depth.mp4,T2V_data/label/vidgen_filter_gemini_part_0_dpo_1/DnnLSnon3Z4-Scene-0007/aug_entity_40.png
T2V_data/VIDGEN-1M_unzip/DnnLSnon3Z4-Scene-0007.mp4,"The video shows a person's hands as they work on a craft project. They are using a piece of paper that has been cut into a specific shape. The person is seen folding the paper in a precise manner, and then they use a tool to create a crease along the fold. The video is shot from a top-down perspective, allowing the viewer to see the details of the crafting process. The person's hands are steady and precise, indicating that they are experienced in this type of crafting. The background is a solid color, which helps to keep the focus on the crafting process.",T2V_data/label/vidgen_filter_gemini_part_0_dpo_1/DnnLSnon3Z4-Scene-0007/entity_40.mp4,T2V_data/label/vidgen_filter_gemini_part_0_dpo_1/DnnLSnon3Z4-Scene-0007/aug_entity_40.png
T2V_data/VIDGEN-1M_unzip/DzGzoCbMZx4-Scene-0019.mp4,"The video shows a man in a gym performing a weightlifting exercise. He is wearing a black t-shirt and black shorts with orange trim. The man is kneeling on the floor and lifting a barbell with weights on it. He is using a technique called the ""t-bar row,"" where he pulls the barbell towards his chest while keeping his back straight. The gym has various exercise equipment in the background, including weight machines and free weights. The lighting is bright, and the floors are black.",T2V_data/label/vidgen_filter_gemini_part_0_dpo_1/DzGzoCbMZx4-Scene-0019/depth.mp4,T2V_data/label/vidgen_filter_gemini_part_0_dpo_1/DzGzoCbMZx4-Scene-0019/aug_entity_20.png
T2V_data/VIDGEN-1M_unzip/DzGzoCbMZx4-Scene-0019.mp4,"The video shows a man in a gym performing a weightlifting exercise. He is wearing a black t-shirt and black shorts with orange trim. The man is kneeling on the floor and lifting a barbell with weights on it. He is using a technique called the ""t-bar row,"" where he pulls the barbell towards his chest while keeping his back straight. The gym has various exercise equipment in the background, including weight machines and free weights. The lighting is bright, and the floors are black.",T2V_data/label/vidgen_filter_gemini_part_0_dpo_1/DzGzoCbMZx4-Scene-0019/entity_20.mp4,T2V_data/label/vidgen_filter_gemini_part_0_dpo_1/DzGzoCbMZx4-Scene-0019/aug_entity_20.png
T2V_data/VIDGEN-1M_unzip/DzGzoCbMZx4-Scene-0019.mp4,"The video shows a man in a gym performing a weightlifting exercise. He is wearing a black t-shirt and black shorts with orange trim. The man is kneeling on the floor and lifting a barbell with weights on it. He is using a technique called the ""t-bar row,"" where he pulls the barbell towards his chest while keeping his back straight. The gym has various exercise equipment in the background, including weight machines and free weights. The lighting is bright, and the floors are black.",T2V_data/label/vidgen_filter_gemini_part_0_dpo_1/DzGzoCbMZx4-Scene-0019/depth.mp4,T2V_data/label/vidgen_filter_gemini_part_0_dpo_1/DzGzoCbMZx4-Scene-0019/aug_entity_40.png
T2V_data/VIDGEN-1M_unzip/DzGzoCbMZx4-Scene-0019.mp4,"The video shows a man in a gym performing a weightlifting exercise. He is wearing a black t-shirt and black shorts with orange trim. The man is kneeling on the floor and lifting a barbell with weights on it. He is using a technique called the ""t-bar row,"" where he pulls the barbell towards his chest while keeping his back straight. The gym has various exercise equipment in the background, including weight machines and free weights. The lighting is bright, and the floors are black.",T2V_data/label/vidgen_filter_gemini_part_0_dpo_1/DzGzoCbMZx4-Scene-0019/entity_40.mp4,T2V_data/label/vidgen_filter_gemini_part_0_dpo_1/DzGzoCbMZx4-Scene-0019/aug_entity_40.png
T2V_data/VIDGEN-1M_unzip/EMTMLwAX__8-Scene-0006.mp4,"In the video, we see a man standing in front of a glass enclosure where a crocodile is swimming. The man is holding a tray with food on it and using a pair of tongs to feed the crocodile. The crocodile eagerly reaches out of the water to grab the food from the man's tray. The man seems to be enjoying the interaction with the crocodile, and the crocodile appears to be enjoying the food. The enclosure is well-lit, and the water is clear, allowing us to see the crocodile's movements clearly. The man is wearing a hat and a shirt, and the crocodile is a large, dark-colored reptile with sharp teeth.",T2V_data/label/vidgen_filter_gemini_part_0_dpo_1/EMTMLwAX__8-Scene-0006/depth.mp4,T2V_data/label/vidgen_filter_gemini_part_0_dpo_1/EMTMLwAX__8-Scene-0006/aug_entity_20.png
T2V_data/VIDGEN-1M_unzip/EMTMLwAX__8-Scene-0006.mp4,"In the video, we see a man standing in front of a glass enclosure where a crocodile is swimming. The man is holding a tray with food on it and using a pair of tongs to feed the crocodile. The crocodile eagerly reaches out of the water to grab the food from the man's tray. The man seems to be enjoying the interaction with the crocodile, and the crocodile appears to be enjoying the food. The enclosure is well-lit, and the water is clear, allowing us to see the crocodile's movements clearly. The man is wearing a hat and a shirt, and the crocodile is a large, dark-colored reptile with sharp teeth.",T2V_data/label/vidgen_filter_gemini_part_0_dpo_1/EMTMLwAX__8-Scene-0006/entity_20.mp4,T2V_data/label/vidgen_filter_gemini_part_0_dpo_1/EMTMLwAX__8-Scene-0006/aug_entity_20.png
T2V_data/VIDGEN-1M_unzip/EZ-Rhxi-nD4-Scene-0029.mp4,"The video shows a person's hands working on a wooden project. The person is using a tool to make a hole in the wood, and then they are seen screwing a piece of wood into place. The person's hands are visible throughout the video, and they are wearing a ring on their left hand. The wood appears to be light brown in color, and the tool used is silver in color. The background is blurred, but it seems to be a workshop setting.",T2V_data/label/vidgen_filter_gemini_part_0_dpo_1/EZ-Rhxi-nD4-Scene-0029/depth.mp4,T2V_data/label/vidgen_filter_gemini_part_0_dpo_1/EZ-Rhxi-nD4-Scene-0029/aug_entity_60.png
T2V_data/VIDGEN-1M_unzip/EZ-Rhxi-nD4-Scene-0029.mp4,"The video shows a person's hands working on a wooden project. The person is using a tool to make a hole in the wood, and then they are seen screwing a piece of wood into place. The person's hands are visible throughout the video, and they are wearing a ring on their left hand. The wood appears to be light brown in color, and the tool used is silver in color. The background is blurred, but it seems to be a workshop setting.",T2V_data/label/vidgen_filter_gemini_part_0_dpo_1/EZ-Rhxi-nD4-Scene-0029/entity_60.mp4,T2V_data/label/vidgen_filter_gemini_part_0_dpo_1/EZ-Rhxi-nD4-Scene-0029/aug_entity_60.png
T2V_data/VIDGEN-1M_unzip/EajpJGidrWU-Scene-0025.mp4,"In the video, a person is driving a red tractor with a front loader attachment. The tractor is moving forward on a dirt road, and the front loader is being used to push dirt to the side of the road. The person driving the tractor is wearing a red shirt and a black hat. The sky is clear and blue, and there are no other vehicles or people visible in the video. The tractor is making a lot of noise as it moves, and the front loader is scraping against the dirt, creating a cloud of dust.",T2V_data/label/vidgen_filter_gemini_part_0_dpo_1/EajpJGidrWU-Scene-0025/depth.mp4,T2V_data/label/vidgen_filter_gemini_part_0_dpo_1/EajpJGidrWU-Scene-0025/aug_entity_40.png
T2V_data/VIDGEN-1M_unzip/EajpJGidrWU-Scene-0025.mp4,"In the video, a person is driving a red tractor with a front loader attachment. The tractor is moving forward on a dirt road, and the front loader is being used to push dirt to the side of the road. The person driving the tractor is wearing a red shirt and a black hat. The sky is clear and blue, and there are no other vehicles or people visible in the video. The tractor is making a lot of noise as it moves, and the front loader is scraping against the dirt, creating a cloud of dust.",T2V_data/label/vidgen_filter_gemini_part_0_dpo_1/EajpJGidrWU-Scene-0025/entity_40.mp4,T2V_data/label/vidgen_filter_gemini_part_0_dpo_1/EajpJGidrWU-Scene-0025/aug_entity_40.png
T2V_data/VIDGEN-1M_unzip/EtImRwTrL20-Scene-0028.mp4,"In the video, a person wearing blue gloves is seen using a screwdriver to remove a screw from a piece of metal. The person's hands are covered in oil, and the background is a white surface with some stains. The screwdriver is silver in color, and the person is using it to turn the screw counterclockwise. The person's movements are deliberate and careful, indicating that they are experienced in this task. The video is shot from a close-up angle, focusing on the person's hands and the piece of metal they are working on.",T2V_data/label/vidgen_filter_gemini_part_0_dpo_1/EtImRwTrL20-Scene-0028/depth.mp4,T2V_data/label/vidgen_filter_gemini_part_0_dpo_1/EtImRwTrL20-Scene-0028/aug_entity_80.png
T2V_data/VIDGEN-1M_unzip/EtImRwTrL20-Scene-0028.mp4,"In the video, a person wearing blue gloves is seen using a screwdriver to remove a screw from a piece of metal. The person's hands are covered in oil, and the background is a white surface with some stains. The screwdriver is silver in color, and the person is using it to turn the screw counterclockwise. The person's movements are deliberate and careful, indicating that they are experienced in this task. The video is shot from a close-up angle, focusing on the person's hands and the piece of metal they are working on.",T2V_data/label/vidgen_filter_gemini_part_0_dpo_1/EtImRwTrL20-Scene-0028/entity_80.mp4,T2V_data/label/vidgen_filter_gemini_part_0_dpo_1/EtImRwTrL20-Scene-0028/aug_entity_80.png
T2V_data/VIDGEN-1M_unzip/FJpanGVhcT0-Scene-0068.mp4,"The video shows a close-up of a person's hand holding a sausage casing and stuffing it with meat. The person uses a metal tube to push the meat into the casing, and then they twist the casing to seal it. The video is shot in a kitchen setting, and the person's hand is visible throughout the process.",T2V_data/label/vidgen_filter_gemini_part_0_dpo_1/FJpanGVhcT0-Scene-0068/depth.mp4,T2V_data/label/vidgen_filter_gemini_part_0_dpo_1/FJpanGVhcT0-Scene-0068/aug_entity_60.png
T2V_data/VIDGEN-1M_unzip/FJpanGVhcT0-Scene-0068.mp4,"The video shows a close-up of a person's hand holding a sausage casing and stuffing it with meat. The person uses a metal tube to push the meat into the casing, and then they twist the casing to seal it. The video is shot in a kitchen setting, and the person's hand is visible throughout the process.",T2V_data/label/vidgen_filter_gemini_part_0_dpo_1/FJpanGVhcT0-Scene-0068/entity_60.mp4,T2V_data/label/vidgen_filter_gemini_part_0_dpo_1/FJpanGVhcT0-Scene-0068/aug_entity_60.png
T2V_data/VIDGEN-1M_unzip/FfGYWLmyHy4-Scene-0154.mp4,"The video shows a large fire on a ship in the middle of the ocean. The fire is intense and bright orange, with thick black smoke rising into the sky. Two fireboats are spraying water onto the fire, trying to extinguish it. The water is a bright white color, contrasting with the dark blue of the ocean. The ship is black and appears to be a large cargo vessel. The fireboats are white with red accents. The video is taken from a distance, showing the entire scene of the fire and the efforts to put it out.",T2V_data/label/vidgen_filter_gemini_part_0_dpo_1/FfGYWLmyHy4-Scene-0154/depth.mp4,T2V_data/label/vidgen_filter_gemini_part_0_dpo_1/FfGYWLmyHy4-Scene-0154/aug_entity_20.png
T2V_data/VIDGEN-1M_unzip/FfGYWLmyHy4-Scene-0154.mp4,"The video shows a large fire on a ship in the middle of the ocean. The fire is intense and bright orange, with thick black smoke rising into the sky. Two fireboats are spraying water onto the fire, trying to extinguish it. The water is a bright white color, contrasting with the dark blue of the ocean. The ship is black and appears to be a large cargo vessel. The fireboats are white with red accents. The video is taken from a distance, showing the entire scene of the fire and the efforts to put it out.",T2V_data/label/vidgen_filter_gemini_part_0_dpo_1/FfGYWLmyHy4-Scene-0154/entity_20.mp4,T2V_data/label/vidgen_filter_gemini_part_0_dpo_1/FfGYWLmyHy4-Scene-0154/aug_entity_20.png
T2V_data/VIDGEN-1M_unzip/FfGYWLmyHy4-Scene-0154.mp4,"The video shows a large fire on a ship in the middle of the ocean. The fire is intense and bright orange, with thick black smoke rising into the sky. Two fireboats are spraying water onto the fire, trying to extinguish it. The water is a bright white color, contrasting with the dark blue of the ocean. The ship is black and appears to be a large cargo vessel. The fireboats are white with red accents. The video is taken from a distance, showing the entire scene of the fire and the efforts to put it out.",T2V_data/label/vidgen_filter_gemini_part_0_dpo_1/FfGYWLmyHy4-Scene-0154/depth.mp4,T2V_data/label/vidgen_filter_gemini_part_0_dpo_1/FfGYWLmyHy4-Scene-0154/aug_entity_40.png
T2V_data/VIDGEN-1M_unzip/FfGYWLmyHy4-Scene-0154.mp4,"The video shows a large fire on a ship in the middle of the ocean. The fire is intense and bright orange, with thick black smoke rising into the sky. Two fireboats are spraying water onto the fire, trying to extinguish it. The water is a bright white color, contrasting with the dark blue of the ocean. The ship is black and appears to be a large cargo vessel. The fireboats are white with red accents. The video is taken from a distance, showing the entire scene of the fire and the efforts to put it out.",T2V_data/label/vidgen_filter_gemini_part_0_dpo_1/FfGYWLmyHy4-Scene-0154/entity_40.mp4,T2V_data/label/vidgen_filter_gemini_part_0_dpo_1/FfGYWLmyHy4-Scene-0154/aug_entity_40.png
T2V_data/VIDGEN-1M_unzip/FiVungLH5Pk-Scene-0011.mp4,"In the video, a person is seen using a hand mixer to mix a white batter in a white bowl. The person's hand is visible, and they are wearing a ring on their finger. The hand mixer has two beaters, and the person is holding it with one hand while the other hand is holding a spatula to scrape the sides of the bowl. The batter appears to be thick and creamy, and the mixer is creating a swirling motion as it blends the ingredients together.",T2V_data/label/vidgen_filter_gemini_part_0_dpo_1/FiVungLH5Pk-Scene-0011/depth.mp4,T2V_data/label/vidgen_filter_gemini_part_0_dpo_1/FiVungLH5Pk-Scene-0011/aug_entity_20.png
T2V_data/VIDGEN-1M_unzip/FiVungLH5Pk-Scene-0011.mp4,"In the video, a person is seen using a hand mixer to mix a white batter in a white bowl. The person's hand is visible, and they are wearing a ring on their finger. The hand mixer has two beaters, and the person is holding it with one hand while the other hand is holding a spatula to scrape the sides of the bowl. The batter appears to be thick and creamy, and the mixer is creating a swirling motion as it blends the ingredients together.",T2V_data/label/vidgen_filter_gemini_part_0_dpo_1/FiVungLH5Pk-Scene-0011/entity_20.mp4,T2V_data/label/vidgen_filter_gemini_part_0_dpo_1/FiVungLH5Pk-Scene-0011/aug_entity_20.png
T2V_data/VIDGEN-1M_unzip/FiVungLH5Pk-Scene-0011.mp4,"In the video, a person is seen using a hand mixer to mix a white batter in a white bowl. The person's hand is visible, and they are wearing a ring on their finger. The hand mixer has two beaters, and the person is holding it with one hand while the other hand is holding a spatula to scrape the sides of the bowl. The batter appears to be thick and creamy, and the mixer is creating a swirling motion as it blends the ingredients together.",T2V_data/label/vidgen_filter_gemini_part_0_dpo_1/FiVungLH5Pk-Scene-0011/depth.mp4,T2V_data/label/vidgen_filter_gemini_part_0_dpo_1/FiVungLH5Pk-Scene-0011/aug_entity_40.png
T2V_data/VIDGEN-1M_unzip/FiVungLH5Pk-Scene-0011.mp4,"In the video, a person is seen using a hand mixer to mix a white batter in a white bowl. The person's hand is visible, and they are wearing a ring on their finger. The hand mixer has two beaters, and the person is holding it with one hand while the other hand is holding a spatula to scrape the sides of the bowl. The batter appears to be thick and creamy, and the mixer is creating a swirling motion as it blends the ingredients together.",T2V_data/label/vidgen_filter_gemini_part_0_dpo_1/FiVungLH5Pk-Scene-0011/entity_40.mp4,T2V_data/label/vidgen_filter_gemini_part_0_dpo_1/FiVungLH5Pk-Scene-0011/aug_entity_40.png
T2V_data/VIDGEN-1M_unzip/GKx8FbsJPLg-Scene-0145.mp4,"In the video, a man wearing a black helmet and a black tank top is riding a scooter in a skate park. He is seen performing a trick where he jumps up and down on the scooter while riding in a circular motion. The man then proceeds to ride around the park, performing various tricks and maneuvers. At one point, he is seen riding up the side of a ramp and then coming back down. The video captures the man's skills and agility as he navigates the skate park with ease.",T2V_data/label/vidgen_filter_gemini_part_0_dpo_1/GKx8FbsJPLg-Scene-0145/depth.mp4,T2V_data/label/vidgen_filter_gemini_part_0_dpo_1/GKx8FbsJPLg-Scene-0145/aug_entity_20.png
T2V_data/VIDGEN-1M_unzip/GKx8FbsJPLg-Scene-0145.mp4,"In the video, a man wearing a black helmet and a black tank top is riding a scooter in a skate park. He is seen performing a trick where he jumps up and down on the scooter while riding in a circular motion. The man then proceeds to ride around the park, performing various tricks and maneuvers. At one point, he is seen riding up the side of a ramp and then coming back down. The video captures the man's skills and agility as he navigates the skate park with ease.",T2V_data/label/vidgen_filter_gemini_part_0_dpo_1/GKx8FbsJPLg-Scene-0145/entity_20.mp4,T2V_data/label/vidgen_filter_gemini_part_0_dpo_1/GKx8FbsJPLg-Scene-0145/aug_entity_20.png
T2V_data/VIDGEN-1M_unzip/GUCgPDsl-B0-Scene-0036.mp4,The video shows a person's hands removing a piece of dough from plastic wrap and placing it on a countertop. The dough is then dusted with flour.,T2V_data/label/vidgen_filter_gemini_part_0_dpo_1/GUCgPDsl-B0-Scene-0036/depth.mp4,T2V_data/label/vidgen_filter_gemini_part_0_dpo_1/GUCgPDsl-B0-Scene-0036/aug_entity_60.png
T2V_data/VIDGEN-1M_unzip/GUCgPDsl-B0-Scene-0036.mp4,The video shows a person's hands removing a piece of dough from plastic wrap and placing it on a countertop. The dough is then dusted with flour.,T2V_data/label/vidgen_filter_gemini_part_0_dpo_1/GUCgPDsl-B0-Scene-0036/entity_60.mp4,T2V_data/label/vidgen_filter_gemini_part_0_dpo_1/GUCgPDsl-B0-Scene-0036/aug_entity_60.png
T2V_data/VIDGEN-1M_unzip/H4GDPFsYeiA-Scene-0010.mp4,"In the video, a woman is seen standing behind a table with a rabbit in a box. She is wearing a blue shirt and a purple scarf. The woman is holding a pair of scissors and is cutting the rabbit's nails. The rabbit is calm and still throughout the process. The woman appears to be experienced in handling the rabbit, as she is gentle and careful with her movements. The background is plain and white, which puts the focus on the woman and the rabbit. The lighting is bright, making it easy to see the details of the scene.",T2V_data/label/vidgen_filter_gemini_part_0_dpo_1/H4GDPFsYeiA-Scene-0010/depth.mp4,T2V_data/label/vidgen_filter_gemini_part_0_dpo_1/H4GDPFsYeiA-Scene-0010/aug_entity_20.png
T2V_data/VIDGEN-1M_unzip/H4GDPFsYeiA-Scene-0010.mp4,"In the video, a woman is seen standing behind a table with a rabbit in a box. She is wearing a blue shirt and a purple scarf. The woman is holding a pair of scissors and is cutting the rabbit's nails. The rabbit is calm and still throughout the process. The woman appears to be experienced in handling the rabbit, as she is gentle and careful with her movements. The background is plain and white, which puts the focus on the woman and the rabbit. The lighting is bright, making it easy to see the details of the scene.",T2V_data/label/vidgen_filter_gemini_part_0_dpo_1/H4GDPFsYeiA-Scene-0010/entity_20.mp4,T2V_data/label/vidgen_filter_gemini_part_0_dpo_1/H4GDPFsYeiA-Scene-0010/aug_entity_20.png
T2V_data/VIDGEN-1M_unzip/H4GDPFsYeiA-Scene-0010.mp4,"In the video, a woman is seen standing behind a table with a rabbit in a box. She is wearing a blue shirt and a purple scarf. The woman is holding a pair of scissors and is cutting the rabbit's nails. The rabbit is calm and still throughout the process. The woman appears to be experienced in handling the rabbit, as she is gentle and careful with her movements. The background is plain and white, which puts the focus on the woman and the rabbit. The lighting is bright, making it easy to see the details of the scene.",T2V_data/label/vidgen_filter_gemini_part_0_dpo_1/H4GDPFsYeiA-Scene-0010/depth.mp4,T2V_data/label/vidgen_filter_gemini_part_0_dpo_1/H4GDPFsYeiA-Scene-0010/aug_entity_60.png
T2V_data/VIDGEN-1M_unzip/H4GDPFsYeiA-Scene-0010.mp4,"In the video, a woman is seen standing behind a table with a rabbit in a box. She is wearing a blue shirt and a purple scarf. The woman is holding a pair of scissors and is cutting the rabbit's nails. The rabbit is calm and still throughout the process. The woman appears to be experienced in handling the rabbit, as she is gentle and careful with her movements. The background is plain and white, which puts the focus on the woman and the rabbit. The lighting is bright, making it easy to see the details of the scene.",T2V_data/label/vidgen_filter_gemini_part_0_dpo_1/H4GDPFsYeiA-Scene-0010/entity_60.mp4,T2V_data/label/vidgen_filter_gemini_part_0_dpo_1/H4GDPFsYeiA-Scene-0010/aug_entity_60.png
T2V_data/VIDGEN-1M_unzip/HCApm_FPHdI-Scene-0121.mp4,"In the video, a man is seen kneeling down next to a truck, using a tool to remove the lug nuts from the tire. He then proceeds to lift the truck with a jack and removes the tire.",T2V_data/label/vidgen_filter_gemini_part_0_dpo_1/HCApm_FPHdI-Scene-0121/depth.mp4,T2V_data/label/vidgen_filter_gemini_part_0_dpo_1/HCApm_FPHdI-Scene-0121/aug_entity_20.png
T2V_data/VIDGEN-1M_unzip/HCApm_FPHdI-Scene-0121.mp4,"In the video, a man is seen kneeling down next to a truck, using a tool to remove the lug nuts from the tire. He then proceeds to lift the truck with a jack and removes the tire.",T2V_data/label/vidgen_filter_gemini_part_0_dpo_1/HCApm_FPHdI-Scene-0121/entity_20.mp4,T2V_data/label/vidgen_filter_gemini_part_0_dpo_1/HCApm_FPHdI-Scene-0121/aug_entity_20.png
T2V_data/VIDGEN-1M_unzip/HX_rTbKSOks-Scene-0046.mp4,"In the video, a man is seen standing next to a car with the back door open. He is wearing a black shirt and white shorts. The man is demonstrating how to fold the back seat of the car. He first pulls the back seat forward and then folds it down. The car appears to be a modern sedan with a spacious trunk. The man's actions are clear and deliberate, indicating that he is likely demonstrating the process for the purpose of a tutorial or instructional video.",T2V_data/label/vidgen_filter_gemini_part_0_dpo_1/HX_rTbKSOks-Scene-0046/depth.mp4,T2V_data/label/vidgen_filter_gemini_part_0_dpo_1/HX_rTbKSOks-Scene-0046/aug_entity_20.png
T2V_data/VIDGEN-1M_unzip/HX_rTbKSOks-Scene-0046.mp4,"In the video, a man is seen standing next to a car with the back door open. He is wearing a black shirt and white shorts. The man is demonstrating how to fold the back seat of the car. He first pulls the back seat forward and then folds it down. The car appears to be a modern sedan with a spacious trunk. The man's actions are clear and deliberate, indicating that he is likely demonstrating the process for the purpose of a tutorial or instructional video.",T2V_data/label/vidgen_filter_gemini_part_0_dpo_1/HX_rTbKSOks-Scene-0046/entity_20.mp4,T2V_data/label/vidgen_filter_gemini_part_0_dpo_1/HX_rTbKSOks-Scene-0046/aug_entity_20.png
T2V_data/VIDGEN-1M_unzip/Hj8JOGBon54-Scene-0047.mp4,"The video shows a person's hands with colorful nail polish, stretching a clear, rainbow-colored slime. The slime is stretched over a white surface, and the person's hands are shown pulling the slime from both ends. The slime appears to be sticky and elastic, and the person's hands move with precision as they stretch the slime. The background is plain white, which makes the colors of the slime stand out.",T2V_data/label/vidgen_filter_gemini_part_0_dpo_1/Hj8JOGBon54-Scene-0047/depth.mp4,T2V_data/label/vidgen_filter_gemini_part_0_dpo_1/Hj8JOGBon54-Scene-0047/aug_entity_20.png
T2V_data/VIDGEN-1M_unzip/Hj8JOGBon54-Scene-0047.mp4,"The video shows a person's hands with colorful nail polish, stretching a clear, rainbow-colored slime. The slime is stretched over a white surface, and the person's hands are shown pulling the slime from both ends. The slime appears to be sticky and elastic, and the person's hands move with precision as they stretch the slime. The background is plain white, which makes the colors of the slime stand out.",T2V_data/label/vidgen_filter_gemini_part_0_dpo_1/Hj8JOGBon54-Scene-0047/entity_20.mp4,T2V_data/label/vidgen_filter_gemini_part_0_dpo_1/Hj8JOGBon54-Scene-0047/aug_entity_20.png
T2V_data/VIDGEN-1M_unzip/HkdNGnxi5fM-Scene-0047.mp4,"In the video, a man is seen working on a machine. He is using a red tool to remove a part from the machine. The man is wearing a blue shirt and a watch on his left wrist. The machine appears to be made of metal and has a circular opening in the center. The man is using his hands to carefully remove the part, which is black in color. The red tool he is using has a curved handle and a flat end, which he is using to pry the part out of the machine. The background of the video is blurred, but it appears to be a workshop or garage setting.",T2V_data/label/vidgen_filter_gemini_part_0_dpo_1/HkdNGnxi5fM-Scene-0047/depth.mp4,T2V_data/label/vidgen_filter_gemini_part_0_dpo_1/HkdNGnxi5fM-Scene-0047/aug_entity_40.png
T2V_data/VIDGEN-1M_unzip/HkdNGnxi5fM-Scene-0047.mp4,"In the video, a man is seen working on a machine. He is using a red tool to remove a part from the machine. The man is wearing a blue shirt and a watch on his left wrist. The machine appears to be made of metal and has a circular opening in the center. The man is using his hands to carefully remove the part, which is black in color. The red tool he is using has a curved handle and a flat end, which he is using to pry the part out of the machine. The background of the video is blurred, but it appears to be a workshop or garage setting.",T2V_data/label/vidgen_filter_gemini_part_0_dpo_1/HkdNGnxi5fM-Scene-0047/entity_40.mp4,T2V_data/label/vidgen_filter_gemini_part_0_dpo_1/HkdNGnxi5fM-Scene-0047/aug_entity_40.png
T2V_data/VIDGEN-1M_unzip/HkdNGnxi5fM-Scene-0047.mp4,"In the video, a man is seen working on a machine. He is using a red tool to remove a part from the machine. The man is wearing a blue shirt and a watch on his left wrist. The machine appears to be made of metal and has a circular opening in the center. The man is using his hands to carefully remove the part, which is black in color. The red tool he is using has a curved handle and a flat end, which he is using to pry the part out of the machine. The background of the video is blurred, but it appears to be a workshop or garage setting.",T2V_data/label/vidgen_filter_gemini_part_0_dpo_1/HkdNGnxi5fM-Scene-0047/depth.mp4,T2V_data/label/vidgen_filter_gemini_part_0_dpo_1/HkdNGnxi5fM-Scene-0047/aug_entity_60.png
T2V_data/VIDGEN-1M_unzip/HkdNGnxi5fM-Scene-0047.mp4,"In the video, a man is seen working on a machine. He is using a red tool to remove a part from the machine. The man is wearing a blue shirt and a watch on his left wrist. The machine appears to be made of metal and has a circular opening in the center. The man is using his hands to carefully remove the part, which is black in color. The red tool he is using has a curved handle and a flat end, which he is using to pry the part out of the machine. The background of the video is blurred, but it appears to be a workshop or garage setting.",T2V_data/label/vidgen_filter_gemini_part_0_dpo_1/HkdNGnxi5fM-Scene-0047/entity_60.mp4,T2V_data/label/vidgen_filter_gemini_part_0_dpo_1/HkdNGnxi5fM-Scene-0047/aug_entity_60.png
T2V_data/VIDGEN-1M_unzip/HoIfjOSsGaI-Scene-0010.mp4,"In the video, a person is seen pouring a white liquid from a glass bowl into a blender. The person is holding a spoon in their hand and is pouring the liquid carefully. The blender is placed on a table, and the person is wearing a pink shirt. The liquid appears to be a thick consistency, and the person is taking their time to pour it into the blender. The background is not clearly visible, but it seems to be a kitchen setting.",T2V_data/label/vidgen_filter_gemini_part_0_dpo_1/HoIfjOSsGaI-Scene-0010/depth.mp4,T2V_data/label/vidgen_filter_gemini_part_0_dpo_1/HoIfjOSsGaI-Scene-0010/aug_entity_60.png
T2V_data/VIDGEN-1M_unzip/HoIfjOSsGaI-Scene-0010.mp4,"In the video, a person is seen pouring a white liquid from a glass bowl into a blender. The person is holding a spoon in their hand and is pouring the liquid carefully. The blender is placed on a table, and the person is wearing a pink shirt. The liquid appears to be a thick consistency, and the person is taking their time to pour it into the blender. The background is not clearly visible, but it seems to be a kitchen setting.",T2V_data/label/vidgen_filter_gemini_part_0_dpo_1/HoIfjOSsGaI-Scene-0010/entity_60.mp4,T2V_data/label/vidgen_filter_gemini_part_0_dpo_1/HoIfjOSsGaI-Scene-0010/aug_entity_60.png
T2V_data/VIDGEN-1M_unzip/IN9G0gZzesA-Scene-0012.mp4,"The video shows a first-person view of a person playing a video game. The person is holding a gun and is shooting at a target in front of them. The target is a red box with a white arrow on it. The person is shooting from a distance and is using a scoped rifle. The background shows a desert-like environment with a water tower and a fence. The person is shooting multiple times, and the target is hit and explodes. The person then picks up a new weapon, which is also a scoped rifle. The video is in color, and the graphics are realistic.",T2V_data/label/vidgen_filter_gemini_part_0_dpo_1/IN9G0gZzesA-Scene-0012/depth.mp4,T2V_data/label/vidgen_filter_gemini_part_0_dpo_1/IN9G0gZzesA-Scene-0012/aug_entity_40.png
T2V_data/VIDGEN-1M_unzip/IN9G0gZzesA-Scene-0012.mp4,"The video shows a first-person view of a person playing a video game. The person is holding a gun and is shooting at a target in front of them. The target is a red box with a white arrow on it. The person is shooting from a distance and is using a scoped rifle. The background shows a desert-like environment with a water tower and a fence. The person is shooting multiple times, and the target is hit and explodes. The person then picks up a new weapon, which is also a scoped rifle. The video is in color, and the graphics are realistic.",T2V_data/label/vidgen_filter_gemini_part_0_dpo_1/IN9G0gZzesA-Scene-0012/entity_40.mp4,T2V_data/label/vidgen_filter_gemini_part_0_dpo_1/IN9G0gZzesA-Scene-0012/aug_entity_40.png
T2V_data/VIDGEN-1M_unzip/ITnRCsST5Q0-Scene-0021.mp4,"The video shows a football player running on the field, dodging other players, and catching the ball. The player is wearing a blue and white uniform with the number 17 on it. He is running towards the end zone, and there are other players in red and blue uniforms trying to stop him. The player catches the ball and continues running, but he is eventually tackled by a player in a red uniform. The video is a slow-motion replay of the play.",T2V_data/label/vidgen_filter_gemini_part_0_dpo_1/ITnRCsST5Q0-Scene-0021/depth.mp4,T2V_data/label/vidgen_filter_gemini_part_0_dpo_1/ITnRCsST5Q0-Scene-0021/aug_entity_20.png
T2V_data/VIDGEN-1M_unzip/ITnRCsST5Q0-Scene-0021.mp4,"The video shows a football player running on the field, dodging other players, and catching the ball. The player is wearing a blue and white uniform with the number 17 on it. He is running towards the end zone, and there are other players in red and blue uniforms trying to stop him. The player catches the ball and continues running, but he is eventually tackled by a player in a red uniform. The video is a slow-motion replay of the play.",T2V_data/label/vidgen_filter_gemini_part_0_dpo_1/ITnRCsST5Q0-Scene-0021/entity_20.mp4,T2V_data/label/vidgen_filter_gemini_part_0_dpo_1/ITnRCsST5Q0-Scene-0021/aug_entity_20.png
T2V_data/VIDGEN-1M_unzip/Iih80r4d6_E-Scene-0027.mp4,"In the video, we see a person's hands holding a piece of metal and using a small tool to shape it. The person is carefully and precisely moving the tool along the metal, creating a specific shape. The metal appears to be silver in color, and the tool is made of metal as well. The person's hands are steady, and they seem to have experience with this type of work. The background is blurred, but it appears to be a workshop or a similar setting.",T2V_data/label/vidgen_filter_gemini_part_0_dpo_1/Iih80r4d6_E-Scene-0027/depth.mp4,T2V_data/label/vidgen_filter_gemini_part_0_dpo_1/Iih80r4d6_E-Scene-0027/aug_entity_40.png
T2V_data/VIDGEN-1M_unzip/Iih80r4d6_E-Scene-0027.mp4,"In the video, we see a person's hands holding a piece of metal and using a small tool to shape it. The person is carefully and precisely moving the tool along the metal, creating a specific shape. The metal appears to be silver in color, and the tool is made of metal as well. The person's hands are steady, and they seem to have experience with this type of work. The background is blurred, but it appears to be a workshop or a similar setting.",T2V_data/label/vidgen_filter_gemini_part_0_dpo_1/Iih80r4d6_E-Scene-0027/entity_40.mp4,T2V_data/label/vidgen_filter_gemini_part_0_dpo_1/Iih80r4d6_E-Scene-0027/aug_entity_40.png
T2V_data/VIDGEN-1M_unzip/ImvsK6V1DZ0-Scene-0002.mp4,"The video shows a person's hands holding a pen and a Rubik's cube. The person is using the pen to move the cube around, trying to solve it. The cube is colorful and has different colored squares on each side. The person's hands are moving quickly, and the cube is spinning in different directions. The background is a striped cloth, and the person is sitting at a table.",T2V_data/label/vidgen_filter_gemini_part_0_dpo_1/ImvsK6V1DZ0-Scene-0002/depth.mp4,T2V_data/label/vidgen_filter_gemini_part_0_dpo_1/ImvsK6V1DZ0-Scene-0002/aug_entity_20.png
T2V_data/VIDGEN-1M_unzip/ImvsK6V1DZ0-Scene-0002.mp4,"The video shows a person's hands holding a pen and a Rubik's cube. The person is using the pen to move the cube around, trying to solve it. The cube is colorful and has different colored squares on each side. The person's hands are moving quickly, and the cube is spinning in different directions. The background is a striped cloth, and the person is sitting at a table.",T2V_data/label/vidgen_filter_gemini_part_0_dpo_1/ImvsK6V1DZ0-Scene-0002/entity_20.mp4,T2V_data/label/vidgen_filter_gemini_part_0_dpo_1/ImvsK6V1DZ0-Scene-0002/aug_entity_20.png
T2V_data/VIDGEN-1M_unzip/Ip3rxExmnWc-Scene-0028.mp4,"In the video, there are two small plants in plastic cups placed in a large black bowl filled with water. The plants are growing in soil and have small green leaves. The person in the video is touching the plants and moving the cups around in the water. The background shows other potted plants and containers.",T2V_data/label/vidgen_filter_gemini_part_0_dpo_1/Ip3rxExmnWc-Scene-0028/depth.mp4,T2V_data/label/vidgen_filter_gemini_part_0_dpo_1/Ip3rxExmnWc-Scene-0028/aug_entity_60.png
T2V_data/VIDGEN-1M_unzip/Ip3rxExmnWc-Scene-0028.mp4,"In the video, there are two small plants in plastic cups placed in a large black bowl filled with water. The plants are growing in soil and have small green leaves. The person in the video is touching the plants and moving the cups around in the water. The background shows other potted plants and containers.",T2V_data/label/vidgen_filter_gemini_part_0_dpo_1/Ip3rxExmnWc-Scene-0028/entity_60.mp4,T2V_data/label/vidgen_filter_gemini_part_0_dpo_1/Ip3rxExmnWc-Scene-0028/aug_entity_60.png
T2V_data/VIDGEN-1M_unzip/Iv1eVJghhXo-Scene-0014.mp4,"The video shows a close-up of a car's undercarriage, with a jack positioned underneath it. The jack is orange and white, and it is being used to lift the car off the ground. The camera pans around the area, showing the jack in action and the car's suspension system. The garage floor is visible in the background, and there are some tools and equipment scattered around. The lighting in the garage is dim, and the overall color scheme is dominated by shades of gray and orange.",T2V_data/label/vidgen_filter_gemini_part_0_dpo_1/Iv1eVJghhXo-Scene-0014/depth.mp4,T2V_data/label/vidgen_filter_gemini_part_0_dpo_1/Iv1eVJghhXo-Scene-0014/aug_entity_40.png
T2V_data/VIDGEN-1M_unzip/Iv1eVJghhXo-Scene-0014.mp4,"The video shows a close-up of a car's undercarriage, with a jack positioned underneath it. The jack is orange and white, and it is being used to lift the car off the ground. The camera pans around the area, showing the jack in action and the car's suspension system. The garage floor is visible in the background, and there are some tools and equipment scattered around. The lighting in the garage is dim, and the overall color scheme is dominated by shades of gray and orange.",T2V_data/label/vidgen_filter_gemini_part_0_dpo_1/Iv1eVJghhXo-Scene-0014/entity_40.mp4,T2V_data/label/vidgen_filter_gemini_part_0_dpo_1/Iv1eVJghhXo-Scene-0014/aug_entity_40.png
T2V_data/VIDGEN-1M_unzip/J5yhnC8rVsg-Scene-0008.mp4,"The video shows a person driving an ATV through a muddy trail. The ATV is green and has a red bag on the back. The trail is surrounded by trees and there is a large puddle of muddy water in the middle of the trail. The person driving the ATV slows down as they approach the puddle and carefully drives through it, causing the water to splash around.",T2V_data/label/vidgen_filter_gemini_part_0_dpo_1/J5yhnC8rVsg-Scene-0008/depth.mp4,T2V_data/label/vidgen_filter_gemini_part_0_dpo_1/J5yhnC8rVsg-Scene-0008/aug_entity_20.png
T2V_data/VIDGEN-1M_unzip/J5yhnC8rVsg-Scene-0008.mp4,"The video shows a person driving an ATV through a muddy trail. The ATV is green and has a red bag on the back. The trail is surrounded by trees and there is a large puddle of muddy water in the middle of the trail. The person driving the ATV slows down as they approach the puddle and carefully drives through it, causing the water to splash around.",T2V_data/label/vidgen_filter_gemini_part_0_dpo_1/J5yhnC8rVsg-Scene-0008/entity_20.mp4,T2V_data/label/vidgen_filter_gemini_part_0_dpo_1/J5yhnC8rVsg-Scene-0008/aug_entity_20.png
T2V_data/VIDGEN-1M_unzip/JBGijv3hMYM-Scene-0074.mp4,"The video shows a man performing a stunt on a motorcycle. He is seen riding the motorcycle and doing a flip in the air. The man is wearing a helmet and a jacket for safety. The motorcycle is blue and white in color. The background is dark, indicating that the stunt is being performed at night. The man appears to be skilled and experienced in performing such stunts. The video captures the thrilling moment of the stunt from different angles, showcasing the man's talent and the motorcycle's performance.",T2V_data/label/vidgen_filter_gemini_part_0_dpo_1/JBGijv3hMYM-Scene-0074/depth.mp4,T2V_data/label/vidgen_filter_gemini_part_0_dpo_1/JBGijv3hMYM-Scene-0074/aug_entity_20.png
T2V_data/VIDGEN-1M_unzip/JBGijv3hMYM-Scene-0074.mp4,"The video shows a man performing a stunt on a motorcycle. He is seen riding the motorcycle and doing a flip in the air. The man is wearing a helmet and a jacket for safety. The motorcycle is blue and white in color. The background is dark, indicating that the stunt is being performed at night. The man appears to be skilled and experienced in performing such stunts. The video captures the thrilling moment of the stunt from different angles, showcasing the man's talent and the motorcycle's performance.",T2V_data/label/vidgen_filter_gemini_part_0_dpo_1/JBGijv3hMYM-Scene-0074/entity_20.mp4,T2V_data/label/vidgen_filter_gemini_part_0_dpo_1/JBGijv3hMYM-Scene-0074/aug_entity_20.png
T2V_data/VIDGEN-1M_unzip/JP0ayhzY6xQ-Scene-0012.mp4,"The video shows a person riding a bicycle on a street. The person is wearing black pants and black shoes. The bicycle has a green frame with red rims on the wheels. The person is pedaling the bicycle and appears to be moving at a steady pace. The background shows other people riding bicycles and a few cars parked on the side of the street. The sky is overcast, and the street appears to be dry.",T2V_data/label/vidgen_filter_gemini_part_0_dpo_1/JP0ayhzY6xQ-Scene-0012/depth.mp4,T2V_data/label/vidgen_filter_gemini_part_0_dpo_1/JP0ayhzY6xQ-Scene-0012/aug_entity_20.png
T2V_data/VIDGEN-1M_unzip/JP0ayhzY6xQ-Scene-0012.mp4,"The video shows a person riding a bicycle on a street. The person is wearing black pants and black shoes. The bicycle has a green frame with red rims on the wheels. The person is pedaling the bicycle and appears to be moving at a steady pace. The background shows other people riding bicycles and a few cars parked on the side of the street. The sky is overcast, and the street appears to be dry.",T2V_data/label/vidgen_filter_gemini_part_0_dpo_1/JP0ayhzY6xQ-Scene-0012/entity_20.mp4,T2V_data/label/vidgen_filter_gemini_part_0_dpo_1/JP0ayhzY6xQ-Scene-0012/aug_entity_20.png
T2V_data/VIDGEN-1M_unzip/JZ9jQvagR6c-Scene-0004.mp4,"In the video, two men are seen working together to install a stove in a kitchen. They are using a blue level to ensure that the stove is properly aligned. The kitchen has white cabinets and a brick wall in the background. The men are wearing casual clothing and are focused on their task. The stove is black and appears to be new. The video captures the process of installation, from leveling the stove to securing it in place.",T2V_data/label/vidgen_filter_gemini_part_0_dpo_1/JZ9jQvagR6c-Scene-0004/depth.mp4,T2V_data/label/vidgen_filter_gemini_part_0_dpo_1/JZ9jQvagR6c-Scene-0004/aug_entity_20.png
T2V_data/VIDGEN-1M_unzip/JZ9jQvagR6c-Scene-0004.mp4,"In the video, two men are seen working together to install a stove in a kitchen. They are using a blue level to ensure that the stove is properly aligned. The kitchen has white cabinets and a brick wall in the background. The men are wearing casual clothing and are focused on their task. The stove is black and appears to be new. The video captures the process of installation, from leveling the stove to securing it in place.",T2V_data/label/vidgen_filter_gemini_part_0_dpo_1/JZ9jQvagR6c-Scene-0004/entity_20.mp4,T2V_data/label/vidgen_filter_gemini_part_0_dpo_1/JZ9jQvagR6c-Scene-0004/aug_entity_20.png
T2V_data/VIDGEN-1M_unzip/JZ9jQvagR6c-Scene-0004.mp4,"In the video, two men are seen working together to install a stove in a kitchen. They are using a blue level to ensure that the stove is properly aligned. The kitchen has white cabinets and a brick wall in the background. The men are wearing casual clothing and are focused on their task. The stove is black and appears to be new. The video captures the process of installation, from leveling the stove to securing it in place.",T2V_data/label/vidgen_filter_gemini_part_0_dpo_1/JZ9jQvagR6c-Scene-0004/depth.mp4,T2V_data/label/vidgen_filter_gemini_part_0_dpo_1/JZ9jQvagR6c-Scene-0004/aug_entity_40.png
T2V_data/VIDGEN-1M_unzip/JZ9jQvagR6c-Scene-0004.mp4,"In the video, two men are seen working together to install a stove in a kitchen. They are using a blue level to ensure that the stove is properly aligned. The kitchen has white cabinets and a brick wall in the background. The men are wearing casual clothing and are focused on their task. The stove is black and appears to be new. The video captures the process of installation, from leveling the stove to securing it in place.",T2V_data/label/vidgen_filter_gemini_part_0_dpo_1/JZ9jQvagR6c-Scene-0004/entity_40.mp4,T2V_data/label/vidgen_filter_gemini_part_0_dpo_1/JZ9jQvagR6c-Scene-0004/aug_entity_40.png
T2V_data/VIDGEN-1M_unzip/Jdy2Ct2Bpj0-Scene-0034.mp4,"The video shows a close-up of a rusty bolt with a wrench being used to turn it. The bolt is located on a piece of machinery, and the wrench is being used to loosen it. The bolt is rusted and appears to be old, and the wrench is silver and made of metal. The background is dark, and the focus is on the action of the wrench turning the bolt.",T2V_data/label/vidgen_filter_gemini_part_0_dpo_1/Jdy2Ct2Bpj0-Scene-0034/depth.mp4,T2V_data/label/vidgen_filter_gemini_part_0_dpo_1/Jdy2Ct2Bpj0-Scene-0034/aug_entity_20.png
T2V_data/VIDGEN-1M_unzip/Jdy2Ct2Bpj0-Scene-0034.mp4,"The video shows a close-up of a rusty bolt with a wrench being used to turn it. The bolt is located on a piece of machinery, and the wrench is being used to loosen it. The bolt is rusted and appears to be old, and the wrench is silver and made of metal. The background is dark, and the focus is on the action of the wrench turning the bolt.",T2V_data/label/vidgen_filter_gemini_part_0_dpo_1/Jdy2Ct2Bpj0-Scene-0034/entity_20.mp4,T2V_data/label/vidgen_filter_gemini_part_0_dpo_1/Jdy2Ct2Bpj0-Scene-0034/aug_entity_20.png
T2V_data/VIDGEN-1M_unzip/JlU8mksKzHc-Scene-0002.mp4,"In the video, a person is seen riding a motorized parachute, which is a type of parachute that is powered by a motor. The person is wearing a helmet and a harness, and they are holding onto a handle attached to the parachute. The parachute is filled with a large cluster of colorful balloons, which are providing lift and propulsion. The person is flying above a grassy field, and there are trees and a building visible in the background. The sky is clear and blue, indicating good weather conditions for flying. The person appears to be enjoying the ride, as they are smiling and looking around. The video captures the thrill and excitement of flying with a motorized parachute, as well as the beauty of the surrounding landscape.",T2V_data/label/vidgen_filter_gemini_part_0_dpo_1/JlU8mksKzHc-Scene-0002/depth.mp4,T2V_data/label/vidgen_filter_gemini_part_0_dpo_1/JlU8mksKzHc-Scene-0002/aug_entity_40.png
T2V_data/VIDGEN-1M_unzip/JlU8mksKzHc-Scene-0002.mp4,"In the video, a person is seen riding a motorized parachute, which is a type of parachute that is powered by a motor. The person is wearing a helmet and a harness, and they are holding onto a handle attached to the parachute. The parachute is filled with a large cluster of colorful balloons, which are providing lift and propulsion. The person is flying above a grassy field, and there are trees and a building visible in the background. The sky is clear and blue, indicating good weather conditions for flying. The person appears to be enjoying the ride, as they are smiling and looking around. The video captures the thrill and excitement of flying with a motorized parachute, as well as the beauty of the surrounding landscape.",T2V_data/label/vidgen_filter_gemini_part_0_dpo_1/JlU8mksKzHc-Scene-0002/entity_40.mp4,T2V_data/label/vidgen_filter_gemini_part_0_dpo_1/JlU8mksKzHc-Scene-0002/aug_entity_40.png
T2V_data/VIDGEN-1M_unzip/Jp7ElOmUgzA-Scene-0022.mp4,"The video shows a first-person view of a person holding a gun, aiming it at a target in the distance. The person is standing in a field of tall grass, with a clear blue sky above. The gun is black, and the person's hand is visible holding the gun. The target appears to be a small orange object, possibly a balloon, in the distance. The person shoots the gun, and the target is hit and falls to the ground. The video is shot during the daytime, and there are no other people or objects visible in the frame.",T2V_data/label/vidgen_filter_gemini_part_0_dpo_1/Jp7ElOmUgzA-Scene-0022/depth.mp4,T2V_data/label/vidgen_filter_gemini_part_0_dpo_1/Jp7ElOmUgzA-Scene-0022/aug_entity_20.png
T2V_data/VIDGEN-1M_unzip/Jp7ElOmUgzA-Scene-0022.mp4,"The video shows a first-person view of a person holding a gun, aiming it at a target in the distance. The person is standing in a field of tall grass, with a clear blue sky above. The gun is black, and the person's hand is visible holding the gun. The target appears to be a small orange object, possibly a balloon, in the distance. The person shoots the gun, and the target is hit and falls to the ground. The video is shot during the daytime, and there are no other people or objects visible in the frame.",T2V_data/label/vidgen_filter_gemini_part_0_dpo_1/Jp7ElOmUgzA-Scene-0022/entity_20.mp4,T2V_data/label/vidgen_filter_gemini_part_0_dpo_1/Jp7ElOmUgzA-Scene-0022/aug_entity_20.png
T2V_data/VIDGEN-1M_unzip/Jp7ElOmUgzA-Scene-0022.mp4,"The video shows a first-person view of a person holding a gun, aiming it at a target in the distance. The person is standing in a field of tall grass, with a clear blue sky above. The gun is black, and the person's hand is visible holding the gun. The target appears to be a small orange object, possibly a balloon, in the distance. The person shoots the gun, and the target is hit and falls to the ground. The video is shot during the daytime, and there are no other people or objects visible in the frame.",T2V_data/label/vidgen_filter_gemini_part_0_dpo_1/Jp7ElOmUgzA-Scene-0022/depth.mp4,T2V_data/label/vidgen_filter_gemini_part_0_dpo_1/Jp7ElOmUgzA-Scene-0022/aug_entity_40.png
T2V_data/VIDGEN-1M_unzip/Jp7ElOmUgzA-Scene-0022.mp4,"The video shows a first-person view of a person holding a gun, aiming it at a target in the distance. The person is standing in a field of tall grass, with a clear blue sky above. The gun is black, and the person's hand is visible holding the gun. The target appears to be a small orange object, possibly a balloon, in the distance. The person shoots the gun, and the target is hit and falls to the ground. The video is shot during the daytime, and there are no other people or objects visible in the frame.",T2V_data/label/vidgen_filter_gemini_part_0_dpo_1/Jp7ElOmUgzA-Scene-0022/entity_40.mp4,T2V_data/label/vidgen_filter_gemini_part_0_dpo_1/Jp7ElOmUgzA-Scene-0022/aug_entity_40.png
T2V_data/VIDGEN-1M_unzip/Jp7ElOmUgzA-Scene-0022.mp4,"The video shows a first-person view of a person holding a gun, aiming it at a target in the distance. The person is standing in a field of tall grass, with a clear blue sky above. The gun is black, and the person's hand is visible holding the gun. The target appears to be a small orange object, possibly a balloon, in the distance. The person shoots the gun, and the target is hit and falls to the ground. The video is shot during the daytime, and there are no other people or objects visible in the frame.",T2V_data/label/vidgen_filter_gemini_part_0_dpo_1/Jp7ElOmUgzA-Scene-0022/depth.mp4,T2V_data/label/vidgen_filter_gemini_part_0_dpo_1/Jp7ElOmUgzA-Scene-0022/aug_entity_60.png
T2V_data/VIDGEN-1M_unzip/Jp7ElOmUgzA-Scene-0022.mp4,"The video shows a first-person view of a person holding a gun, aiming it at a target in the distance. The person is standing in a field of tall grass, with a clear blue sky above. The gun is black, and the person's hand is visible holding the gun. The target appears to be a small orange object, possibly a balloon, in the distance. The person shoots the gun, and the target is hit and falls to the ground. The video is shot during the daytime, and there are no other people or objects visible in the frame.",T2V_data/label/vidgen_filter_gemini_part_0_dpo_1/Jp7ElOmUgzA-Scene-0022/entity_60.mp4,T2V_data/label/vidgen_filter_gemini_part_0_dpo_1/Jp7ElOmUgzA-Scene-0022/aug_entity_60.png
T2V_data/VIDGEN-1M_unzip/Jv4VKpJ1Bbc-Scene-0039.mp4,"The video shows a person using a hammer and a block of metal to create a flame. The person is wearing a red shirt and is standing in front of a wooden table. The metal block is orange in color and is being hammered against a brick block that is on the table. As the hammer hits the metal block, a flame is created. The person continues to hammer the block, causing the flame to grow larger. The video ends with the person stopping the hammering and letting the flame burn out.",T2V_data/label/vidgen_filter_gemini_part_0_dpo_1/Jv4VKpJ1Bbc-Scene-0039/depth.mp4,T2V_data/label/vidgen_filter_gemini_part_0_dpo_1/Jv4VKpJ1Bbc-Scene-0039/aug_entity_80.png
T2V_data/VIDGEN-1M_unzip/Jv4VKpJ1Bbc-Scene-0039.mp4,"The video shows a person using a hammer and a block of metal to create a flame. The person is wearing a red shirt and is standing in front of a wooden table. The metal block is orange in color and is being hammered against a brick block that is on the table. As the hammer hits the metal block, a flame is created. The person continues to hammer the block, causing the flame to grow larger. The video ends with the person stopping the hammering and letting the flame burn out.",T2V_data/label/vidgen_filter_gemini_part_0_dpo_1/Jv4VKpJ1Bbc-Scene-0039/entity_80.mp4,T2V_data/label/vidgen_filter_gemini_part_0_dpo_1/Jv4VKpJ1Bbc-Scene-0039/aug_entity_80.png
T2V_data/VIDGEN-1M_unzip/KriEIJ0ubh0-Scene-0069.mp4,The video is a simple animation of a person parachuting. The person is wearing a yellow jumpsuit and a red helmet. They are holding onto the strings of a red parachute. The background is a light blue sky with white clouds. The person is shown in different positions as they glide through the air.,T2V_data/label/vidgen_filter_gemini_part_0_dpo_1/KriEIJ0ubh0-Scene-0069/depth.mp4,T2V_data/label/vidgen_filter_gemini_part_0_dpo_1/KriEIJ0ubh0-Scene-0069/aug_entity_20.png
T2V_data/VIDGEN-1M_unzip/KriEIJ0ubh0-Scene-0069.mp4,The video is a simple animation of a person parachuting. The person is wearing a yellow jumpsuit and a red helmet. They are holding onto the strings of a red parachute. The background is a light blue sky with white clouds. The person is shown in different positions as they glide through the air.,T2V_data/label/vidgen_filter_gemini_part_0_dpo_1/KriEIJ0ubh0-Scene-0069/entity_20.mp4,T2V_data/label/vidgen_filter_gemini_part_0_dpo_1/KriEIJ0ubh0-Scene-0069/aug_entity_20.png
T2V_data/VIDGEN-1M_unzip/KriEIJ0ubh0-Scene-0069.mp4,The video is a simple animation of a person parachuting. The person is wearing a yellow jumpsuit and a red helmet. They are holding onto the strings of a red parachute. The background is a light blue sky with white clouds. The person is shown in different positions as they glide through the air.,T2V_data/label/vidgen_filter_gemini_part_0_dpo_1/KriEIJ0ubh0-Scene-0069/depth.mp4,T2V_data/label/vidgen_filter_gemini_part_0_dpo_1/KriEIJ0ubh0-Scene-0069/aug_entity_40.png
T2V_data/VIDGEN-1M_unzip/KriEIJ0ubh0-Scene-0069.mp4,The video is a simple animation of a person parachuting. The person is wearing a yellow jumpsuit and a red helmet. They are holding onto the strings of a red parachute. The background is a light blue sky with white clouds. The person is shown in different positions as they glide through the air.,T2V_data/label/vidgen_filter_gemini_part_0_dpo_1/KriEIJ0ubh0-Scene-0069/entity_40.mp4,T2V_data/label/vidgen_filter_gemini_part_0_dpo_1/KriEIJ0ubh0-Scene-0069/aug_entity_40.png
T2V_data/VIDGEN-1M_unzip/KtevQJ7YVoc-Scene-0034.mp4,"The video shows a close-up of a small metal stove with a yellow lid, placed on a rock. The stove is surrounded by dry leaves and twigs. A person's hand is seen adding twigs to the stove, which is already burning. The flames are visible through the openings of the stove, and smoke is rising from it. The person continues to add more twigs to the fire, and the flames grow larger. The video captures the process of starting and maintaining a fire in a small stove.",T2V_data/label/vidgen_filter_gemini_part_0_dpo_1/KtevQJ7YVoc-Scene-0034/depth.mp4,T2V_data/label/vidgen_filter_gemini_part_0_dpo_1/KtevQJ7YVoc-Scene-0034/aug_entity_20.png
T2V_data/VIDGEN-1M_unzip/KtevQJ7YVoc-Scene-0034.mp4,"The video shows a close-up of a small metal stove with a yellow lid, placed on a rock. The stove is surrounded by dry leaves and twigs. A person's hand is seen adding twigs to the stove, which is already burning. The flames are visible through the openings of the stove, and smoke is rising from it. The person continues to add more twigs to the fire, and the flames grow larger. The video captures the process of starting and maintaining a fire in a small stove.",T2V_data/label/vidgen_filter_gemini_part_0_dpo_1/KtevQJ7YVoc-Scene-0034/entity_20.mp4,T2V_data/label/vidgen_filter_gemini_part_0_dpo_1/KtevQJ7YVoc-Scene-0034/aug_entity_20.png
T2V_data/VIDGEN-1M_unzip/KyxFey_4DfM-Scene-0040.mp4,"In the video, a large metal scoop is being used to dig through a pile of mud. The scoop is being pushed down into the mud, causing it to break apart and reveal the dirt underneath. The scoop is then lifted up, and the mud is seen dripping off of it. The scoop is then pushed down again, and the process is repeated several times. The scoop is a large, rectangular metal object with a flat surface and a handle on the side. The mud is dark brown and appears to be wet and sticky. The background is not visible, but the focus is on the scoop and the mud.",T2V_data/label/vidgen_filter_gemini_part_0_dpo_1/KyxFey_4DfM-Scene-0040/depth.mp4,T2V_data/label/vidgen_filter_gemini_part_0_dpo_1/KyxFey_4DfM-Scene-0040/aug_entity_40.png
T2V_data/VIDGEN-1M_unzip/KyxFey_4DfM-Scene-0040.mp4,"In the video, a large metal scoop is being used to dig through a pile of mud. The scoop is being pushed down into the mud, causing it to break apart and reveal the dirt underneath. The scoop is then lifted up, and the mud is seen dripping off of it. The scoop is then pushed down again, and the process is repeated several times. The scoop is a large, rectangular metal object with a flat surface and a handle on the side. The mud is dark brown and appears to be wet and sticky. The background is not visible, but the focus is on the scoop and the mud.",T2V_data/label/vidgen_filter_gemini_part_0_dpo_1/KyxFey_4DfM-Scene-0040/entity_40.mp4,T2V_data/label/vidgen_filter_gemini_part_0_dpo_1/KyxFey_4DfM-Scene-0040/aug_entity_40.png
T2V_data/VIDGEN-1M_unzip/L5ockyO1UfA-Scene-0070.mp4,"In the video, a person is seen working on a car's wheel. The person is wearing black gloves and is using a wrench to loosen the bolts on the wheel. The wheel is lifted off the ground, and the person continues to work on it. The person's movements are precise and careful, indicating that they are experienced in this task. The car appears to be parked in a driveway or garage, and there is no one else visible in the video. The focus is solely on the person and their task.",T2V_data/label/vidgen_filter_gemini_part_0_dpo_1/L5ockyO1UfA-Scene-0070/depth.mp4,T2V_data/label/vidgen_filter_gemini_part_0_dpo_1/L5ockyO1UfA-Scene-0070/aug_entity_40.png
T2V_data/VIDGEN-1M_unzip/L5ockyO1UfA-Scene-0070.mp4,"In the video, a person is seen working on a car's wheel. The person is wearing black gloves and is using a wrench to loosen the bolts on the wheel. The wheel is lifted off the ground, and the person continues to work on it. The person's movements are precise and careful, indicating that they are experienced in this task. The car appears to be parked in a driveway or garage, and there is no one else visible in the video. The focus is solely on the person and their task.",T2V_data/label/vidgen_filter_gemini_part_0_dpo_1/L5ockyO1UfA-Scene-0070/entity_40.mp4,T2V_data/label/vidgen_filter_gemini_part_0_dpo_1/L5ockyO1UfA-Scene-0070/aug_entity_40.png
T2V_data/VIDGEN-1M_unzip/L8F1fhVtssM-Scene-0115.mp4,"In the video, a man is seen standing in a living room with a large pile of red plastic cups in front of him. He is holding a white plastic airplane and appears to be preparing to throw it at the cups. The man then throws the airplane, hitting the cups and causing them to scatter. He repeats this action several times, each time with varying degrees of success in knocking over the cups. The living room has a fireplace and a television in the background. The man is wearing a red shirt and white shorts, and he appears to be enjoying himself as he plays with the cups and the airplane.",T2V_data/label/vidgen_filter_gemini_part_0_dpo_1/L8F1fhVtssM-Scene-0115/depth.mp4,T2V_data/label/vidgen_filter_gemini_part_0_dpo_1/L8F1fhVtssM-Scene-0115/aug_entity_20.png
T2V_data/VIDGEN-1M_unzip/L8F1fhVtssM-Scene-0115.mp4,"In the video, a man is seen standing in a living room with a large pile of red plastic cups in front of him. He is holding a white plastic airplane and appears to be preparing to throw it at the cups. The man then throws the airplane, hitting the cups and causing them to scatter. He repeats this action several times, each time with varying degrees of success in knocking over the cups. The living room has a fireplace and a television in the background. The man is wearing a red shirt and white shorts, and he appears to be enjoying himself as he plays with the cups and the airplane.",T2V_data/label/vidgen_filter_gemini_part_0_dpo_1/L8F1fhVtssM-Scene-0115/entity_20.mp4,T2V_data/label/vidgen_filter_gemini_part_0_dpo_1/L8F1fhVtssM-Scene-0115/aug_entity_20.png
T2V_data/VIDGEN-1M_unzip/LKms05x57eA-Scene-0002.mp4,"In the video, a man is seen standing in front of a polar bear enclosure. The man is wearing a blue uniform and is standing on his tiptoes, trying to reach the polar bear. The polar bear is standing on its hind legs, reaching out to the man. The man is holding his hands up in front of him, trying to protect himself from the bear. The bear appears to be aggressive and is trying to bite the man. The man is backing away from the bear, trying to avoid being bitten. The enclosure is made of metal bars, and there is snow on the ground outside the enclosure.",T2V_data/label/vidgen_filter_gemini_part_0_dpo_1/LKms05x57eA-Scene-0002/depth.mp4,T2V_data/label/vidgen_filter_gemini_part_0_dpo_1/LKms05x57eA-Scene-0002/aug_entity_40.png
T2V_data/VIDGEN-1M_unzip/LKms05x57eA-Scene-0002.mp4,"In the video, a man is seen standing in front of a polar bear enclosure. The man is wearing a blue uniform and is standing on his tiptoes, trying to reach the polar bear. The polar bear is standing on its hind legs, reaching out to the man. The man is holding his hands up in front of him, trying to protect himself from the bear. The bear appears to be aggressive and is trying to bite the man. The man is backing away from the bear, trying to avoid being bitten. The enclosure is made of metal bars, and there is snow on the ground outside the enclosure.",T2V_data/label/vidgen_filter_gemini_part_0_dpo_1/LKms05x57eA-Scene-0002/entity_40.mp4,T2V_data/label/vidgen_filter_gemini_part_0_dpo_1/LKms05x57eA-Scene-0002/aug_entity_40.png
T2V_data/VIDGEN-1M_unzip/LPyFa7xGPEY-Scene-0123.mp4,"The video shows a horse and rider in the middle of a show jumping competition. The horse is a dark brown color with a black mane and tail. The rider is wearing a dark blue jacket, white pants, and a black helmet. They are jumping over a white obstacle with black poles and decorated with white flowers. The arena is filled with spectators sitting in the stands. The ground is covered in sand.",T2V_data/label/vidgen_filter_gemini_part_0_dpo_1/LPyFa7xGPEY-Scene-0123/depth.mp4,T2V_data/label/vidgen_filter_gemini_part_0_dpo_1/LPyFa7xGPEY-Scene-0123/aug_entity_20.png
T2V_data/VIDGEN-1M_unzip/LPyFa7xGPEY-Scene-0123.mp4,"The video shows a horse and rider in the middle of a show jumping competition. The horse is a dark brown color with a black mane and tail. The rider is wearing a dark blue jacket, white pants, and a black helmet. They are jumping over a white obstacle with black poles and decorated with white flowers. The arena is filled with spectators sitting in the stands. The ground is covered in sand.",T2V_data/label/vidgen_filter_gemini_part_0_dpo_1/LPyFa7xGPEY-Scene-0123/entity_20.mp4,T2V_data/label/vidgen_filter_gemini_part_0_dpo_1/LPyFa7xGPEY-Scene-0123/aug_entity_20.png
T2V_data/VIDGEN-1M_unzip/LXCrfsBhVYg-Scene-0010.mp4,"The video shows a computer-generated animation of a solar system. The planets are shown orbiting around a central star, which is depicted as a bright, glowing sphere. The planets are shown in various colors, including blue, green, and orange, and they are surrounded by rings of light that represent their orbits. The animation is set against a dark background, simulating outer space. The planets move smoothly and continuously, following their orbits around the star. The animation is detailed and realistic, with a high level of graphical quality.",T2V_data/label/vidgen_filter_gemini_part_0_dpo_1/LXCrfsBhVYg-Scene-0010/depth.mp4,T2V_data/label/vidgen_filter_gemini_part_0_dpo_1/LXCrfsBhVYg-Scene-0010/aug_entity_60.png
T2V_data/VIDGEN-1M_unzip/LXCrfsBhVYg-Scene-0010.mp4,"The video shows a computer-generated animation of a solar system. The planets are shown orbiting around a central star, which is depicted as a bright, glowing sphere. The planets are shown in various colors, including blue, green, and orange, and they are surrounded by rings of light that represent their orbits. The animation is set against a dark background, simulating outer space. The planets move smoothly and continuously, following their orbits around the star. The animation is detailed and realistic, with a high level of graphical quality.",T2V_data/label/vidgen_filter_gemini_part_0_dpo_1/LXCrfsBhVYg-Scene-0010/entity_60.mp4,T2V_data/label/vidgen_filter_gemini_part_0_dpo_1/LXCrfsBhVYg-Scene-0010/aug_entity_60.png
T2V_data/VIDGEN-1M_unzip/Larvye_SeP4-Scene-0006.mp4,"In the video, a person is seen sweeping snow off a sidewalk. The person is wearing a green outfit and white shoes. The broom used is brown and appears to be made of straw. The snow is white and covers the entire sidewalk. The person is sweeping the snow in a back and forth motion, clearing a path on the sidewalk.",T2V_data/label/vidgen_filter_gemini_part_0_dpo_1/Larvye_SeP4-Scene-0006/depth.mp4,T2V_data/label/vidgen_filter_gemini_part_0_dpo_1/Larvye_SeP4-Scene-0006/aug_entity_20.png
T2V_data/VIDGEN-1M_unzip/Larvye_SeP4-Scene-0006.mp4,"In the video, a person is seen sweeping snow off a sidewalk. The person is wearing a green outfit and white shoes. The broom used is brown and appears to be made of straw. The snow is white and covers the entire sidewalk. The person is sweeping the snow in a back and forth motion, clearing a path on the sidewalk.",T2V_data/label/vidgen_filter_gemini_part_0_dpo_1/Larvye_SeP4-Scene-0006/entity_20.mp4,T2V_data/label/vidgen_filter_gemini_part_0_dpo_1/Larvye_SeP4-Scene-0006/aug_entity_20.png
T2V_data/VIDGEN-1M_unzip/Ljg4USCkjfg-Scene-0069.mp4,"The video shows a person's hands holding a white, spherical object with a textured surface. The person is using a wooden stick to poke holes into the object. The background is a white surface with colorful polka dots.",T2V_data/label/vidgen_filter_gemini_part_0_dpo_1/Ljg4USCkjfg-Scene-0069/depth.mp4,T2V_data/label/vidgen_filter_gemini_part_0_dpo_1/Ljg4USCkjfg-Scene-0069/aug_entity_80.png
T2V_data/VIDGEN-1M_unzip/Ljg4USCkjfg-Scene-0069.mp4,"The video shows a person's hands holding a white, spherical object with a textured surface. The person is using a wooden stick to poke holes into the object. The background is a white surface with colorful polka dots.",T2V_data/label/vidgen_filter_gemini_part_0_dpo_1/Ljg4USCkjfg-Scene-0069/entity_80.mp4,T2V_data/label/vidgen_filter_gemini_part_0_dpo_1/Ljg4USCkjfg-Scene-0069/aug_entity_80.png
T2V_data/VIDGEN-1M_unzip/LocIfVR0bI0-Scene-0008.mp4,"The video shows a person mixing a white creamy substance in a clear glass bowl with a metal spoon. The person's hand is visible, and they are wearing a gold ring on their finger. The mixture appears to be thick and sticky, and the person is mixing it thoroughly.",T2V_data/label/vidgen_filter_gemini_part_0_dpo_1/LocIfVR0bI0-Scene-0008/depth.mp4,T2V_data/label/vidgen_filter_gemini_part_0_dpo_1/LocIfVR0bI0-Scene-0008/aug_entity_60.png
T2V_data/VIDGEN-1M_unzip/LocIfVR0bI0-Scene-0008.mp4,"The video shows a person mixing a white creamy substance in a clear glass bowl with a metal spoon. The person's hand is visible, and they are wearing a gold ring on their finger. The mixture appears to be thick and sticky, and the person is mixing it thoroughly.",T2V_data/label/vidgen_filter_gemini_part_0_dpo_1/LocIfVR0bI0-Scene-0008/entity_60.mp4,T2V_data/label/vidgen_filter_gemini_part_0_dpo_1/LocIfVR0bI0-Scene-0008/aug_entity_60.png
T2V_data/VIDGEN-1M_unzip/LwnrtLehwVM-Scene-0033.mp4,"In the video, a person is seen using a mortar and pestle to grind a mixture of ingredients. The mortar is made of stone and is placed on a wooden surface. The person uses the pestle to grind the ingredients, which appear to be a mixture of spices and herbs. The person's hands are visible as they work the pestle back and forth, grinding the ingredients into a fine paste. The video focuses on the action of grinding, with the person's hands and the mortar and pestle being the main subjects.",T2V_data/label/vidgen_filter_gemini_part_0_dpo_1/LwnrtLehwVM-Scene-0033/depth.mp4,T2V_data/label/vidgen_filter_gemini_part_0_dpo_1/LwnrtLehwVM-Scene-0033/aug_entity_40.png
T2V_data/VIDGEN-1M_unzip/LwnrtLehwVM-Scene-0033.mp4,"In the video, a person is seen using a mortar and pestle to grind a mixture of ingredients. The mortar is made of stone and is placed on a wooden surface. The person uses the pestle to grind the ingredients, which appear to be a mixture of spices and herbs. The person's hands are visible as they work the pestle back and forth, grinding the ingredients into a fine paste. The video focuses on the action of grinding, with the person's hands and the mortar and pestle being the main subjects.",T2V_data/label/vidgen_filter_gemini_part_0_dpo_1/LwnrtLehwVM-Scene-0033/entity_40.mp4,T2V_data/label/vidgen_filter_gemini_part_0_dpo_1/LwnrtLehwVM-Scene-0033/aug_entity_40.png
T2V_data/VIDGEN-1M_unzip/LwnrtLehwVM-Scene-0033.mp4,"In the video, a person is seen using a mortar and pestle to grind a mixture of ingredients. The mortar is made of stone and is placed on a wooden surface. The person uses the pestle to grind the ingredients, which appear to be a mixture of spices and herbs. The person's hands are visible as they work the pestle back and forth, grinding the ingredients into a fine paste. The video focuses on the action of grinding, with the person's hands and the mortar and pestle being the main subjects.",T2V_data/label/vidgen_filter_gemini_part_0_dpo_1/LwnrtLehwVM-Scene-0033/depth.mp4,T2V_data/label/vidgen_filter_gemini_part_0_dpo_1/LwnrtLehwVM-Scene-0033/aug_entity_60.png
T2V_data/VIDGEN-1M_unzip/LwnrtLehwVM-Scene-0033.mp4,"In the video, a person is seen using a mortar and pestle to grind a mixture of ingredients. The mortar is made of stone and is placed on a wooden surface. The person uses the pestle to grind the ingredients, which appear to be a mixture of spices and herbs. The person's hands are visible as they work the pestle back and forth, grinding the ingredients into a fine paste. The video focuses on the action of grinding, with the person's hands and the mortar and pestle being the main subjects.",T2V_data/label/vidgen_filter_gemini_part_0_dpo_1/LwnrtLehwVM-Scene-0033/entity_60.mp4,T2V_data/label/vidgen_filter_gemini_part_0_dpo_1/LwnrtLehwVM-Scene-0033/aug_entity_60.png
T2V_data/VIDGEN-1M_unzip/Lz8Z7T_XzWc-Scene-0046.mp4,"In the video, a person is seen snowboarding down a snow-covered slope. The snowboarder is wearing a black jacket, black pants, and a green helmet. The person is riding a snowboard that is predominantly blue with some white and black designs. The snowboarder is seen performing a trick where they slide down a log, which is a large, cylindrical piece of wood. The log is positioned on the slope, and the snowboarder slides down it with ease. The surrounding area is covered in snow, and there are trees visible in the background. The snowboarder then continues to ride down the slope, carving turns in the snow.",T2V_data/label/vidgen_filter_gemini_part_0_dpo_1/Lz8Z7T_XzWc-Scene-0046/depth.mp4,T2V_data/label/vidgen_filter_gemini_part_0_dpo_1/Lz8Z7T_XzWc-Scene-0046/aug_entity_20.png
T2V_data/VIDGEN-1M_unzip/Lz8Z7T_XzWc-Scene-0046.mp4,"In the video, a person is seen snowboarding down a snow-covered slope. The snowboarder is wearing a black jacket, black pants, and a green helmet. The person is riding a snowboard that is predominantly blue with some white and black designs. The snowboarder is seen performing a trick where they slide down a log, which is a large, cylindrical piece of wood. The log is positioned on the slope, and the snowboarder slides down it with ease. The surrounding area is covered in snow, and there are trees visible in the background. The snowboarder then continues to ride down the slope, carving turns in the snow.",T2V_data/label/vidgen_filter_gemini_part_0_dpo_1/Lz8Z7T_XzWc-Scene-0046/entity_20.mp4,T2V_data/label/vidgen_filter_gemini_part_0_dpo_1/Lz8Z7T_XzWc-Scene-0046/aug_entity_20.png
T2V_data/VIDGEN-1M_unzip/M3aB-PdwF-k-Scene-0148.mp4,"In the video, a person is seen cutting a loaf of bread with a knife. The bread has a golden brown crust and a soft, white interior. The person's hand is visible as they hold the knife and cut through the bread, creating a clean slice. The background is a plain wooden surface, and there is no other object or person visible in the frame. The lighting is bright, and the focus is on the bread and the cutting action.",T2V_data/label/vidgen_filter_gemini_part_0_dpo_1/M3aB-PdwF-k-Scene-0148/depth.mp4,T2V_data/label/vidgen_filter_gemini_part_0_dpo_1/M3aB-PdwF-k-Scene-0148/aug_entity_40.png
T2V_data/VIDGEN-1M_unzip/M3aB-PdwF-k-Scene-0148.mp4,"In the video, a person is seen cutting a loaf of bread with a knife. The bread has a golden brown crust and a soft, white interior. The person's hand is visible as they hold the knife and cut through the bread, creating a clean slice. The background is a plain wooden surface, and there is no other object or person visible in the frame. The lighting is bright, and the focus is on the bread and the cutting action.",T2V_data/label/vidgen_filter_gemini_part_0_dpo_1/M3aB-PdwF-k-Scene-0148/entity_40.mp4,T2V_data/label/vidgen_filter_gemini_part_0_dpo_1/M3aB-PdwF-k-Scene-0148/aug_entity_40.png
T2V_data/VIDGEN-1M_unzip/M7RFKHqVC-c-Scene-0101.mp4,"In the video, a man is seen performing a cartwheel on a sandy beach. He starts by standing on his hands and then swings his legs over his body to land on his feet. The man is wearing black shorts with a floral pattern and has long hair. The beach is sandy with waves crashing in the background. The sky is clear and blue.",T2V_data/label/vidgen_filter_gemini_part_0_dpo_1/M7RFKHqVC-c-Scene-0101/depth.mp4,T2V_data/label/vidgen_filter_gemini_part_0_dpo_1/M7RFKHqVC-c-Scene-0101/aug_entity_20.png
T2V_data/VIDGEN-1M_unzip/M7RFKHqVC-c-Scene-0101.mp4,"In the video, a man is seen performing a cartwheel on a sandy beach. He starts by standing on his hands and then swings his legs over his body to land on his feet. The man is wearing black shorts with a floral pattern and has long hair. The beach is sandy with waves crashing in the background. The sky is clear and blue.",T2V_data/label/vidgen_filter_gemini_part_0_dpo_1/M7RFKHqVC-c-Scene-0101/entity_20.mp4,T2V_data/label/vidgen_filter_gemini_part_0_dpo_1/M7RFKHqVC-c-Scene-0101/aug_entity_20.png
T2V_data/VIDGEN-1M_unzip/MTcVzYoGR6Q-Scene-0104.mp4,"In the video, a baseball player is seen standing on the field, ready to bat. The player is wearing a white uniform with blue stripes and the number 97 on the back. The player is holding a bat and appears to be waiting for the pitch. The field is surrounded by a large crowd of spectators who are watching the game. The player takes a swing at the ball and hits it, sending it flying into the outfield. The player then drops the bat and starts running towards first base. The video is shot from the perspective of the stands behind home plate, giving a clear view of the player's actions.",T2V_data/label/vidgen_filter_gemini_part_0_dpo_1/MTcVzYoGR6Q-Scene-0104/depth.mp4,T2V_data/label/vidgen_filter_gemini_part_0_dpo_1/MTcVzYoGR6Q-Scene-0104/aug_entity_20.png
T2V_data/VIDGEN-1M_unzip/MTcVzYoGR6Q-Scene-0104.mp4,"In the video, a baseball player is seen standing on the field, ready to bat. The player is wearing a white uniform with blue stripes and the number 97 on the back. The player is holding a bat and appears to be waiting for the pitch. The field is surrounded by a large crowd of spectators who are watching the game. The player takes a swing at the ball and hits it, sending it flying into the outfield. The player then drops the bat and starts running towards first base. The video is shot from the perspective of the stands behind home plate, giving a clear view of the player's actions.",T2V_data/label/vidgen_filter_gemini_part_0_dpo_1/MTcVzYoGR6Q-Scene-0104/entity_20.mp4,T2V_data/label/vidgen_filter_gemini_part_0_dpo_1/MTcVzYoGR6Q-Scene-0104/aug_entity_20.png
T2V_data/VIDGEN-1M_unzip/MWJenjiy2Vo-Scene-0040.mp4,"In the video, a person is seen holding two orange pencils in their hand. The pencils are bound together with a rubber band that is wrapped around them. The person then proceeds to stretch the rubber band, causing the pencils to bend and flex. The background is a plain white wall, and the person's hand is the only part of them visible in the frame. The focus of the video is on the action of bending the pencils with the rubber band.",T2V_data/label/vidgen_filter_gemini_part_0_dpo_1/MWJenjiy2Vo-Scene-0040/depth.mp4,T2V_data/label/vidgen_filter_gemini_part_0_dpo_1/MWJenjiy2Vo-Scene-0040/aug_entity_40.png
T2V_data/VIDGEN-1M_unzip/MWJenjiy2Vo-Scene-0040.mp4,"In the video, a person is seen holding two orange pencils in their hand. The pencils are bound together with a rubber band that is wrapped around them. The person then proceeds to stretch the rubber band, causing the pencils to bend and flex. The background is a plain white wall, and the person's hand is the only part of them visible in the frame. The focus of the video is on the action of bending the pencils with the rubber band.",T2V_data/label/vidgen_filter_gemini_part_0_dpo_1/MWJenjiy2Vo-Scene-0040/entity_40.mp4,T2V_data/label/vidgen_filter_gemini_part_0_dpo_1/MWJenjiy2Vo-Scene-0040/aug_entity_40.png
T2V_data/VIDGEN-1M_unzip/M_mD_u00xjQ-Scene-0018.mp4,"In the video, a young boy is standing in front of a kitchen counter. He is wearing a blue hat with Mickey Mouse ears and a black shirt. A woman is standing next to him, and she is pouring flour from a plastic bag into a glass bowl. The boy is watching the flour being poured and is reaching out to touch it. The kitchen counter is made of granite, and there is a black stove in the background. The woman has a tattoo on her left arm, and she is wearing a pink apron. The boy seems to be enjoying the process of pouring the flour and is smiling.",T2V_data/label/vidgen_filter_gemini_part_0_dpo_1/M_mD_u00xjQ-Scene-0018/depth.mp4,T2V_data/label/vidgen_filter_gemini_part_0_dpo_1/M_mD_u00xjQ-Scene-0018/aug_entity_20.png
T2V_data/VIDGEN-1M_unzip/M_mD_u00xjQ-Scene-0018.mp4,"In the video, a young boy is standing in front of a kitchen counter. He is wearing a blue hat with Mickey Mouse ears and a black shirt. A woman is standing next to him, and she is pouring flour from a plastic bag into a glass bowl. The boy is watching the flour being poured and is reaching out to touch it. The kitchen counter is made of granite, and there is a black stove in the background. The woman has a tattoo on her left arm, and she is wearing a pink apron. The boy seems to be enjoying the process of pouring the flour and is smiling.",T2V_data/label/vidgen_filter_gemini_part_0_dpo_1/M_mD_u00xjQ-Scene-0018/entity_20.mp4,T2V_data/label/vidgen_filter_gemini_part_0_dpo_1/M_mD_u00xjQ-Scene-0018/aug_entity_20.png
T2V_data/VIDGEN-1M_unzip/M_mD_u00xjQ-Scene-0018.mp4,"In the video, a young boy is standing in front of a kitchen counter. He is wearing a blue hat with Mickey Mouse ears and a black shirt. A woman is standing next to him, and she is pouring flour from a plastic bag into a glass bowl. The boy is watching the flour being poured and is reaching out to touch it. The kitchen counter is made of granite, and there is a black stove in the background. The woman has a tattoo on her left arm, and she is wearing a pink apron. The boy seems to be enjoying the process of pouring the flour and is smiling.",T2V_data/label/vidgen_filter_gemini_part_0_dpo_1/M_mD_u00xjQ-Scene-0018/depth.mp4,T2V_data/label/vidgen_filter_gemini_part_0_dpo_1/M_mD_u00xjQ-Scene-0018/aug_entity_40.png
T2V_data/VIDGEN-1M_unzip/M_mD_u00xjQ-Scene-0018.mp4,"In the video, a young boy is standing in front of a kitchen counter. He is wearing a blue hat with Mickey Mouse ears and a black shirt. A woman is standing next to him, and she is pouring flour from a plastic bag into a glass bowl. The boy is watching the flour being poured and is reaching out to touch it. The kitchen counter is made of granite, and there is a black stove in the background. The woman has a tattoo on her left arm, and she is wearing a pink apron. The boy seems to be enjoying the process of pouring the flour and is smiling.",T2V_data/label/vidgen_filter_gemini_part_0_dpo_1/M_mD_u00xjQ-Scene-0018/entity_40.mp4,T2V_data/label/vidgen_filter_gemini_part_0_dpo_1/M_mD_u00xjQ-Scene-0018/aug_entity_40.png
T2V_data/VIDGEN-1M_unzip/M_mD_u00xjQ-Scene-0018.mp4,"In the video, a young boy is standing in front of a kitchen counter. He is wearing a blue hat with Mickey Mouse ears and a black shirt. A woman is standing next to him, and she is pouring flour from a plastic bag into a glass bowl. The boy is watching the flour being poured and is reaching out to touch it. The kitchen counter is made of granite, and there is a black stove in the background. The woman has a tattoo on her left arm, and she is wearing a pink apron. The boy seems to be enjoying the process of pouring the flour and is smiling.",T2V_data/label/vidgen_filter_gemini_part_0_dpo_1/M_mD_u00xjQ-Scene-0018/depth.mp4,T2V_data/label/vidgen_filter_gemini_part_0_dpo_1/M_mD_u00xjQ-Scene-0018/aug_entity_60.png
T2V_data/VIDGEN-1M_unzip/M_mD_u00xjQ-Scene-0018.mp4,"In the video, a young boy is standing in front of a kitchen counter. He is wearing a blue hat with Mickey Mouse ears and a black shirt. A woman is standing next to him, and she is pouring flour from a plastic bag into a glass bowl. The boy is watching the flour being poured and is reaching out to touch it. The kitchen counter is made of granite, and there is a black stove in the background. The woman has a tattoo on her left arm, and she is wearing a pink apron. The boy seems to be enjoying the process of pouring the flour and is smiling.",T2V_data/label/vidgen_filter_gemini_part_0_dpo_1/M_mD_u00xjQ-Scene-0018/entity_60.mp4,T2V_data/label/vidgen_filter_gemini_part_0_dpo_1/M_mD_u00xjQ-Scene-0018/aug_entity_60.png
T2V_data/VIDGEN-1M_unzip/MhUaf0gsyDw-Scene-0011.mp4,"The video shows a person's hands working on a small motor. The person is holding a copper coil in one hand and a small metal piece in the other hand. They are carefully placing the copper coil onto the metal piece. The background is a green surface, possibly a table or workbench. The person's hands are steady and precise as they work on the motor.",T2V_data/label/vidgen_filter_gemini_part_0_dpo_1/MhUaf0gsyDw-Scene-0011/depth.mp4,T2V_data/label/vidgen_filter_gemini_part_0_dpo_1/MhUaf0gsyDw-Scene-0011/aug_entity_60.png
T2V_data/VIDGEN-1M_unzip/MhUaf0gsyDw-Scene-0011.mp4,"The video shows a person's hands working on a small motor. The person is holding a copper coil in one hand and a small metal piece in the other hand. They are carefully placing the copper coil onto the metal piece. The background is a green surface, possibly a table or workbench. The person's hands are steady and precise as they work on the motor.",T2V_data/label/vidgen_filter_gemini_part_0_dpo_1/MhUaf0gsyDw-Scene-0011/entity_60.mp4,T2V_data/label/vidgen_filter_gemini_part_0_dpo_1/MhUaf0gsyDw-Scene-0011/aug_entity_60.png
T2V_data/VIDGEN-1M_unzip/MpgQNXWNb5o-Scene-0028.mp4,"In the video, a black cat is seen playing with a brown poop emoji toy. The cat is seen sniffing and pawing at the toy, which is being held by a person's hand. The toy has a smiling face with white eyes and a red tongue sticking out. The cat seems to be enjoying the game, as it continues to play with the toy. The background shows a carpeted floor and a staircase.",T2V_data/label/vidgen_filter_gemini_part_0_dpo_1/MpgQNXWNb5o-Scene-0028/depth.mp4,T2V_data/label/vidgen_filter_gemini_part_0_dpo_1/MpgQNXWNb5o-Scene-0028/aug_entity_40.png
T2V_data/VIDGEN-1M_unzip/MpgQNXWNb5o-Scene-0028.mp4,"In the video, a black cat is seen playing with a brown poop emoji toy. The cat is seen sniffing and pawing at the toy, which is being held by a person's hand. The toy has a smiling face with white eyes and a red tongue sticking out. The cat seems to be enjoying the game, as it continues to play with the toy. The background shows a carpeted floor and a staircase.",T2V_data/label/vidgen_filter_gemini_part_0_dpo_1/MpgQNXWNb5o-Scene-0028/entity_40.mp4,T2V_data/label/vidgen_filter_gemini_part_0_dpo_1/MpgQNXWNb5o-Scene-0028/aug_entity_40.png
T2V_data/VIDGEN-1M_unzip/MtAUivzoyz0-Scene-0085.mp4,"The video shows a person's hand holding a knife with a silver blade and a black handle. The person is using their thumb to push the knife's blade in and out of the handle, demonstrating the knife's opening and closing mechanism. The background is a black surface with small holes, and there are some white objects scattered around.",T2V_data/label/vidgen_filter_gemini_part_0_dpo_1/MtAUivzoyz0-Scene-0085/depth.mp4,T2V_data/label/vidgen_filter_gemini_part_0_dpo_1/MtAUivzoyz0-Scene-0085/aug_entity_20.png
T2V_data/VIDGEN-1M_unzip/MtAUivzoyz0-Scene-0085.mp4,"The video shows a person's hand holding a knife with a silver blade and a black handle. The person is using their thumb to push the knife's blade in and out of the handle, demonstrating the knife's opening and closing mechanism. The background is a black surface with small holes, and there are some white objects scattered around.",T2V_data/label/vidgen_filter_gemini_part_0_dpo_1/MtAUivzoyz0-Scene-0085/entity_20.mp4,T2V_data/label/vidgen_filter_gemini_part_0_dpo_1/MtAUivzoyz0-Scene-0085/aug_entity_20.png
T2V_data/VIDGEN-1M_unzip/NWx8yZJ0Wc8-Scene-0096.mp4,"In the video, a person is seen pouring water from a pitcher into a glass. The person's hand is visible as they hold the glass and pour the water, which is clear and colorless. The glass appears to be a standard drinking glass, and the water is being poured in a steady stream. The background is not visible, but the focus is on the action of pouring water.",T2V_data/label/vidgen_filter_gemini_part_0_dpo_1/NWx8yZJ0Wc8-Scene-0096/depth.mp4,T2V_data/label/vidgen_filter_gemini_part_0_dpo_1/NWx8yZJ0Wc8-Scene-0096/aug_entity_60.png
T2V_data/VIDGEN-1M_unzip/NWx8yZJ0Wc8-Scene-0096.mp4,"In the video, a person is seen pouring water from a pitcher into a glass. The person's hand is visible as they hold the glass and pour the water, which is clear and colorless. The glass appears to be a standard drinking glass, and the water is being poured in a steady stream. The background is not visible, but the focus is on the action of pouring water.",T2V_data/label/vidgen_filter_gemini_part_0_dpo_1/NWx8yZJ0Wc8-Scene-0096/entity_60.mp4,T2V_data/label/vidgen_filter_gemini_part_0_dpo_1/NWx8yZJ0Wc8-Scene-0096/aug_entity_60.png
T2V_data/VIDGEN-1M_unzip/NhHi6YjqQg8-Scene-0012.mp4,"The video shows a man in a military uniform lying on the ground with a gun in his hand. He is wearing a helmet and is positioned in front of a building. The man appears to be aiming the gun and then suddenly falls to the ground. The video is in slow motion, emphasizing the man's fall and the gun's movement. The background is blurred, focusing the viewer's attention on the man and his actions.",T2V_data/label/vidgen_filter_gemini_part_0_dpo_1/NhHi6YjqQg8-Scene-0012/depth.mp4,T2V_data/label/vidgen_filter_gemini_part_0_dpo_1/NhHi6YjqQg8-Scene-0012/aug_entity_20.png
T2V_data/VIDGEN-1M_unzip/NhHi6YjqQg8-Scene-0012.mp4,"The video shows a man in a military uniform lying on the ground with a gun in his hand. He is wearing a helmet and is positioned in front of a building. The man appears to be aiming the gun and then suddenly falls to the ground. The video is in slow motion, emphasizing the man's fall and the gun's movement. The background is blurred, focusing the viewer's attention on the man and his actions.",T2V_data/label/vidgen_filter_gemini_part_0_dpo_1/NhHi6YjqQg8-Scene-0012/entity_20.mp4,T2V_data/label/vidgen_filter_gemini_part_0_dpo_1/NhHi6YjqQg8-Scene-0012/aug_entity_20.png
T2V_data/VIDGEN-1M_unzip/NhHi6YjqQg8-Scene-0012.mp4,"The video shows a man in a military uniform lying on the ground with a gun in his hand. He is wearing a helmet and is positioned in front of a building. The man appears to be aiming the gun and then suddenly falls to the ground. The video is in slow motion, emphasizing the man's fall and the gun's movement. The background is blurred, focusing the viewer's attention on the man and his actions.",T2V_data/label/vidgen_filter_gemini_part_0_dpo_1/NhHi6YjqQg8-Scene-0012/depth.mp4,T2V_data/label/vidgen_filter_gemini_part_0_dpo_1/NhHi6YjqQg8-Scene-0012/aug_entity_80.png
T2V_data/VIDGEN-1M_unzip/NhHi6YjqQg8-Scene-0012.mp4,"The video shows a man in a military uniform lying on the ground with a gun in his hand. He is wearing a helmet and is positioned in front of a building. The man appears to be aiming the gun and then suddenly falls to the ground. The video is in slow motion, emphasizing the man's fall and the gun's movement. The background is blurred, focusing the viewer's attention on the man and his actions.",T2V_data/label/vidgen_filter_gemini_part_0_dpo_1/NhHi6YjqQg8-Scene-0012/entity_80.mp4,T2V_data/label/vidgen_filter_gemini_part_0_dpo_1/NhHi6YjqQg8-Scene-0012/aug_entity_80.png
T2V_data/VIDGEN-1M_unzip/NicYWWI9P2M-Scene-0059.mp4,"In the video, a man is seen holding a large knife and using it to chop a piece of wood that is placed on top of a tree stump. The man is wearing a black shirt and khaki pants. The background consists of a grassy area with trees and logs. The man appears to be using a lot of force to chop the wood, and the knife is making a loud noise as it hits the wood. The video is shot in daylight, and the colors are natural and vibrant.",T2V_data/label/vidgen_filter_gemini_part_0_dpo_1/NicYWWI9P2M-Scene-0059/depth.mp4,T2V_data/label/vidgen_filter_gemini_part_0_dpo_1/NicYWWI9P2M-Scene-0059/aug_entity_60.png
T2V_data/VIDGEN-1M_unzip/NicYWWI9P2M-Scene-0059.mp4,"In the video, a man is seen holding a large knife and using it to chop a piece of wood that is placed on top of a tree stump. The man is wearing a black shirt and khaki pants. The background consists of a grassy area with trees and logs. The man appears to be using a lot of force to chop the wood, and the knife is making a loud noise as it hits the wood. The video is shot in daylight, and the colors are natural and vibrant.",T2V_data/label/vidgen_filter_gemini_part_0_dpo_1/NicYWWI9P2M-Scene-0059/entity_60.mp4,T2V_data/label/vidgen_filter_gemini_part_0_dpo_1/NicYWWI9P2M-Scene-0059/aug_entity_60.png
T2V_data/VIDGEN-1M_unzip/Nxg2Y2qi7Hs-Scene-0012.mp4,"In the video, a person is seen using a mortar and pestle to grind a green lime. The person places the lime in the mortar and then uses the pestle to crush it. The person's hand is visible, and they are wearing a ring on their finger. The mortar and pestle are made of stone, and the lime is bright green in color. The video is shot in close-up, focusing on the action of grinding the lime.",T2V_data/label/vidgen_filter_gemini_part_0_dpo_1/Nxg2Y2qi7Hs-Scene-0012/depth.mp4,T2V_data/label/vidgen_filter_gemini_part_0_dpo_1/Nxg2Y2qi7Hs-Scene-0012/aug_entity_40.png
T2V_data/VIDGEN-1M_unzip/Nxg2Y2qi7Hs-Scene-0012.mp4,"In the video, a person is seen using a mortar and pestle to grind a green lime. The person places the lime in the mortar and then uses the pestle to crush it. The person's hand is visible, and they are wearing a ring on their finger. The mortar and pestle are made of stone, and the lime is bright green in color. The video is shot in close-up, focusing on the action of grinding the lime.",T2V_data/label/vidgen_filter_gemini_part_0_dpo_1/Nxg2Y2qi7Hs-Scene-0012/entity_40.mp4,T2V_data/label/vidgen_filter_gemini_part_0_dpo_1/Nxg2Y2qi7Hs-Scene-0012/aug_entity_40.png
T2V_data/VIDGEN-1M_unzip/OC4e0VrJ4NI-Scene-0136.mp4,"In the video, a person is holding a handful of bird food in their hand. An ostrich is standing next to them, and it is eating the food from the person's hand. The ostrich is black and white and has a long neck. The person is wearing a black jacket, and the background is a grassy area with a fence.",T2V_data/label/vidgen_filter_gemini_part_0_dpo_1/OC4e0VrJ4NI-Scene-0136/depth.mp4,T2V_data/label/vidgen_filter_gemini_part_0_dpo_1/OC4e0VrJ4NI-Scene-0136/aug_entity_40.png
T2V_data/VIDGEN-1M_unzip/OC4e0VrJ4NI-Scene-0136.mp4,"In the video, a person is holding a handful of bird food in their hand. An ostrich is standing next to them, and it is eating the food from the person's hand. The ostrich is black and white and has a long neck. The person is wearing a black jacket, and the background is a grassy area with a fence.",T2V_data/label/vidgen_filter_gemini_part_0_dpo_1/OC4e0VrJ4NI-Scene-0136/entity_40.mp4,T2V_data/label/vidgen_filter_gemini_part_0_dpo_1/OC4e0VrJ4NI-Scene-0136/aug_entity_40.png
T2V_data/VIDGEN-1M_unzip/OHRAFl-mGms-Scene-0060.mp4,"The video shows a man playing golf on a golf course. He is wearing a white cap, a blue shirt, and grey pants. The man is holding a golf club and is seen walking on the green grass of the golf course. He is also seen putting a golf ball on the green. The video captures the man's movements and actions as he plays golf.",T2V_data/label/vidgen_filter_gemini_part_0_dpo_1/OHRAFl-mGms-Scene-0060/depth.mp4,T2V_data/label/vidgen_filter_gemini_part_0_dpo_1/OHRAFl-mGms-Scene-0060/aug_entity_20.png
T2V_data/VIDGEN-1M_unzip/OHRAFl-mGms-Scene-0060.mp4,"The video shows a man playing golf on a golf course. He is wearing a white cap, a blue shirt, and grey pants. The man is holding a golf club and is seen walking on the green grass of the golf course. He is also seen putting a golf ball on the green. The video captures the man's movements and actions as he plays golf.",T2V_data/label/vidgen_filter_gemini_part_0_dpo_1/OHRAFl-mGms-Scene-0060/entity_20.mp4,T2V_data/label/vidgen_filter_gemini_part_0_dpo_1/OHRAFl-mGms-Scene-0060/aug_entity_20.png
T2V_data/VIDGEN-1M_unzip/OI6cVV_tx8M-Scene-0176.mp4,"The video shows a close-up of a person's hands as they use a knife to cut a piece of meat on a wooden cutting board. The knife is silver and has a sharp edge, and the meat appears to be grilled with grill marks visible on the surface. The person's hands are steady as they slice the meat into thin pieces, and the sound of the knife cutting through the meat can be heard.",T2V_data/label/vidgen_filter_gemini_part_0_dpo_1/OI6cVV_tx8M-Scene-0176/depth.mp4,T2V_data/label/vidgen_filter_gemini_part_0_dpo_1/OI6cVV_tx8M-Scene-0176/aug_entity_40.png
T2V_data/VIDGEN-1M_unzip/OI6cVV_tx8M-Scene-0176.mp4,"The video shows a close-up of a person's hands as they use a knife to cut a piece of meat on a wooden cutting board. The knife is silver and has a sharp edge, and the meat appears to be grilled with grill marks visible on the surface. The person's hands are steady as they slice the meat into thin pieces, and the sound of the knife cutting through the meat can be heard.",T2V_data/label/vidgen_filter_gemini_part_0_dpo_1/OI6cVV_tx8M-Scene-0176/entity_40.mp4,T2V_data/label/vidgen_filter_gemini_part_0_dpo_1/OI6cVV_tx8M-Scene-0176/aug_entity_40.png
T2V_data/VIDGEN-1M_unzip/OLePbVdUBU0-Scene-0124.mp4,"The video shows a person in a white hoodie and jacket holding a shotgun and aiming it at the sky. The person fires the shotgun, and we can see the recoil of the shot. The sky is overcast, and there are birds flying in the background.",T2V_data/label/vidgen_filter_gemini_part_0_dpo_1/OLePbVdUBU0-Scene-0124/depth.mp4,T2V_data/label/vidgen_filter_gemini_part_0_dpo_1/OLePbVdUBU0-Scene-0124/aug_entity_60.png
T2V_data/VIDGEN-1M_unzip/OLePbVdUBU0-Scene-0124.mp4,"The video shows a person in a white hoodie and jacket holding a shotgun and aiming it at the sky. The person fires the shotgun, and we can see the recoil of the shot. The sky is overcast, and there are birds flying in the background.",T2V_data/label/vidgen_filter_gemini_part_0_dpo_1/OLePbVdUBU0-Scene-0124/entity_60.mp4,T2V_data/label/vidgen_filter_gemini_part_0_dpo_1/OLePbVdUBU0-Scene-0124/aug_entity_60.png
T2V_data/VIDGEN-1M_unzip/OOO1-CaNSW0-Scene-0016.mp4,"In the video, a woman is seen climbing a rock wall. She is wearing a white shirt and black pants. She climbs up the wall and then jumps down, landing on a mat. She then stands up and walks towards the camera.",T2V_data/label/vidgen_filter_gemini_part_0_dpo_1/OOO1-CaNSW0-Scene-0016/depth.mp4,T2V_data/label/vidgen_filter_gemini_part_0_dpo_1/OOO1-CaNSW0-Scene-0016/aug_entity_20.png
T2V_data/VIDGEN-1M_unzip/OOO1-CaNSW0-Scene-0016.mp4,"In the video, a woman is seen climbing a rock wall. She is wearing a white shirt and black pants. She climbs up the wall and then jumps down, landing on a mat. She then stands up and walks towards the camera.",T2V_data/label/vidgen_filter_gemini_part_0_dpo_1/OOO1-CaNSW0-Scene-0016/entity_20.mp4,T2V_data/label/vidgen_filter_gemini_part_0_dpo_1/OOO1-CaNSW0-Scene-0016/aug_entity_20.png
T2V_data/VIDGEN-1M_unzip/Oa1rMuhv2jU-Scene-0037.mp4,"The video shows a close-up of a person's gloved hand holding a test tube filled with a clear liquid. The person uses a pipette to carefully draw up a small amount of liquid from a container and then releases it into the test tube. The background is blurred, but it appears to be a laboratory setting with other equipment and possibly other test tubes.",T2V_data/label/vidgen_filter_gemini_part_0_dpo_1/Oa1rMuhv2jU-Scene-0037/depth.mp4,T2V_data/label/vidgen_filter_gemini_part_0_dpo_1/Oa1rMuhv2jU-Scene-0037/aug_entity_40.png
T2V_data/VIDGEN-1M_unzip/Oa1rMuhv2jU-Scene-0037.mp4,"The video shows a close-up of a person's gloved hand holding a test tube filled with a clear liquid. The person uses a pipette to carefully draw up a small amount of liquid from a container and then releases it into the test tube. The background is blurred, but it appears to be a laboratory setting with other equipment and possibly other test tubes.",T2V_data/label/vidgen_filter_gemini_part_0_dpo_1/Oa1rMuhv2jU-Scene-0037/entity_40.mp4,T2V_data/label/vidgen_filter_gemini_part_0_dpo_1/Oa1rMuhv2jU-Scene-0037/aug_entity_40.png
T2V_data/VIDGEN-1M_unzip/Oa1rMuhv2jU-Scene-0037.mp4,"The video shows a close-up of a person's gloved hand holding a test tube filled with a clear liquid. The person uses a pipette to carefully draw up a small amount of liquid from a container and then releases it into the test tube. The background is blurred, but it appears to be a laboratory setting with other equipment and possibly other test tubes.",T2V_data/label/vidgen_filter_gemini_part_0_dpo_1/Oa1rMuhv2jU-Scene-0037/depth.mp4,T2V_data/label/vidgen_filter_gemini_part_0_dpo_1/Oa1rMuhv2jU-Scene-0037/aug_entity_60.png
T2V_data/VIDGEN-1M_unzip/Oa1rMuhv2jU-Scene-0037.mp4,"The video shows a close-up of a person's gloved hand holding a test tube filled with a clear liquid. The person uses a pipette to carefully draw up a small amount of liquid from a container and then releases it into the test tube. The background is blurred, but it appears to be a laboratory setting with other equipment and possibly other test tubes.",T2V_data/label/vidgen_filter_gemini_part_0_dpo_1/Oa1rMuhv2jU-Scene-0037/entity_60.mp4,T2V_data/label/vidgen_filter_gemini_part_0_dpo_1/Oa1rMuhv2jU-Scene-0037/aug_entity_60.png
T2V_data/VIDGEN-1M_unzip/OciDVMKz-Ak-Scene-0029.mp4,"The video shows a man in a gym lifting a barbell with weights on it. He is wearing a white shirt and red shorts. The man is standing in front of a mirror, and he is holding the barbell with both hands. He then proceeds to lift the barbell over his head and then brings it down to his waist. The gym is equipped with various exercise machines and equipment. The man appears to be focused on his workout, and he is performing the exercise with proper form.",T2V_data/label/vidgen_filter_gemini_part_0_dpo_1/OciDVMKz-Ak-Scene-0029/depth.mp4,T2V_data/label/vidgen_filter_gemini_part_0_dpo_1/OciDVMKz-Ak-Scene-0029/aug_entity_20.png
T2V_data/VIDGEN-1M_unzip/OciDVMKz-Ak-Scene-0029.mp4,"The video shows a man in a gym lifting a barbell with weights on it. He is wearing a white shirt and red shorts. The man is standing in front of a mirror, and he is holding the barbell with both hands. He then proceeds to lift the barbell over his head and then brings it down to his waist. The gym is equipped with various exercise machines and equipment. The man appears to be focused on his workout, and he is performing the exercise with proper form.",T2V_data/label/vidgen_filter_gemini_part_0_dpo_1/OciDVMKz-Ak-Scene-0029/entity_20.mp4,T2V_data/label/vidgen_filter_gemini_part_0_dpo_1/OciDVMKz-Ak-Scene-0029/aug_entity_20.png
T2V_data/VIDGEN-1M_unzip/OeDeWAaXAXk-Scene-0050.mp4,"In the video, a large snow plow is seen moving through a snowy landscape. The plow is equipped with a large yellow arm that is spraying water onto the snow. The water is being sprayed in a way that it is clearing the snow from the ground. The plow is moving slowly and steadily, ensuring that the snow is being cleared effectively. The landscape around the plow is covered in a thick layer of snow, and there are trees visible in the background. The sky is clear and blue, indicating that it is a sunny day. The video provides a clear view of the plow's operation and the effectiveness of the water spray in clearing the snow.",T2V_data/label/vidgen_filter_gemini_part_0_dpo_1/OeDeWAaXAXk-Scene-0050/depth.mp4,T2V_data/label/vidgen_filter_gemini_part_0_dpo_1/OeDeWAaXAXk-Scene-0050/aug_entity_20.png
T2V_data/VIDGEN-1M_unzip/OeDeWAaXAXk-Scene-0050.mp4,"In the video, a large snow plow is seen moving through a snowy landscape. The plow is equipped with a large yellow arm that is spraying water onto the snow. The water is being sprayed in a way that it is clearing the snow from the ground. The plow is moving slowly and steadily, ensuring that the snow is being cleared effectively. The landscape around the plow is covered in a thick layer of snow, and there are trees visible in the background. The sky is clear and blue, indicating that it is a sunny day. The video provides a clear view of the plow's operation and the effectiveness of the water spray in clearing the snow.",T2V_data/label/vidgen_filter_gemini_part_0_dpo_1/OeDeWAaXAXk-Scene-0050/entity_20.mp4,T2V_data/label/vidgen_filter_gemini_part_0_dpo_1/OeDeWAaXAXk-Scene-0050/aug_entity_20.png
T2V_data/VIDGEN-1M_unzip/OsrfqOZ4SO0-Scene-0055.mp4,"In the video, a man is seen standing in front of a terrarium. He is holding a long stick and using it to move around inside the terrarium. The terrarium is filled with wood shavings, and there is a bird inside. The man appears to be trying to catch the bird with the stick. The bird is flying around inside the terrarium, and the man is moving the stick around to try and catch it. The terrarium is made of glass and has a metal frame. The man is wearing a black shirt and appears to be focused on catching the bird. The bird is small and brown, and it is flying around quickly inside the terrarium. The man is using the stick to try and catch the bird, but the bird is too fast and keeps flying away. The video ends with the man still trying to catch the bird.",T2V_data/label/vidgen_filter_gemini_part_0_dpo_1/OsrfqOZ4SO0-Scene-0055/depth.mp4,T2V_data/label/vidgen_filter_gemini_part_0_dpo_1/OsrfqOZ4SO0-Scene-0055/aug_entity_60.png
T2V_data/VIDGEN-1M_unzip/OsrfqOZ4SO0-Scene-0055.mp4,"In the video, a man is seen standing in front of a terrarium. He is holding a long stick and using it to move around inside the terrarium. The terrarium is filled with wood shavings, and there is a bird inside. The man appears to be trying to catch the bird with the stick. The bird is flying around inside the terrarium, and the man is moving the stick around to try and catch it. The terrarium is made of glass and has a metal frame. The man is wearing a black shirt and appears to be focused on catching the bird. The bird is small and brown, and it is flying around quickly inside the terrarium. The man is using the stick to try and catch the bird, but the bird is too fast and keeps flying away. The video ends with the man still trying to catch the bird.",T2V_data/label/vidgen_filter_gemini_part_0_dpo_1/OsrfqOZ4SO0-Scene-0055/entity_60.mp4,T2V_data/label/vidgen_filter_gemini_part_0_dpo_1/OsrfqOZ4SO0-Scene-0055/aug_entity_60.png
T2V_data/VIDGEN-1M_unzip/Oz-8njc24Vo-Scene-0076.mp4,"The video shows a person's hands folding a piece of brown paper into a three-dimensional shape. The person is folding the paper in a specific way to create a box-like structure. The hands are shown making precise folds and creases to ensure the structure holds its shape. The background is a plain white surface, which provides a clear contrast to the brown paper. The person's hands move with precision and care, indicating that they are experienced in paper folding. The video does not include any audio or additional visual elements, focusing solely on the folding process.",T2V_data/label/vidgen_filter_gemini_part_0_dpo_1/Oz-8njc24Vo-Scene-0076/depth.mp4,T2V_data/label/vidgen_filter_gemini_part_0_dpo_1/Oz-8njc24Vo-Scene-0076/aug_entity_40.png
T2V_data/VIDGEN-1M_unzip/Oz-8njc24Vo-Scene-0076.mp4,"The video shows a person's hands folding a piece of brown paper into a three-dimensional shape. The person is folding the paper in a specific way to create a box-like structure. The hands are shown making precise folds and creases to ensure the structure holds its shape. The background is a plain white surface, which provides a clear contrast to the brown paper. The person's hands move with precision and care, indicating that they are experienced in paper folding. The video does not include any audio or additional visual elements, focusing solely on the folding process.",T2V_data/label/vidgen_filter_gemini_part_0_dpo_1/Oz-8njc24Vo-Scene-0076/entity_40.mp4,T2V_data/label/vidgen_filter_gemini_part_0_dpo_1/Oz-8njc24Vo-Scene-0076/aug_entity_40.png
T2V_data/VIDGEN-1M_unzip/P1JmVdqWh44-Scene-0104.mp4,"The video begins with a watermelon placed on the ground, with a firework placed on top of it. The firework is lit, and it explodes, causing the watermelon to catch fire. The fire spreads rapidly, engulfing the watermelon in flames. The fire continues to burn, with the watermelon eventually becoming charred and blackened. The firework's explosion is bright and colorful, contrasting with the dark, smoky aftermath.",T2V_data/label/vidgen_filter_gemini_part_0_dpo_1/P1JmVdqWh44-Scene-0104/depth.mp4,T2V_data/label/vidgen_filter_gemini_part_0_dpo_1/P1JmVdqWh44-Scene-0104/aug_entity_40.png
T2V_data/VIDGEN-1M_unzip/P1JmVdqWh44-Scene-0104.mp4,"The video begins with a watermelon placed on the ground, with a firework placed on top of it. The firework is lit, and it explodes, causing the watermelon to catch fire. The fire spreads rapidly, engulfing the watermelon in flames. The fire continues to burn, with the watermelon eventually becoming charred and blackened. The firework's explosion is bright and colorful, contrasting with the dark, smoky aftermath.",T2V_data/label/vidgen_filter_gemini_part_0_dpo_1/P1JmVdqWh44-Scene-0104/entity_40.mp4,T2V_data/label/vidgen_filter_gemini_part_0_dpo_1/P1JmVdqWh44-Scene-0104/aug_entity_40.png
T2V_data/VIDGEN-1M_unzip/P1JmVdqWh44-Scene-0104.mp4,"The video begins with a watermelon placed on the ground, with a firework placed on top of it. The firework is lit, and it explodes, causing the watermelon to catch fire. The fire spreads rapidly, engulfing the watermelon in flames. The fire continues to burn, with the watermelon eventually becoming charred and blackened. The firework's explosion is bright and colorful, contrasting with the dark, smoky aftermath.",T2V_data/label/vidgen_filter_gemini_part_0_dpo_1/P1JmVdqWh44-Scene-0104/depth.mp4,T2V_data/label/vidgen_filter_gemini_part_0_dpo_1/P1JmVdqWh44-Scene-0104/aug_entity_60.png
T2V_data/VIDGEN-1M_unzip/P1JmVdqWh44-Scene-0104.mp4,"The video begins with a watermelon placed on the ground, with a firework placed on top of it. The firework is lit, and it explodes, causing the watermelon to catch fire. The fire spreads rapidly, engulfing the watermelon in flames. The fire continues to burn, with the watermelon eventually becoming charred and blackened. The firework's explosion is bright and colorful, contrasting with the dark, smoky aftermath.",T2V_data/label/vidgen_filter_gemini_part_0_dpo_1/P1JmVdqWh44-Scene-0104/entity_60.mp4,T2V_data/label/vidgen_filter_gemini_part_0_dpo_1/P1JmVdqWh44-Scene-0104/aug_entity_60.png
T2V_data/VIDGEN-1M_unzip/WmWz_w_fKY4-Scene-0014.mp4,"In the video, a man is standing in a kitchen and talking to the camera. He is wearing a black shirt and an apron. The kitchen has a black wall with a sign that says \""CHF STU.\"" The man is holding a pot in one hand and a bowl in the other. He pours the contents of the pot into the bowl and then proceeds to mix the contents with a spoon. The kitchen is well-lit, and there are shelves with various kitchen items in the background. The man appears to be demonstrating a cooking technique or recipe.",T2V_data/label/vidgen_filter_gemini_part_0_dpo_1/WmWz_w_fKY4-Scene-0014/depth.mp4,T2V_data/label/vidgen_filter_gemini_part_0_dpo_1/WmWz_w_fKY4-Scene-0014/aug_entity_60.png
T2V_data/VIDGEN-1M_unzip/WmWz_w_fKY4-Scene-0014.mp4,"In the video, a man is standing in a kitchen and talking to the camera. He is wearing a black shirt and an apron. The kitchen has a black wall with a sign that says \""CHF STU.\"" The man is holding a pot in one hand and a bowl in the other. He pours the contents of the pot into the bowl and then proceeds to mix the contents with a spoon. The kitchen is well-lit, and there are shelves with various kitchen items in the background. The man appears to be demonstrating a cooking technique or recipe.",T2V_data/label/vidgen_filter_gemini_part_0_dpo_1/WmWz_w_fKY4-Scene-0014/entity_60.mp4,T2V_data/label/vidgen_filter_gemini_part_0_dpo_1/WmWz_w_fKY4-Scene-0014/aug_entity_60.png
T2V_data/VIDGEN-1M_unzip/Xs5VcReF_E4-Scene-0093.mp4,"The video shows a person holding two knives, one in each hand. The knives have black handles and silver blades. The person is demonstrating how to open and close the knives using a thumb stud. The background is a blue surface.",T2V_data/label/vidgen_filter_gemini_part_0_dpo_1/Xs5VcReF_E4-Scene-0093/depth.mp4,T2V_data/label/vidgen_filter_gemini_part_0_dpo_1/Xs5VcReF_E4-Scene-0093/aug_entity_60.png
T2V_data/VIDGEN-1M_unzip/Xs5VcReF_E4-Scene-0093.mp4,"The video shows a person holding two knives, one in each hand. The knives have black handles and silver blades. The person is demonstrating how to open and close the knives using a thumb stud. The background is a blue surface.",T2V_data/label/vidgen_filter_gemini_part_0_dpo_1/Xs5VcReF_E4-Scene-0093/entity_60.mp4,T2V_data/label/vidgen_filter_gemini_part_0_dpo_1/Xs5VcReF_E4-Scene-0093/aug_entity_60.png
T2V_data/VIDGEN-1M_unzip/Xu18Ns7Bxck-Scene-0008.mp4,"In the video, a person is seen pouring a bowl of pumpkin seeds into a blender. The blender is placed on a white surface, and the person's hands are visible as they pour the seeds. The pumpkin seeds are green and appear to be fresh. The blender is clear, and the seeds can be seen inside it once they are poured in. The person's nails are painted pink, and they are wearing a ring on their left hand. The video is shot from a top-down perspective, and the person's actions are deliberate and careful as they pour the seeds into the blender.",T2V_data/label/vidgen_filter_gemini_part_0_dpo_1/Xu18Ns7Bxck-Scene-0008/depth.mp4,T2V_data/label/vidgen_filter_gemini_part_0_dpo_1/Xu18Ns7Bxck-Scene-0008/aug_entity_40.png
T2V_data/VIDGEN-1M_unzip/Xu18Ns7Bxck-Scene-0008.mp4,"In the video, a person is seen pouring a bowl of pumpkin seeds into a blender. The blender is placed on a white surface, and the person's hands are visible as they pour the seeds. The pumpkin seeds are green and appear to be fresh. The blender is clear, and the seeds can be seen inside it once they are poured in. The person's nails are painted pink, and they are wearing a ring on their left hand. The video is shot from a top-down perspective, and the person's actions are deliberate and careful as they pour the seeds into the blender.",T2V_data/label/vidgen_filter_gemini_part_0_dpo_1/Xu18Ns7Bxck-Scene-0008/entity_40.mp4,T2V_data/label/vidgen_filter_gemini_part_0_dpo_1/Xu18Ns7Bxck-Scene-0008/aug_entity_40.png
T2V_data/VIDGEN-1M_unzip/Y27EuklLBac-Scene-0019.mp4,"The video shows a black cat playing with a toy. The cat is seen walking around the toy, which is a small, brown, plastic structure with a green top. The cat then jumps onto the toy and begins to play with it. The toy appears to be a small, plastic structure with a green top, and the cat is seen playing with it by jumping on and off of it. The cat's fur is black, and it appears to be a domestic short-haired breed. The toy is placed on a white carpet, and the background is a plain white wall. The video is shot in a well-lit room, and the cat's movements are playful and energetic.",T2V_data/label/vidgen_filter_gemini_part_0_dpo_1/Y27EuklLBac-Scene-0019/depth.mp4,T2V_data/label/vidgen_filter_gemini_part_0_dpo_1/Y27EuklLBac-Scene-0019/aug_entity_40.png
T2V_data/VIDGEN-1M_unzip/Y27EuklLBac-Scene-0019.mp4,"The video shows a black cat playing with a toy. The cat is seen walking around the toy, which is a small, brown, plastic structure with a green top. The cat then jumps onto the toy and begins to play with it. The toy appears to be a small, plastic structure with a green top, and the cat is seen playing with it by jumping on and off of it. The cat's fur is black, and it appears to be a domestic short-haired breed. The toy is placed on a white carpet, and the background is a plain white wall. The video is shot in a well-lit room, and the cat's movements are playful and energetic.",T2V_data/label/vidgen_filter_gemini_part_0_dpo_1/Y27EuklLBac-Scene-0019/entity_40.mp4,T2V_data/label/vidgen_filter_gemini_part_0_dpo_1/Y27EuklLBac-Scene-0019/aug_entity_40.png
T2V_data/VIDGEN-1M_unzip/Y42TLcGYE7E-Scene-0007.mp4,"In the video, a small child is seen playing with a dog on a leash. The dog is black and white and is standing on a bed of wood chips. The child is holding a red leash and is pulling on it, while the dog is trying to pull back. The child is wearing a blue and white shirt and blue shorts. The dog is wearing a red collar. The child is pulling the leash with all his might, trying to get the dog to come closer. The dog is resisting and pulling back, trying to get away from the child. The child is laughing and having fun, while the dog seems to be enjoying the game as well. The background is a grassy area with trees in the distance.",T2V_data/label/vidgen_filter_gemini_part_0_dpo_1/Y42TLcGYE7E-Scene-0007/depth.mp4,T2V_data/label/vidgen_filter_gemini_part_0_dpo_1/Y42TLcGYE7E-Scene-0007/aug_entity_20.png
T2V_data/VIDGEN-1M_unzip/Y42TLcGYE7E-Scene-0007.mp4,"In the video, a small child is seen playing with a dog on a leash. The dog is black and white and is standing on a bed of wood chips. The child is holding a red leash and is pulling on it, while the dog is trying to pull back. The child is wearing a blue and white shirt and blue shorts. The dog is wearing a red collar. The child is pulling the leash with all his might, trying to get the dog to come closer. The dog is resisting and pulling back, trying to get away from the child. The child is laughing and having fun, while the dog seems to be enjoying the game as well. The background is a grassy area with trees in the distance.",T2V_data/label/vidgen_filter_gemini_part_0_dpo_1/Y42TLcGYE7E-Scene-0007/entity_20.mp4,T2V_data/label/vidgen_filter_gemini_part_0_dpo_1/Y42TLcGYE7E-Scene-0007/aug_entity_20.png
T2V_data/VIDGEN-1M_unzip/YD3UDpamaZA-Scene-0004.mp4,"The video shows a rocket launching into the sky. The rocket is on fire and is leaving a trail of flames and smoke behind it. The sky is dark, and there are stars visible in the background. The rocket is moving upwards, and the flames and smoke are getting bigger as it ascends.",T2V_data/label/vidgen_filter_gemini_part_0_dpo_1/YD3UDpamaZA-Scene-0004/depth.mp4,T2V_data/label/vidgen_filter_gemini_part_0_dpo_1/YD3UDpamaZA-Scene-0004/aug_entity_40.png
T2V_data/VIDGEN-1M_unzip/YD3UDpamaZA-Scene-0004.mp4,"The video shows a rocket launching into the sky. The rocket is on fire and is leaving a trail of flames and smoke behind it. The sky is dark, and there are stars visible in the background. The rocket is moving upwards, and the flames and smoke are getting bigger as it ascends.",T2V_data/label/vidgen_filter_gemini_part_0_dpo_1/YD3UDpamaZA-Scene-0004/entity_40.mp4,T2V_data/label/vidgen_filter_gemini_part_0_dpo_1/YD3UDpamaZA-Scene-0004/aug_entity_40.png
T2V_data/VIDGEN-1M_unzip/YTMAHrIN07A-Scene-0127.mp4,"In the video, a person is seen using a tool to cut a piece of metal. The tool is held in the person's right hand, and the metal is held in the left hand. The person is wearing a blue jacket, and the background is a workshop with various tools and equipment. The person's hands are steady as they make precise cuts into the metal, which appears to be a dark gray color. The tool used is a metal cutting tool with a sharp blade, and the person is using it to make straight cuts into the metal. The workshop is well-lit, and the person's movements are deliberate and controlled.",T2V_data/label/vidgen_filter_gemini_part_0_dpo_1/YTMAHrIN07A-Scene-0127/depth.mp4,T2V_data/label/vidgen_filter_gemini_part_0_dpo_1/YTMAHrIN07A-Scene-0127/aug_entity_40.png
T2V_data/VIDGEN-1M_unzip/YTMAHrIN07A-Scene-0127.mp4,"In the video, a person is seen using a tool to cut a piece of metal. The tool is held in the person's right hand, and the metal is held in the left hand. The person is wearing a blue jacket, and the background is a workshop with various tools and equipment. The person's hands are steady as they make precise cuts into the metal, which appears to be a dark gray color. The tool used is a metal cutting tool with a sharp blade, and the person is using it to make straight cuts into the metal. The workshop is well-lit, and the person's movements are deliberate and controlled.",T2V_data/label/vidgen_filter_gemini_part_0_dpo_1/YTMAHrIN07A-Scene-0127/entity_40.mp4,T2V_data/label/vidgen_filter_gemini_part_0_dpo_1/YTMAHrIN07A-Scene-0127/aug_entity_40.png
T2V_data/VIDGEN-1M_unzip/YbmF1m8T5JU-Scene-0081.mp4,"In the video, a man is seen kneeling down in a garden, surrounded by various plants. He is wearing a black and orange shirt and is holding a weed trimmer in his hand. The man is using the trimmer to cut down the weeds around the plants. He appears to be focused on his task, carefully trimming each weed to ensure that the plants are healthy and well-maintained. The garden itself is lush and green, with a variety of plants and flowers visible in the background. The man's movements are precise and deliberate, indicating that he is experienced in gardening and knows how to properly care for the plants. Overall, the video showcases the man's dedication to maintaining a beautiful and healthy garden.",T2V_data/label/vidgen_filter_gemini_part_0_dpo_1/YbmF1m8T5JU-Scene-0081/depth.mp4,T2V_data/label/vidgen_filter_gemini_part_0_dpo_1/YbmF1m8T5JU-Scene-0081/aug_entity_20.png
T2V_data/VIDGEN-1M_unzip/YbmF1m8T5JU-Scene-0081.mp4,"In the video, a man is seen kneeling down in a garden, surrounded by various plants. He is wearing a black and orange shirt and is holding a weed trimmer in his hand. The man is using the trimmer to cut down the weeds around the plants. He appears to be focused on his task, carefully trimming each weed to ensure that the plants are healthy and well-maintained. The garden itself is lush and green, with a variety of plants and flowers visible in the background. The man's movements are precise and deliberate, indicating that he is experienced in gardening and knows how to properly care for the plants. Overall, the video showcases the man's dedication to maintaining a beautiful and healthy garden.",T2V_data/label/vidgen_filter_gemini_part_0_dpo_1/YbmF1m8T5JU-Scene-0081/entity_20.mp4,T2V_data/label/vidgen_filter_gemini_part_0_dpo_1/YbmF1m8T5JU-Scene-0081/aug_entity_20.png
T2V_data/VIDGEN-1M_unzip/ZJhr5JMppgI-Scene-0133.mp4,The video shows a woman riding a white horse in an indoor arena. The horse is wearing a red saddle pad and the woman is wearing a black helmet. They are jumping over obstacles and the woman is holding the reins. The arena has wooden walls and a sandy floor.,T2V_data/label/vidgen_filter_gemini_part_0_dpo_1/ZJhr5JMppgI-Scene-0133/depth.mp4,T2V_data/label/vidgen_filter_gemini_part_0_dpo_1/ZJhr5JMppgI-Scene-0133/aug_entity_40.png
T2V_data/VIDGEN-1M_unzip/ZJhr5JMppgI-Scene-0133.mp4,The video shows a woman riding a white horse in an indoor arena. The horse is wearing a red saddle pad and the woman is wearing a black helmet. They are jumping over obstacles and the woman is holding the reins. The arena has wooden walls and a sandy floor.,T2V_data/label/vidgen_filter_gemini_part_0_dpo_1/ZJhr5JMppgI-Scene-0133/entity_40.mp4,T2V_data/label/vidgen_filter_gemini_part_0_dpo_1/ZJhr5JMppgI-Scene-0133/aug_entity_40.png
T2V_data/VIDGEN-1M_unzip/ZbdhUJoncyU-Scene-0010.mp4,"In the video, a person is seen cutting a butternut squash on a wooden cutting board. The person uses a large knife to make a vertical cut down the center of the squash, and then proceeds to cut the squash in half. The squash is orange in color, and the knife is silver. The person's hands are visible, and they are wearing a blue shirt. The cutting board is placed on a kitchen counter.",T2V_data/label/vidgen_filter_gemini_part_0_dpo_1/ZbdhUJoncyU-Scene-0010/depth.mp4,T2V_data/label/vidgen_filter_gemini_part_0_dpo_1/ZbdhUJoncyU-Scene-0010/aug_entity_40.png
T2V_data/VIDGEN-1M_unzip/ZbdhUJoncyU-Scene-0010.mp4,"In the video, a person is seen cutting a butternut squash on a wooden cutting board. The person uses a large knife to make a vertical cut down the center of the squash, and then proceeds to cut the squash in half. The squash is orange in color, and the knife is silver. The person's hands are visible, and they are wearing a blue shirt. The cutting board is placed on a kitchen counter.",T2V_data/label/vidgen_filter_gemini_part_0_dpo_1/ZbdhUJoncyU-Scene-0010/entity_40.mp4,T2V_data/label/vidgen_filter_gemini_part_0_dpo_1/ZbdhUJoncyU-Scene-0010/aug_entity_40.png
T2V_data/VIDGEN-1M_unzip/_83HXg1APqo-Scene-0016.mp4,"In the video, a white dog is seen standing on a grassy lawn. The dog is looking at a pile of bubble wrap that is on the ground. The dog then proceeds to jump on the bubble wrap, causing it to pop. The dog seems to be enjoying the sound and movement of the bubble wrap. The grass is green and well-maintained, and the bubble wrap is white and appears to be in good condition. The dog is medium-sized with a short coat and pointed ears. It is wearing a collar, but there is no visible tag or identification. The dog's tail is wagging, indicating that it is happy and enjoying itself. The video is shot during the daytime, and there are no other animals or people visible in the frame.",T2V_data/label/vidgen_filter_gemini_part_0_dpo_1/_83HXg1APqo-Scene-0016/depth.mp4,T2V_data/label/vidgen_filter_gemini_part_0_dpo_1/_83HXg1APqo-Scene-0016/aug_entity_40.png
T2V_data/VIDGEN-1M_unzip/_83HXg1APqo-Scene-0016.mp4,"In the video, a white dog is seen standing on a grassy lawn. The dog is looking at a pile of bubble wrap that is on the ground. The dog then proceeds to jump on the bubble wrap, causing it to pop. The dog seems to be enjoying the sound and movement of the bubble wrap. The grass is green and well-maintained, and the bubble wrap is white and appears to be in good condition. The dog is medium-sized with a short coat and pointed ears. It is wearing a collar, but there is no visible tag or identification. The dog's tail is wagging, indicating that it is happy and enjoying itself. The video is shot during the daytime, and there are no other animals or people visible in the frame.",T2V_data/label/vidgen_filter_gemini_part_0_dpo_1/_83HXg1APqo-Scene-0016/entity_40.mp4,T2V_data/label/vidgen_filter_gemini_part_0_dpo_1/_83HXg1APqo-Scene-0016/aug_entity_40.png
T2V_data/VIDGEN-1M_unzip/_BBIeaXRjm8-Scene-0019.mp4,"The video shows a close-up of a bolt and nut on a piece of machinery. The bolt is silver and has a hexagonal head, while the nut is also silver and has a hexagonal shape. The machinery appears to be made of metal and has a circular shape with a hole in the center. The bolt is being turned clockwise, and the nut is being moved up and down. The background is blurred, but it seems to be a workshop or factory setting.",T2V_data/label/vidgen_filter_gemini_part_0_dpo_1/_BBIeaXRjm8-Scene-0019/depth.mp4,T2V_data/label/vidgen_filter_gemini_part_0_dpo_1/_BBIeaXRjm8-Scene-0019/aug_entity_40.png
T2V_data/VIDGEN-1M_unzip/_BBIeaXRjm8-Scene-0019.mp4,"The video shows a close-up of a bolt and nut on a piece of machinery. The bolt is silver and has a hexagonal head, while the nut is also silver and has a hexagonal shape. The machinery appears to be made of metal and has a circular shape with a hole in the center. The bolt is being turned clockwise, and the nut is being moved up and down. The background is blurred, but it seems to be a workshop or factory setting.",T2V_data/label/vidgen_filter_gemini_part_0_dpo_1/_BBIeaXRjm8-Scene-0019/entity_40.mp4,T2V_data/label/vidgen_filter_gemini_part_0_dpo_1/_BBIeaXRjm8-Scene-0019/aug_entity_40.png
T2V_data/VIDGEN-1M_unzip/_IXyfMmE2KQ-Scene-0040.mp4,"The video shows a yellow BMW car driving through a snowy course with cones. The car is seen from different angles as it maneuvers around the cones, showcasing its driving capabilities in the snow. The car is a bright yellow color, and the cones are blue and white. The video is shot during the daytime, and the snowy landscape is visible in the background.",T2V_data/label/vidgen_filter_gemini_part_0_dpo_1/_IXyfMmE2KQ-Scene-0040/depth.mp4,T2V_data/label/vidgen_filter_gemini_part_0_dpo_1/_IXyfMmE2KQ-Scene-0040/aug_entity_20.png
T2V_data/VIDGEN-1M_unzip/_IXyfMmE2KQ-Scene-0040.mp4,"The video shows a yellow BMW car driving through a snowy course with cones. The car is seen from different angles as it maneuvers around the cones, showcasing its driving capabilities in the snow. The car is a bright yellow color, and the cones are blue and white. The video is shot during the daytime, and the snowy landscape is visible in the background.",T2V_data/label/vidgen_filter_gemini_part_0_dpo_1/_IXyfMmE2KQ-Scene-0040/entity_20.mp4,T2V_data/label/vidgen_filter_gemini_part_0_dpo_1/_IXyfMmE2KQ-Scene-0040/aug_entity_20.png
T2V_data/VIDGEN-1M_unzip/_WHIDZ45hPw-Scene-0177.mp4,"The video shows a close-up of meat skewers being cooked on a grill. The skewers are placed over a blue flame, and the meat is browned and charred in places. The grill appears to be outdoors, and the meat is being turned over to ensure even cooking. The flames occasionally flare up, adding to the visual appeal of the cooking process.",T2V_data/label/vidgen_filter_gemini_part_0_dpo_1/_WHIDZ45hPw-Scene-0177/depth.mp4,T2V_data/label/vidgen_filter_gemini_part_0_dpo_1/_WHIDZ45hPw-Scene-0177/aug_entity_40.png
T2V_data/VIDGEN-1M_unzip/_WHIDZ45hPw-Scene-0177.mp4,"The video shows a close-up of meat skewers being cooked on a grill. The skewers are placed over a blue flame, and the meat is browned and charred in places. The grill appears to be outdoors, and the meat is being turned over to ensure even cooking. The flames occasionally flare up, adding to the visual appeal of the cooking process.",T2V_data/label/vidgen_filter_gemini_part_0_dpo_1/_WHIDZ45hPw-Scene-0177/entity_40.mp4,T2V_data/label/vidgen_filter_gemini_part_0_dpo_1/_WHIDZ45hPw-Scene-0177/aug_entity_40.png
T2V_data/VIDGEN-1M_unzip/_p2eIpA0tNc-Scene-0023.mp4,"In the video, a person is seen using a knife to clean out a hole in a piece of metal. The person is wearing a white shirt and is standing in front of a blue machine. The metal piece is attached to the machine, and the person is using the knife to scrape out any debris from the hole. The person's hand is visible as they hold the knife and move it around the hole. The video is shot in a workshop setting, and there is no other person or object visible in the frame.",T2V_data/label/vidgen_filter_gemini_part_0_dpo_1/_p2eIpA0tNc-Scene-0023/depth.mp4,T2V_data/label/vidgen_filter_gemini_part_0_dpo_1/_p2eIpA0tNc-Scene-0023/aug_entity_60.png
T2V_data/VIDGEN-1M_unzip/_p2eIpA0tNc-Scene-0023.mp4,"In the video, a person is seen using a knife to clean out a hole in a piece of metal. The person is wearing a white shirt and is standing in front of a blue machine. The metal piece is attached to the machine, and the person is using the knife to scrape out any debris from the hole. The person's hand is visible as they hold the knife and move it around the hole. The video is shot in a workshop setting, and there is no other person or object visible in the frame.",T2V_data/label/vidgen_filter_gemini_part_0_dpo_1/_p2eIpA0tNc-Scene-0023/entity_60.mp4,T2V_data/label/vidgen_filter_gemini_part_0_dpo_1/_p2eIpA0tNc-Scene-0023/aug_entity_60.png
T2V_data/VIDGEN-1M_unzip/aHqYOiKnRs8-Scene-0050.mp4,"In the video, a person is seen holding a small electronic device in their hand. The device appears to be a small circuit board with a black and red wire attached to it. The person is using a soldering iron to solder wires onto the circuit board. The soldering iron has a silver tip and is being held in the person's other hand. The person is wearing a black shirt and has a watch on their left wrist. The background is a cluttered workbench with various tools and wires scattered around.",T2V_data/label/vidgen_filter_gemini_part_0_dpo_1/aHqYOiKnRs8-Scene-0050/depth.mp4,T2V_data/label/vidgen_filter_gemini_part_0_dpo_1/aHqYOiKnRs8-Scene-0050/aug_entity_40.png
T2V_data/VIDGEN-1M_unzip/aHqYOiKnRs8-Scene-0050.mp4,"In the video, a person is seen holding a small electronic device in their hand. The device appears to be a small circuit board with a black and red wire attached to it. The person is using a soldering iron to solder wires onto the circuit board. The soldering iron has a silver tip and is being held in the person's other hand. The person is wearing a black shirt and has a watch on their left wrist. The background is a cluttered workbench with various tools and wires scattered around.",T2V_data/label/vidgen_filter_gemini_part_0_dpo_1/aHqYOiKnRs8-Scene-0050/entity_40.mp4,T2V_data/label/vidgen_filter_gemini_part_0_dpo_1/aHqYOiKnRs8-Scene-0050/aug_entity_40.png
T2V_data/VIDGEN-1M_unzip/aNV87mTm4dE-Scene-0053.mp4,"The video features a wrestling match between two men in a ring. One man is wearing black trunks, while the other is wearing red trunks. The man in black trunks picks up the man in red trunks and slams him onto the mat. The crowd is visible in the background, cheering and watching the match. The wrestling ring has red ropes and a black mat. The man in black trunks then stands over the man in red trunks, who is lying on the mat.",T2V_data/label/vidgen_filter_gemini_part_0_dpo_1/aNV87mTm4dE-Scene-0053/depth.mp4,T2V_data/label/vidgen_filter_gemini_part_0_dpo_1/aNV87mTm4dE-Scene-0053/aug_entity_20.png
T2V_data/VIDGEN-1M_unzip/aNV87mTm4dE-Scene-0053.mp4,"The video features a wrestling match between two men in a ring. One man is wearing black trunks, while the other is wearing red trunks. The man in black trunks picks up the man in red trunks and slams him onto the mat. The crowd is visible in the background, cheering and watching the match. The wrestling ring has red ropes and a black mat. The man in black trunks then stands over the man in red trunks, who is lying on the mat.",T2V_data/label/vidgen_filter_gemini_part_0_dpo_1/aNV87mTm4dE-Scene-0053/entity_20.mp4,T2V_data/label/vidgen_filter_gemini_part_0_dpo_1/aNV87mTm4dE-Scene-0053/aug_entity_20.png
T2V_data/VIDGEN-1M_unzip/aNV87mTm4dE-Scene-0053.mp4,"The video features a wrestling match between two men in a ring. One man is wearing black trunks, while the other is wearing red trunks. The man in black trunks picks up the man in red trunks and slams him onto the mat. The crowd is visible in the background, cheering and watching the match. The wrestling ring has red ropes and a black mat. The man in black trunks then stands over the man in red trunks, who is lying on the mat.",T2V_data/label/vidgen_filter_gemini_part_0_dpo_1/aNV87mTm4dE-Scene-0053/depth.mp4,T2V_data/label/vidgen_filter_gemini_part_0_dpo_1/aNV87mTm4dE-Scene-0053/aug_entity_40.png
T2V_data/VIDGEN-1M_unzip/aNV87mTm4dE-Scene-0053.mp4,"The video features a wrestling match between two men in a ring. One man is wearing black trunks, while the other is wearing red trunks. The man in black trunks picks up the man in red trunks and slams him onto the mat. The crowd is visible in the background, cheering and watching the match. The wrestling ring has red ropes and a black mat. The man in black trunks then stands over the man in red trunks, who is lying on the mat.",T2V_data/label/vidgen_filter_gemini_part_0_dpo_1/aNV87mTm4dE-Scene-0053/entity_40.mp4,T2V_data/label/vidgen_filter_gemini_part_0_dpo_1/aNV87mTm4dE-Scene-0053/aug_entity_40.png
T2V_data/VIDGEN-1M_unzip/aRamwJl3CS4-Scene-0010.mp4,"The video shows a close-up of a person's hand as they apply white caulking to a blue wooden window frame. The hand is shown pressing the caulking into the frame, smoothing it out, and then removing any excess caulking. The video is shot in a well-lit area, and the focus is solely on the hand and the window frame.",T2V_data/label/vidgen_filter_gemini_part_0_dpo_1/aRamwJl3CS4-Scene-0010/depth.mp4,T2V_data/label/vidgen_filter_gemini_part_0_dpo_1/aRamwJl3CS4-Scene-0010/aug_entity_40.png
T2V_data/VIDGEN-1M_unzip/aRamwJl3CS4-Scene-0010.mp4,"The video shows a close-up of a person's hand as they apply white caulking to a blue wooden window frame. The hand is shown pressing the caulking into the frame, smoothing it out, and then removing any excess caulking. The video is shot in a well-lit area, and the focus is solely on the hand and the window frame.",T2V_data/label/vidgen_filter_gemini_part_0_dpo_1/aRamwJl3CS4-Scene-0010/entity_40.mp4,T2V_data/label/vidgen_filter_gemini_part_0_dpo_1/aRamwJl3CS4-Scene-0010/aug_entity_40.png
T2V_data/VIDGEN-1M_unzip/ae_M07MV0UM-Scene-0062.mp4,"The video shows a person's hands holding a pink and white knitted hat. The person is manipulating the hat, stretching it out and then folding it back in. The hat appears to be made of a soft, stretchy material and has a ribbed texture. The person's hands are visible throughout the video, and the background is a solid black color.",T2V_data/label/vidgen_filter_gemini_part_0_dpo_1/ae_M07MV0UM-Scene-0062/depth.mp4,T2V_data/label/vidgen_filter_gemini_part_0_dpo_1/ae_M07MV0UM-Scene-0062/aug_entity_20.png
T2V_data/VIDGEN-1M_unzip/ae_M07MV0UM-Scene-0062.mp4,"The video shows a person's hands holding a pink and white knitted hat. The person is manipulating the hat, stretching it out and then folding it back in. The hat appears to be made of a soft, stretchy material and has a ribbed texture. The person's hands are visible throughout the video, and the background is a solid black color.",T2V_data/label/vidgen_filter_gemini_part_0_dpo_1/ae_M07MV0UM-Scene-0062/entity_20.mp4,T2V_data/label/vidgen_filter_gemini_part_0_dpo_1/ae_M07MV0UM-Scene-0062/aug_entity_20.png
T2V_data/VIDGEN-1M_unzip/ae_M07MV0UM-Scene-0062.mp4,"The video shows a person's hands holding a pink and white knitted hat. The person is manipulating the hat, stretching it out and then folding it back in. The hat appears to be made of a soft, stretchy material and has a ribbed texture. The person's hands are visible throughout the video, and the background is a solid black color.",T2V_data/label/vidgen_filter_gemini_part_0_dpo_1/ae_M07MV0UM-Scene-0062/depth.mp4,T2V_data/label/vidgen_filter_gemini_part_0_dpo_1/ae_M07MV0UM-Scene-0062/aug_entity_40.png
T2V_data/VIDGEN-1M_unzip/ae_M07MV0UM-Scene-0062.mp4,"The video shows a person's hands holding a pink and white knitted hat. The person is manipulating the hat, stretching it out and then folding it back in. The hat appears to be made of a soft, stretchy material and has a ribbed texture. The person's hands are visible throughout the video, and the background is a solid black color.",T2V_data/label/vidgen_filter_gemini_part_0_dpo_1/ae_M07MV0UM-Scene-0062/entity_40.mp4,T2V_data/label/vidgen_filter_gemini_part_0_dpo_1/ae_M07MV0UM-Scene-0062/aug_entity_40.png
T2V_data/VIDGEN-1M_unzip/ajFjvgddec8-Scene-0127.mp4,"The video shows a silver van with a roof rack parked on a snow-covered ground. The van is moving slowly in a circular motion, leaving tire tracks in the snow. The background consists of a clear blue sky and distant mountains. There are no visible people or other vehicles in the video.",T2V_data/label/vidgen_filter_gemini_part_0_dpo_1/ajFjvgddec8-Scene-0127/depth.mp4,T2V_data/label/vidgen_filter_gemini_part_0_dpo_1/ajFjvgddec8-Scene-0127/aug_entity_20.png
T2V_data/VIDGEN-1M_unzip/ajFjvgddec8-Scene-0127.mp4,"The video shows a silver van with a roof rack parked on a snow-covered ground. The van is moving slowly in a circular motion, leaving tire tracks in the snow. The background consists of a clear blue sky and distant mountains. There are no visible people or other vehicles in the video.",T2V_data/label/vidgen_filter_gemini_part_0_dpo_1/ajFjvgddec8-Scene-0127/entity_20.mp4,T2V_data/label/vidgen_filter_gemini_part_0_dpo_1/ajFjvgddec8-Scene-0127/aug_entity_20.png
T2V_data/VIDGEN-1M_unzip/akPFen9VbC0-Scene-0014.mp4,"In the video, a person is seen holding a piece of food in their hand above a large fish in a pool of water. The fish is swimming around in the water, and the person is teasing it with the food. The person then drops the food into the water, and the fish quickly swims over to eat it. The water is clear, and the fish is a dark color with a shiny appearance. The person's hand is visible in the frame, and they seem to be enjoying the interaction with the fish.",T2V_data/label/vidgen_filter_gemini_part_0_dpo_1/akPFen9VbC0-Scene-0014/depth.mp4,T2V_data/label/vidgen_filter_gemini_part_0_dpo_1/akPFen9VbC0-Scene-0014/aug_entity_20.png
T2V_data/VIDGEN-1M_unzip/akPFen9VbC0-Scene-0014.mp4,"In the video, a person is seen holding a piece of food in their hand above a large fish in a pool of water. The fish is swimming around in the water, and the person is teasing it with the food. The person then drops the food into the water, and the fish quickly swims over to eat it. The water is clear, and the fish is a dark color with a shiny appearance. The person's hand is visible in the frame, and they seem to be enjoying the interaction with the fish.",T2V_data/label/vidgen_filter_gemini_part_0_dpo_1/akPFen9VbC0-Scene-0014/entity_20.mp4,T2V_data/label/vidgen_filter_gemini_part_0_dpo_1/akPFen9VbC0-Scene-0014/aug_entity_20.png
T2V_data/VIDGEN-1M_unzip/aoI4al5qfrE-Scene-0007.mp4,The video shows a person working on a ceiling. They are seen removing a piece of wood from the ceiling and then replacing it with a new one. The person is using a hammer to secure the new piece of wood in place. The ceiling appears to be in the process of being repaired or renovated.,T2V_data/label/vidgen_filter_gemini_part_0_dpo_1/aoI4al5qfrE-Scene-0007/depth.mp4,T2V_data/label/vidgen_filter_gemini_part_0_dpo_1/aoI4al5qfrE-Scene-0007/aug_entity_20.png
T2V_data/VIDGEN-1M_unzip/aoI4al5qfrE-Scene-0007.mp4,The video shows a person working on a ceiling. They are seen removing a piece of wood from the ceiling and then replacing it with a new one. The person is using a hammer to secure the new piece of wood in place. The ceiling appears to be in the process of being repaired or renovated.,T2V_data/label/vidgen_filter_gemini_part_0_dpo_1/aoI4al5qfrE-Scene-0007/entity_20.mp4,T2V_data/label/vidgen_filter_gemini_part_0_dpo_1/aoI4al5qfrE-Scene-0007/aug_entity_20.png
T2V_data/VIDGEN-1M_unzip/b9q5zaY4IQ8-Scene-0011.mp4,"In the video, a person is using a stick to poke holes into the soil. The soil is dark brown and appears to be moist. The person is wearing a ring on their finger and is poking the holes in a garden bed. The garden bed has green plants and purple flowers around it. The person is poking the holes in a repetitive motion, and the video is shot from a close-up angle, focusing on the action of poking the holes.",T2V_data/label/vidgen_filter_gemini_part_0_dpo_1/b9q5zaY4IQ8-Scene-0011/depth.mp4,T2V_data/label/vidgen_filter_gemini_part_0_dpo_1/b9q5zaY4IQ8-Scene-0011/aug_entity_20.png
T2V_data/VIDGEN-1M_unzip/b9q5zaY4IQ8-Scene-0011.mp4,"In the video, a person is using a stick to poke holes into the soil. The soil is dark brown and appears to be moist. The person is wearing a ring on their finger and is poking the holes in a garden bed. The garden bed has green plants and purple flowers around it. The person is poking the holes in a repetitive motion, and the video is shot from a close-up angle, focusing on the action of poking the holes.",T2V_data/label/vidgen_filter_gemini_part_0_dpo_1/b9q5zaY4IQ8-Scene-0011/entity_20.mp4,T2V_data/label/vidgen_filter_gemini_part_0_dpo_1/b9q5zaY4IQ8-Scene-0011/aug_entity_20.png
T2V_data/VIDGEN-1M_unzip/bHa6kR2SZok-Scene-0018.mp4,"In the video, a person is seen holding a white piece of paper in their hands. The person folds the paper in half and then proceeds to cut it with a pair of scissors. The scissors are blue in color and the person uses them to make a cut along the folded edge of the paper. The person then unfolds the paper to reveal a clean cut along the fold. The video is shot against a black background and the person's hands are the only part of them visible.",T2V_data/label/vidgen_filter_gemini_part_0_dpo_1/bHa6kR2SZok-Scene-0018/depth.mp4,T2V_data/label/vidgen_filter_gemini_part_0_dpo_1/bHa6kR2SZok-Scene-0018/aug_entity_40.png
T2V_data/VIDGEN-1M_unzip/bHa6kR2SZok-Scene-0018.mp4,"In the video, a person is seen holding a white piece of paper in their hands. The person folds the paper in half and then proceeds to cut it with a pair of scissors. The scissors are blue in color and the person uses them to make a cut along the folded edge of the paper. The person then unfolds the paper to reveal a clean cut along the fold. The video is shot against a black background and the person's hands are the only part of them visible.",T2V_data/label/vidgen_filter_gemini_part_0_dpo_1/bHa6kR2SZok-Scene-0018/entity_40.mp4,T2V_data/label/vidgen_filter_gemini_part_0_dpo_1/bHa6kR2SZok-Scene-0018/aug_entity_40.png
T2V_data/VIDGEN-1M_unzip/bfrb7UcAXIo-Scene-0013.mp4,"In the video, a person is seen holding a glass object with a long metal rod. The glass object is glowing red, indicating that it is hot. The person is wearing a blue shirt and is sitting at a table. The background is blurred, but it appears to be a workshop or studio setting. The person is carefully rotating the glass object, presumably to shape it or cool it down. The metal rod is used to hold the glass object in place while it is being worked on. The person's movements are precise and controlled, suggesting that they are experienced in glassblowing.",T2V_data/label/vidgen_filter_gemini_part_0_dpo_1/bfrb7UcAXIo-Scene-0013/depth.mp4,T2V_data/label/vidgen_filter_gemini_part_0_dpo_1/bfrb7UcAXIo-Scene-0013/aug_entity_60.png
T2V_data/VIDGEN-1M_unzip/bfrb7UcAXIo-Scene-0013.mp4,"In the video, a person is seen holding a glass object with a long metal rod. The glass object is glowing red, indicating that it is hot. The person is wearing a blue shirt and is sitting at a table. The background is blurred, but it appears to be a workshop or studio setting. The person is carefully rotating the glass object, presumably to shape it or cool it down. The metal rod is used to hold the glass object in place while it is being worked on. The person's movements are precise and controlled, suggesting that they are experienced in glassblowing.",T2V_data/label/vidgen_filter_gemini_part_0_dpo_1/bfrb7UcAXIo-Scene-0013/entity_60.mp4,T2V_data/label/vidgen_filter_gemini_part_0_dpo_1/bfrb7UcAXIo-Scene-0013/aug_entity_60.png
T2V_data/VIDGEN-1M_unzip/biTtEll_kL8-Scene-0028.mp4,"In the video, a person is seen cutting a piece of beetroot on a wooden cutting board. The person uses a knife to cut the beetroot into smaller pieces. The beetroot is dark red in color and has a smooth texture. The cutting board is made of light brown wood and has visible grain patterns. The knife used for cutting is silver and has a sharp blade. The person's hands are visible, and they are wearing a white shirt. The video is shot from a top-down angle, and the focus is on the cutting action.",T2V_data/label/vidgen_filter_gemini_part_0_dpo_1/biTtEll_kL8-Scene-0028/depth.mp4,T2V_data/label/vidgen_filter_gemini_part_0_dpo_1/biTtEll_kL8-Scene-0028/aug_entity_40.png
T2V_data/VIDGEN-1M_unzip/biTtEll_kL8-Scene-0028.mp4,"In the video, a person is seen cutting a piece of beetroot on a wooden cutting board. The person uses a knife to cut the beetroot into smaller pieces. The beetroot is dark red in color and has a smooth texture. The cutting board is made of light brown wood and has visible grain patterns. The knife used for cutting is silver and has a sharp blade. The person's hands are visible, and they are wearing a white shirt. The video is shot from a top-down angle, and the focus is on the cutting action.",T2V_data/label/vidgen_filter_gemini_part_0_dpo_1/biTtEll_kL8-Scene-0028/entity_40.mp4,T2V_data/label/vidgen_filter_gemini_part_0_dpo_1/biTtEll_kL8-Scene-0028/aug_entity_40.png
T2V_data/VIDGEN-1M_unzip/cHaG72y_H0c-Scene-0075.mp4,The video shows a close-up of two white bowls on a table. A person's hand is seen pouring flour from a box into the bowls. The person then uses a measuring cup to pour more flour into the bowls. The video focuses on the action of pouring the flour and the bowls on the table.,T2V_data/label/vidgen_filter_gemini_part_0_dpo_1/cHaG72y_H0c-Scene-0075/depth.mp4,T2V_data/label/vidgen_filter_gemini_part_0_dpo_1/cHaG72y_H0c-Scene-0075/aug_entity_40.png
T2V_data/VIDGEN-1M_unzip/cHaG72y_H0c-Scene-0075.mp4,The video shows a close-up of two white bowls on a table. A person's hand is seen pouring flour from a box into the bowls. The person then uses a measuring cup to pour more flour into the bowls. The video focuses on the action of pouring the flour and the bowls on the table.,T2V_data/label/vidgen_filter_gemini_part_0_dpo_1/cHaG72y_H0c-Scene-0075/entity_40.mp4,T2V_data/label/vidgen_filter_gemini_part_0_dpo_1/cHaG72y_H0c-Scene-0075/aug_entity_40.png
T2V_data/VIDGEN-1M_unzip/cYfjnbVKboo-Scene-0028.mp4,"The video shows a person's hand holding a small, yellow object over a pot of water. The object is then dropped into the water, causing it to splash and move around. The person then picks up the object and places it back into the water, causing it to sink. The water is clear and the pot appears to be made of metal.",T2V_data/label/vidgen_filter_gemini_part_0_dpo_1/cYfjnbVKboo-Scene-0028/depth.mp4,T2V_data/label/vidgen_filter_gemini_part_0_dpo_1/cYfjnbVKboo-Scene-0028/aug_entity_20.png
T2V_data/VIDGEN-1M_unzip/cYfjnbVKboo-Scene-0028.mp4,"The video shows a person's hand holding a small, yellow object over a pot of water. The object is then dropped into the water, causing it to splash and move around. The person then picks up the object and places it back into the water, causing it to sink. The water is clear and the pot appears to be made of metal.",T2V_data/label/vidgen_filter_gemini_part_0_dpo_1/cYfjnbVKboo-Scene-0028/entity_20.mp4,T2V_data/label/vidgen_filter_gemini_part_0_dpo_1/cYfjnbVKboo-Scene-0028/aug_entity_20.png
T2V_data/VIDGEN-1M_unzip/ck0CV-LKJq4-Scene-0024.mp4,"The video shows a woman riding a mountain bike down a dirt trail in the woods. She is wearing a helmet and a green shirt. The bike is orange and black. The trail is surrounded by trees and foliage. The woman is riding at a steady pace, navigating the trail with ease.",T2V_data/label/vidgen_filter_gemini_part_0_dpo_1/ck0CV-LKJq4-Scene-0024/depth.mp4,T2V_data/label/vidgen_filter_gemini_part_0_dpo_1/ck0CV-LKJq4-Scene-0024/aug_entity_20.png
T2V_data/VIDGEN-1M_unzip/ck0CV-LKJq4-Scene-0024.mp4,"The video shows a woman riding a mountain bike down a dirt trail in the woods. She is wearing a helmet and a green shirt. The bike is orange and black. The trail is surrounded by trees and foliage. The woman is riding at a steady pace, navigating the trail with ease.",T2V_data/label/vidgen_filter_gemini_part_0_dpo_1/ck0CV-LKJq4-Scene-0024/entity_20.mp4,T2V_data/label/vidgen_filter_gemini_part_0_dpo_1/ck0CV-LKJq4-Scene-0024/aug_entity_20.png
T2V_data/VIDGEN-1M_unzip/cw4saVFTmOg-Scene-0185.mp4,The video shows an otter floating on its back in a pool of water. The otter is seen swimming around and playing with a rock. The water is clear and the otter is the only animal in the pool. The otter is black and white in color and has a sleek body. The rock is red and is the only object the otter interacts with. The otter appears to be enjoying itself as it swims around the pool.,T2V_data/label/vidgen_filter_gemini_part_0_dpo_1/cw4saVFTmOg-Scene-0185/depth.mp4,T2V_data/label/vidgen_filter_gemini_part_0_dpo_1/cw4saVFTmOg-Scene-0185/aug_entity_20.png
T2V_data/VIDGEN-1M_unzip/cw4saVFTmOg-Scene-0185.mp4,The video shows an otter floating on its back in a pool of water. The otter is seen swimming around and playing with a rock. The water is clear and the otter is the only animal in the pool. The otter is black and white in color and has a sleek body. The rock is red and is the only object the otter interacts with. The otter appears to be enjoying itself as it swims around the pool.,T2V_data/label/vidgen_filter_gemini_part_0_dpo_1/cw4saVFTmOg-Scene-0185/entity_20.mp4,T2V_data/label/vidgen_filter_gemini_part_0_dpo_1/cw4saVFTmOg-Scene-0185/aug_entity_20.png
T2V_data/VIDGEN-1M_unzip/diiu3vr_mXQ-Scene-0015.mp4,"In the video, a man is seen working in a woodworking shop. He is wearing a plaid shirt and is using a hammer to drive nails into a piece of wood. The man is standing at a workbench, and there are various tools and pieces of wood visible in the background. The man is focused on his task, and his movements are deliberate and precise as he hammers each nail into place. The lighting in the shop is bright, and the wood has a natural, light brown color. The man's actions are the main focus of the video, and there is no text or subtitles present.",T2V_data/label/vidgen_filter_gemini_part_0_dpo_1/diiu3vr_mXQ-Scene-0015/depth.mp4,T2V_data/label/vidgen_filter_gemini_part_0_dpo_1/diiu3vr_mXQ-Scene-0015/aug_entity_40.png
T2V_data/VIDGEN-1M_unzip/diiu3vr_mXQ-Scene-0015.mp4,"In the video, a man is seen working in a woodworking shop. He is wearing a plaid shirt and is using a hammer to drive nails into a piece of wood. The man is standing at a workbench, and there are various tools and pieces of wood visible in the background. The man is focused on his task, and his movements are deliberate and precise as he hammers each nail into place. The lighting in the shop is bright, and the wood has a natural, light brown color. The man's actions are the main focus of the video, and there is no text or subtitles present.",T2V_data/label/vidgen_filter_gemini_part_0_dpo_1/diiu3vr_mXQ-Scene-0015/entity_40.mp4,T2V_data/label/vidgen_filter_gemini_part_0_dpo_1/diiu3vr_mXQ-Scene-0015/aug_entity_40.png
T2V_data/VIDGEN-1M_unzip/dseqTBPTHzw-Scene-0021.mp4,"In the video, an elderly man is seen wearing a striped shirt and red boxing gloves. He is standing in front of a punching bag and throwing punches at it. The man appears to be practicing boxing, and he seems to be focused on his technique. The punching bag is black and is hanging from a metal frame. The man's movements are deliberate and controlled as he throws his punches. The background of the video is not clearly visible, but it appears to be an indoor space with some equipment visible in the background.",T2V_data/label/vidgen_filter_gemini_part_0_dpo_1/dseqTBPTHzw-Scene-0021/depth.mp4,T2V_data/label/vidgen_filter_gemini_part_0_dpo_1/dseqTBPTHzw-Scene-0021/aug_entity_20.png
T2V_data/VIDGEN-1M_unzip/dseqTBPTHzw-Scene-0021.mp4,"In the video, an elderly man is seen wearing a striped shirt and red boxing gloves. He is standing in front of a punching bag and throwing punches at it. The man appears to be practicing boxing, and he seems to be focused on his technique. The punching bag is black and is hanging from a metal frame. The man's movements are deliberate and controlled as he throws his punches. The background of the video is not clearly visible, but it appears to be an indoor space with some equipment visible in the background.",T2V_data/label/vidgen_filter_gemini_part_0_dpo_1/dseqTBPTHzw-Scene-0021/entity_20.mp4,T2V_data/label/vidgen_filter_gemini_part_0_dpo_1/dseqTBPTHzw-Scene-0021/aug_entity_20.png
T2V_data/VIDGEN-1M_unzip/e3bD8qZXNCA-Scene-0051.mp4,The video shows a person using a ruler to measure and cut a piece of fabric. The fabric has a black and white pattern with red lines. The person uses a yellow rotary cutter to cut the fabric. The background is a green cutting mat with grid lines.,T2V_data/label/vidgen_filter_gemini_part_0_dpo_1/e3bD8qZXNCA-Scene-0051/depth.mp4,T2V_data/label/vidgen_filter_gemini_part_0_dpo_1/e3bD8qZXNCA-Scene-0051/aug_entity_60.png
T2V_data/VIDGEN-1M_unzip/e3bD8qZXNCA-Scene-0051.mp4,The video shows a person using a ruler to measure and cut a piece of fabric. The fabric has a black and white pattern with red lines. The person uses a yellow rotary cutter to cut the fabric. The background is a green cutting mat with grid lines.,T2V_data/label/vidgen_filter_gemini_part_0_dpo_1/e3bD8qZXNCA-Scene-0051/entity_60.mp4,T2V_data/label/vidgen_filter_gemini_part_0_dpo_1/e3bD8qZXNCA-Scene-0051/aug_entity_60.png
T2V_data/VIDGEN-1M_unzip/eiT9wmb_wK4-Scene-0044.mp4,"In the video, a person is using a circular saw to cut a piece of wood. The person is wearing a black glove on their left hand and is holding the saw with their right hand. The saw is red and black in color. The person is cutting the wood along a yellow ruler that is placed on the wood. The background is a construction site with other tools and equipment visible.",T2V_data/label/vidgen_filter_gemini_part_0_dpo_1/eiT9wmb_wK4-Scene-0044/depth.mp4,T2V_data/label/vidgen_filter_gemini_part_0_dpo_1/eiT9wmb_wK4-Scene-0044/aug_entity_40.png
T2V_data/VIDGEN-1M_unzip/eiT9wmb_wK4-Scene-0044.mp4,"In the video, a person is using a circular saw to cut a piece of wood. The person is wearing a black glove on their left hand and is holding the saw with their right hand. The saw is red and black in color. The person is cutting the wood along a yellow ruler that is placed on the wood. The background is a construction site with other tools and equipment visible.",T2V_data/label/vidgen_filter_gemini_part_0_dpo_1/eiT9wmb_wK4-Scene-0044/entity_40.mp4,T2V_data/label/vidgen_filter_gemini_part_0_dpo_1/eiT9wmb_wK4-Scene-0044/aug_entity_40.png
T2V_data/VIDGEN-1M_unzip/fSx-MsxVxqM-Scene-0134.mp4,"In the video, a woman is seen playing table tennis. She is wearing a purple shirt and is holding a red paddle. She hits the ball with the paddle and then walks away from the table. The background shows a crowd of people watching the game.",T2V_data/label/vidgen_filter_gemini_part_0_dpo_1/fSx-MsxVxqM-Scene-0134/depth.mp4,T2V_data/label/vidgen_filter_gemini_part_0_dpo_1/fSx-MsxVxqM-Scene-0134/aug_entity_20.png
T2V_data/VIDGEN-1M_unzip/fSx-MsxVxqM-Scene-0134.mp4,"In the video, a woman is seen playing table tennis. She is wearing a purple shirt and is holding a red paddle. She hits the ball with the paddle and then walks away from the table. The background shows a crowd of people watching the game.",T2V_data/label/vidgen_filter_gemini_part_0_dpo_1/fSx-MsxVxqM-Scene-0134/entity_20.mp4,T2V_data/label/vidgen_filter_gemini_part_0_dpo_1/fSx-MsxVxqM-Scene-0134/aug_entity_20.png
T2V_data/VIDGEN-1M_unzip/fUIQfOyo_K8-Scene-0015.mp4,"The video shows a close-up of a person's hands as they slice a piece of meat on a cutting board. The meat appears to be seasoned with herbs and spices, and the person uses a knife to cut it into thin slices. The cutting board is made of wood, and the knife has a silver blade and a black handle. The person's hands are steady as they make precise cuts, and the meat is cooked to a medium-rare level, as indicated by the pink center of the slices. The video is shot in a well-lit kitchen, and the focus is solely on the slicing process.",T2V_data/label/vidgen_filter_gemini_part_0_dpo_1/fUIQfOyo_K8-Scene-0015/depth.mp4,T2V_data/label/vidgen_filter_gemini_part_0_dpo_1/fUIQfOyo_K8-Scene-0015/aug_entity_20.png
T2V_data/VIDGEN-1M_unzip/fUIQfOyo_K8-Scene-0015.mp4,"The video shows a close-up of a person's hands as they slice a piece of meat on a cutting board. The meat appears to be seasoned with herbs and spices, and the person uses a knife to cut it into thin slices. The cutting board is made of wood, and the knife has a silver blade and a black handle. The person's hands are steady as they make precise cuts, and the meat is cooked to a medium-rare level, as indicated by the pink center of the slices. The video is shot in a well-lit kitchen, and the focus is solely on the slicing process.",T2V_data/label/vidgen_filter_gemini_part_0_dpo_1/fUIQfOyo_K8-Scene-0015/entity_20.mp4,T2V_data/label/vidgen_filter_gemini_part_0_dpo_1/fUIQfOyo_K8-Scene-0015/aug_entity_20.png
T2V_data/VIDGEN-1M_unzip/fUPJlSwrJXE-Scene-0018.mp4,The video shows a person holding a black USB cable and showing it to the camera. The cable has a black rubber coating and a metal connector on one end. The person demonstrates the flexibility of the cable by bending it and showing its durability by pulling on it. The cable appears to be of high quality and is designed for durability and long-lasting use.,T2V_data/label/vidgen_filter_gemini_part_0_dpo_1/fUPJlSwrJXE-Scene-0018/depth.mp4,T2V_data/label/vidgen_filter_gemini_part_0_dpo_1/fUPJlSwrJXE-Scene-0018/aug_entity_60.png
T2V_data/VIDGEN-1M_unzip/fUPJlSwrJXE-Scene-0018.mp4,The video shows a person holding a black USB cable and showing it to the camera. The cable has a black rubber coating and a metal connector on one end. The person demonstrates the flexibility of the cable by bending it and showing its durability by pulling on it. The cable appears to be of high quality and is designed for durability and long-lasting use.,T2V_data/label/vidgen_filter_gemini_part_0_dpo_1/fUPJlSwrJXE-Scene-0018/entity_60.mp4,T2V_data/label/vidgen_filter_gemini_part_0_dpo_1/fUPJlSwrJXE-Scene-0018/aug_entity_60.png
T2V_data/VIDGEN-1M_unzip/flSCMxxBCmU-Scene-0091.mp4,"In the video, we see a group of people gathered in a room with a bookshelf. They are lifting a mannequin dressed in a Santa hat and a beige outfit. The mannequin is being held up by two girls, one wearing a black shirt and the other wearing a blue shirt. The mannequin is then thrown onto the bookshelf, which is filled with books of various colors. The mannequin falls off the bookshelf and lands on the floor. The girls then pick up the mannequin and throw it onto the bookshelf again. The video ends with the mannequin falling off the bookshelf and landing on the floor.",T2V_data/label/vidgen_filter_gemini_part_0_dpo_1/flSCMxxBCmU-Scene-0091/depth.mp4,T2V_data/label/vidgen_filter_gemini_part_0_dpo_1/flSCMxxBCmU-Scene-0091/aug_entity_20.png
T2V_data/VIDGEN-1M_unzip/flSCMxxBCmU-Scene-0091.mp4,"In the video, we see a group of people gathered in a room with a bookshelf. They are lifting a mannequin dressed in a Santa hat and a beige outfit. The mannequin is being held up by two girls, one wearing a black shirt and the other wearing a blue shirt. The mannequin is then thrown onto the bookshelf, which is filled with books of various colors. The mannequin falls off the bookshelf and lands on the floor. The girls then pick up the mannequin and throw it onto the bookshelf again. The video ends with the mannequin falling off the bookshelf and landing on the floor.",T2V_data/label/vidgen_filter_gemini_part_0_dpo_1/flSCMxxBCmU-Scene-0091/entity_20.mp4,T2V_data/label/vidgen_filter_gemini_part_0_dpo_1/flSCMxxBCmU-Scene-0091/aug_entity_20.png
T2V_data/VIDGEN-1M_unzip/flSCMxxBCmU-Scene-0091.mp4,"In the video, we see a group of people gathered in a room with a bookshelf. They are lifting a mannequin dressed in a Santa hat and a beige outfit. The mannequin is being held up by two girls, one wearing a black shirt and the other wearing a blue shirt. The mannequin is then thrown onto the bookshelf, which is filled with books of various colors. The mannequin falls off the bookshelf and lands on the floor. The girls then pick up the mannequin and throw it onto the bookshelf again. The video ends with the mannequin falling off the bookshelf and landing on the floor.",T2V_data/label/vidgen_filter_gemini_part_0_dpo_1/flSCMxxBCmU-Scene-0091/depth.mp4,T2V_data/label/vidgen_filter_gemini_part_0_dpo_1/flSCMxxBCmU-Scene-0091/aug_entity_40.png
T2V_data/VIDGEN-1M_unzip/flSCMxxBCmU-Scene-0091.mp4,"In the video, we see a group of people gathered in a room with a bookshelf. They are lifting a mannequin dressed in a Santa hat and a beige outfit. The mannequin is being held up by two girls, one wearing a black shirt and the other wearing a blue shirt. The mannequin is then thrown onto the bookshelf, which is filled with books of various colors. The mannequin falls off the bookshelf and lands on the floor. The girls then pick up the mannequin and throw it onto the bookshelf again. The video ends with the mannequin falling off the bookshelf and landing on the floor.",T2V_data/label/vidgen_filter_gemini_part_0_dpo_1/flSCMxxBCmU-Scene-0091/entity_40.mp4,T2V_data/label/vidgen_filter_gemini_part_0_dpo_1/flSCMxxBCmU-Scene-0091/aug_entity_40.png
T2V_data/VIDGEN-1M_unzip/fsMe4CiMsoA-Scene-0011.mp4,"The video shows a forest fire in progress. The flames are visible in the background, and smoke is rising from the trees. The fire appears to be spreading rapidly, and the trees are engulfed in flames. The sky is dark and cloudy, indicating that the fire is causing a significant amount of smoke. The fire seems to be uncontrolled, and there are no visible firefighters or firefighting equipment in the scene. The video is shot from a distance, and the camera is shaking, suggesting that the person filming is in a dangerous situation.",T2V_data/label/vidgen_filter_gemini_part_0_dpo_1/fsMe4CiMsoA-Scene-0011/depth.mp4,T2V_data/label/vidgen_filter_gemini_part_0_dpo_1/fsMe4CiMsoA-Scene-0011/aug_entity_20.png
T2V_data/VIDGEN-1M_unzip/fsMe4CiMsoA-Scene-0011.mp4,"The video shows a forest fire in progress. The flames are visible in the background, and smoke is rising from the trees. The fire appears to be spreading rapidly, and the trees are engulfed in flames. The sky is dark and cloudy, indicating that the fire is causing a significant amount of smoke. The fire seems to be uncontrolled, and there are no visible firefighters or firefighting equipment in the scene. The video is shot from a distance, and the camera is shaking, suggesting that the person filming is in a dangerous situation.",T2V_data/label/vidgen_filter_gemini_part_0_dpo_1/fsMe4CiMsoA-Scene-0011/entity_20.mp4,T2V_data/label/vidgen_filter_gemini_part_0_dpo_1/fsMe4CiMsoA-Scene-0011/aug_entity_20.png
T2V_data/VIDGEN-1M_unzip/g7lIkdYbKW4-Scene-0039.mp4,"In the video, a man is seen working on a car. He is using a tool to sand the car's body. The man is wearing a red cap and a black t-shirt. The car is parked in a driveway, and there are trees in the background. The man is focused on his work, and he appears to be skilled at what he is doing. The car's body is dark in color, and the man is using a light-colored sandpaper to smooth out the surface. The man's movements are precise and deliberate, indicating that he is experienced in this task. The video provides a glimpse into the world of car customization and maintenance.",T2V_data/label/vidgen_filter_gemini_part_0_dpo_1/g7lIkdYbKW4-Scene-0039/depth.mp4,T2V_data/label/vidgen_filter_gemini_part_0_dpo_1/g7lIkdYbKW4-Scene-0039/aug_entity_60.png
T2V_data/VIDGEN-1M_unzip/g7lIkdYbKW4-Scene-0039.mp4,"In the video, a man is seen working on a car. He is using a tool to sand the car's body. The man is wearing a red cap and a black t-shirt. The car is parked in a driveway, and there are trees in the background. The man is focused on his work, and he appears to be skilled at what he is doing. The car's body is dark in color, and the man is using a light-colored sandpaper to smooth out the surface. The man's movements are precise and deliberate, indicating that he is experienced in this task. The video provides a glimpse into the world of car customization and maintenance.",T2V_data/label/vidgen_filter_gemini_part_0_dpo_1/g7lIkdYbKW4-Scene-0039/entity_60.mp4,T2V_data/label/vidgen_filter_gemini_part_0_dpo_1/g7lIkdYbKW4-Scene-0039/aug_entity_60.png
T2V_data/VIDGEN-1M_unzip/gtcDaV-raIw-Scene-0029.mp4,"The video shows a person driving a car with a manual transmission. The driver's hands are visible on the steering wheel, which has a logo in the center. The dashboard is visible, and there is a warning sign on the windshield. The car is moving, and the driver is shifting gears.",T2V_data/label/vidgen_filter_gemini_part_0_dpo_1/gtcDaV-raIw-Scene-0029/depth.mp4,T2V_data/label/vidgen_filter_gemini_part_0_dpo_1/gtcDaV-raIw-Scene-0029/aug_entity_40.png
T2V_data/VIDGEN-1M_unzip/gtcDaV-raIw-Scene-0029.mp4,"The video shows a person driving a car with a manual transmission. The driver's hands are visible on the steering wheel, which has a logo in the center. The dashboard is visible, and there is a warning sign on the windshield. The car is moving, and the driver is shifting gears.",T2V_data/label/vidgen_filter_gemini_part_0_dpo_1/gtcDaV-raIw-Scene-0029/entity_40.mp4,T2V_data/label/vidgen_filter_gemini_part_0_dpo_1/gtcDaV-raIw-Scene-0029/aug_entity_40.png
T2V_data/VIDGEN-1M_unzip/gvCaKAs_oeA-Scene-0131.mp4,"The video shows a large white airplane with two engines on each wing, landing on a runway. The airplane is kicking up a lot of dirt and snow as it lands. The runway appears to be covered in snow and ice. The background shows a snowy landscape with trees and mountains.",T2V_data/label/vidgen_filter_gemini_part_0_dpo_1/gvCaKAs_oeA-Scene-0131/depth.mp4,T2V_data/label/vidgen_filter_gemini_part_0_dpo_1/gvCaKAs_oeA-Scene-0131/aug_entity_60.png
T2V_data/VIDGEN-1M_unzip/gvCaKAs_oeA-Scene-0131.mp4,"The video shows a large white airplane with two engines on each wing, landing on a runway. The airplane is kicking up a lot of dirt and snow as it lands. The runway appears to be covered in snow and ice. The background shows a snowy landscape with trees and mountains.",T2V_data/label/vidgen_filter_gemini_part_0_dpo_1/gvCaKAs_oeA-Scene-0131/entity_60.mp4,T2V_data/label/vidgen_filter_gemini_part_0_dpo_1/gvCaKAs_oeA-Scene-0131/aug_entity_60.png
T2V_data/VIDGEN-1M_unzip/h6Vb4bEPs9U-Scene-0016.mp4,"In the video, a person is seen holding a glass under a water dispenser. The person presses a button on the dispenser, and water starts to flow into the glass. The water dispenser has several buttons, and the person presses the one that starts the water flow. The glass is clear and has a pattern on it. The water dispenser appears to be in a kitchen or a similar setting.",T2V_data/label/vidgen_filter_gemini_part_0_dpo_1/h6Vb4bEPs9U-Scene-0016/depth.mp4,T2V_data/label/vidgen_filter_gemini_part_0_dpo_1/h6Vb4bEPs9U-Scene-0016/aug_entity_40.png
T2V_data/VIDGEN-1M_unzip/h6Vb4bEPs9U-Scene-0016.mp4,"In the video, a person is seen holding a glass under a water dispenser. The person presses a button on the dispenser, and water starts to flow into the glass. The water dispenser has several buttons, and the person presses the one that starts the water flow. The glass is clear and has a pattern on it. The water dispenser appears to be in a kitchen or a similar setting.",T2V_data/label/vidgen_filter_gemini_part_0_dpo_1/h6Vb4bEPs9U-Scene-0016/entity_40.mp4,T2V_data/label/vidgen_filter_gemini_part_0_dpo_1/h6Vb4bEPs9U-Scene-0016/aug_entity_40.png
T2V_data/VIDGEN-1M_unzip/h7fUiVE-X1o-Scene-0031.mp4,"In the video, a bright pink sports car is seen driving on a road surrounded by mountains. The car is moving at a high speed and then suddenly jumps off a ramp, flying through the air. The car then lands back on the road and continues driving. The scenery is beautiful with clear blue skies and green mountains in the background. The car appears to be a high-performance vehicle, possibly a Lamborghini, given its sleek design and vibrant color.",T2V_data/label/vidgen_filter_gemini_part_0_dpo_1/h7fUiVE-X1o-Scene-0031/depth.mp4,T2V_data/label/vidgen_filter_gemini_part_0_dpo_1/h7fUiVE-X1o-Scene-0031/aug_entity_20.png
T2V_data/VIDGEN-1M_unzip/h7fUiVE-X1o-Scene-0031.mp4,"In the video, a bright pink sports car is seen driving on a road surrounded by mountains. The car is moving at a high speed and then suddenly jumps off a ramp, flying through the air. The car then lands back on the road and continues driving. The scenery is beautiful with clear blue skies and green mountains in the background. The car appears to be a high-performance vehicle, possibly a Lamborghini, given its sleek design and vibrant color.",T2V_data/label/vidgen_filter_gemini_part_0_dpo_1/h7fUiVE-X1o-Scene-0031/entity_20.mp4,T2V_data/label/vidgen_filter_gemini_part_0_dpo_1/h7fUiVE-X1o-Scene-0031/aug_entity_20.png
T2V_data/VIDGEN-1M_unzip/hDd2UBESMV0-Scene-0009.mp4,"The video shows a close-up of a metal bowl with a mixer attachment inside it. The mixer is blending a white powdery substance, which appears to be flour. The mixer is in motion, and the flour is being mixed and blended by the attachment. The bowl is placed on a surface, and the mixer is turned on, causing the flour to move around inside the bowl. The mixer attachment is silver and cylindrical, and it is rotating at a high speed, causing the flour to become more homogenous.",T2V_data/label/vidgen_filter_gemini_part_0_dpo_1/hDd2UBESMV0-Scene-0009/depth.mp4,T2V_data/label/vidgen_filter_gemini_part_0_dpo_1/hDd2UBESMV0-Scene-0009/aug_entity_20.png
T2V_data/VIDGEN-1M_unzip/hDd2UBESMV0-Scene-0009.mp4,"The video shows a close-up of a metal bowl with a mixer attachment inside it. The mixer is blending a white powdery substance, which appears to be flour. The mixer is in motion, and the flour is being mixed and blended by the attachment. The bowl is placed on a surface, and the mixer is turned on, causing the flour to move around inside the bowl. The mixer attachment is silver and cylindrical, and it is rotating at a high speed, causing the flour to become more homogenous.",T2V_data/label/vidgen_filter_gemini_part_0_dpo_1/hDd2UBESMV0-Scene-0009/entity_20.mp4,T2V_data/label/vidgen_filter_gemini_part_0_dpo_1/hDd2UBESMV0-Scene-0009/aug_entity_20.png
T2V_data/VIDGEN-1M_unzip/hDlWKl433Os-Scene-0050.mp4,"In the video, we see a person pouring a dark liquid into a measuring spoon and then into a bowl of batter. The person then stirs the batter with a spoon. The liquid appears to be vanilla extract, and the batter is likely for a cake or muffin. The person's nails are painted pink, and the bowl is clear glass. The spoon used to pour the liquid is blue, and the batter is a pale yellow color.",T2V_data/label/vidgen_filter_gemini_part_0_dpo_1/hDlWKl433Os-Scene-0050/depth.mp4,T2V_data/label/vidgen_filter_gemini_part_0_dpo_1/hDlWKl433Os-Scene-0050/aug_entity_60.png
T2V_data/VIDGEN-1M_unzip/hDlWKl433Os-Scene-0050.mp4,"In the video, we see a person pouring a dark liquid into a measuring spoon and then into a bowl of batter. The person then stirs the batter with a spoon. The liquid appears to be vanilla extract, and the batter is likely for a cake or muffin. The person's nails are painted pink, and the bowl is clear glass. The spoon used to pour the liquid is blue, and the batter is a pale yellow color.",T2V_data/label/vidgen_filter_gemini_part_0_dpo_1/hDlWKl433Os-Scene-0050/entity_60.mp4,T2V_data/label/vidgen_filter_gemini_part_0_dpo_1/hDlWKl433Os-Scene-0050/aug_entity_60.png
T2V_data/VIDGEN-1M_unzip/hR6IMqYfPd0-Scene-0006.mp4,"The video features a person's hands holding a piece of white crocheted fabric. The person is seen pulling on the fabric, stretching it out to show its elasticity and texture. The fabric appears to be made of yarn and has a scalloped edge. The person's hands are visible throughout the video, and they are wearing a ring on their left hand. The background is a white, fluffy surface, possibly a blanket or a rug. The video does not contain any audio or text.",T2V_data/label/vidgen_filter_gemini_part_0_dpo_1/hR6IMqYfPd0-Scene-0006/depth.mp4,T2V_data/label/vidgen_filter_gemini_part_0_dpo_1/hR6IMqYfPd0-Scene-0006/aug_entity_20.png
T2V_data/VIDGEN-1M_unzip/hR6IMqYfPd0-Scene-0006.mp4,"The video features a person's hands holding a piece of white crocheted fabric. The person is seen pulling on the fabric, stretching it out to show its elasticity and texture. The fabric appears to be made of yarn and has a scalloped edge. The person's hands are visible throughout the video, and they are wearing a ring on their left hand. The background is a white, fluffy surface, possibly a blanket or a rug. The video does not contain any audio or text.",T2V_data/label/vidgen_filter_gemini_part_0_dpo_1/hR6IMqYfPd0-Scene-0006/entity_20.mp4,T2V_data/label/vidgen_filter_gemini_part_0_dpo_1/hR6IMqYfPd0-Scene-0006/aug_entity_20.png
T2V_data/VIDGEN-1M_unzip/hR6IMqYfPd0-Scene-0006.mp4,"The video features a person's hands holding a piece of white crocheted fabric. The person is seen pulling on the fabric, stretching it out to show its elasticity and texture. The fabric appears to be made of yarn and has a scalloped edge. The person's hands are visible throughout the video, and they are wearing a ring on their left hand. The background is a white, fluffy surface, possibly a blanket or a rug. The video does not contain any audio or text.",T2V_data/label/vidgen_filter_gemini_part_0_dpo_1/hR6IMqYfPd0-Scene-0006/depth.mp4,T2V_data/label/vidgen_filter_gemini_part_0_dpo_1/hR6IMqYfPd0-Scene-0006/aug_entity_40.png
T2V_data/VIDGEN-1M_unzip/hR6IMqYfPd0-Scene-0006.mp4,"The video features a person's hands holding a piece of white crocheted fabric. The person is seen pulling on the fabric, stretching it out to show its elasticity and texture. The fabric appears to be made of yarn and has a scalloped edge. The person's hands are visible throughout the video, and they are wearing a ring on their left hand. The background is a white, fluffy surface, possibly a blanket or a rug. The video does not contain any audio or text.",T2V_data/label/vidgen_filter_gemini_part_0_dpo_1/hR6IMqYfPd0-Scene-0006/entity_40.mp4,T2V_data/label/vidgen_filter_gemini_part_0_dpo_1/hR6IMqYfPd0-Scene-0006/aug_entity_40.png
T2V_data/VIDGEN-1M_unzip/hWIL0mhq0sk-Scene-0034.mp4,"The video features a woman in a gym, wearing a grey hoodie and light blue leggings. She is using a large red exercise ball to perform various exercises. The gym has a red floor with white lines, and there are black machines in the background. The woman demonstrates different exercises, including push-ups and stretches, while using the ball to support her body. The video is shot from a side angle, and the woman is the only person visible in the frame.",T2V_data/label/vidgen_filter_gemini_part_0_dpo_1/hWIL0mhq0sk-Scene-0034/depth.mp4,T2V_data/label/vidgen_filter_gemini_part_0_dpo_1/hWIL0mhq0sk-Scene-0034/aug_entity_20.png
T2V_data/VIDGEN-1M_unzip/hWIL0mhq0sk-Scene-0034.mp4,"The video features a woman in a gym, wearing a grey hoodie and light blue leggings. She is using a large red exercise ball to perform various exercises. The gym has a red floor with white lines, and there are black machines in the background. The woman demonstrates different exercises, including push-ups and stretches, while using the ball to support her body. The video is shot from a side angle, and the woman is the only person visible in the frame.",T2V_data/label/vidgen_filter_gemini_part_0_dpo_1/hWIL0mhq0sk-Scene-0034/entity_20.mp4,T2V_data/label/vidgen_filter_gemini_part_0_dpo_1/hWIL0mhq0sk-Scene-0034/aug_entity_20.png
T2V_data/VIDGEN-1M_unzip/i4I1JAfsv9Y-Scene-0085.mp4,"The video shows a jousting match taking place in an arena. Two knights are seen riding on horseback, each wearing armor and holding lances. They are facing each other and appear to be preparing for a joust. The knights are wearing helmets and their horses are adorned with colorful caparisons. The arena is surrounded by a fence, and there are spectators in the stands watching the event. The knights are holding their lances up, ready to strike. The atmosphere is tense as the knights prepare for the joust.",T2V_data/label/vidgen_filter_gemini_part_0_dpo_1/i4I1JAfsv9Y-Scene-0085/depth.mp4,T2V_data/label/vidgen_filter_gemini_part_0_dpo_1/i4I1JAfsv9Y-Scene-0085/aug_entity_20.png
T2V_data/VIDGEN-1M_unzip/i4I1JAfsv9Y-Scene-0085.mp4,"The video shows a jousting match taking place in an arena. Two knights are seen riding on horseback, each wearing armor and holding lances. They are facing each other and appear to be preparing for a joust. The knights are wearing helmets and their horses are adorned with colorful caparisons. The arena is surrounded by a fence, and there are spectators in the stands watching the event. The knights are holding their lances up, ready to strike. The atmosphere is tense as the knights prepare for the joust.",T2V_data/label/vidgen_filter_gemini_part_0_dpo_1/i4I1JAfsv9Y-Scene-0085/entity_20.mp4,T2V_data/label/vidgen_filter_gemini_part_0_dpo_1/i4I1JAfsv9Y-Scene-0085/aug_entity_20.png
T2V_data/VIDGEN-1M_unzip/iIDXc6xZ0X8-Scene-0110.mp4,"In the video, a man is seen holding a round metal pan with a cake inside it. He then places the pan on a wooden table and removes the pan to reveal the cake. The man then proceeds to remove the plastic wrap from the top of the cake.",T2V_data/label/vidgen_filter_gemini_part_0_dpo_1/iIDXc6xZ0X8-Scene-0110/depth.mp4,T2V_data/label/vidgen_filter_gemini_part_0_dpo_1/iIDXc6xZ0X8-Scene-0110/aug_entity_40.png
T2V_data/VIDGEN-1M_unzip/iIDXc6xZ0X8-Scene-0110.mp4,"In the video, a man is seen holding a round metal pan with a cake inside it. He then places the pan on a wooden table and removes the pan to reveal the cake. The man then proceeds to remove the plastic wrap from the top of the cake.",T2V_data/label/vidgen_filter_gemini_part_0_dpo_1/iIDXc6xZ0X8-Scene-0110/entity_40.mp4,T2V_data/label/vidgen_filter_gemini_part_0_dpo_1/iIDXc6xZ0X8-Scene-0110/aug_entity_40.png
T2V_data/VIDGEN-1M_unzip/iIDXc6xZ0X8-Scene-0110.mp4,"In the video, a man is seen holding a round metal pan with a cake inside it. He then places the pan on a wooden table and removes the pan to reveal the cake. The man then proceeds to remove the plastic wrap from the top of the cake.",T2V_data/label/vidgen_filter_gemini_part_0_dpo_1/iIDXc6xZ0X8-Scene-0110/depth.mp4,T2V_data/label/vidgen_filter_gemini_part_0_dpo_1/iIDXc6xZ0X8-Scene-0110/aug_entity_60.png
T2V_data/VIDGEN-1M_unzip/iIDXc6xZ0X8-Scene-0110.mp4,"In the video, a man is seen holding a round metal pan with a cake inside it. He then places the pan on a wooden table and removes the pan to reveal the cake. The man then proceeds to remove the plastic wrap from the top of the cake.",T2V_data/label/vidgen_filter_gemini_part_0_dpo_1/iIDXc6xZ0X8-Scene-0110/entity_60.mp4,T2V_data/label/vidgen_filter_gemini_part_0_dpo_1/iIDXc6xZ0X8-Scene-0110/aug_entity_60.png
T2V_data/VIDGEN-1M_unzip/iIksOOW2W4s-Scene-0021.mp4,"The video shows a man in a gym, lifting weights and doing exercises. He is shirtless and wearing black shorts. The gym is equipped with various exercise machines and weights. The man is seen lifting dumbbells, doing pull-ups on a bar, and using a weight machine. The gym has purple walls and mirrors on the walls. The man appears to be focused and determined while working out.",T2V_data/label/vidgen_filter_gemini_part_0_dpo_1/iIksOOW2W4s-Scene-0021/depth.mp4,T2V_data/label/vidgen_filter_gemini_part_0_dpo_1/iIksOOW2W4s-Scene-0021/aug_entity_20.png
T2V_data/VIDGEN-1M_unzip/iIksOOW2W4s-Scene-0021.mp4,"The video shows a man in a gym, lifting weights and doing exercises. He is shirtless and wearing black shorts. The gym is equipped with various exercise machines and weights. The man is seen lifting dumbbells, doing pull-ups on a bar, and using a weight machine. The gym has purple walls and mirrors on the walls. The man appears to be focused and determined while working out.",T2V_data/label/vidgen_filter_gemini_part_0_dpo_1/iIksOOW2W4s-Scene-0021/entity_20.mp4,T2V_data/label/vidgen_filter_gemini_part_0_dpo_1/iIksOOW2W4s-Scene-0021/aug_entity_20.png
T2V_data/VIDGEN-1M_unzip/iQtNsB6JWcs-Scene-0010.mp4,"In the video, a man and a woman are seen standing behind a fence. The man is wearing a white shirt and camouflage shorts, while the woman is wearing a blue shirt and jeans. They are both holding food in their hands. A monkey is sitting on the ground in front of them, and the man is seen throwing food to the monkey. The monkey then jumps on the man's back, and the woman tries to grab the monkey. The man then picks up the monkey and throws it back over the fence. The video ends with the monkey running away.",T2V_data/label/vidgen_filter_gemini_part_0_dpo_1/iQtNsB6JWcs-Scene-0010/depth.mp4,T2V_data/label/vidgen_filter_gemini_part_0_dpo_1/iQtNsB6JWcs-Scene-0010/aug_entity_20.png
T2V_data/VIDGEN-1M_unzip/iQtNsB6JWcs-Scene-0010.mp4,"In the video, a man and a woman are seen standing behind a fence. The man is wearing a white shirt and camouflage shorts, while the woman is wearing a blue shirt and jeans. They are both holding food in their hands. A monkey is sitting on the ground in front of them, and the man is seen throwing food to the monkey. The monkey then jumps on the man's back, and the woman tries to grab the monkey. The man then picks up the monkey and throws it back over the fence. The video ends with the monkey running away.",T2V_data/label/vidgen_filter_gemini_part_0_dpo_1/iQtNsB6JWcs-Scene-0010/entity_20.mp4,T2V_data/label/vidgen_filter_gemini_part_0_dpo_1/iQtNsB6JWcs-Scene-0010/aug_entity_20.png
T2V_data/VIDGEN-1M_unzip/iQuq3MRlzlM-Scene-0028.mp4,"In the video, a person is seen using a screwdriver to tighten a shower knob. The knob is silver in color and has a round shape. The person's hand is visible, and they are wearing a black glove. The screwdriver is black and silver in color. The background is white, and the person is standing in front of a white wall. The video is shot in a close-up angle, focusing on the knob and the person's hand.",T2V_data/label/vidgen_filter_gemini_part_0_dpo_1/iQuq3MRlzlM-Scene-0028/depth.mp4,T2V_data/label/vidgen_filter_gemini_part_0_dpo_1/iQuq3MRlzlM-Scene-0028/aug_entity_40.png
T2V_data/VIDGEN-1M_unzip/iQuq3MRlzlM-Scene-0028.mp4,"In the video, a person is seen using a screwdriver to tighten a shower knob. The knob is silver in color and has a round shape. The person's hand is visible, and they are wearing a black glove. The screwdriver is black and silver in color. The background is white, and the person is standing in front of a white wall. The video is shot in a close-up angle, focusing on the knob and the person's hand.",T2V_data/label/vidgen_filter_gemini_part_0_dpo_1/iQuq3MRlzlM-Scene-0028/entity_40.mp4,T2V_data/label/vidgen_filter_gemini_part_0_dpo_1/iQuq3MRlzlM-Scene-0028/aug_entity_40.png
T2V_data/VIDGEN-1M_unzip/idPgea0CofU-Scene-0024.mp4,"In the video, a person is seen holding a coconut in one hand and a knife in the other. The person uses the knife to cut a hole in the top of the coconut. After making the hole, the person uses the knife to pry open the coconut, revealing the white flesh inside. The person then removes the flesh from the coconut, leaving only the shell. The video provides a close-up view of the coconut and the person's hands, making it easy to see the details of the process.",T2V_data/label/vidgen_filter_gemini_part_0_dpo_1/idPgea0CofU-Scene-0024/depth.mp4,T2V_data/label/vidgen_filter_gemini_part_0_dpo_1/idPgea0CofU-Scene-0024/aug_entity_60.png
T2V_data/VIDGEN-1M_unzip/idPgea0CofU-Scene-0024.mp4,"In the video, a person is seen holding a coconut in one hand and a knife in the other. The person uses the knife to cut a hole in the top of the coconut. After making the hole, the person uses the knife to pry open the coconut, revealing the white flesh inside. The person then removes the flesh from the coconut, leaving only the shell. The video provides a close-up view of the coconut and the person's hands, making it easy to see the details of the process.",T2V_data/label/vidgen_filter_gemini_part_0_dpo_1/idPgea0CofU-Scene-0024/entity_60.mp4,T2V_data/label/vidgen_filter_gemini_part_0_dpo_1/idPgea0CofU-Scene-0024/aug_entity_60.png
T2V_data/VIDGEN-1M_unzip/iiWMkiVX1qQ-Scene-0002.mp4,"In the video, a man is sitting at a table with a clear glass of water in front of him. He is wearing a maroon sweater and a black cap. He holds an egg in his hand and drops it into the water. The egg sinks to the bottom of the glass. He then takes a spoon and stirs the water, causing the egg to rise to the surface. The man then picks up the egg with the spoon and places it back into the glass. He continues to stir the water with the spoon, and the egg remains on the surface.",T2V_data/label/vidgen_filter_gemini_part_0_dpo_1/iiWMkiVX1qQ-Scene-0002/depth.mp4,T2V_data/label/vidgen_filter_gemini_part_0_dpo_1/iiWMkiVX1qQ-Scene-0002/aug_entity_20.png
T2V_data/VIDGEN-1M_unzip/iiWMkiVX1qQ-Scene-0002.mp4,"In the video, a man is sitting at a table with a clear glass of water in front of him. He is wearing a maroon sweater and a black cap. He holds an egg in his hand and drops it into the water. The egg sinks to the bottom of the glass. He then takes a spoon and stirs the water, causing the egg to rise to the surface. The man then picks up the egg with the spoon and places it back into the glass. He continues to stir the water with the spoon, and the egg remains on the surface.",T2V_data/label/vidgen_filter_gemini_part_0_dpo_1/iiWMkiVX1qQ-Scene-0002/entity_20.mp4,T2V_data/label/vidgen_filter_gemini_part_0_dpo_1/iiWMkiVX1qQ-Scene-0002/aug_entity_20.png
T2V_data/VIDGEN-1M_unzip/iiWMkiVX1qQ-Scene-0002.mp4,"In the video, a man is sitting at a table with a clear glass of water in front of him. He is wearing a maroon sweater and a black cap. He holds an egg in his hand and drops it into the water. The egg sinks to the bottom of the glass. He then takes a spoon and stirs the water, causing the egg to rise to the surface. The man then picks up the egg with the spoon and places it back into the glass. He continues to stir the water with the spoon, and the egg remains on the surface.",T2V_data/label/vidgen_filter_gemini_part_0_dpo_1/iiWMkiVX1qQ-Scene-0002/depth.mp4,T2V_data/label/vidgen_filter_gemini_part_0_dpo_1/iiWMkiVX1qQ-Scene-0002/aug_entity_60.png
T2V_data/VIDGEN-1M_unzip/iiWMkiVX1qQ-Scene-0002.mp4,"In the video, a man is sitting at a table with a clear glass of water in front of him. He is wearing a maroon sweater and a black cap. He holds an egg in his hand and drops it into the water. The egg sinks to the bottom of the glass. He then takes a spoon and stirs the water, causing the egg to rise to the surface. The man then picks up the egg with the spoon and places it back into the glass. He continues to stir the water with the spoon, and the egg remains on the surface.",T2V_data/label/vidgen_filter_gemini_part_0_dpo_1/iiWMkiVX1qQ-Scene-0002/entity_60.mp4,T2V_data/label/vidgen_filter_gemini_part_0_dpo_1/iiWMkiVX1qQ-Scene-0002/aug_entity_60.png
T2V_data/VIDGEN-1M_unzip/iuEe2MgQ7ZQ-Scene-0074.mp4,"In the video, a man is seen kneeling on the floor with his hands on his head. A group of people are standing around him, and they are pushing down on his back. The man is wearing a black shirt and black pants. The people around him are wearing various colors of clothing. The floor appears to be made of wood, and there is a railing in the background. The man seems to be struggling as the people continue to push down on his back.",T2V_data/label/vidgen_filter_gemini_part_0_dpo_1/iuEe2MgQ7ZQ-Scene-0074/depth.mp4,T2V_data/label/vidgen_filter_gemini_part_0_dpo_1/iuEe2MgQ7ZQ-Scene-0074/aug_entity_20.png
T2V_data/VIDGEN-1M_unzip/iuEe2MgQ7ZQ-Scene-0074.mp4,"In the video, a man is seen kneeling on the floor with his hands on his head. A group of people are standing around him, and they are pushing down on his back. The man is wearing a black shirt and black pants. The people around him are wearing various colors of clothing. The floor appears to be made of wood, and there is a railing in the background. The man seems to be struggling as the people continue to push down on his back.",T2V_data/label/vidgen_filter_gemini_part_0_dpo_1/iuEe2MgQ7ZQ-Scene-0074/entity_20.mp4,T2V_data/label/vidgen_filter_gemini_part_0_dpo_1/iuEe2MgQ7ZQ-Scene-0074/aug_entity_20.png
T2V_data/VIDGEN-1M_unzip/jHxqvyVGS0M-Scene-0029.mp4,"In the video, a person is seen peeling garlic cloves with a knife. The person is wearing a black shirt and has a watch on their left wrist. The garlic cloves are placed on a wooden cutting board, and there is a red bowl filled with garlic cloves next to the cutting board. The person is holding the garlic clove in their left hand and using the knife in their right hand to peel the skin off the clove. The garlic skin is falling onto the cutting board as the person continues to peel the cloves.",T2V_data/label/vidgen_filter_gemini_part_0_dpo_1/jHxqvyVGS0M-Scene-0029/depth.mp4,T2V_data/label/vidgen_filter_gemini_part_0_dpo_1/jHxqvyVGS0M-Scene-0029/aug_entity_40.png
T2V_data/VIDGEN-1M_unzip/jHxqvyVGS0M-Scene-0029.mp4,"In the video, a person is seen peeling garlic cloves with a knife. The person is wearing a black shirt and has a watch on their left wrist. The garlic cloves are placed on a wooden cutting board, and there is a red bowl filled with garlic cloves next to the cutting board. The person is holding the garlic clove in their left hand and using the knife in their right hand to peel the skin off the clove. The garlic skin is falling onto the cutting board as the person continues to peel the cloves.",T2V_data/label/vidgen_filter_gemini_part_0_dpo_1/jHxqvyVGS0M-Scene-0029/entity_40.mp4,T2V_data/label/vidgen_filter_gemini_part_0_dpo_1/jHxqvyVGS0M-Scene-0029/aug_entity_40.png
T2V_data/VIDGEN-1M_unzip/jHxqvyVGS0M-Scene-0029.mp4,"In the video, a person is seen peeling garlic cloves with a knife. The person is wearing a black shirt and has a watch on their left wrist. The garlic cloves are placed on a wooden cutting board, and there is a red bowl filled with garlic cloves next to the cutting board. The person is holding the garlic clove in their left hand and using the knife in their right hand to peel the skin off the clove. The garlic skin is falling onto the cutting board as the person continues to peel the cloves.",T2V_data/label/vidgen_filter_gemini_part_0_dpo_1/jHxqvyVGS0M-Scene-0029/depth.mp4,T2V_data/label/vidgen_filter_gemini_part_0_dpo_1/jHxqvyVGS0M-Scene-0029/aug_entity_60.png
T2V_data/VIDGEN-1M_unzip/jHxqvyVGS0M-Scene-0029.mp4,"In the video, a person is seen peeling garlic cloves with a knife. The person is wearing a black shirt and has a watch on their left wrist. The garlic cloves are placed on a wooden cutting board, and there is a red bowl filled with garlic cloves next to the cutting board. The person is holding the garlic clove in their left hand and using the knife in their right hand to peel the skin off the clove. The garlic skin is falling onto the cutting board as the person continues to peel the cloves.",T2V_data/label/vidgen_filter_gemini_part_0_dpo_1/jHxqvyVGS0M-Scene-0029/entity_60.mp4,T2V_data/label/vidgen_filter_gemini_part_0_dpo_1/jHxqvyVGS0M-Scene-0029/aug_entity_60.png
T2V_data/VIDGEN-1M_unzip/jI-rukEsU5A-Scene-0007.mp4,"In the video, a person is seen cutting a chocolate cake with a knife. The cake is placed on a wooden cutting board, and the person cuts a slice from the top of the cake. The cake appears to be freshly baked with a moist texture and a rich, dark color. The knife used for cutting is a standard kitchen knife with a sharp edge. The person's hands are visible, and they are wearing a pink apron. The background is a kitchen counter with a green cabinet.",T2V_data/label/vidgen_filter_gemini_part_0_dpo_1/jI-rukEsU5A-Scene-0007/depth.mp4,T2V_data/label/vidgen_filter_gemini_part_0_dpo_1/jI-rukEsU5A-Scene-0007/aug_entity_20.png
T2V_data/VIDGEN-1M_unzip/jI-rukEsU5A-Scene-0007.mp4,"In the video, a person is seen cutting a chocolate cake with a knife. The cake is placed on a wooden cutting board, and the person cuts a slice from the top of the cake. The cake appears to be freshly baked with a moist texture and a rich, dark color. The knife used for cutting is a standard kitchen knife with a sharp edge. The person's hands are visible, and they are wearing a pink apron. The background is a kitchen counter with a green cabinet.",T2V_data/label/vidgen_filter_gemini_part_0_dpo_1/jI-rukEsU5A-Scene-0007/entity_20.mp4,T2V_data/label/vidgen_filter_gemini_part_0_dpo_1/jI-rukEsU5A-Scene-0007/aug_entity_20.png
T2V_data/VIDGEN-1M_unzip/jiLFZXV_Hl8-Scene-0038.mp4,"In the video, a person is seen holding a white, stretchy substance with blue beads in their hands. The person is stretching the substance, and the blue beads are falling into a white bowl placed on a table. The person continues to stretch the substance and let the beads fall into the bowl. The table and the bowl are white, and the beads are blue. The person's hands are visible, and they are wearing a white shirt. The video is shot from a top-down perspective, and the person's actions are deliberate and focused on the task at hand.",T2V_data/label/vidgen_filter_gemini_part_0_dpo_1/jiLFZXV_Hl8-Scene-0038/depth.mp4,T2V_data/label/vidgen_filter_gemini_part_0_dpo_1/jiLFZXV_Hl8-Scene-0038/aug_entity_20.png
T2V_data/VIDGEN-1M_unzip/jiLFZXV_Hl8-Scene-0038.mp4,"In the video, a person is seen holding a white, stretchy substance with blue beads in their hands. The person is stretching the substance, and the blue beads are falling into a white bowl placed on a table. The person continues to stretch the substance and let the beads fall into the bowl. The table and the bowl are white, and the beads are blue. The person's hands are visible, and they are wearing a white shirt. The video is shot from a top-down perspective, and the person's actions are deliberate and focused on the task at hand.",T2V_data/label/vidgen_filter_gemini_part_0_dpo_1/jiLFZXV_Hl8-Scene-0038/entity_20.mp4,T2V_data/label/vidgen_filter_gemini_part_0_dpo_1/jiLFZXV_Hl8-Scene-0038/aug_entity_20.png
T2V_data/VIDGEN-1M_unzip/jiLFZXV_Hl8-Scene-0038.mp4,"In the video, a person is seen holding a white, stretchy substance with blue beads in their hands. The person is stretching the substance, and the blue beads are falling into a white bowl placed on a table. The person continues to stretch the substance and let the beads fall into the bowl. The table and the bowl are white, and the beads are blue. The person's hands are visible, and they are wearing a white shirt. The video is shot from a top-down perspective, and the person's actions are deliberate and focused on the task at hand.",T2V_data/label/vidgen_filter_gemini_part_0_dpo_1/jiLFZXV_Hl8-Scene-0038/depth.mp4,T2V_data/label/vidgen_filter_gemini_part_0_dpo_1/jiLFZXV_Hl8-Scene-0038/aug_entity_60.png
T2V_data/VIDGEN-1M_unzip/jiLFZXV_Hl8-Scene-0038.mp4,"In the video, a person is seen holding a white, stretchy substance with blue beads in their hands. The person is stretching the substance, and the blue beads are falling into a white bowl placed on a table. The person continues to stretch the substance and let the beads fall into the bowl. The table and the bowl are white, and the beads are blue. The person's hands are visible, and they are wearing a white shirt. The video is shot from a top-down perspective, and the person's actions are deliberate and focused on the task at hand.",T2V_data/label/vidgen_filter_gemini_part_0_dpo_1/jiLFZXV_Hl8-Scene-0038/entity_60.mp4,T2V_data/label/vidgen_filter_gemini_part_0_dpo_1/jiLFZXV_Hl8-Scene-0038/aug_entity_60.png
T2V_data/VIDGEN-1M_unzip/km4HXAbSBww-Scene-0045.mp4,"In the video, a person is seen holding a clear glass in their hand. The person then proceeds to pour a yellow liquid from a bottle into the glass. The liquid is poured in a steady stream, and the person continues to pour until the glass is full. The person's hand is steady, and they seem to be pouring the liquid with care. The background is not visible, and the focus is solely on the person and the glass. The liquid appears to be a type of alcohol, and the glass is clear and has a simple design. There is no visible text or subtitles in the video.",T2V_data/label/vidgen_filter_gemini_part_0_dpo_1/km4HXAbSBww-Scene-0045/depth.mp4,T2V_data/label/vidgen_filter_gemini_part_0_dpo_1/km4HXAbSBww-Scene-0045/aug_entity_60.png
T2V_data/VIDGEN-1M_unzip/km4HXAbSBww-Scene-0045.mp4,"In the video, a person is seen holding a clear glass in their hand. The person then proceeds to pour a yellow liquid from a bottle into the glass. The liquid is poured in a steady stream, and the person continues to pour until the glass is full. The person's hand is steady, and they seem to be pouring the liquid with care. The background is not visible, and the focus is solely on the person and the glass. The liquid appears to be a type of alcohol, and the glass is clear and has a simple design. There is no visible text or subtitles in the video.",T2V_data/label/vidgen_filter_gemini_part_0_dpo_1/km4HXAbSBww-Scene-0045/entity_60.mp4,T2V_data/label/vidgen_filter_gemini_part_0_dpo_1/km4HXAbSBww-Scene-0045/aug_entity_60.png
T2V_data/VIDGEN-1M_unzip/lQSpFfvtQQk-Scene-0005.mp4,"The video shows a rocket launching into the sky at night. The rocket is brightly lit and is surrounded by smoke and fire. The sky is dark, and the launch pad is visible in the foreground. The rocket is ascending quickly, and the smoke is billowing out behind it. The fire is intense and bright, illuminating the surrounding area. The launch pad is well-lit, and there are no visible people or other objects in the frame. The video is shot from a distance, and the rocket is the main focus of the footage.",T2V_data/label/vidgen_filter_gemini_part_0_dpo_1/lQSpFfvtQQk-Scene-0005/depth.mp4,T2V_data/label/vidgen_filter_gemini_part_0_dpo_1/lQSpFfvtQQk-Scene-0005/aug_entity_20.png
T2V_data/VIDGEN-1M_unzip/lQSpFfvtQQk-Scene-0005.mp4,"The video shows a rocket launching into the sky at night. The rocket is brightly lit and is surrounded by smoke and fire. The sky is dark, and the launch pad is visible in the foreground. The rocket is ascending quickly, and the smoke is billowing out behind it. The fire is intense and bright, illuminating the surrounding area. The launch pad is well-lit, and there are no visible people or other objects in the frame. The video is shot from a distance, and the rocket is the main focus of the footage.",T2V_data/label/vidgen_filter_gemini_part_0_dpo_1/lQSpFfvtQQk-Scene-0005/entity_20.mp4,T2V_data/label/vidgen_filter_gemini_part_0_dpo_1/lQSpFfvtQQk-Scene-0005/aug_entity_20.png
T2V_data/VIDGEN-1M_unzip/lQzeC03lBXI-Scene-0027.mp4,"The video shows a close-up of a drill bit being used to drill a hole into a piece of wood. The drill bit is silver and has a spiral shape. The wood is light brown and appears to be clamped down to a workbench. The drill bit is being held by a person's hand, which is partially visible in the frame. The drill bit is spinning rapidly and creating sawdust as it drills into the wood.",T2V_data/label/vidgen_filter_gemini_part_0_dpo_1/lQzeC03lBXI-Scene-0027/depth.mp4,T2V_data/label/vidgen_filter_gemini_part_0_dpo_1/lQzeC03lBXI-Scene-0027/aug_entity_20.png
T2V_data/VIDGEN-1M_unzip/lQzeC03lBXI-Scene-0027.mp4,"The video shows a close-up of a drill bit being used to drill a hole into a piece of wood. The drill bit is silver and has a spiral shape. The wood is light brown and appears to be clamped down to a workbench. The drill bit is being held by a person's hand, which is partially visible in the frame. The drill bit is spinning rapidly and creating sawdust as it drills into the wood.",T2V_data/label/vidgen_filter_gemini_part_0_dpo_1/lQzeC03lBXI-Scene-0027/entity_20.mp4,T2V_data/label/vidgen_filter_gemini_part_0_dpo_1/lQzeC03lBXI-Scene-0027/aug_entity_20.png
T2V_data/VIDGEN-1M_unzip/ljdIi2URVgY-Scene-0128.mp4,"The video features a close-up shot of a plastic cup filled with a yellow liquid, presumably a fruit smoothie or juice. The cup has a green lid with a circular logo and a pink straw protruding from the center. The person's hand is seen pushing the straw through the lid, causing the liquid to spill out. The background is blurred, but it appears to be a wooden table.",T2V_data/label/vidgen_filter_gemini_part_0_dpo_1/ljdIi2URVgY-Scene-0128/depth.mp4,T2V_data/label/vidgen_filter_gemini_part_0_dpo_1/ljdIi2URVgY-Scene-0128/aug_entity_60.png
T2V_data/VIDGEN-1M_unzip/ljdIi2URVgY-Scene-0128.mp4,"The video features a close-up shot of a plastic cup filled with a yellow liquid, presumably a fruit smoothie or juice. The cup has a green lid with a circular logo and a pink straw protruding from the center. The person's hand is seen pushing the straw through the lid, causing the liquid to spill out. The background is blurred, but it appears to be a wooden table.",T2V_data/label/vidgen_filter_gemini_part_0_dpo_1/ljdIi2URVgY-Scene-0128/entity_60.mp4,T2V_data/label/vidgen_filter_gemini_part_0_dpo_1/ljdIi2URVgY-Scene-0128/aug_entity_60.png
T2V_data/VIDGEN-1M_unzip/m4TJsIOTMDk-Scene-0084.mp4,"In the video, a man is seen operating a green tractor with a large green mower attached to it. The tractor is moving along a dirt path, and the man is using the mower to cut the grass. Another man is standing nearby, watching the tractor and mower in action. The tractor and mower are both green, and the man operating the tractor is wearing a green shirt. The other man is wearing a white shirt and blue jeans. The surroundings are lush and green, with trees and grass visible in the background. The video captures the sound of the tractor and mower in operation, and the movement of the grass being cut.",T2V_data/label/vidgen_filter_gemini_part_0_dpo_1/m4TJsIOTMDk-Scene-0084/depth.mp4,T2V_data/label/vidgen_filter_gemini_part_0_dpo_1/m4TJsIOTMDk-Scene-0084/aug_entity_40.png
T2V_data/VIDGEN-1M_unzip/m4TJsIOTMDk-Scene-0084.mp4,"In the video, a man is seen operating a green tractor with a large green mower attached to it. The tractor is moving along a dirt path, and the man is using the mower to cut the grass. Another man is standing nearby, watching the tractor and mower in action. The tractor and mower are both green, and the man operating the tractor is wearing a green shirt. The other man is wearing a white shirt and blue jeans. The surroundings are lush and green, with trees and grass visible in the background. The video captures the sound of the tractor and mower in operation, and the movement of the grass being cut.",T2V_data/label/vidgen_filter_gemini_part_0_dpo_1/m4TJsIOTMDk-Scene-0084/entity_40.mp4,T2V_data/label/vidgen_filter_gemini_part_0_dpo_1/m4TJsIOTMDk-Scene-0084/aug_entity_40.png
T2V_data/VIDGEN-1M_unzip/mpuLrvmbNDI-Scene-0012.mp4,"The video shows a person's hands using a peeler to peel a carrot. The carrot is placed on a wooden cutting board, and the person peels it in a circular motion, removing the skin in thin strips. The carrot is bright orange, and the peeler is silver with a black handle. The person's hands are visible, and they are wearing a white shirt. The cutting board has some carrot shavings on it.",T2V_data/label/vidgen_filter_gemini_part_0_dpo_1/mpuLrvmbNDI-Scene-0012/depth.mp4,T2V_data/label/vidgen_filter_gemini_part_0_dpo_1/mpuLrvmbNDI-Scene-0012/aug_entity_60.png
T2V_data/VIDGEN-1M_unzip/mpuLrvmbNDI-Scene-0012.mp4,"The video shows a person's hands using a peeler to peel a carrot. The carrot is placed on a wooden cutting board, and the person peels it in a circular motion, removing the skin in thin strips. The carrot is bright orange, and the peeler is silver with a black handle. The person's hands are visible, and they are wearing a white shirt. The cutting board has some carrot shavings on it.",T2V_data/label/vidgen_filter_gemini_part_0_dpo_1/mpuLrvmbNDI-Scene-0012/entity_60.mp4,T2V_data/label/vidgen_filter_gemini_part_0_dpo_1/mpuLrvmbNDI-Scene-0012/aug_entity_60.png
T2V_data/VIDGEN-1M_unzip/mvYn-GgptGE-Scene-0069.mp4,"The video shows a yellow truck driving through a muddy path in the woods. The truck is driving slowly and carefully, making sure not to get stuck in the mud. The truck is covered in mud, indicating that it has been driving through this path for some time. The surrounding trees are tall and green, suggesting that the location is in a forest. The sky is clear, and there are no other vehicles or people visible in the video.",T2V_data/label/vidgen_filter_gemini_part_0_dpo_1/mvYn-GgptGE-Scene-0069/depth.mp4,T2V_data/label/vidgen_filter_gemini_part_0_dpo_1/mvYn-GgptGE-Scene-0069/aug_entity_20.png
T2V_data/VIDGEN-1M_unzip/mvYn-GgptGE-Scene-0069.mp4,"The video shows a yellow truck driving through a muddy path in the woods. The truck is driving slowly and carefully, making sure not to get stuck in the mud. The truck is covered in mud, indicating that it has been driving through this path for some time. The surrounding trees are tall and green, suggesting that the location is in a forest. The sky is clear, and there are no other vehicles or people visible in the video.",T2V_data/label/vidgen_filter_gemini_part_0_dpo_1/mvYn-GgptGE-Scene-0069/entity_20.mp4,T2V_data/label/vidgen_filter_gemini_part_0_dpo_1/mvYn-GgptGE-Scene-0069/aug_entity_20.png
T2V_data/VIDGEN-1M_unzip/nVeZp_zhvS0-Scene-0048.mp4,"The video shows a soccer game being played on a field. Two players are seen running towards the ball, with one player attempting to kick it. The player in the black jersey successfully kicks the ball, and the other player falls to the ground. The stands are filled with spectators, and the field is marked with white lines. The players are wearing cleats, and the ball is standard black and white.",T2V_data/label/vidgen_filter_gemini_part_0_dpo_1/nVeZp_zhvS0-Scene-0048/depth.mp4,T2V_data/label/vidgen_filter_gemini_part_0_dpo_1/nVeZp_zhvS0-Scene-0048/aug_entity_20.png
T2V_data/VIDGEN-1M_unzip/nVeZp_zhvS0-Scene-0048.mp4,"The video shows a soccer game being played on a field. Two players are seen running towards the ball, with one player attempting to kick it. The player in the black jersey successfully kicks the ball, and the other player falls to the ground. The stands are filled with spectators, and the field is marked with white lines. The players are wearing cleats, and the ball is standard black and white.",T2V_data/label/vidgen_filter_gemini_part_0_dpo_1/nVeZp_zhvS0-Scene-0048/entity_20.mp4,T2V_data/label/vidgen_filter_gemini_part_0_dpo_1/nVeZp_zhvS0-Scene-0048/aug_entity_20.png
T2V_data/VIDGEN-1M_unzip/o014zH93gEU-Scene-0054.mp4,The video features a person using a lathe to carve a piece of wood. The person is seen holding a tool and shaving off pieces of wood from the circular piece that is spinning on the lathe. The wood is light brown in color and the person is wearing a black shirt. The background is a workshop with various tools and equipment visible.,T2V_data/label/vidgen_filter_gemini_part_0_dpo_1/o014zH93gEU-Scene-0054/depth.mp4,T2V_data/label/vidgen_filter_gemini_part_0_dpo_1/o014zH93gEU-Scene-0054/aug_entity_40.png
T2V_data/VIDGEN-1M_unzip/o014zH93gEU-Scene-0054.mp4,The video features a person using a lathe to carve a piece of wood. The person is seen holding a tool and shaving off pieces of wood from the circular piece that is spinning on the lathe. The wood is light brown in color and the person is wearing a black shirt. The background is a workshop with various tools and equipment visible.,T2V_data/label/vidgen_filter_gemini_part_0_dpo_1/o014zH93gEU-Scene-0054/entity_40.mp4,T2V_data/label/vidgen_filter_gemini_part_0_dpo_1/o014zH93gEU-Scene-0054/aug_entity_40.png
T2V_data/VIDGEN-1M_unzip/o014zH93gEU-Scene-0054.mp4,The video features a person using a lathe to carve a piece of wood. The person is seen holding a tool and shaving off pieces of wood from the circular piece that is spinning on the lathe. The wood is light brown in color and the person is wearing a black shirt. The background is a workshop with various tools and equipment visible.,T2V_data/label/vidgen_filter_gemini_part_0_dpo_1/o014zH93gEU-Scene-0054/depth.mp4,T2V_data/label/vidgen_filter_gemini_part_0_dpo_1/o014zH93gEU-Scene-0054/aug_entity_60.png
T2V_data/VIDGEN-1M_unzip/o014zH93gEU-Scene-0054.mp4,The video features a person using a lathe to carve a piece of wood. The person is seen holding a tool and shaving off pieces of wood from the circular piece that is spinning on the lathe. The wood is light brown in color and the person is wearing a black shirt. The background is a workshop with various tools and equipment visible.,T2V_data/label/vidgen_filter_gemini_part_0_dpo_1/o014zH93gEU-Scene-0054/entity_60.mp4,T2V_data/label/vidgen_filter_gemini_part_0_dpo_1/o014zH93gEU-Scene-0054/aug_entity_60.png
T2V_data/VIDGEN-1M_unzip/o0RKYZxjJ0A-Scene-1019.mp4,"In the video, a man is seen wearing a white hard hat and a headlamp. He is standing in a room with a white wall and a wooden door. The man is holding a welding tool in his hand and is welding something on a metal pipe. The light from the welding tool illuminates the area around him. The man appears to be focused on his work, and there is no one else in the room. The video does not show what the man is welding or what the final product will be.",T2V_data/label/vidgen_filter_gemini_part_0_dpo_1/o0RKYZxjJ0A-Scene-1019/depth.mp4,T2V_data/label/vidgen_filter_gemini_part_0_dpo_1/o0RKYZxjJ0A-Scene-1019/aug_entity_60.png
T2V_data/VIDGEN-1M_unzip/o0RKYZxjJ0A-Scene-1019.mp4,"In the video, a man is seen wearing a white hard hat and a headlamp. He is standing in a room with a white wall and a wooden door. The man is holding a welding tool in his hand and is welding something on a metal pipe. The light from the welding tool illuminates the area around him. The man appears to be focused on his work, and there is no one else in the room. The video does not show what the man is welding or what the final product will be.",T2V_data/label/vidgen_filter_gemini_part_0_dpo_1/o0RKYZxjJ0A-Scene-1019/entity_60.mp4,T2V_data/label/vidgen_filter_gemini_part_0_dpo_1/o0RKYZxjJ0A-Scene-1019/aug_entity_60.png
T2V_data/VIDGEN-1M_unzip/oR-BULCJ88g-Scene-0035.mp4,The video shows a person's hands working on a folding knife. The knife has a silver blade and a gray handle. The person is seen using a tool to adjust the blade and then screwing in a small gold-colored screw. The background is a black surface with some white stains.,T2V_data/label/vidgen_filter_gemini_part_0_dpo_1/oR-BULCJ88g-Scene-0035/depth.mp4,T2V_data/label/vidgen_filter_gemini_part_0_dpo_1/oR-BULCJ88g-Scene-0035/aug_entity_20.png
T2V_data/VIDGEN-1M_unzip/oR-BULCJ88g-Scene-0035.mp4,The video shows a person's hands working on a folding knife. The knife has a silver blade and a gray handle. The person is seen using a tool to adjust the blade and then screwing in a small gold-colored screw. The background is a black surface with some white stains.,T2V_data/label/vidgen_filter_gemini_part_0_dpo_1/oR-BULCJ88g-Scene-0035/entity_20.mp4,T2V_data/label/vidgen_filter_gemini_part_0_dpo_1/oR-BULCJ88g-Scene-0035/aug_entity_20.png
T2V_data/VIDGEN-1M_unzip/ol9fiOAditk-Scene-0061.mp4,"The video shows a group of athletes in a stadium, preparing for a sprint race. They are seen standing behind numbered blocks, indicating their starting positions. The athletes are wearing colorful athletic gear, and the stadium is filled with spectators. The athletes are seen crouching down and then sprinting down the track, showcasing their speed and agility. The video captures the intensity and excitement of the race, with the athletes pushing themselves to the limit.",T2V_data/label/vidgen_filter_gemini_part_0_dpo_1/ol9fiOAditk-Scene-0061/depth.mp4,T2V_data/label/vidgen_filter_gemini_part_0_dpo_1/ol9fiOAditk-Scene-0061/aug_entity_20.png
T2V_data/VIDGEN-1M_unzip/ol9fiOAditk-Scene-0061.mp4,"The video shows a group of athletes in a stadium, preparing for a sprint race. They are seen standing behind numbered blocks, indicating their starting positions. The athletes are wearing colorful athletic gear, and the stadium is filled with spectators. The athletes are seen crouching down and then sprinting down the track, showcasing their speed and agility. The video captures the intensity and excitement of the race, with the athletes pushing themselves to the limit.",T2V_data/label/vidgen_filter_gemini_part_0_dpo_1/ol9fiOAditk-Scene-0061/entity_20.mp4,T2V_data/label/vidgen_filter_gemini_part_0_dpo_1/ol9fiOAditk-Scene-0061/aug_entity_20.png
T2V_data/VIDGEN-1M_unzip/omAOeLsgSPg-Scene-0006.mp4,"In the video, a person is seen kneading dough on a wooden board. The person is using their hands to press and fold the dough repeatedly. The dough appears to be soft and pliable, and the person is working it with care and precision. The wooden board provides a stable surface for the kneading process, and the person's hands move with a rhythm that suggests experience and skill. The lighting in the video is bright, and the focus is on the dough and the person's hands, making it easy to see the details of the kneading process.",T2V_data/label/vidgen_filter_gemini_part_0_dpo_1/omAOeLsgSPg-Scene-0006/depth.mp4,T2V_data/label/vidgen_filter_gemini_part_0_dpo_1/omAOeLsgSPg-Scene-0006/aug_entity_40.png
T2V_data/VIDGEN-1M_unzip/omAOeLsgSPg-Scene-0006.mp4,"In the video, a person is seen kneading dough on a wooden board. The person is using their hands to press and fold the dough repeatedly. The dough appears to be soft and pliable, and the person is working it with care and precision. The wooden board provides a stable surface for the kneading process, and the person's hands move with a rhythm that suggests experience and skill. The lighting in the video is bright, and the focus is on the dough and the person's hands, making it easy to see the details of the kneading process.",T2V_data/label/vidgen_filter_gemini_part_0_dpo_1/omAOeLsgSPg-Scene-0006/entity_40.mp4,T2V_data/label/vidgen_filter_gemini_part_0_dpo_1/omAOeLsgSPg-Scene-0006/aug_entity_40.png
T2V_data/VIDGEN-1M_unzip/p_fWW2e9XMM-Scene-0008.mp4,"In the video, there is a soccer game in progress. Two players are seen running towards the ball, and one of them kicks it. The other player falls to the ground. The player who kicked the ball continues to run, and the fallen player gets up and walks away. The stands are filled with spectators, and the players are wearing blue and green uniforms.",T2V_data/label/vidgen_filter_gemini_part_0_dpo_1/p_fWW2e9XMM-Scene-0008/depth.mp4,T2V_data/label/vidgen_filter_gemini_part_0_dpo_1/p_fWW2e9XMM-Scene-0008/aug_entity_20.png
T2V_data/VIDGEN-1M_unzip/p_fWW2e9XMM-Scene-0008.mp4,"In the video, there is a soccer game in progress. Two players are seen running towards the ball, and one of them kicks it. The other player falls to the ground. The player who kicked the ball continues to run, and the fallen player gets up and walks away. The stands are filled with spectators, and the players are wearing blue and green uniforms.",T2V_data/label/vidgen_filter_gemini_part_0_dpo_1/p_fWW2e9XMM-Scene-0008/entity_20.mp4,T2V_data/label/vidgen_filter_gemini_part_0_dpo_1/p_fWW2e9XMM-Scene-0008/aug_entity_20.png
T2V_data/VIDGEN-1M_unzip/rB1X_Mi71Ys-Scene-0077.mp4,"In the video, a man is seen climbing down a rocky cliff. He is wearing a striped shirt and a hat, and is using a rope to secure his descent. The cliff is located near the ocean, and the water is visible in the background. The man appears to be cautious as he carefully makes his way down the cliff. The video captures the man's movements as he navigates the challenging terrain.",T2V_data/label/vidgen_filter_gemini_part_0_dpo_1/rB1X_Mi71Ys-Scene-0077/depth.mp4,T2V_data/label/vidgen_filter_gemini_part_0_dpo_1/rB1X_Mi71Ys-Scene-0077/aug_entity_60.png
T2V_data/VIDGEN-1M_unzip/rB1X_Mi71Ys-Scene-0077.mp4,"In the video, a man is seen climbing down a rocky cliff. He is wearing a striped shirt and a hat, and is using a rope to secure his descent. The cliff is located near the ocean, and the water is visible in the background. The man appears to be cautious as he carefully makes his way down the cliff. The video captures the man's movements as he navigates the challenging terrain.",T2V_data/label/vidgen_filter_gemini_part_0_dpo_1/rB1X_Mi71Ys-Scene-0077/entity_60.mp4,T2V_data/label/vidgen_filter_gemini_part_0_dpo_1/rB1X_Mi71Ys-Scene-0077/aug_entity_60.png
T2V_data/VIDGEN-1M_unzip/rCEItsj2Ues-Scene-0066.mp4,"The video shows a person grilling chicken on a barbecue. The person is using a red spatula to turn the chicken pieces over to ensure they are cooked evenly. The chicken pieces are placed on a wire rack over the grill, and the person is making sure they are cooked properly.",T2V_data/label/vidgen_filter_gemini_part_0_dpo_1/rCEItsj2Ues-Scene-0066/depth.mp4,T2V_data/label/vidgen_filter_gemini_part_0_dpo_1/rCEItsj2Ues-Scene-0066/aug_entity_20.png
T2V_data/VIDGEN-1M_unzip/rCEItsj2Ues-Scene-0066.mp4,"The video shows a person grilling chicken on a barbecue. The person is using a red spatula to turn the chicken pieces over to ensure they are cooked evenly. The chicken pieces are placed on a wire rack over the grill, and the person is making sure they are cooked properly.",T2V_data/label/vidgen_filter_gemini_part_0_dpo_1/rCEItsj2Ues-Scene-0066/entity_20.mp4,T2V_data/label/vidgen_filter_gemini_part_0_dpo_1/rCEItsj2Ues-Scene-0066/aug_entity_20.png
T2V_data/VIDGEN-1M_unzip/s5bQf3wf9K4-Scene-0006.mp4,"In the video, a person is seen pouring water from a clear glass jar into a clear glass bowl. The person is wearing a green shirt and a gray apron. The water is being poured in a steady stream, and the bowl is placed on a white surface. The person's hands are visible as they hold the jar, and the water level in the bowl rises as the water is poured.",T2V_data/label/vidgen_filter_gemini_part_0_dpo_1/s5bQf3wf9K4-Scene-0006/depth.mp4,T2V_data/label/vidgen_filter_gemini_part_0_dpo_1/s5bQf3wf9K4-Scene-0006/aug_entity_60.png
T2V_data/VIDGEN-1M_unzip/s5bQf3wf9K4-Scene-0006.mp4,"In the video, a person is seen pouring water from a clear glass jar into a clear glass bowl. The person is wearing a green shirt and a gray apron. The water is being poured in a steady stream, and the bowl is placed on a white surface. The person's hands are visible as they hold the jar, and the water level in the bowl rises as the water is poured.",T2V_data/label/vidgen_filter_gemini_part_0_dpo_1/s5bQf3wf9K4-Scene-0006/entity_60.mp4,T2V_data/label/vidgen_filter_gemini_part_0_dpo_1/s5bQf3wf9K4-Scene-0006/aug_entity_60.png
T2V_data/VIDGEN-1M_unzip/uX-QaEFSK8o-Scene-0441.mp4,"In the video, we see a stone mortar and pestle being used to grind red chili peppers. The mortar is filled with the chili peppers, and the pestle is being used to crush them into a paste. The chili peppers are bright red in color, and the mortar and pestle are made of a gray stone material. The person using the mortar and pestle is not visible in the video, but we can hear the sound of the pestle hitting the chili peppers. The background is blurred, but it appears to be a kitchen or a food preparation area.",T2V_data/label/vidgen_filter_gemini_part_0_dpo_1/uX-QaEFSK8o-Scene-0441/depth.mp4,T2V_data/label/vidgen_filter_gemini_part_0_dpo_1/uX-QaEFSK8o-Scene-0441/aug_entity_20.png
T2V_data/VIDGEN-1M_unzip/uX-QaEFSK8o-Scene-0441.mp4,"In the video, we see a stone mortar and pestle being used to grind red chili peppers. The mortar is filled with the chili peppers, and the pestle is being used to crush them into a paste. The chili peppers are bright red in color, and the mortar and pestle are made of a gray stone material. The person using the mortar and pestle is not visible in the video, but we can hear the sound of the pestle hitting the chili peppers. The background is blurred, but it appears to be a kitchen or a food preparation area.",T2V_data/label/vidgen_filter_gemini_part_0_dpo_1/uX-QaEFSK8o-Scene-0441/entity_20.mp4,T2V_data/label/vidgen_filter_gemini_part_0_dpo_1/uX-QaEFSK8o-Scene-0441/aug_entity_20.png
T2V_data/VIDGEN-1M_unzip/vMypmh658ww-Scene-0104.mp4,"In the video, a person is seen using a welding tool to work on a metal structure. The person is wearing a dark blue jacket and red gloves. The welding tool emits sparks as it makes contact with the metal, indicating that the person is actively welding. The metal structure appears to be a part of a larger construction, possibly a metal frame or scaffolding. The background is dark, and there is a brick wall visible behind the person. The person's movements are steady and focused, suggesting that they are experienced in welding.",T2V_data/label/vidgen_filter_gemini_part_0_dpo_1/vMypmh658ww-Scene-0104/depth.mp4,T2V_data/label/vidgen_filter_gemini_part_0_dpo_1/vMypmh658ww-Scene-0104/aug_entity_60.png
T2V_data/VIDGEN-1M_unzip/vMypmh658ww-Scene-0104.mp4,"In the video, a person is seen using a welding tool to work on a metal structure. The person is wearing a dark blue jacket and red gloves. The welding tool emits sparks as it makes contact with the metal, indicating that the person is actively welding. The metal structure appears to be a part of a larger construction, possibly a metal frame or scaffolding. The background is dark, and there is a brick wall visible behind the person. The person's movements are steady and focused, suggesting that they are experienced in welding.",T2V_data/label/vidgen_filter_gemini_part_0_dpo_1/vMypmh658ww-Scene-0104/entity_60.mp4,T2V_data/label/vidgen_filter_gemini_part_0_dpo_1/vMypmh658ww-Scene-0104/aug_entity_60.png
T2V_data/VIDGEN-1M_unzip/viZ8Kz1SzHw-Scene-0005.mp4,"In the video, a person is seen using a handsaw to cut a piece of wood. The person is wearing a black shirt and has a watch on their left wrist. The handsaw has a wooden handle and a metal blade. The person is holding the saw with their right hand and pushing it back and forth along the length of the wood. The wood is placed on a wooden surface, and there is a green machine in the background. The person's left hand is holding the wood in place while they saw it. The video is shot in a well-lit room, and the person appears to be focused on their task.",T2V_data/label/vidgen_filter_gemini_part_0_dpo_1/viZ8Kz1SzHw-Scene-0005/depth.mp4,T2V_data/label/vidgen_filter_gemini_part_0_dpo_1/viZ8Kz1SzHw-Scene-0005/aug_entity_40.png
T2V_data/VIDGEN-1M_unzip/viZ8Kz1SzHw-Scene-0005.mp4,"In the video, a person is seen using a handsaw to cut a piece of wood. The person is wearing a black shirt and has a watch on their left wrist. The handsaw has a wooden handle and a metal blade. The person is holding the saw with their right hand and pushing it back and forth along the length of the wood. The wood is placed on a wooden surface, and there is a green machine in the background. The person's left hand is holding the wood in place while they saw it. The video is shot in a well-lit room, and the person appears to be focused on their task.",T2V_data/label/vidgen_filter_gemini_part_0_dpo_1/viZ8Kz1SzHw-Scene-0005/entity_40.mp4,T2V_data/label/vidgen_filter_gemini_part_0_dpo_1/viZ8Kz1SzHw-Scene-0005/aug_entity_40.png
T2V_data/VIDGEN-1M_unzip/xIxRmXwjrwo-Scene-0024.mp4,"The video shows a person holding a gun in a forest. The person is shooting at a target, which is a bottle placed on the ground. The bottle is hit and shattered by the bullets. The person continues to shoot at the bottle multiple times, and the bottle is hit and shattered each time. The forest is filled with trees and leaves, and the ground is covered with leaves. The person is wearing a blue shirt and jeans. The gun is black and has a long barrel.",T2V_data/label/vidgen_filter_gemini_part_0_dpo_1/xIxRmXwjrwo-Scene-0024/depth.mp4,T2V_data/label/vidgen_filter_gemini_part_0_dpo_1/xIxRmXwjrwo-Scene-0024/aug_entity_40.png
T2V_data/VIDGEN-1M_unzip/xIxRmXwjrwo-Scene-0024.mp4,"The video shows a person holding a gun in a forest. The person is shooting at a target, which is a bottle placed on the ground. The bottle is hit and shattered by the bullets. The person continues to shoot at the bottle multiple times, and the bottle is hit and shattered each time. The forest is filled with trees and leaves, and the ground is covered with leaves. The person is wearing a blue shirt and jeans. The gun is black and has a long barrel.",T2V_data/label/vidgen_filter_gemini_part_0_dpo_1/xIxRmXwjrwo-Scene-0024/entity_40.mp4,T2V_data/label/vidgen_filter_gemini_part_0_dpo_1/xIxRmXwjrwo-Scene-0024/aug_entity_40.png
T2V_data/VIDGEN-1M_unzip/zlltPmXJCS8-Scene-0075.mp4,"In the video, a person is seen preparing a dish by placing ingredients on a piece of dough and then folding it over. The dough is placed on a wooden surface, and the person uses their hands to carefully fold the dough over the ingredients. The ingredients appear to be some kind of filling, possibly a mixture of vegetables and meat. The person's hands are visible in the frame, and they seem to be skilled in the preparation of the dish. The wooden surface is dusted with flour, and there are other ingredients and utensils visible in the background. The lighting in the video is bright, and the colors are vibrant, highlighting the freshness of the ingredients.",T2V_data/label/vidgen_filter_gemini_part_0_dpo_1/zlltPmXJCS8-Scene-0075/depth.mp4,T2V_data/label/vidgen_filter_gemini_part_0_dpo_1/zlltPmXJCS8-Scene-0075/aug_entity_40.png
T2V_data/VIDGEN-1M_unzip/zlltPmXJCS8-Scene-0075.mp4,"In the video, a person is seen preparing a dish by placing ingredients on a piece of dough and then folding it over. The dough is placed on a wooden surface, and the person uses their hands to carefully fold the dough over the ingredients. The ingredients appear to be some kind of filling, possibly a mixture of vegetables and meat. The person's hands are visible in the frame, and they seem to be skilled in the preparation of the dish. The wooden surface is dusted with flour, and there are other ingredients and utensils visible in the background. The lighting in the video is bright, and the colors are vibrant, highlighting the freshness of the ingredients.",T2V_data/label/vidgen_filter_gemini_part_0_dpo_1/zlltPmXJCS8-Scene-0075/entity_40.mp4,T2V_data/label/vidgen_filter_gemini_part_0_dpo_1/zlltPmXJCS8-Scene-0075/aug_entity_40.png
