video,prompt,vace_video,vace_reference_image
T2V_data/VIDGEN-1M_unzip/-75f2RxHVzM-Scene-0011.mp4,"The video shows a person's hands holding a bowl of white powder, which they are pouring into a mortar and pestle. The mortar is filled with a reddish-brown powder. The person is using the pestle to grind the white powder with the reddish-brown powder. The video is shot in close-up, focusing on the bowl, mortar, and pestle.",T2V_data/label/vidgen_filter_gemini_part_0_dpo_13/-75f2RxHVzM-Scene-0011/depth.mp4,T2V_data/label/vidgen_filter_gemini_part_0_dpo_13/-75f2RxHVzM-Scene-0011/entity_40.png
T2V_data/VIDGEN-1M_unzip/-75f2RxHVzM-Scene-0011.mp4,"The video shows a person's hands holding a bowl of white powder, which they are pouring into a mortar and pestle. The mortar is filled with a reddish-brown powder. The person is using the pestle to grind the white powder with the reddish-brown powder. The video is shot in close-up, focusing on the bowl, mortar, and pestle.",T2V_data/label/vidgen_filter_gemini_part_0_dpo_13/-75f2RxHVzM-Scene-0011/entity_40.mp4,T2V_data/label/vidgen_filter_gemini_part_0_dpo_13/-75f2RxHVzM-Scene-0011/entity_40.png
T2V_data/VIDGEN-1M_unzip/-DyPUdw2BFw-Scene-0011.mp4,"In the video, a person is seen preparing a mixture for cooking. The person is holding a bowl filled with flour and a spoon in one hand. In the other hand, they are holding a bowl containing eggs. The person is seen pouring the eggs into the bowl of flour. The mixture is then stirred together using the spoon. The person's actions are deliberate and careful, ensuring that the eggs are mixed evenly with the flour. The video provides a close-up view of the mixture, allowing the viewer to see the texture and consistency of the ingredients. The person's movements are smooth and precise, indicating their familiarity with the cooking process. The video does not contain any audio, but the visuals are clear and easy to follow. Overall, the video provides a detailed and informative look at the process of mixing eggs with flour.",T2V_data/label/vidgen_filter_gemini_part_0_dpo_13/-DyPUdw2BFw-Scene-0011/depth.mp4,T2V_data/label/vidgen_filter_gemini_part_0_dpo_13/-DyPUdw2BFw-Scene-0011/entity_20.png
T2V_data/VIDGEN-1M_unzip/-DyPUdw2BFw-Scene-0011.mp4,"In the video, a person is seen preparing a mixture for cooking. The person is holding a bowl filled with flour and a spoon in one hand. In the other hand, they are holding a bowl containing eggs. The person is seen pouring the eggs into the bowl of flour. The mixture is then stirred together using the spoon. The person's actions are deliberate and careful, ensuring that the eggs are mixed evenly with the flour. The video provides a close-up view of the mixture, allowing the viewer to see the texture and consistency of the ingredients. The person's movements are smooth and precise, indicating their familiarity with the cooking process. The video does not contain any audio, but the visuals are clear and easy to follow. Overall, the video provides a detailed and informative look at the process of mixing eggs with flour.",T2V_data/label/vidgen_filter_gemini_part_0_dpo_13/-DyPUdw2BFw-Scene-0011/entity_20.mp4,T2V_data/label/vidgen_filter_gemini_part_0_dpo_13/-DyPUdw2BFw-Scene-0011/entity_20.png
T2V_data/VIDGEN-1M_unzip/-GCKq1S0zn4-Scene-0010.mp4,"The video shows a bright green sports car being unloaded from a tow truck. The car is a Ford Mustang, and it is being carefully driven down the ramp of the truck. The car has black rims and a black grill, and it is parked on a concrete surface. There is a man in a yellow shirt and black pants standing next to the car, presumably the driver. The car is facing the camera, and it is in good condition with no visible damage.",T2V_data/label/vidgen_filter_gemini_part_0_dpo_13/-GCKq1S0zn4-Scene-0010/depth.mp4,T2V_data/label/vidgen_filter_gemini_part_0_dpo_13/-GCKq1S0zn4-Scene-0010/entity_20.png
T2V_data/VIDGEN-1M_unzip/-GCKq1S0zn4-Scene-0010.mp4,"The video shows a bright green sports car being unloaded from a tow truck. The car is a Ford Mustang, and it is being carefully driven down the ramp of the truck. The car has black rims and a black grill, and it is parked on a concrete surface. There is a man in a yellow shirt and black pants standing next to the car, presumably the driver. The car is facing the camera, and it is in good condition with no visible damage.",T2V_data/label/vidgen_filter_gemini_part_0_dpo_13/-GCKq1S0zn4-Scene-0010/entity_20.mp4,T2V_data/label/vidgen_filter_gemini_part_0_dpo_13/-GCKq1S0zn4-Scene-0010/entity_20.png
T2V_data/VIDGEN-1M_unzip/-TjR1tuvB8w-Scene-0019.mp4,"In the video, a person is seen holding a knife and cutting a fish. The fish is placed on a white surface, and the person is wearing gloves while cutting it. The knife is silver and has a red handle. The person is using the knife to cut the fish into smaller pieces.",T2V_data/label/vidgen_filter_gemini_part_0_dpo_13/-TjR1tuvB8w-Scene-0019/depth.mp4,T2V_data/label/vidgen_filter_gemini_part_0_dpo_13/-TjR1tuvB8w-Scene-0019/entity_60.png
T2V_data/VIDGEN-1M_unzip/-TjR1tuvB8w-Scene-0019.mp4,"In the video, a person is seen holding a knife and cutting a fish. The fish is placed on a white surface, and the person is wearing gloves while cutting it. The knife is silver and has a red handle. The person is using the knife to cut the fish into smaller pieces.",T2V_data/label/vidgen_filter_gemini_part_0_dpo_13/-TjR1tuvB8w-Scene-0019/entity_60.mp4,T2V_data/label/vidgen_filter_gemini_part_0_dpo_13/-TjR1tuvB8w-Scene-0019/entity_60.png
T2V_data/VIDGEN-1M_unzip/-Uw5gBdqEGc-Scene-0027.mp4,"In the video, a young child is seen playing with a toy train on a carpeted floor. The child is kneeling down and pushing the toy train along the carpet. The train is brightly colored, with a yellow roof and a pink body. The child seems to be enjoying the activity, as they continue to push the train along the carpet. The carpet itself is a light color, providing a contrast to the vibrant colors of the toy train. The child's movements are gentle and deliberate, indicating a sense of curiosity and playfulness. Overall, the video captures a simple yet joyful moment of a child engaging with a toy.",T2V_data/label/vidgen_filter_gemini_part_0_dpo_13/-Uw5gBdqEGc-Scene-0027/depth.mp4,T2V_data/label/vidgen_filter_gemini_part_0_dpo_13/-Uw5gBdqEGc-Scene-0027/entity_20.png
T2V_data/VIDGEN-1M_unzip/-Uw5gBdqEGc-Scene-0027.mp4,"In the video, a young child is seen playing with a toy train on a carpeted floor. The child is kneeling down and pushing the toy train along the carpet. The train is brightly colored, with a yellow roof and a pink body. The child seems to be enjoying the activity, as they continue to push the train along the carpet. The carpet itself is a light color, providing a contrast to the vibrant colors of the toy train. The child's movements are gentle and deliberate, indicating a sense of curiosity and playfulness. Overall, the video captures a simple yet joyful moment of a child engaging with a toy.",T2V_data/label/vidgen_filter_gemini_part_0_dpo_13/-Uw5gBdqEGc-Scene-0027/entity_20.mp4,T2V_data/label/vidgen_filter_gemini_part_0_dpo_13/-Uw5gBdqEGc-Scene-0027/entity_20.png
T2V_data/VIDGEN-1M_unzip/-nH3V3Y1yhs-Scene-0025.mp4,"The video shows a person surfing on a wave in the ocean. The surfer is wearing a red shirt and is riding a white surfboard. The wave is large and the water is a deep blue color. The surfer is seen riding the wave, turning and twisting as they go. The sky is clear and the sun is shining brightly.",T2V_data/label/vidgen_filter_gemini_part_0_dpo_13/-nH3V3Y1yhs-Scene-0025/depth.mp4,T2V_data/label/vidgen_filter_gemini_part_0_dpo_13/-nH3V3Y1yhs-Scene-0025/entity_40.png
T2V_data/VIDGEN-1M_unzip/-nH3V3Y1yhs-Scene-0025.mp4,"The video shows a person surfing on a wave in the ocean. The surfer is wearing a red shirt and is riding a white surfboard. The wave is large and the water is a deep blue color. The surfer is seen riding the wave, turning and twisting as they go. The sky is clear and the sun is shining brightly.",T2V_data/label/vidgen_filter_gemini_part_0_dpo_13/-nH3V3Y1yhs-Scene-0025/entity_40.mp4,T2V_data/label/vidgen_filter_gemini_part_0_dpo_13/-nH3V3Y1yhs-Scene-0025/entity_40.png
T2V_data/VIDGEN-1M_unzip/-yS8MF5yPsQ-Scene-0029.mp4,"In the video, there is a person playing with a toy monster truck on the sand. The truck is blue and has a shark mouth on the front. The person is pushing the truck back and forth on the sand, and the wheels are covered in sand. The truck appears to be stuck in the sand, and the person is trying to push it forward. There is another toy truck next to the blue one, but it is not being played with. The sand is light brown, and the sky is clear.",T2V_data/label/vidgen_filter_gemini_part_0_dpo_13/-yS8MF5yPsQ-Scene-0029/depth.mp4,T2V_data/label/vidgen_filter_gemini_part_0_dpo_13/-yS8MF5yPsQ-Scene-0029/entity_20.png
T2V_data/VIDGEN-1M_unzip/-yS8MF5yPsQ-Scene-0029.mp4,"In the video, there is a person playing with a toy monster truck on the sand. The truck is blue and has a shark mouth on the front. The person is pushing the truck back and forth on the sand, and the wheels are covered in sand. The truck appears to be stuck in the sand, and the person is trying to push it forward. There is another toy truck next to the blue one, but it is not being played with. The sand is light brown, and the sky is clear.",T2V_data/label/vidgen_filter_gemini_part_0_dpo_13/-yS8MF5yPsQ-Scene-0029/entity_20.mp4,T2V_data/label/vidgen_filter_gemini_part_0_dpo_13/-yS8MF5yPsQ-Scene-0029/entity_20.png
T2V_data/VIDGEN-1M_unzip/-zrLdYUER7o-Scene-0044.mp4,"In the video, a man is seen walking towards a wooden structure that is being lifted by a tractor. The structure appears to be a small wooden house or shed, and it is being carefully maneuvered by the tractor. The man is wearing a red shirt and jeans, and he seems to be guiding the tractor as it moves the structure. The tractor is blue and appears to be a large, heavy-duty vehicle. The background of the video shows a rural landscape with fields and trees. The sky is clear and blue, indicating that it is a sunny day. The man and the tractor are the main focus of the video, and their actions suggest that they are working together to move the structure to a new location.",T2V_data/label/vidgen_filter_gemini_part_0_dpo_13/-zrLdYUER7o-Scene-0044/depth.mp4,T2V_data/label/vidgen_filter_gemini_part_0_dpo_13/-zrLdYUER7o-Scene-0044/entity_80.png
T2V_data/VIDGEN-1M_unzip/-zrLdYUER7o-Scene-0044.mp4,"In the video, a man is seen walking towards a wooden structure that is being lifted by a tractor. The structure appears to be a small wooden house or shed, and it is being carefully maneuvered by the tractor. The man is wearing a red shirt and jeans, and he seems to be guiding the tractor as it moves the structure. The tractor is blue and appears to be a large, heavy-duty vehicle. The background of the video shows a rural landscape with fields and trees. The sky is clear and blue, indicating that it is a sunny day. The man and the tractor are the main focus of the video, and their actions suggest that they are working together to move the structure to a new location.",T2V_data/label/vidgen_filter_gemini_part_0_dpo_13/-zrLdYUER7o-Scene-0044/entity_80.mp4,T2V_data/label/vidgen_filter_gemini_part_0_dpo_13/-zrLdYUER7o-Scene-0044/entity_80.png
T2V_data/VIDGEN-1M_unzip/0-ntJFNJ4v8-Scene-0039.mp4,"In the video, a person is seen cutting a piece of meat on a wooden cutting board. The person is using a knife to cut the meat into smaller pieces. The cutting board is placed on a table, and the person is wearing a blue shirt. The meat appears to be raw and has a pinkish color. The person's hands are visible, and they are using a back-and-forth motion to cut the meat. The video is shot from a close-up angle, focusing on the cutting action.",T2V_data/label/vidgen_filter_gemini_part_0_dpo_13/0-ntJFNJ4v8-Scene-0039/depth.mp4,T2V_data/label/vidgen_filter_gemini_part_0_dpo_13/0-ntJFNJ4v8-Scene-0039/entity_20.png
T2V_data/VIDGEN-1M_unzip/0-ntJFNJ4v8-Scene-0039.mp4,"In the video, a person is seen cutting a piece of meat on a wooden cutting board. The person is using a knife to cut the meat into smaller pieces. The cutting board is placed on a table, and the person is wearing a blue shirt. The meat appears to be raw and has a pinkish color. The person's hands are visible, and they are using a back-and-forth motion to cut the meat. The video is shot from a close-up angle, focusing on the cutting action.",T2V_data/label/vidgen_filter_gemini_part_0_dpo_13/0-ntJFNJ4v8-Scene-0039/entity_20.mp4,T2V_data/label/vidgen_filter_gemini_part_0_dpo_13/0-ntJFNJ4v8-Scene-0039/entity_20.png
T2V_data/VIDGEN-1M_unzip/0-ntJFNJ4v8-Scene-0039.mp4,"In the video, a person is seen cutting a piece of meat on a wooden cutting board. The person is using a knife to cut the meat into smaller pieces. The cutting board is placed on a table, and the person is wearing a blue shirt. The meat appears to be raw and has a pinkish color. The person's hands are visible, and they are using a back-and-forth motion to cut the meat. The video is shot from a close-up angle, focusing on the cutting action.",T2V_data/label/vidgen_filter_gemini_part_0_dpo_13/0-ntJFNJ4v8-Scene-0039/depth.mp4,T2V_data/label/vidgen_filter_gemini_part_0_dpo_13/0-ntJFNJ4v8-Scene-0039/entity_40.png
T2V_data/VIDGEN-1M_unzip/0-ntJFNJ4v8-Scene-0039.mp4,"In the video, a person is seen cutting a piece of meat on a wooden cutting board. The person is using a knife to cut the meat into smaller pieces. The cutting board is placed on a table, and the person is wearing a blue shirt. The meat appears to be raw and has a pinkish color. The person's hands are visible, and they are using a back-and-forth motion to cut the meat. The video is shot from a close-up angle, focusing on the cutting action.",T2V_data/label/vidgen_filter_gemini_part_0_dpo_13/0-ntJFNJ4v8-Scene-0039/entity_40.mp4,T2V_data/label/vidgen_filter_gemini_part_0_dpo_13/0-ntJFNJ4v8-Scene-0039/entity_40.png
T2V_data/VIDGEN-1M_unzip/03P_M4HWVYc-Scene-0148.mp4,"In the video, a person is seen using a yellow plastic mold to create shapes out of pink playdough. The mold has various shapes such as hearts and butterflies. The person presses the playdough into the mold and then removes it to reveal the shape. The video is shot from a close-up angle, focusing on the person's hands and the mold. The background is a purple surface with other playdough tools and shapes scattered around.",T2V_data/label/vidgen_filter_gemini_part_0_dpo_13/03P_M4HWVYc-Scene-0148/depth.mp4,T2V_data/label/vidgen_filter_gemini_part_0_dpo_13/03P_M4HWVYc-Scene-0148/entity_80.png
T2V_data/VIDGEN-1M_unzip/03P_M4HWVYc-Scene-0148.mp4,"In the video, a person is seen using a yellow plastic mold to create shapes out of pink playdough. The mold has various shapes such as hearts and butterflies. The person presses the playdough into the mold and then removes it to reveal the shape. The video is shot from a close-up angle, focusing on the person's hands and the mold. The background is a purple surface with other playdough tools and shapes scattered around.",T2V_data/label/vidgen_filter_gemini_part_0_dpo_13/03P_M4HWVYc-Scene-0148/entity_80.mp4,T2V_data/label/vidgen_filter_gemini_part_0_dpo_13/03P_M4HWVYc-Scene-0148/entity_80.png
T2V_data/VIDGEN-1M_unzip/06wvF8zKcAE-Scene-0004.mp4,"In the video, a man is seen walking along a muddy pathway. He is carrying a large basket in his right hand and a green cloth over his head and shoulders. The man is wearing a gray shirt, blue shorts, and black sandals. The pathway is lined with brick walls on both sides, and there are some leaves scattered on the ground. The man appears to be walking carefully, possibly to avoid slipping on the wet ground. The video does not contain any other people or moving objects.",T2V_data/label/vidgen_filter_gemini_part_0_dpo_13/06wvF8zKcAE-Scene-0004/depth.mp4,T2V_data/label/vidgen_filter_gemini_part_0_dpo_13/06wvF8zKcAE-Scene-0004/entity_20.png
T2V_data/VIDGEN-1M_unzip/06wvF8zKcAE-Scene-0004.mp4,"In the video, a man is seen walking along a muddy pathway. He is carrying a large basket in his right hand and a green cloth over his head and shoulders. The man is wearing a gray shirt, blue shorts, and black sandals. The pathway is lined with brick walls on both sides, and there are some leaves scattered on the ground. The man appears to be walking carefully, possibly to avoid slipping on the wet ground. The video does not contain any other people or moving objects.",T2V_data/label/vidgen_filter_gemini_part_0_dpo_13/06wvF8zKcAE-Scene-0004/entity_20.mp4,T2V_data/label/vidgen_filter_gemini_part_0_dpo_13/06wvF8zKcAE-Scene-0004/entity_20.png
T2V_data/VIDGEN-1M_unzip/06wvF8zKcAE-Scene-0004.mp4,"In the video, a man is seen walking along a muddy pathway. He is carrying a large basket in his right hand and a green cloth over his head and shoulders. The man is wearing a gray shirt, blue shorts, and black sandals. The pathway is lined with brick walls on both sides, and there are some leaves scattered on the ground. The man appears to be walking carefully, possibly to avoid slipping on the wet ground. The video does not contain any other people or moving objects.",T2V_data/label/vidgen_filter_gemini_part_0_dpo_13/06wvF8zKcAE-Scene-0004/depth.mp4,T2V_data/label/vidgen_filter_gemini_part_0_dpo_13/06wvF8zKcAE-Scene-0004/entity_40.png
T2V_data/VIDGEN-1M_unzip/06wvF8zKcAE-Scene-0004.mp4,"In the video, a man is seen walking along a muddy pathway. He is carrying a large basket in his right hand and a green cloth over his head and shoulders. The man is wearing a gray shirt, blue shorts, and black sandals. The pathway is lined with brick walls on both sides, and there are some leaves scattered on the ground. The man appears to be walking carefully, possibly to avoid slipping on the wet ground. The video does not contain any other people or moving objects.",T2V_data/label/vidgen_filter_gemini_part_0_dpo_13/06wvF8zKcAE-Scene-0004/entity_40.mp4,T2V_data/label/vidgen_filter_gemini_part_0_dpo_13/06wvF8zKcAE-Scene-0004/entity_40.png
T2V_data/VIDGEN-1M_unzip/0Hy3WtEJvq8-Scene-0020.mp4,The video shows a person's hands holding a piece of blue yarn and a cardboard roll. The person wraps the yarn around the roll and then cuts the yarn with a pair of scissors. The background is a solid purple color.,T2V_data/label/vidgen_filter_gemini_part_0_dpo_13/0Hy3WtEJvq8-Scene-0020/depth.mp4,T2V_data/label/vidgen_filter_gemini_part_0_dpo_13/0Hy3WtEJvq8-Scene-0020/entity_40.png
T2V_data/VIDGEN-1M_unzip/0Hy3WtEJvq8-Scene-0020.mp4,The video shows a person's hands holding a piece of blue yarn and a cardboard roll. The person wraps the yarn around the roll and then cuts the yarn with a pair of scissors. The background is a solid purple color.,T2V_data/label/vidgen_filter_gemini_part_0_dpo_13/0Hy3WtEJvq8-Scene-0020/entity_40.mp4,T2V_data/label/vidgen_filter_gemini_part_0_dpo_13/0Hy3WtEJvq8-Scene-0020/entity_40.png
T2V_data/VIDGEN-1M_unzip/0KiLsK5tdxs-Scene-0030.mp4,The video features a person riding a red motorcycle on a road. The rider is wearing a black jacket and a colorful helmet. The motorcycle is leaning to the left as the rider takes a turn. The road is surrounded by green grass and trees. The sky is clear and blue.,T2V_data/label/vidgen_filter_gemini_part_0_dpo_13/0KiLsK5tdxs-Scene-0030/depth.mp4,T2V_data/label/vidgen_filter_gemini_part_0_dpo_13/0KiLsK5tdxs-Scene-0030/entity_20.png
T2V_data/VIDGEN-1M_unzip/0KiLsK5tdxs-Scene-0030.mp4,The video features a person riding a red motorcycle on a road. The rider is wearing a black jacket and a colorful helmet. The motorcycle is leaning to the left as the rider takes a turn. The road is surrounded by green grass and trees. The sky is clear and blue.,T2V_data/label/vidgen_filter_gemini_part_0_dpo_13/0KiLsK5tdxs-Scene-0030/entity_20.mp4,T2V_data/label/vidgen_filter_gemini_part_0_dpo_13/0KiLsK5tdxs-Scene-0030/entity_20.png
T2V_data/VIDGEN-1M_unzip/0apZAycBmq8-Scene-0072.mp4,"The video shows a soccer player in a white jersey with green accents and a black logo on the chest. The player is wearing white shorts, white socks, and pink cleats. The player is in the process of kicking a soccer ball, which is white with black and red accents. The background shows a blurred crowd and a yellow advertisement board.",T2V_data/label/vidgen_filter_gemini_part_0_dpo_13/0apZAycBmq8-Scene-0072/depth.mp4,T2V_data/label/vidgen_filter_gemini_part_0_dpo_13/0apZAycBmq8-Scene-0072/entity_40.png
T2V_data/VIDGEN-1M_unzip/0apZAycBmq8-Scene-0072.mp4,"The video shows a soccer player in a white jersey with green accents and a black logo on the chest. The player is wearing white shorts, white socks, and pink cleats. The player is in the process of kicking a soccer ball, which is white with black and red accents. The background shows a blurred crowd and a yellow advertisement board.",T2V_data/label/vidgen_filter_gemini_part_0_dpo_13/0apZAycBmq8-Scene-0072/entity_40.mp4,T2V_data/label/vidgen_filter_gemini_part_0_dpo_13/0apZAycBmq8-Scene-0072/entity_40.png
T2V_data/VIDGEN-1M_unzip/1MwKjqC1aEk-Scene-0060.mp4,"The video shows a man wearing a black hat and black shirt working on a car. He is using a wrench to tighten a bolt on the car. The man is kneeling on the ground and appears to be focused on his task. The car is elevated, and the man is working underneath it. The background is a garage with various tools and equipment visible. The man's movements are deliberate and precise as he works on the car.",T2V_data/label/vidgen_filter_gemini_part_0_dpo_13/1MwKjqC1aEk-Scene-0060/depth.mp4,T2V_data/label/vidgen_filter_gemini_part_0_dpo_13/1MwKjqC1aEk-Scene-0060/entity_20.png
T2V_data/VIDGEN-1M_unzip/1MwKjqC1aEk-Scene-0060.mp4,"The video shows a man wearing a black hat and black shirt working on a car. He is using a wrench to tighten a bolt on the car. The man is kneeling on the ground and appears to be focused on his task. The car is elevated, and the man is working underneath it. The background is a garage with various tools and equipment visible. The man's movements are deliberate and precise as he works on the car.",T2V_data/label/vidgen_filter_gemini_part_0_dpo_13/1MwKjqC1aEk-Scene-0060/entity_20.mp4,T2V_data/label/vidgen_filter_gemini_part_0_dpo_13/1MwKjqC1aEk-Scene-0060/entity_20.png
T2V_data/VIDGEN-1M_unzip/1OWpxnGOT9k-Scene-0076.mp4,"The video shows a clear glass jar placed on a wooden surface. Inside the jar, there is a large block of ice that is slowly melting. The ice is a light blue color, and as it melts, the water level in the jar rises. The background is blurred, but it appears to be a kitchen or a workshop setting.",T2V_data/label/vidgen_filter_gemini_part_0_dpo_13/1OWpxnGOT9k-Scene-0076/depth.mp4,T2V_data/label/vidgen_filter_gemini_part_0_dpo_13/1OWpxnGOT9k-Scene-0076/entity_20.png
T2V_data/VIDGEN-1M_unzip/1OWpxnGOT9k-Scene-0076.mp4,"The video shows a clear glass jar placed on a wooden surface. Inside the jar, there is a large block of ice that is slowly melting. The ice is a light blue color, and as it melts, the water level in the jar rises. The background is blurred, but it appears to be a kitchen or a workshop setting.",T2V_data/label/vidgen_filter_gemini_part_0_dpo_13/1OWpxnGOT9k-Scene-0076/entity_20.mp4,T2V_data/label/vidgen_filter_gemini_part_0_dpo_13/1OWpxnGOT9k-Scene-0076/entity_20.png
T2V_data/VIDGEN-1M_unzip/1OWpxnGOT9k-Scene-0076.mp4,"The video shows a clear glass jar placed on a wooden surface. Inside the jar, there is a large block of ice that is slowly melting. The ice is a light blue color, and as it melts, the water level in the jar rises. The background is blurred, but it appears to be a kitchen or a workshop setting.",T2V_data/label/vidgen_filter_gemini_part_0_dpo_13/1OWpxnGOT9k-Scene-0076/depth.mp4,T2V_data/label/vidgen_filter_gemini_part_0_dpo_13/1OWpxnGOT9k-Scene-0076/entity_40.png
T2V_data/VIDGEN-1M_unzip/1OWpxnGOT9k-Scene-0076.mp4,"The video shows a clear glass jar placed on a wooden surface. Inside the jar, there is a large block of ice that is slowly melting. The ice is a light blue color, and as it melts, the water level in the jar rises. The background is blurred, but it appears to be a kitchen or a workshop setting.",T2V_data/label/vidgen_filter_gemini_part_0_dpo_13/1OWpxnGOT9k-Scene-0076/entity_40.mp4,T2V_data/label/vidgen_filter_gemini_part_0_dpo_13/1OWpxnGOT9k-Scene-0076/entity_40.png
T2V_data/VIDGEN-1M_unzip/1ehoP53A95s-Scene-0034.mp4,"The video shows a person windsurfing on a body of water. The windsurfer is wearing a black wetsuit and is holding onto a sail that is attached to a board. The sail is white with blue and black stripes. The water is choppy, and the windsurfer is moving at a fast pace, causing water to splash around. The background shows a hilly landscape.",T2V_data/label/vidgen_filter_gemini_part_0_dpo_13/1ehoP53A95s-Scene-0034/depth.mp4,T2V_data/label/vidgen_filter_gemini_part_0_dpo_13/1ehoP53A95s-Scene-0034/entity_20.png
T2V_data/VIDGEN-1M_unzip/1ehoP53A95s-Scene-0034.mp4,"The video shows a person windsurfing on a body of water. The windsurfer is wearing a black wetsuit and is holding onto a sail that is attached to a board. The sail is white with blue and black stripes. The water is choppy, and the windsurfer is moving at a fast pace, causing water to splash around. The background shows a hilly landscape.",T2V_data/label/vidgen_filter_gemini_part_0_dpo_13/1ehoP53A95s-Scene-0034/entity_20.mp4,T2V_data/label/vidgen_filter_gemini_part_0_dpo_13/1ehoP53A95s-Scene-0034/entity_20.png
T2V_data/VIDGEN-1M_unzip/1vws9fLmDdg-Scene-0021.mp4,"The video shows a man riding a mountain bike down a steep hill. He is wearing a white shirt and black shorts, and is riding a green bike. The hill is covered in dirt and rocks, and there are trees in the background. The man is riding at a high speed and appears to be enjoying the ride.",T2V_data/label/vidgen_filter_gemini_part_0_dpo_13/1vws9fLmDdg-Scene-0021/depth.mp4,T2V_data/label/vidgen_filter_gemini_part_0_dpo_13/1vws9fLmDdg-Scene-0021/entity_20.png
T2V_data/VIDGEN-1M_unzip/1vws9fLmDdg-Scene-0021.mp4,"The video shows a man riding a mountain bike down a steep hill. He is wearing a white shirt and black shorts, and is riding a green bike. The hill is covered in dirt and rocks, and there are trees in the background. The man is riding at a high speed and appears to be enjoying the ride.",T2V_data/label/vidgen_filter_gemini_part_0_dpo_13/1vws9fLmDdg-Scene-0021/entity_20.mp4,T2V_data/label/vidgen_filter_gemini_part_0_dpo_13/1vws9fLmDdg-Scene-0021/entity_20.png
T2V_data/VIDGEN-1M_unzip/2-NImmlALUI-Scene-0048.mp4,The video shows a pot on a fire. The pot is black and has a lid on it. The fire is burning underneath the pot and there are rocks surrounding the fire. The pot is placed on a metal grill. A hand reaches out and touches the lid of the pot.,T2V_data/label/vidgen_filter_gemini_part_0_dpo_13/2-NImmlALUI-Scene-0048/depth.mp4,T2V_data/label/vidgen_filter_gemini_part_0_dpo_13/2-NImmlALUI-Scene-0048/entity_60.png
T2V_data/VIDGEN-1M_unzip/2-NImmlALUI-Scene-0048.mp4,The video shows a pot on a fire. The pot is black and has a lid on it. The fire is burning underneath the pot and there are rocks surrounding the fire. The pot is placed on a metal grill. A hand reaches out and touches the lid of the pot.,T2V_data/label/vidgen_filter_gemini_part_0_dpo_13/2-NImmlALUI-Scene-0048/entity_60.mp4,T2V_data/label/vidgen_filter_gemini_part_0_dpo_13/2-NImmlALUI-Scene-0048/entity_60.png
T2V_data/VIDGEN-1M_unzip/2HWRa-XdacI-Scene-0099.mp4,"In the video, a woman is seen cutting a watermelon with a knife while a boy watches her. The woman is wearing a black tank top and the boy is wearing a blue shirt. The watermelon is green and has a white rope tied around it. The woman is cutting the watermelon in a circular motion.",T2V_data/label/vidgen_filter_gemini_part_0_dpo_13/2HWRa-XdacI-Scene-0099/depth.mp4,T2V_data/label/vidgen_filter_gemini_part_0_dpo_13/2HWRa-XdacI-Scene-0099/entity_20.png
T2V_data/VIDGEN-1M_unzip/2HWRa-XdacI-Scene-0099.mp4,"In the video, a woman is seen cutting a watermelon with a knife while a boy watches her. The woman is wearing a black tank top and the boy is wearing a blue shirt. The watermelon is green and has a white rope tied around it. The woman is cutting the watermelon in a circular motion.",T2V_data/label/vidgen_filter_gemini_part_0_dpo_13/2HWRa-XdacI-Scene-0099/entity_20.mp4,T2V_data/label/vidgen_filter_gemini_part_0_dpo_13/2HWRa-XdacI-Scene-0099/entity_20.png
T2V_data/VIDGEN-1M_unzip/2HWRa-XdacI-Scene-0099.mp4,"In the video, a woman is seen cutting a watermelon with a knife while a boy watches her. The woman is wearing a black tank top and the boy is wearing a blue shirt. The watermelon is green and has a white rope tied around it. The woman is cutting the watermelon in a circular motion.",T2V_data/label/vidgen_filter_gemini_part_0_dpo_13/2HWRa-XdacI-Scene-0099/depth.mp4,T2V_data/label/vidgen_filter_gemini_part_0_dpo_13/2HWRa-XdacI-Scene-0099/entity_40.png
T2V_data/VIDGEN-1M_unzip/2HWRa-XdacI-Scene-0099.mp4,"In the video, a woman is seen cutting a watermelon with a knife while a boy watches her. The woman is wearing a black tank top and the boy is wearing a blue shirt. The watermelon is green and has a white rope tied around it. The woman is cutting the watermelon in a circular motion.",T2V_data/label/vidgen_filter_gemini_part_0_dpo_13/2HWRa-XdacI-Scene-0099/entity_40.mp4,T2V_data/label/vidgen_filter_gemini_part_0_dpo_13/2HWRa-XdacI-Scene-0099/entity_40.png
T2V_data/VIDGEN-1M_unzip/2fVL2pyE-b0-Scene-0020.mp4,"In the video, a man is seen holding a monkey in his arms. He then places the monkey on top of a cage and the monkey jumps onto a swing. The man then pulls the swing back and forth, and the monkey swings back and forth. The man continues to swing the monkey back and forth, and the monkey appears to be enjoying the ride. The man is wearing a black tank top, and the monkey is brown and black. The cage is made of metal bars, and there is a window in the background.",T2V_data/label/vidgen_filter_gemini_part_0_dpo_13/2fVL2pyE-b0-Scene-0020/depth.mp4,T2V_data/label/vidgen_filter_gemini_part_0_dpo_13/2fVL2pyE-b0-Scene-0020/entity_20.png
T2V_data/VIDGEN-1M_unzip/2fVL2pyE-b0-Scene-0020.mp4,"In the video, a man is seen holding a monkey in his arms. He then places the monkey on top of a cage and the monkey jumps onto a swing. The man then pulls the swing back and forth, and the monkey swings back and forth. The man continues to swing the monkey back and forth, and the monkey appears to be enjoying the ride. The man is wearing a black tank top, and the monkey is brown and black. The cage is made of metal bars, and there is a window in the background.",T2V_data/label/vidgen_filter_gemini_part_0_dpo_13/2fVL2pyE-b0-Scene-0020/entity_20.mp4,T2V_data/label/vidgen_filter_gemini_part_0_dpo_13/2fVL2pyE-b0-Scene-0020/entity_20.png
T2V_data/VIDGEN-1M_unzip/2fVL2pyE-b0-Scene-0020.mp4,"In the video, a man is seen holding a monkey in his arms. He then places the monkey on top of a cage and the monkey jumps onto a swing. The man then pulls the swing back and forth, and the monkey swings back and forth. The man continues to swing the monkey back and forth, and the monkey appears to be enjoying the ride. The man is wearing a black tank top, and the monkey is brown and black. The cage is made of metal bars, and there is a window in the background.",T2V_data/label/vidgen_filter_gemini_part_0_dpo_13/2fVL2pyE-b0-Scene-0020/depth.mp4,T2V_data/label/vidgen_filter_gemini_part_0_dpo_13/2fVL2pyE-b0-Scene-0020/entity_60.png
T2V_data/VIDGEN-1M_unzip/2fVL2pyE-b0-Scene-0020.mp4,"In the video, a man is seen holding a monkey in his arms. He then places the monkey on top of a cage and the monkey jumps onto a swing. The man then pulls the swing back and forth, and the monkey swings back and forth. The man continues to swing the monkey back and forth, and the monkey appears to be enjoying the ride. The man is wearing a black tank top, and the monkey is brown and black. The cage is made of metal bars, and there is a window in the background.",T2V_data/label/vidgen_filter_gemini_part_0_dpo_13/2fVL2pyE-b0-Scene-0020/entity_60.mp4,T2V_data/label/vidgen_filter_gemini_part_0_dpo_13/2fVL2pyE-b0-Scene-0020/entity_60.png
T2V_data/VIDGEN-1M_unzip/2zzwbnX8w9E-Scene-0145.mp4,The video shows a man riding a bicycle on a road. He is wearing a black shirt and grey shorts. The man is seen riding the bicycle and then he falls off the bike onto the road. The background shows a forest and mountains.,T2V_data/label/vidgen_filter_gemini_part_0_dpo_13/2zzwbnX8w9E-Scene-0145/depth.mp4,T2V_data/label/vidgen_filter_gemini_part_0_dpo_13/2zzwbnX8w9E-Scene-0145/entity_20.png
T2V_data/VIDGEN-1M_unzip/2zzwbnX8w9E-Scene-0145.mp4,The video shows a man riding a bicycle on a road. He is wearing a black shirt and grey shorts. The man is seen riding the bicycle and then he falls off the bike onto the road. The background shows a forest and mountains.,T2V_data/label/vidgen_filter_gemini_part_0_dpo_13/2zzwbnX8w9E-Scene-0145/entity_20.mp4,T2V_data/label/vidgen_filter_gemini_part_0_dpo_13/2zzwbnX8w9E-Scene-0145/entity_20.png
T2V_data/VIDGEN-1M_unzip/3-i2r072o2w-Scene-0034.mp4,"In the video, we see a group of men standing on a golf course. One man is holding a golf club and is preparing to hit a golf ball. The other men are standing around him, watching him. The man takes a swing at the ball, and it goes flying off into the distance. The other men cheer and applaud him. The video captures the excitement and camaraderie of the group as they enjoy a day on the golf course.",T2V_data/label/vidgen_filter_gemini_part_0_dpo_13/3-i2r072o2w-Scene-0034/depth.mp4,T2V_data/label/vidgen_filter_gemini_part_0_dpo_13/3-i2r072o2w-Scene-0034/entity_80.png
T2V_data/VIDGEN-1M_unzip/3-i2r072o2w-Scene-0034.mp4,"In the video, we see a group of men standing on a golf course. One man is holding a golf club and is preparing to hit a golf ball. The other men are standing around him, watching him. The man takes a swing at the ball, and it goes flying off into the distance. The other men cheer and applaud him. The video captures the excitement and camaraderie of the group as they enjoy a day on the golf course.",T2V_data/label/vidgen_filter_gemini_part_0_dpo_13/3-i2r072o2w-Scene-0034/entity_80.mp4,T2V_data/label/vidgen_filter_gemini_part_0_dpo_13/3-i2r072o2w-Scene-0034/entity_80.png
T2V_data/VIDGEN-1M_unzip/32YGGYaUTgE-Scene-0031.mp4,"The video shows a firefighter in full gear, including a helmet and a hose, standing in front of a forest fire. The firefighter is holding the hose and spraying water towards the fire, trying to extinguish it. The forest is on fire, with flames and smoke visible in the background. The firefighter is focused on the task at hand, and the video captures the intensity of the situation.",T2V_data/label/vidgen_filter_gemini_part_0_dpo_13/32YGGYaUTgE-Scene-0031/depth.mp4,T2V_data/label/vidgen_filter_gemini_part_0_dpo_13/32YGGYaUTgE-Scene-0031/entity_20.png
T2V_data/VIDGEN-1M_unzip/32YGGYaUTgE-Scene-0031.mp4,"The video shows a firefighter in full gear, including a helmet and a hose, standing in front of a forest fire. The firefighter is holding the hose and spraying water towards the fire, trying to extinguish it. The forest is on fire, with flames and smoke visible in the background. The firefighter is focused on the task at hand, and the video captures the intensity of the situation.",T2V_data/label/vidgen_filter_gemini_part_0_dpo_13/32YGGYaUTgE-Scene-0031/entity_20.mp4,T2V_data/label/vidgen_filter_gemini_part_0_dpo_13/32YGGYaUTgE-Scene-0031/entity_20.png
T2V_data/VIDGEN-1M_unzip/3K1G81IAh8Y-Scene-0016.mp4,"In the video, a person is seen holding a wooden spindle with a string attached to it. The spindle is being rotated by the person's hand, causing the string to wrap around it. The person's hand is visible in the frame, and the spindle is the main focus of the video. The background is blurred, but it appears to be an indoor setting. The person's hand is steady, and the spindle is rotating at a consistent speed. The string is white and appears to be made of a thin, lightweight material. The wooden spindle is cylindrical and has a smooth surface. The video does not contain any other objects or people.",T2V_data/label/vidgen_filter_gemini_part_0_dpo_13/3K1G81IAh8Y-Scene-0016/depth.mp4,T2V_data/label/vidgen_filter_gemini_part_0_dpo_13/3K1G81IAh8Y-Scene-0016/entity_40.png
T2V_data/VIDGEN-1M_unzip/3K1G81IAh8Y-Scene-0016.mp4,"In the video, a person is seen holding a wooden spindle with a string attached to it. The spindle is being rotated by the person's hand, causing the string to wrap around it. The person's hand is visible in the frame, and the spindle is the main focus of the video. The background is blurred, but it appears to be an indoor setting. The person's hand is steady, and the spindle is rotating at a consistent speed. The string is white and appears to be made of a thin, lightweight material. The wooden spindle is cylindrical and has a smooth surface. The video does not contain any other objects or people.",T2V_data/label/vidgen_filter_gemini_part_0_dpo_13/3K1G81IAh8Y-Scene-0016/entity_40.mp4,T2V_data/label/vidgen_filter_gemini_part_0_dpo_13/3K1G81IAh8Y-Scene-0016/entity_40.png
T2V_data/VIDGEN-1M_unzip/3c1aZnMbypE-Scene-0035.mp4,The video shows a large pile of garbage on a beach. A person is seen digging through the garbage with a shovel. The garbage is a mix of different colors and types of waste. The person is wearing a striped shirt and is using a green shovel. The beach is sandy and there are shadows of people visible in the video.,T2V_data/label/vidgen_filter_gemini_part_0_dpo_13/3c1aZnMbypE-Scene-0035/depth.mp4,T2V_data/label/vidgen_filter_gemini_part_0_dpo_13/3c1aZnMbypE-Scene-0035/entity_40.png
T2V_data/VIDGEN-1M_unzip/3c1aZnMbypE-Scene-0035.mp4,The video shows a large pile of garbage on a beach. A person is seen digging through the garbage with a shovel. The garbage is a mix of different colors and types of waste. The person is wearing a striped shirt and is using a green shovel. The beach is sandy and there are shadows of people visible in the video.,T2V_data/label/vidgen_filter_gemini_part_0_dpo_13/3c1aZnMbypE-Scene-0035/entity_40.mp4,T2V_data/label/vidgen_filter_gemini_part_0_dpo_13/3c1aZnMbypE-Scene-0035/entity_40.png
T2V_data/VIDGEN-1M_unzip/3p7eJAhX8ts-Scene-0077.mp4,"The video shows a soccer game in progress, with players running and kicking the ball on a green field. The players are wearing different colored uniforms, and the ball is white. The camera angle changes throughout the video, showing different perspectives of the game. The players are seen dribbling, passing, and shooting the ball, with some shots on goal. The video is fast-paced, with quick cuts between different moments of the game.",T2V_data/label/vidgen_filter_gemini_part_0_dpo_13/3p7eJAhX8ts-Scene-0077/depth.mp4,T2V_data/label/vidgen_filter_gemini_part_0_dpo_13/3p7eJAhX8ts-Scene-0077/entity_80.png
T2V_data/VIDGEN-1M_unzip/3p7eJAhX8ts-Scene-0077.mp4,"The video shows a soccer game in progress, with players running and kicking the ball on a green field. The players are wearing different colored uniforms, and the ball is white. The camera angle changes throughout the video, showing different perspectives of the game. The players are seen dribbling, passing, and shooting the ball, with some shots on goal. The video is fast-paced, with quick cuts between different moments of the game.",T2V_data/label/vidgen_filter_gemini_part_0_dpo_13/3p7eJAhX8ts-Scene-0077/entity_80.mp4,T2V_data/label/vidgen_filter_gemini_part_0_dpo_13/3p7eJAhX8ts-Scene-0077/entity_80.png
T2V_data/VIDGEN-1M_unzip/3wv2dQU6fgU-Scene-0166.mp4,"In the video, a man is seen sitting at a table with a white plate in front of him. He is wearing an orange shirt and a black cap. He picks up a carrot and puts it on the plate. He then picks up a knife and starts cutting the carrot. The man appears to be focused on the task at hand. The background is a kitchen setting with a black countertop and a red kettle visible. The man's actions are deliberate and precise as he cuts the carrot into smaller pieces. The video is shot from a close-up angle, focusing on the man and his actions.",T2V_data/label/vidgen_filter_gemini_part_0_dpo_13/3wv2dQU6fgU-Scene-0166/depth.mp4,T2V_data/label/vidgen_filter_gemini_part_0_dpo_13/3wv2dQU6fgU-Scene-0166/entity_80.png
T2V_data/VIDGEN-1M_unzip/3wv2dQU6fgU-Scene-0166.mp4,"In the video, a man is seen sitting at a table with a white plate in front of him. He is wearing an orange shirt and a black cap. He picks up a carrot and puts it on the plate. He then picks up a knife and starts cutting the carrot. The man appears to be focused on the task at hand. The background is a kitchen setting with a black countertop and a red kettle visible. The man's actions are deliberate and precise as he cuts the carrot into smaller pieces. The video is shot from a close-up angle, focusing on the man and his actions.",T2V_data/label/vidgen_filter_gemini_part_0_dpo_13/3wv2dQU6fgU-Scene-0166/entity_80.mp4,T2V_data/label/vidgen_filter_gemini_part_0_dpo_13/3wv2dQU6fgU-Scene-0166/entity_80.png
T2V_data/VIDGEN-1M_unzip/46JIGEfAsX8-Scene-0094.mp4,"The video shows a man riding a dirt bike in a forest. He is wearing a helmet and a motocross outfit. The bike is white and has a number on it. The man is performing a wheelie, which is a trick where the front wheel of the bike is lifted off the ground while the bike is in motion. The forest is filled with trees and the ground is covered with dry leaves. The man is skillfully balancing on the back wheel of the bike while riding it.",T2V_data/label/vidgen_filter_gemini_part_0_dpo_13/46JIGEfAsX8-Scene-0094/depth.mp4,T2V_data/label/vidgen_filter_gemini_part_0_dpo_13/46JIGEfAsX8-Scene-0094/entity_20.png
T2V_data/VIDGEN-1M_unzip/46JIGEfAsX8-Scene-0094.mp4,"The video shows a man riding a dirt bike in a forest. He is wearing a helmet and a motocross outfit. The bike is white and has a number on it. The man is performing a wheelie, which is a trick where the front wheel of the bike is lifted off the ground while the bike is in motion. The forest is filled with trees and the ground is covered with dry leaves. The man is skillfully balancing on the back wheel of the bike while riding it.",T2V_data/label/vidgen_filter_gemini_part_0_dpo_13/46JIGEfAsX8-Scene-0094/entity_20.mp4,T2V_data/label/vidgen_filter_gemini_part_0_dpo_13/46JIGEfAsX8-Scene-0094/entity_20.png
T2V_data/VIDGEN-1M_unzip/46JIGEfAsX8-Scene-0094.mp4,"The video shows a man riding a dirt bike in a forest. He is wearing a helmet and a motocross outfit. The bike is white and has a number on it. The man is performing a wheelie, which is a trick where the front wheel of the bike is lifted off the ground while the bike is in motion. The forest is filled with trees and the ground is covered with dry leaves. The man is skillfully balancing on the back wheel of the bike while riding it.",T2V_data/label/vidgen_filter_gemini_part_0_dpo_13/46JIGEfAsX8-Scene-0094/depth.mp4,T2V_data/label/vidgen_filter_gemini_part_0_dpo_13/46JIGEfAsX8-Scene-0094/entity_40.png
T2V_data/VIDGEN-1M_unzip/46JIGEfAsX8-Scene-0094.mp4,"The video shows a man riding a dirt bike in a forest. He is wearing a helmet and a motocross outfit. The bike is white and has a number on it. The man is performing a wheelie, which is a trick where the front wheel of the bike is lifted off the ground while the bike is in motion. The forest is filled with trees and the ground is covered with dry leaves. The man is skillfully balancing on the back wheel of the bike while riding it.",T2V_data/label/vidgen_filter_gemini_part_0_dpo_13/46JIGEfAsX8-Scene-0094/entity_40.mp4,T2V_data/label/vidgen_filter_gemini_part_0_dpo_13/46JIGEfAsX8-Scene-0094/entity_40.png
T2V_data/VIDGEN-1M_unzip/46NE8oQP8fw-Scene-0016.mp4,"In the video, a person is seen holding a coin in their hands. The coin is silver in color and has a tiger on it. The person then places the coin on a black surface and begins to spin it. The coin spins several times before coming to a stop. The person's hands are visible throughout the video, and they appear to be wearing a white shirt. The background is dark, and there are no other objects or people visible in the video.",T2V_data/label/vidgen_filter_gemini_part_0_dpo_13/46NE8oQP8fw-Scene-0016/depth.mp4,T2V_data/label/vidgen_filter_gemini_part_0_dpo_13/46NE8oQP8fw-Scene-0016/entity_20.png
T2V_data/VIDGEN-1M_unzip/46NE8oQP8fw-Scene-0016.mp4,"In the video, a person is seen holding a coin in their hands. The coin is silver in color and has a tiger on it. The person then places the coin on a black surface and begins to spin it. The coin spins several times before coming to a stop. The person's hands are visible throughout the video, and they appear to be wearing a white shirt. The background is dark, and there are no other objects or people visible in the video.",T2V_data/label/vidgen_filter_gemini_part_0_dpo_13/46NE8oQP8fw-Scene-0016/entity_20.mp4,T2V_data/label/vidgen_filter_gemini_part_0_dpo_13/46NE8oQP8fw-Scene-0016/entity_20.png
T2V_data/VIDGEN-1M_unzip/48pUN8U_Ekw-Scene-0043.mp4,The video shows a person using tongs to hold a piece of meat on a cutting board. The meat is dark brown on the outside and pink on the inside. The person then uses a knife to cut the meat into slices.,T2V_data/label/vidgen_filter_gemini_part_0_dpo_13/48pUN8U_Ekw-Scene-0043/depth.mp4,T2V_data/label/vidgen_filter_gemini_part_0_dpo_13/48pUN8U_Ekw-Scene-0043/entity_20.png
T2V_data/VIDGEN-1M_unzip/48pUN8U_Ekw-Scene-0043.mp4,The video shows a person using tongs to hold a piece of meat on a cutting board. The meat is dark brown on the outside and pink on the inside. The person then uses a knife to cut the meat into slices.,T2V_data/label/vidgen_filter_gemini_part_0_dpo_13/48pUN8U_Ekw-Scene-0043/entity_20.mp4,T2V_data/label/vidgen_filter_gemini_part_0_dpo_13/48pUN8U_Ekw-Scene-0043/entity_20.png
T2V_data/VIDGEN-1M_unzip/4sOdrmRV8Zw-Scene-0023.mp4,"In the video, a group of children are seen wearing hard hats and working together to build a wall. They are using large white blocks to construct the wall, and there are orange sticks placed on the ground in front of them. The children are standing in a line, and they are all focused on the task at hand. The wall they are building appears to be quite tall, and the children are using both their hands and their bodies to place the blocks on top of each other. The hard hats they are wearing are white and have the words ""BuildBlock"" written on them. The children seem to be enjoying the activity, and they are working together as a team.",T2V_data/label/vidgen_filter_gemini_part_0_dpo_13/4sOdrmRV8Zw-Scene-0023/depth.mp4,T2V_data/label/vidgen_filter_gemini_part_0_dpo_13/4sOdrmRV8Zw-Scene-0023/entity_60.png
T2V_data/VIDGEN-1M_unzip/4sOdrmRV8Zw-Scene-0023.mp4,"In the video, a group of children are seen wearing hard hats and working together to build a wall. They are using large white blocks to construct the wall, and there are orange sticks placed on the ground in front of them. The children are standing in a line, and they are all focused on the task at hand. The wall they are building appears to be quite tall, and the children are using both their hands and their bodies to place the blocks on top of each other. The hard hats they are wearing are white and have the words ""BuildBlock"" written on them. The children seem to be enjoying the activity, and they are working together as a team.",T2V_data/label/vidgen_filter_gemini_part_0_dpo_13/4sOdrmRV8Zw-Scene-0023/entity_60.mp4,T2V_data/label/vidgen_filter_gemini_part_0_dpo_13/4sOdrmRV8Zw-Scene-0023/entity_60.png
T2V_data/VIDGEN-1M_unzip/5CE4lxphrMg-Scene-0172.mp4,"The video shows a basketball game in progress. The players are wearing white and blue jerseys. The game is being played in a gymnasium with a crowd of spectators watching from the stands. The players are seen dribbling, passing, and shooting the ball. The gymnasium has a basketball court with markings and a hoop at each end. The players are actively moving around the court, trying to score points. The video captures the excitement and energy of the game, with the players displaying their skills and competing against each other.",T2V_data/label/vidgen_filter_gemini_part_0_dpo_13/5CE4lxphrMg-Scene-0172/depth.mp4,T2V_data/label/vidgen_filter_gemini_part_0_dpo_13/5CE4lxphrMg-Scene-0172/entity_20.png
T2V_data/VIDGEN-1M_unzip/5CE4lxphrMg-Scene-0172.mp4,"The video shows a basketball game in progress. The players are wearing white and blue jerseys. The game is being played in a gymnasium with a crowd of spectators watching from the stands. The players are seen dribbling, passing, and shooting the ball. The gymnasium has a basketball court with markings and a hoop at each end. The players are actively moving around the court, trying to score points. The video captures the excitement and energy of the game, with the players displaying their skills and competing against each other.",T2V_data/label/vidgen_filter_gemini_part_0_dpo_13/5CE4lxphrMg-Scene-0172/entity_20.mp4,T2V_data/label/vidgen_filter_gemini_part_0_dpo_13/5CE4lxphrMg-Scene-0172/entity_20.png
T2V_data/VIDGEN-1M_unzip/5EbjjkoMKXI-Scene-0009.mp4,"In the video, a person is seen holding a small toy car made of clay. The car is primarily red with a yellow bottom and a white stripe in the middle. The person is using a small metal tool to carve out the wheels of the car. The tool is being pushed into the clay to create the shape of the wheels. The person's hands are visible, and they are wearing a ring on their left hand. The background is a plain wooden surface.",T2V_data/label/vidgen_filter_gemini_part_0_dpo_13/5EbjjkoMKXI-Scene-0009/depth.mp4,T2V_data/label/vidgen_filter_gemini_part_0_dpo_13/5EbjjkoMKXI-Scene-0009/entity_60.png
T2V_data/VIDGEN-1M_unzip/5EbjjkoMKXI-Scene-0009.mp4,"In the video, a person is seen holding a small toy car made of clay. The car is primarily red with a yellow bottom and a white stripe in the middle. The person is using a small metal tool to carve out the wheels of the car. The tool is being pushed into the clay to create the shape of the wheels. The person's hands are visible, and they are wearing a ring on their left hand. The background is a plain wooden surface.",T2V_data/label/vidgen_filter_gemini_part_0_dpo_13/5EbjjkoMKXI-Scene-0009/entity_60.mp4,T2V_data/label/vidgen_filter_gemini_part_0_dpo_13/5EbjjkoMKXI-Scene-0009/entity_60.png
T2V_data/VIDGEN-1M_unzip/5JxwfYyg4Xc-Scene-0003.mp4,"In the video, a gymnast is performing a routine on the rings. The gymnast is wearing a blue leotard and has his arms extended out to the sides. He then proceeds to lift his body up and over the rings, executing a flip. The gymnast's movements are fluid and precise, demonstrating his strength and agility. The rings are suspended from the ceiling, and the gymnast is the only person visible in the frame. The background is blurred, but it appears to be an indoor gymnasium with spectators watching the performance.",T2V_data/label/vidgen_filter_gemini_part_0_dpo_13/5JxwfYyg4Xc-Scene-0003/depth.mp4,T2V_data/label/vidgen_filter_gemini_part_0_dpo_13/5JxwfYyg4Xc-Scene-0003/entity_20.png
T2V_data/VIDGEN-1M_unzip/5JxwfYyg4Xc-Scene-0003.mp4,"In the video, a gymnast is performing a routine on the rings. The gymnast is wearing a blue leotard and has his arms extended out to the sides. He then proceeds to lift his body up and over the rings, executing a flip. The gymnast's movements are fluid and precise, demonstrating his strength and agility. The rings are suspended from the ceiling, and the gymnast is the only person visible in the frame. The background is blurred, but it appears to be an indoor gymnasium with spectators watching the performance.",T2V_data/label/vidgen_filter_gemini_part_0_dpo_13/5JxwfYyg4Xc-Scene-0003/entity_20.mp4,T2V_data/label/vidgen_filter_gemini_part_0_dpo_13/5JxwfYyg4Xc-Scene-0003/entity_20.png
T2V_data/VIDGEN-1M_unzip/5M2G08EHdsI-Scene-0008.mp4,"In the video, a monkey is seen holding a pen and scratching off a lottery ticket. The monkey seems to be enjoying the activity, as it continues to scratch the ticket with the pen. The lottery ticket is green and white, and the monkey is holding it with its left hand while scratching with its right hand. The monkey's fur is brown and white, and it appears to be sitting on a wooden surface. The background is blurred, but it seems to be an indoor setting.",T2V_data/label/vidgen_filter_gemini_part_0_dpo_13/5M2G08EHdsI-Scene-0008/depth.mp4,T2V_data/label/vidgen_filter_gemini_part_0_dpo_13/5M2G08EHdsI-Scene-0008/entity_20.png
T2V_data/VIDGEN-1M_unzip/5M2G08EHdsI-Scene-0008.mp4,"In the video, a monkey is seen holding a pen and scratching off a lottery ticket. The monkey seems to be enjoying the activity, as it continues to scratch the ticket with the pen. The lottery ticket is green and white, and the monkey is holding it with its left hand while scratching with its right hand. The monkey's fur is brown and white, and it appears to be sitting on a wooden surface. The background is blurred, but it seems to be an indoor setting.",T2V_data/label/vidgen_filter_gemini_part_0_dpo_13/5M2G08EHdsI-Scene-0008/entity_20.mp4,T2V_data/label/vidgen_filter_gemini_part_0_dpo_13/5M2G08EHdsI-Scene-0008/entity_20.png
T2V_data/VIDGEN-1M_unzip/5TJe_rfMWbk-Scene-0083.mp4,"In the video, a person is seen sitting in the driver's seat of a car. The person's hand is visible, and they are using the car's side mirror adjustment buttons to adjust the angle of the side mirror. The person's hand is seen pressing the buttons, and the mirror angle changes accordingly. The car appears to be parked on a street, and there are other cars and buildings visible in the background. The person's hand is the main focus of the video, and the action of adjusting the side mirror is the main activity.",T2V_data/label/vidgen_filter_gemini_part_0_dpo_13/5TJe_rfMWbk-Scene-0083/depth.mp4,T2V_data/label/vidgen_filter_gemini_part_0_dpo_13/5TJe_rfMWbk-Scene-0083/entity_60.png
T2V_data/VIDGEN-1M_unzip/5TJe_rfMWbk-Scene-0083.mp4,"In the video, a person is seen sitting in the driver's seat of a car. The person's hand is visible, and they are using the car's side mirror adjustment buttons to adjust the angle of the side mirror. The person's hand is seen pressing the buttons, and the mirror angle changes accordingly. The car appears to be parked on a street, and there are other cars and buildings visible in the background. The person's hand is the main focus of the video, and the action of adjusting the side mirror is the main activity.",T2V_data/label/vidgen_filter_gemini_part_0_dpo_13/5TJe_rfMWbk-Scene-0083/entity_60.mp4,T2V_data/label/vidgen_filter_gemini_part_0_dpo_13/5TJe_rfMWbk-Scene-0083/entity_60.png
T2V_data/VIDGEN-1M_unzip/5XB4wCjLKsY-Scene-0062.mp4,"In the video, a young man is sitting at a table in a kitchen. He is wearing a red shirt and jeans. He is talking to the camera and then suddenly leans forward and hits his head on the table. He then looks up and smiles. The kitchen has white cabinets and a painting on the wall.",T2V_data/label/vidgen_filter_gemini_part_0_dpo_13/5XB4wCjLKsY-Scene-0062/depth.mp4,T2V_data/label/vidgen_filter_gemini_part_0_dpo_13/5XB4wCjLKsY-Scene-0062/entity_20.png
T2V_data/VIDGEN-1M_unzip/5XB4wCjLKsY-Scene-0062.mp4,"In the video, a young man is sitting at a table in a kitchen. He is wearing a red shirt and jeans. He is talking to the camera and then suddenly leans forward and hits his head on the table. He then looks up and smiles. The kitchen has white cabinets and a painting on the wall.",T2V_data/label/vidgen_filter_gemini_part_0_dpo_13/5XB4wCjLKsY-Scene-0062/entity_20.mp4,T2V_data/label/vidgen_filter_gemini_part_0_dpo_13/5XB4wCjLKsY-Scene-0062/entity_20.png
T2V_data/VIDGEN-1M_unzip/5_sYo1wDkBA-Scene-0002.mp4,"The video shows a man in a wetsuit riding a surfboard on the water. He is seen paddling with his arms and then standing up on the board to ride the waves. The man appears to be skilled at surfing and is able to maintain his balance as he rides the waves. The water is a deep blue color, and the waves are moderate in size. The man's wetsuit is black and blue, and he is wearing a red and white life jacket. The surfboard is white with a black stripe on the side. The man's movements are smooth and controlled as he navigates the waves.",T2V_data/label/vidgen_filter_gemini_part_0_dpo_13/5_sYo1wDkBA-Scene-0002/depth.mp4,T2V_data/label/vidgen_filter_gemini_part_0_dpo_13/5_sYo1wDkBA-Scene-0002/entity_20.png
T2V_data/VIDGEN-1M_unzip/5_sYo1wDkBA-Scene-0002.mp4,"The video shows a man in a wetsuit riding a surfboard on the water. He is seen paddling with his arms and then standing up on the board to ride the waves. The man appears to be skilled at surfing and is able to maintain his balance as he rides the waves. The water is a deep blue color, and the waves are moderate in size. The man's wetsuit is black and blue, and he is wearing a red and white life jacket. The surfboard is white with a black stripe on the side. The man's movements are smooth and controlled as he navigates the waves.",T2V_data/label/vidgen_filter_gemini_part_0_dpo_13/5_sYo1wDkBA-Scene-0002/entity_20.mp4,T2V_data/label/vidgen_filter_gemini_part_0_dpo_13/5_sYo1wDkBA-Scene-0002/entity_20.png
T2V_data/VIDGEN-1M_unzip/5aBxRSTUo-Q-Scene-0046.mp4,"In the video, a man is seen skateboarding at a skate park. He is wearing a gray shirt and gray pants. He starts by riding down a ramp and then jumps onto a rail to perform a trick. He successfully lands the trick and rides away. The skate park is surrounded by trees and there are other people visible in the background.",T2V_data/label/vidgen_filter_gemini_part_0_dpo_13/5aBxRSTUo-Q-Scene-0046/depth.mp4,T2V_data/label/vidgen_filter_gemini_part_0_dpo_13/5aBxRSTUo-Q-Scene-0046/entity_20.png
T2V_data/VIDGEN-1M_unzip/5aBxRSTUo-Q-Scene-0046.mp4,"In the video, a man is seen skateboarding at a skate park. He is wearing a gray shirt and gray pants. He starts by riding down a ramp and then jumps onto a rail to perform a trick. He successfully lands the trick and rides away. The skate park is surrounded by trees and there are other people visible in the background.",T2V_data/label/vidgen_filter_gemini_part_0_dpo_13/5aBxRSTUo-Q-Scene-0046/entity_20.mp4,T2V_data/label/vidgen_filter_gemini_part_0_dpo_13/5aBxRSTUo-Q-Scene-0046/entity_20.png
T2V_data/VIDGEN-1M_unzip/5fL5FRSyQok-Scene-0034.mp4,"The video shows a basketball game in progress. The players are wearing white and red uniforms. One player in a white uniform is seen dribbling the ball and then jumping to make a shot. The ball goes through the hoop, and the crowd cheers. The players are seen celebrating the successful shot.",T2V_data/label/vidgen_filter_gemini_part_0_dpo_13/5fL5FRSyQok-Scene-0034/depth.mp4,T2V_data/label/vidgen_filter_gemini_part_0_dpo_13/5fL5FRSyQok-Scene-0034/entity_20.png
T2V_data/VIDGEN-1M_unzip/5fL5FRSyQok-Scene-0034.mp4,"The video shows a basketball game in progress. The players are wearing white and red uniforms. One player in a white uniform is seen dribbling the ball and then jumping to make a shot. The ball goes through the hoop, and the crowd cheers. The players are seen celebrating the successful shot.",T2V_data/label/vidgen_filter_gemini_part_0_dpo_13/5fL5FRSyQok-Scene-0034/entity_20.mp4,T2V_data/label/vidgen_filter_gemini_part_0_dpo_13/5fL5FRSyQok-Scene-0034/entity_20.png
T2V_data/VIDGEN-1M_unzip/6U6niqu8s6s-Scene-0065.mp4,"In the video, a man is seen standing outside a car, and he is kicking another man who is sitting inside the car. The man inside the car is wearing a white shirt and black pants. The man outside the car is wearing a white shirt and black pants as well. The car is white in color, and there is a group of people standing behind the car, watching the incident. The man inside the car is trying to defend himself by holding his head. The man outside the car seems to be aggressive and is continuously kicking the man inside the car. The video is shot in a nighttime setting, and the lighting is not very bright.",T2V_data/label/vidgen_filter_gemini_part_0_dpo_13/6U6niqu8s6s-Scene-0065/depth.mp4,T2V_data/label/vidgen_filter_gemini_part_0_dpo_13/6U6niqu8s6s-Scene-0065/entity_60.png
T2V_data/VIDGEN-1M_unzip/6U6niqu8s6s-Scene-0065.mp4,"In the video, a man is seen standing outside a car, and he is kicking another man who is sitting inside the car. The man inside the car is wearing a white shirt and black pants. The man outside the car is wearing a white shirt and black pants as well. The car is white in color, and there is a group of people standing behind the car, watching the incident. The man inside the car is trying to defend himself by holding his head. The man outside the car seems to be aggressive and is continuously kicking the man inside the car. The video is shot in a nighttime setting, and the lighting is not very bright.",T2V_data/label/vidgen_filter_gemini_part_0_dpo_13/6U6niqu8s6s-Scene-0065/entity_60.mp4,T2V_data/label/vidgen_filter_gemini_part_0_dpo_13/6U6niqu8s6s-Scene-0065/entity_60.png
T2V_data/VIDGEN-1M_unzip/6u5lVrldshA-Scene-0072.mp4,The video shows a man climbing a rock face. He is wearing a blue shirt and gray pants. The rock face is gray and has some green moss on it. The man is using his hands and feet to climb up the rock. He is also wearing a watch on his left wrist.,T2V_data/label/vidgen_filter_gemini_part_0_dpo_13/6u5lVrldshA-Scene-0072/depth.mp4,T2V_data/label/vidgen_filter_gemini_part_0_dpo_13/6u5lVrldshA-Scene-0072/entity_60.png
T2V_data/VIDGEN-1M_unzip/6u5lVrldshA-Scene-0072.mp4,The video shows a man climbing a rock face. He is wearing a blue shirt and gray pants. The rock face is gray and has some green moss on it. The man is using his hands and feet to climb up the rock. He is also wearing a watch on his left wrist.,T2V_data/label/vidgen_filter_gemini_part_0_dpo_13/6u5lVrldshA-Scene-0072/entity_60.mp4,T2V_data/label/vidgen_filter_gemini_part_0_dpo_13/6u5lVrldshA-Scene-0072/entity_60.png
T2V_data/VIDGEN-1M_unzip/7C5QHxV_FFE-Scene-0020.mp4,"The video shows a person's hands working on a computer. The person is using a screwdriver to remove screws from a computer's motherboard. The motherboard is silver and has several ports and slots. The person's hands are steady and precise as they work on the screws. The screws are small and silver, and the screwdriver is black and silver. The person's hands are the main focus of the video, and the background is blurred.",T2V_data/label/vidgen_filter_gemini_part_0_dpo_13/7C5QHxV_FFE-Scene-0020/depth.mp4,T2V_data/label/vidgen_filter_gemini_part_0_dpo_13/7C5QHxV_FFE-Scene-0020/entity_60.png
T2V_data/VIDGEN-1M_unzip/7C5QHxV_FFE-Scene-0020.mp4,"The video shows a person's hands working on a computer. The person is using a screwdriver to remove screws from a computer's motherboard. The motherboard is silver and has several ports and slots. The person's hands are steady and precise as they work on the screws. The screws are small and silver, and the screwdriver is black and silver. The person's hands are the main focus of the video, and the background is blurred.",T2V_data/label/vidgen_filter_gemini_part_0_dpo_13/7C5QHxV_FFE-Scene-0020/entity_60.mp4,T2V_data/label/vidgen_filter_gemini_part_0_dpo_13/7C5QHxV_FFE-Scene-0020/entity_60.png
T2V_data/VIDGEN-1M_unzip/7DcS6m20evA-Scene-0030.mp4,"The video shows a basketball game being played in a stadium. The players are wearing green and white uniforms, while the opposing team is wearing red and black uniforms. The game is being played on a wooden court with white lines marking the boundaries. The players are seen dribbling, passing, and shooting the ball towards the hoop. The crowd in the stadium is cheering and clapping as the game progresses.",T2V_data/label/vidgen_filter_gemini_part_0_dpo_13/7DcS6m20evA-Scene-0030/depth.mp4,T2V_data/label/vidgen_filter_gemini_part_0_dpo_13/7DcS6m20evA-Scene-0030/entity_20.png
T2V_data/VIDGEN-1M_unzip/7DcS6m20evA-Scene-0030.mp4,"The video shows a basketball game being played in a stadium. The players are wearing green and white uniforms, while the opposing team is wearing red and black uniforms. The game is being played on a wooden court with white lines marking the boundaries. The players are seen dribbling, passing, and shooting the ball towards the hoop. The crowd in the stadium is cheering and clapping as the game progresses.",T2V_data/label/vidgen_filter_gemini_part_0_dpo_13/7DcS6m20evA-Scene-0030/entity_20.mp4,T2V_data/label/vidgen_filter_gemini_part_0_dpo_13/7DcS6m20evA-Scene-0030/entity_20.png
T2V_data/VIDGEN-1M_unzip/7DcS6m20evA-Scene-0030.mp4,"The video shows a basketball game being played in a stadium. The players are wearing green and white uniforms, while the opposing team is wearing red and black uniforms. The game is being played on a wooden court with white lines marking the boundaries. The players are seen dribbling, passing, and shooting the ball towards the hoop. The crowd in the stadium is cheering and clapping as the game progresses.",T2V_data/label/vidgen_filter_gemini_part_0_dpo_13/7DcS6m20evA-Scene-0030/depth.mp4,T2V_data/label/vidgen_filter_gemini_part_0_dpo_13/7DcS6m20evA-Scene-0030/entity_40.png
T2V_data/VIDGEN-1M_unzip/7DcS6m20evA-Scene-0030.mp4,"The video shows a basketball game being played in a stadium. The players are wearing green and white uniforms, while the opposing team is wearing red and black uniforms. The game is being played on a wooden court with white lines marking the boundaries. The players are seen dribbling, passing, and shooting the ball towards the hoop. The crowd in the stadium is cheering and clapping as the game progresses.",T2V_data/label/vidgen_filter_gemini_part_0_dpo_13/7DcS6m20evA-Scene-0030/entity_40.mp4,T2V_data/label/vidgen_filter_gemini_part_0_dpo_13/7DcS6m20evA-Scene-0030/entity_40.png
T2V_data/VIDGEN-1M_unzip/7L89Sha-2nQ-Scene-0151.mp4,"The video shows a person's hand pointing to a bucket filled with water and small fish. The person then picks up a glass and pours water into the bucket, causing the fish to swim around. The person then picks up a handful of dirt and pours it into the bucket, causing the water to become murky. The person then stirs the water with their hand, causing the fish to swim around.",T2V_data/label/vidgen_filter_gemini_part_0_dpo_13/7L89Sha-2nQ-Scene-0151/depth.mp4,T2V_data/label/vidgen_filter_gemini_part_0_dpo_13/7L89Sha-2nQ-Scene-0151/entity_60.png
T2V_data/VIDGEN-1M_unzip/7L89Sha-2nQ-Scene-0151.mp4,"The video shows a person's hand pointing to a bucket filled with water and small fish. The person then picks up a glass and pours water into the bucket, causing the fish to swim around. The person then picks up a handful of dirt and pours it into the bucket, causing the water to become murky. The person then stirs the water with their hand, causing the fish to swim around.",T2V_data/label/vidgen_filter_gemini_part_0_dpo_13/7L89Sha-2nQ-Scene-0151/entity_60.mp4,T2V_data/label/vidgen_filter_gemini_part_0_dpo_13/7L89Sha-2nQ-Scene-0151/entity_60.png
T2V_data/VIDGEN-1M_unzip/7VsypiTA47c-Scene-0025.mp4,"In the video, a person is seen standing in front of a fish tank. The person is holding a piece of food in their hand and is feeding it to the fish in the tank. The fish are swimming around eagerly, trying to get to the food. The tank is filled with water and has a few decorations in it. The person continues to feed the fish until they have eaten all the food.",T2V_data/label/vidgen_filter_gemini_part_0_dpo_13/7VsypiTA47c-Scene-0025/depth.mp4,T2V_data/label/vidgen_filter_gemini_part_0_dpo_13/7VsypiTA47c-Scene-0025/entity_40.png
T2V_data/VIDGEN-1M_unzip/7VsypiTA47c-Scene-0025.mp4,"In the video, a person is seen standing in front of a fish tank. The person is holding a piece of food in their hand and is feeding it to the fish in the tank. The fish are swimming around eagerly, trying to get to the food. The tank is filled with water and has a few decorations in it. The person continues to feed the fish until they have eaten all the food.",T2V_data/label/vidgen_filter_gemini_part_0_dpo_13/7VsypiTA47c-Scene-0025/entity_40.mp4,T2V_data/label/vidgen_filter_gemini_part_0_dpo_13/7VsypiTA47c-Scene-0025/entity_40.png
T2V_data/VIDGEN-1M_unzip/7VsypiTA47c-Scene-0025.mp4,"In the video, a person is seen standing in front of a fish tank. The person is holding a piece of food in their hand and is feeding it to the fish in the tank. The fish are swimming around eagerly, trying to get to the food. The tank is filled with water and has a few decorations in it. The person continues to feed the fish until they have eaten all the food.",T2V_data/label/vidgen_filter_gemini_part_0_dpo_13/7VsypiTA47c-Scene-0025/depth.mp4,T2V_data/label/vidgen_filter_gemini_part_0_dpo_13/7VsypiTA47c-Scene-0025/entity_60.png
T2V_data/VIDGEN-1M_unzip/7VsypiTA47c-Scene-0025.mp4,"In the video, a person is seen standing in front of a fish tank. The person is holding a piece of food in their hand and is feeding it to the fish in the tank. The fish are swimming around eagerly, trying to get to the food. The tank is filled with water and has a few decorations in it. The person continues to feed the fish until they have eaten all the food.",T2V_data/label/vidgen_filter_gemini_part_0_dpo_13/7VsypiTA47c-Scene-0025/entity_60.mp4,T2V_data/label/vidgen_filter_gemini_part_0_dpo_13/7VsypiTA47c-Scene-0025/entity_60.png
T2V_data/VIDGEN-1M_unzip/7Z2T1Nc1UY8-Scene-0028.mp4,"In the video, a person is seen holding a pair of scissors and cutting a piece of tape. The tape is white and appears to be of a standard size. The person is cutting the tape with precision, making sure to cut it evenly. The background is a pink grid, which could be a cutting mat, and there is another piece of tape visible in the background. The person's hand is steady and confident as they cut the tape, indicating that they are experienced in this task.",T2V_data/label/vidgen_filter_gemini_part_0_dpo_13/7Z2T1Nc1UY8-Scene-0028/depth.mp4,T2V_data/label/vidgen_filter_gemini_part_0_dpo_13/7Z2T1Nc1UY8-Scene-0028/entity_100.png
T2V_data/VIDGEN-1M_unzip/7Z2T1Nc1UY8-Scene-0028.mp4,"In the video, a person is seen holding a pair of scissors and cutting a piece of tape. The tape is white and appears to be of a standard size. The person is cutting the tape with precision, making sure to cut it evenly. The background is a pink grid, which could be a cutting mat, and there is another piece of tape visible in the background. The person's hand is steady and confident as they cut the tape, indicating that they are experienced in this task.",T2V_data/label/vidgen_filter_gemini_part_0_dpo_13/7Z2T1Nc1UY8-Scene-0028/entity_100.mp4,T2V_data/label/vidgen_filter_gemini_part_0_dpo_13/7Z2T1Nc1UY8-Scene-0028/entity_100.png
T2V_data/VIDGEN-1M_unzip/7f0QAS99uFU-Scene-0035.mp4,"The video shows a person using a rolling pin to flatten a piece of meat that is wrapped in plastic. The person is wearing a ring on their left hand and is rolling the pin back and forth over the meat to ensure it is evenly flattened. The meat appears to be a pinkish color, and the rolling pin is made of wood.",T2V_data/label/vidgen_filter_gemini_part_0_dpo_13/7f0QAS99uFU-Scene-0035/depth.mp4,T2V_data/label/vidgen_filter_gemini_part_0_dpo_13/7f0QAS99uFU-Scene-0035/entity_40.png
T2V_data/VIDGEN-1M_unzip/7f0QAS99uFU-Scene-0035.mp4,"The video shows a person using a rolling pin to flatten a piece of meat that is wrapped in plastic. The person is wearing a ring on their left hand and is rolling the pin back and forth over the meat to ensure it is evenly flattened. The meat appears to be a pinkish color, and the rolling pin is made of wood.",T2V_data/label/vidgen_filter_gemini_part_0_dpo_13/7f0QAS99uFU-Scene-0035/entity_40.mp4,T2V_data/label/vidgen_filter_gemini_part_0_dpo_13/7f0QAS99uFU-Scene-0035/entity_40.png
T2V_data/VIDGEN-1M_unzip/7oRpJ525OZs-Scene-0019.mp4,"The video shows a close-up of a person's hands as they hold a piece of paper. The person is using a hole puncher to make holes in the paper. The hole puncher is black and yellow, and the paper is white. The person's hands are steady as they press the hole puncher down into the paper, creating evenly spaced holes. The background is blurred, but it appears to be a desk or table.",T2V_data/label/vidgen_filter_gemini_part_0_dpo_13/7oRpJ525OZs-Scene-0019/depth.mp4,T2V_data/label/vidgen_filter_gemini_part_0_dpo_13/7oRpJ525OZs-Scene-0019/entity_40.png
T2V_data/VIDGEN-1M_unzip/7oRpJ525OZs-Scene-0019.mp4,"The video shows a close-up of a person's hands as they hold a piece of paper. The person is using a hole puncher to make holes in the paper. The hole puncher is black and yellow, and the paper is white. The person's hands are steady as they press the hole puncher down into the paper, creating evenly spaced holes. The background is blurred, but it appears to be a desk or table.",T2V_data/label/vidgen_filter_gemini_part_0_dpo_13/7oRpJ525OZs-Scene-0019/entity_40.mp4,T2V_data/label/vidgen_filter_gemini_part_0_dpo_13/7oRpJ525OZs-Scene-0019/entity_40.png
T2V_data/VIDGEN-1M_unzip/7vPExWjp3a0-Scene-0053.mp4,"The video shows a hockey player in a red jersey with the number 8 on it, skating on the ice and maneuvering the puck with his stick. The player is wearing a helmet and gloves, and is seen making quick turns and stops. The ice rink has visible markings and advertisements on the boards. The player's movements are agile and controlled, demonstrating skill and precision.",T2V_data/label/vidgen_filter_gemini_part_0_dpo_13/7vPExWjp3a0-Scene-0053/depth.mp4,T2V_data/label/vidgen_filter_gemini_part_0_dpo_13/7vPExWjp3a0-Scene-0053/entity_20.png
T2V_data/VIDGEN-1M_unzip/7vPExWjp3a0-Scene-0053.mp4,"The video shows a hockey player in a red jersey with the number 8 on it, skating on the ice and maneuvering the puck with his stick. The player is wearing a helmet and gloves, and is seen making quick turns and stops. The ice rink has visible markings and advertisements on the boards. The player's movements are agile and controlled, demonstrating skill and precision.",T2V_data/label/vidgen_filter_gemini_part_0_dpo_13/7vPExWjp3a0-Scene-0053/entity_20.mp4,T2V_data/label/vidgen_filter_gemini_part_0_dpo_13/7vPExWjp3a0-Scene-0053/entity_20.png
T2V_data/VIDGEN-1M_unzip/88Jg6lqKri4-Scene-0030.mp4,"The video shows a boxing match between two male boxers in a ring. One boxer is wearing purple shorts, while the other is wearing green shorts. The boxer in green shorts is throwing punches at the boxer in purple shorts, who is defending himself. The boxer in green shorts is wearing red gloves, while the boxer in purple shorts is wearing green gloves. The boxer in green shorts is landing several punches on the boxer in purple shorts, who is trying to block and dodge the punches. The boxer in green shorts is aggressive and is dominating the match. The video is shot from a side angle, showing the entire ring and the audience in the background.",T2V_data/label/vidgen_filter_gemini_part_0_dpo_13/88Jg6lqKri4-Scene-0030/depth.mp4,T2V_data/label/vidgen_filter_gemini_part_0_dpo_13/88Jg6lqKri4-Scene-0030/entity_20.png
T2V_data/VIDGEN-1M_unzip/88Jg6lqKri4-Scene-0030.mp4,"The video shows a boxing match between two male boxers in a ring. One boxer is wearing purple shorts, while the other is wearing green shorts. The boxer in green shorts is throwing punches at the boxer in purple shorts, who is defending himself. The boxer in green shorts is wearing red gloves, while the boxer in purple shorts is wearing green gloves. The boxer in green shorts is landing several punches on the boxer in purple shorts, who is trying to block and dodge the punches. The boxer in green shorts is aggressive and is dominating the match. The video is shot from a side angle, showing the entire ring and the audience in the background.",T2V_data/label/vidgen_filter_gemini_part_0_dpo_13/88Jg6lqKri4-Scene-0030/entity_20.mp4,T2V_data/label/vidgen_filter_gemini_part_0_dpo_13/88Jg6lqKri4-Scene-0030/entity_20.png
T2V_data/VIDGEN-1M_unzip/8DcTF1sewWs-Scene-0076.mp4,"In the video, a man is seen standing in front of a large engine. He is wearing a black shirt and white gloves. The engine is orange and black in color and is mounted on a metal frame. The man is holding a yellow can of oil and is seen pouring it into the engine. He then proceeds to wipe the engine with a white cloth. The background consists of a large metal structure with several pipes and wires running through it. The lighting in the room is bright, and the man appears to be focused on his task.",T2V_data/label/vidgen_filter_gemini_part_0_dpo_13/8DcTF1sewWs-Scene-0076/depth.mp4,T2V_data/label/vidgen_filter_gemini_part_0_dpo_13/8DcTF1sewWs-Scene-0076/entity_40.png
T2V_data/VIDGEN-1M_unzip/8DcTF1sewWs-Scene-0076.mp4,"In the video, a man is seen standing in front of a large engine. He is wearing a black shirt and white gloves. The engine is orange and black in color and is mounted on a metal frame. The man is holding a yellow can of oil and is seen pouring it into the engine. He then proceeds to wipe the engine with a white cloth. The background consists of a large metal structure with several pipes and wires running through it. The lighting in the room is bright, and the man appears to be focused on his task.",T2V_data/label/vidgen_filter_gemini_part_0_dpo_13/8DcTF1sewWs-Scene-0076/entity_40.mp4,T2V_data/label/vidgen_filter_gemini_part_0_dpo_13/8DcTF1sewWs-Scene-0076/entity_40.png
T2V_data/VIDGEN-1M_unzip/8TB6L0htLQ8-Scene-0109.mp4,"In the video, a person is seen holding a computer motherboard and a fan. The person is using a screwdriver to remove the fan from the motherboard. The video is shot from a top-down perspective, and the person's hands are visible as they work on the motherboard. The motherboard is green with various components attached to it, and the fan is black with a silver screw. The person's movements are deliberate and careful as they unscrew the fan and remove it from the motherboard. The video ends with the person holding the fan in their hand.",T2V_data/label/vidgen_filter_gemini_part_0_dpo_13/8TB6L0htLQ8-Scene-0109/depth.mp4,T2V_data/label/vidgen_filter_gemini_part_0_dpo_13/8TB6L0htLQ8-Scene-0109/entity_40.png
T2V_data/VIDGEN-1M_unzip/8TB6L0htLQ8-Scene-0109.mp4,"In the video, a person is seen holding a computer motherboard and a fan. The person is using a screwdriver to remove the fan from the motherboard. The video is shot from a top-down perspective, and the person's hands are visible as they work on the motherboard. The motherboard is green with various components attached to it, and the fan is black with a silver screw. The person's movements are deliberate and careful as they unscrew the fan and remove it from the motherboard. The video ends with the person holding the fan in their hand.",T2V_data/label/vidgen_filter_gemini_part_0_dpo_13/8TB6L0htLQ8-Scene-0109/entity_40.mp4,T2V_data/label/vidgen_filter_gemini_part_0_dpo_13/8TB6L0htLQ8-Scene-0109/entity_40.png
T2V_data/VIDGEN-1M_unzip/8aLGv2F4bc8-Scene-0044.mp4,"The video shows a purple ball with a face on it rolling down a yellow and black checkered track. The ball is moving at a high speed and is surrounded by a white mist. The track is set in a mountainous area with rocky cliffs on either side. The sky is blue with white clouds. The ball passes through blue rings that appear on the track. The video is timed, with the time displayed in the bottom right corner.",T2V_data/label/vidgen_filter_gemini_part_0_dpo_13/8aLGv2F4bc8-Scene-0044/depth.mp4,T2V_data/label/vidgen_filter_gemini_part_0_dpo_13/8aLGv2F4bc8-Scene-0044/entity_20.png
T2V_data/VIDGEN-1M_unzip/8aLGv2F4bc8-Scene-0044.mp4,"The video shows a purple ball with a face on it rolling down a yellow and black checkered track. The ball is moving at a high speed and is surrounded by a white mist. The track is set in a mountainous area with rocky cliffs on either side. The sky is blue with white clouds. The ball passes through blue rings that appear on the track. The video is timed, with the time displayed in the bottom right corner.",T2V_data/label/vidgen_filter_gemini_part_0_dpo_13/8aLGv2F4bc8-Scene-0044/entity_20.mp4,T2V_data/label/vidgen_filter_gemini_part_0_dpo_13/8aLGv2F4bc8-Scene-0044/entity_20.png
T2V_data/VIDGEN-1M_unzip/8lVpEYw58JU-Scene-0316.mp4,"The video starts with a brightly colored background of pink and a rainbow. The camera pans to show a horse with a blue harness running on a path. The horse is pulling a blue carriage with red wheels. The background is filled with stars, flowers, and a rainbow. The horse is brown with a white stripe on its face and a red harness. The carriage is moving on a path with a blue and yellow pattern. The video ends with the horse and carriage disappearing into the distance.",T2V_data/label/vidgen_filter_gemini_part_0_dpo_13/8lVpEYw58JU-Scene-0316/depth.mp4,T2V_data/label/vidgen_filter_gemini_part_0_dpo_13/8lVpEYw58JU-Scene-0316/entity_40.png
T2V_data/VIDGEN-1M_unzip/8lVpEYw58JU-Scene-0316.mp4,"The video starts with a brightly colored background of pink and a rainbow. The camera pans to show a horse with a blue harness running on a path. The horse is pulling a blue carriage with red wheels. The background is filled with stars, flowers, and a rainbow. The horse is brown with a white stripe on its face and a red harness. The carriage is moving on a path with a blue and yellow pattern. The video ends with the horse and carriage disappearing into the distance.",T2V_data/label/vidgen_filter_gemini_part_0_dpo_13/8lVpEYw58JU-Scene-0316/entity_40.mp4,T2V_data/label/vidgen_filter_gemini_part_0_dpo_13/8lVpEYw58JU-Scene-0316/entity_40.png
T2V_data/VIDGEN-1M_unzip/8u68E8qfsUw-Scene-0060.mp4,"The video shows a close-up of a person's hand holding a stylus and writing on a tablet. The person is wearing a ring on their finger. The tablet is placed on a desk, and there is a laptop in the background. The person's hand moves back and forth as they write on the tablet.",T2V_data/label/vidgen_filter_gemini_part_0_dpo_13/8u68E8qfsUw-Scene-0060/depth.mp4,T2V_data/label/vidgen_filter_gemini_part_0_dpo_13/8u68E8qfsUw-Scene-0060/entity_60.png
T2V_data/VIDGEN-1M_unzip/8u68E8qfsUw-Scene-0060.mp4,"The video shows a close-up of a person's hand holding a stylus and writing on a tablet. The person is wearing a ring on their finger. The tablet is placed on a desk, and there is a laptop in the background. The person's hand moves back and forth as they write on the tablet.",T2V_data/label/vidgen_filter_gemini_part_0_dpo_13/8u68E8qfsUw-Scene-0060/entity_60.mp4,T2V_data/label/vidgen_filter_gemini_part_0_dpo_13/8u68E8qfsUw-Scene-0060/entity_60.png
T2V_data/VIDGEN-1M_unzip/97M2aCX_kIo-Scene-0125.mp4,"The video shows a man standing in a river, holding a fishing net. He is wearing a blue shirt and a hat. The man is using the net to catch fish from the river. The river is surrounded by trees and there are power lines visible in the background. The man appears to be experienced in using the net, as he skillfully maneuvers it to catch the fish. The water in the river is clear and the man seems to be enjoying his time fishing.",T2V_data/label/vidgen_filter_gemini_part_0_dpo_13/97M2aCX_kIo-Scene-0125/depth.mp4,T2V_data/label/vidgen_filter_gemini_part_0_dpo_13/97M2aCX_kIo-Scene-0125/entity_40.png
T2V_data/VIDGEN-1M_unzip/97M2aCX_kIo-Scene-0125.mp4,"The video shows a man standing in a river, holding a fishing net. He is wearing a blue shirt and a hat. The man is using the net to catch fish from the river. The river is surrounded by trees and there are power lines visible in the background. The man appears to be experienced in using the net, as he skillfully maneuvers it to catch the fish. The water in the river is clear and the man seems to be enjoying his time fishing.",T2V_data/label/vidgen_filter_gemini_part_0_dpo_13/97M2aCX_kIo-Scene-0125/entity_40.mp4,T2V_data/label/vidgen_filter_gemini_part_0_dpo_13/97M2aCX_kIo-Scene-0125/entity_40.png
T2V_data/VIDGEN-1M_unzip/9Glup15nc2k-Scene-0086.mp4,"The video shows a person's hands working with dough on a white surface. The person is seen rolling the dough into a thin circle and then folding it into a triangle shape. The hands are then shown pressing the dough into a flat shape and rolling it into a thin circle. The person's hands are the main focus of the video, with the white surface providing a clean and clear background. The dough appears to be soft and pliable, and the person's hands move with precision and care. The video does not contain any other objects or people, and there is no visible text or subtitles.",T2V_data/label/vidgen_filter_gemini_part_0_dpo_13/9Glup15nc2k-Scene-0086/depth.mp4,T2V_data/label/vidgen_filter_gemini_part_0_dpo_13/9Glup15nc2k-Scene-0086/entity_20.png
T2V_data/VIDGEN-1M_unzip/9Glup15nc2k-Scene-0086.mp4,"The video shows a person's hands working with dough on a white surface. The person is seen rolling the dough into a thin circle and then folding it into a triangle shape. The hands are then shown pressing the dough into a flat shape and rolling it into a thin circle. The person's hands are the main focus of the video, with the white surface providing a clean and clear background. The dough appears to be soft and pliable, and the person's hands move with precision and care. The video does not contain any other objects or people, and there is no visible text or subtitles.",T2V_data/label/vidgen_filter_gemini_part_0_dpo_13/9Glup15nc2k-Scene-0086/entity_20.mp4,T2V_data/label/vidgen_filter_gemini_part_0_dpo_13/9Glup15nc2k-Scene-0086/entity_20.png
T2V_data/VIDGEN-1M_unzip/9KPAweyTenQ-Scene-0004.mp4,"In the video, a person is seen cutting an avocado in half and then scooping out the flesh with a spoon. The person then proceeds to eat the avocado.",T2V_data/label/vidgen_filter_gemini_part_0_dpo_13/9KPAweyTenQ-Scene-0004/depth.mp4,T2V_data/label/vidgen_filter_gemini_part_0_dpo_13/9KPAweyTenQ-Scene-0004/entity_60.png
T2V_data/VIDGEN-1M_unzip/9KPAweyTenQ-Scene-0004.mp4,"In the video, a person is seen cutting an avocado in half and then scooping out the flesh with a spoon. The person then proceeds to eat the avocado.",T2V_data/label/vidgen_filter_gemini_part_0_dpo_13/9KPAweyTenQ-Scene-0004/entity_60.mp4,T2V_data/label/vidgen_filter_gemini_part_0_dpo_13/9KPAweyTenQ-Scene-0004/entity_60.png
T2V_data/VIDGEN-1M_unzip/9QCcjAbdzxs-Scene-0135.mp4,"The video shows a white yacht moving through the water. The yacht is large and appears to be moving at a high speed, as evidenced by the wake behind it. The water is a deep blue color, and the sky is overcast. In the background, there is a hilly coastline with buildings and trees. The yacht is the main focus of the video, and it is positioned in the center of the frame throughout the video.",T2V_data/label/vidgen_filter_gemini_part_0_dpo_13/9QCcjAbdzxs-Scene-0135/depth.mp4,T2V_data/label/vidgen_filter_gemini_part_0_dpo_13/9QCcjAbdzxs-Scene-0135/entity_60.png
T2V_data/VIDGEN-1M_unzip/9QCcjAbdzxs-Scene-0135.mp4,"The video shows a white yacht moving through the water. The yacht is large and appears to be moving at a high speed, as evidenced by the wake behind it. The water is a deep blue color, and the sky is overcast. In the background, there is a hilly coastline with buildings and trees. The yacht is the main focus of the video, and it is positioned in the center of the frame throughout the video.",T2V_data/label/vidgen_filter_gemini_part_0_dpo_13/9QCcjAbdzxs-Scene-0135/entity_60.mp4,T2V_data/label/vidgen_filter_gemini_part_0_dpo_13/9QCcjAbdzxs-Scene-0135/entity_60.png
T2V_data/VIDGEN-1M_unzip/9T5z4qeP2Do-Scene-0065.mp4,"In the video, a woman is seen cutting a piece of meat on a cutting board. She is using a knife in one hand and a fork in the other hand to cut the meat into thin slices. The woman is wearing a green dress and has long black hair. The cutting board is green and there is a white plate with more slices of meat on it next to her. The kitchen in the background is well-lit and has white cabinets.",T2V_data/label/vidgen_filter_gemini_part_0_dpo_13/9T5z4qeP2Do-Scene-0065/depth.mp4,T2V_data/label/vidgen_filter_gemini_part_0_dpo_13/9T5z4qeP2Do-Scene-0065/entity_20.png
T2V_data/VIDGEN-1M_unzip/9T5z4qeP2Do-Scene-0065.mp4,"In the video, a woman is seen cutting a piece of meat on a cutting board. She is using a knife in one hand and a fork in the other hand to cut the meat into thin slices. The woman is wearing a green dress and has long black hair. The cutting board is green and there is a white plate with more slices of meat on it next to her. The kitchen in the background is well-lit and has white cabinets.",T2V_data/label/vidgen_filter_gemini_part_0_dpo_13/9T5z4qeP2Do-Scene-0065/entity_20.mp4,T2V_data/label/vidgen_filter_gemini_part_0_dpo_13/9T5z4qeP2Do-Scene-0065/entity_20.png
T2V_data/VIDGEN-1M_unzip/9U7YOuYENac-Scene-0007.mp4,"In the video, a person is seen cooking onions in a pan. The pan is placed on a stove, and the person is using a spatula to stir the onions. The onions are sliced and appear to be sautéing in oil. The person's hands are visible as they stir the onions, and the pan is silver in color. The onions are a light brown color, indicating they are being cooked. The video is shot from a top-down perspective, and the person's movements are steady and deliberate.",T2V_data/label/vidgen_filter_gemini_part_0_dpo_13/9U7YOuYENac-Scene-0007/depth.mp4,T2V_data/label/vidgen_filter_gemini_part_0_dpo_13/9U7YOuYENac-Scene-0007/entity_20.png
T2V_data/VIDGEN-1M_unzip/9U7YOuYENac-Scene-0007.mp4,"In the video, a person is seen cooking onions in a pan. The pan is placed on a stove, and the person is using a spatula to stir the onions. The onions are sliced and appear to be sautéing in oil. The person's hands are visible as they stir the onions, and the pan is silver in color. The onions are a light brown color, indicating they are being cooked. The video is shot from a top-down perspective, and the person's movements are steady and deliberate.",T2V_data/label/vidgen_filter_gemini_part_0_dpo_13/9U7YOuYENac-Scene-0007/entity_20.mp4,T2V_data/label/vidgen_filter_gemini_part_0_dpo_13/9U7YOuYENac-Scene-0007/entity_20.png
T2V_data/VIDGEN-1M_unzip/9U7YOuYENac-Scene-0007.mp4,"In the video, a person is seen cooking onions in a pan. The pan is placed on a stove, and the person is using a spatula to stir the onions. The onions are sliced and appear to be sautéing in oil. The person's hands are visible as they stir the onions, and the pan is silver in color. The onions are a light brown color, indicating they are being cooked. The video is shot from a top-down perspective, and the person's movements are steady and deliberate.",T2V_data/label/vidgen_filter_gemini_part_0_dpo_13/9U7YOuYENac-Scene-0007/depth.mp4,T2V_data/label/vidgen_filter_gemini_part_0_dpo_13/9U7YOuYENac-Scene-0007/entity_60.png
T2V_data/VIDGEN-1M_unzip/9U7YOuYENac-Scene-0007.mp4,"In the video, a person is seen cooking onions in a pan. The pan is placed on a stove, and the person is using a spatula to stir the onions. The onions are sliced and appear to be sautéing in oil. The person's hands are visible as they stir the onions, and the pan is silver in color. The onions are a light brown color, indicating they are being cooked. The video is shot from a top-down perspective, and the person's movements are steady and deliberate.",T2V_data/label/vidgen_filter_gemini_part_0_dpo_13/9U7YOuYENac-Scene-0007/entity_60.mp4,T2V_data/label/vidgen_filter_gemini_part_0_dpo_13/9U7YOuYENac-Scene-0007/entity_60.png
T2V_data/VIDGEN-1M_unzip/9c6QrscAp1k-Scene-0088.mp4,"In the video, a black dog is standing on a wooden floor while a person is blow-drying its fur. The dog is wearing a blue leash and is looking at the camera. The person is holding a black blow dryer and is blowing air on the dog's fur. The background includes a white wall and a white sink with two white bottles on it.",T2V_data/label/vidgen_filter_gemini_part_0_dpo_13/9c6QrscAp1k-Scene-0088/depth.mp4,T2V_data/label/vidgen_filter_gemini_part_0_dpo_13/9c6QrscAp1k-Scene-0088/entity_60.png
T2V_data/VIDGEN-1M_unzip/9c6QrscAp1k-Scene-0088.mp4,"In the video, a black dog is standing on a wooden floor while a person is blow-drying its fur. The dog is wearing a blue leash and is looking at the camera. The person is holding a black blow dryer and is blowing air on the dog's fur. The background includes a white wall and a white sink with two white bottles on it.",T2V_data/label/vidgen_filter_gemini_part_0_dpo_13/9c6QrscAp1k-Scene-0088/entity_60.mp4,T2V_data/label/vidgen_filter_gemini_part_0_dpo_13/9c6QrscAp1k-Scene-0088/entity_60.png
T2V_data/VIDGEN-1M_unzip/9ihxkbfpGZc-Scene-0150.mp4,The video shows a person wearing a white glove using a metal utensil to remove donuts from a deep fryer. The donuts are golden brown in color and are being fried in oil. The person is seen picking up the donuts one by one and placing them on a metal rack to drain the excess oil. The fryer is made of stainless steel and has a metal basket inside where the donuts are being fried. The person is careful not to let the oil splash while removing the donuts from the fryer.,T2V_data/label/vidgen_filter_gemini_part_0_dpo_13/9ihxkbfpGZc-Scene-0150/depth.mp4,T2V_data/label/vidgen_filter_gemini_part_0_dpo_13/9ihxkbfpGZc-Scene-0150/entity_40.png
T2V_data/VIDGEN-1M_unzip/9ihxkbfpGZc-Scene-0150.mp4,The video shows a person wearing a white glove using a metal utensil to remove donuts from a deep fryer. The donuts are golden brown in color and are being fried in oil. The person is seen picking up the donuts one by one and placing them on a metal rack to drain the excess oil. The fryer is made of stainless steel and has a metal basket inside where the donuts are being fried. The person is careful not to let the oil splash while removing the donuts from the fryer.,T2V_data/label/vidgen_filter_gemini_part_0_dpo_13/9ihxkbfpGZc-Scene-0150/entity_40.mp4,T2V_data/label/vidgen_filter_gemini_part_0_dpo_13/9ihxkbfpGZc-Scene-0150/entity_40.png
T2V_data/VIDGEN-1M_unzip/9ngI8c3pdaQ-Scene-0053.mp4,"The video shows a close-up of a slice of dark brown bread on a white surface. A hand holding a knife spreads a green paste, which appears to be avocado, onto the bread. The paste is spread evenly across the surface of the bread.",T2V_data/label/vidgen_filter_gemini_part_0_dpo_13/9ngI8c3pdaQ-Scene-0053/depth.mp4,T2V_data/label/vidgen_filter_gemini_part_0_dpo_13/9ngI8c3pdaQ-Scene-0053/entity_20.png
T2V_data/VIDGEN-1M_unzip/9ngI8c3pdaQ-Scene-0053.mp4,"The video shows a close-up of a slice of dark brown bread on a white surface. A hand holding a knife spreads a green paste, which appears to be avocado, onto the bread. The paste is spread evenly across the surface of the bread.",T2V_data/label/vidgen_filter_gemini_part_0_dpo_13/9ngI8c3pdaQ-Scene-0053/entity_20.mp4,T2V_data/label/vidgen_filter_gemini_part_0_dpo_13/9ngI8c3pdaQ-Scene-0053/entity_20.png
T2V_data/VIDGEN-1M_unzip/9ngI8c3pdaQ-Scene-0053.mp4,"The video shows a close-up of a slice of dark brown bread on a white surface. A hand holding a knife spreads a green paste, which appears to be avocado, onto the bread. The paste is spread evenly across the surface of the bread.",T2V_data/label/vidgen_filter_gemini_part_0_dpo_13/9ngI8c3pdaQ-Scene-0053/depth.mp4,T2V_data/label/vidgen_filter_gemini_part_0_dpo_13/9ngI8c3pdaQ-Scene-0053/entity_60.png
T2V_data/VIDGEN-1M_unzip/9ngI8c3pdaQ-Scene-0053.mp4,"The video shows a close-up of a slice of dark brown bread on a white surface. A hand holding a knife spreads a green paste, which appears to be avocado, onto the bread. The paste is spread evenly across the surface of the bread.",T2V_data/label/vidgen_filter_gemini_part_0_dpo_13/9ngI8c3pdaQ-Scene-0053/entity_60.mp4,T2V_data/label/vidgen_filter_gemini_part_0_dpo_13/9ngI8c3pdaQ-Scene-0053/entity_60.png
T2V_data/VIDGEN-1M_unzip/9qosVFBphcg-Scene-0035.mp4,"In the video, a man is seen jumping rope in a skate park. He is shirtless, wearing black shorts and black shoes. The man is jumping rope with both hands and is moving his legs in a rhythmic motion. The skate park has graffiti on the walls and a chain link fence in the background. The man appears to be focused on his exercise, and there are no other people visible in the video.",T2V_data/label/vidgen_filter_gemini_part_0_dpo_13/9qosVFBphcg-Scene-0035/depth.mp4,T2V_data/label/vidgen_filter_gemini_part_0_dpo_13/9qosVFBphcg-Scene-0035/entity_20.png
T2V_data/VIDGEN-1M_unzip/9qosVFBphcg-Scene-0035.mp4,"In the video, a man is seen jumping rope in a skate park. He is shirtless, wearing black shorts and black shoes. The man is jumping rope with both hands and is moving his legs in a rhythmic motion. The skate park has graffiti on the walls and a chain link fence in the background. The man appears to be focused on his exercise, and there are no other people visible in the video.",T2V_data/label/vidgen_filter_gemini_part_0_dpo_13/9qosVFBphcg-Scene-0035/entity_20.mp4,T2V_data/label/vidgen_filter_gemini_part_0_dpo_13/9qosVFBphcg-Scene-0035/entity_20.png
T2V_data/VIDGEN-1M_unzip/A1fz-__fhHc-Scene-0005.mp4,"The video shows a 3D printer in action, printing an object on a glass surface. The printer's head moves back and forth, laying down material to create the object. The object appears to be a black, circular object with a textured surface. The printer is made of metal and has wires attached to it. The glass surface is clear and has some smudges on it. The printer's head moves smoothly and precisely, indicating a high level of accuracy in the printing process.",T2V_data/label/vidgen_filter_gemini_part_0_dpo_13/A1fz-__fhHc-Scene-0005/depth.mp4,T2V_data/label/vidgen_filter_gemini_part_0_dpo_13/A1fz-__fhHc-Scene-0005/entity_20.png
T2V_data/VIDGEN-1M_unzip/A1fz-__fhHc-Scene-0005.mp4,"The video shows a 3D printer in action, printing an object on a glass surface. The printer's head moves back and forth, laying down material to create the object. The object appears to be a black, circular object with a textured surface. The printer is made of metal and has wires attached to it. The glass surface is clear and has some smudges on it. The printer's head moves smoothly and precisely, indicating a high level of accuracy in the printing process.",T2V_data/label/vidgen_filter_gemini_part_0_dpo_13/A1fz-__fhHc-Scene-0005/entity_20.mp4,T2V_data/label/vidgen_filter_gemini_part_0_dpo_13/A1fz-__fhHc-Scene-0005/entity_20.png
T2V_data/VIDGEN-1M_unzip/A1fz-__fhHc-Scene-0005.mp4,"The video shows a 3D printer in action, printing an object on a glass surface. The printer's head moves back and forth, laying down material to create the object. The object appears to be a black, circular object with a textured surface. The printer is made of metal and has wires attached to it. The glass surface is clear and has some smudges on it. The printer's head moves smoothly and precisely, indicating a high level of accuracy in the printing process.",T2V_data/label/vidgen_filter_gemini_part_0_dpo_13/A1fz-__fhHc-Scene-0005/depth.mp4,T2V_data/label/vidgen_filter_gemini_part_0_dpo_13/A1fz-__fhHc-Scene-0005/entity_40.png
T2V_data/VIDGEN-1M_unzip/A1fz-__fhHc-Scene-0005.mp4,"The video shows a 3D printer in action, printing an object on a glass surface. The printer's head moves back and forth, laying down material to create the object. The object appears to be a black, circular object with a textured surface. The printer is made of metal and has wires attached to it. The glass surface is clear and has some smudges on it. The printer's head moves smoothly and precisely, indicating a high level of accuracy in the printing process.",T2V_data/label/vidgen_filter_gemini_part_0_dpo_13/A1fz-__fhHc-Scene-0005/entity_40.mp4,T2V_data/label/vidgen_filter_gemini_part_0_dpo_13/A1fz-__fhHc-Scene-0005/entity_40.png
T2V_data/VIDGEN-1M_unzip/A5TZoP3nQSU-Scene-0059.mp4,"In the video, a person is seen holding a bottle of caramel sauce and pouring it onto a chocolate cake. The cake is placed on a white surface, and the caramel sauce is drizzled over the top and sides of the cake. The person then takes a plate and places it on top of the cake, presumably to catch any drips of sauce. The cake appears to be a rich, dark brown color, and the caramel sauce has a golden hue. The person's hand is visible as they pour the sauce, and the bottle of caramel sauce is clear with a white cap.",T2V_data/label/vidgen_filter_gemini_part_0_dpo_13/A5TZoP3nQSU-Scene-0059/depth.mp4,T2V_data/label/vidgen_filter_gemini_part_0_dpo_13/A5TZoP3nQSU-Scene-0059/entity_20.png
T2V_data/VIDGEN-1M_unzip/A5TZoP3nQSU-Scene-0059.mp4,"In the video, a person is seen holding a bottle of caramel sauce and pouring it onto a chocolate cake. The cake is placed on a white surface, and the caramel sauce is drizzled over the top and sides of the cake. The person then takes a plate and places it on top of the cake, presumably to catch any drips of sauce. The cake appears to be a rich, dark brown color, and the caramel sauce has a golden hue. The person's hand is visible as they pour the sauce, and the bottle of caramel sauce is clear with a white cap.",T2V_data/label/vidgen_filter_gemini_part_0_dpo_13/A5TZoP3nQSU-Scene-0059/entity_20.mp4,T2V_data/label/vidgen_filter_gemini_part_0_dpo_13/A5TZoP3nQSU-Scene-0059/entity_20.png
T2V_data/VIDGEN-1M_unzip/A9tzyO5yB2o-Scene-0078.mp4,"The video shows a man climbing up a wall. He is wearing a black shirt and black pants. The wall has a lot of ornate carvings on it. The man is using his hands and feet to climb up the wall. He is moving slowly and carefully, making sure to find a good grip on the wall. The sky is visible in the background, and it looks like it might be a cloudy day.",T2V_data/label/vidgen_filter_gemini_part_0_dpo_13/A9tzyO5yB2o-Scene-0078/depth.mp4,T2V_data/label/vidgen_filter_gemini_part_0_dpo_13/A9tzyO5yB2o-Scene-0078/entity_20.png
T2V_data/VIDGEN-1M_unzip/A9tzyO5yB2o-Scene-0078.mp4,"The video shows a man climbing up a wall. He is wearing a black shirt and black pants. The wall has a lot of ornate carvings on it. The man is using his hands and feet to climb up the wall. He is moving slowly and carefully, making sure to find a good grip on the wall. The sky is visible in the background, and it looks like it might be a cloudy day.",T2V_data/label/vidgen_filter_gemini_part_0_dpo_13/A9tzyO5yB2o-Scene-0078/entity_20.mp4,T2V_data/label/vidgen_filter_gemini_part_0_dpo_13/A9tzyO5yB2o-Scene-0078/entity_20.png
T2V_data/VIDGEN-1M_unzip/ANvp8q9FTO4-Scene-0093.mp4,"The video shows a close-up of a group of ants on a leaf. The ants are carrying a piece of food and walking around the leaf. The leaf is green and has a shiny surface. The ants are brown and have long antennae. The video is shot in slow motion, allowing the viewer to see the ants' movements in detail. The ants are moving in different directions, some carrying the food and others walking around. The video is shot from a side angle, giving a clear view of the ants and the leaf.",T2V_data/label/vidgen_filter_gemini_part_0_dpo_13/ANvp8q9FTO4-Scene-0093/depth.mp4,T2V_data/label/vidgen_filter_gemini_part_0_dpo_13/ANvp8q9FTO4-Scene-0093/entity_20.png
T2V_data/VIDGEN-1M_unzip/ANvp8q9FTO4-Scene-0093.mp4,"The video shows a close-up of a group of ants on a leaf. The ants are carrying a piece of food and walking around the leaf. The leaf is green and has a shiny surface. The ants are brown and have long antennae. The video is shot in slow motion, allowing the viewer to see the ants' movements in detail. The ants are moving in different directions, some carrying the food and others walking around. The video is shot from a side angle, giving a clear view of the ants and the leaf.",T2V_data/label/vidgen_filter_gemini_part_0_dpo_13/ANvp8q9FTO4-Scene-0093/entity_20.mp4,T2V_data/label/vidgen_filter_gemini_part_0_dpo_13/ANvp8q9FTO4-Scene-0093/entity_20.png
T2V_data/VIDGEN-1M_unzip/AUG-28rIQS8-Scene-0040.mp4,"The video shows a large green tractor with a front loader attachment moving a large bale of hay. The tractor is driving on a dirt road, and there are several other bales of hay stacked on a trailer behind it. The sky is clear and blue, and there are trees in the background. The tractor is moving at a steady pace, and the bale of hay is being carefully maneuvered by the front loader.",T2V_data/label/vidgen_filter_gemini_part_0_dpo_13/AUG-28rIQS8-Scene-0040/depth.mp4,T2V_data/label/vidgen_filter_gemini_part_0_dpo_13/AUG-28rIQS8-Scene-0040/entity_20.png
T2V_data/VIDGEN-1M_unzip/AUG-28rIQS8-Scene-0040.mp4,"The video shows a large green tractor with a front loader attachment moving a large bale of hay. The tractor is driving on a dirt road, and there are several other bales of hay stacked on a trailer behind it. The sky is clear and blue, and there are trees in the background. The tractor is moving at a steady pace, and the bale of hay is being carefully maneuvered by the front loader.",T2V_data/label/vidgen_filter_gemini_part_0_dpo_13/AUG-28rIQS8-Scene-0040/entity_20.mp4,T2V_data/label/vidgen_filter_gemini_part_0_dpo_13/AUG-28rIQS8-Scene-0040/entity_20.png
T2V_data/VIDGEN-1M_unzip/AUG-28rIQS8-Scene-0040.mp4,"The video shows a large green tractor with a front loader attachment moving a large bale of hay. The tractor is driving on a dirt road, and there are several other bales of hay stacked on a trailer behind it. The sky is clear and blue, and there are trees in the background. The tractor is moving at a steady pace, and the bale of hay is being carefully maneuvered by the front loader.",T2V_data/label/vidgen_filter_gemini_part_0_dpo_13/AUG-28rIQS8-Scene-0040/depth.mp4,T2V_data/label/vidgen_filter_gemini_part_0_dpo_13/AUG-28rIQS8-Scene-0040/entity_40.png
T2V_data/VIDGEN-1M_unzip/AUG-28rIQS8-Scene-0040.mp4,"The video shows a large green tractor with a front loader attachment moving a large bale of hay. The tractor is driving on a dirt road, and there are several other bales of hay stacked on a trailer behind it. The sky is clear and blue, and there are trees in the background. The tractor is moving at a steady pace, and the bale of hay is being carefully maneuvered by the front loader.",T2V_data/label/vidgen_filter_gemini_part_0_dpo_13/AUG-28rIQS8-Scene-0040/entity_40.mp4,T2V_data/label/vidgen_filter_gemini_part_0_dpo_13/AUG-28rIQS8-Scene-0040/entity_40.png
T2V_data/VIDGEN-1M_unzip/AfMVRFl4yT8-Scene-0022.mp4,"In the video, a person is seen holding a violin and a bow. The person is using the bow to play the violin, creating a melodious tune. The violin is a classic wooden instrument with four strings and a curved body. The bow is made of horsehair and is used to produce sound by moving it across the strings. The person's hand is visible, holding the bow and moving it back and forth across the strings to produce music. The background is not visible, but the focus is on the person's hand and the violin.",T2V_data/label/vidgen_filter_gemini_part_0_dpo_13/AfMVRFl4yT8-Scene-0022/depth.mp4,T2V_data/label/vidgen_filter_gemini_part_0_dpo_13/AfMVRFl4yT8-Scene-0022/entity_20.png
T2V_data/VIDGEN-1M_unzip/AfMVRFl4yT8-Scene-0022.mp4,"In the video, a person is seen holding a violin and a bow. The person is using the bow to play the violin, creating a melodious tune. The violin is a classic wooden instrument with four strings and a curved body. The bow is made of horsehair and is used to produce sound by moving it across the strings. The person's hand is visible, holding the bow and moving it back and forth across the strings to produce music. The background is not visible, but the focus is on the person's hand and the violin.",T2V_data/label/vidgen_filter_gemini_part_0_dpo_13/AfMVRFl4yT8-Scene-0022/entity_20.mp4,T2V_data/label/vidgen_filter_gemini_part_0_dpo_13/AfMVRFl4yT8-Scene-0022/entity_20.png
T2V_data/VIDGEN-1M_unzip/ArNXvFs2GLo-Scene-0015.mp4,"The video features a female gymnast performing a rhythmic gymnastics routine. She is dressed in a red and orange leotard and is holding a ribbon attached to a stick. The gymnast performs various moves, including spins, jumps, and balances, while manipulating the ribbon with precision and grace. The background shows a crowd of spectators watching the performance.",T2V_data/label/vidgen_filter_gemini_part_0_dpo_13/ArNXvFs2GLo-Scene-0015/depth.mp4,T2V_data/label/vidgen_filter_gemini_part_0_dpo_13/ArNXvFs2GLo-Scene-0015/entity_20.png
T2V_data/VIDGEN-1M_unzip/ArNXvFs2GLo-Scene-0015.mp4,"The video features a female gymnast performing a rhythmic gymnastics routine. She is dressed in a red and orange leotard and is holding a ribbon attached to a stick. The gymnast performs various moves, including spins, jumps, and balances, while manipulating the ribbon with precision and grace. The background shows a crowd of spectators watching the performance.",T2V_data/label/vidgen_filter_gemini_part_0_dpo_13/ArNXvFs2GLo-Scene-0015/entity_20.mp4,T2V_data/label/vidgen_filter_gemini_part_0_dpo_13/ArNXvFs2GLo-Scene-0015/entity_20.png
T2V_data/VIDGEN-1M_unzip/Ax8RTlIibf0-Scene-0005.mp4,"In the video, a man is seen standing in a kitchen and grating a block of cheese on a metal grater. The grater is placed on top of a white plate, and the man is using a back-and-forth motion to grate the cheese. The kitchen has wooden cabinets and a stove in the background. The man is wearing a dark blue shirt and has short hair. The cheese being grated appears to be a hard cheese, such as Parmesan, and the grater is a standard metal grater with a handle. The man's movements are steady and controlled as he grates the cheese.",T2V_data/label/vidgen_filter_gemini_part_0_dpo_13/Ax8RTlIibf0-Scene-0005/depth.mp4,T2V_data/label/vidgen_filter_gemini_part_0_dpo_13/Ax8RTlIibf0-Scene-0005/entity_20.png
T2V_data/VIDGEN-1M_unzip/Ax8RTlIibf0-Scene-0005.mp4,"In the video, a man is seen standing in a kitchen and grating a block of cheese on a metal grater. The grater is placed on top of a white plate, and the man is using a back-and-forth motion to grate the cheese. The kitchen has wooden cabinets and a stove in the background. The man is wearing a dark blue shirt and has short hair. The cheese being grated appears to be a hard cheese, such as Parmesan, and the grater is a standard metal grater with a handle. The man's movements are steady and controlled as he grates the cheese.",T2V_data/label/vidgen_filter_gemini_part_0_dpo_13/Ax8RTlIibf0-Scene-0005/entity_20.mp4,T2V_data/label/vidgen_filter_gemini_part_0_dpo_13/Ax8RTlIibf0-Scene-0005/entity_20.png
T2V_data/VIDGEN-1M_unzip/Ax8RTlIibf0-Scene-0005.mp4,"In the video, a man is seen standing in a kitchen and grating a block of cheese on a metal grater. The grater is placed on top of a white plate, and the man is using a back-and-forth motion to grate the cheese. The kitchen has wooden cabinets and a stove in the background. The man is wearing a dark blue shirt and has short hair. The cheese being grated appears to be a hard cheese, such as Parmesan, and the grater is a standard metal grater with a handle. The man's movements are steady and controlled as he grates the cheese.",T2V_data/label/vidgen_filter_gemini_part_0_dpo_13/Ax8RTlIibf0-Scene-0005/depth.mp4,T2V_data/label/vidgen_filter_gemini_part_0_dpo_13/Ax8RTlIibf0-Scene-0005/entity_40.png
T2V_data/VIDGEN-1M_unzip/Ax8RTlIibf0-Scene-0005.mp4,"In the video, a man is seen standing in a kitchen and grating a block of cheese on a metal grater. The grater is placed on top of a white plate, and the man is using a back-and-forth motion to grate the cheese. The kitchen has wooden cabinets and a stove in the background. The man is wearing a dark blue shirt and has short hair. The cheese being grated appears to be a hard cheese, such as Parmesan, and the grater is a standard metal grater with a handle. The man's movements are steady and controlled as he grates the cheese.",T2V_data/label/vidgen_filter_gemini_part_0_dpo_13/Ax8RTlIibf0-Scene-0005/entity_40.mp4,T2V_data/label/vidgen_filter_gemini_part_0_dpo_13/Ax8RTlIibf0-Scene-0005/entity_40.png
T2V_data/VIDGEN-1M_unzip/Ax8RTlIibf0-Scene-0005.mp4,"In the video, a man is seen standing in a kitchen and grating a block of cheese on a metal grater. The grater is placed on top of a white plate, and the man is using a back-and-forth motion to grate the cheese. The kitchen has wooden cabinets and a stove in the background. The man is wearing a dark blue shirt and has short hair. The cheese being grated appears to be a hard cheese, such as Parmesan, and the grater is a standard metal grater with a handle. The man's movements are steady and controlled as he grates the cheese.",T2V_data/label/vidgen_filter_gemini_part_0_dpo_13/Ax8RTlIibf0-Scene-0005/depth.mp4,T2V_data/label/vidgen_filter_gemini_part_0_dpo_13/Ax8RTlIibf0-Scene-0005/entity_60.png
T2V_data/VIDGEN-1M_unzip/Ax8RTlIibf0-Scene-0005.mp4,"In the video, a man is seen standing in a kitchen and grating a block of cheese on a metal grater. The grater is placed on top of a white plate, and the man is using a back-and-forth motion to grate the cheese. The kitchen has wooden cabinets and a stove in the background. The man is wearing a dark blue shirt and has short hair. The cheese being grated appears to be a hard cheese, such as Parmesan, and the grater is a standard metal grater with a handle. The man's movements are steady and controlled as he grates the cheese.",T2V_data/label/vidgen_filter_gemini_part_0_dpo_13/Ax8RTlIibf0-Scene-0005/entity_60.mp4,T2V_data/label/vidgen_filter_gemini_part_0_dpo_13/Ax8RTlIibf0-Scene-0005/entity_60.png
T2V_data/VIDGEN-1M_unzip/B-L-fChbyws-Scene-0035.mp4,"In the video, a young man is seen standing on a skateboard in a kitchen. He is wearing a black t-shirt, khaki pants, and a black cap. The kitchen has a tiled floor and is furnished with a stove, microwave, and refrigerator. The young man is attempting to balance on the skateboard, but he loses his balance and falls off. The video captures the moment of his fall and the aftermath.",T2V_data/label/vidgen_filter_gemini_part_0_dpo_13/B-L-fChbyws-Scene-0035/depth.mp4,T2V_data/label/vidgen_filter_gemini_part_0_dpo_13/B-L-fChbyws-Scene-0035/entity_20.png
T2V_data/VIDGEN-1M_unzip/B-L-fChbyws-Scene-0035.mp4,"In the video, a young man is seen standing on a skateboard in a kitchen. He is wearing a black t-shirt, khaki pants, and a black cap. The kitchen has a tiled floor and is furnished with a stove, microwave, and refrigerator. The young man is attempting to balance on the skateboard, but he loses his balance and falls off. The video captures the moment of his fall and the aftermath.",T2V_data/label/vidgen_filter_gemini_part_0_dpo_13/B-L-fChbyws-Scene-0035/entity_20.mp4,T2V_data/label/vidgen_filter_gemini_part_0_dpo_13/B-L-fChbyws-Scene-0035/entity_20.png
T2V_data/VIDGEN-1M_unzip/B23BrEwhx9Y-Scene-0137.mp4,"In the video, a man is seen working on a car's exhaust pipe. He is wearing a green shirt and is kneeling down under the car. The man is using a wrench to tighten the pipe. The car is lifted up, and the man is working on the underside of the vehicle. The man appears to be focused on his task and is using the wrench with precision. The car's exhaust pipe is silver and appears to be made of metal. The man's movements are deliberate and careful as he works on the pipe. The background of the video is a garage with other cars and equipment visible.",T2V_data/label/vidgen_filter_gemini_part_0_dpo_13/B23BrEwhx9Y-Scene-0137/depth.mp4,T2V_data/label/vidgen_filter_gemini_part_0_dpo_13/B23BrEwhx9Y-Scene-0137/entity_20.png
T2V_data/VIDGEN-1M_unzip/B23BrEwhx9Y-Scene-0137.mp4,"In the video, a man is seen working on a car's exhaust pipe. He is wearing a green shirt and is kneeling down under the car. The man is using a wrench to tighten the pipe. The car is lifted up, and the man is working on the underside of the vehicle. The man appears to be focused on his task and is using the wrench with precision. The car's exhaust pipe is silver and appears to be made of metal. The man's movements are deliberate and careful as he works on the pipe. The background of the video is a garage with other cars and equipment visible.",T2V_data/label/vidgen_filter_gemini_part_0_dpo_13/B23BrEwhx9Y-Scene-0137/entity_20.mp4,T2V_data/label/vidgen_filter_gemini_part_0_dpo_13/B23BrEwhx9Y-Scene-0137/entity_20.png
T2V_data/VIDGEN-1M_unzip/B5Jaql3RwZg-Scene-0012.mp4,"The video shows a close-up of several pieces of food being fried in a pan of hot oil. The food appears to be golden brown and is being turned over with a wooden stick. The oil is bubbling around the food, indicating that it is being cooked at a high temperature.",T2V_data/label/vidgen_filter_gemini_part_0_dpo_13/B5Jaql3RwZg-Scene-0012/depth.mp4,T2V_data/label/vidgen_filter_gemini_part_0_dpo_13/B5Jaql3RwZg-Scene-0012/entity_40.png
T2V_data/VIDGEN-1M_unzip/B5Jaql3RwZg-Scene-0012.mp4,"The video shows a close-up of several pieces of food being fried in a pan of hot oil. The food appears to be golden brown and is being turned over with a wooden stick. The oil is bubbling around the food, indicating that it is being cooked at a high temperature.",T2V_data/label/vidgen_filter_gemini_part_0_dpo_13/B5Jaql3RwZg-Scene-0012/entity_40.mp4,T2V_data/label/vidgen_filter_gemini_part_0_dpo_13/B5Jaql3RwZg-Scene-0012/entity_40.png
T2V_data/VIDGEN-1M_unzip/BEy16IUaltA-Scene-0026.mp4,"In the video, a young boy is seen wearing a blue shirt with red sleeves and a pattern of soldiers and drums on it. He is standing in a kitchen, and there is a woman in the background. The boy is holding a red flower in his hand and is waving at the camera. He then proceeds to blow on the flower, causing it to move around. The boy continues to wave and blow on the flower while smiling. The kitchen has white cabinets and a light on, and the boy appears to be enjoying himself.",T2V_data/label/vidgen_filter_gemini_part_0_dpo_13/BEy16IUaltA-Scene-0026/depth.mp4,T2V_data/label/vidgen_filter_gemini_part_0_dpo_13/BEy16IUaltA-Scene-0026/entity_40.png
T2V_data/VIDGEN-1M_unzip/BEy16IUaltA-Scene-0026.mp4,"In the video, a young boy is seen wearing a blue shirt with red sleeves and a pattern of soldiers and drums on it. He is standing in a kitchen, and there is a woman in the background. The boy is holding a red flower in his hand and is waving at the camera. He then proceeds to blow on the flower, causing it to move around. The boy continues to wave and blow on the flower while smiling. The kitchen has white cabinets and a light on, and the boy appears to be enjoying himself.",T2V_data/label/vidgen_filter_gemini_part_0_dpo_13/BEy16IUaltA-Scene-0026/entity_40.mp4,T2V_data/label/vidgen_filter_gemini_part_0_dpo_13/BEy16IUaltA-Scene-0026/entity_40.png
T2V_data/VIDGEN-1M_unzip/BNaepGGCQAo-Scene-0034.mp4,"In the video, a person is seen using a saw to cut through a piece of meat. The meat is placed on a wooden cutting board, and the person is using a back-and-forth sawing motion to cut the meat. The person's hands are visible, and they are wearing a ring on their left hand. The meat appears to be pork, and it has a pinkish color with white fatty areas. The saw used is a large, silver-colored meat saw with a white handle. The background is a kitchen setting with a white wall and a window.",T2V_data/label/vidgen_filter_gemini_part_0_dpo_13/BNaepGGCQAo-Scene-0034/depth.mp4,T2V_data/label/vidgen_filter_gemini_part_0_dpo_13/BNaepGGCQAo-Scene-0034/entity_40.png
T2V_data/VIDGEN-1M_unzip/BNaepGGCQAo-Scene-0034.mp4,"In the video, a person is seen using a saw to cut through a piece of meat. The meat is placed on a wooden cutting board, and the person is using a back-and-forth sawing motion to cut the meat. The person's hands are visible, and they are wearing a ring on their left hand. The meat appears to be pork, and it has a pinkish color with white fatty areas. The saw used is a large, silver-colored meat saw with a white handle. The background is a kitchen setting with a white wall and a window.",T2V_data/label/vidgen_filter_gemini_part_0_dpo_13/BNaepGGCQAo-Scene-0034/entity_40.mp4,T2V_data/label/vidgen_filter_gemini_part_0_dpo_13/BNaepGGCQAo-Scene-0034/entity_40.png
T2V_data/VIDGEN-1M_unzip/BjJ87wCtyT4-Scene-0024.mp4,"The video shows a basketball game in progress. The players are wearing blue and white uniforms. One player in a blue uniform is seen dribbling the ball and then making a jump shot. The ball goes through the hoop, and the scoreboard shows the score as 100-99 in favor of the team in blue. The player who made the shot is seen celebrating with his teammates.",T2V_data/label/vidgen_filter_gemini_part_0_dpo_13/BjJ87wCtyT4-Scene-0024/depth.mp4,T2V_data/label/vidgen_filter_gemini_part_0_dpo_13/BjJ87wCtyT4-Scene-0024/entity_20.png
T2V_data/VIDGEN-1M_unzip/BjJ87wCtyT4-Scene-0024.mp4,"The video shows a basketball game in progress. The players are wearing blue and white uniforms. One player in a blue uniform is seen dribbling the ball and then making a jump shot. The ball goes through the hoop, and the scoreboard shows the score as 100-99 in favor of the team in blue. The player who made the shot is seen celebrating with his teammates.",T2V_data/label/vidgen_filter_gemini_part_0_dpo_13/BjJ87wCtyT4-Scene-0024/entity_20.mp4,T2V_data/label/vidgen_filter_gemini_part_0_dpo_13/BjJ87wCtyT4-Scene-0024/entity_20.png
T2V_data/VIDGEN-1M_unzip/BzyAFayzPbc-Scene-0142.mp4,"In the video, two people are seen working on a large blue structure. One person is standing on the ground, while the other is on a ladder. They are both wearing gloves and hats. The person on the ground is holding a black strap, while the person on the ladder is holding a blue panel. They are both working together to attach the panel to the structure. The structure appears to be made of large blue panels, and there are trees visible in the background.",T2V_data/label/vidgen_filter_gemini_part_0_dpo_13/BzyAFayzPbc-Scene-0142/depth.mp4,T2V_data/label/vidgen_filter_gemini_part_0_dpo_13/BzyAFayzPbc-Scene-0142/entity_20.png
T2V_data/VIDGEN-1M_unzip/BzyAFayzPbc-Scene-0142.mp4,"In the video, two people are seen working on a large blue structure. One person is standing on the ground, while the other is on a ladder. They are both wearing gloves and hats. The person on the ground is holding a black strap, while the person on the ladder is holding a blue panel. They are both working together to attach the panel to the structure. The structure appears to be made of large blue panels, and there are trees visible in the background.",T2V_data/label/vidgen_filter_gemini_part_0_dpo_13/BzyAFayzPbc-Scene-0142/entity_20.mp4,T2V_data/label/vidgen_filter_gemini_part_0_dpo_13/BzyAFayzPbc-Scene-0142/entity_20.png
T2V_data/VIDGEN-1M_unzip/BzyAFayzPbc-Scene-0142.mp4,"In the video, two people are seen working on a large blue structure. One person is standing on the ground, while the other is on a ladder. They are both wearing gloves and hats. The person on the ground is holding a black strap, while the person on the ladder is holding a blue panel. They are both working together to attach the panel to the structure. The structure appears to be made of large blue panels, and there are trees visible in the background.",T2V_data/label/vidgen_filter_gemini_part_0_dpo_13/BzyAFayzPbc-Scene-0142/depth.mp4,T2V_data/label/vidgen_filter_gemini_part_0_dpo_13/BzyAFayzPbc-Scene-0142/entity_40.png
T2V_data/VIDGEN-1M_unzip/BzyAFayzPbc-Scene-0142.mp4,"In the video, two people are seen working on a large blue structure. One person is standing on the ground, while the other is on a ladder. They are both wearing gloves and hats. The person on the ground is holding a black strap, while the person on the ladder is holding a blue panel. They are both working together to attach the panel to the structure. The structure appears to be made of large blue panels, and there are trees visible in the background.",T2V_data/label/vidgen_filter_gemini_part_0_dpo_13/BzyAFayzPbc-Scene-0142/entity_40.mp4,T2V_data/label/vidgen_filter_gemini_part_0_dpo_13/BzyAFayzPbc-Scene-0142/entity_40.png
T2V_data/VIDGEN-1M_unzip/C7UZp3HhHr4-Scene-0240.mp4,"In the video, a man dressed in black is seen climbing a stone wall. He is holding a bow and arrow, and as he reaches the top of the wall, he turns and shoots an arrow at an unseen target. The man's movements are swift and precise, and he appears to be skilled in archery. The stone wall is tall and sturdy, and the man's climb is impressive. The background is dark and moody, with shadows cast across the scene. The man's black clothing contrasts with the light-colored stone wall, making him stand out in the video.",T2V_data/label/vidgen_filter_gemini_part_0_dpo_13/C7UZp3HhHr4-Scene-0240/depth.mp4,T2V_data/label/vidgen_filter_gemini_part_0_dpo_13/C7UZp3HhHr4-Scene-0240/entity_20.png
T2V_data/VIDGEN-1M_unzip/C7UZp3HhHr4-Scene-0240.mp4,"In the video, a man dressed in black is seen climbing a stone wall. He is holding a bow and arrow, and as he reaches the top of the wall, he turns and shoots an arrow at an unseen target. The man's movements are swift and precise, and he appears to be skilled in archery. The stone wall is tall and sturdy, and the man's climb is impressive. The background is dark and moody, with shadows cast across the scene. The man's black clothing contrasts with the light-colored stone wall, making him stand out in the video.",T2V_data/label/vidgen_filter_gemini_part_0_dpo_13/C7UZp3HhHr4-Scene-0240/entity_20.mp4,T2V_data/label/vidgen_filter_gemini_part_0_dpo_13/C7UZp3HhHr4-Scene-0240/entity_20.png
T2V_data/VIDGEN-1M_unzip/COYUWegO3To-Scene-0306.mp4,"The video shows a basketball game being played on a court. The players are wearing white and black uniforms. The court is blue with white lines marking the boundaries and the center circle. The players are seen dribbling, passing, and shooting the ball. The crowd is visible in the background, cheering and watching the game. The video is shot from different angles, showing the players' movements and the game's progression.",T2V_data/label/vidgen_filter_gemini_part_0_dpo_13/COYUWegO3To-Scene-0306/depth.mp4,T2V_data/label/vidgen_filter_gemini_part_0_dpo_13/COYUWegO3To-Scene-0306/entity_80.png
T2V_data/VIDGEN-1M_unzip/COYUWegO3To-Scene-0306.mp4,"The video shows a basketball game being played on a court. The players are wearing white and black uniforms. The court is blue with white lines marking the boundaries and the center circle. The players are seen dribbling, passing, and shooting the ball. The crowd is visible in the background, cheering and watching the game. The video is shot from different angles, showing the players' movements and the game's progression.",T2V_data/label/vidgen_filter_gemini_part_0_dpo_13/COYUWegO3To-Scene-0306/entity_80.mp4,T2V_data/label/vidgen_filter_gemini_part_0_dpo_13/COYUWegO3To-Scene-0306/entity_80.png
T2V_data/VIDGEN-1M_unzip/CRD5wHKH-Nk-Scene-0017.mp4,"In the video, a person is holding a knife in their hand and using their thumb to open the blade. The knife has a black handle and a silver blade. The person's thumb is positioned on the blade, and they use their other hand to assist in opening the knife. The background is black, and there is no other object or person visible in the video.",T2V_data/label/vidgen_filter_gemini_part_0_dpo_13/CRD5wHKH-Nk-Scene-0017/depth.mp4,T2V_data/label/vidgen_filter_gemini_part_0_dpo_13/CRD5wHKH-Nk-Scene-0017/entity_60.png
T2V_data/VIDGEN-1M_unzip/CRD5wHKH-Nk-Scene-0017.mp4,"In the video, a person is holding a knife in their hand and using their thumb to open the blade. The knife has a black handle and a silver blade. The person's thumb is positioned on the blade, and they use their other hand to assist in opening the knife. The background is black, and there is no other object or person visible in the video.",T2V_data/label/vidgen_filter_gemini_part_0_dpo_13/CRD5wHKH-Nk-Scene-0017/entity_60.mp4,T2V_data/label/vidgen_filter_gemini_part_0_dpo_13/CRD5wHKH-Nk-Scene-0017/entity_60.png
T2V_data/VIDGEN-1M_unzip/CRSsa2o6PDQ-Scene-0037.mp4,"The video features a young man with curly hair, wearing a gray jacket and a black shirt underneath. He is holding a white cloth bag with the words ""HEAVY MAGIC SAND"" written on it. The man is climbing a rock wall, and as he ascends, he looks back and down at the camera with a surprised and exaggerated expression. The background is blurred, but it appears to be an outdoor setting with trees and foliage.",T2V_data/label/vidgen_filter_gemini_part_0_dpo_13/CRSsa2o6PDQ-Scene-0037/depth.mp4,T2V_data/label/vidgen_filter_gemini_part_0_dpo_13/CRSsa2o6PDQ-Scene-0037/entity_20.png
T2V_data/VIDGEN-1M_unzip/CRSsa2o6PDQ-Scene-0037.mp4,"The video features a young man with curly hair, wearing a gray jacket and a black shirt underneath. He is holding a white cloth bag with the words ""HEAVY MAGIC SAND"" written on it. The man is climbing a rock wall, and as he ascends, he looks back and down at the camera with a surprised and exaggerated expression. The background is blurred, but it appears to be an outdoor setting with trees and foliage.",T2V_data/label/vidgen_filter_gemini_part_0_dpo_13/CRSsa2o6PDQ-Scene-0037/entity_20.mp4,T2V_data/label/vidgen_filter_gemini_part_0_dpo_13/CRSsa2o6PDQ-Scene-0037/entity_20.png
T2V_data/VIDGEN-1M_unzip/CRSsa2o6PDQ-Scene-0037.mp4,"The video features a young man with curly hair, wearing a gray jacket and a black shirt underneath. He is holding a white cloth bag with the words ""HEAVY MAGIC SAND"" written on it. The man is climbing a rock wall, and as he ascends, he looks back and down at the camera with a surprised and exaggerated expression. The background is blurred, but it appears to be an outdoor setting with trees and foliage.",T2V_data/label/vidgen_filter_gemini_part_0_dpo_13/CRSsa2o6PDQ-Scene-0037/depth.mp4,T2V_data/label/vidgen_filter_gemini_part_0_dpo_13/CRSsa2o6PDQ-Scene-0037/entity_60.png
T2V_data/VIDGEN-1M_unzip/CRSsa2o6PDQ-Scene-0037.mp4,"The video features a young man with curly hair, wearing a gray jacket and a black shirt underneath. He is holding a white cloth bag with the words ""HEAVY MAGIC SAND"" written on it. The man is climbing a rock wall, and as he ascends, he looks back and down at the camera with a surprised and exaggerated expression. The background is blurred, but it appears to be an outdoor setting with trees and foliage.",T2V_data/label/vidgen_filter_gemini_part_0_dpo_13/CRSsa2o6PDQ-Scene-0037/entity_60.mp4,T2V_data/label/vidgen_filter_gemini_part_0_dpo_13/CRSsa2o6PDQ-Scene-0037/entity_60.png
T2V_data/VIDGEN-1M_unzip/CbXUGX8x4cw-Scene-0642.mp4,"The video shows a person wearing a red shirt and red shorts, swimming underwater and using a spear to catch a fish. The person is wearing a snorkel mask and is barefoot. The water is clear and there are rocks and plants visible on the bottom of the ocean. The person is holding the spear with both hands and appears to be aiming at a fish that is swimming nearby. The fish is not visible in the video.",T2V_data/label/vidgen_filter_gemini_part_0_dpo_13/CbXUGX8x4cw-Scene-0642/depth.mp4,T2V_data/label/vidgen_filter_gemini_part_0_dpo_13/CbXUGX8x4cw-Scene-0642/entity_20.png
T2V_data/VIDGEN-1M_unzip/CbXUGX8x4cw-Scene-0642.mp4,"The video shows a person wearing a red shirt and red shorts, swimming underwater and using a spear to catch a fish. The person is wearing a snorkel mask and is barefoot. The water is clear and there are rocks and plants visible on the bottom of the ocean. The person is holding the spear with both hands and appears to be aiming at a fish that is swimming nearby. The fish is not visible in the video.",T2V_data/label/vidgen_filter_gemini_part_0_dpo_13/CbXUGX8x4cw-Scene-0642/entity_20.mp4,T2V_data/label/vidgen_filter_gemini_part_0_dpo_13/CbXUGX8x4cw-Scene-0642/entity_20.png
T2V_data/VIDGEN-1M_unzip/CcRd38ztM8M-Scene-0048.mp4,"The video shows a 3D animation of Earth with a large black hole in the center. The Earth is rotating, and the black hole appears to be pulling the Earth into it. The animation is set against a backdrop of space with stars visible in the background. The Earth is depicted with realistic colors, showing blue oceans, green and brown landmasses, and white clouds. The black hole is solid black and has a circular shape. The video does not contain any text or subtitles.",T2V_data/label/vidgen_filter_gemini_part_0_dpo_13/CcRd38ztM8M-Scene-0048/depth.mp4,T2V_data/label/vidgen_filter_gemini_part_0_dpo_13/CcRd38ztM8M-Scene-0048/entity_40.png
T2V_data/VIDGEN-1M_unzip/CcRd38ztM8M-Scene-0048.mp4,"The video shows a 3D animation of Earth with a large black hole in the center. The Earth is rotating, and the black hole appears to be pulling the Earth into it. The animation is set against a backdrop of space with stars visible in the background. The Earth is depicted with realistic colors, showing blue oceans, green and brown landmasses, and white clouds. The black hole is solid black and has a circular shape. The video does not contain any text or subtitles.",T2V_data/label/vidgen_filter_gemini_part_0_dpo_13/CcRd38ztM8M-Scene-0048/entity_40.mp4,T2V_data/label/vidgen_filter_gemini_part_0_dpo_13/CcRd38ztM8M-Scene-0048/entity_40.png
T2V_data/VIDGEN-1M_unzip/CxF68XEtvD4-Scene-0016.mp4,"The video shows a snow plow clearing a road at night. The plow is yellow and has a large blade in front of it that is pushing snow to the side of the road. The road is covered in snow and there are other vehicles visible in the background. The plow is moving slowly and steadily, making sure to clear the entire road.",T2V_data/label/vidgen_filter_gemini_part_0_dpo_13/CxF68XEtvD4-Scene-0016/depth.mp4,T2V_data/label/vidgen_filter_gemini_part_0_dpo_13/CxF68XEtvD4-Scene-0016/entity_20.png
T2V_data/VIDGEN-1M_unzip/CxF68XEtvD4-Scene-0016.mp4,"The video shows a snow plow clearing a road at night. The plow is yellow and has a large blade in front of it that is pushing snow to the side of the road. The road is covered in snow and there are other vehicles visible in the background. The plow is moving slowly and steadily, making sure to clear the entire road.",T2V_data/label/vidgen_filter_gemini_part_0_dpo_13/CxF68XEtvD4-Scene-0016/entity_20.mp4,T2V_data/label/vidgen_filter_gemini_part_0_dpo_13/CxF68XEtvD4-Scene-0016/entity_20.png
T2V_data/VIDGEN-1M_unzip/CyE_tcmi3Tc-Scene-0042.mp4,"In the video, a man is seen kite surfing on a body of water. He is wearing a black and green wetsuit and a red helmet. The man is holding onto a bar attached to a kite that is pulling him along the water. He is also wearing a pair of black boots. The man is performing a trick where he jumps into the air and spins around on his board. The water is calm and there are mountains visible in the background. The sky is clear and blue.",T2V_data/label/vidgen_filter_gemini_part_0_dpo_13/CyE_tcmi3Tc-Scene-0042/depth.mp4,T2V_data/label/vidgen_filter_gemini_part_0_dpo_13/CyE_tcmi3Tc-Scene-0042/entity_20.png
T2V_data/VIDGEN-1M_unzip/CyE_tcmi3Tc-Scene-0042.mp4,"In the video, a man is seen kite surfing on a body of water. He is wearing a black and green wetsuit and a red helmet. The man is holding onto a bar attached to a kite that is pulling him along the water. He is also wearing a pair of black boots. The man is performing a trick where he jumps into the air and spins around on his board. The water is calm and there are mountains visible in the background. The sky is clear and blue.",T2V_data/label/vidgen_filter_gemini_part_0_dpo_13/CyE_tcmi3Tc-Scene-0042/entity_20.mp4,T2V_data/label/vidgen_filter_gemini_part_0_dpo_13/CyE_tcmi3Tc-Scene-0042/entity_20.png
T2V_data/VIDGEN-1M_unzip/D9x4PBFNAkk-Scene-0019.mp4,The video shows a person using a knife to cut a piece of cardboard. The person is sitting on the ground and is wearing a watch on their left wrist. The knife is silver in color and has a black handle. The cardboard is brown and appears to be a piece of corrugated cardboard. The person is cutting the cardboard into smaller pieces.,T2V_data/label/vidgen_filter_gemini_part_0_dpo_13/D9x4PBFNAkk-Scene-0019/depth.mp4,T2V_data/label/vidgen_filter_gemini_part_0_dpo_13/D9x4PBFNAkk-Scene-0019/entity_40.png
T2V_data/VIDGEN-1M_unzip/D9x4PBFNAkk-Scene-0019.mp4,The video shows a person using a knife to cut a piece of cardboard. The person is sitting on the ground and is wearing a watch on their left wrist. The knife is silver in color and has a black handle. The cardboard is brown and appears to be a piece of corrugated cardboard. The person is cutting the cardboard into smaller pieces.,T2V_data/label/vidgen_filter_gemini_part_0_dpo_13/D9x4PBFNAkk-Scene-0019/entity_40.mp4,T2V_data/label/vidgen_filter_gemini_part_0_dpo_13/D9x4PBFNAkk-Scene-0019/entity_40.png
T2V_data/VIDGEN-1M_unzip/DJcJ6IkaoHY-Scene-0006.mp4,"In the video, a person is holding a beetle in their hand. The beetle is brown in color and has long antennae. The person is using a pair of scissors to cut the antennae of the beetle. The background is a white table with a green cloth on it. The person's nails are painted pink.",T2V_data/label/vidgen_filter_gemini_part_0_dpo_13/DJcJ6IkaoHY-Scene-0006/depth.mp4,T2V_data/label/vidgen_filter_gemini_part_0_dpo_13/DJcJ6IkaoHY-Scene-0006/entity_80.png
T2V_data/VIDGEN-1M_unzip/DJcJ6IkaoHY-Scene-0006.mp4,"In the video, a person is holding a beetle in their hand. The beetle is brown in color and has long antennae. The person is using a pair of scissors to cut the antennae of the beetle. The background is a white table with a green cloth on it. The person's nails are painted pink.",T2V_data/label/vidgen_filter_gemini_part_0_dpo_13/DJcJ6IkaoHY-Scene-0006/entity_80.mp4,T2V_data/label/vidgen_filter_gemini_part_0_dpo_13/DJcJ6IkaoHY-Scene-0006/entity_80.png
T2V_data/VIDGEN-1M_unzip/DciOqMxP44s-Scene-0063.mp4,"The video shows a boxing match between two men in a ring. One of the men is wearing black shorts, while the other is wearing white shorts. The man in black shorts is seen throwing a punch at the man in white shorts, who falls to the ground. The man in black shorts then jumps on top of the man in white shorts and continues to punch him. The referee is seen standing in the ring, watching the fight. The crowd can be heard cheering in the background.",T2V_data/label/vidgen_filter_gemini_part_0_dpo_13/DciOqMxP44s-Scene-0063/depth.mp4,T2V_data/label/vidgen_filter_gemini_part_0_dpo_13/DciOqMxP44s-Scene-0063/entity_20.png
T2V_data/VIDGEN-1M_unzip/DciOqMxP44s-Scene-0063.mp4,"The video shows a boxing match between two men in a ring. One of the men is wearing black shorts, while the other is wearing white shorts. The man in black shorts is seen throwing a punch at the man in white shorts, who falls to the ground. The man in black shorts then jumps on top of the man in white shorts and continues to punch him. The referee is seen standing in the ring, watching the fight. The crowd can be heard cheering in the background.",T2V_data/label/vidgen_filter_gemini_part_0_dpo_13/DciOqMxP44s-Scene-0063/entity_20.mp4,T2V_data/label/vidgen_filter_gemini_part_0_dpo_13/DciOqMxP44s-Scene-0063/entity_20.png
T2V_data/VIDGEN-1M_unzip/DgKOWFwc0ww-Scene-0038.mp4,"The video shows a classroom with several children sitting at desks. One of the girls is sitting in a chair and suddenly falls backwards. Another girl runs over to help her, and the girl who fell is seen laughing. The classroom has wooden floors and desks, and there are books and other items on the shelves in the background.",T2V_data/label/vidgen_filter_gemini_part_0_dpo_13/DgKOWFwc0ww-Scene-0038/depth.mp4,T2V_data/label/vidgen_filter_gemini_part_0_dpo_13/DgKOWFwc0ww-Scene-0038/entity_40.png
T2V_data/VIDGEN-1M_unzip/DgKOWFwc0ww-Scene-0038.mp4,"The video shows a classroom with several children sitting at desks. One of the girls is sitting in a chair and suddenly falls backwards. Another girl runs over to help her, and the girl who fell is seen laughing. The classroom has wooden floors and desks, and there are books and other items on the shelves in the background.",T2V_data/label/vidgen_filter_gemini_part_0_dpo_13/DgKOWFwc0ww-Scene-0038/entity_40.mp4,T2V_data/label/vidgen_filter_gemini_part_0_dpo_13/DgKOWFwc0ww-Scene-0038/entity_40.png
T2V_data/VIDGEN-1M_unzip/DlGhzvKAF6w-Scene-0025.mp4,"The video shows a soccer game being played on a field. The players are wearing red and blue uniforms and are running around the field. The ball is being passed between the players, and they are trying to score a goal. The field is green, and there are white lines marking the boundaries and center of the field. The players are moving quickly, and the ball is being kicked back and forth between the teams.",T2V_data/label/vidgen_filter_gemini_part_0_dpo_13/DlGhzvKAF6w-Scene-0025/depth.mp4,T2V_data/label/vidgen_filter_gemini_part_0_dpo_13/DlGhzvKAF6w-Scene-0025/entity_20.png
T2V_data/VIDGEN-1M_unzip/DlGhzvKAF6w-Scene-0025.mp4,"The video shows a soccer game being played on a field. The players are wearing red and blue uniforms and are running around the field. The ball is being passed between the players, and they are trying to score a goal. The field is green, and there are white lines marking the boundaries and center of the field. The players are moving quickly, and the ball is being kicked back and forth between the teams.",T2V_data/label/vidgen_filter_gemini_part_0_dpo_13/DlGhzvKAF6w-Scene-0025/entity_20.mp4,T2V_data/label/vidgen_filter_gemini_part_0_dpo_13/DlGhzvKAF6w-Scene-0025/entity_20.png
T2V_data/VIDGEN-1M_unzip/DlGhzvKAF6w-Scene-0025.mp4,"The video shows a soccer game being played on a field. The players are wearing red and blue uniforms and are running around the field. The ball is being passed between the players, and they are trying to score a goal. The field is green, and there are white lines marking the boundaries and center of the field. The players are moving quickly, and the ball is being kicked back and forth between the teams.",T2V_data/label/vidgen_filter_gemini_part_0_dpo_13/DlGhzvKAF6w-Scene-0025/depth.mp4,T2V_data/label/vidgen_filter_gemini_part_0_dpo_13/DlGhzvKAF6w-Scene-0025/entity_40.png
T2V_data/VIDGEN-1M_unzip/DlGhzvKAF6w-Scene-0025.mp4,"The video shows a soccer game being played on a field. The players are wearing red and blue uniforms and are running around the field. The ball is being passed between the players, and they are trying to score a goal. The field is green, and there are white lines marking the boundaries and center of the field. The players are moving quickly, and the ball is being kicked back and forth between the teams.",T2V_data/label/vidgen_filter_gemini_part_0_dpo_13/DlGhzvKAF6w-Scene-0025/entity_40.mp4,T2V_data/label/vidgen_filter_gemini_part_0_dpo_13/DlGhzvKAF6w-Scene-0025/entity_40.png
T2V_data/VIDGEN-1M_unzip/EHH3mX2FUwM-Scene-0034.mp4,"In the video, a person is seen wearing white gloves and working on a car engine. The person is using a tool to remove a filter from the engine. The engine is made up of various components, including pipes and wires. The person carefully removes the filter, revealing the inner workings of the engine. The filter appears to be dirty and needs to be replaced. The person then proceeds to clean the engine with a rag. The video provides a close-up view of the engine, allowing the viewer to see the intricate details of the car's mechanical system.",T2V_data/label/vidgen_filter_gemini_part_0_dpo_13/EHH3mX2FUwM-Scene-0034/depth.mp4,T2V_data/label/vidgen_filter_gemini_part_0_dpo_13/EHH3mX2FUwM-Scene-0034/entity_20.png
T2V_data/VIDGEN-1M_unzip/EHH3mX2FUwM-Scene-0034.mp4,"In the video, a person is seen wearing white gloves and working on a car engine. The person is using a tool to remove a filter from the engine. The engine is made up of various components, including pipes and wires. The person carefully removes the filter, revealing the inner workings of the engine. The filter appears to be dirty and needs to be replaced. The person then proceeds to clean the engine with a rag. The video provides a close-up view of the engine, allowing the viewer to see the intricate details of the car's mechanical system.",T2V_data/label/vidgen_filter_gemini_part_0_dpo_13/EHH3mX2FUwM-Scene-0034/entity_20.mp4,T2V_data/label/vidgen_filter_gemini_part_0_dpo_13/EHH3mX2FUwM-Scene-0034/entity_20.png
T2V_data/VIDGEN-1M_unzip/EHH3mX2FUwM-Scene-0034.mp4,"In the video, a person is seen wearing white gloves and working on a car engine. The person is using a tool to remove a filter from the engine. The engine is made up of various components, including pipes and wires. The person carefully removes the filter, revealing the inner workings of the engine. The filter appears to be dirty and needs to be replaced. The person then proceeds to clean the engine with a rag. The video provides a close-up view of the engine, allowing the viewer to see the intricate details of the car's mechanical system.",T2V_data/label/vidgen_filter_gemini_part_0_dpo_13/EHH3mX2FUwM-Scene-0034/depth.mp4,T2V_data/label/vidgen_filter_gemini_part_0_dpo_13/EHH3mX2FUwM-Scene-0034/entity_40.png
T2V_data/VIDGEN-1M_unzip/EHH3mX2FUwM-Scene-0034.mp4,"In the video, a person is seen wearing white gloves and working on a car engine. The person is using a tool to remove a filter from the engine. The engine is made up of various components, including pipes and wires. The person carefully removes the filter, revealing the inner workings of the engine. The filter appears to be dirty and needs to be replaced. The person then proceeds to clean the engine with a rag. The video provides a close-up view of the engine, allowing the viewer to see the intricate details of the car's mechanical system.",T2V_data/label/vidgen_filter_gemini_part_0_dpo_13/EHH3mX2FUwM-Scene-0034/entity_40.mp4,T2V_data/label/vidgen_filter_gemini_part_0_dpo_13/EHH3mX2FUwM-Scene-0034/entity_40.png
T2V_data/VIDGEN-1M_unzip/EL7a6yBd7XI-Scene-0085.mp4,"In the video, a person is seen scrubbing a pan with a sponge under running water in a sink. The pan appears to be dirty, and the person is using the sponge to clean it thoroughly. The person's hands are visible, and they are wearing a ring on their left hand. The sink is made of stainless steel, and there is a faucet with water running from it. The person's movements are deliberate and focused on cleaning the pan.",T2V_data/label/vidgen_filter_gemini_part_0_dpo_13/EL7a6yBd7XI-Scene-0085/depth.mp4,T2V_data/label/vidgen_filter_gemini_part_0_dpo_13/EL7a6yBd7XI-Scene-0085/entity_20.png
T2V_data/VIDGEN-1M_unzip/EL7a6yBd7XI-Scene-0085.mp4,"In the video, a person is seen scrubbing a pan with a sponge under running water in a sink. The pan appears to be dirty, and the person is using the sponge to clean it thoroughly. The person's hands are visible, and they are wearing a ring on their left hand. The sink is made of stainless steel, and there is a faucet with water running from it. The person's movements are deliberate and focused on cleaning the pan.",T2V_data/label/vidgen_filter_gemini_part_0_dpo_13/EL7a6yBd7XI-Scene-0085/entity_20.mp4,T2V_data/label/vidgen_filter_gemini_part_0_dpo_13/EL7a6yBd7XI-Scene-0085/entity_20.png
T2V_data/VIDGEN-1M_unzip/EPEV9GFdkHU-Scene-0004.mp4,"The video shows a baseball player in a white uniform with blue lettering and a blue helmet standing in the batter's box. He is holding a black bat and is ready to swing. As the pitcher throws the ball, the batter swings the bat and hits the ball. The ball is then seen flying over the field and into the stands. The player drops the bat and begins to run towards first base. The crowd in the background is cheering and clapping.",T2V_data/label/vidgen_filter_gemini_part_0_dpo_13/EPEV9GFdkHU-Scene-0004/depth.mp4,T2V_data/label/vidgen_filter_gemini_part_0_dpo_13/EPEV9GFdkHU-Scene-0004/entity_20.png
T2V_data/VIDGEN-1M_unzip/EPEV9GFdkHU-Scene-0004.mp4,"The video shows a baseball player in a white uniform with blue lettering and a blue helmet standing in the batter's box. He is holding a black bat and is ready to swing. As the pitcher throws the ball, the batter swings the bat and hits the ball. The ball is then seen flying over the field and into the stands. The player drops the bat and begins to run towards first base. The crowd in the background is cheering and clapping.",T2V_data/label/vidgen_filter_gemini_part_0_dpo_13/EPEV9GFdkHU-Scene-0004/entity_20.mp4,T2V_data/label/vidgen_filter_gemini_part_0_dpo_13/EPEV9GFdkHU-Scene-0004/entity_20.png
T2V_data/VIDGEN-1M_unzip/EYMI6jVRkTs-Scene-0022.mp4,"The video shows a person's hand stirring a dark red liquid in a purple bowl. The person then pours a white powder into the bowl, causing the liquid to fizz and bubble.",T2V_data/label/vidgen_filter_gemini_part_0_dpo_13/EYMI6jVRkTs-Scene-0022/depth.mp4,T2V_data/label/vidgen_filter_gemini_part_0_dpo_13/EYMI6jVRkTs-Scene-0022/entity_80.png
T2V_data/VIDGEN-1M_unzip/EYMI6jVRkTs-Scene-0022.mp4,"The video shows a person's hand stirring a dark red liquid in a purple bowl. The person then pours a white powder into the bowl, causing the liquid to fizz and bubble.",T2V_data/label/vidgen_filter_gemini_part_0_dpo_13/EYMI6jVRkTs-Scene-0022/entity_80.mp4,T2V_data/label/vidgen_filter_gemini_part_0_dpo_13/EYMI6jVRkTs-Scene-0022/entity_80.png
T2V_data/VIDGEN-1M_unzip/E_Ofzqi7R88-Scene-0090.mp4,"The video shows a close-up of a person's hand holding a saw and moving it back and forth across a piece of wood. The saw has a yellow handle and a silver blade with a jagged edge. The wood appears to be a light brown color with visible grain patterns. The person's hand is steady, and the saw moves smoothly across the wood, creating a straight cut.",T2V_data/label/vidgen_filter_gemini_part_0_dpo_13/E_Ofzqi7R88-Scene-0090/depth.mp4,T2V_data/label/vidgen_filter_gemini_part_0_dpo_13/E_Ofzqi7R88-Scene-0090/entity_20.png
T2V_data/VIDGEN-1M_unzip/E_Ofzqi7R88-Scene-0090.mp4,"The video shows a close-up of a person's hand holding a saw and moving it back and forth across a piece of wood. The saw has a yellow handle and a silver blade with a jagged edge. The wood appears to be a light brown color with visible grain patterns. The person's hand is steady, and the saw moves smoothly across the wood, creating a straight cut.",T2V_data/label/vidgen_filter_gemini_part_0_dpo_13/E_Ofzqi7R88-Scene-0090/entity_20.mp4,T2V_data/label/vidgen_filter_gemini_part_0_dpo_13/E_Ofzqi7R88-Scene-0090/entity_20.png
T2V_data/VIDGEN-1M_unzip/EfLztPD7f40-Scene-0023.mp4,"In the video, a person is holding a bottle of wine and pouring it into a glass. The person is wearing a black shirt and has a white apron on. The wine is a dark color, and the glass is clear. The person is holding the bottle with one hand and the glass with the other hand. The background is blurred, but it appears to be an outdoor setting.",T2V_data/label/vidgen_filter_gemini_part_0_dpo_13/EfLztPD7f40-Scene-0023/depth.mp4,T2V_data/label/vidgen_filter_gemini_part_0_dpo_13/EfLztPD7f40-Scene-0023/entity_40.png
T2V_data/VIDGEN-1M_unzip/EfLztPD7f40-Scene-0023.mp4,"In the video, a person is holding a bottle of wine and pouring it into a glass. The person is wearing a black shirt and has a white apron on. The wine is a dark color, and the glass is clear. The person is holding the bottle with one hand and the glass with the other hand. The background is blurred, but it appears to be an outdoor setting.",T2V_data/label/vidgen_filter_gemini_part_0_dpo_13/EfLztPD7f40-Scene-0023/entity_40.mp4,T2V_data/label/vidgen_filter_gemini_part_0_dpo_13/EfLztPD7f40-Scene-0023/entity_40.png
T2V_data/VIDGEN-1M_unzip/EfLztPD7f40-Scene-0023.mp4,"In the video, a person is holding a bottle of wine and pouring it into a glass. The person is wearing a black shirt and has a white apron on. The wine is a dark color, and the glass is clear. The person is holding the bottle with one hand and the glass with the other hand. The background is blurred, but it appears to be an outdoor setting.",T2V_data/label/vidgen_filter_gemini_part_0_dpo_13/EfLztPD7f40-Scene-0023/depth.mp4,T2V_data/label/vidgen_filter_gemini_part_0_dpo_13/EfLztPD7f40-Scene-0023/entity_60.png
T2V_data/VIDGEN-1M_unzip/EfLztPD7f40-Scene-0023.mp4,"In the video, a person is holding a bottle of wine and pouring it into a glass. The person is wearing a black shirt and has a white apron on. The wine is a dark color, and the glass is clear. The person is holding the bottle with one hand and the glass with the other hand. The background is blurred, but it appears to be an outdoor setting.",T2V_data/label/vidgen_filter_gemini_part_0_dpo_13/EfLztPD7f40-Scene-0023/entity_60.mp4,T2V_data/label/vidgen_filter_gemini_part_0_dpo_13/EfLztPD7f40-Scene-0023/entity_60.png
T2V_data/VIDGEN-1M_unzip/ErbsTLKWuhw-Scene-0060.mp4,"In the video, a person is seen holding a small hedgehog in their hands. The person then places the hedgehog on a table, and the hedgehog begins to move around. The person then picks up a blue toy and starts to play with the hedgehog. The hedgehog seems to be enjoying the interaction, as it continues to move around and explore the toy. The person's hands are visible in the video, and they appear to be gently handling the hedgehog. The background is a plain white table, and there are no other objects or people visible in the video.",T2V_data/label/vidgen_filter_gemini_part_0_dpo_13/ErbsTLKWuhw-Scene-0060/depth.mp4,T2V_data/label/vidgen_filter_gemini_part_0_dpo_13/ErbsTLKWuhw-Scene-0060/entity_20.png
T2V_data/VIDGEN-1M_unzip/ErbsTLKWuhw-Scene-0060.mp4,"In the video, a person is seen holding a small hedgehog in their hands. The person then places the hedgehog on a table, and the hedgehog begins to move around. The person then picks up a blue toy and starts to play with the hedgehog. The hedgehog seems to be enjoying the interaction, as it continues to move around and explore the toy. The person's hands are visible in the video, and they appear to be gently handling the hedgehog. The background is a plain white table, and there are no other objects or people visible in the video.",T2V_data/label/vidgen_filter_gemini_part_0_dpo_13/ErbsTLKWuhw-Scene-0060/entity_20.mp4,T2V_data/label/vidgen_filter_gemini_part_0_dpo_13/ErbsTLKWuhw-Scene-0060/entity_20.png
T2V_data/VIDGEN-1M_unzip/EziND_-YfOc-Scene-0002.mp4,"In the video, a small hamster is seen running on a wheel inside a cage. The wheel is made of plastic and is attached to the side of the cage. The hamster is running at a fast pace, and its small paws are blurred due to the speed. The cage is filled with purple bedding material, and there is a green plastic structure in the background. The hamster appears to be enjoying itself as it runs around the wheel.",T2V_data/label/vidgen_filter_gemini_part_0_dpo_13/EziND_-YfOc-Scene-0002/depth.mp4,T2V_data/label/vidgen_filter_gemini_part_0_dpo_13/EziND_-YfOc-Scene-0002/entity_20.png
T2V_data/VIDGEN-1M_unzip/EziND_-YfOc-Scene-0002.mp4,"In the video, a small hamster is seen running on a wheel inside a cage. The wheel is made of plastic and is attached to the side of the cage. The hamster is running at a fast pace, and its small paws are blurred due to the speed. The cage is filled with purple bedding material, and there is a green plastic structure in the background. The hamster appears to be enjoying itself as it runs around the wheel.",T2V_data/label/vidgen_filter_gemini_part_0_dpo_13/EziND_-YfOc-Scene-0002/entity_20.mp4,T2V_data/label/vidgen_filter_gemini_part_0_dpo_13/EziND_-YfOc-Scene-0002/entity_20.png
T2V_data/VIDGEN-1M_unzip/FAFvRTFPAu4-Scene-0064.mp4,"The video shows a person using a chocolate mold to create chocolate pieces. The mold has several cavities of different shapes, and the person is seen pressing chocolate into the mold, filling each cavity. The chocolate is dark brown, and the mold is light brown. The person's hands are visible as they work on the mold.",T2V_data/label/vidgen_filter_gemini_part_0_dpo_13/FAFvRTFPAu4-Scene-0064/depth.mp4,T2V_data/label/vidgen_filter_gemini_part_0_dpo_13/FAFvRTFPAu4-Scene-0064/entity_40.png
T2V_data/VIDGEN-1M_unzip/FAFvRTFPAu4-Scene-0064.mp4,"The video shows a person using a chocolate mold to create chocolate pieces. The mold has several cavities of different shapes, and the person is seen pressing chocolate into the mold, filling each cavity. The chocolate is dark brown, and the mold is light brown. The person's hands are visible as they work on the mold.",T2V_data/label/vidgen_filter_gemini_part_0_dpo_13/FAFvRTFPAu4-Scene-0064/entity_40.mp4,T2V_data/label/vidgen_filter_gemini_part_0_dpo_13/FAFvRTFPAu4-Scene-0064/entity_40.png
T2V_data/VIDGEN-1M_unzip/FD6qhan3Sls-Scene-0016.mp4,The video shows a person using a screwdriver to remove the screws from the back of a phone. The person is holding the phone in one hand and the screwdriver in the other. The phone appears to be black and has a silver screw at the bottom. The person is wearing a black watch on their left wrist.,T2V_data/label/vidgen_filter_gemini_part_0_dpo_13/FD6qhan3Sls-Scene-0016/depth.mp4,T2V_data/label/vidgen_filter_gemini_part_0_dpo_13/FD6qhan3Sls-Scene-0016/entity_80.png
T2V_data/VIDGEN-1M_unzip/FD6qhan3Sls-Scene-0016.mp4,The video shows a person using a screwdriver to remove the screws from the back of a phone. The person is holding the phone in one hand and the screwdriver in the other. The phone appears to be black and has a silver screw at the bottom. The person is wearing a black watch on their left wrist.,T2V_data/label/vidgen_filter_gemini_part_0_dpo_13/FD6qhan3Sls-Scene-0016/entity_80.mp4,T2V_data/label/vidgen_filter_gemini_part_0_dpo_13/FD6qhan3Sls-Scene-0016/entity_80.png
T2V_data/VIDGEN-1M_unzip/FKtDgRpMAz4-Scene-0013.mp4,"The video shows a person's hand holding a fishing rod in the water. The person is fishing and a fish can be seen swimming in the water. The water is murky and greenish in color. The fish appears to be a medium-sized fish with a dark body and a lighter underbelly. The person's hand is steady, and the fishing rod is angled towards the water, indicating that the person is actively fishing.",T2V_data/label/vidgen_filter_gemini_part_0_dpo_13/FKtDgRpMAz4-Scene-0013/depth.mp4,T2V_data/label/vidgen_filter_gemini_part_0_dpo_13/FKtDgRpMAz4-Scene-0013/entity_20.png
T2V_data/VIDGEN-1M_unzip/FKtDgRpMAz4-Scene-0013.mp4,"The video shows a person's hand holding a fishing rod in the water. The person is fishing and a fish can be seen swimming in the water. The water is murky and greenish in color. The fish appears to be a medium-sized fish with a dark body and a lighter underbelly. The person's hand is steady, and the fishing rod is angled towards the water, indicating that the person is actively fishing.",T2V_data/label/vidgen_filter_gemini_part_0_dpo_13/FKtDgRpMAz4-Scene-0013/entity_20.mp4,T2V_data/label/vidgen_filter_gemini_part_0_dpo_13/FKtDgRpMAz4-Scene-0013/entity_20.png
T2V_data/VIDGEN-1M_unzip/FKtDgRpMAz4-Scene-0013.mp4,"The video shows a person's hand holding a fishing rod in the water. The person is fishing and a fish can be seen swimming in the water. The water is murky and greenish in color. The fish appears to be a medium-sized fish with a dark body and a lighter underbelly. The person's hand is steady, and the fishing rod is angled towards the water, indicating that the person is actively fishing.",T2V_data/label/vidgen_filter_gemini_part_0_dpo_13/FKtDgRpMAz4-Scene-0013/depth.mp4,T2V_data/label/vidgen_filter_gemini_part_0_dpo_13/FKtDgRpMAz4-Scene-0013/entity_60.png
T2V_data/VIDGEN-1M_unzip/FKtDgRpMAz4-Scene-0013.mp4,"The video shows a person's hand holding a fishing rod in the water. The person is fishing and a fish can be seen swimming in the water. The water is murky and greenish in color. The fish appears to be a medium-sized fish with a dark body and a lighter underbelly. The person's hand is steady, and the fishing rod is angled towards the water, indicating that the person is actively fishing.",T2V_data/label/vidgen_filter_gemini_part_0_dpo_13/FKtDgRpMAz4-Scene-0013/entity_60.mp4,T2V_data/label/vidgen_filter_gemini_part_0_dpo_13/FKtDgRpMAz4-Scene-0013/entity_60.png
T2V_data/VIDGEN-1M_unzip/FR6xIR4XOac-Scene-0074.mp4,"The video shows a close-up of a person's hands as they slice a tomato into thin pieces. The person is using a large knife to cut the tomato, which is placed on a wooden cutting board. The tomato is red with a green stem, and the person is slicing it into even pieces. The video is shot from a top-down perspective, focusing on the hands, knife, and tomato.",T2V_data/label/vidgen_filter_gemini_part_0_dpo_13/FR6xIR4XOac-Scene-0074/depth.mp4,T2V_data/label/vidgen_filter_gemini_part_0_dpo_13/FR6xIR4XOac-Scene-0074/entity_40.png
T2V_data/VIDGEN-1M_unzip/FR6xIR4XOac-Scene-0074.mp4,"The video shows a close-up of a person's hands as they slice a tomato into thin pieces. The person is using a large knife to cut the tomato, which is placed on a wooden cutting board. The tomato is red with a green stem, and the person is slicing it into even pieces. The video is shot from a top-down perspective, focusing on the hands, knife, and tomato.",T2V_data/label/vidgen_filter_gemini_part_0_dpo_13/FR6xIR4XOac-Scene-0074/entity_40.mp4,T2V_data/label/vidgen_filter_gemini_part_0_dpo_13/FR6xIR4XOac-Scene-0074/entity_40.png
T2V_data/VIDGEN-1M_unzip/FRNXccveYck-Scene-0136.mp4,"In the video, a man is seen riding a scooter in a skate park. He is wearing a gray shirt, khaki shorts, and a blue cap. The man is performing various tricks on the scooter, including jumping and spinning. The skate park has purple walls and there are several people sitting on the walls watching the man. The man appears to be skilled at scooter tricks and is enjoying himself while performing them.",T2V_data/label/vidgen_filter_gemini_part_0_dpo_13/FRNXccveYck-Scene-0136/depth.mp4,T2V_data/label/vidgen_filter_gemini_part_0_dpo_13/FRNXccveYck-Scene-0136/entity_20.png
T2V_data/VIDGEN-1M_unzip/FRNXccveYck-Scene-0136.mp4,"In the video, a man is seen riding a scooter in a skate park. He is wearing a gray shirt, khaki shorts, and a blue cap. The man is performing various tricks on the scooter, including jumping and spinning. The skate park has purple walls and there are several people sitting on the walls watching the man. The man appears to be skilled at scooter tricks and is enjoying himself while performing them.",T2V_data/label/vidgen_filter_gemini_part_0_dpo_13/FRNXccveYck-Scene-0136/entity_20.mp4,T2V_data/label/vidgen_filter_gemini_part_0_dpo_13/FRNXccveYck-Scene-0136/entity_20.png
T2V_data/VIDGEN-1M_unzip/FTZ4Gw08LzM-Scene-0030.mp4,"The video shows a group of people digging in the dirt. They are using shovels and other tools to excavate the ground. The people are wearing casual clothing and appear to be working together to uncover something in the dirt. The video is shot during the daytime, and the location appears to be an outdoor area with trees in the background. The people are focused on their task and seem to be making progress in their digging.",T2V_data/label/vidgen_filter_gemini_part_0_dpo_13/FTZ4Gw08LzM-Scene-0030/depth.mp4,T2V_data/label/vidgen_filter_gemini_part_0_dpo_13/FTZ4Gw08LzM-Scene-0030/entity_20.png
T2V_data/VIDGEN-1M_unzip/FTZ4Gw08LzM-Scene-0030.mp4,"The video shows a group of people digging in the dirt. They are using shovels and other tools to excavate the ground. The people are wearing casual clothing and appear to be working together to uncover something in the dirt. The video is shot during the daytime, and the location appears to be an outdoor area with trees in the background. The people are focused on their task and seem to be making progress in their digging.",T2V_data/label/vidgen_filter_gemini_part_0_dpo_13/FTZ4Gw08LzM-Scene-0030/entity_20.mp4,T2V_data/label/vidgen_filter_gemini_part_0_dpo_13/FTZ4Gw08LzM-Scene-0030/entity_20.png
T2V_data/VIDGEN-1M_unzip/FZGakQjkyKI-Scene-0101.mp4,"The video shows a person using a mop to clean a kitchen floor. The mop has a blue handle and a white mop head with blue edges. The person is wearing a gray shoe and is seen pushing the mop back and forth across the floor. The kitchen floor is made of light-colored tiles, and there is a brown cabinet in the background. The mop is shown picking up small pieces of food from the floor, demonstrating its effectiveness.",T2V_data/label/vidgen_filter_gemini_part_0_dpo_13/FZGakQjkyKI-Scene-0101/depth.mp4,T2V_data/label/vidgen_filter_gemini_part_0_dpo_13/FZGakQjkyKI-Scene-0101/entity_20.png
T2V_data/VIDGEN-1M_unzip/FZGakQjkyKI-Scene-0101.mp4,"The video shows a person using a mop to clean a kitchen floor. The mop has a blue handle and a white mop head with blue edges. The person is wearing a gray shoe and is seen pushing the mop back and forth across the floor. The kitchen floor is made of light-colored tiles, and there is a brown cabinet in the background. The mop is shown picking up small pieces of food from the floor, demonstrating its effectiveness.",T2V_data/label/vidgen_filter_gemini_part_0_dpo_13/FZGakQjkyKI-Scene-0101/entity_20.mp4,T2V_data/label/vidgen_filter_gemini_part_0_dpo_13/FZGakQjkyKI-Scene-0101/entity_20.png
T2V_data/VIDGEN-1M_unzip/FeFAyHFsNak-Scene-0013.mp4,"In the video, we see a person's hand mixing meat in a bowl. The meat appears to be raw and is being coated with a white powdery substance, which could be flour or another type of coating. The person's hand is moving the meat around in the bowl, ensuring that it is evenly coated. The bowl is placed on a marble countertop, and there is a round object, possibly a plate or a lid, next to the bowl. The person's hand is visible, and they are wearing a green shirt. The video is shot in a close-up angle, focusing on the bowl and the hand.",T2V_data/label/vidgen_filter_gemini_part_0_dpo_13/FeFAyHFsNak-Scene-0013/depth.mp4,T2V_data/label/vidgen_filter_gemini_part_0_dpo_13/FeFAyHFsNak-Scene-0013/entity_40.png
T2V_data/VIDGEN-1M_unzip/FeFAyHFsNak-Scene-0013.mp4,"In the video, we see a person's hand mixing meat in a bowl. The meat appears to be raw and is being coated with a white powdery substance, which could be flour or another type of coating. The person's hand is moving the meat around in the bowl, ensuring that it is evenly coated. The bowl is placed on a marble countertop, and there is a round object, possibly a plate or a lid, next to the bowl. The person's hand is visible, and they are wearing a green shirt. The video is shot in a close-up angle, focusing on the bowl and the hand.",T2V_data/label/vidgen_filter_gemini_part_0_dpo_13/FeFAyHFsNak-Scene-0013/entity_40.mp4,T2V_data/label/vidgen_filter_gemini_part_0_dpo_13/FeFAyHFsNak-Scene-0013/entity_40.png
T2V_data/VIDGEN-1M_unzip/Fr_NESD8_AU-Scene-0001.mp4,"The video features a young woman dressed in a white and red ice skating costume. She is seen walking on the ice with a focused expression on her face. As she begins to skate, she performs a series of graceful movements, including spins and jumps. The ice rink is surrounded by blue seats, and there are a few spectators watching her performance. The woman's movements are fluid and precise, demonstrating her skill and training in ice skating.",T2V_data/label/vidgen_filter_gemini_part_0_dpo_13/Fr_NESD8_AU-Scene-0001/depth.mp4,T2V_data/label/vidgen_filter_gemini_part_0_dpo_13/Fr_NESD8_AU-Scene-0001/entity_80.png
T2V_data/VIDGEN-1M_unzip/Fr_NESD8_AU-Scene-0001.mp4,"The video features a young woman dressed in a white and red ice skating costume. She is seen walking on the ice with a focused expression on her face. As she begins to skate, she performs a series of graceful movements, including spins and jumps. The ice rink is surrounded by blue seats, and there are a few spectators watching her performance. The woman's movements are fluid and precise, demonstrating her skill and training in ice skating.",T2V_data/label/vidgen_filter_gemini_part_0_dpo_13/Fr_NESD8_AU-Scene-0001/entity_80.mp4,T2V_data/label/vidgen_filter_gemini_part_0_dpo_13/Fr_NESD8_AU-Scene-0001/entity_80.png
T2V_data/VIDGEN-1M_unzip/GDaJHNIOjGY-Scene-0033.mp4,"In the video, a person is seen mixing a bowl of food with a spoon. The bowl contains a mixture of shredded meat, vegetables, and sauce. The person is using a spoon to mix the ingredients together, ensuring that everything is well combined. The colors of the ingredients are vibrant, with the orange of the carrots, the green of the vegetables, and the brown of the meat creating a visually appealing dish. The person's movements are deliberate and careful, indicating that they are attentive to the mixing process. The video provides a close-up view of the bowl, allowing the viewer to see the texture and consistency of the mixture. Overall, the video showcases the process of mixing a dish, highlighting the importance of combining ingredients thoroughly to achieve the desired flavor and texture.",T2V_data/label/vidgen_filter_gemini_part_0_dpo_13/GDaJHNIOjGY-Scene-0033/depth.mp4,T2V_data/label/vidgen_filter_gemini_part_0_dpo_13/GDaJHNIOjGY-Scene-0033/entity_20.png
T2V_data/VIDGEN-1M_unzip/GDaJHNIOjGY-Scene-0033.mp4,"In the video, a person is seen mixing a bowl of food with a spoon. The bowl contains a mixture of shredded meat, vegetables, and sauce. The person is using a spoon to mix the ingredients together, ensuring that everything is well combined. The colors of the ingredients are vibrant, with the orange of the carrots, the green of the vegetables, and the brown of the meat creating a visually appealing dish. The person's movements are deliberate and careful, indicating that they are attentive to the mixing process. The video provides a close-up view of the bowl, allowing the viewer to see the texture and consistency of the mixture. Overall, the video showcases the process of mixing a dish, highlighting the importance of combining ingredients thoroughly to achieve the desired flavor and texture.",T2V_data/label/vidgen_filter_gemini_part_0_dpo_13/GDaJHNIOjGY-Scene-0033/entity_20.mp4,T2V_data/label/vidgen_filter_gemini_part_0_dpo_13/GDaJHNIOjGY-Scene-0033/entity_20.png
T2V_data/VIDGEN-1M_unzip/GJnrggY9SPA-Scene-0015.mp4,"The video shows a close-up of a yellow batter being poured into a pan. The batter is thick and smooth, and it flows slowly as it is poured. The pan appears to be round and has a dark color, possibly black or dark brown. The background is blurred, but it seems to be a kitchen counter. There are no other objects or people visible in the video.",T2V_data/label/vidgen_filter_gemini_part_0_dpo_13/GJnrggY9SPA-Scene-0015/depth.mp4,T2V_data/label/vidgen_filter_gemini_part_0_dpo_13/GJnrggY9SPA-Scene-0015/entity_20.png
T2V_data/VIDGEN-1M_unzip/GJnrggY9SPA-Scene-0015.mp4,"The video shows a close-up of a yellow batter being poured into a pan. The batter is thick and smooth, and it flows slowly as it is poured. The pan appears to be round and has a dark color, possibly black or dark brown. The background is blurred, but it seems to be a kitchen counter. There are no other objects or people visible in the video.",T2V_data/label/vidgen_filter_gemini_part_0_dpo_13/GJnrggY9SPA-Scene-0015/entity_20.mp4,T2V_data/label/vidgen_filter_gemini_part_0_dpo_13/GJnrggY9SPA-Scene-0015/entity_20.png
T2V_data/VIDGEN-1M_unzip/GfA4YieW3vc-Scene-0011.mp4,The video shows a person cutting a cucumber into small pieces on a wooden cutting board. The person uses a knife to chop the cucumber into small squares. The cucumber is green and the cutting board is brown. The person's hands are visible as they hold the cucumber and knife.,T2V_data/label/vidgen_filter_gemini_part_0_dpo_13/GfA4YieW3vc-Scene-0011/depth.mp4,T2V_data/label/vidgen_filter_gemini_part_0_dpo_13/GfA4YieW3vc-Scene-0011/entity_20.png
T2V_data/VIDGEN-1M_unzip/GfA4YieW3vc-Scene-0011.mp4,The video shows a person cutting a cucumber into small pieces on a wooden cutting board. The person uses a knife to chop the cucumber into small squares. The cucumber is green and the cutting board is brown. The person's hands are visible as they hold the cucumber and knife.,T2V_data/label/vidgen_filter_gemini_part_0_dpo_13/GfA4YieW3vc-Scene-0011/entity_20.mp4,T2V_data/label/vidgen_filter_gemini_part_0_dpo_13/GfA4YieW3vc-Scene-0011/entity_20.png
T2V_data/VIDGEN-1M_unzip/GfA4YieW3vc-Scene-0011.mp4,The video shows a person cutting a cucumber into small pieces on a wooden cutting board. The person uses a knife to chop the cucumber into small squares. The cucumber is green and the cutting board is brown. The person's hands are visible as they hold the cucumber and knife.,T2V_data/label/vidgen_filter_gemini_part_0_dpo_13/GfA4YieW3vc-Scene-0011/depth.mp4,T2V_data/label/vidgen_filter_gemini_part_0_dpo_13/GfA4YieW3vc-Scene-0011/entity_60.png
T2V_data/VIDGEN-1M_unzip/GfA4YieW3vc-Scene-0011.mp4,The video shows a person cutting a cucumber into small pieces on a wooden cutting board. The person uses a knife to chop the cucumber into small squares. The cucumber is green and the cutting board is brown. The person's hands are visible as they hold the cucumber and knife.,T2V_data/label/vidgen_filter_gemini_part_0_dpo_13/GfA4YieW3vc-Scene-0011/entity_60.mp4,T2V_data/label/vidgen_filter_gemini_part_0_dpo_13/GfA4YieW3vc-Scene-0011/entity_60.png
T2V_data/VIDGEN-1M_unzip/H1wJlySEgHg-Scene-0070.mp4,"In the video, a man is seen working on a metal object. He is using a welding tool to join two pieces of metal together. The man is wearing a blue shirt and has a welding helmet on his head. He is focused on his work, carefully aligning the pieces of metal before welding them together. The metal object appears to be a part of a larger machine or structure. The man's movements are precise and deliberate, indicating his experience and skill in welding. The sound of the welding tool can be heard in the background, adding to the overall atmosphere of the video.",T2V_data/label/vidgen_filter_gemini_part_0_dpo_13/H1wJlySEgHg-Scene-0070/depth.mp4,T2V_data/label/vidgen_filter_gemini_part_0_dpo_13/H1wJlySEgHg-Scene-0070/entity_80.png
T2V_data/VIDGEN-1M_unzip/H1wJlySEgHg-Scene-0070.mp4,"In the video, a man is seen working on a metal object. He is using a welding tool to join two pieces of metal together. The man is wearing a blue shirt and has a welding helmet on his head. He is focused on his work, carefully aligning the pieces of metal before welding them together. The metal object appears to be a part of a larger machine or structure. The man's movements are precise and deliberate, indicating his experience and skill in welding. The sound of the welding tool can be heard in the background, adding to the overall atmosphere of the video.",T2V_data/label/vidgen_filter_gemini_part_0_dpo_13/H1wJlySEgHg-Scene-0070/entity_80.mp4,T2V_data/label/vidgen_filter_gemini_part_0_dpo_13/H1wJlySEgHg-Scene-0070/entity_80.png
T2V_data/VIDGEN-1M_unzip/HDq-W3rYTTw-Scene-0009.mp4,The video shows a person snowboarding down a snowy hill. The person is wearing a yellow jacket and black pants. They are riding a red snowboard and are seen making turns and carving through the snow. The background consists of snow-covered trees and a clear blue sky. The person appears to be experienced and is confidently navigating the slope.,T2V_data/label/vidgen_filter_gemini_part_0_dpo_13/HDq-W3rYTTw-Scene-0009/depth.mp4,T2V_data/label/vidgen_filter_gemini_part_0_dpo_13/HDq-W3rYTTw-Scene-0009/entity_20.png
T2V_data/VIDGEN-1M_unzip/HDq-W3rYTTw-Scene-0009.mp4,The video shows a person snowboarding down a snowy hill. The person is wearing a yellow jacket and black pants. They are riding a red snowboard and are seen making turns and carving through the snow. The background consists of snow-covered trees and a clear blue sky. The person appears to be experienced and is confidently navigating the slope.,T2V_data/label/vidgen_filter_gemini_part_0_dpo_13/HDq-W3rYTTw-Scene-0009/entity_20.mp4,T2V_data/label/vidgen_filter_gemini_part_0_dpo_13/HDq-W3rYTTw-Scene-0009/entity_20.png
T2V_data/VIDGEN-1M_unzip/HK-yN3Wpjys-Scene-0029.mp4,"In the video, there are two basketball players on a court. One player is wearing a blue jersey and the other is wearing a white jersey. The player in the blue jersey is holding the ball and dribbling it while the player in the white jersey is trying to block him. The player in the blue jersey then jumps up and shoots the ball into the hoop. The crowd in the background is cheering.",T2V_data/label/vidgen_filter_gemini_part_0_dpo_13/HK-yN3Wpjys-Scene-0029/depth.mp4,T2V_data/label/vidgen_filter_gemini_part_0_dpo_13/HK-yN3Wpjys-Scene-0029/entity_20.png
T2V_data/VIDGEN-1M_unzip/HK-yN3Wpjys-Scene-0029.mp4,"In the video, there are two basketball players on a court. One player is wearing a blue jersey and the other is wearing a white jersey. The player in the blue jersey is holding the ball and dribbling it while the player in the white jersey is trying to block him. The player in the blue jersey then jumps up and shoots the ball into the hoop. The crowd in the background is cheering.",T2V_data/label/vidgen_filter_gemini_part_0_dpo_13/HK-yN3Wpjys-Scene-0029/entity_20.mp4,T2V_data/label/vidgen_filter_gemini_part_0_dpo_13/HK-yN3Wpjys-Scene-0029/entity_20.png
T2V_data/VIDGEN-1M_unzip/HMCFG_eBVJQ-Scene-0079.mp4,"The video shows a person's hand using a rolling pin to flatten a piece of dough on a granite countertop. The dough is yellow and appears to be soft and pliable. The rolling pin is wooden and is being rolled back and forth over the dough to evenly flatten it. The person's hand is visible, and they are wearing a ring on their finger.",T2V_data/label/vidgen_filter_gemini_part_0_dpo_13/HMCFG_eBVJQ-Scene-0079/depth.mp4,T2V_data/label/vidgen_filter_gemini_part_0_dpo_13/HMCFG_eBVJQ-Scene-0079/entity_20.png
T2V_data/VIDGEN-1M_unzip/HMCFG_eBVJQ-Scene-0079.mp4,"The video shows a person's hand using a rolling pin to flatten a piece of dough on a granite countertop. The dough is yellow and appears to be soft and pliable. The rolling pin is wooden and is being rolled back and forth over the dough to evenly flatten it. The person's hand is visible, and they are wearing a ring on their finger.",T2V_data/label/vidgen_filter_gemini_part_0_dpo_13/HMCFG_eBVJQ-Scene-0079/entity_20.mp4,T2V_data/label/vidgen_filter_gemini_part_0_dpo_13/HMCFG_eBVJQ-Scene-0079/entity_20.png
T2V_data/VIDGEN-1M_unzip/HR74Xe81qCg-Scene-0011.mp4,The video shows a blue and white helicopter with red and white stripes flying over a body of water. The helicopter has a large rotor on top and a smaller one on the tail. The background is a cloudy sky and the water appears calm.,T2V_data/label/vidgen_filter_gemini_part_0_dpo_13/HR74Xe81qCg-Scene-0011/depth.mp4,T2V_data/label/vidgen_filter_gemini_part_0_dpo_13/HR74Xe81qCg-Scene-0011/entity_20.png
T2V_data/VIDGEN-1M_unzip/HR74Xe81qCg-Scene-0011.mp4,The video shows a blue and white helicopter with red and white stripes flying over a body of water. The helicopter has a large rotor on top and a smaller one on the tail. The background is a cloudy sky and the water appears calm.,T2V_data/label/vidgen_filter_gemini_part_0_dpo_13/HR74Xe81qCg-Scene-0011/entity_20.mp4,T2V_data/label/vidgen_filter_gemini_part_0_dpo_13/HR74Xe81qCg-Scene-0011/entity_20.png
T2V_data/VIDGEN-1M_unzip/HVFAnnyOHgs-Scene-0134.mp4,"The video begins with a close-up shot of a clear glass pitcher filled with a blue liquid. A person's hand is holding a white bottle with a blue liquid inside, and they are pouring the liquid into the pitcher. The liquid from the bottle is poured in such a way that it creates a swirling effect in the pitcher. The person then uses a white spoon to stir the liquid in the pitcher, causing the blue liquid to mix and create a marbled effect. The person continues to stir the liquid, and the camera captures the swirling motion of the blue liquid in the pitcher.",T2V_data/label/vidgen_filter_gemini_part_0_dpo_13/HVFAnnyOHgs-Scene-0134/depth.mp4,T2V_data/label/vidgen_filter_gemini_part_0_dpo_13/HVFAnnyOHgs-Scene-0134/entity_60.png
T2V_data/VIDGEN-1M_unzip/HVFAnnyOHgs-Scene-0134.mp4,"The video begins with a close-up shot of a clear glass pitcher filled with a blue liquid. A person's hand is holding a white bottle with a blue liquid inside, and they are pouring the liquid into the pitcher. The liquid from the bottle is poured in such a way that it creates a swirling effect in the pitcher. The person then uses a white spoon to stir the liquid in the pitcher, causing the blue liquid to mix and create a marbled effect. The person continues to stir the liquid, and the camera captures the swirling motion of the blue liquid in the pitcher.",T2V_data/label/vidgen_filter_gemini_part_0_dpo_13/HVFAnnyOHgs-Scene-0134/entity_60.mp4,T2V_data/label/vidgen_filter_gemini_part_0_dpo_13/HVFAnnyOHgs-Scene-0134/entity_60.png
T2V_data/VIDGEN-1M_unzip/HmTYPY3kblg-Scene-0074.mp4,"In the video, a person is using a power drill to make holes in a piece of wood. The wood is light brown and appears to be a piece of plywood. The person is wearing a black shirt and is standing in front of a black surface. The power drill is silver and black and is being held with both hands. The person is making several holes in the wood, and wood shavings are visible around the holes. The video is shot from a top-down perspective, and the person's face is not visible.",T2V_data/label/vidgen_filter_gemini_part_0_dpo_13/HmTYPY3kblg-Scene-0074/depth.mp4,T2V_data/label/vidgen_filter_gemini_part_0_dpo_13/HmTYPY3kblg-Scene-0074/entity_60.png
T2V_data/VIDGEN-1M_unzip/HmTYPY3kblg-Scene-0074.mp4,"In the video, a person is using a power drill to make holes in a piece of wood. The wood is light brown and appears to be a piece of plywood. The person is wearing a black shirt and is standing in front of a black surface. The power drill is silver and black and is being held with both hands. The person is making several holes in the wood, and wood shavings are visible around the holes. The video is shot from a top-down perspective, and the person's face is not visible.",T2V_data/label/vidgen_filter_gemini_part_0_dpo_13/HmTYPY3kblg-Scene-0074/entity_60.mp4,T2V_data/label/vidgen_filter_gemini_part_0_dpo_13/HmTYPY3kblg-Scene-0074/entity_60.png
T2V_data/VIDGEN-1M_unzip/Hnl9AcpwUEY-Scene-0119.mp4,"The video shows a young man skateboarding down a path. He is wearing a white t-shirt with a red logo on it and black pants. The path is surrounded by greenery, and there is a small wooden bridge in the middle of the path. The skateboarder approaches the bridge, jumps onto it, and lands successfully on the other side. The video captures the skateboarder's movements in slow motion, highlighting the skill and precision required to perform such a trick.",T2V_data/label/vidgen_filter_gemini_part_0_dpo_13/Hnl9AcpwUEY-Scene-0119/depth.mp4,T2V_data/label/vidgen_filter_gemini_part_0_dpo_13/Hnl9AcpwUEY-Scene-0119/entity_20.png
T2V_data/VIDGEN-1M_unzip/Hnl9AcpwUEY-Scene-0119.mp4,"The video shows a young man skateboarding down a path. He is wearing a white t-shirt with a red logo on it and black pants. The path is surrounded by greenery, and there is a small wooden bridge in the middle of the path. The skateboarder approaches the bridge, jumps onto it, and lands successfully on the other side. The video captures the skateboarder's movements in slow motion, highlighting the skill and precision required to perform such a trick.",T2V_data/label/vidgen_filter_gemini_part_0_dpo_13/Hnl9AcpwUEY-Scene-0119/entity_20.mp4,T2V_data/label/vidgen_filter_gemini_part_0_dpo_13/Hnl9AcpwUEY-Scene-0119/entity_20.png
T2V_data/VIDGEN-1M_unzip/HqmwTC-BzW0-Scene-0004.mp4,"The video shows a close-up of a lock with a key inserted into it. The key is being turned by a person's hand, which is visible in the frame. The lock is mounted on a green metal device, and there is a green keychain attached to the key. The key is turned several times, and the lock appears to be unlocked.",T2V_data/label/vidgen_filter_gemini_part_0_dpo_13/HqmwTC-BzW0-Scene-0004/depth.mp4,T2V_data/label/vidgen_filter_gemini_part_0_dpo_13/HqmwTC-BzW0-Scene-0004/entity_20.png
T2V_data/VIDGEN-1M_unzip/HqmwTC-BzW0-Scene-0004.mp4,"The video shows a close-up of a lock with a key inserted into it. The key is being turned by a person's hand, which is visible in the frame. The lock is mounted on a green metal device, and there is a green keychain attached to the key. The key is turned several times, and the lock appears to be unlocked.",T2V_data/label/vidgen_filter_gemini_part_0_dpo_13/HqmwTC-BzW0-Scene-0004/entity_20.mp4,T2V_data/label/vidgen_filter_gemini_part_0_dpo_13/HqmwTC-BzW0-Scene-0004/entity_20.png
T2V_data/VIDGEN-1M_unzip/I5O_oXjz4Kc-Scene-0065.mp4,"In the video, a person is seen holding a small wooden cart with a hamster inside. The person then pushes the cart around, and the hamster moves around inside the cart. The person's hand is visible, and they are wearing a black shirt. The cart appears to be made of light-colored wood and has a small opening on the side. The hamster is brown and white and seems to be comfortable inside the cart. The background is blurry, but it appears to be an indoor setting.",T2V_data/label/vidgen_filter_gemini_part_0_dpo_13/I5O_oXjz4Kc-Scene-0065/depth.mp4,T2V_data/label/vidgen_filter_gemini_part_0_dpo_13/I5O_oXjz4Kc-Scene-0065/entity_40.png
T2V_data/VIDGEN-1M_unzip/I5O_oXjz4Kc-Scene-0065.mp4,"In the video, a person is seen holding a small wooden cart with a hamster inside. The person then pushes the cart around, and the hamster moves around inside the cart. The person's hand is visible, and they are wearing a black shirt. The cart appears to be made of light-colored wood and has a small opening on the side. The hamster is brown and white and seems to be comfortable inside the cart. The background is blurry, but it appears to be an indoor setting.",T2V_data/label/vidgen_filter_gemini_part_0_dpo_13/I5O_oXjz4Kc-Scene-0065/entity_40.mp4,T2V_data/label/vidgen_filter_gemini_part_0_dpo_13/I5O_oXjz4Kc-Scene-0065/entity_40.png
T2V_data/VIDGEN-1M_unzip/IXk3yafkKJE-Scene-0007.mp4,"The video shows a robotic arm with a marker attached to its end, drawing on a whiteboard. The arm moves smoothly and precisely as it creates a detailed and intricate drawing. The marker leaves a bold, black line on the whiteboard, and the robotic arm continues to add more details to the drawing. The video captures the process of the robotic arm creating the drawing from start to finish.",T2V_data/label/vidgen_filter_gemini_part_0_dpo_13/IXk3yafkKJE-Scene-0007/depth.mp4,T2V_data/label/vidgen_filter_gemini_part_0_dpo_13/IXk3yafkKJE-Scene-0007/entity_40.png
T2V_data/VIDGEN-1M_unzip/IXk3yafkKJE-Scene-0007.mp4,"The video shows a robotic arm with a marker attached to its end, drawing on a whiteboard. The arm moves smoothly and precisely as it creates a detailed and intricate drawing. The marker leaves a bold, black line on the whiteboard, and the robotic arm continues to add more details to the drawing. The video captures the process of the robotic arm creating the drawing from start to finish.",T2V_data/label/vidgen_filter_gemini_part_0_dpo_13/IXk3yafkKJE-Scene-0007/entity_40.mp4,T2V_data/label/vidgen_filter_gemini_part_0_dpo_13/IXk3yafkKJE-Scene-0007/entity_40.png
T2V_data/VIDGEN-1M_unzip/IgmnUbcPN7s-Scene-0131.mp4,"In the video, a man is seen climbing up a ladder to reach the top of a building. The ladder is silver and has red and yellow stripes on the sides. The man is wearing a black shirt and black pants. He climbs up the ladder slowly and carefully, making sure to place each foot firmly on the rungs. Once he reaches the top, he looks around, taking in the view. The building appears to be a commercial structure with a flat roof. The sky is clear and blue, indicating that it is a sunny day.",T2V_data/label/vidgen_filter_gemini_part_0_dpo_13/IgmnUbcPN7s-Scene-0131/depth.mp4,T2V_data/label/vidgen_filter_gemini_part_0_dpo_13/IgmnUbcPN7s-Scene-0131/entity_40.png
T2V_data/VIDGEN-1M_unzip/IgmnUbcPN7s-Scene-0131.mp4,"In the video, a man is seen climbing up a ladder to reach the top of a building. The ladder is silver and has red and yellow stripes on the sides. The man is wearing a black shirt and black pants. He climbs up the ladder slowly and carefully, making sure to place each foot firmly on the rungs. Once he reaches the top, he looks around, taking in the view. The building appears to be a commercial structure with a flat roof. The sky is clear and blue, indicating that it is a sunny day.",T2V_data/label/vidgen_filter_gemini_part_0_dpo_13/IgmnUbcPN7s-Scene-0131/entity_40.mp4,T2V_data/label/vidgen_filter_gemini_part_0_dpo_13/IgmnUbcPN7s-Scene-0131/entity_40.png
T2V_data/VIDGEN-1M_unzip/InFESLw7mhw-Scene-0009.mp4,"The video shows a close-up of a skateboard with a red top and black bottom. The wheels of the skateboard are yellow. The skateboard is spinning on its wheels. The background is blurred, but it appears to be a concrete surface. The video is shot in a way that the skateboard is the main focus.",T2V_data/label/vidgen_filter_gemini_part_0_dpo_13/InFESLw7mhw-Scene-0009/depth.mp4,T2V_data/label/vidgen_filter_gemini_part_0_dpo_13/InFESLw7mhw-Scene-0009/entity_20.png
T2V_data/VIDGEN-1M_unzip/InFESLw7mhw-Scene-0009.mp4,"The video shows a close-up of a skateboard with a red top and black bottom. The wheels of the skateboard are yellow. The skateboard is spinning on its wheels. The background is blurred, but it appears to be a concrete surface. The video is shot in a way that the skateboard is the main focus.",T2V_data/label/vidgen_filter_gemini_part_0_dpo_13/InFESLw7mhw-Scene-0009/entity_20.mp4,T2V_data/label/vidgen_filter_gemini_part_0_dpo_13/InFESLw7mhw-Scene-0009/entity_20.png
T2V_data/VIDGEN-1M_unzip/IthM2ipgnHA-Scene-0033.mp4,"The video shows a person using a drill to create holes in a piece of wood. The drill is blue and black in color, and the person is wearing a black shirt. The wood is light brown and appears to be a plank. The person is drilling into the wood, and there are already several holes in the wood. The video is shot in a well-lit area, and the person is working on a wooden surface.",T2V_data/label/vidgen_filter_gemini_part_0_dpo_13/IthM2ipgnHA-Scene-0033/depth.mp4,T2V_data/label/vidgen_filter_gemini_part_0_dpo_13/IthM2ipgnHA-Scene-0033/entity_20.png
T2V_data/VIDGEN-1M_unzip/IthM2ipgnHA-Scene-0033.mp4,"The video shows a person using a drill to create holes in a piece of wood. The drill is blue and black in color, and the person is wearing a black shirt. The wood is light brown and appears to be a plank. The person is drilling into the wood, and there are already several holes in the wood. The video is shot in a well-lit area, and the person is working on a wooden surface.",T2V_data/label/vidgen_filter_gemini_part_0_dpo_13/IthM2ipgnHA-Scene-0033/entity_20.mp4,T2V_data/label/vidgen_filter_gemini_part_0_dpo_13/IthM2ipgnHA-Scene-0033/entity_20.png
T2V_data/VIDGEN-1M_unzip/JU4eyQ7BDqw-Scene-0008.mp4,"The video shows a machine carving a design into a piece of wood. The machine has a metal arm with a bit that moves up and down to carve the design. The wood is light brown and has a rough texture. The machine is silver and has a black bit. The design being carved is not clear, but it appears to be a simple shape. The background is blurred, but it looks like a workshop with other machines and tools.",T2V_data/label/vidgen_filter_gemini_part_0_dpo_13/JU4eyQ7BDqw-Scene-0008/depth.mp4,T2V_data/label/vidgen_filter_gemini_part_0_dpo_13/JU4eyQ7BDqw-Scene-0008/entity_60.png
T2V_data/VIDGEN-1M_unzip/JU4eyQ7BDqw-Scene-0008.mp4,"The video shows a machine carving a design into a piece of wood. The machine has a metal arm with a bit that moves up and down to carve the design. The wood is light brown and has a rough texture. The machine is silver and has a black bit. The design being carved is not clear, but it appears to be a simple shape. The background is blurred, but it looks like a workshop with other machines and tools.",T2V_data/label/vidgen_filter_gemini_part_0_dpo_13/JU4eyQ7BDqw-Scene-0008/entity_60.mp4,T2V_data/label/vidgen_filter_gemini_part_0_dpo_13/JU4eyQ7BDqw-Scene-0008/entity_60.png
T2V_data/VIDGEN-1M_unzip/JVFQSBpJA2U-Scene-0128.mp4,"The video shows a man running down a track and then jumping into a sand pit. The man is wearing a red and white uniform and is the only person visible in the video. The track is surrounded by a crowd of spectators and there are several officials present. The man's jump is shown from different angles, highlighting his form and technique. The video is captioned with ""1991 Tokyo Long Jump"" indicating the event and location.",T2V_data/label/vidgen_filter_gemini_part_0_dpo_13/JVFQSBpJA2U-Scene-0128/depth.mp4,T2V_data/label/vidgen_filter_gemini_part_0_dpo_13/JVFQSBpJA2U-Scene-0128/entity_20.png
T2V_data/VIDGEN-1M_unzip/JVFQSBpJA2U-Scene-0128.mp4,"The video shows a man running down a track and then jumping into a sand pit. The man is wearing a red and white uniform and is the only person visible in the video. The track is surrounded by a crowd of spectators and there are several officials present. The man's jump is shown from different angles, highlighting his form and technique. The video is captioned with ""1991 Tokyo Long Jump"" indicating the event and location.",T2V_data/label/vidgen_filter_gemini_part_0_dpo_13/JVFQSBpJA2U-Scene-0128/entity_20.mp4,T2V_data/label/vidgen_filter_gemini_part_0_dpo_13/JVFQSBpJA2U-Scene-0128/entity_20.png
T2V_data/VIDGEN-1M_unzip/Jjadfc12LNQ-Scene-0032.mp4,"The video shows a man shooting a shotgun at a target. The man is wearing a white shirt and a black cap. He is standing in front of a dirt wall with a white target in front of him. The shotgun is black and has a long barrel. The man is holding the shotgun with both hands and aiming at the target. He fires the shotgun and the target is hit. The video is shot from a side angle, showing the man's profile as he shoots.",T2V_data/label/vidgen_filter_gemini_part_0_dpo_13/Jjadfc12LNQ-Scene-0032/depth.mp4,T2V_data/label/vidgen_filter_gemini_part_0_dpo_13/Jjadfc12LNQ-Scene-0032/entity_40.png
T2V_data/VIDGEN-1M_unzip/Jjadfc12LNQ-Scene-0032.mp4,"The video shows a man shooting a shotgun at a target. The man is wearing a white shirt and a black cap. He is standing in front of a dirt wall with a white target in front of him. The shotgun is black and has a long barrel. The man is holding the shotgun with both hands and aiming at the target. He fires the shotgun and the target is hit. The video is shot from a side angle, showing the man's profile as he shoots.",T2V_data/label/vidgen_filter_gemini_part_0_dpo_13/Jjadfc12LNQ-Scene-0032/entity_40.mp4,T2V_data/label/vidgen_filter_gemini_part_0_dpo_13/Jjadfc12LNQ-Scene-0032/entity_40.png
T2V_data/VIDGEN-1M_unzip/Jr-yvcry870-Scene-0071.mp4,"The video shows a football game being played on a field with a green turf and white lines marking the yardage. The players are wearing helmets and uniforms, with one team in white and the other in gold. The gameplay shows the quarterback throwing the ball to a receiver who catches it and runs into the end zone for a touchdown. The scoreboard is visible in the top right corner, showing the teams' scores and the game clock.",T2V_data/label/vidgen_filter_gemini_part_0_dpo_13/Jr-yvcry870-Scene-0071/depth.mp4,T2V_data/label/vidgen_filter_gemini_part_0_dpo_13/Jr-yvcry870-Scene-0071/entity_60.png
T2V_data/VIDGEN-1M_unzip/Jr-yvcry870-Scene-0071.mp4,"The video shows a football game being played on a field with a green turf and white lines marking the yardage. The players are wearing helmets and uniforms, with one team in white and the other in gold. The gameplay shows the quarterback throwing the ball to a receiver who catches it and runs into the end zone for a touchdown. The scoreboard is visible in the top right corner, showing the teams' scores and the game clock.",T2V_data/label/vidgen_filter_gemini_part_0_dpo_13/Jr-yvcry870-Scene-0071/entity_60.mp4,T2V_data/label/vidgen_filter_gemini_part_0_dpo_13/Jr-yvcry870-Scene-0071/entity_60.png
T2V_data/VIDGEN-1M_unzip/KG4SxKoPOUI-Scene-0061.mp4,"The video shows a person's hands tying a knot with a green rope. The person is using a metal ring to hold the rope in place while they tie the knot. The background is a black and white striped fabric. The person's hands are visible, and they are wearing a ring on their left hand. The knot appears to be a square knot.",T2V_data/label/vidgen_filter_gemini_part_0_dpo_13/KG4SxKoPOUI-Scene-0061/depth.mp4,T2V_data/label/vidgen_filter_gemini_part_0_dpo_13/KG4SxKoPOUI-Scene-0061/entity_40.png
T2V_data/VIDGEN-1M_unzip/KG4SxKoPOUI-Scene-0061.mp4,"The video shows a person's hands tying a knot with a green rope. The person is using a metal ring to hold the rope in place while they tie the knot. The background is a black and white striped fabric. The person's hands are visible, and they are wearing a ring on their left hand. The knot appears to be a square knot.",T2V_data/label/vidgen_filter_gemini_part_0_dpo_13/KG4SxKoPOUI-Scene-0061/entity_40.mp4,T2V_data/label/vidgen_filter_gemini_part_0_dpo_13/KG4SxKoPOUI-Scene-0061/entity_40.png
T2V_data/VIDGEN-1M_unzip/KIvOU87-5Pw-Scene-0066.mp4,"The video shows a close-up of a spider crawling on a log. The spider has a shiny black body and long legs. It moves slowly and deliberately, exploring the surface of the log. The log is covered in moss and has a rough texture. The background is blurred, but it appears to be a forest or wooded area. The spider's movements are smooth and precise, and it seems to be searching for something.",T2V_data/label/vidgen_filter_gemini_part_0_dpo_13/KIvOU87-5Pw-Scene-0066/depth.mp4,T2V_data/label/vidgen_filter_gemini_part_0_dpo_13/KIvOU87-5Pw-Scene-0066/entity_20.png
T2V_data/VIDGEN-1M_unzip/KIvOU87-5Pw-Scene-0066.mp4,"The video shows a close-up of a spider crawling on a log. The spider has a shiny black body and long legs. It moves slowly and deliberately, exploring the surface of the log. The log is covered in moss and has a rough texture. The background is blurred, but it appears to be a forest or wooded area. The spider's movements are smooth and precise, and it seems to be searching for something.",T2V_data/label/vidgen_filter_gemini_part_0_dpo_13/KIvOU87-5Pw-Scene-0066/entity_20.mp4,T2V_data/label/vidgen_filter_gemini_part_0_dpo_13/KIvOU87-5Pw-Scene-0066/entity_20.png
T2V_data/VIDGEN-1M_unzip/Kqd7Z67Kdrs-Scene-0048.mp4,"The video shows a wrestling match between two men in a ring. One man is wearing black shorts and boots, while the other is wearing orange shorts and boots. The man in black is standing over the man in orange, who is lying on the ground. The man in black then picks up the man in orange and slams him down onto the mat. The referee is standing by, watching the action. The crowd in the background is cheering and clapping.",T2V_data/label/vidgen_filter_gemini_part_0_dpo_13/Kqd7Z67Kdrs-Scene-0048/depth.mp4,T2V_data/label/vidgen_filter_gemini_part_0_dpo_13/Kqd7Z67Kdrs-Scene-0048/entity_20.png
T2V_data/VIDGEN-1M_unzip/Kqd7Z67Kdrs-Scene-0048.mp4,"The video shows a wrestling match between two men in a ring. One man is wearing black shorts and boots, while the other is wearing orange shorts and boots. The man in black is standing over the man in orange, who is lying on the ground. The man in black then picks up the man in orange and slams him down onto the mat. The referee is standing by, watching the action. The crowd in the background is cheering and clapping.",T2V_data/label/vidgen_filter_gemini_part_0_dpo_13/Kqd7Z67Kdrs-Scene-0048/entity_20.mp4,T2V_data/label/vidgen_filter_gemini_part_0_dpo_13/Kqd7Z67Kdrs-Scene-0048/entity_20.png
T2V_data/VIDGEN-1M_unzip/Kqd7Z67Kdrs-Scene-0048.mp4,"The video shows a wrestling match between two men in a ring. One man is wearing black shorts and boots, while the other is wearing orange shorts and boots. The man in black is standing over the man in orange, who is lying on the ground. The man in black then picks up the man in orange and slams him down onto the mat. The referee is standing by, watching the action. The crowd in the background is cheering and clapping.",T2V_data/label/vidgen_filter_gemini_part_0_dpo_13/Kqd7Z67Kdrs-Scene-0048/depth.mp4,T2V_data/label/vidgen_filter_gemini_part_0_dpo_13/Kqd7Z67Kdrs-Scene-0048/entity_40.png
T2V_data/VIDGEN-1M_unzip/Kqd7Z67Kdrs-Scene-0048.mp4,"The video shows a wrestling match between two men in a ring. One man is wearing black shorts and boots, while the other is wearing orange shorts and boots. The man in black is standing over the man in orange, who is lying on the ground. The man in black then picks up the man in orange and slams him down onto the mat. The referee is standing by, watching the action. The crowd in the background is cheering and clapping.",T2V_data/label/vidgen_filter_gemini_part_0_dpo_13/Kqd7Z67Kdrs-Scene-0048/entity_40.mp4,T2V_data/label/vidgen_filter_gemini_part_0_dpo_13/Kqd7Z67Kdrs-Scene-0048/entity_40.png
T2V_data/VIDGEN-1M_unzip/KuQKHtZsh3U-Scene-0053.mp4,"The video shows a large military aircraft, possibly a cargo plane, taking off from a runway. The plane is dark in color, and there is a lot of smoke coming from the back of it as it gains speed. The runway appears to be wet, and there are yellow signs visible on the ground. The plane eventually lifts off the ground and ascends into the sky.",T2V_data/label/vidgen_filter_gemini_part_0_dpo_13/KuQKHtZsh3U-Scene-0053/depth.mp4,T2V_data/label/vidgen_filter_gemini_part_0_dpo_13/KuQKHtZsh3U-Scene-0053/entity_20.png
T2V_data/VIDGEN-1M_unzip/KuQKHtZsh3U-Scene-0053.mp4,"The video shows a large military aircraft, possibly a cargo plane, taking off from a runway. The plane is dark in color, and there is a lot of smoke coming from the back of it as it gains speed. The runway appears to be wet, and there are yellow signs visible on the ground. The plane eventually lifts off the ground and ascends into the sky.",T2V_data/label/vidgen_filter_gemini_part_0_dpo_13/KuQKHtZsh3U-Scene-0053/entity_20.mp4,T2V_data/label/vidgen_filter_gemini_part_0_dpo_13/KuQKHtZsh3U-Scene-0053/entity_20.png
T2V_data/VIDGEN-1M_unzip/KvMPg_dQ-Aw-Scene-0009.mp4,"In the video, a monkey is seen sitting on a table and playing with a blue slime. The monkey appears to be fascinated by the slime and is continuously playing with it. The monkey's fur is brown and black, and it has a curious expression on its face. The slime is a bright blue color and seems to be stretchy and gooey. The table is brown and appears to be made of wood. The background is not visible, but it seems to be an indoor setting.",T2V_data/label/vidgen_filter_gemini_part_0_dpo_13/KvMPg_dQ-Aw-Scene-0009/depth.mp4,T2V_data/label/vidgen_filter_gemini_part_0_dpo_13/KvMPg_dQ-Aw-Scene-0009/entity_20.png
T2V_data/VIDGEN-1M_unzip/KvMPg_dQ-Aw-Scene-0009.mp4,"In the video, a monkey is seen sitting on a table and playing with a blue slime. The monkey appears to be fascinated by the slime and is continuously playing with it. The monkey's fur is brown and black, and it has a curious expression on its face. The slime is a bright blue color and seems to be stretchy and gooey. The table is brown and appears to be made of wood. The background is not visible, but it seems to be an indoor setting.",T2V_data/label/vidgen_filter_gemini_part_0_dpo_13/KvMPg_dQ-Aw-Scene-0009/entity_20.mp4,T2V_data/label/vidgen_filter_gemini_part_0_dpo_13/KvMPg_dQ-Aw-Scene-0009/entity_20.png
T2V_data/VIDGEN-1M_unzip/L8oht5ZNwFM-Scene-0022.mp4,"In the video, two men are engaged in a mixed martial arts fight in a ring. One man is wearing black shorts with red trim and the other is wearing black shorts with white trim. The man in black shorts with red trim is holding the other man in a headlock and is attempting to take him down to the ground. The man in black shorts with white trim is trying to escape the headlock and is pushing against the other man's head. The ring is surrounded by a cage, and there is a crowd of spectators watching the fight. The video is shot from a side angle, and the camera is focused on the two men.",T2V_data/label/vidgen_filter_gemini_part_0_dpo_13/L8oht5ZNwFM-Scene-0022/depth.mp4,T2V_data/label/vidgen_filter_gemini_part_0_dpo_13/L8oht5ZNwFM-Scene-0022/entity_40.png
T2V_data/VIDGEN-1M_unzip/L8oht5ZNwFM-Scene-0022.mp4,"In the video, two men are engaged in a mixed martial arts fight in a ring. One man is wearing black shorts with red trim and the other is wearing black shorts with white trim. The man in black shorts with red trim is holding the other man in a headlock and is attempting to take him down to the ground. The man in black shorts with white trim is trying to escape the headlock and is pushing against the other man's head. The ring is surrounded by a cage, and there is a crowd of spectators watching the fight. The video is shot from a side angle, and the camera is focused on the two men.",T2V_data/label/vidgen_filter_gemini_part_0_dpo_13/L8oht5ZNwFM-Scene-0022/entity_40.mp4,T2V_data/label/vidgen_filter_gemini_part_0_dpo_13/L8oht5ZNwFM-Scene-0022/entity_40.png
T2V_data/VIDGEN-1M_unzip/LCPWxwi9Jrk-Scene-0070.mp4,"In the video, a snake is seen on a white surface. The snake is being held by a metal hook attached to a stick, which is being held by a person wearing a glove. The snake has a patterned skin with brown and black colors. There is a blue bowl on the surface next to the snake. The person holding the snake moves the stick around, causing the snake to move its body. The video is shot in a close-up view, focusing on the snake and the person's hand.",T2V_data/label/vidgen_filter_gemini_part_0_dpo_13/LCPWxwi9Jrk-Scene-0070/depth.mp4,T2V_data/label/vidgen_filter_gemini_part_0_dpo_13/LCPWxwi9Jrk-Scene-0070/entity_20.png
T2V_data/VIDGEN-1M_unzip/LCPWxwi9Jrk-Scene-0070.mp4,"In the video, a snake is seen on a white surface. The snake is being held by a metal hook attached to a stick, which is being held by a person wearing a glove. The snake has a patterned skin with brown and black colors. There is a blue bowl on the surface next to the snake. The person holding the snake moves the stick around, causing the snake to move its body. The video is shot in a close-up view, focusing on the snake and the person's hand.",T2V_data/label/vidgen_filter_gemini_part_0_dpo_13/LCPWxwi9Jrk-Scene-0070/entity_20.mp4,T2V_data/label/vidgen_filter_gemini_part_0_dpo_13/LCPWxwi9Jrk-Scene-0070/entity_20.png
T2V_data/VIDGEN-1M_unzip/LGNTPP-oh3w-Scene-0012.mp4,"In the video, a person is seen holding a green balloon over a white styrofoam ball. The person then places the balloon on top of the styrofoam ball and begins to press down on it. As the person continues to press, the balloon pops and deflates, leaving the styrofoam ball intact. The person's hand is visible throughout the video, and the background appears to be a kitchen or dining area. The balloon is bright green, and the styrofoam ball is white. The video is shot in a close-up angle, focusing on the action of the balloon popping.",T2V_data/label/vidgen_filter_gemini_part_0_dpo_13/LGNTPP-oh3w-Scene-0012/depth.mp4,T2V_data/label/vidgen_filter_gemini_part_0_dpo_13/LGNTPP-oh3w-Scene-0012/entity_60.png
T2V_data/VIDGEN-1M_unzip/LGNTPP-oh3w-Scene-0012.mp4,"In the video, a person is seen holding a green balloon over a white styrofoam ball. The person then places the balloon on top of the styrofoam ball and begins to press down on it. As the person continues to press, the balloon pops and deflates, leaving the styrofoam ball intact. The person's hand is visible throughout the video, and the background appears to be a kitchen or dining area. The balloon is bright green, and the styrofoam ball is white. The video is shot in a close-up angle, focusing on the action of the balloon popping.",T2V_data/label/vidgen_filter_gemini_part_0_dpo_13/LGNTPP-oh3w-Scene-0012/entity_60.mp4,T2V_data/label/vidgen_filter_gemini_part_0_dpo_13/LGNTPP-oh3w-Scene-0012/entity_60.png
T2V_data/VIDGEN-1M_unzip/LSabt6RUR6w-Scene-0010.mp4,"The video shows a person's hand holding a tool with a metal hook. The person is using the tool to remove a cap from a container. The tool appears to be a specialized tool for this purpose. The person's hand is steady, and the tool is applied with precision. The container appears to be made of metal and has a black cap. The person's hand is visible throughout the video, and the background is mostly dark, with some light reflecting off the metal surfaces.",T2V_data/label/vidgen_filter_gemini_part_0_dpo_13/LSabt6RUR6w-Scene-0010/depth.mp4,T2V_data/label/vidgen_filter_gemini_part_0_dpo_13/LSabt6RUR6w-Scene-0010/entity_60.png
T2V_data/VIDGEN-1M_unzip/LSabt6RUR6w-Scene-0010.mp4,"The video shows a person's hand holding a tool with a metal hook. The person is using the tool to remove a cap from a container. The tool appears to be a specialized tool for this purpose. The person's hand is steady, and the tool is applied with precision. The container appears to be made of metal and has a black cap. The person's hand is visible throughout the video, and the background is mostly dark, with some light reflecting off the metal surfaces.",T2V_data/label/vidgen_filter_gemini_part_0_dpo_13/LSabt6RUR6w-Scene-0010/entity_60.mp4,T2V_data/label/vidgen_filter_gemini_part_0_dpo_13/LSabt6RUR6w-Scene-0010/entity_60.png
T2V_data/VIDGEN-1M_unzip/LTYJl2nS_iY-Scene-0010.mp4,"The video shows a lion attacking a buffalo in the wild. The lion is seen biting and clawing at the buffalo's back, while the buffalo tries to defend itself by kicking and running away. The lion is persistent in its attack, and the buffalo is visibly struggling to escape. The video captures the raw and intense nature of the wild, where predators and prey engage in a life-or-death struggle for survival.",T2V_data/label/vidgen_filter_gemini_part_0_dpo_13/LTYJl2nS_iY-Scene-0010/depth.mp4,T2V_data/label/vidgen_filter_gemini_part_0_dpo_13/LTYJl2nS_iY-Scene-0010/entity_20.png
T2V_data/VIDGEN-1M_unzip/LTYJl2nS_iY-Scene-0010.mp4,"The video shows a lion attacking a buffalo in the wild. The lion is seen biting and clawing at the buffalo's back, while the buffalo tries to defend itself by kicking and running away. The lion is persistent in its attack, and the buffalo is visibly struggling to escape. The video captures the raw and intense nature of the wild, where predators and prey engage in a life-or-death struggle for survival.",T2V_data/label/vidgen_filter_gemini_part_0_dpo_13/LTYJl2nS_iY-Scene-0010/entity_20.mp4,T2V_data/label/vidgen_filter_gemini_part_0_dpo_13/LTYJl2nS_iY-Scene-0010/entity_20.png
T2V_data/VIDGEN-1M_unzip/LidE3Kx6WM0-Scene-0039.mp4,The video shows a woman performing a figure skating routine on an ice rink. She is wearing a red dress and is spinning and jumping on the ice. The audience is watching her from the stands.,T2V_data/label/vidgen_filter_gemini_part_0_dpo_13/LidE3Kx6WM0-Scene-0039/depth.mp4,T2V_data/label/vidgen_filter_gemini_part_0_dpo_13/LidE3Kx6WM0-Scene-0039/entity_20.png
T2V_data/VIDGEN-1M_unzip/LidE3Kx6WM0-Scene-0039.mp4,The video shows a woman performing a figure skating routine on an ice rink. She is wearing a red dress and is spinning and jumping on the ice. The audience is watching her from the stands.,T2V_data/label/vidgen_filter_gemini_part_0_dpo_13/LidE3Kx6WM0-Scene-0039/entity_20.mp4,T2V_data/label/vidgen_filter_gemini_part_0_dpo_13/LidE3Kx6WM0-Scene-0039/entity_20.png
T2V_data/VIDGEN-1M_unzip/Lsiq_3-cSHs-Scene-0007.mp4,"The video shows a large metal structure being held up by a yellow and blue crane. The structure appears to be a part of a spacecraft or satellite, with various panels and components attached to it. The crane is moving the structure slowly and carefully, ensuring that it is not damaged during the process. The background is a large industrial warehouse with other machinery and equipment visible.",T2V_data/label/vidgen_filter_gemini_part_0_dpo_13/Lsiq_3-cSHs-Scene-0007/depth.mp4,T2V_data/label/vidgen_filter_gemini_part_0_dpo_13/Lsiq_3-cSHs-Scene-0007/entity_20.png
T2V_data/VIDGEN-1M_unzip/Lsiq_3-cSHs-Scene-0007.mp4,"The video shows a large metal structure being held up by a yellow and blue crane. The structure appears to be a part of a spacecraft or satellite, with various panels and components attached to it. The crane is moving the structure slowly and carefully, ensuring that it is not damaged during the process. The background is a large industrial warehouse with other machinery and equipment visible.",T2V_data/label/vidgen_filter_gemini_part_0_dpo_13/Lsiq_3-cSHs-Scene-0007/entity_20.mp4,T2V_data/label/vidgen_filter_gemini_part_0_dpo_13/Lsiq_3-cSHs-Scene-0007/entity_20.png
T2V_data/VIDGEN-1M_unzip/LvCCSwIO_Q0-Scene-0012.mp4,"In the video, a man is seen standing on the edge of a bed. He then jumps onto the bed and begins to bounce up and down. The man is wearing a black shirt and black pants. The bed has a white comforter and there are green pillows on it. The room has a window with curtains and a lamp on a nightstand. The man seems to be enjoying himself as he jumps and bounces on the bed.",T2V_data/label/vidgen_filter_gemini_part_0_dpo_13/LvCCSwIO_Q0-Scene-0012/depth.mp4,T2V_data/label/vidgen_filter_gemini_part_0_dpo_13/LvCCSwIO_Q0-Scene-0012/entity_40.png
T2V_data/VIDGEN-1M_unzip/LvCCSwIO_Q0-Scene-0012.mp4,"In the video, a man is seen standing on the edge of a bed. He then jumps onto the bed and begins to bounce up and down. The man is wearing a black shirt and black pants. The bed has a white comforter and there are green pillows on it. The room has a window with curtains and a lamp on a nightstand. The man seems to be enjoying himself as he jumps and bounces on the bed.",T2V_data/label/vidgen_filter_gemini_part_0_dpo_13/LvCCSwIO_Q0-Scene-0012/entity_40.mp4,T2V_data/label/vidgen_filter_gemini_part_0_dpo_13/LvCCSwIO_Q0-Scene-0012/entity_40.png
T2V_data/VIDGEN-1M_unzip/LxARv44CvIg-Scene-0013.mp4,"In the video, a woman is seen standing in a dirt area with a dog on a leash. The woman is wearing a white shirt and black pants. She is holding a red object in her hand. The dog is black and white and is sitting on the ground. The woman is giving the dog commands and the dog is following them. The woman then walks away with the dog on the leash.",T2V_data/label/vidgen_filter_gemini_part_0_dpo_13/LxARv44CvIg-Scene-0013/depth.mp4,T2V_data/label/vidgen_filter_gemini_part_0_dpo_13/LxARv44CvIg-Scene-0013/entity_20.png
T2V_data/VIDGEN-1M_unzip/LxARv44CvIg-Scene-0013.mp4,"In the video, a woman is seen standing in a dirt area with a dog on a leash. The woman is wearing a white shirt and black pants. She is holding a red object in her hand. The dog is black and white and is sitting on the ground. The woman is giving the dog commands and the dog is following them. The woman then walks away with the dog on the leash.",T2V_data/label/vidgen_filter_gemini_part_0_dpo_13/LxARv44CvIg-Scene-0013/entity_20.mp4,T2V_data/label/vidgen_filter_gemini_part_0_dpo_13/LxARv44CvIg-Scene-0013/entity_20.png
T2V_data/VIDGEN-1M_unzip/MBs6He0UPrI-Scene-0018.mp4,"This video shows a close-up of a frying pan on a stove with a single piece of food being fried. The food appears to be a round, brown, and crispy item, possibly a patty or a piece of meat. The pan is filled with bubbling oil, indicating that the food is being cooked at a high temperature. The stove underneath the pan has a blue flame, suggesting that it is a gas stove. The food is being flipped over with a spatula, which is not visible in the frame. The background is blurred, but it seems to be a kitchen setting. The video does not contain any visible title, subtitle, or informative text.",T2V_data/label/vidgen_filter_gemini_part_0_dpo_13/MBs6He0UPrI-Scene-0018/depth.mp4,T2V_data/label/vidgen_filter_gemini_part_0_dpo_13/MBs6He0UPrI-Scene-0018/entity_20.png
T2V_data/VIDGEN-1M_unzip/MBs6He0UPrI-Scene-0018.mp4,"This video shows a close-up of a frying pan on a stove with a single piece of food being fried. The food appears to be a round, brown, and crispy item, possibly a patty or a piece of meat. The pan is filled with bubbling oil, indicating that the food is being cooked at a high temperature. The stove underneath the pan has a blue flame, suggesting that it is a gas stove. The food is being flipped over with a spatula, which is not visible in the frame. The background is blurred, but it seems to be a kitchen setting. The video does not contain any visible title, subtitle, or informative text.",T2V_data/label/vidgen_filter_gemini_part_0_dpo_13/MBs6He0UPrI-Scene-0018/entity_20.mp4,T2V_data/label/vidgen_filter_gemini_part_0_dpo_13/MBs6He0UPrI-Scene-0018/entity_20.png
T2V_data/VIDGEN-1M_unzip/MGoaXV2-X48-Scene-0016.mp4,"The video shows a soccer game in progress. The players are wearing green and blue uniforms. The goalie is wearing a green uniform and is standing in front of the goal. The ball is being kicked towards the goal by a player in a blue uniform. The goalie is diving to the right to block the ball. The players are running towards the ball, and the goalie is stretching his arms to block the ball. The ball is in the air, and the goalie is about to make contact with it. The players are in motion, and the goalie is in a diving position. The goalie successfully blocks the ball, preventing a goal.",T2V_data/label/vidgen_filter_gemini_part_0_dpo_13/MGoaXV2-X48-Scene-0016/depth.mp4,T2V_data/label/vidgen_filter_gemini_part_0_dpo_13/MGoaXV2-X48-Scene-0016/entity_40.png
T2V_data/VIDGEN-1M_unzip/MGoaXV2-X48-Scene-0016.mp4,"The video shows a soccer game in progress. The players are wearing green and blue uniforms. The goalie is wearing a green uniform and is standing in front of the goal. The ball is being kicked towards the goal by a player in a blue uniform. The goalie is diving to the right to block the ball. The players are running towards the ball, and the goalie is stretching his arms to block the ball. The ball is in the air, and the goalie is about to make contact with it. The players are in motion, and the goalie is in a diving position. The goalie successfully blocks the ball, preventing a goal.",T2V_data/label/vidgen_filter_gemini_part_0_dpo_13/MGoaXV2-X48-Scene-0016/entity_40.mp4,T2V_data/label/vidgen_filter_gemini_part_0_dpo_13/MGoaXV2-X48-Scene-0016/entity_40.png
T2V_data/VIDGEN-1M_unzip/MUWP1b63mt0-Scene-0154.mp4,"In the video, a woman is seen cleaning the windows of a bus. She is wearing a white cap, a yellow vest, and purple gloves. She is holding a yellow bucket in her hand and a blue mop. The woman is smiling and appears to be enjoying her work. The bus is parked in a lot, and there are other buses visible in the background. The woman is using the mop to clean the windows, and she seems to be doing a thorough job. The lighting in the video is bright, and the woman's reflection can be seen in the windows as she cleans them.",T2V_data/label/vidgen_filter_gemini_part_0_dpo_13/MUWP1b63mt0-Scene-0154/depth.mp4,T2V_data/label/vidgen_filter_gemini_part_0_dpo_13/MUWP1b63mt0-Scene-0154/entity_20.png
T2V_data/VIDGEN-1M_unzip/MUWP1b63mt0-Scene-0154.mp4,"In the video, a woman is seen cleaning the windows of a bus. She is wearing a white cap, a yellow vest, and purple gloves. She is holding a yellow bucket in her hand and a blue mop. The woman is smiling and appears to be enjoying her work. The bus is parked in a lot, and there are other buses visible in the background. The woman is using the mop to clean the windows, and she seems to be doing a thorough job. The lighting in the video is bright, and the woman's reflection can be seen in the windows as she cleans them.",T2V_data/label/vidgen_filter_gemini_part_0_dpo_13/MUWP1b63mt0-Scene-0154/entity_20.mp4,T2V_data/label/vidgen_filter_gemini_part_0_dpo_13/MUWP1b63mt0-Scene-0154/entity_20.png
T2V_data/VIDGEN-1M_unzip/MdMUXEbdqII-Scene-0043.mp4,"In the video, a person is seen folding a piece of white paper in half. The person's hands are visible, and they are wearing a black and red striped shirt. The paper is placed on a wooden surface, and the person folds the paper in half, creating a crease down the middle. The person's hands are steady, and they carefully align the edges of the paper to ensure a clean fold. The video is shot from a top-down perspective, allowing the viewer to see the entire process clearly.",T2V_data/label/vidgen_filter_gemini_part_0_dpo_13/MdMUXEbdqII-Scene-0043/depth.mp4,T2V_data/label/vidgen_filter_gemini_part_0_dpo_13/MdMUXEbdqII-Scene-0043/entity_40.png
T2V_data/VIDGEN-1M_unzip/MdMUXEbdqII-Scene-0043.mp4,"In the video, a person is seen folding a piece of white paper in half. The person's hands are visible, and they are wearing a black and red striped shirt. The paper is placed on a wooden surface, and the person folds the paper in half, creating a crease down the middle. The person's hands are steady, and they carefully align the edges of the paper to ensure a clean fold. The video is shot from a top-down perspective, allowing the viewer to see the entire process clearly.",T2V_data/label/vidgen_filter_gemini_part_0_dpo_13/MdMUXEbdqII-Scene-0043/entity_40.mp4,T2V_data/label/vidgen_filter_gemini_part_0_dpo_13/MdMUXEbdqII-Scene-0043/entity_40.png
T2V_data/VIDGEN-1M_unzip/Mdi_iyMvTig-Scene-0039.mp4,"In the video, there is a green character with a muscular body wearing orange shorts. The character is holding a dumbbell in one hand and is standing next to another dumbbell on the floor. The character is lifting the dumbbell up and down. Then, an avocado character appears and starts to mimic the exercise by lifting the dumbbell. The character with the green body is surprised and drops the dumbbell. The avocado character then picks up the dumbbell and starts to lift it. The character with the green body is shocked and walks away. The background is a blue wall with a white baseboard.",T2V_data/label/vidgen_filter_gemini_part_0_dpo_13/Mdi_iyMvTig-Scene-0039/depth.mp4,T2V_data/label/vidgen_filter_gemini_part_0_dpo_13/Mdi_iyMvTig-Scene-0039/entity_20.png
T2V_data/VIDGEN-1M_unzip/Mdi_iyMvTig-Scene-0039.mp4,"In the video, there is a green character with a muscular body wearing orange shorts. The character is holding a dumbbell in one hand and is standing next to another dumbbell on the floor. The character is lifting the dumbbell up and down. Then, an avocado character appears and starts to mimic the exercise by lifting the dumbbell. The character with the green body is surprised and drops the dumbbell. The avocado character then picks up the dumbbell and starts to lift it. The character with the green body is shocked and walks away. The background is a blue wall with a white baseboard.",T2V_data/label/vidgen_filter_gemini_part_0_dpo_13/Mdi_iyMvTig-Scene-0039/entity_20.mp4,T2V_data/label/vidgen_filter_gemini_part_0_dpo_13/Mdi_iyMvTig-Scene-0039/entity_20.png
T2V_data/VIDGEN-1M_unzip/Mfh-3pWrjNI-Scene-0087.mp4,"In the video, a group of people are standing in a room and holding green sticks in their hands. They are moving the sticks up and down in unison, creating a rhythmic pattern. The room appears to be a large hall with a high ceiling, and there are tables and chairs visible in the background. The people are dressed in casual clothing, and the atmosphere seems to be lively and energetic. The green sticks they are holding are long and thin, and they are moving them in a coordinated manner. The sound of the sticks hitting each other can be heard, adding to the overall ambiance of the scene. The video captures the group's synchronized movements and the overall energy of the moment.",T2V_data/label/vidgen_filter_gemini_part_0_dpo_13/Mfh-3pWrjNI-Scene-0087/depth.mp4,T2V_data/label/vidgen_filter_gemini_part_0_dpo_13/Mfh-3pWrjNI-Scene-0087/entity_20.png
T2V_data/VIDGEN-1M_unzip/Mfh-3pWrjNI-Scene-0087.mp4,"In the video, a group of people are standing in a room and holding green sticks in their hands. They are moving the sticks up and down in unison, creating a rhythmic pattern. The room appears to be a large hall with a high ceiling, and there are tables and chairs visible in the background. The people are dressed in casual clothing, and the atmosphere seems to be lively and energetic. The green sticks they are holding are long and thin, and they are moving them in a coordinated manner. The sound of the sticks hitting each other can be heard, adding to the overall ambiance of the scene. The video captures the group's synchronized movements and the overall energy of the moment.",T2V_data/label/vidgen_filter_gemini_part_0_dpo_13/Mfh-3pWrjNI-Scene-0087/entity_20.mp4,T2V_data/label/vidgen_filter_gemini_part_0_dpo_13/Mfh-3pWrjNI-Scene-0087/entity_20.png
T2V_data/VIDGEN-1M_unzip/Mwi7I-C1xxI-Scene-0010.mp4,"The video shows a person's hands typing on a white iPad. The screen displays a document with text, and the person is typing on a grey keyboard that appears on the screen. The person's fingers move quickly as they type.",T2V_data/label/vidgen_filter_gemini_part_0_dpo_13/Mwi7I-C1xxI-Scene-0010/depth.mp4,T2V_data/label/vidgen_filter_gemini_part_0_dpo_13/Mwi7I-C1xxI-Scene-0010/entity_60.png
T2V_data/VIDGEN-1M_unzip/Mwi7I-C1xxI-Scene-0010.mp4,"The video shows a person's hands typing on a white iPad. The screen displays a document with text, and the person is typing on a grey keyboard that appears on the screen. The person's fingers move quickly as they type.",T2V_data/label/vidgen_filter_gemini_part_0_dpo_13/Mwi7I-C1xxI-Scene-0010/entity_60.mp4,T2V_data/label/vidgen_filter_gemini_part_0_dpo_13/Mwi7I-C1xxI-Scene-0010/entity_60.png
T2V_data/VIDGEN-1M_unzip/MzJH69vYk8g-Scene-0003.mp4,"In the video, a man is seen performing a deadlift exercise in a gym. He is wearing a yellow t-shirt, black pants, and red and white sneakers. The man is lifting a barbell with weights on it. The barbell is black with silver weights, and the man is using a black belt to support his lower back. The gym has red walls, and there are ropes hanging on the wall. The man is standing on a black floor, and he is lifting the barbell from the ground to his waist level.",T2V_data/label/vidgen_filter_gemini_part_0_dpo_13/MzJH69vYk8g-Scene-0003/depth.mp4,T2V_data/label/vidgen_filter_gemini_part_0_dpo_13/MzJH69vYk8g-Scene-0003/entity_40.png
T2V_data/VIDGEN-1M_unzip/MzJH69vYk8g-Scene-0003.mp4,"In the video, a man is seen performing a deadlift exercise in a gym. He is wearing a yellow t-shirt, black pants, and red and white sneakers. The man is lifting a barbell with weights on it. The barbell is black with silver weights, and the man is using a black belt to support his lower back. The gym has red walls, and there are ropes hanging on the wall. The man is standing on a black floor, and he is lifting the barbell from the ground to his waist level.",T2V_data/label/vidgen_filter_gemini_part_0_dpo_13/MzJH69vYk8g-Scene-0003/entity_40.mp4,T2V_data/label/vidgen_filter_gemini_part_0_dpo_13/MzJH69vYk8g-Scene-0003/entity_40.png
T2V_data/VIDGEN-1M_unzip/N-r36S6Q13E-Scene-0064.mp4,"The video shows a football player running on the field, catching a ball, and falling down. The player is wearing a blue and green uniform with the number 18 on it. The crowd in the background is cheering and clapping. The player's helmet is black with a white stripe on it. The field is green with white lines marking the yardage. The player's pink cleats are visible as he runs.",T2V_data/label/vidgen_filter_gemini_part_0_dpo_13/N-r36S6Q13E-Scene-0064/depth.mp4,T2V_data/label/vidgen_filter_gemini_part_0_dpo_13/N-r36S6Q13E-Scene-0064/entity_20.png
T2V_data/VIDGEN-1M_unzip/N-r36S6Q13E-Scene-0064.mp4,"The video shows a football player running on the field, catching a ball, and falling down. The player is wearing a blue and green uniform with the number 18 on it. The crowd in the background is cheering and clapping. The player's helmet is black with a white stripe on it. The field is green with white lines marking the yardage. The player's pink cleats are visible as he runs.",T2V_data/label/vidgen_filter_gemini_part_0_dpo_13/N-r36S6Q13E-Scene-0064/entity_20.mp4,T2V_data/label/vidgen_filter_gemini_part_0_dpo_13/N-r36S6Q13E-Scene-0064/entity_20.png
T2V_data/VIDGEN-1M_unzip/NAkWnmvZIT8-Scene-0082.mp4,"In the video, a person wearing gloves is seen cutting a piece of meat with a knife. The knife is silver and has a sharp edge. The person cuts the meat into thin slices, revealing the pink interior of the meat. The meat appears to be cooked and has a dark crust on the outside. The person's hands are steady as they slice through the meat with precision. The background is a wooden surface, and there are no other objects or people visible in the video.",T2V_data/label/vidgen_filter_gemini_part_0_dpo_13/NAkWnmvZIT8-Scene-0082/depth.mp4,T2V_data/label/vidgen_filter_gemini_part_0_dpo_13/NAkWnmvZIT8-Scene-0082/entity_40.png
T2V_data/VIDGEN-1M_unzip/NAkWnmvZIT8-Scene-0082.mp4,"In the video, a person wearing gloves is seen cutting a piece of meat with a knife. The knife is silver and has a sharp edge. The person cuts the meat into thin slices, revealing the pink interior of the meat. The meat appears to be cooked and has a dark crust on the outside. The person's hands are steady as they slice through the meat with precision. The background is a wooden surface, and there are no other objects or people visible in the video.",T2V_data/label/vidgen_filter_gemini_part_0_dpo_13/NAkWnmvZIT8-Scene-0082/entity_40.mp4,T2V_data/label/vidgen_filter_gemini_part_0_dpo_13/NAkWnmvZIT8-Scene-0082/entity_40.png
T2V_data/VIDGEN-1M_unzip/NK0GH4Qovyw-Scene-0006.mp4,"In the video, a person is seen using a red screwdriver to unscrew a light switch on a wall. The person then removes the switch from the wall and replaces it with a new one. The person then screws the new switch back into place and turns it on and off to test it.",T2V_data/label/vidgen_filter_gemini_part_0_dpo_13/NK0GH4Qovyw-Scene-0006/depth.mp4,T2V_data/label/vidgen_filter_gemini_part_0_dpo_13/NK0GH4Qovyw-Scene-0006/entity_40.png
T2V_data/VIDGEN-1M_unzip/NK0GH4Qovyw-Scene-0006.mp4,"In the video, a person is seen using a red screwdriver to unscrew a light switch on a wall. The person then removes the switch from the wall and replaces it with a new one. The person then screws the new switch back into place and turns it on and off to test it.",T2V_data/label/vidgen_filter_gemini_part_0_dpo_13/NK0GH4Qovyw-Scene-0006/entity_40.mp4,T2V_data/label/vidgen_filter_gemini_part_0_dpo_13/NK0GH4Qovyw-Scene-0006/entity_40.png
T2V_data/VIDGEN-1M_unzip/NfFxBvB53zE-Scene-0187.mp4,"In the video, a man is seen wearing a straw hat and a black shirt. He is holding a piece of wood in his hands and is using a circular saw to cut it. The man is wearing pink gloves to protect his hands while he works. The circular saw is white and appears to be in motion, as indicated by the blurred lines. The man is focused on his task, and the background is not visible.",T2V_data/label/vidgen_filter_gemini_part_0_dpo_13/NfFxBvB53zE-Scene-0187/depth.mp4,T2V_data/label/vidgen_filter_gemini_part_0_dpo_13/NfFxBvB53zE-Scene-0187/entity_20.png
T2V_data/VIDGEN-1M_unzip/NfFxBvB53zE-Scene-0187.mp4,"In the video, a man is seen wearing a straw hat and a black shirt. He is holding a piece of wood in his hands and is using a circular saw to cut it. The man is wearing pink gloves to protect his hands while he works. The circular saw is white and appears to be in motion, as indicated by the blurred lines. The man is focused on his task, and the background is not visible.",T2V_data/label/vidgen_filter_gemini_part_0_dpo_13/NfFxBvB53zE-Scene-0187/entity_20.mp4,T2V_data/label/vidgen_filter_gemini_part_0_dpo_13/NfFxBvB53zE-Scene-0187/entity_20.png
T2V_data/VIDGEN-1M_unzip/NfFxBvB53zE-Scene-0187.mp4,"In the video, a man is seen wearing a straw hat and a black shirt. He is holding a piece of wood in his hands and is using a circular saw to cut it. The man is wearing pink gloves to protect his hands while he works. The circular saw is white and appears to be in motion, as indicated by the blurred lines. The man is focused on his task, and the background is not visible.",T2V_data/label/vidgen_filter_gemini_part_0_dpo_13/NfFxBvB53zE-Scene-0187/depth.mp4,T2V_data/label/vidgen_filter_gemini_part_0_dpo_13/NfFxBvB53zE-Scene-0187/entity_40.png
T2V_data/VIDGEN-1M_unzip/NfFxBvB53zE-Scene-0187.mp4,"In the video, a man is seen wearing a straw hat and a black shirt. He is holding a piece of wood in his hands and is using a circular saw to cut it. The man is wearing pink gloves to protect his hands while he works. The circular saw is white and appears to be in motion, as indicated by the blurred lines. The man is focused on his task, and the background is not visible.",T2V_data/label/vidgen_filter_gemini_part_0_dpo_13/NfFxBvB53zE-Scene-0187/entity_40.mp4,T2V_data/label/vidgen_filter_gemini_part_0_dpo_13/NfFxBvB53zE-Scene-0187/entity_40.png
T2V_data/VIDGEN-1M_unzip/NfFxBvB53zE-Scene-0187.mp4,"In the video, a man is seen wearing a straw hat and a black shirt. He is holding a piece of wood in his hands and is using a circular saw to cut it. The man is wearing pink gloves to protect his hands while he works. The circular saw is white and appears to be in motion, as indicated by the blurred lines. The man is focused on his task, and the background is not visible.",T2V_data/label/vidgen_filter_gemini_part_0_dpo_13/NfFxBvB53zE-Scene-0187/depth.mp4,T2V_data/label/vidgen_filter_gemini_part_0_dpo_13/NfFxBvB53zE-Scene-0187/entity_60.png
T2V_data/VIDGEN-1M_unzip/NfFxBvB53zE-Scene-0187.mp4,"In the video, a man is seen wearing a straw hat and a black shirt. He is holding a piece of wood in his hands and is using a circular saw to cut it. The man is wearing pink gloves to protect his hands while he works. The circular saw is white and appears to be in motion, as indicated by the blurred lines. The man is focused on his task, and the background is not visible.",T2V_data/label/vidgen_filter_gemini_part_0_dpo_13/NfFxBvB53zE-Scene-0187/entity_60.mp4,T2V_data/label/vidgen_filter_gemini_part_0_dpo_13/NfFxBvB53zE-Scene-0187/entity_60.png
T2V_data/VIDGEN-1M_unzip/Nygc55XwbRs-Scene-0009.mp4,"In the video, we see a person wearing gloves and holding a bag of soil. The person is standing in front of a large pile of soil and is using a shovel to dig into the pile. They then pour the soil into a black pot that is placed on the ground. The person continues to fill the pot with soil until it is full. The video provides a close-up view of the pot and the soil, allowing us to see the texture and color of the soil. The person's movements are deliberate and careful, ensuring that the soil is evenly distributed in the pot. The video ends with the pot full of soil, ready for planting.",T2V_data/label/vidgen_filter_gemini_part_0_dpo_13/Nygc55XwbRs-Scene-0009/depth.mp4,T2V_data/label/vidgen_filter_gemini_part_0_dpo_13/Nygc55XwbRs-Scene-0009/entity_20.png
T2V_data/VIDGEN-1M_unzip/Nygc55XwbRs-Scene-0009.mp4,"In the video, we see a person wearing gloves and holding a bag of soil. The person is standing in front of a large pile of soil and is using a shovel to dig into the pile. They then pour the soil into a black pot that is placed on the ground. The person continues to fill the pot with soil until it is full. The video provides a close-up view of the pot and the soil, allowing us to see the texture and color of the soil. The person's movements are deliberate and careful, ensuring that the soil is evenly distributed in the pot. The video ends with the pot full of soil, ready for planting.",T2V_data/label/vidgen_filter_gemini_part_0_dpo_13/Nygc55XwbRs-Scene-0009/entity_20.mp4,T2V_data/label/vidgen_filter_gemini_part_0_dpo_13/Nygc55XwbRs-Scene-0009/entity_20.png
T2V_data/VIDGEN-1M_unzip/Nygc55XwbRs-Scene-0009.mp4,"In the video, we see a person wearing gloves and holding a bag of soil. The person is standing in front of a large pile of soil and is using a shovel to dig into the pile. They then pour the soil into a black pot that is placed on the ground. The person continues to fill the pot with soil until it is full. The video provides a close-up view of the pot and the soil, allowing us to see the texture and color of the soil. The person's movements are deliberate and careful, ensuring that the soil is evenly distributed in the pot. The video ends with the pot full of soil, ready for planting.",T2V_data/label/vidgen_filter_gemini_part_0_dpo_13/Nygc55XwbRs-Scene-0009/depth.mp4,T2V_data/label/vidgen_filter_gemini_part_0_dpo_13/Nygc55XwbRs-Scene-0009/entity_60.png
T2V_data/VIDGEN-1M_unzip/Nygc55XwbRs-Scene-0009.mp4,"In the video, we see a person wearing gloves and holding a bag of soil. The person is standing in front of a large pile of soil and is using a shovel to dig into the pile. They then pour the soil into a black pot that is placed on the ground. The person continues to fill the pot with soil until it is full. The video provides a close-up view of the pot and the soil, allowing us to see the texture and color of the soil. The person's movements are deliberate and careful, ensuring that the soil is evenly distributed in the pot. The video ends with the pot full of soil, ready for planting.",T2V_data/label/vidgen_filter_gemini_part_0_dpo_13/Nygc55XwbRs-Scene-0009/entity_60.mp4,T2V_data/label/vidgen_filter_gemini_part_0_dpo_13/Nygc55XwbRs-Scene-0009/entity_60.png
T2V_data/VIDGEN-1M_unzip/O8fks26XFd0-Scene-0129.mp4,"In the video, a person is seen holding a lobster on a wooden board. The person is wearing blue gloves and is using a knife to cut the lobster. The lobster is black in color and is lying on its back. The person is cutting the lobster's body, and the lobster's legs are spread out. The person is using a knife to cut the lobster's body. The wooden board is placed on a metal table. The person is wearing a blue glove on their left hand and is using a knife to cut the lobster. The lobster is black in color and is lying on its back. The person is cutting the lobster's body, and the lobster's legs are spread out. The person is using a knife to cut the lobster's body. The wooden board is placed on a metal table.",T2V_data/label/vidgen_filter_gemini_part_0_dpo_13/O8fks26XFd0-Scene-0129/depth.mp4,T2V_data/label/vidgen_filter_gemini_part_0_dpo_13/O8fks26XFd0-Scene-0129/entity_40.png
T2V_data/VIDGEN-1M_unzip/O8fks26XFd0-Scene-0129.mp4,"In the video, a person is seen holding a lobster on a wooden board. The person is wearing blue gloves and is using a knife to cut the lobster. The lobster is black in color and is lying on its back. The person is cutting the lobster's body, and the lobster's legs are spread out. The person is using a knife to cut the lobster's body. The wooden board is placed on a metal table. The person is wearing a blue glove on their left hand and is using a knife to cut the lobster. The lobster is black in color and is lying on its back. The person is cutting the lobster's body, and the lobster's legs are spread out. The person is using a knife to cut the lobster's body. The wooden board is placed on a metal table.",T2V_data/label/vidgen_filter_gemini_part_0_dpo_13/O8fks26XFd0-Scene-0129/entity_40.mp4,T2V_data/label/vidgen_filter_gemini_part_0_dpo_13/O8fks26XFd0-Scene-0129/entity_40.png
T2V_data/VIDGEN-1M_unzip/Oi0R552K8-8-Scene-0035.mp4,"The video shows a close-up of a blue Chevrolet truck with a Texas license plate. The camera is focused on the front of the truck, and a person's hand is seen pointing at the license plate. The person then pulls the license plate off the truck.",T2V_data/label/vidgen_filter_gemini_part_0_dpo_13/Oi0R552K8-8-Scene-0035/depth.mp4,T2V_data/label/vidgen_filter_gemini_part_0_dpo_13/Oi0R552K8-8-Scene-0035/entity_60.png
T2V_data/VIDGEN-1M_unzip/Oi0R552K8-8-Scene-0035.mp4,"The video shows a close-up of a blue Chevrolet truck with a Texas license plate. The camera is focused on the front of the truck, and a person's hand is seen pointing at the license plate. The person then pulls the license plate off the truck.",T2V_data/label/vidgen_filter_gemini_part_0_dpo_13/Oi0R552K8-8-Scene-0035/entity_60.mp4,T2V_data/label/vidgen_filter_gemini_part_0_dpo_13/Oi0R552K8-8-Scene-0035/entity_60.png
T2V_data/VIDGEN-1M_unzip/OiCsmzBMqmQ-Scene-0063.mp4,"The video shows a person in a white lab coat using a drill to mix a white substance in a glass container. The person is also seen pouring a liquid into the container and using a hand mixer to mix the substance. The person's actions are deliberate and precise, suggesting that they are conducting a scientific experiment or a similar activity. The video does not provide any context or information about the nature of the substance or the purpose of the experiment.",T2V_data/label/vidgen_filter_gemini_part_0_dpo_13/OiCsmzBMqmQ-Scene-0063/depth.mp4,T2V_data/label/vidgen_filter_gemini_part_0_dpo_13/OiCsmzBMqmQ-Scene-0063/entity_60.png
T2V_data/VIDGEN-1M_unzip/OiCsmzBMqmQ-Scene-0063.mp4,"The video shows a person in a white lab coat using a drill to mix a white substance in a glass container. The person is also seen pouring a liquid into the container and using a hand mixer to mix the substance. The person's actions are deliberate and precise, suggesting that they are conducting a scientific experiment or a similar activity. The video does not provide any context or information about the nature of the substance or the purpose of the experiment.",T2V_data/label/vidgen_filter_gemini_part_0_dpo_13/OiCsmzBMqmQ-Scene-0063/entity_60.mp4,T2V_data/label/vidgen_filter_gemini_part_0_dpo_13/OiCsmzBMqmQ-Scene-0063/entity_60.png
T2V_data/VIDGEN-1M_unzip/OjHWoeHU5Jk-Scene-0040.mp4,"In the video, a woman is seen standing in a kitchen, holding a fork in her right hand and a knife in her left hand. She is wearing a black sleeveless dress and has blonde hair. The kitchen has a modern design with a white countertop and a window in the background. The woman appears to be demonstrating how to cut a piece of meat, as she is seen cutting it with the knife while speaking to the camera. The video seems to be a cooking tutorial or demonstration.",T2V_data/label/vidgen_filter_gemini_part_0_dpo_13/OjHWoeHU5Jk-Scene-0040/depth.mp4,T2V_data/label/vidgen_filter_gemini_part_0_dpo_13/OjHWoeHU5Jk-Scene-0040/entity_20.png
T2V_data/VIDGEN-1M_unzip/OjHWoeHU5Jk-Scene-0040.mp4,"In the video, a woman is seen standing in a kitchen, holding a fork in her right hand and a knife in her left hand. She is wearing a black sleeveless dress and has blonde hair. The kitchen has a modern design with a white countertop and a window in the background. The woman appears to be demonstrating how to cut a piece of meat, as she is seen cutting it with the knife while speaking to the camera. The video seems to be a cooking tutorial or demonstration.",T2V_data/label/vidgen_filter_gemini_part_0_dpo_13/OjHWoeHU5Jk-Scene-0040/entity_20.mp4,T2V_data/label/vidgen_filter_gemini_part_0_dpo_13/OjHWoeHU5Jk-Scene-0040/entity_20.png
T2V_data/VIDGEN-1M_unzip/P3elHzMg1UU-Scene-0015.mp4,"The video shows a white boat with a blue canopy on top, moving through the water at a high speed. The boat is creating a large wake behind it, and the water is choppy with waves. The sky is overcast, and the boat appears to be the only one in the frame.",T2V_data/label/vidgen_filter_gemini_part_0_dpo_13/P3elHzMg1UU-Scene-0015/depth.mp4,T2V_data/label/vidgen_filter_gemini_part_0_dpo_13/P3elHzMg1UU-Scene-0015/entity_20.png
T2V_data/VIDGEN-1M_unzip/P3elHzMg1UU-Scene-0015.mp4,"The video shows a white boat with a blue canopy on top, moving through the water at a high speed. The boat is creating a large wake behind it, and the water is choppy with waves. The sky is overcast, and the boat appears to be the only one in the frame.",T2V_data/label/vidgen_filter_gemini_part_0_dpo_13/P3elHzMg1UU-Scene-0015/entity_20.mp4,T2V_data/label/vidgen_filter_gemini_part_0_dpo_13/P3elHzMg1UU-Scene-0015/entity_20.png
T2V_data/VIDGEN-1M_unzip/WY4IeYBUe20-Scene-0046.mp4,"In the video, a person is seen using a hook to create a bracelet. The bracelet is made of blue and clear rubber bands, and the person is using a hook to weave the bands together. The person's hands are visible, and they are working on a black surface. The bracelet appears to be in the process of being completed, with several rows of bands already in place. The person's movements are precise and deliberate, indicating that they are experienced in this craft. The video provides a close-up view of the bracelet, allowing viewers to see the intricate details of the weaving process.",T2V_data/label/vidgen_filter_gemini_part_0_dpo_13/WY4IeYBUe20-Scene-0046/depth.mp4,T2V_data/label/vidgen_filter_gemini_part_0_dpo_13/WY4IeYBUe20-Scene-0046/entity_60.png
T2V_data/VIDGEN-1M_unzip/WY4IeYBUe20-Scene-0046.mp4,"In the video, a person is seen using a hook to create a bracelet. The bracelet is made of blue and clear rubber bands, and the person is using a hook to weave the bands together. The person's hands are visible, and they are working on a black surface. The bracelet appears to be in the process of being completed, with several rows of bands already in place. The person's movements are precise and deliberate, indicating that they are experienced in this craft. The video provides a close-up view of the bracelet, allowing viewers to see the intricate details of the weaving process.",T2V_data/label/vidgen_filter_gemini_part_0_dpo_13/WY4IeYBUe20-Scene-0046/entity_60.mp4,T2V_data/label/vidgen_filter_gemini_part_0_dpo_13/WY4IeYBUe20-Scene-0046/entity_60.png
T2V_data/VIDGEN-1M_unzip/WiHuCy7aMVg-Scene-0013.mp4,"In the video, a person is seen holding a small plant in their hand. They are standing in front of a row of potted plants, and they are using a trowel to dig into the soil of one of the pots. The person then proceeds to plant the small plant into the soil. The pots are arranged in a neat row, and the soil appears to be well-maintained. The person's movements are deliberate and careful as they work to ensure that the plant is properly positioned and secure in the soil. The video provides a clear view of the planting process, from the initial digging to the final placement of the plant in the pot.",T2V_data/label/vidgen_filter_gemini_part_0_dpo_13/WiHuCy7aMVg-Scene-0013/depth.mp4,T2V_data/label/vidgen_filter_gemini_part_0_dpo_13/WiHuCy7aMVg-Scene-0013/entity_60.png
T2V_data/VIDGEN-1M_unzip/WiHuCy7aMVg-Scene-0013.mp4,"In the video, a person is seen holding a small plant in their hand. They are standing in front of a row of potted plants, and they are using a trowel to dig into the soil of one of the pots. The person then proceeds to plant the small plant into the soil. The pots are arranged in a neat row, and the soil appears to be well-maintained. The person's movements are deliberate and careful as they work to ensure that the plant is properly positioned and secure in the soil. The video provides a clear view of the planting process, from the initial digging to the final placement of the plant in the pot.",T2V_data/label/vidgen_filter_gemini_part_0_dpo_13/WiHuCy7aMVg-Scene-0013/entity_60.mp4,T2V_data/label/vidgen_filter_gemini_part_0_dpo_13/WiHuCy7aMVg-Scene-0013/entity_60.png
T2V_data/VIDGEN-1M_unzip/X3XWKX5YWLI-Scene-0110.mp4,"In the video, a person is seen sitting on the floor, wearing a blue shirt and jeans. The person is holding a bundle of sticks in one hand and a pair of scissors in the other hand. The person is trimming the sticks to make them even. The background is a red carpet, and there are some other sticks scattered around. The person's movements are precise and careful, ensuring that each stick is trimmed evenly. The video is shot from a close-up angle, focusing on the person's hands and the sticks.",T2V_data/label/vidgen_filter_gemini_part_0_dpo_13/X3XWKX5YWLI-Scene-0110/depth.mp4,T2V_data/label/vidgen_filter_gemini_part_0_dpo_13/X3XWKX5YWLI-Scene-0110/entity_40.png
T2V_data/VIDGEN-1M_unzip/X3XWKX5YWLI-Scene-0110.mp4,"In the video, a person is seen sitting on the floor, wearing a blue shirt and jeans. The person is holding a bundle of sticks in one hand and a pair of scissors in the other hand. The person is trimming the sticks to make them even. The background is a red carpet, and there are some other sticks scattered around. The person's movements are precise and careful, ensuring that each stick is trimmed evenly. The video is shot from a close-up angle, focusing on the person's hands and the sticks.",T2V_data/label/vidgen_filter_gemini_part_0_dpo_13/X3XWKX5YWLI-Scene-0110/entity_40.mp4,T2V_data/label/vidgen_filter_gemini_part_0_dpo_13/X3XWKX5YWLI-Scene-0110/entity_40.png
T2V_data/VIDGEN-1M_unzip/X3Xm3AHu-aA-Scene-0006.mp4,"In the video, a man is seen operating a meat grinder. He is wearing a white shirt and blue gloves. The grinder is grinding a large amount of meat, which is being collected in a metal tray. The man is using his hands to guide the meat into the grinder and is turning a handle to operate the machine. The meat is being ground into fine pieces, and the tray is filling up with the ground meat. The man appears to be focused on his task, and the grinder is making a loud noise as it grinds the meat.",T2V_data/label/vidgen_filter_gemini_part_0_dpo_13/X3Xm3AHu-aA-Scene-0006/depth.mp4,T2V_data/label/vidgen_filter_gemini_part_0_dpo_13/X3Xm3AHu-aA-Scene-0006/entity_60.png
T2V_data/VIDGEN-1M_unzip/X3Xm3AHu-aA-Scene-0006.mp4,"In the video, a man is seen operating a meat grinder. He is wearing a white shirt and blue gloves. The grinder is grinding a large amount of meat, which is being collected in a metal tray. The man is using his hands to guide the meat into the grinder and is turning a handle to operate the machine. The meat is being ground into fine pieces, and the tray is filling up with the ground meat. The man appears to be focused on his task, and the grinder is making a loud noise as it grinds the meat.",T2V_data/label/vidgen_filter_gemini_part_0_dpo_13/X3Xm3AHu-aA-Scene-0006/entity_60.mp4,T2V_data/label/vidgen_filter_gemini_part_0_dpo_13/X3Xm3AHu-aA-Scene-0006/entity_60.png
T2V_data/VIDGEN-1M_unzip/X53Mmz75ReI-Scene-0056.mp4,"In the video, a young man with curly blonde hair is standing in an indoor basketball court. He is wearing a white t-shirt and holding a basketball in his right hand. The man is talking to the camera, and then he throws the basketball up in the air and catches it. He repeats this action several times, throwing the ball up and catching it. The background shows a blue wall with a basketball hoop and an American flag hanging on it. The lighting in the gym is bright, and the man appears to be alone in the court.",T2V_data/label/vidgen_filter_gemini_part_0_dpo_13/X53Mmz75ReI-Scene-0056/depth.mp4,T2V_data/label/vidgen_filter_gemini_part_0_dpo_13/X53Mmz75ReI-Scene-0056/entity_40.png
T2V_data/VIDGEN-1M_unzip/X53Mmz75ReI-Scene-0056.mp4,"In the video, a young man with curly blonde hair is standing in an indoor basketball court. He is wearing a white t-shirt and holding a basketball in his right hand. The man is talking to the camera, and then he throws the basketball up in the air and catches it. He repeats this action several times, throwing the ball up and catching it. The background shows a blue wall with a basketball hoop and an American flag hanging on it. The lighting in the gym is bright, and the man appears to be alone in the court.",T2V_data/label/vidgen_filter_gemini_part_0_dpo_13/X53Mmz75ReI-Scene-0056/entity_40.mp4,T2V_data/label/vidgen_filter_gemini_part_0_dpo_13/X53Mmz75ReI-Scene-0056/entity_40.png
T2V_data/VIDGEN-1M_unzip/XJsLq-5jp8M-Scene-0065.mp4,"In the video, there are two women sitting at a table. The woman on the left is wearing a pink shirt and the woman on the right is wearing a blue shirt. They are both playing with slime. The woman on the left is holding a green slime and the woman on the right is holding a pink slime. They are both stretching and playing with the slime. The background is a white wall.",T2V_data/label/vidgen_filter_gemini_part_0_dpo_13/XJsLq-5jp8M-Scene-0065/depth.mp4,T2V_data/label/vidgen_filter_gemini_part_0_dpo_13/XJsLq-5jp8M-Scene-0065/entity_20.png
T2V_data/VIDGEN-1M_unzip/XJsLq-5jp8M-Scene-0065.mp4,"In the video, there are two women sitting at a table. The woman on the left is wearing a pink shirt and the woman on the right is wearing a blue shirt. They are both playing with slime. The woman on the left is holding a green slime and the woman on the right is holding a pink slime. They are both stretching and playing with the slime. The background is a white wall.",T2V_data/label/vidgen_filter_gemini_part_0_dpo_13/XJsLq-5jp8M-Scene-0065/entity_20.mp4,T2V_data/label/vidgen_filter_gemini_part_0_dpo_13/XJsLq-5jp8M-Scene-0065/entity_20.png
T2V_data/VIDGEN-1M_unzip/Y6b9Ijd0qDM-Scene-0030.mp4,"In the video, a man is seen using a yellow grinder to cut through a piece of wood. The grinder is held firmly in his hands as he moves it back and forth, creating a cloud of dust. The man is wearing a blue shirt, and the background is not clearly visible due to the dust. The grinder appears to be in good condition, and the man seems to be experienced in using it. The wood being cut is not specified, but it appears to be a thick piece.",T2V_data/label/vidgen_filter_gemini_part_0_dpo_13/Y6b9Ijd0qDM-Scene-0030/depth.mp4,T2V_data/label/vidgen_filter_gemini_part_0_dpo_13/Y6b9Ijd0qDM-Scene-0030/entity_40.png
T2V_data/VIDGEN-1M_unzip/Y6b9Ijd0qDM-Scene-0030.mp4,"In the video, a man is seen using a yellow grinder to cut through a piece of wood. The grinder is held firmly in his hands as he moves it back and forth, creating a cloud of dust. The man is wearing a blue shirt, and the background is not clearly visible due to the dust. The grinder appears to be in good condition, and the man seems to be experienced in using it. The wood being cut is not specified, but it appears to be a thick piece.",T2V_data/label/vidgen_filter_gemini_part_0_dpo_13/Y6b9Ijd0qDM-Scene-0030/entity_40.mp4,T2V_data/label/vidgen_filter_gemini_part_0_dpo_13/Y6b9Ijd0qDM-Scene-0030/entity_40.png
T2V_data/VIDGEN-1M_unzip/Y6b9Ijd0qDM-Scene-0030.mp4,"In the video, a man is seen using a yellow grinder to cut through a piece of wood. The grinder is held firmly in his hands as he moves it back and forth, creating a cloud of dust. The man is wearing a blue shirt, and the background is not clearly visible due to the dust. The grinder appears to be in good condition, and the man seems to be experienced in using it. The wood being cut is not specified, but it appears to be a thick piece.",T2V_data/label/vidgen_filter_gemini_part_0_dpo_13/Y6b9Ijd0qDM-Scene-0030/depth.mp4,T2V_data/label/vidgen_filter_gemini_part_0_dpo_13/Y6b9Ijd0qDM-Scene-0030/entity_60.png
T2V_data/VIDGEN-1M_unzip/Y6b9Ijd0qDM-Scene-0030.mp4,"In the video, a man is seen using a yellow grinder to cut through a piece of wood. The grinder is held firmly in his hands as he moves it back and forth, creating a cloud of dust. The man is wearing a blue shirt, and the background is not clearly visible due to the dust. The grinder appears to be in good condition, and the man seems to be experienced in using it. The wood being cut is not specified, but it appears to be a thick piece.",T2V_data/label/vidgen_filter_gemini_part_0_dpo_13/Y6b9Ijd0qDM-Scene-0030/entity_60.mp4,T2V_data/label/vidgen_filter_gemini_part_0_dpo_13/Y6b9Ijd0qDM-Scene-0030/entity_60.png
T2V_data/VIDGEN-1M_unzip/Y7sF4kZn6Zo-Scene-0043.mp4,The video features a white Porsche driving on a road. The car has a black stripe on the hood and is driving at a high speed. The background consists of a grassy area and trees. The car is in motion throughout the video.,T2V_data/label/vidgen_filter_gemini_part_0_dpo_13/Y7sF4kZn6Zo-Scene-0043/depth.mp4,T2V_data/label/vidgen_filter_gemini_part_0_dpo_13/Y7sF4kZn6Zo-Scene-0043/entity_20.png
T2V_data/VIDGEN-1M_unzip/Y7sF4kZn6Zo-Scene-0043.mp4,The video features a white Porsche driving on a road. The car has a black stripe on the hood and is driving at a high speed. The background consists of a grassy area and trees. The car is in motion throughout the video.,T2V_data/label/vidgen_filter_gemini_part_0_dpo_13/Y7sF4kZn6Zo-Scene-0043/entity_20.mp4,T2V_data/label/vidgen_filter_gemini_part_0_dpo_13/Y7sF4kZn6Zo-Scene-0043/entity_20.png
T2V_data/VIDGEN-1M_unzip/YCRohFQ5ALY-Scene-0192.mp4,"In the video, a brown dog is seen lying on a striped floor. The dog is biting on a red and white striped rope toy that is being held by a person's hand. The dog appears to be enjoying the game and is actively pulling on the toy. The person's hand is visible, holding the toy, and the dog's teeth are visible as it bites down on the rope. The floor has a pattern of alternating light and dark stripes, providing a contrasting background to the dog's brown fur and the red and white toy. The dog's eyes are focused on the toy, and its ears are perked up, indicating its interest and excitement. The video captures a playful moment between the dog and the person, showcasing the bond between them.",T2V_data/label/vidgen_filter_gemini_part_0_dpo_13/YCRohFQ5ALY-Scene-0192/depth.mp4,T2V_data/label/vidgen_filter_gemini_part_0_dpo_13/YCRohFQ5ALY-Scene-0192/entity_40.png
T2V_data/VIDGEN-1M_unzip/YCRohFQ5ALY-Scene-0192.mp4,"In the video, a brown dog is seen lying on a striped floor. The dog is biting on a red and white striped rope toy that is being held by a person's hand. The dog appears to be enjoying the game and is actively pulling on the toy. The person's hand is visible, holding the toy, and the dog's teeth are visible as it bites down on the rope. The floor has a pattern of alternating light and dark stripes, providing a contrasting background to the dog's brown fur and the red and white toy. The dog's eyes are focused on the toy, and its ears are perked up, indicating its interest and excitement. The video captures a playful moment between the dog and the person, showcasing the bond between them.",T2V_data/label/vidgen_filter_gemini_part_0_dpo_13/YCRohFQ5ALY-Scene-0192/entity_40.mp4,T2V_data/label/vidgen_filter_gemini_part_0_dpo_13/YCRohFQ5ALY-Scene-0192/entity_40.png
T2V_data/VIDGEN-1M_unzip/YGGYYNJQUAw-Scene-0040.mp4,"In the video, a person is seen carving a roasted chicken. The chicken is placed on a white plate, and the person uses a knife to cut the meat off the bone. The person's hands are visible, and they are wearing a white shirt. The background is blurred, but it appears to be a kitchen setting. The chicken has a golden-brown skin and is cooked to perfection. The person carves the chicken with precision, removing the breast meat first, followed by the thighs and wings. The video ends with the person placing the carved chicken on the plate.",T2V_data/label/vidgen_filter_gemini_part_0_dpo_13/YGGYYNJQUAw-Scene-0040/depth.mp4,T2V_data/label/vidgen_filter_gemini_part_0_dpo_13/YGGYYNJQUAw-Scene-0040/entity_40.png
T2V_data/VIDGEN-1M_unzip/YGGYYNJQUAw-Scene-0040.mp4,"In the video, a person is seen carving a roasted chicken. The chicken is placed on a white plate, and the person uses a knife to cut the meat off the bone. The person's hands are visible, and they are wearing a white shirt. The background is blurred, but it appears to be a kitchen setting. The chicken has a golden-brown skin and is cooked to perfection. The person carves the chicken with precision, removing the breast meat first, followed by the thighs and wings. The video ends with the person placing the carved chicken on the plate.",T2V_data/label/vidgen_filter_gemini_part_0_dpo_13/YGGYYNJQUAw-Scene-0040/entity_40.mp4,T2V_data/label/vidgen_filter_gemini_part_0_dpo_13/YGGYYNJQUAw-Scene-0040/entity_40.png
T2V_data/VIDGEN-1M_unzip/YbouL1hOCLU-Scene-0050.mp4,"The video shows a man riding a reindeer through a river. The man is wearing a hat and a coat, and he is holding a stick. The reindeer is brown and white, and it is carrying the man on its back. The river is surrounded by snow-covered trees, and there is snow on the ground. The man and the reindeer are moving through the water, and the reindeer is walking on the snow-covered ground.",T2V_data/label/vidgen_filter_gemini_part_0_dpo_13/YbouL1hOCLU-Scene-0050/depth.mp4,T2V_data/label/vidgen_filter_gemini_part_0_dpo_13/YbouL1hOCLU-Scene-0050/entity_20.png
T2V_data/VIDGEN-1M_unzip/YbouL1hOCLU-Scene-0050.mp4,"The video shows a man riding a reindeer through a river. The man is wearing a hat and a coat, and he is holding a stick. The reindeer is brown and white, and it is carrying the man on its back. The river is surrounded by snow-covered trees, and there is snow on the ground. The man and the reindeer are moving through the water, and the reindeer is walking on the snow-covered ground.",T2V_data/label/vidgen_filter_gemini_part_0_dpo_13/YbouL1hOCLU-Scene-0050/entity_20.mp4,T2V_data/label/vidgen_filter_gemini_part_0_dpo_13/YbouL1hOCLU-Scene-0050/entity_20.png
T2V_data/VIDGEN-1M_unzip/YbouL1hOCLU-Scene-0050.mp4,"The video shows a man riding a reindeer through a river. The man is wearing a hat and a coat, and he is holding a stick. The reindeer is brown and white, and it is carrying the man on its back. The river is surrounded by snow-covered trees, and there is snow on the ground. The man and the reindeer are moving through the water, and the reindeer is walking on the snow-covered ground.",T2V_data/label/vidgen_filter_gemini_part_0_dpo_13/YbouL1hOCLU-Scene-0050/depth.mp4,T2V_data/label/vidgen_filter_gemini_part_0_dpo_13/YbouL1hOCLU-Scene-0050/entity_40.png
T2V_data/VIDGEN-1M_unzip/YbouL1hOCLU-Scene-0050.mp4,"The video shows a man riding a reindeer through a river. The man is wearing a hat and a coat, and he is holding a stick. The reindeer is brown and white, and it is carrying the man on its back. The river is surrounded by snow-covered trees, and there is snow on the ground. The man and the reindeer are moving through the water, and the reindeer is walking on the snow-covered ground.",T2V_data/label/vidgen_filter_gemini_part_0_dpo_13/YbouL1hOCLU-Scene-0050/entity_40.mp4,T2V_data/label/vidgen_filter_gemini_part_0_dpo_13/YbouL1hOCLU-Scene-0050/entity_40.png
T2V_data/VIDGEN-1M_unzip/YqEmqnlNuBs-Scene-0004.mp4,"The video shows a close-up of a person's fingers as they crack open a walnut. The person uses their thumb to pry the shell open, revealing the nut inside. The walnut is brown and appears to be freshly cracked, with some of the shell still attached to the nut. The person's fingers are visible in the frame, and they are using their thumb to apply pressure to the shell. The background is blurred, but it appears to be a kitchen counter.",T2V_data/label/vidgen_filter_gemini_part_0_dpo_13/YqEmqnlNuBs-Scene-0004/depth.mp4,T2V_data/label/vidgen_filter_gemini_part_0_dpo_13/YqEmqnlNuBs-Scene-0004/entity_20.png
T2V_data/VIDGEN-1M_unzip/YqEmqnlNuBs-Scene-0004.mp4,"The video shows a close-up of a person's fingers as they crack open a walnut. The person uses their thumb to pry the shell open, revealing the nut inside. The walnut is brown and appears to be freshly cracked, with some of the shell still attached to the nut. The person's fingers are visible in the frame, and they are using their thumb to apply pressure to the shell. The background is blurred, but it appears to be a kitchen counter.",T2V_data/label/vidgen_filter_gemini_part_0_dpo_13/YqEmqnlNuBs-Scene-0004/entity_20.mp4,T2V_data/label/vidgen_filter_gemini_part_0_dpo_13/YqEmqnlNuBs-Scene-0004/entity_20.png
T2V_data/VIDGEN-1M_unzip/Z80HNlyLZ9Q-Scene-0052.mp4,The video shows a young child climbing up a slide. The child is wearing a pink top and is seen from the waist up. The slide is red with yellow and white stripes on the sides. The child is holding onto the sides of the slide as they climb.,T2V_data/label/vidgen_filter_gemini_part_0_dpo_13/Z80HNlyLZ9Q-Scene-0052/depth.mp4,T2V_data/label/vidgen_filter_gemini_part_0_dpo_13/Z80HNlyLZ9Q-Scene-0052/entity_20.png
T2V_data/VIDGEN-1M_unzip/Z80HNlyLZ9Q-Scene-0052.mp4,The video shows a young child climbing up a slide. The child is wearing a pink top and is seen from the waist up. The slide is red with yellow and white stripes on the sides. The child is holding onto the sides of the slide as they climb.,T2V_data/label/vidgen_filter_gemini_part_0_dpo_13/Z80HNlyLZ9Q-Scene-0052/entity_20.mp4,T2V_data/label/vidgen_filter_gemini_part_0_dpo_13/Z80HNlyLZ9Q-Scene-0052/entity_20.png
T2V_data/VIDGEN-1M_unzip/ZgDJe10iqhc-Scene-0025.mp4,"The video shows a group of children playing a game of football in a field. The children are wearing helmets and jerseys, and they are running around and tackling each other. The coach is standing on the sidelines, watching the game. The children seem to be having fun and enjoying the game. The field is green and the sky is clear.",T2V_data/label/vidgen_filter_gemini_part_0_dpo_13/ZgDJe10iqhc-Scene-0025/depth.mp4,T2V_data/label/vidgen_filter_gemini_part_0_dpo_13/ZgDJe10iqhc-Scene-0025/entity_60.png
T2V_data/VIDGEN-1M_unzip/ZgDJe10iqhc-Scene-0025.mp4,"The video shows a group of children playing a game of football in a field. The children are wearing helmets and jerseys, and they are running around and tackling each other. The coach is standing on the sidelines, watching the game. The children seem to be having fun and enjoying the game. The field is green and the sky is clear.",T2V_data/label/vidgen_filter_gemini_part_0_dpo_13/ZgDJe10iqhc-Scene-0025/entity_60.mp4,T2V_data/label/vidgen_filter_gemini_part_0_dpo_13/ZgDJe10iqhc-Scene-0025/entity_60.png
T2V_data/VIDGEN-1M_unzip/ZhkGsvcLj8g-Scene-0057.mp4,"The video features a close-up of a small toy popcorn container. The container is predominantly white with red stripes and has a green button on the front. The toy has a face on the front, with eyes and a mouth. The container is being held by a person's hand, and the person is pressing the green button, causing the popcorn to move up and down. The background is blurred, but it appears to be a room with other toys.",T2V_data/label/vidgen_filter_gemini_part_0_dpo_13/ZhkGsvcLj8g-Scene-0057/depth.mp4,T2V_data/label/vidgen_filter_gemini_part_0_dpo_13/ZhkGsvcLj8g-Scene-0057/entity_40.png
T2V_data/VIDGEN-1M_unzip/ZhkGsvcLj8g-Scene-0057.mp4,"The video features a close-up of a small toy popcorn container. The container is predominantly white with red stripes and has a green button on the front. The toy has a face on the front, with eyes and a mouth. The container is being held by a person's hand, and the person is pressing the green button, causing the popcorn to move up and down. The background is blurred, but it appears to be a room with other toys.",T2V_data/label/vidgen_filter_gemini_part_0_dpo_13/ZhkGsvcLj8g-Scene-0057/entity_40.mp4,T2V_data/label/vidgen_filter_gemini_part_0_dpo_13/ZhkGsvcLj8g-Scene-0057/entity_40.png
T2V_data/VIDGEN-1M_unzip/ZyQYQdBN7aM-Scene-0032.mp4,"The video features a mixed martial arts fight between two fighters in a ring. One fighter, wearing black shorts, is seen throwing a punch at the other fighter, who is wearing blue shorts. The fighter in blue shorts defends himself by blocking the punch and then countering with a kick. The fighter in black shorts is knocked down to the ground as a result of the kick. The video captures the intensity and physicality of the sport, with the fighters displaying their skills and techniques.",T2V_data/label/vidgen_filter_gemini_part_0_dpo_13/ZyQYQdBN7aM-Scene-0032/depth.mp4,T2V_data/label/vidgen_filter_gemini_part_0_dpo_13/ZyQYQdBN7aM-Scene-0032/entity_20.png
T2V_data/VIDGEN-1M_unzip/ZyQYQdBN7aM-Scene-0032.mp4,"The video features a mixed martial arts fight between two fighters in a ring. One fighter, wearing black shorts, is seen throwing a punch at the other fighter, who is wearing blue shorts. The fighter in blue shorts defends himself by blocking the punch and then countering with a kick. The fighter in black shorts is knocked down to the ground as a result of the kick. The video captures the intensity and physicality of the sport, with the fighters displaying their skills and techniques.",T2V_data/label/vidgen_filter_gemini_part_0_dpo_13/ZyQYQdBN7aM-Scene-0032/entity_20.mp4,T2V_data/label/vidgen_filter_gemini_part_0_dpo_13/ZyQYQdBN7aM-Scene-0032/entity_20.png
T2V_data/VIDGEN-1M_unzip/ZyQYQdBN7aM-Scene-0032.mp4,"The video features a mixed martial arts fight between two fighters in a ring. One fighter, wearing black shorts, is seen throwing a punch at the other fighter, who is wearing blue shorts. The fighter in blue shorts defends himself by blocking the punch and then countering with a kick. The fighter in black shorts is knocked down to the ground as a result of the kick. The video captures the intensity and physicality of the sport, with the fighters displaying their skills and techniques.",T2V_data/label/vidgen_filter_gemini_part_0_dpo_13/ZyQYQdBN7aM-Scene-0032/depth.mp4,T2V_data/label/vidgen_filter_gemini_part_0_dpo_13/ZyQYQdBN7aM-Scene-0032/entity_60.png
T2V_data/VIDGEN-1M_unzip/ZyQYQdBN7aM-Scene-0032.mp4,"The video features a mixed martial arts fight between two fighters in a ring. One fighter, wearing black shorts, is seen throwing a punch at the other fighter, who is wearing blue shorts. The fighter in blue shorts defends himself by blocking the punch and then countering with a kick. The fighter in black shorts is knocked down to the ground as a result of the kick. The video captures the intensity and physicality of the sport, with the fighters displaying their skills and techniques.",T2V_data/label/vidgen_filter_gemini_part_0_dpo_13/ZyQYQdBN7aM-Scene-0032/entity_60.mp4,T2V_data/label/vidgen_filter_gemini_part_0_dpo_13/ZyQYQdBN7aM-Scene-0032/entity_60.png
T2V_data/VIDGEN-1M_unzip/_2MRoXuIk0Q-Scene-0024.mp4,"The video shows a person pouring a white liquid into a blue mold. The liquid is being poured from a clear plastic container. The mold is placed on a black surface, and there are other containers visible in the background. The person pouring the liquid is wearing a white shirt.",T2V_data/label/vidgen_filter_gemini_part_0_dpo_13/_2MRoXuIk0Q-Scene-0024/depth.mp4,T2V_data/label/vidgen_filter_gemini_part_0_dpo_13/_2MRoXuIk0Q-Scene-0024/entity_20.png
T2V_data/VIDGEN-1M_unzip/_2MRoXuIk0Q-Scene-0024.mp4,"The video shows a person pouring a white liquid into a blue mold. The liquid is being poured from a clear plastic container. The mold is placed on a black surface, and there are other containers visible in the background. The person pouring the liquid is wearing a white shirt.",T2V_data/label/vidgen_filter_gemini_part_0_dpo_13/_2MRoXuIk0Q-Scene-0024/entity_20.mp4,T2V_data/label/vidgen_filter_gemini_part_0_dpo_13/_2MRoXuIk0Q-Scene-0024/entity_20.png
T2V_data/VIDGEN-1M_unzip/_PUNZeuMG-c-Scene-0024.mp4,The video shows a black and white dog swimming in a pool. The dog is wearing a red collar and is swimming towards the camera. The water is blue and there are leaves floating on the surface. The dog is moving its head and paws to swim.,T2V_data/label/vidgen_filter_gemini_part_0_dpo_13/_PUNZeuMG-c-Scene-0024/depth.mp4,T2V_data/label/vidgen_filter_gemini_part_0_dpo_13/_PUNZeuMG-c-Scene-0024/entity_20.png
T2V_data/VIDGEN-1M_unzip/_PUNZeuMG-c-Scene-0024.mp4,The video shows a black and white dog swimming in a pool. The dog is wearing a red collar and is swimming towards the camera. The water is blue and there are leaves floating on the surface. The dog is moving its head and paws to swim.,T2V_data/label/vidgen_filter_gemini_part_0_dpo_13/_PUNZeuMG-c-Scene-0024/entity_20.mp4,T2V_data/label/vidgen_filter_gemini_part_0_dpo_13/_PUNZeuMG-c-Scene-0024/entity_20.png
T2V_data/VIDGEN-1M_unzip/_a4zsZ2Nlig-Scene-0062.mp4,"The video shows a close-up of a person's hand using an electric mixer to whip cream in a white bowl. The mixer has a metal whisk attachment that is spinning rapidly, causing the cream to become fluffy and peaked. In the background, there is a glass bowl filled with chocolate frosting, and a metal bowl with more chocolate frosting. The person's hand is steady, and the mixer is being used with precision to achieve the desired consistency of the whipped cream. The kitchen countertop is visible, and there are no other objects or people in the frame.",T2V_data/label/vidgen_filter_gemini_part_0_dpo_13/_a4zsZ2Nlig-Scene-0062/depth.mp4,T2V_data/label/vidgen_filter_gemini_part_0_dpo_13/_a4zsZ2Nlig-Scene-0062/entity_40.png
T2V_data/VIDGEN-1M_unzip/_a4zsZ2Nlig-Scene-0062.mp4,"The video shows a close-up of a person's hand using an electric mixer to whip cream in a white bowl. The mixer has a metal whisk attachment that is spinning rapidly, causing the cream to become fluffy and peaked. In the background, there is a glass bowl filled with chocolate frosting, and a metal bowl with more chocolate frosting. The person's hand is steady, and the mixer is being used with precision to achieve the desired consistency of the whipped cream. The kitchen countertop is visible, and there are no other objects or people in the frame.",T2V_data/label/vidgen_filter_gemini_part_0_dpo_13/_a4zsZ2Nlig-Scene-0062/entity_40.mp4,T2V_data/label/vidgen_filter_gemini_part_0_dpo_13/_a4zsZ2Nlig-Scene-0062/entity_40.png
T2V_data/VIDGEN-1M_unzip/a8dyiX1Ydbg-Scene-0013.mp4,The video shows a person's hand holding a knife and cutting up mushrooms on a cutting board. The mushrooms are being sliced into small pieces. The cutting board is made of wood and has a hole in the middle. The knife is black and appears to be sharp. The mushrooms are white and brown in color.,T2V_data/label/vidgen_filter_gemini_part_0_dpo_13/a8dyiX1Ydbg-Scene-0013/depth.mp4,T2V_data/label/vidgen_filter_gemini_part_0_dpo_13/a8dyiX1Ydbg-Scene-0013/entity_40.png
T2V_data/VIDGEN-1M_unzip/a8dyiX1Ydbg-Scene-0013.mp4,The video shows a person's hand holding a knife and cutting up mushrooms on a cutting board. The mushrooms are being sliced into small pieces. The cutting board is made of wood and has a hole in the middle. The knife is black and appears to be sharp. The mushrooms are white and brown in color.,T2V_data/label/vidgen_filter_gemini_part_0_dpo_13/a8dyiX1Ydbg-Scene-0013/entity_40.mp4,T2V_data/label/vidgen_filter_gemini_part_0_dpo_13/a8dyiX1Ydbg-Scene-0013/entity_40.png
T2V_data/VIDGEN-1M_unzip/aJ7i4YUrYo8-Scene-0082.mp4,"The video shows a man wearing a blue shirt and black pants working on a car. He is standing in front of the car with the hood open, revealing the engine. The man is holding a black plastic part in his hands, which he appears to be installing or adjusting on the car. The car is orange in color, and the engine is silver. The man is focused on his task and seems to be using a tool to secure the part in place. The background is a white garage with a white wall and a white floor.",T2V_data/label/vidgen_filter_gemini_part_0_dpo_13/aJ7i4YUrYo8-Scene-0082/depth.mp4,T2V_data/label/vidgen_filter_gemini_part_0_dpo_13/aJ7i4YUrYo8-Scene-0082/entity_20.png
T2V_data/VIDGEN-1M_unzip/aJ7i4YUrYo8-Scene-0082.mp4,"The video shows a man wearing a blue shirt and black pants working on a car. He is standing in front of the car with the hood open, revealing the engine. The man is holding a black plastic part in his hands, which he appears to be installing or adjusting on the car. The car is orange in color, and the engine is silver. The man is focused on his task and seems to be using a tool to secure the part in place. The background is a white garage with a white wall and a white floor.",T2V_data/label/vidgen_filter_gemini_part_0_dpo_13/aJ7i4YUrYo8-Scene-0082/entity_20.mp4,T2V_data/label/vidgen_filter_gemini_part_0_dpo_13/aJ7i4YUrYo8-Scene-0082/entity_20.png
T2V_data/VIDGEN-1M_unzip/aavwUzX6gLc-Scene-0080.mp4,"In the video, a person wearing black gloves is seen working on a car. The person is holding a metal rod with a circular end and is rotating it around the circular end of a metal piece. The person is using a tool to rotate the rod, and the metal piece is attached to a car part. The person is wearing a blue shirt and is standing in a garage. The background is blurred, but it appears to be a workshop or garage. The person is focused on the task at hand and is using the tool with precision. The metal rod and the circular end of the metal piece are both silver in color and appear to be made of steel. The person's movements are steady and controlled, indicating that they are experienced in this type of work.",T2V_data/label/vidgen_filter_gemini_part_0_dpo_13/aavwUzX6gLc-Scene-0080/depth.mp4,T2V_data/label/vidgen_filter_gemini_part_0_dpo_13/aavwUzX6gLc-Scene-0080/entity_40.png
T2V_data/VIDGEN-1M_unzip/aavwUzX6gLc-Scene-0080.mp4,"In the video, a person wearing black gloves is seen working on a car. The person is holding a metal rod with a circular end and is rotating it around the circular end of a metal piece. The person is using a tool to rotate the rod, and the metal piece is attached to a car part. The person is wearing a blue shirt and is standing in a garage. The background is blurred, but it appears to be a workshop or garage. The person is focused on the task at hand and is using the tool with precision. The metal rod and the circular end of the metal piece are both silver in color and appear to be made of steel. The person's movements are steady and controlled, indicating that they are experienced in this type of work.",T2V_data/label/vidgen_filter_gemini_part_0_dpo_13/aavwUzX6gLc-Scene-0080/entity_40.mp4,T2V_data/label/vidgen_filter_gemini_part_0_dpo_13/aavwUzX6gLc-Scene-0080/entity_40.png
T2V_data/VIDGEN-1M_unzip/ai_SuozFjxA-Scene-0318.mp4,"The video shows a person climbing down a rocky cave. The cave is dark, and the person is wearing a helmet with a light on it. The person is using their hands and feet to climb down the rocky surface. The cave walls are jagged and uneven, and the person appears to be moving slowly and carefully. The light from the helmet illuminates the cave walls, revealing the rough texture of the rock. The person's movements are deliberate and cautious, indicating the challenging nature of the climb.",T2V_data/label/vidgen_filter_gemini_part_0_dpo_13/ai_SuozFjxA-Scene-0318/depth.mp4,T2V_data/label/vidgen_filter_gemini_part_0_dpo_13/ai_SuozFjxA-Scene-0318/entity_20.png
T2V_data/VIDGEN-1M_unzip/ai_SuozFjxA-Scene-0318.mp4,"The video shows a person climbing down a rocky cave. The cave is dark, and the person is wearing a helmet with a light on it. The person is using their hands and feet to climb down the rocky surface. The cave walls are jagged and uneven, and the person appears to be moving slowly and carefully. The light from the helmet illuminates the cave walls, revealing the rough texture of the rock. The person's movements are deliberate and cautious, indicating the challenging nature of the climb.",T2V_data/label/vidgen_filter_gemini_part_0_dpo_13/ai_SuozFjxA-Scene-0318/entity_20.mp4,T2V_data/label/vidgen_filter_gemini_part_0_dpo_13/ai_SuozFjxA-Scene-0318/entity_20.png
T2V_data/VIDGEN-1M_unzip/b-3vxfOTFvU-Scene-0143.mp4,"In the video, a young boy is seen playing air hockey. He is wearing a white shirt and is standing on one side of the air hockey table. The boy is holding a black air hockey puck and is trying to hit it across the table towards the other side. The air hockey table has a white surface with red lines marking the playing area. There is a blue air hockey machine on the other side of the table. The boy is smiling and seems to be enjoying the game. The lighting in the room is dim, and there are no other people visible in the video.",T2V_data/label/vidgen_filter_gemini_part_0_dpo_13/b-3vxfOTFvU-Scene-0143/depth.mp4,T2V_data/label/vidgen_filter_gemini_part_0_dpo_13/b-3vxfOTFvU-Scene-0143/entity_20.png
T2V_data/VIDGEN-1M_unzip/b-3vxfOTFvU-Scene-0143.mp4,"In the video, a young boy is seen playing air hockey. He is wearing a white shirt and is standing on one side of the air hockey table. The boy is holding a black air hockey puck and is trying to hit it across the table towards the other side. The air hockey table has a white surface with red lines marking the playing area. There is a blue air hockey machine on the other side of the table. The boy is smiling and seems to be enjoying the game. The lighting in the room is dim, and there are no other people visible in the video.",T2V_data/label/vidgen_filter_gemini_part_0_dpo_13/b-3vxfOTFvU-Scene-0143/entity_20.mp4,T2V_data/label/vidgen_filter_gemini_part_0_dpo_13/b-3vxfOTFvU-Scene-0143/entity_20.png
T2V_data/VIDGEN-1M_unzip/b-SvyrjajHg-Scene-0106.mp4,"In the video, a man is seen riding a bike on a dirt track. He is wearing a white shirt and a black helmet. The man is holding onto the handlebars of the bike and is seen waving at the camera. The bike appears to be a dirt bike, and the man seems to be enjoying his ride. The dirt track is surrounded by trees and vegetation, indicating that the location is likely in a rural or forested area. The man's posture and the way he is holding onto the handlebars suggest that he is experienced in riding bikes. The video captures the thrill and excitement of outdoor activities and the beauty of nature.",T2V_data/label/vidgen_filter_gemini_part_0_dpo_13/b-SvyrjajHg-Scene-0106/depth.mp4,T2V_data/label/vidgen_filter_gemini_part_0_dpo_13/b-SvyrjajHg-Scene-0106/entity_20.png
T2V_data/VIDGEN-1M_unzip/b-SvyrjajHg-Scene-0106.mp4,"In the video, a man is seen riding a bike on a dirt track. He is wearing a white shirt and a black helmet. The man is holding onto the handlebars of the bike and is seen waving at the camera. The bike appears to be a dirt bike, and the man seems to be enjoying his ride. The dirt track is surrounded by trees and vegetation, indicating that the location is likely in a rural or forested area. The man's posture and the way he is holding onto the handlebars suggest that he is experienced in riding bikes. The video captures the thrill and excitement of outdoor activities and the beauty of nature.",T2V_data/label/vidgen_filter_gemini_part_0_dpo_13/b-SvyrjajHg-Scene-0106/entity_20.mp4,T2V_data/label/vidgen_filter_gemini_part_0_dpo_13/b-SvyrjajHg-Scene-0106/entity_20.png
T2V_data/VIDGEN-1M_unzip/b9bGSSsfaCw-Scene-0050.mp4,"In this video, we see a close-up shot of a person using a mortar and pestle to grind up a mixture of food. The person is using the pestle to crush the ingredients inside the mortar, which appears to be a traditional method of preparing food. The mixture includes a variety of ingredients, such as nuts, seeds, and possibly some spices. The person's hand is visible as they hold the pestle and apply pressure to grind the ingredients. The motion is repetitive and consistent, indicating that the person is experienced in using this tool. The sound of the pestle hitting the mortar can be heard, adding to the sensory experience of the video. Overall, this video provides a glimpse into a traditional method of food preparation that is still used in many cultures around the world.",T2V_data/label/vidgen_filter_gemini_part_0_dpo_13/b9bGSSsfaCw-Scene-0050/depth.mp4,T2V_data/label/vidgen_filter_gemini_part_0_dpo_13/b9bGSSsfaCw-Scene-0050/entity_40.png
T2V_data/VIDGEN-1M_unzip/b9bGSSsfaCw-Scene-0050.mp4,"In this video, we see a close-up shot of a person using a mortar and pestle to grind up a mixture of food. The person is using the pestle to crush the ingredients inside the mortar, which appears to be a traditional method of preparing food. The mixture includes a variety of ingredients, such as nuts, seeds, and possibly some spices. The person's hand is visible as they hold the pestle and apply pressure to grind the ingredients. The motion is repetitive and consistent, indicating that the person is experienced in using this tool. The sound of the pestle hitting the mortar can be heard, adding to the sensory experience of the video. Overall, this video provides a glimpse into a traditional method of food preparation that is still used in many cultures around the world.",T2V_data/label/vidgen_filter_gemini_part_0_dpo_13/b9bGSSsfaCw-Scene-0050/entity_40.mp4,T2V_data/label/vidgen_filter_gemini_part_0_dpo_13/b9bGSSsfaCw-Scene-0050/entity_40.png
T2V_data/VIDGEN-1M_unzip/bnkH4_0MY2s-Scene-0084.mp4,"In the video, a person is seen holding a can of cat food in their hand. The can is being tilted over a plate of cat food, and the contents are being poured onto the plate. The person uses a spoon to scoop out the food from the can and transfer it to the plate. The plate is already filled with cat food, and the new food being poured on top of it appears to be a different type or flavor. The person's hand is steady as they pour the food, and they seem to be careful not to spill any of it. The cat food on the plate has a brown color, and the can being poured from has a pink label. The background of the video is a plain surface, and there are no other objects or people visible in the frame.",T2V_data/label/vidgen_filter_gemini_part_0_dpo_13/bnkH4_0MY2s-Scene-0084/depth.mp4,T2V_data/label/vidgen_filter_gemini_part_0_dpo_13/bnkH4_0MY2s-Scene-0084/entity_40.png
T2V_data/VIDGEN-1M_unzip/bnkH4_0MY2s-Scene-0084.mp4,"In the video, a person is seen holding a can of cat food in their hand. The can is being tilted over a plate of cat food, and the contents are being poured onto the plate. The person uses a spoon to scoop out the food from the can and transfer it to the plate. The plate is already filled with cat food, and the new food being poured on top of it appears to be a different type or flavor. The person's hand is steady as they pour the food, and they seem to be careful not to spill any of it. The cat food on the plate has a brown color, and the can being poured from has a pink label. The background of the video is a plain surface, and there are no other objects or people visible in the frame.",T2V_data/label/vidgen_filter_gemini_part_0_dpo_13/bnkH4_0MY2s-Scene-0084/entity_40.mp4,T2V_data/label/vidgen_filter_gemini_part_0_dpo_13/bnkH4_0MY2s-Scene-0084/entity_40.png
T2V_data/VIDGEN-1M_unzip/bnkH4_0MY2s-Scene-0084.mp4,"In the video, a person is seen holding a can of cat food in their hand. The can is being tilted over a plate of cat food, and the contents are being poured onto the plate. The person uses a spoon to scoop out the food from the can and transfer it to the plate. The plate is already filled with cat food, and the new food being poured on top of it appears to be a different type or flavor. The person's hand is steady as they pour the food, and they seem to be careful not to spill any of it. The cat food on the plate has a brown color, and the can being poured from has a pink label. The background of the video is a plain surface, and there are no other objects or people visible in the frame.",T2V_data/label/vidgen_filter_gemini_part_0_dpo_13/bnkH4_0MY2s-Scene-0084/depth.mp4,T2V_data/label/vidgen_filter_gemini_part_0_dpo_13/bnkH4_0MY2s-Scene-0084/entity_60.png
T2V_data/VIDGEN-1M_unzip/bnkH4_0MY2s-Scene-0084.mp4,"In the video, a person is seen holding a can of cat food in their hand. The can is being tilted over a plate of cat food, and the contents are being poured onto the plate. The person uses a spoon to scoop out the food from the can and transfer it to the plate. The plate is already filled with cat food, and the new food being poured on top of it appears to be a different type or flavor. The person's hand is steady as they pour the food, and they seem to be careful not to spill any of it. The cat food on the plate has a brown color, and the can being poured from has a pink label. The background of the video is a plain surface, and there are no other objects or people visible in the frame.",T2V_data/label/vidgen_filter_gemini_part_0_dpo_13/bnkH4_0MY2s-Scene-0084/entity_60.mp4,T2V_data/label/vidgen_filter_gemini_part_0_dpo_13/bnkH4_0MY2s-Scene-0084/entity_60.png
T2V_data/VIDGEN-1M_unzip/cFE9dum75ss-Scene-0042.mp4,"In the video, a man is seen riding a BMX bike in a parking lot. He is wearing a gray shirt and white pants. The bike is black and has a white seat. The man is performing various tricks, including lifting the front wheel of the bike and spinning it around. He also does a wheelie, lifting the front wheel of the bike and balancing on the back wheel. The man's movements are smooth and controlled as he executes each trick with precision. The parking lot is empty, and there are no other people or vehicles visible in the video.",T2V_data/label/vidgen_filter_gemini_part_0_dpo_13/cFE9dum75ss-Scene-0042/depth.mp4,T2V_data/label/vidgen_filter_gemini_part_0_dpo_13/cFE9dum75ss-Scene-0042/entity_40.png
T2V_data/VIDGEN-1M_unzip/cFE9dum75ss-Scene-0042.mp4,"In the video, a man is seen riding a BMX bike in a parking lot. He is wearing a gray shirt and white pants. The bike is black and has a white seat. The man is performing various tricks, including lifting the front wheel of the bike and spinning it around. He also does a wheelie, lifting the front wheel of the bike and balancing on the back wheel. The man's movements are smooth and controlled as he executes each trick with precision. The parking lot is empty, and there are no other people or vehicles visible in the video.",T2V_data/label/vidgen_filter_gemini_part_0_dpo_13/cFE9dum75ss-Scene-0042/entity_40.mp4,T2V_data/label/vidgen_filter_gemini_part_0_dpo_13/cFE9dum75ss-Scene-0042/entity_40.png
T2V_data/VIDGEN-1M_unzip/cgGjBkyBIxQ-Scene-0087.mp4,"The video shows a speedboat moving quickly across the water, creating a large wake behind it. The boat is black and green in color, and it has the word ""M51"" written on the side. The driver of the boat is visible, and he is wearing a white shirt. The water is a deep blue color, and there are mountains in the background.",T2V_data/label/vidgen_filter_gemini_part_0_dpo_13/cgGjBkyBIxQ-Scene-0087/depth.mp4,T2V_data/label/vidgen_filter_gemini_part_0_dpo_13/cgGjBkyBIxQ-Scene-0087/entity_80.png
T2V_data/VIDGEN-1M_unzip/cgGjBkyBIxQ-Scene-0087.mp4,"The video shows a speedboat moving quickly across the water, creating a large wake behind it. The boat is black and green in color, and it has the word ""M51"" written on the side. The driver of the boat is visible, and he is wearing a white shirt. The water is a deep blue color, and there are mountains in the background.",T2V_data/label/vidgen_filter_gemini_part_0_dpo_13/cgGjBkyBIxQ-Scene-0087/entity_80.mp4,T2V_data/label/vidgen_filter_gemini_part_0_dpo_13/cgGjBkyBIxQ-Scene-0087/entity_80.png
T2V_data/VIDGEN-1M_unzip/cpProln2_R8-Scene-0014.mp4,"In the video, a woman is seen holding a black strap with a carabiner attached to it. She is using her hands to demonstrate how to open and close the carabiner. The carabiner is made of metal and has a spring-loaded gate that can be opened and closed by pushing it up and down. The woman's nails are painted with a clear polish, and she is wearing a bracelet on her wrist. The background is blurred, but it appears to be an indoor setting with a wooden floor.",T2V_data/label/vidgen_filter_gemini_part_0_dpo_13/cpProln2_R8-Scene-0014/depth.mp4,T2V_data/label/vidgen_filter_gemini_part_0_dpo_13/cpProln2_R8-Scene-0014/entity_60.png
T2V_data/VIDGEN-1M_unzip/cpProln2_R8-Scene-0014.mp4,"In the video, a woman is seen holding a black strap with a carabiner attached to it. She is using her hands to demonstrate how to open and close the carabiner. The carabiner is made of metal and has a spring-loaded gate that can be opened and closed by pushing it up and down. The woman's nails are painted with a clear polish, and she is wearing a bracelet on her wrist. The background is blurred, but it appears to be an indoor setting with a wooden floor.",T2V_data/label/vidgen_filter_gemini_part_0_dpo_13/cpProln2_R8-Scene-0014/entity_60.mp4,T2V_data/label/vidgen_filter_gemini_part_0_dpo_13/cpProln2_R8-Scene-0014/entity_60.png
T2V_data/VIDGEN-1M_unzip/ctb0TGqc4mg-Scene-0004.mp4,"The video shows a person using a juicer to extract juice from a grapefruit. The juicer is placed on a kitchen counter, and the person is seen pressing down on the fruit to extract the juice. The juicer is made of stainless steel and has a spout where the juice is collected. The person is wearing a ring on their left hand. The kitchen counter is made of granite, and there are other grapefruits and a glass of juice on the counter. The grapefruit being juiced is red and appears to be fresh.",T2V_data/label/vidgen_filter_gemini_part_0_dpo_13/ctb0TGqc4mg-Scene-0004/depth.mp4,T2V_data/label/vidgen_filter_gemini_part_0_dpo_13/ctb0TGqc4mg-Scene-0004/entity_20.png
T2V_data/VIDGEN-1M_unzip/ctb0TGqc4mg-Scene-0004.mp4,"The video shows a person using a juicer to extract juice from a grapefruit. The juicer is placed on a kitchen counter, and the person is seen pressing down on the fruit to extract the juice. The juicer is made of stainless steel and has a spout where the juice is collected. The person is wearing a ring on their left hand. The kitchen counter is made of granite, and there are other grapefruits and a glass of juice on the counter. The grapefruit being juiced is red and appears to be fresh.",T2V_data/label/vidgen_filter_gemini_part_0_dpo_13/ctb0TGqc4mg-Scene-0004/entity_20.mp4,T2V_data/label/vidgen_filter_gemini_part_0_dpo_13/ctb0TGqc4mg-Scene-0004/entity_20.png
T2V_data/VIDGEN-1M_unzip/ctb0TGqc4mg-Scene-0004.mp4,"The video shows a person using a juicer to extract juice from a grapefruit. The juicer is placed on a kitchen counter, and the person is seen pressing down on the fruit to extract the juice. The juicer is made of stainless steel and has a spout where the juice is collected. The person is wearing a ring on their left hand. The kitchen counter is made of granite, and there are other grapefruits and a glass of juice on the counter. The grapefruit being juiced is red and appears to be fresh.",T2V_data/label/vidgen_filter_gemini_part_0_dpo_13/ctb0TGqc4mg-Scene-0004/depth.mp4,T2V_data/label/vidgen_filter_gemini_part_0_dpo_13/ctb0TGqc4mg-Scene-0004/entity_80.png
T2V_data/VIDGEN-1M_unzip/ctb0TGqc4mg-Scene-0004.mp4,"The video shows a person using a juicer to extract juice from a grapefruit. The juicer is placed on a kitchen counter, and the person is seen pressing down on the fruit to extract the juice. The juicer is made of stainless steel and has a spout where the juice is collected. The person is wearing a ring on their left hand. The kitchen counter is made of granite, and there are other grapefruits and a glass of juice on the counter. The grapefruit being juiced is red and appears to be fresh.",T2V_data/label/vidgen_filter_gemini_part_0_dpo_13/ctb0TGqc4mg-Scene-0004/entity_80.mp4,T2V_data/label/vidgen_filter_gemini_part_0_dpo_13/ctb0TGqc4mg-Scene-0004/entity_80.png
T2V_data/VIDGEN-1M_unzip/d8VWBvxbdUw-Scene-0032.mp4,"The video shows a large, black and red vehicle with four wheels driving on a dirt track. The vehicle is kicking up a lot of dust as it moves along the track. The vehicle appears to be a type of off-road vehicle, possibly a monster truck or a similar type of vehicle designed for rough terrain. The track is surrounded by trees and other vegetation, indicating that the location is likely in a rural or forested area. The vehicle is moving at a high speed, and the driver seems to be skilled in handling the vehicle on the rough terrain. The video does not show any other vehicles or people, suggesting that the vehicle is the only one on the track at the time of recording.",T2V_data/label/vidgen_filter_gemini_part_0_dpo_13/d8VWBvxbdUw-Scene-0032/depth.mp4,T2V_data/label/vidgen_filter_gemini_part_0_dpo_13/d8VWBvxbdUw-Scene-0032/entity_20.png
T2V_data/VIDGEN-1M_unzip/d8VWBvxbdUw-Scene-0032.mp4,"The video shows a large, black and red vehicle with four wheels driving on a dirt track. The vehicle is kicking up a lot of dust as it moves along the track. The vehicle appears to be a type of off-road vehicle, possibly a monster truck or a similar type of vehicle designed for rough terrain. The track is surrounded by trees and other vegetation, indicating that the location is likely in a rural or forested area. The vehicle is moving at a high speed, and the driver seems to be skilled in handling the vehicle on the rough terrain. The video does not show any other vehicles or people, suggesting that the vehicle is the only one on the track at the time of recording.",T2V_data/label/vidgen_filter_gemini_part_0_dpo_13/d8VWBvxbdUw-Scene-0032/entity_20.mp4,T2V_data/label/vidgen_filter_gemini_part_0_dpo_13/d8VWBvxbdUw-Scene-0032/entity_20.png
T2V_data/VIDGEN-1M_unzip/dCsdMM9lAqQ-Scene-0081.mp4,"The video shows a claw machine filled with various stuffed animals. A person's hand is seen reaching into the machine and attempting to grab a white stuffed animal. The claw descends and grabs the white stuffed animal, lifting it out of the pile of other stuffed animals. The claw then lowers the white stuffed animal back into the pile. The video is shot in a room with other arcade games in the background.",T2V_data/label/vidgen_filter_gemini_part_0_dpo_13/dCsdMM9lAqQ-Scene-0081/depth.mp4,T2V_data/label/vidgen_filter_gemini_part_0_dpo_13/dCsdMM9lAqQ-Scene-0081/entity_60.png
T2V_data/VIDGEN-1M_unzip/dCsdMM9lAqQ-Scene-0081.mp4,"The video shows a claw machine filled with various stuffed animals. A person's hand is seen reaching into the machine and attempting to grab a white stuffed animal. The claw descends and grabs the white stuffed animal, lifting it out of the pile of other stuffed animals. The claw then lowers the white stuffed animal back into the pile. The video is shot in a room with other arcade games in the background.",T2V_data/label/vidgen_filter_gemini_part_0_dpo_13/dCsdMM9lAqQ-Scene-0081/entity_60.mp4,T2V_data/label/vidgen_filter_gemini_part_0_dpo_13/dCsdMM9lAqQ-Scene-0081/entity_60.png
T2V_data/VIDGEN-1M_unzip/dV8iJWA_jtk-Scene-0013.mp4,"In the video, a person is seen using a red and black power drill to drill a hole into a piece of wood. The drill is held firmly in the person's hand, and the drill bit is inserted into the wood, causing wood shavings to fly out as the drilling progresses. The person's hand is steady, and the drill is operated with precision. The background is blurred, but it appears to be a workshop or garage setting. The video focuses solely on the drilling process, with no other actions or objects in the frame.",T2V_data/label/vidgen_filter_gemini_part_0_dpo_13/dV8iJWA_jtk-Scene-0013/depth.mp4,T2V_data/label/vidgen_filter_gemini_part_0_dpo_13/dV8iJWA_jtk-Scene-0013/entity_40.png
T2V_data/VIDGEN-1M_unzip/dV8iJWA_jtk-Scene-0013.mp4,"In the video, a person is seen using a red and black power drill to drill a hole into a piece of wood. The drill is held firmly in the person's hand, and the drill bit is inserted into the wood, causing wood shavings to fly out as the drilling progresses. The person's hand is steady, and the drill is operated with precision. The background is blurred, but it appears to be a workshop or garage setting. The video focuses solely on the drilling process, with no other actions or objects in the frame.",T2V_data/label/vidgen_filter_gemini_part_0_dpo_13/dV8iJWA_jtk-Scene-0013/entity_40.mp4,T2V_data/label/vidgen_filter_gemini_part_0_dpo_13/dV8iJWA_jtk-Scene-0013/entity_40.png
T2V_data/VIDGEN-1M_unzip/doWBSbmzbp0-Scene-0016.mp4,"The video shows a close-up of a mixing bowl with a mixture being stirred by a mixer. The mixture appears to be a dark brown color, and the mixer is moving in a circular motion. The bowl is made of metal and is placed on a countertop. The mixer has a white attachment that is moving through the mixture.",T2V_data/label/vidgen_filter_gemini_part_0_dpo_13/doWBSbmzbp0-Scene-0016/depth.mp4,T2V_data/label/vidgen_filter_gemini_part_0_dpo_13/doWBSbmzbp0-Scene-0016/entity_20.png
T2V_data/VIDGEN-1M_unzip/doWBSbmzbp0-Scene-0016.mp4,"The video shows a close-up of a mixing bowl with a mixture being stirred by a mixer. The mixture appears to be a dark brown color, and the mixer is moving in a circular motion. The bowl is made of metal and is placed on a countertop. The mixer has a white attachment that is moving through the mixture.",T2V_data/label/vidgen_filter_gemini_part_0_dpo_13/doWBSbmzbp0-Scene-0016/entity_20.mp4,T2V_data/label/vidgen_filter_gemini_part_0_dpo_13/doWBSbmzbp0-Scene-0016/entity_20.png
T2V_data/VIDGEN-1M_unzip/eFtyklCIJ0s-Scene-0010.mp4,"The video shows a small dog with a blue ball on its back. The dog is seen walking around and then places the ball on the ground. The dog then catches the ball with its mouth. The video is shot in a room with a white floor and walls. The dog appears to be a small breed with a fluffy coat. The blue ball is small and round. The video is shot from a low angle, making the dog appear larger than it is. The dog seems to be enjoying playing with the ball.",T2V_data/label/vidgen_filter_gemini_part_0_dpo_13/eFtyklCIJ0s-Scene-0010/depth.mp4,T2V_data/label/vidgen_filter_gemini_part_0_dpo_13/eFtyklCIJ0s-Scene-0010/entity_20.png
T2V_data/VIDGEN-1M_unzip/eFtyklCIJ0s-Scene-0010.mp4,"The video shows a small dog with a blue ball on its back. The dog is seen walking around and then places the ball on the ground. The dog then catches the ball with its mouth. The video is shot in a room with a white floor and walls. The dog appears to be a small breed with a fluffy coat. The blue ball is small and round. The video is shot from a low angle, making the dog appear larger than it is. The dog seems to be enjoying playing with the ball.",T2V_data/label/vidgen_filter_gemini_part_0_dpo_13/eFtyklCIJ0s-Scene-0010/entity_20.mp4,T2V_data/label/vidgen_filter_gemini_part_0_dpo_13/eFtyklCIJ0s-Scene-0010/entity_20.png
T2V_data/VIDGEN-1M_unzip/eI5PSdsa5bM-Scene-0137.mp4,"The video shows a person driving a car with a black interior and a silver steering wheel. The driver's hands are visible on the steering wheel, and the car is moving on a road with trees and buildings on the sides. The dashboard has a silver logo in the center, and the speedometer is visible. The driver's hands are moving the steering wheel, and the car is accelerating.",T2V_data/label/vidgen_filter_gemini_part_0_dpo_13/eI5PSdsa5bM-Scene-0137/depth.mp4,T2V_data/label/vidgen_filter_gemini_part_0_dpo_13/eI5PSdsa5bM-Scene-0137/entity_40.png
T2V_data/VIDGEN-1M_unzip/eI5PSdsa5bM-Scene-0137.mp4,"The video shows a person driving a car with a black interior and a silver steering wheel. The driver's hands are visible on the steering wheel, and the car is moving on a road with trees and buildings on the sides. The dashboard has a silver logo in the center, and the speedometer is visible. The driver's hands are moving the steering wheel, and the car is accelerating.",T2V_data/label/vidgen_filter_gemini_part_0_dpo_13/eI5PSdsa5bM-Scene-0137/entity_40.mp4,T2V_data/label/vidgen_filter_gemini_part_0_dpo_13/eI5PSdsa5bM-Scene-0137/entity_40.png
T2V_data/VIDGEN-1M_unzip/eVHhEO8eFR0-Scene-0116.mp4,"The video shows a basketball game in progress. A player wearing a white jersey with the number 3 on it is seen dribbling the ball and then jumping to shoot it into the basket. The player is surrounded by other players, some wearing black jerseys and some wearing white jerseys. The crowd can be seen in the background, cheering and watching the game. The video is shot from the side of the court, capturing the action as it unfolds.",T2V_data/label/vidgen_filter_gemini_part_0_dpo_13/eVHhEO8eFR0-Scene-0116/depth.mp4,T2V_data/label/vidgen_filter_gemini_part_0_dpo_13/eVHhEO8eFR0-Scene-0116/entity_40.png
T2V_data/VIDGEN-1M_unzip/eVHhEO8eFR0-Scene-0116.mp4,"The video shows a basketball game in progress. A player wearing a white jersey with the number 3 on it is seen dribbling the ball and then jumping to shoot it into the basket. The player is surrounded by other players, some wearing black jerseys and some wearing white jerseys. The crowd can be seen in the background, cheering and watching the game. The video is shot from the side of the court, capturing the action as it unfolds.",T2V_data/label/vidgen_filter_gemini_part_0_dpo_13/eVHhEO8eFR0-Scene-0116/entity_40.mp4,T2V_data/label/vidgen_filter_gemini_part_0_dpo_13/eVHhEO8eFR0-Scene-0116/entity_40.png
T2V_data/VIDGEN-1M_unzip/eVrCHW9upTM-Scene-0006.mp4,"In the video, a person is using a table saw to cut a piece of wood. The person is holding the wood with one hand and using the other hand to push the saw through the wood. The saw is moving back and forth, cutting the wood into two pieces. The person is wearing a blue shirt and appears to be in a workshop or garage. The table saw is red and black and is placed on a metal table. The wood being cut is light brown and appears to be a piece of plywood. The video is shot from a side angle, showing the person's hands and the saw in action.",T2V_data/label/vidgen_filter_gemini_part_0_dpo_13/eVrCHW9upTM-Scene-0006/depth.mp4,T2V_data/label/vidgen_filter_gemini_part_0_dpo_13/eVrCHW9upTM-Scene-0006/entity_40.png
T2V_data/VIDGEN-1M_unzip/eVrCHW9upTM-Scene-0006.mp4,"In the video, a person is using a table saw to cut a piece of wood. The person is holding the wood with one hand and using the other hand to push the saw through the wood. The saw is moving back and forth, cutting the wood into two pieces. The person is wearing a blue shirt and appears to be in a workshop or garage. The table saw is red and black and is placed on a metal table. The wood being cut is light brown and appears to be a piece of plywood. The video is shot from a side angle, showing the person's hands and the saw in action.",T2V_data/label/vidgen_filter_gemini_part_0_dpo_13/eVrCHW9upTM-Scene-0006/entity_40.mp4,T2V_data/label/vidgen_filter_gemini_part_0_dpo_13/eVrCHW9upTM-Scene-0006/entity_40.png
T2V_data/VIDGEN-1M_unzip/eVrCHW9upTM-Scene-0006.mp4,"In the video, a person is using a table saw to cut a piece of wood. The person is holding the wood with one hand and using the other hand to push the saw through the wood. The saw is moving back and forth, cutting the wood into two pieces. The person is wearing a blue shirt and appears to be in a workshop or garage. The table saw is red and black and is placed on a metal table. The wood being cut is light brown and appears to be a piece of plywood. The video is shot from a side angle, showing the person's hands and the saw in action.",T2V_data/label/vidgen_filter_gemini_part_0_dpo_13/eVrCHW9upTM-Scene-0006/depth.mp4,T2V_data/label/vidgen_filter_gemini_part_0_dpo_13/eVrCHW9upTM-Scene-0006/entity_60.png
T2V_data/VIDGEN-1M_unzip/eVrCHW9upTM-Scene-0006.mp4,"In the video, a person is using a table saw to cut a piece of wood. The person is holding the wood with one hand and using the other hand to push the saw through the wood. The saw is moving back and forth, cutting the wood into two pieces. The person is wearing a blue shirt and appears to be in a workshop or garage. The table saw is red and black and is placed on a metal table. The wood being cut is light brown and appears to be a piece of plywood. The video is shot from a side angle, showing the person's hands and the saw in action.",T2V_data/label/vidgen_filter_gemini_part_0_dpo_13/eVrCHW9upTM-Scene-0006/entity_60.mp4,T2V_data/label/vidgen_filter_gemini_part_0_dpo_13/eVrCHW9upTM-Scene-0006/entity_60.png
T2V_data/VIDGEN-1M_unzip/ellLMJkyt9A-Scene-0011.mp4,"The video shows a close-up of a person's foot with a large wound on the toe. The wound is bleeding and appears to be infected. The person is wearing blue gloves and is using tweezers to clean the wound. The tweezers are silver and appear to be made of metal. The person is carefully cleaning the wound, removing any debris or dirt. The background is blurred, but it appears to be a medical setting.",T2V_data/label/vidgen_filter_gemini_part_0_dpo_13/ellLMJkyt9A-Scene-0011/depth.mp4,T2V_data/label/vidgen_filter_gemini_part_0_dpo_13/ellLMJkyt9A-Scene-0011/entity_40.png
T2V_data/VIDGEN-1M_unzip/ellLMJkyt9A-Scene-0011.mp4,"The video shows a close-up of a person's foot with a large wound on the toe. The wound is bleeding and appears to be infected. The person is wearing blue gloves and is using tweezers to clean the wound. The tweezers are silver and appear to be made of metal. The person is carefully cleaning the wound, removing any debris or dirt. The background is blurred, but it appears to be a medical setting.",T2V_data/label/vidgen_filter_gemini_part_0_dpo_13/ellLMJkyt9A-Scene-0011/entity_40.mp4,T2V_data/label/vidgen_filter_gemini_part_0_dpo_13/ellLMJkyt9A-Scene-0011/entity_40.png
T2V_data/VIDGEN-1M_unzip/fAOCFCTezgg-Scene-0098.mp4,"In the video, two men are seen working on a car tire. One of the men is using a tool to remove the tire from the rim, while the other man is holding the tire in place. The man with the tool is wearing a plaid shirt and jeans, and the other man is wearing a white shirt and black pants. The car is parked on the side of the road, and there is a green hose visible in the background. The tire has the words ""Good Year"" written on it in yellow letters. The men appear to be focused on their task and are working efficiently.",T2V_data/label/vidgen_filter_gemini_part_0_dpo_13/fAOCFCTezgg-Scene-0098/depth.mp4,T2V_data/label/vidgen_filter_gemini_part_0_dpo_13/fAOCFCTezgg-Scene-0098/entity_20.png
T2V_data/VIDGEN-1M_unzip/fAOCFCTezgg-Scene-0098.mp4,"In the video, two men are seen working on a car tire. One of the men is using a tool to remove the tire from the rim, while the other man is holding the tire in place. The man with the tool is wearing a plaid shirt and jeans, and the other man is wearing a white shirt and black pants. The car is parked on the side of the road, and there is a green hose visible in the background. The tire has the words ""Good Year"" written on it in yellow letters. The men appear to be focused on their task and are working efficiently.",T2V_data/label/vidgen_filter_gemini_part_0_dpo_13/fAOCFCTezgg-Scene-0098/entity_20.mp4,T2V_data/label/vidgen_filter_gemini_part_0_dpo_13/fAOCFCTezgg-Scene-0098/entity_20.png
T2V_data/VIDGEN-1M_unzip/f_QksCKiiLE-Scene-0129.mp4,"The video starts with a purple character standing in front of a mirror, holding a makeup brush. The character then puts on a crown and a bag, and starts to walk away. However, the character trips over a pile of clothes and falls to the ground. The video ends with the character lying on the ground.",T2V_data/label/vidgen_filter_gemini_part_0_dpo_13/f_QksCKiiLE-Scene-0129/depth.mp4,T2V_data/label/vidgen_filter_gemini_part_0_dpo_13/f_QksCKiiLE-Scene-0129/entity_20.png
T2V_data/VIDGEN-1M_unzip/f_QksCKiiLE-Scene-0129.mp4,"The video starts with a purple character standing in front of a mirror, holding a makeup brush. The character then puts on a crown and a bag, and starts to walk away. However, the character trips over a pile of clothes and falls to the ground. The video ends with the character lying on the ground.",T2V_data/label/vidgen_filter_gemini_part_0_dpo_13/f_QksCKiiLE-Scene-0129/entity_20.mp4,T2V_data/label/vidgen_filter_gemini_part_0_dpo_13/f_QksCKiiLE-Scene-0129/entity_20.png
T2V_data/VIDGEN-1M_unzip/f_QksCKiiLE-Scene-0129.mp4,"The video starts with a purple character standing in front of a mirror, holding a makeup brush. The character then puts on a crown and a bag, and starts to walk away. However, the character trips over a pile of clothes and falls to the ground. The video ends with the character lying on the ground.",T2V_data/label/vidgen_filter_gemini_part_0_dpo_13/f_QksCKiiLE-Scene-0129/depth.mp4,T2V_data/label/vidgen_filter_gemini_part_0_dpo_13/f_QksCKiiLE-Scene-0129/entity_40.png
T2V_data/VIDGEN-1M_unzip/f_QksCKiiLE-Scene-0129.mp4,"The video starts with a purple character standing in front of a mirror, holding a makeup brush. The character then puts on a crown and a bag, and starts to walk away. However, the character trips over a pile of clothes and falls to the ground. The video ends with the character lying on the ground.",T2V_data/label/vidgen_filter_gemini_part_0_dpo_13/f_QksCKiiLE-Scene-0129/entity_40.mp4,T2V_data/label/vidgen_filter_gemini_part_0_dpo_13/f_QksCKiiLE-Scene-0129/entity_40.png
T2V_data/VIDGEN-1M_unzip/frVmwxEwAWQ-Scene-0014.mp4,"The video shows a person working on a motorcycle engine. The person is using a wrench to remove a bolt from the engine. The engine is black and silver in color, and the person is wearing a red shirt. The person's hands are visible, and they appear to be experienced in handling the tools. The video is shot in a workshop setting, and there are various tools and parts visible in the background. The person's movements are precise and deliberate, indicating that they are knowledgeable about the process.",T2V_data/label/vidgen_filter_gemini_part_0_dpo_13/frVmwxEwAWQ-Scene-0014/depth.mp4,T2V_data/label/vidgen_filter_gemini_part_0_dpo_13/frVmwxEwAWQ-Scene-0014/entity_20.png
T2V_data/VIDGEN-1M_unzip/frVmwxEwAWQ-Scene-0014.mp4,"The video shows a person working on a motorcycle engine. The person is using a wrench to remove a bolt from the engine. The engine is black and silver in color, and the person is wearing a red shirt. The person's hands are visible, and they appear to be experienced in handling the tools. The video is shot in a workshop setting, and there are various tools and parts visible in the background. The person's movements are precise and deliberate, indicating that they are knowledgeable about the process.",T2V_data/label/vidgen_filter_gemini_part_0_dpo_13/frVmwxEwAWQ-Scene-0014/entity_20.mp4,T2V_data/label/vidgen_filter_gemini_part_0_dpo_13/frVmwxEwAWQ-Scene-0014/entity_20.png
T2V_data/VIDGEN-1M_unzip/fzEX0mLZbV4-Scene-0008.mp4,"The video shows a group of people rowing in a boat race. The rowers are using oars to propel their boats through the water. The boats are long and narrow, and the rowers are wearing life jackets for safety. The water is calm, and the rowers are moving at a steady pace. The background shows a crowd of spectators watching the race from the shore. The sky is clear, and the weather appears to be sunny and warm.",T2V_data/label/vidgen_filter_gemini_part_0_dpo_13/fzEX0mLZbV4-Scene-0008/depth.mp4,T2V_data/label/vidgen_filter_gemini_part_0_dpo_13/fzEX0mLZbV4-Scene-0008/entity_60.png
T2V_data/VIDGEN-1M_unzip/fzEX0mLZbV4-Scene-0008.mp4,"The video shows a group of people rowing in a boat race. The rowers are using oars to propel their boats through the water. The boats are long and narrow, and the rowers are wearing life jackets for safety. The water is calm, and the rowers are moving at a steady pace. The background shows a crowd of spectators watching the race from the shore. The sky is clear, and the weather appears to be sunny and warm.",T2V_data/label/vidgen_filter_gemini_part_0_dpo_13/fzEX0mLZbV4-Scene-0008/entity_60.mp4,T2V_data/label/vidgen_filter_gemini_part_0_dpo_13/fzEX0mLZbV4-Scene-0008/entity_60.png
T2V_data/VIDGEN-1M_unzip/gJPjltmzFJM-Scene-0096.mp4,"In the video, a person is seen holding a stick with a marshmallow on the end. The stick is being moved around in front of a large lizard, which is sitting on a rock. The lizard opens its mouth wide and attempts to catch the marshmallow with its tongue. The person continues to move the stick around, teasing the lizard, which continues to try and catch the marshmallow. The lizard is large and has a patterned skin, with shades of brown and tan. The stick is long and thin, and the marshmallow is white and round. The background is a rocky enclosure, possibly a zoo or a pet store.",T2V_data/label/vidgen_filter_gemini_part_0_dpo_13/gJPjltmzFJM-Scene-0096/depth.mp4,T2V_data/label/vidgen_filter_gemini_part_0_dpo_13/gJPjltmzFJM-Scene-0096/entity_20.png
T2V_data/VIDGEN-1M_unzip/gJPjltmzFJM-Scene-0096.mp4,"In the video, a person is seen holding a stick with a marshmallow on the end. The stick is being moved around in front of a large lizard, which is sitting on a rock. The lizard opens its mouth wide and attempts to catch the marshmallow with its tongue. The person continues to move the stick around, teasing the lizard, which continues to try and catch the marshmallow. The lizard is large and has a patterned skin, with shades of brown and tan. The stick is long and thin, and the marshmallow is white and round. The background is a rocky enclosure, possibly a zoo or a pet store.",T2V_data/label/vidgen_filter_gemini_part_0_dpo_13/gJPjltmzFJM-Scene-0096/entity_20.mp4,T2V_data/label/vidgen_filter_gemini_part_0_dpo_13/gJPjltmzFJM-Scene-0096/entity_20.png
T2V_data/VIDGEN-1M_unzip/gib5jsJW_Z4-Scene-0038.mp4,The video shows a red machine with a metal platform and a red arm. The machine is parked on a snowy ground. The arm of the machine is moving up and down. There are buildings in the background.,T2V_data/label/vidgen_filter_gemini_part_0_dpo_13/gib5jsJW_Z4-Scene-0038/depth.mp4,T2V_data/label/vidgen_filter_gemini_part_0_dpo_13/gib5jsJW_Z4-Scene-0038/entity_40.png
T2V_data/VIDGEN-1M_unzip/gib5jsJW_Z4-Scene-0038.mp4,The video shows a red machine with a metal platform and a red arm. The machine is parked on a snowy ground. The arm of the machine is moving up and down. There are buildings in the background.,T2V_data/label/vidgen_filter_gemini_part_0_dpo_13/gib5jsJW_Z4-Scene-0038/entity_40.mp4,T2V_data/label/vidgen_filter_gemini_part_0_dpo_13/gib5jsJW_Z4-Scene-0038/entity_40.png
T2V_data/VIDGEN-1M_unzip/glWCQH76j5o-Scene-0040.mp4,The video shows a car lift in a garage with a white car parked underneath it. The lift is slowly lowering the car to the ground. The car has a large spoiler on the back and the license plate is visible. The garage is well-lit and there are various tools and equipment visible in the background.,T2V_data/label/vidgen_filter_gemini_part_0_dpo_13/glWCQH76j5o-Scene-0040/depth.mp4,T2V_data/label/vidgen_filter_gemini_part_0_dpo_13/glWCQH76j5o-Scene-0040/entity_20.png
T2V_data/VIDGEN-1M_unzip/glWCQH76j5o-Scene-0040.mp4,The video shows a car lift in a garage with a white car parked underneath it. The lift is slowly lowering the car to the ground. The car has a large spoiler on the back and the license plate is visible. The garage is well-lit and there are various tools and equipment visible in the background.,T2V_data/label/vidgen_filter_gemini_part_0_dpo_13/glWCQH76j5o-Scene-0040/entity_20.mp4,T2V_data/label/vidgen_filter_gemini_part_0_dpo_13/glWCQH76j5o-Scene-0040/entity_20.png
T2V_data/VIDGEN-1M_unzip/h6BnEAGIkYc-Scene-0049.mp4,"The video shows a wrestling match between two wrestlers in a ring. One wrestler is lying on the ground while the other stands over him. The standing wrestler then picks up the other wrestler and throws him down onto the mat. The crowd can be seen in the background, cheering and clapping. The wrestlers are wearing typical wrestling attire, with one wrestler wearing black and gold and the other wearing blue and black. The ring is surrounded by ropes and the mat is white. The wrestlers are performing various wrestling moves, including lifts and throws.",T2V_data/label/vidgen_filter_gemini_part_0_dpo_13/h6BnEAGIkYc-Scene-0049/depth.mp4,T2V_data/label/vidgen_filter_gemini_part_0_dpo_13/h6BnEAGIkYc-Scene-0049/entity_20.png
T2V_data/VIDGEN-1M_unzip/h6BnEAGIkYc-Scene-0049.mp4,"The video shows a wrestling match between two wrestlers in a ring. One wrestler is lying on the ground while the other stands over him. The standing wrestler then picks up the other wrestler and throws him down onto the mat. The crowd can be seen in the background, cheering and clapping. The wrestlers are wearing typical wrestling attire, with one wrestler wearing black and gold and the other wearing blue and black. The ring is surrounded by ropes and the mat is white. The wrestlers are performing various wrestling moves, including lifts and throws.",T2V_data/label/vidgen_filter_gemini_part_0_dpo_13/h6BnEAGIkYc-Scene-0049/entity_20.mp4,T2V_data/label/vidgen_filter_gemini_part_0_dpo_13/h6BnEAGIkYc-Scene-0049/entity_20.png
T2V_data/VIDGEN-1M_unzip/havQ7Wyg41I-Scene-0102.mp4,"In the video, a person is holding two toy dinosaurs and moving them around as if they are fighting each other. The dinosaurs are made of plastic and are colored blue and orange. The person is using their hands to make the dinosaurs move and interact with each other. The background is a green table with a red container on it. The person's movements are deliberate and playful, as they make the dinosaurs appear to be in a mock battle. The video is shot in a close-up view, focusing on the dinosaurs and the person's hands.",T2V_data/label/vidgen_filter_gemini_part_0_dpo_13/havQ7Wyg41I-Scene-0102/depth.mp4,T2V_data/label/vidgen_filter_gemini_part_0_dpo_13/havQ7Wyg41I-Scene-0102/entity_40.png
T2V_data/VIDGEN-1M_unzip/havQ7Wyg41I-Scene-0102.mp4,"In the video, a person is holding two toy dinosaurs and moving them around as if they are fighting each other. The dinosaurs are made of plastic and are colored blue and orange. The person is using their hands to make the dinosaurs move and interact with each other. The background is a green table with a red container on it. The person's movements are deliberate and playful, as they make the dinosaurs appear to be in a mock battle. The video is shot in a close-up view, focusing on the dinosaurs and the person's hands.",T2V_data/label/vidgen_filter_gemini_part_0_dpo_13/havQ7Wyg41I-Scene-0102/entity_40.mp4,T2V_data/label/vidgen_filter_gemini_part_0_dpo_13/havQ7Wyg41I-Scene-0102/entity_40.png
T2V_data/VIDGEN-1M_unzip/hyQLoVhOPLM-Scene-0178.mp4,"In the video, a man is seen holding a hammer and a piece of hot metal. He places the metal on an anvil and begins to hammer it with the hammer. The man is wearing a black shirt and is standing in a workshop. The background is blurred, but it appears to be a workshop with various tools and equipment. The man is focused on his task and appears to be skilled in his craft. The metal is glowing red hot, indicating that it has been heated to a high temperature. The hammering produces sparks and the sound of metal hitting metal can be heard. The man's movements are deliberate and precise as he shapes the metal with each strike of the hammer.",T2V_data/label/vidgen_filter_gemini_part_0_dpo_13/hyQLoVhOPLM-Scene-0178/depth.mp4,T2V_data/label/vidgen_filter_gemini_part_0_dpo_13/hyQLoVhOPLM-Scene-0178/entity_60.png
T2V_data/VIDGEN-1M_unzip/hyQLoVhOPLM-Scene-0178.mp4,"In the video, a man is seen holding a hammer and a piece of hot metal. He places the metal on an anvil and begins to hammer it with the hammer. The man is wearing a black shirt and is standing in a workshop. The background is blurred, but it appears to be a workshop with various tools and equipment. The man is focused on his task and appears to be skilled in his craft. The metal is glowing red hot, indicating that it has been heated to a high temperature. The hammering produces sparks and the sound of metal hitting metal can be heard. The man's movements are deliberate and precise as he shapes the metal with each strike of the hammer.",T2V_data/label/vidgen_filter_gemini_part_0_dpo_13/hyQLoVhOPLM-Scene-0178/entity_60.mp4,T2V_data/label/vidgen_filter_gemini_part_0_dpo_13/hyQLoVhOPLM-Scene-0178/entity_60.png
T2V_data/VIDGEN-1M_unzip/i6eeBhGMi70-Scene-0143.mp4,"The video shows a person cooking pasta in a pot on a stove. The pot is placed on a black induction cooktop, and the person is using a wooden spoon to stir the pasta. The pasta appears to be boiling in the water, and steam can be seen rising from the pot. The person stirs the pasta several times, ensuring it is cooked evenly. The kitchen background is not visible, and the focus is on the pot and the cooking process.",T2V_data/label/vidgen_filter_gemini_part_0_dpo_13/i6eeBhGMi70-Scene-0143/depth.mp4,T2V_data/label/vidgen_filter_gemini_part_0_dpo_13/i6eeBhGMi70-Scene-0143/entity_20.png
T2V_data/VIDGEN-1M_unzip/i6eeBhGMi70-Scene-0143.mp4,"The video shows a person cooking pasta in a pot on a stove. The pot is placed on a black induction cooktop, and the person is using a wooden spoon to stir the pasta. The pasta appears to be boiling in the water, and steam can be seen rising from the pot. The person stirs the pasta several times, ensuring it is cooked evenly. The kitchen background is not visible, and the focus is on the pot and the cooking process.",T2V_data/label/vidgen_filter_gemini_part_0_dpo_13/i6eeBhGMi70-Scene-0143/entity_20.mp4,T2V_data/label/vidgen_filter_gemini_part_0_dpo_13/i6eeBhGMi70-Scene-0143/entity_20.png
T2V_data/VIDGEN-1M_unzip/i6eeBhGMi70-Scene-0143.mp4,"The video shows a person cooking pasta in a pot on a stove. The pot is placed on a black induction cooktop, and the person is using a wooden spoon to stir the pasta. The pasta appears to be boiling in the water, and steam can be seen rising from the pot. The person stirs the pasta several times, ensuring it is cooked evenly. The kitchen background is not visible, and the focus is on the pot and the cooking process.",T2V_data/label/vidgen_filter_gemini_part_0_dpo_13/i6eeBhGMi70-Scene-0143/depth.mp4,T2V_data/label/vidgen_filter_gemini_part_0_dpo_13/i6eeBhGMi70-Scene-0143/entity_80.png
T2V_data/VIDGEN-1M_unzip/i6eeBhGMi70-Scene-0143.mp4,"The video shows a person cooking pasta in a pot on a stove. The pot is placed on a black induction cooktop, and the person is using a wooden spoon to stir the pasta. The pasta appears to be boiling in the water, and steam can be seen rising from the pot. The person stirs the pasta several times, ensuring it is cooked evenly. The kitchen background is not visible, and the focus is on the pot and the cooking process.",T2V_data/label/vidgen_filter_gemini_part_0_dpo_13/i6eeBhGMi70-Scene-0143/entity_80.mp4,T2V_data/label/vidgen_filter_gemini_part_0_dpo_13/i6eeBhGMi70-Scene-0143/entity_80.png
T2V_data/VIDGEN-1M_unzip/i9IM8r8afO4-Scene-0134.mp4,"In the video, a woman is seen playing with a dog in a grassy area. The woman throws a frisbee, and the dog runs after it, catching it in its mouth. The dog then brings the frisbee back to the woman, who is standing in the grass. The dog is medium-sized with a brown and black coat, and the woman is wearing a blue shirt and jeans. The grass is green, and there are trees in the background. The video captures the playful interaction between the woman and the dog as they enjoy the outdoors.",T2V_data/label/vidgen_filter_gemini_part_0_dpo_13/i9IM8r8afO4-Scene-0134/depth.mp4,T2V_data/label/vidgen_filter_gemini_part_0_dpo_13/i9IM8r8afO4-Scene-0134/entity_20.png
T2V_data/VIDGEN-1M_unzip/i9IM8r8afO4-Scene-0134.mp4,"In the video, a woman is seen playing with a dog in a grassy area. The woman throws a frisbee, and the dog runs after it, catching it in its mouth. The dog then brings the frisbee back to the woman, who is standing in the grass. The dog is medium-sized with a brown and black coat, and the woman is wearing a blue shirt and jeans. The grass is green, and there are trees in the background. The video captures the playful interaction between the woman and the dog as they enjoy the outdoors.",T2V_data/label/vidgen_filter_gemini_part_0_dpo_13/i9IM8r8afO4-Scene-0134/entity_20.mp4,T2V_data/label/vidgen_filter_gemini_part_0_dpo_13/i9IM8r8afO4-Scene-0134/entity_20.png
T2V_data/VIDGEN-1M_unzip/iavRBAEwtmg-Scene-0033.mp4,"The video shows a close-up view of a car engine. The engine is black and has a red cap on the side. The engine is surrounded by various components, including a black air filter and a white container with a yellow cap. The engine is in the process of being started, as indicated by the movement of the parts and the sound of the engine. The camera angle is from the front of the engine, providing a clear view of the components and their arrangement.",T2V_data/label/vidgen_filter_gemini_part_0_dpo_13/iavRBAEwtmg-Scene-0033/depth.mp4,T2V_data/label/vidgen_filter_gemini_part_0_dpo_13/iavRBAEwtmg-Scene-0033/entity_40.png
T2V_data/VIDGEN-1M_unzip/iavRBAEwtmg-Scene-0033.mp4,"The video shows a close-up view of a car engine. The engine is black and has a red cap on the side. The engine is surrounded by various components, including a black air filter and a white container with a yellow cap. The engine is in the process of being started, as indicated by the movement of the parts and the sound of the engine. The camera angle is from the front of the engine, providing a clear view of the components and their arrangement.",T2V_data/label/vidgen_filter_gemini_part_0_dpo_13/iavRBAEwtmg-Scene-0033/entity_40.mp4,T2V_data/label/vidgen_filter_gemini_part_0_dpo_13/iavRBAEwtmg-Scene-0033/entity_40.png
T2V_data/VIDGEN-1M_unzip/iellRHaSRes-Scene-0045.mp4,"The video shows a person's hands as they press down on a plastic bag filled with yellow fruit. The fruit appears to be pineapple, and the person is pressing down on the bag to remove any air bubbles. The bag is placed on a metal tray, and the person's hands are visible throughout the video. The person's movements are deliberate and careful, ensuring that the bag is sealed tightly. The video ends with the person giving a thumbs up, indicating that the bag is properly sealed.",T2V_data/label/vidgen_filter_gemini_part_0_dpo_13/iellRHaSRes-Scene-0045/depth.mp4,T2V_data/label/vidgen_filter_gemini_part_0_dpo_13/iellRHaSRes-Scene-0045/entity_40.png
T2V_data/VIDGEN-1M_unzip/iellRHaSRes-Scene-0045.mp4,"The video shows a person's hands as they press down on a plastic bag filled with yellow fruit. The fruit appears to be pineapple, and the person is pressing down on the bag to remove any air bubbles. The bag is placed on a metal tray, and the person's hands are visible throughout the video. The person's movements are deliberate and careful, ensuring that the bag is sealed tightly. The video ends with the person giving a thumbs up, indicating that the bag is properly sealed.",T2V_data/label/vidgen_filter_gemini_part_0_dpo_13/iellRHaSRes-Scene-0045/entity_40.mp4,T2V_data/label/vidgen_filter_gemini_part_0_dpo_13/iellRHaSRes-Scene-0045/entity_40.png
T2V_data/VIDGEN-1M_unzip/ipPKRBQziOA-Scene-0029.mp4,The video shows a person's hands working with clay on a wooden surface. The person rolls out a piece of clay with a rolling pin and then uses a star-shaped cutter to cut out a star from the clay. The person then uses a stick to poke a hole in the center of the star.,T2V_data/label/vidgen_filter_gemini_part_0_dpo_13/ipPKRBQziOA-Scene-0029/depth.mp4,T2V_data/label/vidgen_filter_gemini_part_0_dpo_13/ipPKRBQziOA-Scene-0029/entity_60.png
T2V_data/VIDGEN-1M_unzip/ipPKRBQziOA-Scene-0029.mp4,The video shows a person's hands working with clay on a wooden surface. The person rolls out a piece of clay with a rolling pin and then uses a star-shaped cutter to cut out a star from the clay. The person then uses a stick to poke a hole in the center of the star.,T2V_data/label/vidgen_filter_gemini_part_0_dpo_13/ipPKRBQziOA-Scene-0029/entity_60.mp4,T2V_data/label/vidgen_filter_gemini_part_0_dpo_13/ipPKRBQziOA-Scene-0029/entity_60.png
T2V_data/VIDGEN-1M_unzip/ipibzTE3BeY-Scene-0062.mp4,"The video shows a soccer player in a black uniform running on a field. He kicks a soccer ball towards the goal, and the ball goes in. The player is then seen running back towards the ball.",T2V_data/label/vidgen_filter_gemini_part_0_dpo_13/ipibzTE3BeY-Scene-0062/depth.mp4,T2V_data/label/vidgen_filter_gemini_part_0_dpo_13/ipibzTE3BeY-Scene-0062/entity_40.png
T2V_data/VIDGEN-1M_unzip/ipibzTE3BeY-Scene-0062.mp4,"The video shows a soccer player in a black uniform running on a field. He kicks a soccer ball towards the goal, and the ball goes in. The player is then seen running back towards the ball.",T2V_data/label/vidgen_filter_gemini_part_0_dpo_13/ipibzTE3BeY-Scene-0062/entity_40.mp4,T2V_data/label/vidgen_filter_gemini_part_0_dpo_13/ipibzTE3BeY-Scene-0062/entity_40.png
T2V_data/VIDGEN-1M_unzip/iprNSyBNACM-Scene-0003.mp4,"The video shows a close-up of a person's hand holding a small, dark-colored object. The object appears to be wet and has a shiny surface. The person's fingers are gently squeezing and twisting the object, causing it to change shape slightly. The background is blurred, but it seems to be an outdoor setting with greenery. The person's hand is the main focus of the video, and the object is the only other object in the frame. The person's movements are slow and deliberate, suggesting that they are examining the object carefully.",T2V_data/label/vidgen_filter_gemini_part_0_dpo_13/iprNSyBNACM-Scene-0003/depth.mp4,T2V_data/label/vidgen_filter_gemini_part_0_dpo_13/iprNSyBNACM-Scene-0003/entity_20.png
T2V_data/VIDGEN-1M_unzip/iprNSyBNACM-Scene-0003.mp4,"The video shows a close-up of a person's hand holding a small, dark-colored object. The object appears to be wet and has a shiny surface. The person's fingers are gently squeezing and twisting the object, causing it to change shape slightly. The background is blurred, but it seems to be an outdoor setting with greenery. The person's hand is the main focus of the video, and the object is the only other object in the frame. The person's movements are slow and deliberate, suggesting that they are examining the object carefully.",T2V_data/label/vidgen_filter_gemini_part_0_dpo_13/iprNSyBNACM-Scene-0003/entity_20.mp4,T2V_data/label/vidgen_filter_gemini_part_0_dpo_13/iprNSyBNACM-Scene-0003/entity_20.png
T2V_data/VIDGEN-1M_unzip/j6HPZhBQjeA-Scene-0035.mp4,"In the video, a person wearing white gloves is holding a yellow bag of soil and pouring it into a silver pan. The soil is dark brown and appears to be moist. The person is standing over the pan, and the camera is focused on their hands and the bag of soil. The background is not visible, but the lighting suggests that the person is indoors. The person's movements are deliberate and careful as they pour the soil into the pan.",T2V_data/label/vidgen_filter_gemini_part_0_dpo_13/j6HPZhBQjeA-Scene-0035/depth.mp4,T2V_data/label/vidgen_filter_gemini_part_0_dpo_13/j6HPZhBQjeA-Scene-0035/entity_20.png
T2V_data/VIDGEN-1M_unzip/j6HPZhBQjeA-Scene-0035.mp4,"In the video, a person wearing white gloves is holding a yellow bag of soil and pouring it into a silver pan. The soil is dark brown and appears to be moist. The person is standing over the pan, and the camera is focused on their hands and the bag of soil. The background is not visible, but the lighting suggests that the person is indoors. The person's movements are deliberate and careful as they pour the soil into the pan.",T2V_data/label/vidgen_filter_gemini_part_0_dpo_13/j6HPZhBQjeA-Scene-0035/entity_20.mp4,T2V_data/label/vidgen_filter_gemini_part_0_dpo_13/j6HPZhBQjeA-Scene-0035/entity_20.png
T2V_data/VIDGEN-1M_unzip/jgTb_366kHo-Scene-0080.mp4,"The video shows a close-up of a person's hand moving a gear shift back and forth. The gear shift is located in the center console of a car, and the person's hand is visible as they shift the gears. The gear shift appears to be made of metal and has a black handle. The surrounding area is dark, but the gear shift is well-lit, making it the focal point of the video.",T2V_data/label/vidgen_filter_gemini_part_0_dpo_13/jgTb_366kHo-Scene-0080/depth.mp4,T2V_data/label/vidgen_filter_gemini_part_0_dpo_13/jgTb_366kHo-Scene-0080/entity_20.png
T2V_data/VIDGEN-1M_unzip/jgTb_366kHo-Scene-0080.mp4,"The video shows a close-up of a person's hand moving a gear shift back and forth. The gear shift is located in the center console of a car, and the person's hand is visible as they shift the gears. The gear shift appears to be made of metal and has a black handle. The surrounding area is dark, but the gear shift is well-lit, making it the focal point of the video.",T2V_data/label/vidgen_filter_gemini_part_0_dpo_13/jgTb_366kHo-Scene-0080/entity_20.mp4,T2V_data/label/vidgen_filter_gemini_part_0_dpo_13/jgTb_366kHo-Scene-0080/entity_20.png
T2V_data/VIDGEN-1M_unzip/jrkzLzxxh38-Scene-0013.mp4,"The video shows a man surfing on a wave in the ocean. He is wearing a blue wetsuit and is riding a surfboard. The wave is large and the man is seen riding it with ease. The water is a deep blue color and the sky is clear. The man is the only person in the video and he is the focus of the shot. The video is shot from a distance, capturing the entire wave and the surfer.",T2V_data/label/vidgen_filter_gemini_part_0_dpo_13/jrkzLzxxh38-Scene-0013/depth.mp4,T2V_data/label/vidgen_filter_gemini_part_0_dpo_13/jrkzLzxxh38-Scene-0013/entity_40.png
T2V_data/VIDGEN-1M_unzip/jrkzLzxxh38-Scene-0013.mp4,"The video shows a man surfing on a wave in the ocean. He is wearing a blue wetsuit and is riding a surfboard. The wave is large and the man is seen riding it with ease. The water is a deep blue color and the sky is clear. The man is the only person in the video and he is the focus of the shot. The video is shot from a distance, capturing the entire wave and the surfer.",T2V_data/label/vidgen_filter_gemini_part_0_dpo_13/jrkzLzxxh38-Scene-0013/entity_40.mp4,T2V_data/label/vidgen_filter_gemini_part_0_dpo_13/jrkzLzxxh38-Scene-0013/entity_40.png
T2V_data/VIDGEN-1M_unzip/kEfISAjgZ20-Scene-0002.mp4,"The video shows a soccer player in a white jersey with the number 10 on it, attempting to control a soccer ball while another player in a yellow jersey is trying to block him. The player in the white jersey is wearing black shorts and white socks with black cleats. The player in the yellow jersey is wearing yellow shorts and black socks with yellow cleats. The soccer ball is white with black pentagons. The background shows a stadium filled with spectators.",T2V_data/label/vidgen_filter_gemini_part_0_dpo_13/kEfISAjgZ20-Scene-0002/depth.mp4,T2V_data/label/vidgen_filter_gemini_part_0_dpo_13/kEfISAjgZ20-Scene-0002/entity_20.png
T2V_data/VIDGEN-1M_unzip/kEfISAjgZ20-Scene-0002.mp4,"The video shows a soccer player in a white jersey with the number 10 on it, attempting to control a soccer ball while another player in a yellow jersey is trying to block him. The player in the white jersey is wearing black shorts and white socks with black cleats. The player in the yellow jersey is wearing yellow shorts and black socks with yellow cleats. The soccer ball is white with black pentagons. The background shows a stadium filled with spectators.",T2V_data/label/vidgen_filter_gemini_part_0_dpo_13/kEfISAjgZ20-Scene-0002/entity_20.mp4,T2V_data/label/vidgen_filter_gemini_part_0_dpo_13/kEfISAjgZ20-Scene-0002/entity_20.png
T2V_data/VIDGEN-1M_unzip/kEfISAjgZ20-Scene-0002.mp4,"The video shows a soccer player in a white jersey with the number 10 on it, attempting to control a soccer ball while another player in a yellow jersey is trying to block him. The player in the white jersey is wearing black shorts and white socks with black cleats. The player in the yellow jersey is wearing yellow shorts and black socks with yellow cleats. The soccer ball is white with black pentagons. The background shows a stadium filled with spectators.",T2V_data/label/vidgen_filter_gemini_part_0_dpo_13/kEfISAjgZ20-Scene-0002/depth.mp4,T2V_data/label/vidgen_filter_gemini_part_0_dpo_13/kEfISAjgZ20-Scene-0002/entity_40.png
T2V_data/VIDGEN-1M_unzip/kEfISAjgZ20-Scene-0002.mp4,"The video shows a soccer player in a white jersey with the number 10 on it, attempting to control a soccer ball while another player in a yellow jersey is trying to block him. The player in the white jersey is wearing black shorts and white socks with black cleats. The player in the yellow jersey is wearing yellow shorts and black socks with yellow cleats. The soccer ball is white with black pentagons. The background shows a stadium filled with spectators.",T2V_data/label/vidgen_filter_gemini_part_0_dpo_13/kEfISAjgZ20-Scene-0002/entity_40.mp4,T2V_data/label/vidgen_filter_gemini_part_0_dpo_13/kEfISAjgZ20-Scene-0002/entity_40.png
T2V_data/VIDGEN-1M_unzip/kTvb9sNpALc-Scene-0097.mp4,"The video shows a man in a gym wearing headphones and a black tank top. He is exercising on a weight machine, pulling down the handles with both hands. The man's muscles are well-defined, and he appears to be exerting a lot of effort as he works out. The gym is equipped with various exercise machines and weights in the background. The lighting is bright, and the focus is on the man's upper body as he performs his exercise routine.",T2V_data/label/vidgen_filter_gemini_part_0_dpo_13/kTvb9sNpALc-Scene-0097/depth.mp4,T2V_data/label/vidgen_filter_gemini_part_0_dpo_13/kTvb9sNpALc-Scene-0097/entity_20.png
T2V_data/VIDGEN-1M_unzip/kTvb9sNpALc-Scene-0097.mp4,"The video shows a man in a gym wearing headphones and a black tank top. He is exercising on a weight machine, pulling down the handles with both hands. The man's muscles are well-defined, and he appears to be exerting a lot of effort as he works out. The gym is equipped with various exercise machines and weights in the background. The lighting is bright, and the focus is on the man's upper body as he performs his exercise routine.",T2V_data/label/vidgen_filter_gemini_part_0_dpo_13/kTvb9sNpALc-Scene-0097/entity_20.mp4,T2V_data/label/vidgen_filter_gemini_part_0_dpo_13/kTvb9sNpALc-Scene-0097/entity_20.png
T2V_data/VIDGEN-1M_unzip/kkb9EvCoYD0-Scene-0090.mp4,The video shows a man riding a motorcycle on a curvy road. The man is wearing a helmet and a brown jacket. The motorcycle is black and white with a gold front. The road is surrounded by mountains and there is a guardrail on the side. The man is leaning into the curve as he rides the motorcycle.,T2V_data/label/vidgen_filter_gemini_part_0_dpo_13/kkb9EvCoYD0-Scene-0090/depth.mp4,T2V_data/label/vidgen_filter_gemini_part_0_dpo_13/kkb9EvCoYD0-Scene-0090/entity_40.png
T2V_data/VIDGEN-1M_unzip/kkb9EvCoYD0-Scene-0090.mp4,The video shows a man riding a motorcycle on a curvy road. The man is wearing a helmet and a brown jacket. The motorcycle is black and white with a gold front. The road is surrounded by mountains and there is a guardrail on the side. The man is leaning into the curve as he rides the motorcycle.,T2V_data/label/vidgen_filter_gemini_part_0_dpo_13/kkb9EvCoYD0-Scene-0090/entity_40.mp4,T2V_data/label/vidgen_filter_gemini_part_0_dpo_13/kkb9EvCoYD0-Scene-0090/entity_40.png
T2V_data/VIDGEN-1M_unzip/kvfAe8kygTI-Scene-0006.mp4,"The video shows a man wearing a red shirt and gray pants skateboarding in a driveway. He performs several tricks, including riding up and down a ramp and jumping over a wooden fence. The man also does a handstand on the skateboard and rides it backwards. The video captures the man's skateboarding skills and his ability to perform various tricks.",T2V_data/label/vidgen_filter_gemini_part_0_dpo_13/kvfAe8kygTI-Scene-0006/depth.mp4,T2V_data/label/vidgen_filter_gemini_part_0_dpo_13/kvfAe8kygTI-Scene-0006/entity_40.png
T2V_data/VIDGEN-1M_unzip/kvfAe8kygTI-Scene-0006.mp4,"The video shows a man wearing a red shirt and gray pants skateboarding in a driveway. He performs several tricks, including riding up and down a ramp and jumping over a wooden fence. The man also does a handstand on the skateboard and rides it backwards. The video captures the man's skateboarding skills and his ability to perform various tricks.",T2V_data/label/vidgen_filter_gemini_part_0_dpo_13/kvfAe8kygTI-Scene-0006/entity_40.mp4,T2V_data/label/vidgen_filter_gemini_part_0_dpo_13/kvfAe8kygTI-Scene-0006/entity_40.png
T2V_data/VIDGEN-1M_unzip/l6MCfDaim0k-Scene-0007.mp4,"In the video, a person is seen holding a pair of scissors and cutting open a package. The package appears to be made of bubble wrap and is being cut open with the scissors. The person's hands are visible as they handle the scissors and the package. The background is not clearly visible, but it seems to be a dark surface. The scissors have blue handles, and the package is transparent with visible bubbles. The person's actions are deliberate and careful as they cut through the bubble wrap.",T2V_data/label/vidgen_filter_gemini_part_0_dpo_13/l6MCfDaim0k-Scene-0007/depth.mp4,T2V_data/label/vidgen_filter_gemini_part_0_dpo_13/l6MCfDaim0k-Scene-0007/entity_60.png
T2V_data/VIDGEN-1M_unzip/l6MCfDaim0k-Scene-0007.mp4,"In the video, a person is seen holding a pair of scissors and cutting open a package. The package appears to be made of bubble wrap and is being cut open with the scissors. The person's hands are visible as they handle the scissors and the package. The background is not clearly visible, but it seems to be a dark surface. The scissors have blue handles, and the package is transparent with visible bubbles. The person's actions are deliberate and careful as they cut through the bubble wrap.",T2V_data/label/vidgen_filter_gemini_part_0_dpo_13/l6MCfDaim0k-Scene-0007/entity_60.mp4,T2V_data/label/vidgen_filter_gemini_part_0_dpo_13/l6MCfDaim0k-Scene-0007/entity_60.png
T2V_data/VIDGEN-1M_unzip/l6MCfDaim0k-Scene-0007.mp4,"In the video, a person is seen holding a pair of scissors and cutting open a package. The package appears to be made of bubble wrap and is being cut open with the scissors. The person's hands are visible as they handle the scissors and the package. The background is not clearly visible, but it seems to be a dark surface. The scissors have blue handles, and the package is transparent with visible bubbles. The person's actions are deliberate and careful as they cut through the bubble wrap.",T2V_data/label/vidgen_filter_gemini_part_0_dpo_13/l6MCfDaim0k-Scene-0007/depth.mp4,T2V_data/label/vidgen_filter_gemini_part_0_dpo_13/l6MCfDaim0k-Scene-0007/entity_80.png
T2V_data/VIDGEN-1M_unzip/l6MCfDaim0k-Scene-0007.mp4,"In the video, a person is seen holding a pair of scissors and cutting open a package. The package appears to be made of bubble wrap and is being cut open with the scissors. The person's hands are visible as they handle the scissors and the package. The background is not clearly visible, but it seems to be a dark surface. The scissors have blue handles, and the package is transparent with visible bubbles. The person's actions are deliberate and careful as they cut through the bubble wrap.",T2V_data/label/vidgen_filter_gemini_part_0_dpo_13/l6MCfDaim0k-Scene-0007/entity_80.mp4,T2V_data/label/vidgen_filter_gemini_part_0_dpo_13/l6MCfDaim0k-Scene-0007/entity_80.png
T2V_data/VIDGEN-1M_unzip/m9Xm7Dkwx8E-Scene-0015.mp4,"In the video, a person is seen cutting a white onion on a wooden cutting board. The person uses a knife to cut the onion into small pieces. The onion is cut into thin slices, and the person then proceeds to cut the slices into smaller pieces. The person's hands are visible, and they are wearing a ring on their left hand. The cutting board is made of wood, and the knife has a silver blade with a black handle. The onion is white, and the person is cutting it with precision.",T2V_data/label/vidgen_filter_gemini_part_0_dpo_13/m9Xm7Dkwx8E-Scene-0015/depth.mp4,T2V_data/label/vidgen_filter_gemini_part_0_dpo_13/m9Xm7Dkwx8E-Scene-0015/entity_80.png
T2V_data/VIDGEN-1M_unzip/m9Xm7Dkwx8E-Scene-0015.mp4,"In the video, a person is seen cutting a white onion on a wooden cutting board. The person uses a knife to cut the onion into small pieces. The onion is cut into thin slices, and the person then proceeds to cut the slices into smaller pieces. The person's hands are visible, and they are wearing a ring on their left hand. The cutting board is made of wood, and the knife has a silver blade with a black handle. The onion is white, and the person is cutting it with precision.",T2V_data/label/vidgen_filter_gemini_part_0_dpo_13/m9Xm7Dkwx8E-Scene-0015/entity_80.mp4,T2V_data/label/vidgen_filter_gemini_part_0_dpo_13/m9Xm7Dkwx8E-Scene-0015/entity_80.png
T2V_data/VIDGEN-1M_unzip/nZKL7Mrj5Bw-Scene-0097.mp4,"The video shows a red toy truck with six wheels driving through a muddy area. The truck is covered in mud, and it is moving slowly through the muddy terrain. The truck appears to be a remote-controlled vehicle, and it is the only object in the video. The mud is brown and thick, and the truck is making a trail as it moves through it. The video is shot from a side angle, and the truck is moving from left to right.",T2V_data/label/vidgen_filter_gemini_part_0_dpo_13/nZKL7Mrj5Bw-Scene-0097/depth.mp4,T2V_data/label/vidgen_filter_gemini_part_0_dpo_13/nZKL7Mrj5Bw-Scene-0097/entity_20.png
T2V_data/VIDGEN-1M_unzip/nZKL7Mrj5Bw-Scene-0097.mp4,"The video shows a red toy truck with six wheels driving through a muddy area. The truck is covered in mud, and it is moving slowly through the muddy terrain. The truck appears to be a remote-controlled vehicle, and it is the only object in the video. The mud is brown and thick, and the truck is making a trail as it moves through it. The video is shot from a side angle, and the truck is moving from left to right.",T2V_data/label/vidgen_filter_gemini_part_0_dpo_13/nZKL7Mrj5Bw-Scene-0097/entity_20.mp4,T2V_data/label/vidgen_filter_gemini_part_0_dpo_13/nZKL7Mrj5Bw-Scene-0097/entity_20.png
T2V_data/VIDGEN-1M_unzip/nzcp4eiFzIw-Scene-0081.mp4,"The video shows a close-up of a person's eye as they use an eyelash curler to curl their eyelashes. The eyelash curler is made of metal and has a handle that the person holds to apply pressure to the eyelashes. The person's eyelashes are curled and lifted upwards, and the eyelash curler is positioned on the upper eyelid near the lash line. The person's eye is open, and the eyelashes are visible. The skin around the eye is fair, and the eyelashes are long and dark. The video focuses on the action of curling the eyelashes and the effect it has on the appearance of the eye.",T2V_data/label/vidgen_filter_gemini_part_0_dpo_13/nzcp4eiFzIw-Scene-0081/depth.mp4,T2V_data/label/vidgen_filter_gemini_part_0_dpo_13/nzcp4eiFzIw-Scene-0081/entity_60.png
T2V_data/VIDGEN-1M_unzip/nzcp4eiFzIw-Scene-0081.mp4,"The video shows a close-up of a person's eye as they use an eyelash curler to curl their eyelashes. The eyelash curler is made of metal and has a handle that the person holds to apply pressure to the eyelashes. The person's eyelashes are curled and lifted upwards, and the eyelash curler is positioned on the upper eyelid near the lash line. The person's eye is open, and the eyelashes are visible. The skin around the eye is fair, and the eyelashes are long and dark. The video focuses on the action of curling the eyelashes and the effect it has on the appearance of the eye.",T2V_data/label/vidgen_filter_gemini_part_0_dpo_13/nzcp4eiFzIw-Scene-0081/entity_60.mp4,T2V_data/label/vidgen_filter_gemini_part_0_dpo_13/nzcp4eiFzIw-Scene-0081/entity_60.png
T2V_data/VIDGEN-1M_unzip/oUkMiKauFME-Scene-0015.mp4,"The video shows a person's hands kneading dough in a bowl. The person is using their hands to mix and fold the dough, which appears to be soft and pliable. The bowl is made of metal and is placed on a surface that is not visible in the video. The person's hands move quickly and with purpose, indicating that they are experienced in the process of kneading. The dough is off-white in color and has a sticky texture. There are no other objects or people visible in the video.",T2V_data/label/vidgen_filter_gemini_part_0_dpo_13/oUkMiKauFME-Scene-0015/depth.mp4,T2V_data/label/vidgen_filter_gemini_part_0_dpo_13/oUkMiKauFME-Scene-0015/entity_20.png
T2V_data/VIDGEN-1M_unzip/oUkMiKauFME-Scene-0015.mp4,"The video shows a person's hands kneading dough in a bowl. The person is using their hands to mix and fold the dough, which appears to be soft and pliable. The bowl is made of metal and is placed on a surface that is not visible in the video. The person's hands move quickly and with purpose, indicating that they are experienced in the process of kneading. The dough is off-white in color and has a sticky texture. There are no other objects or people visible in the video.",T2V_data/label/vidgen_filter_gemini_part_0_dpo_13/oUkMiKauFME-Scene-0015/entity_20.mp4,T2V_data/label/vidgen_filter_gemini_part_0_dpo_13/oUkMiKauFME-Scene-0015/entity_20.png
T2V_data/VIDGEN-1M_unzip/rD11s3RcadQ-Scene-0019.mp4,The video shows a rocket launching into the sky. The rocket is white and has a flame coming out of the bottom. The sky is blue and there are no clouds.,T2V_data/label/vidgen_filter_gemini_part_0_dpo_13/rD11s3RcadQ-Scene-0019/depth.mp4,T2V_data/label/vidgen_filter_gemini_part_0_dpo_13/rD11s3RcadQ-Scene-0019/entity_20.png
T2V_data/VIDGEN-1M_unzip/rD11s3RcadQ-Scene-0019.mp4,The video shows a rocket launching into the sky. The rocket is white and has a flame coming out of the bottom. The sky is blue and there are no clouds.,T2V_data/label/vidgen_filter_gemini_part_0_dpo_13/rD11s3RcadQ-Scene-0019/entity_20.mp4,T2V_data/label/vidgen_filter_gemini_part_0_dpo_13/rD11s3RcadQ-Scene-0019/entity_20.png
T2V_data/VIDGEN-1M_unzip/s5un53Dz764-Scene-0089.mp4,"In the video, a woman is seen using a food processor. She is wearing a blue apron and is standing in front of a white countertop. The food processor is white and has a clear plastic container. The woman is adding ingredients into the food processor and then blending them together. She then pours the blended mixture into a blue bowl. The kitchen in the background is well-lit and appears to be clean and organized.",T2V_data/label/vidgen_filter_gemini_part_0_dpo_13/s5un53Dz764-Scene-0089/depth.mp4,T2V_data/label/vidgen_filter_gemini_part_0_dpo_13/s5un53Dz764-Scene-0089/entity_40.png
T2V_data/VIDGEN-1M_unzip/s5un53Dz764-Scene-0089.mp4,"In the video, a woman is seen using a food processor. She is wearing a blue apron and is standing in front of a white countertop. The food processor is white and has a clear plastic container. The woman is adding ingredients into the food processor and then blending them together. She then pours the blended mixture into a blue bowl. The kitchen in the background is well-lit and appears to be clean and organized.",T2V_data/label/vidgen_filter_gemini_part_0_dpo_13/s5un53Dz764-Scene-0089/entity_40.mp4,T2V_data/label/vidgen_filter_gemini_part_0_dpo_13/s5un53Dz764-Scene-0089/entity_40.png
T2V_data/VIDGEN-1M_unzip/s5un53Dz764-Scene-0089.mp4,"In the video, a woman is seen using a food processor. She is wearing a blue apron and is standing in front of a white countertop. The food processor is white and has a clear plastic container. The woman is adding ingredients into the food processor and then blending them together. She then pours the blended mixture into a blue bowl. The kitchen in the background is well-lit and appears to be clean and organized.",T2V_data/label/vidgen_filter_gemini_part_0_dpo_13/s5un53Dz764-Scene-0089/depth.mp4,T2V_data/label/vidgen_filter_gemini_part_0_dpo_13/s5un53Dz764-Scene-0089/entity_60.png
T2V_data/VIDGEN-1M_unzip/s5un53Dz764-Scene-0089.mp4,"In the video, a woman is seen using a food processor. She is wearing a blue apron and is standing in front of a white countertop. The food processor is white and has a clear plastic container. The woman is adding ingredients into the food processor and then blending them together. She then pours the blended mixture into a blue bowl. The kitchen in the background is well-lit and appears to be clean and organized.",T2V_data/label/vidgen_filter_gemini_part_0_dpo_13/s5un53Dz764-Scene-0089/entity_60.mp4,T2V_data/label/vidgen_filter_gemini_part_0_dpo_13/s5un53Dz764-Scene-0089/entity_60.png
T2V_data/VIDGEN-1M_unzip/sANFfdTPTuc-Scene-0025.mp4,"The video shows a boxing match between two men in a ring. One man is wearing red shorts and the other is wearing white shorts. The man in red shorts is throwing punches at the man in white shorts, who is trying to defend himself. The man in red shorts is also wearing red gloves, while the man in white shorts is wearing red gloves. The referee is standing in the ring, watching the fight. The background shows a crowd of spectators watching the match.",T2V_data/label/vidgen_filter_gemini_part_0_dpo_13/sANFfdTPTuc-Scene-0025/depth.mp4,T2V_data/label/vidgen_filter_gemini_part_0_dpo_13/sANFfdTPTuc-Scene-0025/entity_20.png
T2V_data/VIDGEN-1M_unzip/sANFfdTPTuc-Scene-0025.mp4,"The video shows a boxing match between two men in a ring. One man is wearing red shorts and the other is wearing white shorts. The man in red shorts is throwing punches at the man in white shorts, who is trying to defend himself. The man in red shorts is also wearing red gloves, while the man in white shorts is wearing red gloves. The referee is standing in the ring, watching the fight. The background shows a crowd of spectators watching the match.",T2V_data/label/vidgen_filter_gemini_part_0_dpo_13/sANFfdTPTuc-Scene-0025/entity_20.mp4,T2V_data/label/vidgen_filter_gemini_part_0_dpo_13/sANFfdTPTuc-Scene-0025/entity_20.png
T2V_data/VIDGEN-1M_unzip/tPWQhpEjJgU-Scene-0010.mp4,"In the video, a person is seen holding a piece of green material in their hand. The material appears to be a type of fabric or carpet, and the person is using a tool to press it down onto a wooden surface. The wooden surface has a dark brown color and appears to be a part of a larger structure, possibly a piece of furniture. The person's hand is steady as they work on the task, and they seem to be focused on ensuring that the material is properly attached to the wood. The video does not provide any additional context or information about the purpose of the task or the overall project.",T2V_data/label/vidgen_filter_gemini_part_0_dpo_13/tPWQhpEjJgU-Scene-0010/depth.mp4,T2V_data/label/vidgen_filter_gemini_part_0_dpo_13/tPWQhpEjJgU-Scene-0010/entity_40.png
T2V_data/VIDGEN-1M_unzip/tPWQhpEjJgU-Scene-0010.mp4,"In the video, a person is seen holding a piece of green material in their hand. The material appears to be a type of fabric or carpet, and the person is using a tool to press it down onto a wooden surface. The wooden surface has a dark brown color and appears to be a part of a larger structure, possibly a piece of furniture. The person's hand is steady as they work on the task, and they seem to be focused on ensuring that the material is properly attached to the wood. The video does not provide any additional context or information about the purpose of the task or the overall project.",T2V_data/label/vidgen_filter_gemini_part_0_dpo_13/tPWQhpEjJgU-Scene-0010/entity_40.mp4,T2V_data/label/vidgen_filter_gemini_part_0_dpo_13/tPWQhpEjJgU-Scene-0010/entity_40.png
T2V_data/VIDGEN-1M_unzip/tPWQhpEjJgU-Scene-0010.mp4,"In the video, a person is seen holding a piece of green material in their hand. The material appears to be a type of fabric or carpet, and the person is using a tool to press it down onto a wooden surface. The wooden surface has a dark brown color and appears to be a part of a larger structure, possibly a piece of furniture. The person's hand is steady as they work on the task, and they seem to be focused on ensuring that the material is properly attached to the wood. The video does not provide any additional context or information about the purpose of the task or the overall project.",T2V_data/label/vidgen_filter_gemini_part_0_dpo_13/tPWQhpEjJgU-Scene-0010/depth.mp4,T2V_data/label/vidgen_filter_gemini_part_0_dpo_13/tPWQhpEjJgU-Scene-0010/entity_60.png
T2V_data/VIDGEN-1M_unzip/tPWQhpEjJgU-Scene-0010.mp4,"In the video, a person is seen holding a piece of green material in their hand. The material appears to be a type of fabric or carpet, and the person is using a tool to press it down onto a wooden surface. The wooden surface has a dark brown color and appears to be a part of a larger structure, possibly a piece of furniture. The person's hand is steady as they work on the task, and they seem to be focused on ensuring that the material is properly attached to the wood. The video does not provide any additional context or information about the purpose of the task or the overall project.",T2V_data/label/vidgen_filter_gemini_part_0_dpo_13/tPWQhpEjJgU-Scene-0010/entity_60.mp4,T2V_data/label/vidgen_filter_gemini_part_0_dpo_13/tPWQhpEjJgU-Scene-0010/entity_60.png
T2V_data/VIDGEN-1M_unzip/tarTY2jlCg4-Scene-0020.mp4,"In the video, a woman is seen playing with a dog in a grassy field. The woman is wearing a black outfit and is holding a stick in her hand. The dog, which appears to be a Rottweiler, is wearing a chain collar. The woman is seen throwing the stick, and the dog is seen chasing after it. The dog successfully retrieves the stick and brings it back to the woman. The woman then throws the stick again, and the dog repeats the action of chasing and retrieving the stick. The video captures the playful interaction between the woman and the dog, showcasing the dog's agility and enthusiasm for the game.",T2V_data/label/vidgen_filter_gemini_part_0_dpo_13/tarTY2jlCg4-Scene-0020/depth.mp4,T2V_data/label/vidgen_filter_gemini_part_0_dpo_13/tarTY2jlCg4-Scene-0020/entity_20.png
T2V_data/VIDGEN-1M_unzip/tarTY2jlCg4-Scene-0020.mp4,"In the video, a woman is seen playing with a dog in a grassy field. The woman is wearing a black outfit and is holding a stick in her hand. The dog, which appears to be a Rottweiler, is wearing a chain collar. The woman is seen throwing the stick, and the dog is seen chasing after it. The dog successfully retrieves the stick and brings it back to the woman. The woman then throws the stick again, and the dog repeats the action of chasing and retrieving the stick. The video captures the playful interaction between the woman and the dog, showcasing the dog's agility and enthusiasm for the game.",T2V_data/label/vidgen_filter_gemini_part_0_dpo_13/tarTY2jlCg4-Scene-0020/entity_20.mp4,T2V_data/label/vidgen_filter_gemini_part_0_dpo_13/tarTY2jlCg4-Scene-0020/entity_20.png
T2V_data/VIDGEN-1M_unzip/wUcTgVjFGA0-Scene-0052.mp4,"In the video, a person is seen cutting an avocado on a wooden cutting board. The person uses a knife to cut the avocado in half, then twists the two halves to separate them. The person then removes the pit from one half of the avocado. The video is shot from a close-up angle, focusing on the person's hands and the avocado. The person is wearing a black apron and a gray shirt. The background is a kitchen with wooden cabinets.",T2V_data/label/vidgen_filter_gemini_part_0_dpo_13/wUcTgVjFGA0-Scene-0052/depth.mp4,T2V_data/label/vidgen_filter_gemini_part_0_dpo_13/wUcTgVjFGA0-Scene-0052/entity_20.png
T2V_data/VIDGEN-1M_unzip/wUcTgVjFGA0-Scene-0052.mp4,"In the video, a person is seen cutting an avocado on a wooden cutting board. The person uses a knife to cut the avocado in half, then twists the two halves to separate them. The person then removes the pit from one half of the avocado. The video is shot from a close-up angle, focusing on the person's hands and the avocado. The person is wearing a black apron and a gray shirt. The background is a kitchen with wooden cabinets.",T2V_data/label/vidgen_filter_gemini_part_0_dpo_13/wUcTgVjFGA0-Scene-0052/entity_20.mp4,T2V_data/label/vidgen_filter_gemini_part_0_dpo_13/wUcTgVjFGA0-Scene-0052/entity_20.png
T2V_data/VIDGEN-1M_unzip/wclDzFeSxLQ-Scene-0005.mp4,"The video shows a soccer game in progress. Two players are seen in the frame, one wearing a red jersey and the other wearing a white jersey. The player in the red jersey is dribbling the ball while the player in the white jersey is attempting to defend. The player in the red jersey is wearing blue cleats and the player in the white jersey is wearing white cleats. The background shows a crowd of spectators in the stands.",T2V_data/label/vidgen_filter_gemini_part_0_dpo_13/wclDzFeSxLQ-Scene-0005/depth.mp4,T2V_data/label/vidgen_filter_gemini_part_0_dpo_13/wclDzFeSxLQ-Scene-0005/entity_20.png
T2V_data/VIDGEN-1M_unzip/wclDzFeSxLQ-Scene-0005.mp4,"The video shows a soccer game in progress. Two players are seen in the frame, one wearing a red jersey and the other wearing a white jersey. The player in the red jersey is dribbling the ball while the player in the white jersey is attempting to defend. The player in the red jersey is wearing blue cleats and the player in the white jersey is wearing white cleats. The background shows a crowd of spectators in the stands.",T2V_data/label/vidgen_filter_gemini_part_0_dpo_13/wclDzFeSxLQ-Scene-0005/entity_20.mp4,T2V_data/label/vidgen_filter_gemini_part_0_dpo_13/wclDzFeSxLQ-Scene-0005/entity_20.png
T2V_data/VIDGEN-1M_unzip/xo9l5ZelG9I-Scene-0042.mp4,"In the video, a monster truck is seen driving on a dirt track. The truck is painted in a combination of green and black colors with a skull design on the side. As the truck moves forward, it kicks up a large cloud of dust behind it. The truck is seen driving over a white obstacle, which appears to be a stack of tires. The truck's large tires are clearly visible as it drives over the obstacle, and the dust cloud becomes even more intense. The truck continues to drive forward, leaving a trail of dust in its wake.",T2V_data/label/vidgen_filter_gemini_part_0_dpo_13/xo9l5ZelG9I-Scene-0042/depth.mp4,T2V_data/label/vidgen_filter_gemini_part_0_dpo_13/xo9l5ZelG9I-Scene-0042/entity_20.png
T2V_data/VIDGEN-1M_unzip/xo9l5ZelG9I-Scene-0042.mp4,"In the video, a monster truck is seen driving on a dirt track. The truck is painted in a combination of green and black colors with a skull design on the side. As the truck moves forward, it kicks up a large cloud of dust behind it. The truck is seen driving over a white obstacle, which appears to be a stack of tires. The truck's large tires are clearly visible as it drives over the obstacle, and the dust cloud becomes even more intense. The truck continues to drive forward, leaving a trail of dust in its wake.",T2V_data/label/vidgen_filter_gemini_part_0_dpo_13/xo9l5ZelG9I-Scene-0042/entity_20.mp4,T2V_data/label/vidgen_filter_gemini_part_0_dpo_13/xo9l5ZelG9I-Scene-0042/entity_20.png
T2V_data/VIDGEN-1M_unzip/xu5WGYFcTl4-Scene-0017.mp4,"The video shows a close-up of a deep fryer basket containing several pieces of food. The basket is lifted out of the oil, and the food is removed. The basket is then placed back into the oil.",T2V_data/label/vidgen_filter_gemini_part_0_dpo_13/xu5WGYFcTl4-Scene-0017/depth.mp4,T2V_data/label/vidgen_filter_gemini_part_0_dpo_13/xu5WGYFcTl4-Scene-0017/entity_40.png
T2V_data/VIDGEN-1M_unzip/xu5WGYFcTl4-Scene-0017.mp4,"The video shows a close-up of a deep fryer basket containing several pieces of food. The basket is lifted out of the oil, and the food is removed. The basket is then placed back into the oil.",T2V_data/label/vidgen_filter_gemini_part_0_dpo_13/xu5WGYFcTl4-Scene-0017/entity_40.mp4,T2V_data/label/vidgen_filter_gemini_part_0_dpo_13/xu5WGYFcTl4-Scene-0017/entity_40.png
T2V_data/VIDGEN-1M_unzip/zPIzDSap_18-Scene-0002.mp4,The video shows a race car with the number 13 on it. The car is green and black and is driving on a race track. The car is moving at a high speed and appears to be in the middle of a race. The track is surrounded by a white fence and there are other cars and people in the background. The car is making a sharp turn and the tires are screeching.,T2V_data/label/vidgen_filter_gemini_part_0_dpo_13/zPIzDSap_18-Scene-0002/depth.mp4,T2V_data/label/vidgen_filter_gemini_part_0_dpo_13/zPIzDSap_18-Scene-0002/entity_20.png
T2V_data/VIDGEN-1M_unzip/zPIzDSap_18-Scene-0002.mp4,The video shows a race car with the number 13 on it. The car is green and black and is driving on a race track. The car is moving at a high speed and appears to be in the middle of a race. The track is surrounded by a white fence and there are other cars and people in the background. The car is making a sharp turn and the tires are screeching.,T2V_data/label/vidgen_filter_gemini_part_0_dpo_13/zPIzDSap_18-Scene-0002/entity_20.mp4,T2V_data/label/vidgen_filter_gemini_part_0_dpo_13/zPIzDSap_18-Scene-0002/entity_20.png
T2V_data/VIDGEN-1M_unzip/zTt7hkz0O8M-Scene-0038.mp4,"The video shows a woman in a gym performing squats with a barbell. She is wearing a white tank top and orange leggings. The barbell is silver and has weights on it. The gym has red and white walls and various exercise equipment in the background. The woman maintains proper form throughout the exercise, keeping her back straight and her knees bent at a 90-degree angle.",T2V_data/label/vidgen_filter_gemini_part_0_dpo_13/zTt7hkz0O8M-Scene-0038/depth.mp4,T2V_data/label/vidgen_filter_gemini_part_0_dpo_13/zTt7hkz0O8M-Scene-0038/entity_40.png
T2V_data/VIDGEN-1M_unzip/zTt7hkz0O8M-Scene-0038.mp4,"The video shows a woman in a gym performing squats with a barbell. She is wearing a white tank top and orange leggings. The barbell is silver and has weights on it. The gym has red and white walls and various exercise equipment in the background. The woman maintains proper form throughout the exercise, keeping her back straight and her knees bent at a 90-degree angle.",T2V_data/label/vidgen_filter_gemini_part_0_dpo_13/zTt7hkz0O8M-Scene-0038/entity_40.mp4,T2V_data/label/vidgen_filter_gemini_part_0_dpo_13/zTt7hkz0O8M-Scene-0038/entity_40.png
T2V_data/VIDGEN-1M_unzip/zx6FBtrORas-Scene-0054.mp4,"In this video, we see a close-up shot of a person's hand holding a whisk and stirring eggs in a pot. The person is wearing a green shirt, and the pot is placed on a stove. The eggs are yellow and appear to be cooking. The person is continuously stirring the eggs, ensuring they are cooked evenly. The kitchen background is blurred, but we can see some kitchen utensils. The person's hand movements are steady and precise, indicating that they are experienced in cooking. The sound of the whisk stirring the eggs can be heard in the background. Overall, the video showcases the process of cooking eggs in a pot and the importance of stirring them to achieve the desired consistency.",T2V_data/label/vidgen_filter_gemini_part_0_dpo_13/zx6FBtrORas-Scene-0054/depth.mp4,T2V_data/label/vidgen_filter_gemini_part_0_dpo_13/zx6FBtrORas-Scene-0054/entity_40.png
T2V_data/VIDGEN-1M_unzip/zx6FBtrORas-Scene-0054.mp4,"In this video, we see a close-up shot of a person's hand holding a whisk and stirring eggs in a pot. The person is wearing a green shirt, and the pot is placed on a stove. The eggs are yellow and appear to be cooking. The person is continuously stirring the eggs, ensuring they are cooked evenly. The kitchen background is blurred, but we can see some kitchen utensils. The person's hand movements are steady and precise, indicating that they are experienced in cooking. The sound of the whisk stirring the eggs can be heard in the background. Overall, the video showcases the process of cooking eggs in a pot and the importance of stirring them to achieve the desired consistency.",T2V_data/label/vidgen_filter_gemini_part_0_dpo_13/zx6FBtrORas-Scene-0054/entity_40.mp4,T2V_data/label/vidgen_filter_gemini_part_0_dpo_13/zx6FBtrORas-Scene-0054/entity_40.png
T2V_data/VIDGEN-1M_unzip/zx6FBtrORas-Scene-0054.mp4,"In this video, we see a close-up shot of a person's hand holding a whisk and stirring eggs in a pot. The person is wearing a green shirt, and the pot is placed on a stove. The eggs are yellow and appear to be cooking. The person is continuously stirring the eggs, ensuring they are cooked evenly. The kitchen background is blurred, but we can see some kitchen utensils. The person's hand movements are steady and precise, indicating that they are experienced in cooking. The sound of the whisk stirring the eggs can be heard in the background. Overall, the video showcases the process of cooking eggs in a pot and the importance of stirring them to achieve the desired consistency.",T2V_data/label/vidgen_filter_gemini_part_0_dpo_13/zx6FBtrORas-Scene-0054/depth.mp4,T2V_data/label/vidgen_filter_gemini_part_0_dpo_13/zx6FBtrORas-Scene-0054/entity_60.png
T2V_data/VIDGEN-1M_unzip/zx6FBtrORas-Scene-0054.mp4,"In this video, we see a close-up shot of a person's hand holding a whisk and stirring eggs in a pot. The person is wearing a green shirt, and the pot is placed on a stove. The eggs are yellow and appear to be cooking. The person is continuously stirring the eggs, ensuring they are cooked evenly. The kitchen background is blurred, but we can see some kitchen utensils. The person's hand movements are steady and precise, indicating that they are experienced in cooking. The sound of the whisk stirring the eggs can be heard in the background. Overall, the video showcases the process of cooking eggs in a pot and the importance of stirring them to achieve the desired consistency.",T2V_data/label/vidgen_filter_gemini_part_0_dpo_13/zx6FBtrORas-Scene-0054/entity_60.mp4,T2V_data/label/vidgen_filter_gemini_part_0_dpo_13/zx6FBtrORas-Scene-0054/entity_60.png
