video,prompt,vace_video,vace_reference_image
T2V_data/VIDGEN-1M_unzip/-BJF0U-EeVw-Scene-0061.mp4,"In the video, a young man is seen holding a yellow fidget spinner in his hand. He is wearing a black tank top and a black hat with white text on it. The background is dark, and there is a wall with graffiti behind him. The man is speaking to the camera, and he appears to be demonstrating how to use the fidget spinner. He spins the fidget spinner with his thumb and index finger, and it spins for a few seconds before he stops it. The man then continues to speak to the camera, possibly providing instructions or information about the fidget spinner.",T2V_data/label/vidgen_filter_gemini_part_0_dpo_2/-BJF0U-EeVw-Scene-0061/depth.mp4,T2V_data/label/vidgen_filter_gemini_part_0_dpo_2/-BJF0U-EeVw-Scene-0061/aug_entity_60.png
T2V_data/VIDGEN-1M_unzip/-TvuMXesaug-Scene-0002.mp4,"In the video, a person is seen using a spoon to scoop out pickles from a jar and place them into a white bowl. The pickles are green and appear to be coated in a yellowish liquid. The spoon is silver and has a long handle. The person's hand is visible as they hold the jar and spoon. The bowl is placed on a wooden surface.",T2V_data/label/vidgen_filter_gemini_part_0_dpo_2/-TvuMXesaug-Scene-0002/depth.mp4,T2V_data/label/vidgen_filter_gemini_part_0_dpo_2/-TvuMXesaug-Scene-0002/aug_entity_60.png
T2V_data/VIDGEN-1M_unzip/-dllQGfDDSw-Scene-0017.mp4,"In the video, a man is seen sitting on a wooden plank outside. He is wearing a blue jacket, gloves, and yellow earmuffs. The man is holding a yellow power drill in his hands and appears to be drilling a hole into the plank. He is smiling and looking at the camera while drilling. The background consists of a grassy area with some trees and a blue container visible in the distance. The man seems to be enjoying his work and is in a good mood.",T2V_data/label/vidgen_filter_gemini_part_0_dpo_2/-dllQGfDDSw-Scene-0017/depth.mp4,T2V_data/label/vidgen_filter_gemini_part_0_dpo_2/-dllQGfDDSw-Scene-0017/aug_entity_20.png
T2V_data/VIDGEN-1M_unzip/-dllQGfDDSw-Scene-0017.mp4,"In the video, a man is seen sitting on a wooden plank outside. He is wearing a blue jacket, gloves, and yellow earmuffs. The man is holding a yellow power drill in his hands and appears to be drilling a hole into the plank. He is smiling and looking at the camera while drilling. The background consists of a grassy area with some trees and a blue container visible in the distance. The man seems to be enjoying his work and is in a good mood.",T2V_data/label/vidgen_filter_gemini_part_0_dpo_2/-dllQGfDDSw-Scene-0017/depth.mp4,T2V_data/label/vidgen_filter_gemini_part_0_dpo_2/-dllQGfDDSw-Scene-0017/aug_entity_40.png
T2V_data/VIDGEN-1M_unzip/-eVz_57V3Ho-Scene-0037.mp4,"In the video, a person is seen milking a brown goat. The goat is standing on a metal platform, and the person is holding the goat's udders while squeezing them to extract milk. The milk is flowing into a metal bucket placed on the platform. The background shows a fence and some trees.",T2V_data/label/vidgen_filter_gemini_part_0_dpo_2/-eVz_57V3Ho-Scene-0037/depth.mp4,T2V_data/label/vidgen_filter_gemini_part_0_dpo_2/-eVz_57V3Ho-Scene-0037/aug_entity_40.png
T2V_data/VIDGEN-1M_unzip/-fDBozm-Ajc-Scene-0007.mp4,The video shows a man on a horse in a rodeo arena. He is wearing a pink shirt and a white hat. The man is holding a rope and chasing after a calf. He successfully catches the calf and ties it up. The crowd in the stands is cheering and clapping. The man then stands up and walks away from the calf.,T2V_data/label/vidgen_filter_gemini_part_0_dpo_2/-fDBozm-Ajc-Scene-0007/depth.mp4,T2V_data/label/vidgen_filter_gemini_part_0_dpo_2/-fDBozm-Ajc-Scene-0007/aug_entity_20.png
T2V_data/VIDGEN-1M_unzip/-nVQuFkAFc4-Scene-0046.mp4,"In the video, a person is seen holding a black wire in their hand. They are using a pair of pliers to bend the wire into a circular shape. The person then proceeds to twist the wire into a loop, creating a small circular object. The background is a yellow surface with a blue mat. The person's hand is visible, and they are wearing a ring on their finger.",T2V_data/label/vidgen_filter_gemini_part_0_dpo_2/-nVQuFkAFc4-Scene-0046/depth.mp4,T2V_data/label/vidgen_filter_gemini_part_0_dpo_2/-nVQuFkAFc4-Scene-0046/aug_entity_40.png
T2V_data/VIDGEN-1M_unzip/001XvbTAK9I-Scene-0045.mp4,"The video shows a person riding a dirt bike on a dirt track. The rider is wearing a green and white outfit and a helmet. The track has a large jump, and the rider is seen taking off from the ramp and landing smoothly on the other side. The background shows a large stadium with empty seats. There is a large sign that reads ""FINISH 0:00"" and ""TICKET EXCHANGE"" in the background. The video is shot during the daytime, and the sky is clear.",T2V_data/label/vidgen_filter_gemini_part_0_dpo_2/001XvbTAK9I-Scene-0045/depth.mp4,T2V_data/label/vidgen_filter_gemini_part_0_dpo_2/001XvbTAK9I-Scene-0045/aug_entity_80.png
T2V_data/VIDGEN-1M_unzip/0C_Dh5hf1KA-Scene-0215.mp4,"The video shows a baseball player standing on a field, throwing a ball. The player is wearing a black and orange uniform with the number 97 on the back. The field has green grass and a brown dirt infield. The player is standing on the infield and throws the ball towards the outfield. The video is shot from a high angle, showing the player's back and the field.",T2V_data/label/vidgen_filter_gemini_part_0_dpo_2/0C_Dh5hf1KA-Scene-0215/depth.mp4,T2V_data/label/vidgen_filter_gemini_part_0_dpo_2/0C_Dh5hf1KA-Scene-0215/aug_entity_60.png
T2V_data/VIDGEN-1M_unzip/0O7dfbpf1c4-Scene-0025.mp4,The video shows a man using a lawn mower to cut grass. The man is wearing a black shirt and khaki pants. The lawn mower is red and black in color. The grass is green and appears to be well-maintained. The man is moving the lawn mower in a straight line across the lawn.,T2V_data/label/vidgen_filter_gemini_part_0_dpo_2/0O7dfbpf1c4-Scene-0025/depth.mp4,T2V_data/label/vidgen_filter_gemini_part_0_dpo_2/0O7dfbpf1c4-Scene-0025/aug_entity_20.png
T2V_data/VIDGEN-1M_unzip/0XROvoPCDNc-Scene-0116.mp4,"The video shows a large black marlin swimming in the ocean. The marlin has a long, pointed bill and a large dorsal fin. The water is a deep blue color, and the marlin's body is a dark gray color with a lighter underbelly. The marlin moves gracefully through the water, with its tail fin propelling it forward. The video is shot from a side angle, allowing a clear view of the marlin's body and fin.",T2V_data/label/vidgen_filter_gemini_part_0_dpo_2/0XROvoPCDNc-Scene-0116/depth.mp4,T2V_data/label/vidgen_filter_gemini_part_0_dpo_2/0XROvoPCDNc-Scene-0116/aug_entity_20.png
T2V_data/VIDGEN-1M_unzip/0iyjmLfzxXg-Scene-0024.mp4,"The video shows a close-up of a car jack underneath a vehicle. The jack is silver and has a red knob on top. The vehicle is green and is elevated off the ground. The jack is placed on a blue tarp, and there is a black tool next to it. The video is shot from a low angle, looking up at the jack and the underside of the vehicle.",T2V_data/label/vidgen_filter_gemini_part_0_dpo_2/0iyjmLfzxXg-Scene-0024/depth.mp4,T2V_data/label/vidgen_filter_gemini_part_0_dpo_2/0iyjmLfzxXg-Scene-0024/aug_entity_40.png
T2V_data/VIDGEN-1M_unzip/0oByRVw9akg-Scene-0136.mp4,"The video shows a person fishing on a boat. The person is wearing a black jacket and white gloves. The fishing rod is bent, indicating that a fish has been caught. The person is reeling in the fish, and the fish is visible in the water. The boat is surrounded by calm water and trees in the background.",T2V_data/label/vidgen_filter_gemini_part_0_dpo_2/0oByRVw9akg-Scene-0136/depth.mp4,T2V_data/label/vidgen_filter_gemini_part_0_dpo_2/0oByRVw9akg-Scene-0136/aug_entity_20.png
T2V_data/VIDGEN-1M_unzip/0ymuP_Eb6JI-Scene-0003.mp4,"The video shows a baseball player in a white uniform with red lettering and a red helmet swinging a bat. The player is standing in a stadium with a crowd of spectators in the background. The player swings the bat and hits the ball, then drops the bat and begins to run. The video is shot from the perspective of someone behind the player, and the player is in the foreground while the crowd is in the background.",T2V_data/label/vidgen_filter_gemini_part_0_dpo_2/0ymuP_Eb6JI-Scene-0003/depth.mp4,T2V_data/label/vidgen_filter_gemini_part_0_dpo_2/0ymuP_Eb6JI-Scene-0003/aug_entity_20.png
T2V_data/VIDGEN-1M_unzip/19DeJGFcOyg-Scene-0007.mp4,"The video shows a soccer game in progress, with players wearing orange and white uniforms. The player in the orange uniform is seen dribbling the ball down the field, while the player in the white uniform attempts to defend. The player in orange manages to evade the defender and continues to dribble towards the goal. The other players on the field are seen running towards the ball, trying to intercept. The video is shot from a distance, capturing the entire field and the players' movements. The colors are vibrant, with the green of the field contrasting against the orange and white uniforms. The players' movements are fluid and dynamic, showcasing the intensity and excitement of the game.",T2V_data/label/vidgen_filter_gemini_part_0_dpo_2/19DeJGFcOyg-Scene-0007/depth.mp4,T2V_data/label/vidgen_filter_gemini_part_0_dpo_2/19DeJGFcOyg-Scene-0007/aug_entity_40.png
T2V_data/VIDGEN-1M_unzip/1Fuhk8zpkUc-Scene-0027.mp4,"The video begins with a close-up of a bowl filled with small, colorful beads. The beads are in shades of pink, purple, black, and white. The person's hands are seen picking up and moving the beads around in the bowl. The background is a blue surface, and the person's hands are visible throughout the video. The beads are small and cylindrical, and the person's fingers move them around in the bowl.",T2V_data/label/vidgen_filter_gemini_part_0_dpo_2/1Fuhk8zpkUc-Scene-0027/depth.mp4,T2V_data/label/vidgen_filter_gemini_part_0_dpo_2/1Fuhk8zpkUc-Scene-0027/aug_entity_60.png
T2V_data/VIDGEN-1M_unzip/1Y7hrWj9sY0-Scene-0017.mp4,"The video shows a person pouring a liquid from a pot into a bowl and then stirring the mixture with a spoon. The liquid appears to be a yellowish-green color, and the bowl is placed on a wooden cutting board. The person's hand is visible as they stir the mixture.",T2V_data/label/vidgen_filter_gemini_part_0_dpo_2/1Y7hrWj9sY0-Scene-0017/depth.mp4,T2V_data/label/vidgen_filter_gemini_part_0_dpo_2/1Y7hrWj9sY0-Scene-0017/aug_entity_40.png
T2V_data/VIDGEN-1M_unzip/1Y7hrWj9sY0-Scene-0017.mp4,"The video shows a person pouring a liquid from a pot into a bowl and then stirring the mixture with a spoon. The liquid appears to be a yellowish-green color, and the bowl is placed on a wooden cutting board. The person's hand is visible as they stir the mixture.",T2V_data/label/vidgen_filter_gemini_part_0_dpo_2/1Y7hrWj9sY0-Scene-0017/depth.mp4,T2V_data/label/vidgen_filter_gemini_part_0_dpo_2/1Y7hrWj9sY0-Scene-0017/aug_entity_60.png
T2V_data/VIDGEN-1M_unzip/1YQ2ieiWY3w-Scene-0036.mp4,"In the video, a person is seen rolling out a piece of dough on a wooden surface. The dough is yellow in color and appears to be soft and pliable. The person uses their hands to roll the dough into a thin sheet, then folds it in half and continues to roll it out again. The process is repeated several times, with the person carefully handling the dough to ensure it is evenly rolled out. The wooden surface provides a stable base for the rolling process, and the person's hands move with precision and care. The video provides a clear view of the dough-rolling process, with the person's hands and the wooden surface being the main focus.",T2V_data/label/vidgen_filter_gemini_part_0_dpo_2/1YQ2ieiWY3w-Scene-0036/depth.mp4,T2V_data/label/vidgen_filter_gemini_part_0_dpo_2/1YQ2ieiWY3w-Scene-0036/aug_entity_60.png
T2V_data/VIDGEN-1M_unzip/1lmx615xbU8-Scene-0014.mp4,"In the video, a person is seen holding a white bowl in one hand and a white egg in the other. The person cracks the egg open and separates the yolk from the white, allowing the yolk to fall into the bowl. The person then proceeds to separate the egg white from the yolk, which is also dropped into the bowl. The video is shot from a top-down perspective, focusing on the bowl and the person's hands. The background is a wooden surface, and the lighting is bright, highlighting the white color of the bowl and the egg.",T2V_data/label/vidgen_filter_gemini_part_0_dpo_2/1lmx615xbU8-Scene-0014/depth.mp4,T2V_data/label/vidgen_filter_gemini_part_0_dpo_2/1lmx615xbU8-Scene-0014/aug_entity_60.png
T2V_data/VIDGEN-1M_unzip/249hXbzdGzI-Scene-0033.mp4,"In the video, a man is seen walking towards a barbell that is placed on the floor. He bends down and picks up the barbell, lifting it up to his chest. The man then lifts the barbell over his head and drops it back down to the floor. He repeats this action several times, lifting the barbell up and down with ease. The man is wearing a black t-shirt and shorts, and the gym is well-lit with various equipment visible in the background.",T2V_data/label/vidgen_filter_gemini_part_0_dpo_2/249hXbzdGzI-Scene-0033/depth.mp4,T2V_data/label/vidgen_filter_gemini_part_0_dpo_2/249hXbzdGzI-Scene-0033/aug_entity_40.png
T2V_data/VIDGEN-1M_unzip/2INgHNTiu2g-Scene-0016.mp4,"The video features a close-up of a person's hands as they demonstrate how to open a white charging case for wireless earbuds. The person's hands are visible, and they are using their fingers to carefully open the case. The case appears to be made of a smooth, matte material, and the earbuds inside are also white. The person opens the case by pressing down on the top, which causes the earbuds to pop out. The video is shot in a well-lit room, and the focus is on the person's hands and the case.",T2V_data/label/vidgen_filter_gemini_part_0_dpo_2/2INgHNTiu2g-Scene-0016/depth.mp4,T2V_data/label/vidgen_filter_gemini_part_0_dpo_2/2INgHNTiu2g-Scene-0016/aug_entity_40.png
T2V_data/VIDGEN-1M_unzip/2N6tQlR4IZo-Scene-0007.mp4,"In the video, a woman is seen standing on a paddleboard in a body of water. She is wearing a white long-sleeved shirt, grey shorts, and a brown hat. The paddleboard is white with a blue stripe on the top. The woman is holding a paddle in her right hand and is using it to push herself along the water. She is standing on the board with her feet shoulder-width apart and is bending her knees slightly to maintain balance. The water is calm, and there are trees and a clear blue sky in the background.",T2V_data/label/vidgen_filter_gemini_part_0_dpo_2/2N6tQlR4IZo-Scene-0007/depth.mp4,T2V_data/label/vidgen_filter_gemini_part_0_dpo_2/2N6tQlR4IZo-Scene-0007/aug_entity_20.png
T2V_data/VIDGEN-1M_unzip/2PVSdSWylXo-Scene-0060.mp4,"In the video, a woman is sitting on the floor with a drum in front of her. She is holding drumsticks and is playing the drum. The drum is silver and has a white drumhead. The woman is wearing a gray shirt and black pants. She is playing the drum with both hands and is using the drumsticks to create a rhythm. The background is a room with a tiled floor and a rug. There are other drums and drumsticks scattered around the room. The woman is focused on playing the drum and is using her hands and drumsticks to produce a beat.",T2V_data/label/vidgen_filter_gemini_part_0_dpo_2/2PVSdSWylXo-Scene-0060/depth.mp4,T2V_data/label/vidgen_filter_gemini_part_0_dpo_2/2PVSdSWylXo-Scene-0060/aug_entity_20.png
T2V_data/VIDGEN-1M_unzip/2TkF9gRkXSY-Scene-0106.mp4,"In the video, a man is seen driving a car. He is wearing sunglasses and a blue shirt. The car is moving at a moderate speed, and the man is holding the steering wheel with both hands. The car appears to be a sedan, and there are trees visible outside the windows. The man seems to be focused on the road and is looking straight ahead. The video does not show any other vehicles or people.",T2V_data/label/vidgen_filter_gemini_part_0_dpo_2/2TkF9gRkXSY-Scene-0106/depth.mp4,T2V_data/label/vidgen_filter_gemini_part_0_dpo_2/2TkF9gRkXSY-Scene-0106/aug_entity_20.png
T2V_data/VIDGEN-1M_unzip/2lJk7-_4N1k-Scene-0053.mp4,"In the video, a young boy is seen playing with a toy excavator. He is using the excavator to dig into the dirt and is moving the toy around. The boy is wearing a hat and is focused on his play. The excavator is yellow and black in color. The boy is wearing a blue shirt and shorts. The dirt is brown and appears to be soft. The boy is using his hands to move the dirt around and is making a pile of dirt. The background is a grassy area with trees.",T2V_data/label/vidgen_filter_gemini_part_0_dpo_2/2lJk7-_4N1k-Scene-0053/depth.mp4,T2V_data/label/vidgen_filter_gemini_part_0_dpo_2/2lJk7-_4N1k-Scene-0053/aug_entity_40.png
T2V_data/VIDGEN-1M_unzip/2li550HDh70-Scene-0032.mp4,"The video shows a person in a red apron cutting a piece of meat on a red cutting board. The person is using a knife to cut the meat, and there is a clear glass of water on the board. The meat appears to be raw and has a reddish color. The person's hands are visible, and they are wearing a white shirt under the apron. The cutting board is placed on a red surface, and the background is not visible.",T2V_data/label/vidgen_filter_gemini_part_0_dpo_2/2li550HDh70-Scene-0032/depth.mp4,T2V_data/label/vidgen_filter_gemini_part_0_dpo_2/2li550HDh70-Scene-0032/aug_entity_20.png
T2V_data/VIDGEN-1M_unzip/2oHXiFKnbfM-Scene-0005.mp4,"In the video, a person is seen holding a small, purple dinosaur toy with pink spikes on its back. The person is wearing a white shirt and has a tattoo on their left arm. The dinosaur toy is made of a soft, squishy material and is being squeezed and stretched by the person's hands. The person's nails are painted blue, and they are wearing a silver ring on their left hand. The background is a plain white surface.",T2V_data/label/vidgen_filter_gemini_part_0_dpo_2/2oHXiFKnbfM-Scene-0005/depth.mp4,T2V_data/label/vidgen_filter_gemini_part_0_dpo_2/2oHXiFKnbfM-Scene-0005/aug_entity_20.png
T2V_data/VIDGEN-1M_unzip/2oHXiFKnbfM-Scene-0005.mp4,"In the video, a person is seen holding a small, purple dinosaur toy with pink spikes on its back. The person is wearing a white shirt and has a tattoo on their left arm. The dinosaur toy is made of a soft, squishy material and is being squeezed and stretched by the person's hands. The person's nails are painted blue, and they are wearing a silver ring on their left hand. The background is a plain white surface.",T2V_data/label/vidgen_filter_gemini_part_0_dpo_2/2oHXiFKnbfM-Scene-0005/depth.mp4,T2V_data/label/vidgen_filter_gemini_part_0_dpo_2/2oHXiFKnbfM-Scene-0005/aug_entity_40.png
T2V_data/VIDGEN-1M_unzip/2rwB7tBWNCE-Scene-0031.mp4,"In the video, a person is seen pouring oil into a pan that is placed on a stove. The stove has a white surface and there is a kettle and a white bowl on it. The person pours the oil from a bottle into the pan and then sets the bottle down. The pan is black and has a handle on one side. The person's hand is visible as they pour the oil.",T2V_data/label/vidgen_filter_gemini_part_0_dpo_2/2rwB7tBWNCE-Scene-0031/depth.mp4,T2V_data/label/vidgen_filter_gemini_part_0_dpo_2/2rwB7tBWNCE-Scene-0031/aug_entity_60.png
T2V_data/VIDGEN-1M_unzip/3ALEFxXiNBE-Scene-0106.mp4,"In the video, a woman is seen standing in a room with wooden walls and a black leather chair. She is wearing a blue dress and has long brown hair. She is holding a pair of scissors in her right hand and is cutting open a cardboard box with her left hand. The box appears to be filled with bubble wrap. The woman is focused on her task and continues to cut the bubble wrap out of the box.",T2V_data/label/vidgen_filter_gemini_part_0_dpo_2/3ALEFxXiNBE-Scene-0106/depth.mp4,T2V_data/label/vidgen_filter_gemini_part_0_dpo_2/3ALEFxXiNBE-Scene-0106/aug_entity_20.png
T2V_data/VIDGEN-1M_unzip/3ARJ1VkeymU-Scene-0036.mp4,"The video shows a person using a fork to poke a piece of meat that is cooking on a grill. The meat is covered in seasoning and appears to be well-cooked. The person pokes the meat several times, checking to see if it is done. The grill is outdoors, and the person is wearing a gray sweater.",T2V_data/label/vidgen_filter_gemini_part_0_dpo_2/3ARJ1VkeymU-Scene-0036/depth.mp4,T2V_data/label/vidgen_filter_gemini_part_0_dpo_2/3ARJ1VkeymU-Scene-0036/aug_entity_20.png
T2V_data/VIDGEN-1M_unzip/3AX2ff3NIZY-Scene-0058.mp4,"In the video, a person's hand is seen moving a small toy car back and forth on a table. The table has a red frame and a white surface. The toy car is blue with white and red details. There are several other toy cars of different colors and designs on the table. The person's hand moves the blue car in a back and forth motion, simulating the action of driving. The background is a beige carpet, and there is no visible text or subtitles in the video.",T2V_data/label/vidgen_filter_gemini_part_0_dpo_2/3AX2ff3NIZY-Scene-0058/depth.mp4,T2V_data/label/vidgen_filter_gemini_part_0_dpo_2/3AX2ff3NIZY-Scene-0058/aug_entity_60.png
T2V_data/VIDGEN-1M_unzip/3TvNsos4y9M-Scene-0036.mp4,"The video shows a blue Dodge Viper with the number 207 on the side, drifting around a race track. The car is producing a lot of smoke as it turns, and the driver is hanging out of the window, waving at the camera. The car is surrounded by barriers and other cars parked in the background.",T2V_data/label/vidgen_filter_gemini_part_0_dpo_2/3TvNsos4y9M-Scene-0036/depth.mp4,T2V_data/label/vidgen_filter_gemini_part_0_dpo_2/3TvNsos4y9M-Scene-0036/aug_entity_20.png
T2V_data/VIDGEN-1M_unzip/3h6jwWaLNVg-Scene-0034.mp4,"In the video, a man is seen bending over and rolling up a large piece of sod. He is wearing a blue shirt, khaki pants, and yellow gloves. The man is using both hands to roll up the sod, which is dark brown in color. The grass around the sod is green and appears to be well-maintained. In the background, there is a red lawn mower and a white pole. The man is focused on his task and appears to be working efficiently.",T2V_data/label/vidgen_filter_gemini_part_0_dpo_2/3h6jwWaLNVg-Scene-0034/depth.mp4,T2V_data/label/vidgen_filter_gemini_part_0_dpo_2/3h6jwWaLNVg-Scene-0034/aug_entity_20.png
T2V_data/VIDGEN-1M_unzip/3h6jwWaLNVg-Scene-0034.mp4,"In the video, a man is seen bending over and rolling up a large piece of sod. He is wearing a blue shirt, khaki pants, and yellow gloves. The man is using both hands to roll up the sod, which is dark brown in color. The grass around the sod is green and appears to be well-maintained. In the background, there is a red lawn mower and a white pole. The man is focused on his task and appears to be working efficiently.",T2V_data/label/vidgen_filter_gemini_part_0_dpo_2/3h6jwWaLNVg-Scene-0034/depth.mp4,T2V_data/label/vidgen_filter_gemini_part_0_dpo_2/3h6jwWaLNVg-Scene-0034/aug_entity_60.png
T2V_data/VIDGEN-1M_unzip/3tXAe__lVJw-Scene-0008.mp4,"The video shows a man riding a horse in a rodeo arena. He is wearing a helmet and a vest and is holding a long pole. The horse is bucking wildly, and the man is trying to stay on top of it. There are other people in the arena, some of whom are wearing cowboy hats. The ground is covered in dirt and there are ropes and other equipment scattered around. The man eventually falls off the horse and lands on the ground.",T2V_data/label/vidgen_filter_gemini_part_0_dpo_2/3tXAe__lVJw-Scene-0008/depth.mp4,T2V_data/label/vidgen_filter_gemini_part_0_dpo_2/3tXAe__lVJw-Scene-0008/aug_entity_40.png
T2V_data/VIDGEN-1M_unzip/3td0kJnpVmA-Scene-0060.mp4,"In the video, a woman is standing at a kitchen counter and is seen cutting tomatoes. She is wearing a blue shirt and has a necklace on. The tomatoes are placed on a wooden cutting board, and there is a knife and a green spoon on the counter. The woman is using a knife to cut the tomatoes into slices. The kitchen appears to be well-lit and has a modern design. The woman seems to be focused on her task and is cutting the tomatoes with precision. The tomatoes are ripe and red, and the woman is cutting them into even slices. The video does not show any other people or activities in the kitchen.",T2V_data/label/vidgen_filter_gemini_part_0_dpo_2/3td0kJnpVmA-Scene-0060/depth.mp4,T2V_data/label/vidgen_filter_gemini_part_0_dpo_2/3td0kJnpVmA-Scene-0060/aug_entity_40.png
T2V_data/VIDGEN-1M_unzip/4H9P-zZEXQw-Scene-0147.mp4,"In the video, a man is seen standing in front of a large structure made of colorful building blocks. The man is wearing a white shirt, gray shorts, and a blue cap. He is holding a red block in his hand and appears to be placing it on top of the structure. The structure is made up of blocks in various colors including red, blue, yellow, and green. The man seems to be carefully placing each block on top of the others to build the structure. The background shows a garden with green plants and a white wall.",T2V_data/label/vidgen_filter_gemini_part_0_dpo_2/4H9P-zZEXQw-Scene-0147/depth.mp4,T2V_data/label/vidgen_filter_gemini_part_0_dpo_2/4H9P-zZEXQw-Scene-0147/aug_entity_40.png
T2V_data/VIDGEN-1M_unzip/4PwBtyJ8DHU-Scene-0179.mp4,"In the video, a man is seen sitting on a log in the woods. He is wearing a black jacket and a black hat. He is holding a stick in his hand and is using it to make a fire. The man is using a technique called the hand drill to create sparks and start a fire. He is focused on his task and appears to be skilled at this technique. The surrounding area is quiet and peaceful, with trees and foliage visible in the background. The lighting is dim, suggesting that it may be early morning or late evening. The man's actions are deliberate and precise, indicating his experience and knowledge of survival skills. Overall, the video showcases a man's ability to start a fire using basic tools and techniques, highlighting the importance of survival skills in the wilderness.",T2V_data/label/vidgen_filter_gemini_part_0_dpo_2/4PwBtyJ8DHU-Scene-0179/depth.mp4,T2V_data/label/vidgen_filter_gemini_part_0_dpo_2/4PwBtyJ8DHU-Scene-0179/aug_entity_40.png
T2V_data/VIDGEN-1M_unzip/4Zj1MHMl8TI-Scene-0017.mp4,"The video shows a close-up of a grill with corn on it. The corn is wrapped in foil, and there is a hand reaching in to turn it over. The grill marks are visible on the corn, and there is smoke coming off of it. The corn is yellow and appears to be cooked. The hand is wearing a black glove, and the grill is black with silver grates.",T2V_data/label/vidgen_filter_gemini_part_0_dpo_2/4Zj1MHMl8TI-Scene-0017/depth.mp4,T2V_data/label/vidgen_filter_gemini_part_0_dpo_2/4Zj1MHMl8TI-Scene-0017/aug_entity_20.png
T2V_data/VIDGEN-1M_unzip/51cdeb9aMI8-Scene-0016.mp4,"The video shows a person holding a camera and pressing buttons on it. The camera screen displays the photo being taken. The person continues to press buttons on the camera, and the screen shows different settings. The person then turns off the camera.",T2V_data/label/vidgen_filter_gemini_part_0_dpo_2/51cdeb9aMI8-Scene-0016/depth.mp4,T2V_data/label/vidgen_filter_gemini_part_0_dpo_2/51cdeb9aMI8-Scene-0016/aug_entity_40.png
T2V_data/VIDGEN-1M_unzip/5Zt7S_ajNBE-Scene-0014.mp4,"In the video, a woman is seen sitting at a table with a dog sitting next to her. She is wearing a red sweater and has long blonde hair. The dog is black and white and is wearing a scarf. The woman is holding a clear bottle of liquid and a green spray bottle. She pours the liquid from the clear bottle into the green spray bottle and then sprays the liquid into a bowl of water on the table. The dog is watching her intently. The woman seems to be demonstrating how to make a homemade cleaning solution.",T2V_data/label/vidgen_filter_gemini_part_0_dpo_2/5Zt7S_ajNBE-Scene-0014/depth.mp4,T2V_data/label/vidgen_filter_gemini_part_0_dpo_2/5Zt7S_ajNBE-Scene-0014/aug_entity_40.png
T2V_data/VIDGEN-1M_unzip/5Zt7S_ajNBE-Scene-0014.mp4,"In the video, a woman is seen sitting at a table with a dog sitting next to her. She is wearing a red sweater and has long blonde hair. The dog is black and white and is wearing a scarf. The woman is holding a clear bottle of liquid and a green spray bottle. She pours the liquid from the clear bottle into the green spray bottle and then sprays the liquid into a bowl of water on the table. The dog is watching her intently. The woman seems to be demonstrating how to make a homemade cleaning solution.",T2V_data/label/vidgen_filter_gemini_part_0_dpo_2/5Zt7S_ajNBE-Scene-0014/depth.mp4,T2V_data/label/vidgen_filter_gemini_part_0_dpo_2/5Zt7S_ajNBE-Scene-0014/aug_entity_80.png
T2V_data/VIDGEN-1M_unzip/64dqb9kbEoo-Scene-0094.mp4,"In the video, a person is seen holding a plastic container filled with pasta. The pasta appears to be of the bowtie variety, and it is mixed with peas and other vegetables. The person is using a spoon to scoop the pasta out of the container and transfer it into a large pot that is already on the stove. The pot seems to be filled with a sauce or broth, and the person is adding the pasta to it. The kitchen in the background is well-lit and appears to be clean and organized. The person's movements are smooth and deliberate, indicating that they are experienced in cooking. The video does not contain any visible title, subtitle, or informative text.",T2V_data/label/vidgen_filter_gemini_part_0_dpo_2/64dqb9kbEoo-Scene-0094/depth.mp4,T2V_data/label/vidgen_filter_gemini_part_0_dpo_2/64dqb9kbEoo-Scene-0094/aug_entity_60.png
T2V_data/VIDGEN-1M_unzip/6FhRzp0FDBs-Scene-0016.mp4,"In the video, a person is seen using a garlic press to crush garlic. The person places the garlic into the press and then pushes down on the handle to crush the garlic. The garlic press is green and white in color, and the garlic is white. The person's hands are visible, and they are wearing a ring on their left hand. The background is a wooden cutting board, and there is a plate of garlic cloves next to the cutting board. The video is shot from a top-down perspective, and the person's actions are deliberate and careful as they crush the garlic.",T2V_data/label/vidgen_filter_gemini_part_0_dpo_2/6FhRzp0FDBs-Scene-0016/depth.mp4,T2V_data/label/vidgen_filter_gemini_part_0_dpo_2/6FhRzp0FDBs-Scene-0016/aug_entity_100.png
T2V_data/VIDGEN-1M_unzip/6FhRzp0FDBs-Scene-0016.mp4,"In the video, a person is seen using a garlic press to crush garlic. The person places the garlic into the press and then pushes down on the handle to crush the garlic. The garlic press is green and white in color, and the garlic is white. The person's hands are visible, and they are wearing a ring on their left hand. The background is a wooden cutting board, and there is a plate of garlic cloves next to the cutting board. The video is shot from a top-down perspective, and the person's actions are deliberate and careful as they crush the garlic.",T2V_data/label/vidgen_filter_gemini_part_0_dpo_2/6FhRzp0FDBs-Scene-0016/depth.mp4,T2V_data/label/vidgen_filter_gemini_part_0_dpo_2/6FhRzp0FDBs-Scene-0016/aug_entity_40.png
T2V_data/VIDGEN-1M_unzip/6JHYYr3l_Y0-Scene-0097.mp4,"The video shows a person scuba diving underwater. The diver is wearing a black wetsuit and a scuba mask, and is holding a camera in one hand. The water is clear and blue, and the bottom of the ocean can be seen in the background. The diver is swimming towards the camera, and at one point, gives a thumbs up sign with their hand.",T2V_data/label/vidgen_filter_gemini_part_0_dpo_2/6JHYYr3l_Y0-Scene-0097/depth.mp4,T2V_data/label/vidgen_filter_gemini_part_0_dpo_2/6JHYYr3l_Y0-Scene-0097/aug_entity_60.png
T2V_data/VIDGEN-1M_unzip/6Vo7bJb-FAU-Scene-0086.mp4,"In the video, a horse is pulling a carriage down a road. The horse is black and is wearing a harness. The carriage is not visible in the video. The road is paved and there are trees on both sides. A large truck is driving on the road in front of the horse and carriage. The truck is white and has a large tank on the back. The sky is blue with some clouds.",T2V_data/label/vidgen_filter_gemini_part_0_dpo_2/6Vo7bJb-FAU-Scene-0086/depth.mp4,T2V_data/label/vidgen_filter_gemini_part_0_dpo_2/6Vo7bJb-FAU-Scene-0086/aug_entity_20.png
T2V_data/VIDGEN-1M_unzip/6iJQrOE9TEU-Scene-0022.mp4,"In the video, a man is seen operating a red tractor with a plow attachment. The tractor is moving forward, and the plow is pushing dirt and rocks to the side of the tractor. The man is wearing a green jacket and a beanie, and he is focused on his task. The background consists of a field with trees and a building in the distance. The sky is clear, and it appears to be either dawn or dusk.",T2V_data/label/vidgen_filter_gemini_part_0_dpo_2/6iJQrOE9TEU-Scene-0022/depth.mp4,T2V_data/label/vidgen_filter_gemini_part_0_dpo_2/6iJQrOE9TEU-Scene-0022/aug_entity_40.png
T2V_data/VIDGEN-1M_unzip/6m-RIxD3IsE-Scene-0014.mp4,"The video features a close-up view of a motorcycle engine and a person's foot wearing a black and orange shoe. The shoe is placed on the motorcycle's gear shift, and the person's foot moves back and forth, demonstrating the shifting action. The engine is black with a blue and white body, and the gear shift is silver. The shoe has a black base with orange accents and a zipper on the side. The person is wearing blue jeans.",T2V_data/label/vidgen_filter_gemini_part_0_dpo_2/6m-RIxD3IsE-Scene-0014/depth.mp4,T2V_data/label/vidgen_filter_gemini_part_0_dpo_2/6m-RIxD3IsE-Scene-0014/aug_entity_40.png
T2V_data/VIDGEN-1M_unzip/6mxrGyOdtFs-Scene-0068.mp4,The video shows a person cutting a loaf of bread on a wooden cutting board. The bread has a golden brown crust and a soft yellow interior. The person uses a knife to cut the bread into slices. The background shows a blender and a white towel.,T2V_data/label/vidgen_filter_gemini_part_0_dpo_2/6mxrGyOdtFs-Scene-0068/depth.mp4,T2V_data/label/vidgen_filter_gemini_part_0_dpo_2/6mxrGyOdtFs-Scene-0068/aug_entity_40.png
T2V_data/VIDGEN-1M_unzip/6qMEpizSp7s-Scene-0005.mp4,"The video shows a group of people on dirt bikes lined up at the starting line of a race. They are all wearing helmets and protective gear. The bikes are of different colors, and the riders are positioned in a row. The race begins, and the riders take off, racing around the track. The track is made of dirt and has several jumps and turns. The riders are competing against each other, and the video captures the excitement and intensity of the race.",T2V_data/label/vidgen_filter_gemini_part_0_dpo_2/6qMEpizSp7s-Scene-0005/depth.mp4,T2V_data/label/vidgen_filter_gemini_part_0_dpo_2/6qMEpizSp7s-Scene-0005/aug_entity_20.png
T2V_data/VIDGEN-1M_unzip/6rDHoeOnGmw-Scene-0065.mp4,"The video shows a kickboxing match between two fighters in a ring. One fighter is wearing white shorts and the other is wearing red shorts. The referee is standing in the middle of the ring, wearing a black shirt and black pants. The fighter in white shorts is seen throwing a punch at the fighter in red shorts, who is blocking it with his gloved hand. The crowd is visible in the background, cheering and watching the match. The video is shot from a side angle, capturing the action in the ring.",T2V_data/label/vidgen_filter_gemini_part_0_dpo_2/6rDHoeOnGmw-Scene-0065/depth.mp4,T2V_data/label/vidgen_filter_gemini_part_0_dpo_2/6rDHoeOnGmw-Scene-0065/aug_entity_40.png
T2V_data/VIDGEN-1M_unzip/77wp1bClF-Y-Scene-0014.mp4,"In the video, a wombat is seen standing on its hind legs and pushing a wheelbarrow with its front paws. The wheelbarrow is green and has a blue plastic container on it. The wombat then climbs onto the wheelbarrow and begins to push it with its front paws. The wheelbarrow is on a grassy area, and the wombat appears to be enjoying itself as it pushes the wheelbarrow forward.",T2V_data/label/vidgen_filter_gemini_part_0_dpo_2/77wp1bClF-Y-Scene-0014/depth.mp4,T2V_data/label/vidgen_filter_gemini_part_0_dpo_2/77wp1bClF-Y-Scene-0014/aug_entity_20.png
T2V_data/VIDGEN-1M_unzip/77wp1bClF-Y-Scene-0014.mp4,"In the video, a wombat is seen standing on its hind legs and pushing a wheelbarrow with its front paws. The wheelbarrow is green and has a blue plastic container on it. The wombat then climbs onto the wheelbarrow and begins to push it with its front paws. The wheelbarrow is on a grassy area, and the wombat appears to be enjoying itself as it pushes the wheelbarrow forward.",T2V_data/label/vidgen_filter_gemini_part_0_dpo_2/77wp1bClF-Y-Scene-0014/depth.mp4,T2V_data/label/vidgen_filter_gemini_part_0_dpo_2/77wp1bClF-Y-Scene-0014/aug_entity_40.png
T2V_data/VIDGEN-1M_unzip/7Bl2aLy7qvs-Scene-0015.mp4,"The video features a robotic arm that is performing a task. The arm is shown picking up a small object and placing it on a surface. The robotic arm is yellow and has a light on its head. The background is dark, and the robotic arm is the main focus of the video.",T2V_data/label/vidgen_filter_gemini_part_0_dpo_2/7Bl2aLy7qvs-Scene-0015/depth.mp4,T2V_data/label/vidgen_filter_gemini_part_0_dpo_2/7Bl2aLy7qvs-Scene-0015/aug_entity_20.png
T2V_data/VIDGEN-1M_unzip/7DDYffW00pA-Scene-0027.mp4,"The video shows a person riding a red ATV through a muddy river. The person is wearing a black shirt and is holding the handlebars of the ATV. The river is surrounded by green grass and trees. There is a blue object floating in the water. The person is moving slowly through the water, and the ATV is making a splashing sound.",T2V_data/label/vidgen_filter_gemini_part_0_dpo_2/7DDYffW00pA-Scene-0027/depth.mp4,T2V_data/label/vidgen_filter_gemini_part_0_dpo_2/7DDYffW00pA-Scene-0027/aug_entity_60.png
T2V_data/VIDGEN-1M_unzip/7RURAfwqm84-Scene-0082.mp4,"In the video, a man is seen running on a football field. He is wearing a yellow shirt and black pants. As he runs, he is tackled by a group of people wearing black uniforms. The man in the yellow shirt falls to the ground, and the people in black uniforms continue to hold him down. The scene takes place in front of a crowd of spectators.",T2V_data/label/vidgen_filter_gemini_part_0_dpo_2/7RURAfwqm84-Scene-0082/depth.mp4,T2V_data/label/vidgen_filter_gemini_part_0_dpo_2/7RURAfwqm84-Scene-0082/aug_entity_40.png
T2V_data/VIDGEN-1M_unzip/7lfalAibrtY-Scene-0005.mp4,"In the video, a man is shown standing outside on a sunny day. He is wearing a green shirt and white shorts. The man is holding a plastic bag filled with water and pours it into a white bucket that has a metal grid on top. The bucket is placed on the grass near a sidewalk. The man then picks up a metal grid that is sitting on top of the bucket and places it inside the bucket. The bucket appears to be used for cleaning purposes.",T2V_data/label/vidgen_filter_gemini_part_0_dpo_2/7lfalAibrtY-Scene-0005/depth.mp4,T2V_data/label/vidgen_filter_gemini_part_0_dpo_2/7lfalAibrtY-Scene-0005/aug_entity_60.png
T2V_data/VIDGEN-1M_unzip/7wU4-TzT8Sc-Scene-0221.mp4,"The video shows a person cooking meat on a grill. The person is using tongs to flip the meat over and cook it evenly on both sides. The meat appears to be sizzling as it cooks, indicating that it is being cooked at a high temperature. The person is wearing a black shirt and appears to be focused on cooking the meat to perfection. The grill is outdoors, and there is smoke rising from the grill, adding to the ambiance of the cooking process. The video is shot in a close-up angle, making it difficult to see the surroundings, but the focus is on the cooking process.",T2V_data/label/vidgen_filter_gemini_part_0_dpo_2/7wU4-TzT8Sc-Scene-0221/depth.mp4,T2V_data/label/vidgen_filter_gemini_part_0_dpo_2/7wU4-TzT8Sc-Scene-0221/aug_entity_40.png
T2V_data/VIDGEN-1M_unzip/82wvWe0ns_o-Scene-0055.mp4,"The video shows a person driving a car on a track. The driver's hand is visible on the steering wheel, and the car is moving at a high speed. The driver is wearing a black jacket and is focused on the track. The car is black and has a black interior. The track is surrounded by trees and there are people watching from the sidelines. The driver is skillfully maneuvering the car around the track, making sharp turns and accelerating at high speeds. The video captures the thrill and excitement of car racing.",T2V_data/label/vidgen_filter_gemini_part_0_dpo_2/82wvWe0ns_o-Scene-0055/depth.mp4,T2V_data/label/vidgen_filter_gemini_part_0_dpo_2/82wvWe0ns_o-Scene-0055/aug_entity_20.png
T2V_data/VIDGEN-1M_unzip/853qrb4MVYI-Scene-0011.mp4,"In the video, a person is seen holding a knife in their hand. The knife has a silver blade and a brown handle. The person is using their thumb to push the blade out of the handle, and then they pull it back in. The person repeats this action several times, demonstrating how the knife can be opened and closed. The background is a wooden surface, and the person's hand is visible throughout the video.",T2V_data/label/vidgen_filter_gemini_part_0_dpo_2/853qrb4MVYI-Scene-0011/depth.mp4,T2V_data/label/vidgen_filter_gemini_part_0_dpo_2/853qrb4MVYI-Scene-0011/aug_entity_20.png
T2V_data/VIDGEN-1M_unzip/8Wqfcl0IvGI-Scene-0042.mp4,"The video shows a man driving a car. The man is wearing a black hat and a black shirt. He is holding the steering wheel with both hands and looking straight ahead. The car is moving at a moderate speed, and the surroundings are blurry due to the motion. The man appears to be focused on the road and is not engaging in any other activity. The video does not provide any additional context or information about the location or purpose of the drive.",T2V_data/label/vidgen_filter_gemini_part_0_dpo_2/8Wqfcl0IvGI-Scene-0042/depth.mp4,T2V_data/label/vidgen_filter_gemini_part_0_dpo_2/8Wqfcl0IvGI-Scene-0042/aug_entity_20.png
T2V_data/VIDGEN-1M_unzip/8haEgpm9zX0-Scene-0056.mp4,"In the video, a young girl is seen holding a bottle of red dye and squeezing it into a clear container. She then proceeds to add a bottle of blue dye to the same container. The girl is wearing a green shirt and has blonde hair. The background is a white wall with a blue and white painting. The girl appears to be experimenting with the colors and is seen mixing them together.",T2V_data/label/vidgen_filter_gemini_part_0_dpo_2/8haEgpm9zX0-Scene-0056/depth.mp4,T2V_data/label/vidgen_filter_gemini_part_0_dpo_2/8haEgpm9zX0-Scene-0056/aug_entity_40.png
T2V_data/VIDGEN-1M_unzip/8hotHcP86A0-Scene-0029.mp4,"The video shows a group of people skiing down a snowy mountain. They are all wearing ski gear and are holding onto a rope that is attached to a helicopter. The helicopter is flying above them, and the rope is being used to pull them along the snow. The skiers are moving quickly and appear to be enjoying the thrill of the ride. The snowy mountain landscape is beautiful, with trees and other mountains visible in the background. The skiers are wearing colorful jackets and pants, which stand out against the white snow. The helicopter is large and appears to be a professional model, with a powerful engine that is pulling the skiers along the snow. The video captures the excitement and adventure of skiing in a unique way, as the skiers are not only skiing down the mountain but also being pulled by a helicopter.",T2V_data/label/vidgen_filter_gemini_part_0_dpo_2/8hotHcP86A0-Scene-0029/depth.mp4,T2V_data/label/vidgen_filter_gemini_part_0_dpo_2/8hotHcP86A0-Scene-0029/aug_entity_20.png
T2V_data/VIDGEN-1M_unzip/8hotHcP86A0-Scene-0029.mp4,"The video shows a group of people skiing down a snowy mountain. They are all wearing ski gear and are holding onto a rope that is attached to a helicopter. The helicopter is flying above them, and the rope is being used to pull them along the snow. The skiers are moving quickly and appear to be enjoying the thrill of the ride. The snowy mountain landscape is beautiful, with trees and other mountains visible in the background. The skiers are wearing colorful jackets and pants, which stand out against the white snow. The helicopter is large and appears to be a professional model, with a powerful engine that is pulling the skiers along the snow. The video captures the excitement and adventure of skiing in a unique way, as the skiers are not only skiing down the mountain but also being pulled by a helicopter.",T2V_data/label/vidgen_filter_gemini_part_0_dpo_2/8hotHcP86A0-Scene-0029/depth.mp4,T2V_data/label/vidgen_filter_gemini_part_0_dpo_2/8hotHcP86A0-Scene-0029/aug_entity_40.png
T2V_data/VIDGEN-1M_unzip/8oXe8E8gEUc-Scene-0005.mp4,The video shows a piece of machinery with a red frame and a black box attached to it. The machinery is being used to cut down tall grass in a field. The grass is being cut and blown away by the machinery.,T2V_data/label/vidgen_filter_gemini_part_0_dpo_2/8oXe8E8gEUc-Scene-0005/depth.mp4,T2V_data/label/vidgen_filter_gemini_part_0_dpo_2/8oXe8E8gEUc-Scene-0005/aug_entity_40.png
T2V_data/VIDGEN-1M_unzip/9-QzkhRye8o-Scene-0019.mp4,"The video shows a woman playing golf on a green. She is wearing a black and white outfit and a white visor. She is seen hitting the golf ball with her club and then celebrating by throwing her arms in the air and spinning around. The video is shot from a distance, and the woman is the only person visible in the frame.",T2V_data/label/vidgen_filter_gemini_part_0_dpo_2/9-QzkhRye8o-Scene-0019/depth.mp4,T2V_data/label/vidgen_filter_gemini_part_0_dpo_2/9-QzkhRye8o-Scene-0019/aug_entity_20.png
T2V_data/VIDGEN-1M_unzip/9H-BSggzoCA-Scene-0011.mp4,The video shows a close-up of a pot of food being cooked on a stove. A person is stirring the food with a wooden spoon. The food appears to be a stew or soup with chunks of meat and vegetables. The steam rising from the pot indicates that the food is hot. The person stirring the food is not visible in the video.,T2V_data/label/vidgen_filter_gemini_part_0_dpo_2/9H-BSggzoCA-Scene-0011/depth.mp4,T2V_data/label/vidgen_filter_gemini_part_0_dpo_2/9H-BSggzoCA-Scene-0011/aug_entity_40.png
T2V_data/VIDGEN-1M_unzip/9IIjrA0zOHE-Scene-0009.mp4,"In the video, a person is seen wearing blue gloves and holding a knife. The person is standing in front of a cutting board and is cutting green jalapeno peppers. The person cuts the peppers into slices and then proceeds to cut them into smaller pieces. The cutting board is placed on a countertop, and the background is a kitchen setting. The person's movements are precise and careful as they slice through the peppers. The knife used is a chef's knife, and the peppers are fresh and green in color. The video is shot in a well-lit room, and the person's actions are the main focus of the video.",T2V_data/label/vidgen_filter_gemini_part_0_dpo_2/9IIjrA0zOHE-Scene-0009/depth.mp4,T2V_data/label/vidgen_filter_gemini_part_0_dpo_2/9IIjrA0zOHE-Scene-0009/aug_entity_40.png
T2V_data/VIDGEN-1M_unzip/9dfdWMJ1Kj4-Scene-0055.mp4,"The video shows a person's hands holding a smartphone's back cover. The person is using a small tool to remove the back cover from the phone. The back cover is black and has a camera lens and flash on it. The person is careful and precise in their movements, ensuring that they do not damage the phone or the cover. The video is shot in close-up, focusing on the person's hands and the phone.",T2V_data/label/vidgen_filter_gemini_part_0_dpo_2/9dfdWMJ1Kj4-Scene-0055/depth.mp4,T2V_data/label/vidgen_filter_gemini_part_0_dpo_2/9dfdWMJ1Kj4-Scene-0055/aug_entity_40.png
T2V_data/VIDGEN-1M_unzip/9fMN80wkYvM-Scene-0064.mp4,"The video shows a person using a pipette to transfer a green substance into a petri dish. The substance appears to be a liquid or gel, and the person carefully places it in the center of the dish. The petri dish is transparent, allowing the viewer to see the green substance clearly. The person's hands are steady as they manipulate the pipette and the petri dish. The background is blurred, but it seems to be a laboratory setting.",T2V_data/label/vidgen_filter_gemini_part_0_dpo_2/9fMN80wkYvM-Scene-0064/depth.mp4,T2V_data/label/vidgen_filter_gemini_part_0_dpo_2/9fMN80wkYvM-Scene-0064/aug_entity_60.png
T2V_data/VIDGEN-1M_unzip/9kdanT3FekQ-Scene-0058.mp4,"The video shows a person using a tool to clean the inside of a camera lens. The person is holding the lens with one hand while using the tool with the other hand to clean it. The lens is black and appears to be made of glass. The tool used is a small brush with a yellow handle. The person is wearing a ring on their finger. The background is blurred, but it appears to be a workshop with various tools and equipment.",T2V_data/label/vidgen_filter_gemini_part_0_dpo_2/9kdanT3FekQ-Scene-0058/depth.mp4,T2V_data/label/vidgen_filter_gemini_part_0_dpo_2/9kdanT3FekQ-Scene-0058/aug_entity_60.png
T2V_data/VIDGEN-1M_unzip/9yznr_JB7Gs-Scene-0009.mp4,"In the video, a man is seen working in a workshop. He is wearing a white lab coat and safety glasses, and is using a machine to drill a hole in a white pipe. The man is holding the pipe with one hand while operating the machine with the other. The machine is producing a lot of shavings, indicating that it is actively drilling into the pipe. The workshop is well-lit, and there are various tools and machines visible in the background. The man appears to be focused on his task, and is using the machine with precision. Overall, the video depicts a scene of a skilled worker performing a task in a workshop setting.",T2V_data/label/vidgen_filter_gemini_part_0_dpo_2/9yznr_JB7Gs-Scene-0009/depth.mp4,T2V_data/label/vidgen_filter_gemini_part_0_dpo_2/9yznr_JB7Gs-Scene-0009/aug_entity_40.png
T2V_data/VIDGEN-1M_unzip/A4GZhMDXQEQ-Scene-0010.mp4,"In the video, a person is seen using a yellow staple gun to staple a piece of foil onto a yellow board. The person is wearing a black shirt and is standing in front of a gray table. The foil is shiny and reflects light, while the board has a matte finish. The person's hands are steady as they work, and the staple gun is used with precision to secure the foil in place. The background is blurred, but it appears to be a workshop or a garage.",T2V_data/label/vidgen_filter_gemini_part_0_dpo_2/A4GZhMDXQEQ-Scene-0010/depth.mp4,T2V_data/label/vidgen_filter_gemini_part_0_dpo_2/A4GZhMDXQEQ-Scene-0010/aug_entity_80.png
T2V_data/VIDGEN-1M_unzip/AA0rs4oH58o-Scene-0005.mp4,"The video shows a red monkey with long hair walking on a rope. The monkey is seen holding onto the rope with its hands and feet, carefully balancing itself as it moves along the rope. The monkey's fur is a bright red color, and it appears to be quite agile as it moves. The background is blurred, but it seems to be an outdoor setting with trees and foliage. The monkey's movements are slow and deliberate, as it navigates the rope with ease.",T2V_data/label/vidgen_filter_gemini_part_0_dpo_2/AA0rs4oH58o-Scene-0005/depth.mp4,T2V_data/label/vidgen_filter_gemini_part_0_dpo_2/AA0rs4oH58o-Scene-0005/aug_entity_20.png
T2V_data/VIDGEN-1M_unzip/AAlaFt6E7Hs-Scene-0032.mp4,"The video shows a judo match between two women. One woman is wearing a blue judo gi, and the other is wearing a white judo gi. The woman in the blue judo gi is seen grabbing the woman in the white judo gi from behind and attempting to take her down. The woman in the white judo gi is seen trying to defend herself and counter the move. The background shows a crowd of spectators watching the match.",T2V_data/label/vidgen_filter_gemini_part_0_dpo_2/AAlaFt6E7Hs-Scene-0032/depth.mp4,T2V_data/label/vidgen_filter_gemini_part_0_dpo_2/AAlaFt6E7Hs-Scene-0032/aug_entity_20.png
T2V_data/VIDGEN-1M_unzip/Ag8vKKCqRtI-Scene-0002.mp4,"In the video, a person is using an electric mixer to mix butter in a glass bowl. The mixer is a light blue color, and the butter is a pale yellow. The person's hand is visible, holding the mixer. The bowl is placed on a wooden surface. The mixer is turned on, and the butter is being mixed into a creamy consistency.",T2V_data/label/vidgen_filter_gemini_part_0_dpo_2/Ag8vKKCqRtI-Scene-0002/depth.mp4,T2V_data/label/vidgen_filter_gemini_part_0_dpo_2/Ag8vKKCqRtI-Scene-0002/aug_entity_20.png
T2V_data/VIDGEN-1M_unzip/ApY_7ZEX9WU-Scene-0001.mp4,"The video shows a group of people jumping on a trampoline. The trampoline is surrounded by red padding and has a black surface. The people are wearing different colored shirts and pants. Some are wearing bright yellow shirts, while others are wearing blue or black shirts. They are all wearing blue socks. The people are jumping and bouncing off the trampoline, and some are doing flips and other tricks. The trampoline is located in a large indoor area with a high ceiling and other trampolines visible in the background.",T2V_data/label/vidgen_filter_gemini_part_0_dpo_2/ApY_7ZEX9WU-Scene-0001/depth.mp4,T2V_data/label/vidgen_filter_gemini_part_0_dpo_2/ApY_7ZEX9WU-Scene-0001/aug_entity_20.png
T2V_data/VIDGEN-1M_unzip/AueuYVUJp2A-Scene-0071.mp4,"In the video, a person is seen handling a green garden hose with brass connectors. The person is demonstrating how to connect the hose to a water source. The hose is laid out on a wooden surface, and the person picks up one end of the hose, showing the brass connector. They then attach the connector to the water source and secure it with a screw. The person repeats the process with the other end of the hose, ensuring that both connectors are properly attached. The video provides a clear demonstration of how to connect a garden hose to a water source.",T2V_data/label/vidgen_filter_gemini_part_0_dpo_2/AueuYVUJp2A-Scene-0071/depth.mp4,T2V_data/label/vidgen_filter_gemini_part_0_dpo_2/AueuYVUJp2A-Scene-0071/aug_entity_40.png
T2V_data/VIDGEN-1M_unzip/Aug9Ps19A0M-Scene-0040.mp4,The video shows a person mixing a yellow liquid in a red bowl with a whisk. The person is wearing a black shirt with yellow writing on it. The person is using their right hand to hold the bowl and their left hand to whisk the liquid. The liquid appears to be of a thick consistency. The person is mixing the liquid in a circular motion. The background is a kitchen counter with a white paper on it.,T2V_data/label/vidgen_filter_gemini_part_0_dpo_2/Aug9Ps19A0M-Scene-0040/depth.mp4,T2V_data/label/vidgen_filter_gemini_part_0_dpo_2/Aug9Ps19A0M-Scene-0040/aug_entity_40.png
T2V_data/VIDGEN-1M_unzip/B2gu9oWLs-s-Scene-0028.mp4,"In the video, a person is seen holding a rubber band in their hands. The person then proceeds to stretch the rubber band between their thumb and index finger, creating a loop. The person then uses their other hand to pull the rubber band, causing it to snap back to its original shape. The video is shot in close-up, focusing on the person's hands and the rubber band. The background is blurred, drawing attention to the action taking place. The person's movements are smooth and controlled, indicating a level of skill and practice with the rubber band.",T2V_data/label/vidgen_filter_gemini_part_0_dpo_2/B2gu9oWLs-s-Scene-0028/depth.mp4,T2V_data/label/vidgen_filter_gemini_part_0_dpo_2/B2gu9oWLs-s-Scene-0028/aug_entity_60.png
T2V_data/VIDGEN-1M_unzip/B40YquF2B94-Scene-0007.mp4,The video shows a person using a lathe machine to work on a metal piece. The person is seen adjusting the machine and then turning the metal piece while it spins. The person then uses a tool to shape the metal piece. The video is shot in a workshop setting and the person is wearing a grey shirt.,T2V_data/label/vidgen_filter_gemini_part_0_dpo_2/B40YquF2B94-Scene-0007/depth.mp4,T2V_data/label/vidgen_filter_gemini_part_0_dpo_2/B40YquF2B94-Scene-0007/aug_entity_20.png
T2V_data/VIDGEN-1M_unzip/B40YquF2B94-Scene-0007.mp4,The video shows a person using a lathe machine to work on a metal piece. The person is seen adjusting the machine and then turning the metal piece while it spins. The person then uses a tool to shape the metal piece. The video is shot in a workshop setting and the person is wearing a grey shirt.,T2V_data/label/vidgen_filter_gemini_part_0_dpo_2/B40YquF2B94-Scene-0007/depth.mp4,T2V_data/label/vidgen_filter_gemini_part_0_dpo_2/B40YquF2B94-Scene-0007/aug_entity_40.png
T2V_data/VIDGEN-1M_unzip/B5yj9CBzT3o-Scene-0097.mp4,"The video shows a first-person view of a person driving a yellow race car on a track. The car is moving at a high speed, and the driver is navigating through turns and straightaways. The track is surrounded by a natural landscape, and the sky is clear and blue. The driver's hands are visible on the steering wheel, and the car's dashboard is also in view. The video captures the thrill and excitement of racing, with the sound of the engine and the wind rushing past.",T2V_data/label/vidgen_filter_gemini_part_0_dpo_2/B5yj9CBzT3o-Scene-0097/depth.mp4,T2V_data/label/vidgen_filter_gemini_part_0_dpo_2/B5yj9CBzT3o-Scene-0097/aug_entity_20.png
T2V_data/VIDGEN-1M_unzip/B6o4joSjlHI-Scene-0016.mp4,"In the video, a person is seen using a knife to carve a turkey. The turkey is placed on a counter, and the person is wearing a blue glove on one hand. The person is using the knife to cut the turkey, and the turkey appears to be cooked. The person is focused on the task at hand, and the kitchen appears to be well-lit. The turkey is the main focus of the video, and the person is using the knife with precision to carve it. The video does not show any other objects or people in the kitchen.",T2V_data/label/vidgen_filter_gemini_part_0_dpo_2/B6o4joSjlHI-Scene-0016/depth.mp4,T2V_data/label/vidgen_filter_gemini_part_0_dpo_2/B6o4joSjlHI-Scene-0016/aug_entity_20.png
T2V_data/VIDGEN-1M_unzip/BzQNVVzK2kQ-Scene-0033.mp4,"The video shows a person using a handsaw to cut a piece of wood. The person is wearing a ring on their left hand, which is holding the wood in place. The saw is silver and has a wooden handle. The wood is light brown and appears to be a piece of plywood. The person is cutting the wood in a straight line, and the saw moves back and forth as they saw through the wood.",T2V_data/label/vidgen_filter_gemini_part_0_dpo_2/BzQNVVzK2kQ-Scene-0033/depth.mp4,T2V_data/label/vidgen_filter_gemini_part_0_dpo_2/BzQNVVzK2kQ-Scene-0033/aug_entity_40.png
T2V_data/VIDGEN-1M_unzip/CBBdl7_61_A-Scene-0033.mp4,The video shows a person snowboarding down a snowy hill. The person is wearing a helmet and a blue jacket. They are seen kneeling on the snowboard and then standing up to continue snowboarding. The person is also seen falling down on the snow.,T2V_data/label/vidgen_filter_gemini_part_0_dpo_2/CBBdl7_61_A-Scene-0033/depth.mp4,T2V_data/label/vidgen_filter_gemini_part_0_dpo_2/CBBdl7_61_A-Scene-0033/aug_entity_20.png
T2V_data/VIDGEN-1M_unzip/Cb96EofJuuA-Scene-0019.mp4,"The video shows a person adding ingredients to a bowl of crushed nuts. The person adds a spoonful of flour, followed by a pat of butter. The person then pours olive oil over the mixture. The bowl is blue and the countertop is gray.",T2V_data/label/vidgen_filter_gemini_part_0_dpo_2/Cb96EofJuuA-Scene-0019/depth.mp4,T2V_data/label/vidgen_filter_gemini_part_0_dpo_2/Cb96EofJuuA-Scene-0019/aug_entity_40.png
T2V_data/VIDGEN-1M_unzip/Cb96EofJuuA-Scene-0019.mp4,"The video shows a person adding ingredients to a bowl of crushed nuts. The person adds a spoonful of flour, followed by a pat of butter. The person then pours olive oil over the mixture. The bowl is blue and the countertop is gray.",T2V_data/label/vidgen_filter_gemini_part_0_dpo_2/Cb96EofJuuA-Scene-0019/depth.mp4,T2V_data/label/vidgen_filter_gemini_part_0_dpo_2/Cb96EofJuuA-Scene-0019/aug_entity_60.png
T2V_data/VIDGEN-1M_unzip/CjXVgV9fGCc-Scene-0058.mp4,"In the video, a person is seen using a purple plastic elephant-shaped mold to press down on a piece of gray clay. The person's nails are painted with pink glitter polish. The background is white, and there are colorful clay sticks visible in the background. The person presses the mold down onto the clay, then removes it to reveal the elephant shape. The person repeats this process several times, pressing the mold down onto the clay and removing it to reveal the shape.",T2V_data/label/vidgen_filter_gemini_part_0_dpo_2/CjXVgV9fGCc-Scene-0058/depth.mp4,T2V_data/label/vidgen_filter_gemini_part_0_dpo_2/CjXVgV9fGCc-Scene-0058/aug_entity_60.png
T2V_data/VIDGEN-1M_unzip/D-4KLRPDMjs-Scene-0119.mp4,"The video shows a close-up shot of a clear glass bowl containing a white creamy substance. A metal fork is being used to mix the substance, causing it to swirl around the bowl. The bowl is placed on a granite countertop, and the background is blurred, focusing the viewer's attention on the bowl and its contents.",T2V_data/label/vidgen_filter_gemini_part_0_dpo_2/D-4KLRPDMjs-Scene-0119/depth.mp4,T2V_data/label/vidgen_filter_gemini_part_0_dpo_2/D-4KLRPDMjs-Scene-0119/aug_entity_60.png
T2V_data/VIDGEN-1M_unzip/D2d7p5ifNfw-Scene-0002.mp4,"This video shows a boxing match between two men in a ring. The man in the green shorts is being punched by the man in the red gloves, and he is falling to the ground. The man in the red gloves is standing over him, and the referee is present in the ring. The video is in slow motion, emphasizing the impact of the punches.",T2V_data/label/vidgen_filter_gemini_part_0_dpo_2/D2d7p5ifNfw-Scene-0002/depth.mp4,T2V_data/label/vidgen_filter_gemini_part_0_dpo_2/D2d7p5ifNfw-Scene-0002/aug_entity_20.png
T2V_data/VIDGEN-1M_unzip/D2d7p5ifNfw-Scene-0002.mp4,"This video shows a boxing match between two men in a ring. The man in the green shorts is being punched by the man in the red gloves, and he is falling to the ground. The man in the red gloves is standing over him, and the referee is present in the ring. The video is in slow motion, emphasizing the impact of the punches.",T2V_data/label/vidgen_filter_gemini_part_0_dpo_2/D2d7p5ifNfw-Scene-0002/depth.mp4,T2V_data/label/vidgen_filter_gemini_part_0_dpo_2/D2d7p5ifNfw-Scene-0002/aug_entity_60.png
T2V_data/VIDGEN-1M_unzip/D4oryWOC1RQ-Scene-0004.mp4,"The video shows a man in a white shirt and black shorts standing on a grassy field. He is surrounded by several soccer balls. The man is seen kicking the balls one by one, and then he walks away from the balls.",T2V_data/label/vidgen_filter_gemini_part_0_dpo_2/D4oryWOC1RQ-Scene-0004/depth.mp4,T2V_data/label/vidgen_filter_gemini_part_0_dpo_2/D4oryWOC1RQ-Scene-0004/aug_entity_20.png
T2V_data/VIDGEN-1M_unzip/D6_qcD_lFnE-Scene-0026.mp4,The video shows a person using a screwdriver to remove a tire from a car. The person is wearing a white shirt and has a watch on their left wrist. The car has a silver rim with a black tire. The person is using the screwdriver to pry the tire off the rim.,T2V_data/label/vidgen_filter_gemini_part_0_dpo_2/D6_qcD_lFnE-Scene-0026/depth.mp4,T2V_data/label/vidgen_filter_gemini_part_0_dpo_2/D6_qcD_lFnE-Scene-0026/aug_entity_60.png
T2V_data/VIDGEN-1M_unzip/D8ykForQ2dk-Scene-0004.mp4,"The video shows a close-up of a bowling ball rolling down a lane. The ball is white with red stripes and is seen from different angles as it moves. The background is dark, and the ball's reflection can be seen on the shiny surface of the lane.",T2V_data/label/vidgen_filter_gemini_part_0_dpo_2/D8ykForQ2dk-Scene-0004/depth.mp4,T2V_data/label/vidgen_filter_gemini_part_0_dpo_2/D8ykForQ2dk-Scene-0004/aug_entity_40.png
T2V_data/VIDGEN-1M_unzip/DMplD3OZCEE-Scene-0058.mp4,"The video shows a person's hands as they demonstrate how to remove and replace a cup holder in a car. The person first opens the cup holder compartment by pulling on a lever. Then, they remove the cup holder by lifting it up and pulling it out. Finally, they replace the cup holder by sliding it back into the compartment and pushing it down until it clicks into place.",T2V_data/label/vidgen_filter_gemini_part_0_dpo_2/DMplD3OZCEE-Scene-0058/depth.mp4,T2V_data/label/vidgen_filter_gemini_part_0_dpo_2/DMplD3OZCEE-Scene-0058/aug_entity_20.png
T2V_data/VIDGEN-1M_unzip/D_TfoXwKaJo-Scene-0071.mp4,"The video shows a house on fire at night. The fire is intense, and flames are visible throughout the house. The house is surrounded by trees, and the sky is dark, indicating it is nighttime. The fire appears to be uncontrolled, and there is no visible firefighting activity. The house is a single-story structure with a visible roof and walls. The flames are bright orange and yellow, and smoke is billowing from the house. The surrounding trees are silhouetted against the dark sky.",T2V_data/label/vidgen_filter_gemini_part_0_dpo_2/D_TfoXwKaJo-Scene-0071/depth.mp4,T2V_data/label/vidgen_filter_gemini_part_0_dpo_2/D_TfoXwKaJo-Scene-0071/aug_entity_20.png
T2V_data/VIDGEN-1M_unzip/D_TfoXwKaJo-Scene-0071.mp4,"The video shows a house on fire at night. The fire is intense, and flames are visible throughout the house. The house is surrounded by trees, and the sky is dark, indicating it is nighttime. The fire appears to be uncontrolled, and there is no visible firefighting activity. The house is a single-story structure with a visible roof and walls. The flames are bright orange and yellow, and smoke is billowing from the house. The surrounding trees are silhouetted against the dark sky.",T2V_data/label/vidgen_filter_gemini_part_0_dpo_2/D_TfoXwKaJo-Scene-0071/depth.mp4,T2V_data/label/vidgen_filter_gemini_part_0_dpo_2/D_TfoXwKaJo-Scene-0071/aug_entity_40.png
T2V_data/VIDGEN-1M_unzip/Dg44NkvCfls-Scene-0017.mp4,"In the video, a person is seen using a kitchen mixer. The mixer is silver in color and has a large bowl attached to it. The person is holding a whisk attachment in their hand and is seen placing it into the bowl of the mixer. The mixer is then turned on, and the whisk attachment begins to spin rapidly, mixing the contents of the bowl. The person's hand is visible as they hold the whisk attachment in place while the mixer operates. The kitchen mixer appears to be a modern appliance with multiple settings and controls. The video provides a clear view of the mixing process, showcasing the efficiency and functionality of the kitchen mixer.",T2V_data/label/vidgen_filter_gemini_part_0_dpo_2/Dg44NkvCfls-Scene-0017/depth.mp4,T2V_data/label/vidgen_filter_gemini_part_0_dpo_2/Dg44NkvCfls-Scene-0017/aug_entity_60.png
T2V_data/VIDGEN-1M_unzip/EItU9r9mO9g-Scene-0136.mp4,"The video shows a wrestling match between two men in a ring. One man is wearing yellow boots and the other is wearing red boots. The man in yellow boots is lying on the ground while the man in red boots is standing over him. The referee is standing nearby, watching the action. The man in red boots then jumps on the man in yellow boots, causing him to fall to the ground. The referee then counts to three, indicating that the man in yellow boots has been pinned.",T2V_data/label/vidgen_filter_gemini_part_0_dpo_2/EItU9r9mO9g-Scene-0136/depth.mp4,T2V_data/label/vidgen_filter_gemini_part_0_dpo_2/EItU9r9mO9g-Scene-0136/aug_entity_20.png
T2V_data/VIDGEN-1M_unzip/EQsQEnN9LHM-Scene-0085.mp4,"In the video, a man is standing outside at night. He is wearing a striped shirt and is speaking to the camera. He then proceeds to punch himself in the face. The man seems to be in pain after the punch. The background shows a dark street with some cars passing by.",T2V_data/label/vidgen_filter_gemini_part_0_dpo_2/EQsQEnN9LHM-Scene-0085/depth.mp4,T2V_data/label/vidgen_filter_gemini_part_0_dpo_2/EQsQEnN9LHM-Scene-0085/aug_entity_40.png
T2V_data/VIDGEN-1M_unzip/ETsDK3nAw7s-Scene-0006.mp4,"The video shows a red sports car with a large spoiler on the back driving on a wet road. The car is seen from the perspective of another vehicle following behind it. The car is driving at a high speed, and the driver is seen drifting around a corner. The road is wet, and there are other vehicles visible in the background. The car's brake lights are on, and the sound of the engine can be heard.",T2V_data/label/vidgen_filter_gemini_part_0_dpo_2/ETsDK3nAw7s-Scene-0006/depth.mp4,T2V_data/label/vidgen_filter_gemini_part_0_dpo_2/ETsDK3nAw7s-Scene-0006/aug_entity_20.png
T2V_data/VIDGEN-1M_unzip/EaS1vONILRs-Scene-0003.mp4,"In the video, a man is seen walking behind a pair of oxen, holding onto a rope attached to the animals. The oxen are pulling a cart, and the man is guiding them along a dirt road. The man is wearing a light-colored shirt and dark pants, and the oxen are brown with white markings. The surrounding area is lush with greenery, and the road appears to be in a rural setting. The man seems to be in control of the oxen, and they are moving at a steady pace.",T2V_data/label/vidgen_filter_gemini_part_0_dpo_2/EaS1vONILRs-Scene-0003/depth.mp4,T2V_data/label/vidgen_filter_gemini_part_0_dpo_2/EaS1vONILRs-Scene-0003/aug_entity_40.png
T2V_data/VIDGEN-1M_unzip/EaS1vONILRs-Scene-0003.mp4,"In the video, a man is seen walking behind a pair of oxen, holding onto a rope attached to the animals. The oxen are pulling a cart, and the man is guiding them along a dirt road. The man is wearing a light-colored shirt and dark pants, and the oxen are brown with white markings. The surrounding area is lush with greenery, and the road appears to be in a rural setting. The man seems to be in control of the oxen, and they are moving at a steady pace.",T2V_data/label/vidgen_filter_gemini_part_0_dpo_2/EaS1vONILRs-Scene-0003/depth.mp4,T2V_data/label/vidgen_filter_gemini_part_0_dpo_2/EaS1vONILRs-Scene-0003/aug_entity_60.png
T2V_data/VIDGEN-1M_unzip/F0N8fZsnoCQ-Scene-0015.mp4,The video shows a person mixing a blue slime in a bowl with a pink spoon. The person then lifts the bowl and the slime stretches between the bowl and the person's hand. The person then uses the spoon to mix the slime again.,T2V_data/label/vidgen_filter_gemini_part_0_dpo_2/F0N8fZsnoCQ-Scene-0015/depth.mp4,T2V_data/label/vidgen_filter_gemini_part_0_dpo_2/F0N8fZsnoCQ-Scene-0015/aug_entity_60.png
T2V_data/VIDGEN-1M_unzip/F3nExF6WrmI-Scene-0021.mp4,"The video shows a boxing match between two men in a ring. One man is wearing black shorts, while the other is wearing gray shorts. They are both wearing boxing gloves and are actively engaged in the fight. The man in black shorts is seen throwing a punch at the man in gray shorts, who skillfully dodges the punch. The man in gray shorts then throws a punch at the man in black shorts, who blocks the punch with his glove. The referee, dressed in a blue shirt and black pants, is standing close by, watching the fight closely. The ring has a black floor with a white border, and there is a logo in the center of the ring. The video is shot from a side angle, giving a clear view of the action.",T2V_data/label/vidgen_filter_gemini_part_0_dpo_2/F3nExF6WrmI-Scene-0021/depth.mp4,T2V_data/label/vidgen_filter_gemini_part_0_dpo_2/F3nExF6WrmI-Scene-0021/aug_entity_20.png
T2V_data/VIDGEN-1M_unzip/FJBYJAlP3LM-Scene-0130.mp4,"In the video, a person is seen using a tool to cut a branch off of a tree. The person is wearing a yellow shirt and grey gloves. The tool used is a silver-colored saw with a black handle. The tree has a brown trunk and is surrounded by other trees in the background. The person is standing on a rope that is tied to the tree, and they are using the saw to cut the branch at an angle. The video is shot in daylight, and the person appears to be focused on the task at hand.",T2V_data/label/vidgen_filter_gemini_part_0_dpo_2/FJBYJAlP3LM-Scene-0130/depth.mp4,T2V_data/label/vidgen_filter_gemini_part_0_dpo_2/FJBYJAlP3LM-Scene-0130/aug_entity_40.png
T2V_data/VIDGEN-1M_unzip/FJl8xDPVlqU-Scene-0113.mp4,"The video shows a person's hand holding a glass with a cartoon character design on it. The glass is placed under a water dispenser, and water is being poured into it. The water is clear and flows smoothly into the glass, filling it up. The dispenser appears to be located in a kitchen or a similar setting. The person's hand is steady, and the glass is held at an angle to catch the water. The cartoon character on the glass is colorful and appears to be a popular character from a children's show or movie.",T2V_data/label/vidgen_filter_gemini_part_0_dpo_2/FJl8xDPVlqU-Scene-0113/depth.mp4,T2V_data/label/vidgen_filter_gemini_part_0_dpo_2/FJl8xDPVlqU-Scene-0113/aug_entity_20.png
T2V_data/VIDGEN-1M_unzip/FJl8xDPVlqU-Scene-0113.mp4,"The video shows a person's hand holding a glass with a cartoon character design on it. The glass is placed under a water dispenser, and water is being poured into it. The water is clear and flows smoothly into the glass, filling it up. The dispenser appears to be located in a kitchen or a similar setting. The person's hand is steady, and the glass is held at an angle to catch the water. The cartoon character on the glass is colorful and appears to be a popular character from a children's show or movie.",T2V_data/label/vidgen_filter_gemini_part_0_dpo_2/FJl8xDPVlqU-Scene-0113/depth.mp4,T2V_data/label/vidgen_filter_gemini_part_0_dpo_2/FJl8xDPVlqU-Scene-0113/aug_entity_40.png
T2V_data/VIDGEN-1M_unzip/FU6FD1VwRAE-Scene-0207.mp4,"The video is shot from the driver's seat of a car, showing the driver's hand on the steering wheel. The driver is waiting in traffic, and there is a large truck visible in the rearview mirror. The driver's hand is moving slightly, indicating that they are steering the car. The truck is white and appears to be a semi-truck. The driver's hand is visible in the foreground, and the truck is visible in the background. The video does not show any other significant action or event.",T2V_data/label/vidgen_filter_gemini_part_0_dpo_2/FU6FD1VwRAE-Scene-0207/depth.mp4,T2V_data/label/vidgen_filter_gemini_part_0_dpo_2/FU6FD1VwRAE-Scene-0207/aug_entity_20.png
T2V_data/VIDGEN-1M_unzip/Fde9w-k9Kog-Scene-0027.mp4,"The video shows a tank driving through a field of rocks. As it moves, it kicks up a cloud of dust. The tank is large and appears to be well-equipped for combat. The field is rocky and barren, with no visible vegetation. The tank is the only object in the video, and it moves steadily through the terrain.",T2V_data/label/vidgen_filter_gemini_part_0_dpo_2/Fde9w-k9Kog-Scene-0027/depth.mp4,T2V_data/label/vidgen_filter_gemini_part_0_dpo_2/Fde9w-k9Kog-Scene-0027/aug_entity_20.png
T2V_data/VIDGEN-1M_unzip/Fw5fBM2osSw-Scene-0029.mp4,The video shows a person pouring milk into a measuring cup that already contains eggs. The person then uses a whisk to mix the ingredients together.,T2V_data/label/vidgen_filter_gemini_part_0_dpo_2/Fw5fBM2osSw-Scene-0029/depth.mp4,T2V_data/label/vidgen_filter_gemini_part_0_dpo_2/Fw5fBM2osSw-Scene-0029/aug_entity_60.png
T2V_data/VIDGEN-1M_unzip/GALrj1P58qo-Scene-0011.mp4,"The video shows a person installing a black drawer into a wooden cabinet. The drawer is pulled out and pushed back in several times to demonstrate its functionality. The cabinet appears to be in a kitchen or bathroom setting, and the drawer is the only one installed at this time. The person's hands are visible as they operate the drawer, but their face is not shown. The cabinet and drawer are of a modern design, with clean lines and a sleek finish.",T2V_data/label/vidgen_filter_gemini_part_0_dpo_2/GALrj1P58qo-Scene-0011/depth.mp4,T2V_data/label/vidgen_filter_gemini_part_0_dpo_2/GALrj1P58qo-Scene-0011/aug_entity_20.png
T2V_data/VIDGEN-1M_unzip/GALrj1P58qo-Scene-0011.mp4,"The video shows a person installing a black drawer into a wooden cabinet. The drawer is pulled out and pushed back in several times to demonstrate its functionality. The cabinet appears to be in a kitchen or bathroom setting, and the drawer is the only one installed at this time. The person's hands are visible as they operate the drawer, but their face is not shown. The cabinet and drawer are of a modern design, with clean lines and a sleek finish.",T2V_data/label/vidgen_filter_gemini_part_0_dpo_2/GALrj1P58qo-Scene-0011/depth.mp4,T2V_data/label/vidgen_filter_gemini_part_0_dpo_2/GALrj1P58qo-Scene-0011/aug_entity_40.png
T2V_data/VIDGEN-1M_unzip/GALrj1P58qo-Scene-0011.mp4,"The video shows a person installing a black drawer into a wooden cabinet. The drawer is pulled out and pushed back in several times to demonstrate its functionality. The cabinet appears to be in a kitchen or bathroom setting, and the drawer is the only one installed at this time. The person's hands are visible as they operate the drawer, but their face is not shown. The cabinet and drawer are of a modern design, with clean lines and a sleek finish.",T2V_data/label/vidgen_filter_gemini_part_0_dpo_2/GALrj1P58qo-Scene-0011/depth.mp4,T2V_data/label/vidgen_filter_gemini_part_0_dpo_2/GALrj1P58qo-Scene-0011/aug_entity_60.png
T2V_data/VIDGEN-1M_unzip/GCT3VB_KfN0-Scene-0028.mp4,"In the video, a man is standing in a kitchen and talking to the camera. He is holding a bowl in his hand and pours its contents into a pot on the stove. The kitchen is well-equipped with various utensils and appliances. The man appears to be cooking something and is explaining the process to the viewers. The lighting in the kitchen is bright, and the colors are vibrant. The man is wearing a red shirt and glasses, and he seems to be enjoying the cooking process. The video appears to be a cooking tutorial or a recipe demonstration.",T2V_data/label/vidgen_filter_gemini_part_0_dpo_2/GCT3VB_KfN0-Scene-0028/depth.mp4,T2V_data/label/vidgen_filter_gemini_part_0_dpo_2/GCT3VB_KfN0-Scene-0028/aug_entity_20.png
T2V_data/VIDGEN-1M_unzip/GLXpU5YqlU0-Scene-0545.mp4,"The video shows two people scuba diving in the ocean. They are both wearing scuba gear, including masks, snorkels, and fins. One of the divers is holding a tool and is using it to remove something from the ocean floor. The other diver is assisting by holding the tool steady. The ocean floor is covered in sand and small rocks, and there are some plants visible in the background. The water is clear, and the divers appear to be focused on their task.",T2V_data/label/vidgen_filter_gemini_part_0_dpo_2/GLXpU5YqlU0-Scene-0545/depth.mp4,T2V_data/label/vidgen_filter_gemini_part_0_dpo_2/GLXpU5YqlU0-Scene-0545/aug_entity_40.png
T2V_data/VIDGEN-1M_unzip/GdsR-s4MFdM-Scene-0009.mp4,"In the video, a baby elephant is seen playing in the mud. The elephant is covered in mud and is using its trunk to splash water on its body. The elephant is surrounded by a natural environment with trees and bushes in the background. The elephant appears to be enjoying itself as it rolls around in the mud.",T2V_data/label/vidgen_filter_gemini_part_0_dpo_2/GdsR-s4MFdM-Scene-0009/depth.mp4,T2V_data/label/vidgen_filter_gemini_part_0_dpo_2/GdsR-s4MFdM-Scene-0009/aug_entity_20.png
T2V_data/VIDGEN-1M_unzip/GlevdNg7qYc-Scene-0013.mp4,"In the video, a person is seen cutting a piece of meat on a cutting board. The person is using a knife to cut the meat into smaller pieces. The meat appears to be well-cooked and has a golden-brown color. The cutting board is white and appears to be made of plastic. The person's hands are visible, and they are wearing a white shirt. The knife is silver and has a black handle. The person is cutting the meat with precision and care, ensuring that each piece is even. The background is blurred, but it appears to be a kitchen setting.",T2V_data/label/vidgen_filter_gemini_part_0_dpo_2/GlevdNg7qYc-Scene-0013/depth.mp4,T2V_data/label/vidgen_filter_gemini_part_0_dpo_2/GlevdNg7qYc-Scene-0013/aug_entity_60.png
T2V_data/VIDGEN-1M_unzip/Go5_kEHKG_Q-Scene-0189.mp4,"In the video, a man is seen driving a vintage truck in a parking lot. The truck is white with a brown stripe on the side and has a flatbed. The man is wearing a black cap and a black shirt. He is driving the truck in a circular motion, creating a lot of smoke from the tires. The parking lot is surrounded by a white fence and there are trees in the background.",T2V_data/label/vidgen_filter_gemini_part_0_dpo_2/Go5_kEHKG_Q-Scene-0189/depth.mp4,T2V_data/label/vidgen_filter_gemini_part_0_dpo_2/Go5_kEHKG_Q-Scene-0189/aug_entity_20.png
T2V_data/VIDGEN-1M_unzip/H7CVktufzvU-Scene-0205.mp4,"The video features a close-up of a person's hands as they demonstrate how to pick a lock. The lock is gold in color and is attached to a clear plastic stand. The person uses a small metal tool to manipulate the lock's internal mechanism, successfully opening it. The background is blurred, but it appears to be a wooden surface.",T2V_data/label/vidgen_filter_gemini_part_0_dpo_2/H7CVktufzvU-Scene-0205/depth.mp4,T2V_data/label/vidgen_filter_gemini_part_0_dpo_2/H7CVktufzvU-Scene-0205/aug_entity_40.png
T2V_data/VIDGEN-1M_unzip/HABSq9tijT8-Scene-0015.mp4,"The video shows a man in a blue shirt and white shorts playing tennis. He is holding a tennis racket and is seen hitting a ball. The man is wearing blue shoes and has a white wristband on his left wrist. The court is blue with white lines marking the boundaries. The man appears to be right-handed and is hitting the ball with his right hand. The video captures the man in various positions as he hits the ball, including jumping and swinging his racket.",T2V_data/label/vidgen_filter_gemini_part_0_dpo_2/HABSq9tijT8-Scene-0015/depth.mp4,T2V_data/label/vidgen_filter_gemini_part_0_dpo_2/HABSq9tijT8-Scene-0015/aug_entity_20.png
T2V_data/VIDGEN-1M_unzip/HFsFY4GOz00-Scene-0196.mp4,"The video shows a person pouring a drink from a bottle into a glass. The person is wearing a white shirt and a black apron. The glass is placed on a metal tray. The drink is being poured carefully and steadily into the glass. The background is blurred, but it appears to be a kitchen or a bar.",T2V_data/label/vidgen_filter_gemini_part_0_dpo_2/HFsFY4GOz00-Scene-0196/depth.mp4,T2V_data/label/vidgen_filter_gemini_part_0_dpo_2/HFsFY4GOz00-Scene-0196/aug_entity_20.png
T2V_data/VIDGEN-1M_unzip/HFsFY4GOz00-Scene-0196.mp4,"The video shows a person pouring a drink from a bottle into a glass. The person is wearing a white shirt and a black apron. The glass is placed on a metal tray. The drink is being poured carefully and steadily into the glass. The background is blurred, but it appears to be a kitchen or a bar.",T2V_data/label/vidgen_filter_gemini_part_0_dpo_2/HFsFY4GOz00-Scene-0196/depth.mp4,T2V_data/label/vidgen_filter_gemini_part_0_dpo_2/HFsFY4GOz00-Scene-0196/aug_entity_60.png
T2V_data/VIDGEN-1M_unzip/HMT_z7DjHtc-Scene-0018.mp4,"In the video, two men are seen boxing in a gym. One man is wearing a red shirt and red boxing gloves, while the other man is wearing a black shirt and black gloves. They are both wearing protective headgear. The man in the red shirt is throwing punches at the man in the black shirt, who is skillfully dodging and blocking them. The gym is equipped with various boxing equipment, including punching bags and a boxing ring in the background. The lighting in the gym is bright, illuminating the entire space. The men are focused and determined, showcasing their boxing skills in a friendly yet competitive manner.",T2V_data/label/vidgen_filter_gemini_part_0_dpo_2/HMT_z7DjHtc-Scene-0018/depth.mp4,T2V_data/label/vidgen_filter_gemini_part_0_dpo_2/HMT_z7DjHtc-Scene-0018/aug_entity_40.png
T2V_data/VIDGEN-1M_unzip/HP1He6AcCQo-Scene-0007.mp4,"In the video, we see a close-up shot of a person's hand holding a knife and cutting through a piece of meat. The meat is dark red in color and appears to be raw. The person is cutting the meat into smaller pieces, and we can see the knife moving back and forth as they slice through the meat. The background is blurred, but it appears to be a kitchen counter. The person's hand is steady, and they seem to be experienced in cutting meat. The knife is sharp, and the meat cuts easily. There is no sound in the video, so we cannot hear any background noise or the sound of the knife cutting through the meat.",T2V_data/label/vidgen_filter_gemini_part_0_dpo_2/HP1He6AcCQo-Scene-0007/depth.mp4,T2V_data/label/vidgen_filter_gemini_part_0_dpo_2/HP1He6AcCQo-Scene-0007/aug_entity_20.png
T2V_data/VIDGEN-1M_unzip/HPoHMGCvTUI-Scene-0026.mp4,The video shows a person's hands holding a folding knife. The knife has a black handle and a silver blade. The person is using their thumb to push the blade out of the handle and then pulls it back in. The action is repeated several times. The background is a white surface with some black specks.,T2V_data/label/vidgen_filter_gemini_part_0_dpo_2/HPoHMGCvTUI-Scene-0026/depth.mp4,T2V_data/label/vidgen_filter_gemini_part_0_dpo_2/HPoHMGCvTUI-Scene-0026/aug_entity_80.png
T2V_data/VIDGEN-1M_unzip/Ha1bYlP8n4A-Scene-0051.mp4,The video shows a man in a red jacket fishing in a lake. He catches a fish and pulls it out of the water. The fish is small and silver in color. The man holds the fish up to the camera and then releases it back into the water.,T2V_data/label/vidgen_filter_gemini_part_0_dpo_2/Ha1bYlP8n4A-Scene-0051/depth.mp4,T2V_data/label/vidgen_filter_gemini_part_0_dpo_2/Ha1bYlP8n4A-Scene-0051/aug_entity_20.png
T2V_data/VIDGEN-1M_unzip/HasNI1MThWc-Scene-0987.mp4,"The video shows an elderly man with glasses and a green sweater standing in front of a swing set. He is wearing a green shirt underneath his sweater and brown shoes. The man is seen swinging back and forth on the swing, and at one point, he is holding onto the swing set. The background of the video is a colorful playground with green grass and trees.",T2V_data/label/vidgen_filter_gemini_part_0_dpo_2/HasNI1MThWc-Scene-0987/depth.mp4,T2V_data/label/vidgen_filter_gemini_part_0_dpo_2/HasNI1MThWc-Scene-0987/aug_entity_20.png
T2V_data/VIDGEN-1M_unzip/Hncfugg2vN0-Scene-0076.mp4,"The video shows a close-up of a person holding a small green lizard. The person is holding the lizard's tail and moving it around, possibly to show it off or to demonstrate its flexibility. The lizard's body is bright green, and its tail is also green with some darker green spots. The person's hand is visible in the frame, and they are wearing a black shirt. The background is dark, which makes the green color of the lizard stand out. The video does not contain any other objects or people.",T2V_data/label/vidgen_filter_gemini_part_0_dpo_2/Hncfugg2vN0-Scene-0076/depth.mp4,T2V_data/label/vidgen_filter_gemini_part_0_dpo_2/Hncfugg2vN0-Scene-0076/aug_entity_60.png
T2V_data/VIDGEN-1M_unzip/I11Ni2iAyc4-Scene-0021.mp4,"The video shows a woman performing a trapeze act in a circus. She is hanging from a trapeze bar and swinging back and forth. Two people in yellow costumes are standing on the ground, watching the performance. The background is a large ice-like structure with blue and white colors. The lighting is dim with spotlights shining on the performers.",T2V_data/label/vidgen_filter_gemini_part_0_dpo_2/I11Ni2iAyc4-Scene-0021/depth.mp4,T2V_data/label/vidgen_filter_gemini_part_0_dpo_2/I11Ni2iAyc4-Scene-0021/aug_entity_20.png
T2V_data/VIDGEN-1M_unzip/I16ea18o3mA-Scene-0016.mp4,"The video shows a person using a device to extract a blue liquid from a container. The person is wearing a green jacket and is holding the device with their left hand while their right hand holds the container. The liquid is being transferred into a small glass container placed on a purple cloth. The device appears to be a siphon or vacuum extractor. The person is wearing a ring on their left hand. The container appears to be a large plastic jug with a red lid. The blue liquid is being extracted in a controlled manner, and the person seems to be experienced in using the device. The video does not show any other objects or people in the frame.",T2V_data/label/vidgen_filter_gemini_part_0_dpo_2/I16ea18o3mA-Scene-0016/depth.mp4,T2V_data/label/vidgen_filter_gemini_part_0_dpo_2/I16ea18o3mA-Scene-0016/aug_entity_80.png
T2V_data/VIDGEN-1M_unzip/I3PdxUvhgTw-Scene-0001.mp4,"The video shows a close-up of a person's hand holding a wrench. The person is using the wrench to turn a bolt on a piece of machinery. The machinery appears to be dirty and has some rust on it. The person's hand is steady as they turn the wrench, indicating that they are experienced in using tools. The lighting in the video is dim, and the focus is mainly on the person's hand and the machinery.",T2V_data/label/vidgen_filter_gemini_part_0_dpo_2/I3PdxUvhgTw-Scene-0001/depth.mp4,T2V_data/label/vidgen_filter_gemini_part_0_dpo_2/I3PdxUvhgTw-Scene-0001/aug_entity_60.png
T2V_data/VIDGEN-1M_unzip/I4JrTy4mpto-Scene-0073.mp4,"The video shows a basketball game in progress. A player in a black jersey is seen dribbling the ball and then jumping to make a basket. The player's teammates are also in black jerseys, while the opposing team is in white jerseys. The player successfully makes the basket, and the crowd can be heard cheering in the background.",T2V_data/label/vidgen_filter_gemini_part_0_dpo_2/I4JrTy4mpto-Scene-0073/depth.mp4,T2V_data/label/vidgen_filter_gemini_part_0_dpo_2/I4JrTy4mpto-Scene-0073/aug_entity_20.png
T2V_data/VIDGEN-1M_unzip/I5-UhRnsuB8-Scene-0051.mp4,"The video shows a television screen displaying a mixed martial arts fight. Two men are in the ring, one wearing black shorts and the other wearing white shorts. The man in the black shorts is seen kicking the man in the white shorts, who is on the ground. The kick is highlighted in blue, and a woman is seen pointing to the kick on the screen.",T2V_data/label/vidgen_filter_gemini_part_0_dpo_2/I5-UhRnsuB8-Scene-0051/depth.mp4,T2V_data/label/vidgen_filter_gemini_part_0_dpo_2/I5-UhRnsuB8-Scene-0051/aug_entity_40.png
T2V_data/VIDGEN-1M_unzip/I5GsOP2KkWg-Scene-0005.mp4,"In the video, a person is seen pushing a red lawn mower across a yard. The lawn mower has four wheels and a black handle. The person is wearing a black shoe and pushing the lawn mower towards a house. The house has white siding and a black roof. There is a pumpkin on the front porch and a trash can in the driveway. The lawn is green and there are trees in the background.",T2V_data/label/vidgen_filter_gemini_part_0_dpo_2/I5GsOP2KkWg-Scene-0005/depth.mp4,T2V_data/label/vidgen_filter_gemini_part_0_dpo_2/I5GsOP2KkWg-Scene-0005/aug_entity_20.png
T2V_data/VIDGEN-1M_unzip/I8jT0BZzDIA-Scene-0034.mp4,"The video shows two people wearing raincoats and holding shovels, digging around a tree. They are surrounded by a fence and there is a person standing behind them holding an umbrella. The person with the umbrella seems to be watching the two people digging. The video is shot in a way that it appears to be a time-lapse, with the two people digging faster and faster.",T2V_data/label/vidgen_filter_gemini_part_0_dpo_2/I8jT0BZzDIA-Scene-0034/depth.mp4,T2V_data/label/vidgen_filter_gemini_part_0_dpo_2/I8jT0BZzDIA-Scene-0034/aug_entity_40.png
T2V_data/VIDGEN-1M_unzip/IUeeIeBhvQc-Scene-0011.mp4,"The video shows a brown and white bird with a blue bird in a metal bowl. The brown and white bird is standing on the edge of the bowl, while the blue bird is sitting inside the bowl. The brown and white bird appears to be pecking at the blue bird. The bowl is placed on a wooden surface, and there is a human hand visible in the background.",T2V_data/label/vidgen_filter_gemini_part_0_dpo_2/IUeeIeBhvQc-Scene-0011/depth.mp4,T2V_data/label/vidgen_filter_gemini_part_0_dpo_2/IUeeIeBhvQc-Scene-0011/aug_entity_20.png
T2V_data/VIDGEN-1M_unzip/IYrbalOLIB8-Scene-0037.mp4,"In the video, a person is seen holding a lighter in their hand. The lighter is ignited, and the flame is visible. The person then proceeds to blow on the flame, causing it to flicker and dance. The background is dark, and the focus is on the flame and the person's hand. The lighter appears to be a standard metal lighter, and the flame is a bright orange color. The person's hand is steady, and they seem to be controlling the flame with their breath.",T2V_data/label/vidgen_filter_gemini_part_0_dpo_2/IYrbalOLIB8-Scene-0037/depth.mp4,T2V_data/label/vidgen_filter_gemini_part_0_dpo_2/IYrbalOLIB8-Scene-0037/aug_entity_40.png
T2V_data/VIDGEN-1M_unzip/I_qhIcOkDy8-Scene-0151.mp4,"The video shows a man in blue scrubs pushing a hospital bed down a hallway. The bed has a patient lying on it, and there are several people following behind him. The man in blue scrubs is focused on pushing the bed, while the people behind him are engaged in conversation. The hallway is well-lit, and there are doors on either side. The man in blue scrubs is wearing a badge, indicating that he is a healthcare worker. The patient on the bed appears to be unconscious or sedated.",T2V_data/label/vidgen_filter_gemini_part_0_dpo_2/I_qhIcOkDy8-Scene-0151/depth.mp4,T2V_data/label/vidgen_filter_gemini_part_0_dpo_2/I_qhIcOkDy8-Scene-0151/aug_entity_20.png
T2V_data/VIDGEN-1M_unzip/Im15yrPiCuc-Scene-0078.mp4,"In the video, there is an elephant standing on the ground. A man is holding the elephant's tusks while another man is cutting the tusks with a tool. There are also two other men standing nearby, watching the process. The elephant appears to be calm and cooperative during the procedure. The surroundings suggest that the event is taking place in a rural or natural setting. The men seem to be experienced in handling the elephant and the tools involved in the process. The video provides a close-up view of the tusks being cut, showing the precision and care taken in the process.",T2V_data/label/vidgen_filter_gemini_part_0_dpo_2/Im15yrPiCuc-Scene-0078/depth.mp4,T2V_data/label/vidgen_filter_gemini_part_0_dpo_2/Im15yrPiCuc-Scene-0078/aug_entity_80.png
T2V_data/VIDGEN-1M_unzip/IpqEVnm33H0-Scene-0033.mp4,"In the video, a small dog is standing on a table. The dog is wearing a cone around its neck. The dog is shaking its head and trying to get the cone off. A person is standing next to the dog, holding its leash. The dog is white with black spots on its face. The table is black and has a yellow ribbon tied to it. The background is a room with a poster on the wall.",T2V_data/label/vidgen_filter_gemini_part_0_dpo_2/IpqEVnm33H0-Scene-0033/depth.mp4,T2V_data/label/vidgen_filter_gemini_part_0_dpo_2/IpqEVnm33H0-Scene-0033/aug_entity_40.png
T2V_data/VIDGEN-1M_unzip/IpqEVnm33H0-Scene-0033.mp4,"In the video, a small dog is standing on a table. The dog is wearing a cone around its neck. The dog is shaking its head and trying to get the cone off. A person is standing next to the dog, holding its leash. The dog is white with black spots on its face. The table is black and has a yellow ribbon tied to it. The background is a room with a poster on the wall.",T2V_data/label/vidgen_filter_gemini_part_0_dpo_2/IpqEVnm33H0-Scene-0033/depth.mp4,T2V_data/label/vidgen_filter_gemini_part_0_dpo_2/IpqEVnm33H0-Scene-0033/aug_entity_60.png
T2V_data/VIDGEN-1M_unzip/IttPmGFk3gQ-Scene-0029.mp4,"The video shows a man wearing a hat and gloves, standing in the snow at night. He is holding a large bag of snow and throwing it at a car that is driving by. The car is black and has its headlights on. The man throws the snow at the car several times, and the car drives away. The video is taken from a low angle, and the background is dark and snowy.",T2V_data/label/vidgen_filter_gemini_part_0_dpo_2/IttPmGFk3gQ-Scene-0029/depth.mp4,T2V_data/label/vidgen_filter_gemini_part_0_dpo_2/IttPmGFk3gQ-Scene-0029/aug_entity_20.png
T2V_data/VIDGEN-1M_unzip/J1hFQTSJcoY-Scene-0025.mp4,"The video shows a hockey goal with a net, and a hockey stick is seen in the foreground. The goal is positioned on a white mat, and there are three pucks in front of it. The sky is clear and blue. A person wearing a black Nike shoe steps into the frame and kicks the puck into the goal.",T2V_data/label/vidgen_filter_gemini_part_0_dpo_2/J1hFQTSJcoY-Scene-0025/depth.mp4,T2V_data/label/vidgen_filter_gemini_part_0_dpo_2/J1hFQTSJcoY-Scene-0025/aug_entity_40.png
T2V_data/VIDGEN-1M_unzip/JN98WzpkR8I-Scene-0013.mp4,"The video features a close-up view of a black watch with a yellow Pac-Man design on the face. The watch has a black band and is held by a person's hand. The person's thumb is seen pushing down on the side of the watch, causing the face to rotate. The watch is then flipped over to show the back, which is also black. The person's hand then pushes down on the side of the watch again, causing the face to rotate back to its original position.",T2V_data/label/vidgen_filter_gemini_part_0_dpo_2/JN98WzpkR8I-Scene-0013/depth.mp4,T2V_data/label/vidgen_filter_gemini_part_0_dpo_2/JN98WzpkR8I-Scene-0013/aug_entity_40.png
T2V_data/VIDGEN-1M_unzip/JSO895F6EWc-Scene-0012.mp4,"In the video, a man is seen playing golf on a golf course. He is wearing a white hat, a gray shirt, and khaki pants. He is holding a golf club and is in the process of hitting a golf ball. The background consists of trees and a sign that reads ""com.com TOUR."" The man takes a swing at the ball and hits it with the club. The video captures the moment of impact between the club and the ball.",T2V_data/label/vidgen_filter_gemini_part_0_dpo_2/JSO895F6EWc-Scene-0012/depth.mp4,T2V_data/label/vidgen_filter_gemini_part_0_dpo_2/JSO895F6EWc-Scene-0012/aug_entity_20.png
T2V_data/VIDGEN-1M_unzip/JSO895F6EWc-Scene-0012.mp4,"In the video, a man is seen playing golf on a golf course. He is wearing a white hat, a gray shirt, and khaki pants. He is holding a golf club and is in the process of hitting a golf ball. The background consists of trees and a sign that reads ""com.com TOUR."" The man takes a swing at the ball and hits it with the club. The video captures the moment of impact between the club and the ball.",T2V_data/label/vidgen_filter_gemini_part_0_dpo_2/JSO895F6EWc-Scene-0012/depth.mp4,T2V_data/label/vidgen_filter_gemini_part_0_dpo_2/JSO895F6EWc-Scene-0012/aug_entity_60.png
T2V_data/VIDGEN-1M_unzip/JggPN3OSGQw-Scene-0019.mp4,"In the video, a person is seen holding a glass bottle filled with milk. The person then proceeds to shake the bottle vigorously, causing the milk to swirl around inside. After shaking, the person unscrews the cap and continues to shake the bottle, causing the milk to froth and foam. The person then places the cap back on the bottle and continues to shake it, causing the milk to settle down. Throughout the video, the person's hands are visible, and the background appears to be a kitchen or dining area.",T2V_data/label/vidgen_filter_gemini_part_0_dpo_2/JggPN3OSGQw-Scene-0019/depth.mp4,T2V_data/label/vidgen_filter_gemini_part_0_dpo_2/JggPN3OSGQw-Scene-0019/aug_entity_60.png
T2V_data/VIDGEN-1M_unzip/JjxOQwWFYJ4-Scene-0157.mp4,"The video shows a man with blonde hair wearing a gold necklace and patterned shorts. He is in a room with various objects in the background, including a kettlebell and a yoga mat. The man is performing a workout routine, specifically doing push-ups. He is shown in different stages of the exercise, with his hands on the floor and his body in various positions as he pushes up and down. The video captures the man's physical exertion and the intensity of his workout.",T2V_data/label/vidgen_filter_gemini_part_0_dpo_2/JjxOQwWFYJ4-Scene-0157/depth.mp4,T2V_data/label/vidgen_filter_gemini_part_0_dpo_2/JjxOQwWFYJ4-Scene-0157/aug_entity_20.png
T2V_data/VIDGEN-1M_unzip/JpP9zY9-R1M-Scene-0193.mp4,"The video shows a person's hand holding a toy cat with pink paws and placing it into a bowl filled with water. The cat is then joined by a toy dog with a blue body and a toy fish with a yellow body. The person continues to add more toys to the bowl, including a toy unicorn with a white body and a pink horn. The toys are all brightly colored and appear to be made of plastic. The bowl is orange and is placed on a white surface.",T2V_data/label/vidgen_filter_gemini_part_0_dpo_2/JpP9zY9-R1M-Scene-0193/depth.mp4,T2V_data/label/vidgen_filter_gemini_part_0_dpo_2/JpP9zY9-R1M-Scene-0193/aug_entity_60.png
T2V_data/VIDGEN-1M_unzip/JrSJ-w_12xE-Scene-0020.mp4,"The video shows a black Range Rover driving over a rocky terrain. The vehicle is seen from the back, and it is slowly moving over the rocks. The terrain appears to be rough and uneven, with large rocks and boulders scattered around. The Range Rover is driving carefully, adjusting its suspension to navigate the challenging terrain. The vehicle's tires are making contact with the rocks, and the sound of the engine can be heard in the background. The Range Rover's license plate is visible, but it is not legible in the video. The overall scene is a display of the vehicle's off-road capabilities and the driver's skill in maneuvering the car through the rocky landscape.",T2V_data/label/vidgen_filter_gemini_part_0_dpo_2/JrSJ-w_12xE-Scene-0020/depth.mp4,T2V_data/label/vidgen_filter_gemini_part_0_dpo_2/JrSJ-w_12xE-Scene-0020/aug_entity_40.png
T2V_data/VIDGEN-1M_unzip/Jzu4OV9GFiU-Scene-0022.mp4,"In the video, there are two blobs of orange substance on a white surface. A hand appears and places a green candy on top of each blob. The blobs are shaped like hearts and the green candies are placed on the top right part of each blob. The hand then moves away, and the video ends.",T2V_data/label/vidgen_filter_gemini_part_0_dpo_2/Jzu4OV9GFiU-Scene-0022/depth.mp4,T2V_data/label/vidgen_filter_gemini_part_0_dpo_2/Jzu4OV9GFiU-Scene-0022/aug_entity_20.png
T2V_data/VIDGEN-1M_unzip/K0gwpwJr8tg-Scene-0107.mp4,"The video shows a person in a red kayak holding a fish in their lap. The person is wearing a red jacket and black gloves. The fish is large and has a striped pattern on its body. The person is using a tool to remove the hook from the fish's mouth. The kayak is floating on calm water, and there is a fishing rod visible in the background.",T2V_data/label/vidgen_filter_gemini_part_0_dpo_2/K0gwpwJr8tg-Scene-0107/depth.mp4,T2V_data/label/vidgen_filter_gemini_part_0_dpo_2/K0gwpwJr8tg-Scene-0107/aug_entity_20.png
T2V_data/VIDGEN-1M_unzip/K4ulghsBrDA-Scene-0013.mp4,"The video shows a large combine harvester with a long yellow arm and a large front cutting mechanism. The harvester is moving through a field of wheat, cutting and collecting the grain. The sky is clear and blue, and there are no other objects or people visible in the video. The harvester is predominantly yellow and black, with the brand name visible on the side.",T2V_data/label/vidgen_filter_gemini_part_0_dpo_2/K4ulghsBrDA-Scene-0013/depth.mp4,T2V_data/label/vidgen_filter_gemini_part_0_dpo_2/K4ulghsBrDA-Scene-0013/aug_entity_20.png
T2V_data/VIDGEN-1M_unzip/KLqpVgq_YWA-Scene-0044.mp4,"The video shows a close-up of a person's hand holding a knife and cutting a piece of meat on a wooden cutting board. The meat appears to be pork, and it is already cooked. The person is using a large knife to cut the meat into smaller pieces. The cutting board is placed on a kitchen counter, and there are no other objects visible in the frame. The person's hand is steady, and they seem to be experienced in cutting meat. The lighting in the video is bright, and the colors are vibrant, with the pink of the meat contrasting against the brown of the cutting board.",T2V_data/label/vidgen_filter_gemini_part_0_dpo_2/KLqpVgq_YWA-Scene-0044/depth.mp4,T2V_data/label/vidgen_filter_gemini_part_0_dpo_2/KLqpVgq_YWA-Scene-0044/aug_entity_20.png
T2V_data/VIDGEN-1M_unzip/KLqpVgq_YWA-Scene-0044.mp4,"The video shows a close-up of a person's hand holding a knife and cutting a piece of meat on a wooden cutting board. The meat appears to be pork, and it is already cooked. The person is using a large knife to cut the meat into smaller pieces. The cutting board is placed on a kitchen counter, and there are no other objects visible in the frame. The person's hand is steady, and they seem to be experienced in cutting meat. The lighting in the video is bright, and the colors are vibrant, with the pink of the meat contrasting against the brown of the cutting board.",T2V_data/label/vidgen_filter_gemini_part_0_dpo_2/KLqpVgq_YWA-Scene-0044/depth.mp4,T2V_data/label/vidgen_filter_gemini_part_0_dpo_2/KLqpVgq_YWA-Scene-0044/aug_entity_60.png
T2V_data/VIDGEN-1M_unzip/KQoY_fOxn2A-Scene-0004.mp4,"The video shows a man using a piece of woodworking equipment to smooth out a piece of wood. He places the wood on the machine and runs it through, smoothing out the surface. The machine appears to be a belt sander, and the man is using it to remove any rough edges or imperfections from the wood. The wood itself is a light brown color, and the machine is a dark gray color. The man is wearing a white shirt and appears to be focused on the task at hand.",T2V_data/label/vidgen_filter_gemini_part_0_dpo_2/KQoY_fOxn2A-Scene-0004/depth.mp4,T2V_data/label/vidgen_filter_gemini_part_0_dpo_2/KQoY_fOxn2A-Scene-0004/aug_entity_40.png
T2V_data/VIDGEN-1M_unzip/Kh1GK80Efkw-Scene-0032.mp4,"In the video, a person is seen holding a large, round, and flat object over a grill. The grill has red hot coals and the person is using the object to cover the coals. The person then rotates the object and continues to cover the coals with it. The object appears to be made of a light-colored material, possibly wood or bamboo. The person's movements are deliberate and careful, ensuring that the coals are completely covered. The background is not clearly visible, but it appears to be an outdoor setting.",T2V_data/label/vidgen_filter_gemini_part_0_dpo_2/Kh1GK80Efkw-Scene-0032/depth.mp4,T2V_data/label/vidgen_filter_gemini_part_0_dpo_2/Kh1GK80Efkw-Scene-0032/aug_entity_20.png
T2V_data/VIDGEN-1M_unzip/KhDp3T3Lre8-Scene-0022.mp4,"In the video, a person is seen kneeling down in a field, wearing a straw hat and gloves. They are using a hammer to chisel away at a piece of wood. The person is wearing a black jacket and black boots. The field is covered in grass and there are trees in the background. The person appears to be focused on their task, using the hammer with precision to carve the wood.",T2V_data/label/vidgen_filter_gemini_part_0_dpo_2/KhDp3T3Lre8-Scene-0022/depth.mp4,T2V_data/label/vidgen_filter_gemini_part_0_dpo_2/KhDp3T3Lre8-Scene-0022/aug_entity_20.png
T2V_data/VIDGEN-1M_unzip/Kimq6shU4V4-Scene-0056.mp4,"The video shows a group of people climbing a rocky mountain. They are wearing helmets and harnesses, and are using ropes and other climbing gear to navigate the terrain. The climbers are carefully making their way up the mountain, using their hands and feet to find holds and footholds. The sun is shining brightly, and the sky is clear. The mountain is steep and rugged, with sharp rocks and crevices. The climbers are communicating with each other, using hand signals to indicate their next move. The video captures the intensity and focus of the climbers as they work together to reach the summit.",T2V_data/label/vidgen_filter_gemini_part_0_dpo_2/Kimq6shU4V4-Scene-0056/depth.mp4,T2V_data/label/vidgen_filter_gemini_part_0_dpo_2/Kimq6shU4V4-Scene-0056/aug_entity_40.png
T2V_data/VIDGEN-1M_unzip/Kk5fq4ecUf4-Scene-0022.mp4,"The video shows a close-up shot of a wooden coffee filter sitting on top of a coffee cup. The filter is filled with coffee grounds, and the cup is placed on a white surface. The video is shot in slow motion, capturing the coffee dripping through the filter and into the cup. The coffee is dark brown and appears to be freshly brewed. The wooden filter has a natural, light brown color and is circular in shape. The coffee cup has a handle on the right side and is also circular. The video is shot from a top-down angle, focusing on the filter and cup.",T2V_data/label/vidgen_filter_gemini_part_0_dpo_2/Kk5fq4ecUf4-Scene-0022/depth.mp4,T2V_data/label/vidgen_filter_gemini_part_0_dpo_2/Kk5fq4ecUf4-Scene-0022/aug_entity_60.png
T2V_data/VIDGEN-1M_unzip/LAxBShQiHmE-Scene-0289.mp4,"In the video, a person is seen holding a bottle of blue paint and a paintbrush. The person unscrews the cap of the paint bottle and proceeds to pour the blue paint into the brush. The brush is then used to apply the paint onto a surface. The person's movements are deliberate and careful, ensuring that the paint is applied evenly. The blue paint stands out against the surface, creating a vibrant and eye-catching effect. The video captures the process of painting in great detail, from the initial pouring of paint to the final brush strokes.",T2V_data/label/vidgen_filter_gemini_part_0_dpo_2/LAxBShQiHmE-Scene-0289/depth.mp4,T2V_data/label/vidgen_filter_gemini_part_0_dpo_2/LAxBShQiHmE-Scene-0289/aug_entity_40.png
T2V_data/VIDGEN-1M_unzip/LBQkoTK3vt0-Scene-0066.mp4,"The video shows a person's hand pouring a clear liquid from a measuring cup into a blue bowl. The bowl is placed on a checkered tablecloth. The person then pours white powder from another measuring cup into the same bowl. The powder is poured in several increments, and the person uses a spoon to mix the powder and liquid together. The video is shot from a top-down perspective, and the focus is on the bowl and the ingredients being added.",T2V_data/label/vidgen_filter_gemini_part_0_dpo_2/LBQkoTK3vt0-Scene-0066/depth.mp4,T2V_data/label/vidgen_filter_gemini_part_0_dpo_2/LBQkoTK3vt0-Scene-0066/aug_entity_20.png
T2V_data/VIDGEN-1M_unzip/LBQkoTK3vt0-Scene-0066.mp4,"The video shows a person's hand pouring a clear liquid from a measuring cup into a blue bowl. The bowl is placed on a checkered tablecloth. The person then pours white powder from another measuring cup into the same bowl. The powder is poured in several increments, and the person uses a spoon to mix the powder and liquid together. The video is shot from a top-down perspective, and the focus is on the bowl and the ingredients being added.",T2V_data/label/vidgen_filter_gemini_part_0_dpo_2/LBQkoTK3vt0-Scene-0066/depth.mp4,T2V_data/label/vidgen_filter_gemini_part_0_dpo_2/LBQkoTK3vt0-Scene-0066/aug_entity_60.png
T2V_data/VIDGEN-1M_unzip/LNSHt_KEp30-Scene-0044.mp4,"In the video, a man is seen pouring water from a jug into a fish tank. The man is wearing a green wristband and has a green wristband on his left wrist. The fish tank is filled with water and has several fish swimming in it. The man pours the water carefully to avoid disturbing the fish. The fish tank is placed on a countertop in a kitchen, and there are various kitchen items visible in the background. The man seems to be taking care of the fish and maintaining the cleanliness of the tank.",T2V_data/label/vidgen_filter_gemini_part_0_dpo_2/LNSHt_KEp30-Scene-0044/depth.mp4,T2V_data/label/vidgen_filter_gemini_part_0_dpo_2/LNSHt_KEp30-Scene-0044/aug_entity_60.png
T2V_data/VIDGEN-1M_unzip/LYvHbN9rNZM-Scene-0026.mp4,"The video shows a man using a wrench to tighten a bolt on a bike. He is wearing a red shirt and has a tattoo on his arm. The bike is white and has a black seat. The man is using a silver wrench to tighten the bolt, and he is turning it clockwise. The background is blurred, but it appears to be a garage or workshop setting.",T2V_data/label/vidgen_filter_gemini_part_0_dpo_2/LYvHbN9rNZM-Scene-0026/depth.mp4,T2V_data/label/vidgen_filter_gemini_part_0_dpo_2/LYvHbN9rNZM-Scene-0026/aug_entity_40.png
T2V_data/VIDGEN-1M_unzip/LkJt8oiqXeY-Scene-0038.mp4,"The video shows a blue truck with the Red Bull logo on it driving on a sandy terrain. The truck is kicking up sand as it moves along the dirt road. There is another car visible in the background, but it is not the focus of the video. The truck appears to be a large, heavy-duty vehicle, possibly used for off-road driving or racing. The Red Bull logo is prominently displayed on the side of the truck, indicating that it may be sponsored by the energy drink company. The sandy terrain suggests that the truck is being driven in a desert or beach setting. The video does not provide any additional context or information about the location or purpose of the truck's journey.",T2V_data/label/vidgen_filter_gemini_part_0_dpo_2/LkJt8oiqXeY-Scene-0038/depth.mp4,T2V_data/label/vidgen_filter_gemini_part_0_dpo_2/LkJt8oiqXeY-Scene-0038/aug_entity_20.png
T2V_data/VIDGEN-1M_unzip/MAoZvxWPzgE-Scene-0073.mp4,"The video shows a close-up of a person pouring a yellow liquid from a glass measuring cup onto a pile of noodles in a blue bowl. The liquid appears to be a sauce or dressing, and it is being poured in a steady stream, covering the noodles. The background is blurred, but it seems to be a kitchen setting.",T2V_data/label/vidgen_filter_gemini_part_0_dpo_2/MAoZvxWPzgE-Scene-0073/depth.mp4,T2V_data/label/vidgen_filter_gemini_part_0_dpo_2/MAoZvxWPzgE-Scene-0073/aug_entity_20.png
T2V_data/VIDGEN-1M_unzip/MCvoR0EHQJE-Scene-0058.mp4,"The video shows a close-up of a person's hand holding a red gas pump nozzle. The nozzle is inserted into the gas tank of a car, and the person is seen pumping gas. The gas pump is black and has a red handle. The car's gas tank is visible, and the person's hand is shown holding the nozzle in place.",T2V_data/label/vidgen_filter_gemini_part_0_dpo_2/MCvoR0EHQJE-Scene-0058/depth.mp4,T2V_data/label/vidgen_filter_gemini_part_0_dpo_2/MCvoR0EHQJE-Scene-0058/aug_entity_60.png
T2V_data/VIDGEN-1M_unzip/MGRqhgwpGc8-Scene-0065.mp4,"The video shows a rocket launching into the sky. The rocket is white and has a pointed nose. It is surrounded by smoke and flames as it takes off. The sky is clear and blue, and there are no clouds visible. The rocket is the only object in the video, and it is positioned in the center of the frame. The video does not show any other objects or people.",T2V_data/label/vidgen_filter_gemini_part_0_dpo_2/MGRqhgwpGc8-Scene-0065/depth.mp4,T2V_data/label/vidgen_filter_gemini_part_0_dpo_2/MGRqhgwpGc8-Scene-0065/aug_entity_20.png
T2V_data/VIDGEN-1M_unzip/Mc2FmCTF3iA-Scene-0030.mp4,"The video shows a person's hands kneading a ball of dough on a wooden surface. The person is wearing a black and orange checkered shirt and has flour on their hands. They are using their fingers to press and fold the dough, which appears to be soft and pliable. The person's movements are deliberate and careful, indicating that they are experienced in handling dough. The wooden surface provides a stable and clean workspace for the kneading process.",T2V_data/label/vidgen_filter_gemini_part_0_dpo_2/Mc2FmCTF3iA-Scene-0030/depth.mp4,T2V_data/label/vidgen_filter_gemini_part_0_dpo_2/Mc2FmCTF3iA-Scene-0030/aug_entity_40.png
T2V_data/VIDGEN-1M_unzip/N02A9uFMMB4-Scene-0030.mp4,"In the video, a person is seen using a tool to remove a piece of wood from a wall. The person's hand is visible, and they are using a tool to pry the wood off the wall. The wall appears to be in a state of disrepair, with visible cracks and holes. The person's hand is steady as they work to remove the wood, and they seem to be experienced in this task. The tool they are using is not clearly visible, but it appears to be a pry bar or similar type of tool. The person's movements are deliberate and careful, indicating that they are trying to avoid damaging the wall further. The video does not provide any context or background information about the location or purpose of the task being performed.",T2V_data/label/vidgen_filter_gemini_part_0_dpo_2/N02A9uFMMB4-Scene-0030/depth.mp4,T2V_data/label/vidgen_filter_gemini_part_0_dpo_2/N02A9uFMMB4-Scene-0030/aug_entity_20.png
T2V_data/VIDGEN-1M_unzip/N0VoTjdigsY-Scene-0003.mp4,"In the video, a man is seen standing on a golf course. He is wearing a black jacket and a white hat. He is holding a golf club and is preparing to hit a golf ball. The man takes a swing and hits the ball, which flies through the air. The camera follows the ball as it lands on the green. The man then walks away from the ball, presumably to see where it landed. The background of the video shows trees and a building. The video appears to be taken during the daytime.",T2V_data/label/vidgen_filter_gemini_part_0_dpo_2/N0VoTjdigsY-Scene-0003/depth.mp4,T2V_data/label/vidgen_filter_gemini_part_0_dpo_2/N0VoTjdigsY-Scene-0003/aug_entity_20.png
T2V_data/VIDGEN-1M_unzip/NGjyp8Yv4RQ-Scene-0130.mp4,"In the video, there are two dogs playing with a stuffed animal. The larger dog is a light brown color, and the smaller dog is black and white. They are both standing on a carpeted floor, and the larger dog is holding the stuffed animal in its mouth. The smaller dog is trying to get the stuffed animal from the larger dog by jumping up and down and biting at it. The larger dog seems to be playing with the smaller dog, allowing it to take the stuffed animal and then taking it back. The background is a living room with a couch and a doorway.",T2V_data/label/vidgen_filter_gemini_part_0_dpo_2/NGjyp8Yv4RQ-Scene-0130/depth.mp4,T2V_data/label/vidgen_filter_gemini_part_0_dpo_2/NGjyp8Yv4RQ-Scene-0130/aug_entity_20.png
T2V_data/VIDGEN-1M_unzip/NMayu1dqR0Q-Scene-0045.mp4,"In the video, a man is seen standing on top of a building. He is wearing a yellow harness and sunglasses. The man is holding onto a rope and appears to be preparing to rappel down the side of the building. The background shows a clear blue sky and other buildings in the distance. The man seems to be focused and ready for the task at hand.",T2V_data/label/vidgen_filter_gemini_part_0_dpo_2/NMayu1dqR0Q-Scene-0045/depth.mp4,T2V_data/label/vidgen_filter_gemini_part_0_dpo_2/NMayu1dqR0Q-Scene-0045/aug_entity_20.png
T2V_data/VIDGEN-1M_unzip/NMayu1dqR0Q-Scene-0045.mp4,"In the video, a man is seen standing on top of a building. He is wearing a yellow harness and sunglasses. The man is holding onto a rope and appears to be preparing to rappel down the side of the building. The background shows a clear blue sky and other buildings in the distance. The man seems to be focused and ready for the task at hand.",T2V_data/label/vidgen_filter_gemini_part_0_dpo_2/NMayu1dqR0Q-Scene-0045/depth.mp4,T2V_data/label/vidgen_filter_gemini_part_0_dpo_2/NMayu1dqR0Q-Scene-0045/aug_entity_60.png
T2V_data/VIDGEN-1M_unzip/NXywzV4Ud7Q-Scene-0008.mp4,"The video shows a soccer game in progress. The players are wearing red and blue uniforms. The ball is being kicked towards the goal by a player in a red uniform, and the goalkeeper in a green uniform is attempting to block the shot. The players are running and jumping to get the ball. The field is green with white lines marking the boundaries and the goal area. The goalpost is white with a net attached to it. The crowd can be heard cheering in the background.",T2V_data/label/vidgen_filter_gemini_part_0_dpo_2/NXywzV4Ud7Q-Scene-0008/depth.mp4,T2V_data/label/vidgen_filter_gemini_part_0_dpo_2/NXywzV4Ud7Q-Scene-0008/aug_entity_40.png
T2V_data/VIDGEN-1M_unzip/NYVFP2_xyI0-Scene-0031.mp4,"In the video, a young girl is sitting at a table with various fruits and vegetables in front of her. She is holding a straw and appears to be attempting to insert it into an apple. The girl seems to be struggling with the task, and her facial expressions suggest that she is finding it difficult. The table has a white cloth on it, and the background shows a kitchen setting with cabinets and appliances. The fruits and vegetables on the table include potatoes, apples, and tomatoes. The girl is wearing a pink and blue shirt and has dark hair.",T2V_data/label/vidgen_filter_gemini_part_0_dpo_2/NYVFP2_xyI0-Scene-0031/depth.mp4,T2V_data/label/vidgen_filter_gemini_part_0_dpo_2/NYVFP2_xyI0-Scene-0031/aug_entity_20.png
T2V_data/VIDGEN-1M_unzip/N_58GH8HpOI-Scene-0016.mp4,"The video shows a wrestling match between two men. One man is wearing a red singlet, while the other is wearing a blue singlet. The man in the red singlet is seen lifting the man in the blue singlet off the ground and throwing him down onto the mat. The man in the blue singlet is seen lying on the mat, while the man in the red singlet stands over him. The referee is seen standing nearby, watching the match. The background shows a crowd of spectators watching the match.",T2V_data/label/vidgen_filter_gemini_part_0_dpo_2/N_58GH8HpOI-Scene-0016/depth.mp4,T2V_data/label/vidgen_filter_gemini_part_0_dpo_2/N_58GH8HpOI-Scene-0016/aug_entity_20.png
T2V_data/VIDGEN-1M_unzip/Ns0oTjANuXw-Scene-0039.mp4,"The video shows a person's hands holding a black phone case and a white Samsung phone. The person is demonstrating how to attach the case to the phone. They first align the case with the phone and then press down on the sides of the case to secure it in place. The person's movements are deliberate and careful, ensuring that the case fits snugly around the phone. The video is shot in a well-lit room, and the focus is on the person's hands and the phone. The phone case appears to be made of a hard plastic material, and the Samsung phone has a sleek design with a black screen and white body.",T2V_data/label/vidgen_filter_gemini_part_0_dpo_2/Ns0oTjANuXw-Scene-0039/depth.mp4,T2V_data/label/vidgen_filter_gemini_part_0_dpo_2/Ns0oTjANuXw-Scene-0039/aug_entity_80.png
T2V_data/VIDGEN-1M_unzip/NsPi2_8fMhY-Scene-0065.mp4,The video shows a person swimming underwater. The person is wearing a black wetsuit and a snorkel mask. The water is clear and there are rocks visible on the bottom. The person is swimming with their arms extended and their legs kicking. Bubbles are rising from the person's snorkel mask.,T2V_data/label/vidgen_filter_gemini_part_0_dpo_2/NsPi2_8fMhY-Scene-0065/depth.mp4,T2V_data/label/vidgen_filter_gemini_part_0_dpo_2/NsPi2_8fMhY-Scene-0065/aug_entity_20.png
T2V_data/VIDGEN-1M_unzip/Nzdc99nZoSg-Scene-0009.mp4,"The video features a person using a red sieve to strain a white liquid into a bowl. The person is seen holding the sieve over the bowl and pouring the liquid through it, allowing only the solid particles to pass through while retaining the liquid. The person's hand is visible, and they are wearing a ring on their finger. The bowl is placed on a wooden surface, and the liquid appears to be of a thick consistency. The sieve is made of metal with a red plastic handle.",T2V_data/label/vidgen_filter_gemini_part_0_dpo_2/Nzdc99nZoSg-Scene-0009/depth.mp4,T2V_data/label/vidgen_filter_gemini_part_0_dpo_2/Nzdc99nZoSg-Scene-0009/aug_entity_40.png
T2V_data/VIDGEN-1M_unzip/Nzdc99nZoSg-Scene-0009.mp4,"The video features a person using a red sieve to strain a white liquid into a bowl. The person is seen holding the sieve over the bowl and pouring the liquid through it, allowing only the solid particles to pass through while retaining the liquid. The person's hand is visible, and they are wearing a ring on their finger. The bowl is placed on a wooden surface, and the liquid appears to be of a thick consistency. The sieve is made of metal with a red plastic handle.",T2V_data/label/vidgen_filter_gemini_part_0_dpo_2/Nzdc99nZoSg-Scene-0009/depth.mp4,T2V_data/label/vidgen_filter_gemini_part_0_dpo_2/Nzdc99nZoSg-Scene-0009/aug_entity_60.png
T2V_data/VIDGEN-1M_unzip/OJkzOw_3j-E-Scene-0027.mp4,"The video shows a computer-generated simulation of a golf course. The view is from the perspective of a golfer standing on the tee box, preparing to take a shot. The golfer takes a swing and hits the ball, which is then tracked by a yellow line that follows its trajectory. The ball flies over the fairway and lands on the green, rolling towards the hole. The simulation includes realistic elements such as trees, a rocky outcropping, and a clear blue sky. The graphics are high-quality and realistic, with attention to detail in the textures and lighting.",T2V_data/label/vidgen_filter_gemini_part_0_dpo_2/OJkzOw_3j-E-Scene-0027/depth.mp4,T2V_data/label/vidgen_filter_gemini_part_0_dpo_2/OJkzOw_3j-E-Scene-0027/aug_entity_60.png
T2V_data/VIDGEN-1M_unzip/OZgE33LiPwo-Scene-0020.mp4,"In the video, a large black dog and a small brown and white dog are seen playing together on a wooden floor. The larger dog gently nudges the smaller dog with its nose, and the smaller dog playfully bites at the larger dog's nose. The larger dog then leans down towards the smaller dog, and they appear to be playing together in a friendly manner. The video is shot in a well-lit room, and the dogs seem to be enjoying each other's company.",T2V_data/label/vidgen_filter_gemini_part_0_dpo_2/OZgE33LiPwo-Scene-0020/depth.mp4,T2V_data/label/vidgen_filter_gemini_part_0_dpo_2/OZgE33LiPwo-Scene-0020/aug_entity_20.png
T2V_data/VIDGEN-1M_unzip/Oahx_-bc8CE-Scene-0003.mp4,"The video shows a large rock being lifted by a crane. The rock is wrapped in green straps and is being carefully moved. There are several people standing around the rock, watching the process. The rock appears to be heavy and requires the use of machinery to move it. The people are dressed in casual clothing and seem to be observing the process with interest. The background is a clear blue sky, and there are buildings visible in the distance. The crane is not visible in the video, but its presence is implied by the straps and the movement of the rock.",T2V_data/label/vidgen_filter_gemini_part_0_dpo_2/Oahx_-bc8CE-Scene-0003/depth.mp4,T2V_data/label/vidgen_filter_gemini_part_0_dpo_2/Oahx_-bc8CE-Scene-0003/aug_entity_20.png
T2V_data/VIDGEN-1M_unzip/ObD3XF1bMpU-Scene-0019.mp4,"In the video, a person is seen holding a green cup in their hand. They then proceed to open a packet of slime and pour the contents into the cup. The person then mixes the slime with their hands, creating a gooey and stretchy substance. The slime appears to be of a light blue color and has a shiny and sticky texture. The person continues to play with the slime, stretching and twisting it between their fingers. The background of the video is a plain surface with a few other objects visible, including a pink bottle and a yellow toy.",T2V_data/label/vidgen_filter_gemini_part_0_dpo_2/ObD3XF1bMpU-Scene-0019/depth.mp4,T2V_data/label/vidgen_filter_gemini_part_0_dpo_2/ObD3XF1bMpU-Scene-0019/aug_entity_20.png
T2V_data/VIDGEN-1M_unzip/ObD3XF1bMpU-Scene-0019.mp4,"In the video, a person is seen holding a green cup in their hand. They then proceed to open a packet of slime and pour the contents into the cup. The person then mixes the slime with their hands, creating a gooey and stretchy substance. The slime appears to be of a light blue color and has a shiny and sticky texture. The person continues to play with the slime, stretching and twisting it between their fingers. The background of the video is a plain surface with a few other objects visible, including a pink bottle and a yellow toy.",T2V_data/label/vidgen_filter_gemini_part_0_dpo_2/ObD3XF1bMpU-Scene-0019/depth.mp4,T2V_data/label/vidgen_filter_gemini_part_0_dpo_2/ObD3XF1bMpU-Scene-0019/aug_entity_40.png
T2V_data/VIDGEN-1M_unzip/OduZZr5Cz3A-Scene-0056.mp4,"In the video, we see a man driving a truck through a muddy area. The truck is covered in mud, and the man is wearing a black jacket. The truck is moving slowly, and the man is looking out of the window. The mud is splashing around as the truck moves forward. The background is a forest with trees and foliage.",T2V_data/label/vidgen_filter_gemini_part_0_dpo_2/OduZZr5Cz3A-Scene-0056/depth.mp4,T2V_data/label/vidgen_filter_gemini_part_0_dpo_2/OduZZr5Cz3A-Scene-0056/aug_entity_20.png
T2V_data/VIDGEN-1M_unzip/OsbHHbzgPIg-Scene-0032.mp4,"In the video, a man is seen working on a motorcycle wheel. He is wearing a black shirt and red shorts, and is using a wrench to remove the wheel. The man is standing on a concrete surface, and there is a garage door in the background. The motorcycle wheel has a black tire and a silver rim with a yellow brake caliper. The man is focused on his task, and there are various tools scattered on the ground around him.",T2V_data/label/vidgen_filter_gemini_part_0_dpo_2/OsbHHbzgPIg-Scene-0032/depth.mp4,T2V_data/label/vidgen_filter_gemini_part_0_dpo_2/OsbHHbzgPIg-Scene-0032/aug_entity_40.png
T2V_data/VIDGEN-1M_unzip/Wy6dO38eGfk-Scene-0002.mp4,"In the video, a person is using a knife to cut through a pizza crust. The crust is placed on a countertop, and the person is holding the knife with one hand while the other hand is holding the crust. The person is wearing a gray sweater. The knife is silver and has a black handle. The pizza crust is round and has a red and white label on it.",T2V_data/label/vidgen_filter_gemini_part_0_dpo_2/Wy6dO38eGfk-Scene-0002/depth.mp4,T2V_data/label/vidgen_filter_gemini_part_0_dpo_2/Wy6dO38eGfk-Scene-0002/aug_entity_60.png
T2V_data/VIDGEN-1M_unzip/X9v34Obdi7k-Scene-0005.mp4,"The video shows a woman wearing a pink shirt and a white hat, standing next to a man wearing a red hat and a white shirt. The woman is holding a golf club in her hand and appears to be preparing to hit a golf ball. The man is standing next to her, watching her as she prepares to swing. The background of the video is a blue wall with a sign that reads ""G2 BIRDIE TRACK"". The woman takes a swing at the golf ball, and the man watches her as she does so.",T2V_data/label/vidgen_filter_gemini_part_0_dpo_2/X9v34Obdi7k-Scene-0005/depth.mp4,T2V_data/label/vidgen_filter_gemini_part_0_dpo_2/X9v34Obdi7k-Scene-0005/aug_entity_20.png
T2V_data/VIDGEN-1M_unzip/XKqWnOtbSr8-Scene-0007.mp4,"In the video, a man is standing outside in front of a cactus. He is wearing a cowboy hat and a shirt. He is holding a clear plastic box and a stick. He is talking to the camera and then proceeds to demonstrate how to use the stick to get the spines off of the cactus. He uses the stick to poke the cactus and then pulls the spines off with his fingers. The man seems to be demonstrating this technique for educational purposes.",T2V_data/label/vidgen_filter_gemini_part_0_dpo_2/XKqWnOtbSr8-Scene-0007/depth.mp4,T2V_data/label/vidgen_filter_gemini_part_0_dpo_2/XKqWnOtbSr8-Scene-0007/aug_entity_20.png
T2V_data/VIDGEN-1M_unzip/XQp81n8uzzE-Scene-0015.mp4,"In the video, a person is seen preparing a meal in a pot. The person adds a spoonful of a brown powder to the pot, followed by a spoonful of a red powder. They then stir the contents of the pot with a spoon. The person continues to stir the contents of the pot, and eventually, they pour water into the pot. The person then stirs the contents of the pot again. The video ends with the person stirring the contents of the pot for the final time.",T2V_data/label/vidgen_filter_gemini_part_0_dpo_2/XQp81n8uzzE-Scene-0015/depth.mp4,T2V_data/label/vidgen_filter_gemini_part_0_dpo_2/XQp81n8uzzE-Scene-0015/aug_entity_40.png
T2V_data/VIDGEN-1M_unzip/Xb6Uq0NPB0I-Scene-0047.mp4,"In the video, a group of dogs is seen pulling a sled through the snow. The dogs are black and white and appear to be well-trained, working together to pull the sled forward. The sled is black and appears to be made of metal. The snow is white and appears to be deep, as the dogs are making tracks in it as they move. The dogs are wearing harnesses and appear to be in good health.",T2V_data/label/vidgen_filter_gemini_part_0_dpo_2/Xb6Uq0NPB0I-Scene-0047/depth.mp4,T2V_data/label/vidgen_filter_gemini_part_0_dpo_2/Xb6Uq0NPB0I-Scene-0047/aug_entity_20.png
T2V_data/VIDGEN-1M_unzip/Y2iwjoPbljs-Scene-0024.mp4,"The video shows a football game in progress. The players are wearing blue and orange uniforms. The quarterback throws the ball to a player who catches it and runs towards the end zone. He is pursued by the opposing team's players who try to tackle him. The player manages to avoid the tackles and runs into the end zone, scoring a touchdown. The crowd can be heard cheering in the background.",T2V_data/label/vidgen_filter_gemini_part_0_dpo_2/Y2iwjoPbljs-Scene-0024/depth.mp4,T2V_data/label/vidgen_filter_gemini_part_0_dpo_2/Y2iwjoPbljs-Scene-0024/aug_entity_20.png
T2V_data/VIDGEN-1M_unzip/YCrJXfmFa5o-Scene-0002.mp4,"In the video, a person is seen tying a knot with a rope. The rope is red and gray, and the person's hands are visible. The background is a wooden floor. The person's hands are moving quickly, and the knot is tied in a series of steps. The video is shot from a top-down perspective, and the focus is on the person's hands and the rope.",T2V_data/label/vidgen_filter_gemini_part_0_dpo_2/YCrJXfmFa5o-Scene-0002/depth.mp4,T2V_data/label/vidgen_filter_gemini_part_0_dpo_2/YCrJXfmFa5o-Scene-0002/aug_entity_40.png
T2V_data/VIDGEN-1M_unzip/YIyjqLXBHig-Scene-0049.mp4,"The video features a bee landing on a purple flower with a green stem. The bee is seen collecting pollen from the flower. The background is blurred, but it appears to be a green field or garden. There are no visible titles, subtitles, or informative text in the video.",T2V_data/label/vidgen_filter_gemini_part_0_dpo_2/YIyjqLXBHig-Scene-0049/depth.mp4,T2V_data/label/vidgen_filter_gemini_part_0_dpo_2/YIyjqLXBHig-Scene-0049/aug_entity_20.png
T2V_data/VIDGEN-1M_unzip/YIyjqLXBHig-Scene-0049.mp4,"The video features a bee landing on a purple flower with a green stem. The bee is seen collecting pollen from the flower. The background is blurred, but it appears to be a green field or garden. There are no visible titles, subtitles, or informative text in the video.",T2V_data/label/vidgen_filter_gemini_part_0_dpo_2/YIyjqLXBHig-Scene-0049/depth.mp4,T2V_data/label/vidgen_filter_gemini_part_0_dpo_2/YIyjqLXBHig-Scene-0049/aug_entity_40.png
T2V_data/VIDGEN-1M_unzip/YPjoCHfWH7o-Scene-0014.mp4,"In the video, a small dog is seen playing with a person's foot. The dog is wearing a sweater and is standing on a concrete floor. The person is wearing a grey sock and the dog is biting and pulling on the sock. The background consists of a wooden fence and some greenery.",T2V_data/label/vidgen_filter_gemini_part_0_dpo_2/YPjoCHfWH7o-Scene-0014/depth.mp4,T2V_data/label/vidgen_filter_gemini_part_0_dpo_2/YPjoCHfWH7o-Scene-0014/aug_entity_20.png
T2V_data/VIDGEN-1M_unzip/YZDq5RCUF1U-Scene-0020.mp4,"The video shows a soccer match in progress. Two players are seen running towards the ball, one in a white jersey and the other in a red jersey. The player in the white jersey kicks the ball and scores a goal. The crowd can be heard cheering in the background.",T2V_data/label/vidgen_filter_gemini_part_0_dpo_2/YZDq5RCUF1U-Scene-0020/depth.mp4,T2V_data/label/vidgen_filter_gemini_part_0_dpo_2/YZDq5RCUF1U-Scene-0020/aug_entity_20.png
T2V_data/VIDGEN-1M_unzip/YaxmsV-6jog-Scene-0048.mp4,"In the video, a man is seen kneading a large piece of dough. He is wearing a black shirt and has a beard. The dough is white and appears to be soft and pliable. The man is using his hands to fold and press the dough, turning it over and over. The background is blurred, but it appears to be a kitchen or bakery setting.",T2V_data/label/vidgen_filter_gemini_part_0_dpo_2/YaxmsV-6jog-Scene-0048/depth.mp4,T2V_data/label/vidgen_filter_gemini_part_0_dpo_2/YaxmsV-6jog-Scene-0048/aug_entity_20.png
T2V_data/VIDGEN-1M_unzip/ZQIBT37jYKU-Scene-0007.mp4,"The video captures a moment from a hockey game where a player wearing a white jersey with the number 92 is seen skating on the ice. The player is wearing a white helmet and is holding a hockey stick. As the player skates, they come across another player wearing a black jersey and a referee. The player in the white jersey then stops and looks down at the ice, possibly checking for something. The background shows the ice rink and the stands with spectators.",T2V_data/label/vidgen_filter_gemini_part_0_dpo_2/ZQIBT37jYKU-Scene-0007/depth.mp4,T2V_data/label/vidgen_filter_gemini_part_0_dpo_2/ZQIBT37jYKU-Scene-0007/aug_entity_20.png
T2V_data/VIDGEN-1M_unzip/ZSL7aINWSi0-Scene-0012.mp4,"In the video, a woman is seen standing on a golf course holding a golf club. She is wearing a black dress and white shoes. She takes a swing at a golf ball and hits it. After hitting the ball, she walks towards the camera and talks. The background shows a golf cart and trees.",T2V_data/label/vidgen_filter_gemini_part_0_dpo_2/ZSL7aINWSi0-Scene-0012/depth.mp4,T2V_data/label/vidgen_filter_gemini_part_0_dpo_2/ZSL7aINWSi0-Scene-0012/aug_entity_20.png
T2V_data/VIDGEN-1M_unzip/ZjLTX1K16OU-Scene-0021.mp4,"The video shows a person holding a blue water jug with a spigot on it. The person is pouring water into a white plastic container that has several black stones in it. The water is being poured from the jug into the container, and the person is doing this in a controlled manner. The person is wearing a blue shirt and beige shorts. The background is a white tiled floor.",T2V_data/label/vidgen_filter_gemini_part_0_dpo_2/ZjLTX1K16OU-Scene-0021/depth.mp4,T2V_data/label/vidgen_filter_gemini_part_0_dpo_2/ZjLTX1K16OU-Scene-0021/aug_entity_60.png
T2V_data/VIDGEN-1M_unzip/_AYup7dsI9E-Scene-0013.mp4,"In the video, a man is seen pushing a cooler across a yard. He is wearing a white t-shirt and a black cap. The cooler is white and has red handles. The man is moving the cooler from one side of the yard to the other. The yard has a wooden fence and there are trees in the background. The man seems to be in a hurry as he is walking quickly.",T2V_data/label/vidgen_filter_gemini_part_0_dpo_2/_AYup7dsI9E-Scene-0013/depth.mp4,T2V_data/label/vidgen_filter_gemini_part_0_dpo_2/_AYup7dsI9E-Scene-0013/aug_entity_40.png
T2V_data/VIDGEN-1M_unzip/_RSswNapEj8-Scene-0090.mp4,"The video shows a small, black and yellow object hanging from a red string. The object is spinning in the air, and the background is a calm body of water with a reflection of the object. The object appears to be made of plastic and has a small black tag attached to it. The water is clear, and there are no other objects or people visible in the video.",T2V_data/label/vidgen_filter_gemini_part_0_dpo_2/_RSswNapEj8-Scene-0090/depth.mp4,T2V_data/label/vidgen_filter_gemini_part_0_dpo_2/_RSswNapEj8-Scene-0090/aug_entity_20.png
T2V_data/VIDGEN-1M_unzip/_Sr8bUFfpLo-Scene-0028.mp4,"The video shows a person's hands working on a circuit board. The person is using a hot glue gun to attach a small piece of wood to the circuit board. The person then uses a soldering iron to solder wires to the circuit board. The person's hands are visible throughout the video, and the background shows a workbench with various tools and wires.",T2V_data/label/vidgen_filter_gemini_part_0_dpo_2/_Sr8bUFfpLo-Scene-0028/depth.mp4,T2V_data/label/vidgen_filter_gemini_part_0_dpo_2/_Sr8bUFfpLo-Scene-0028/aug_entity_80.png
T2V_data/VIDGEN-1M_unzip/_Ti9wMu13n4-Scene-0099.mp4,"In the video, a person is seen kneading a pink slime on a white surface. The person then uses a toothbrush to poke holes into the slime. The person continues to poke holes into the slime and then shows the slime to the camera. The video ends with the person giving the slime a rating of 9/10.",T2V_data/label/vidgen_filter_gemini_part_0_dpo_2/_Ti9wMu13n4-Scene-0099/depth.mp4,T2V_data/label/vidgen_filter_gemini_part_0_dpo_2/_Ti9wMu13n4-Scene-0099/aug_entity_20.png
T2V_data/VIDGEN-1M_unzip/_dhZ4nVUDVM-Scene-0059.mp4,"The video shows a man in a hockey uniform performing a trick on ice. He is wearing a white and black jersey with orange pants and is skating on ice. The man is seen spinning around on one leg while holding the other leg up in the air. He then proceeds to spin around in a circle, showcasing his agility and balance. The ice rink is surrounded by a fence, and there are no other people visible in the video. The man's movements are fluid and controlled, indicating a high level of skill and practice. The video captures the excitement and athleticism of ice skating and hockey.",T2V_data/label/vidgen_filter_gemini_part_0_dpo_2/_dhZ4nVUDVM-Scene-0059/depth.mp4,T2V_data/label/vidgen_filter_gemini_part_0_dpo_2/_dhZ4nVUDVM-Scene-0059/aug_entity_20.png
T2V_data/VIDGEN-1M_unzip/_x3Z6psVoS4-Scene-0103.mp4,The video shows a woman climbing up a rope. She is wearing a sports bra and leggings. The woman is very fit and has tattoos on her back. She is climbing up the rope with her hands and feet. The sky is visible in the background.,T2V_data/label/vidgen_filter_gemini_part_0_dpo_2/_x3Z6psVoS4-Scene-0103/depth.mp4,T2V_data/label/vidgen_filter_gemini_part_0_dpo_2/_x3Z6psVoS4-Scene-0103/aug_entity_20.png
T2V_data/VIDGEN-1M_unzip/a22DHvbzt8w-Scene-0034.mp4,"The video shows a man changing a tire on a van. He is using a jack to lift the van and a tire iron to remove the lug nuts. The man is wearing a black jacket and blue jeans. The van is parked on a street with a red car parked in the background. The man is kneeling on the ground next to the van, and he is using a yellow mat to support the van. The tire is black with a silver rim. The man is wearing gloves and appears to be focused on the task at hand.",T2V_data/label/vidgen_filter_gemini_part_0_dpo_2/a22DHvbzt8w-Scene-0034/depth.mp4,T2V_data/label/vidgen_filter_gemini_part_0_dpo_2/a22DHvbzt8w-Scene-0034/aug_entity_60.png
T2V_data/VIDGEN-1M_unzip/a5MmczBUHCo-Scene-0012.mp4,"In the video, a man is seen standing behind a table. He is wearing a white chef's uniform and is holding a large piece of meat in his hands. The man is using a knife to cut the meat, and he appears to be speaking to the camera as he works. The meat is hanging from a hook, and the man is cutting it into smaller pieces. The background is a plain white wall, and there is no other visible equipment or people in the video.",T2V_data/label/vidgen_filter_gemini_part_0_dpo_2/a5MmczBUHCo-Scene-0012/depth.mp4,T2V_data/label/vidgen_filter_gemini_part_0_dpo_2/a5MmczBUHCo-Scene-0012/aug_entity_20.png
T2V_data/VIDGEN-1M_unzip/aGk8KEQgUg0-Scene-0008.mp4,"In the video, a person is seen holding a red box with a clear window on the top. The person opens the box, revealing a black cell phone inside. The person then closes the box and opens it again, repeating this action several times. The person's hands are visible throughout the video, and the background is a plain white surface.",T2V_data/label/vidgen_filter_gemini_part_0_dpo_2/aGk8KEQgUg0-Scene-0008/depth.mp4,T2V_data/label/vidgen_filter_gemini_part_0_dpo_2/aGk8KEQgUg0-Scene-0008/aug_entity_20.png
T2V_data/VIDGEN-1M_unzip/aGk8KEQgUg0-Scene-0008.mp4,"In the video, a person is seen holding a red box with a clear window on the top. The person opens the box, revealing a black cell phone inside. The person then closes the box and opens it again, repeating this action several times. The person's hands are visible throughout the video, and the background is a plain white surface.",T2V_data/label/vidgen_filter_gemini_part_0_dpo_2/aGk8KEQgUg0-Scene-0008/depth.mp4,T2V_data/label/vidgen_filter_gemini_part_0_dpo_2/aGk8KEQgUg0-Scene-0008/aug_entity_40.png
T2V_data/VIDGEN-1M_unzip/aSsAhXIyjRs-Scene-0015.mp4,The video shows a person preparing a drink. The person is seen holding a glass jar with a lemon slice and a straw in it. The person then picks up a pink bottle and unscrews the cap. The person then pours the liquid from the jar into the bottle. The person then screws the cap back on the bottle. The person then picks up the bottle and walks away.,T2V_data/label/vidgen_filter_gemini_part_0_dpo_2/aSsAhXIyjRs-Scene-0015/depth.mp4,T2V_data/label/vidgen_filter_gemini_part_0_dpo_2/aSsAhXIyjRs-Scene-0015/aug_entity_20.png
T2V_data/VIDGEN-1M_unzip/aSsAhXIyjRs-Scene-0015.mp4,The video shows a person preparing a drink. The person is seen holding a glass jar with a lemon slice and a straw in it. The person then picks up a pink bottle and unscrews the cap. The person then pours the liquid from the jar into the bottle. The person then screws the cap back on the bottle. The person then picks up the bottle and walks away.,T2V_data/label/vidgen_filter_gemini_part_0_dpo_2/aSsAhXIyjRs-Scene-0015/depth.mp4,T2V_data/label/vidgen_filter_gemini_part_0_dpo_2/aSsAhXIyjRs-Scene-0015/aug_entity_60.png
T2V_data/VIDGEN-1M_unzip/atLT7bL1lIE-Scene-0016.mp4,"The video shows a group of firefighters standing in front of a burning building. They are wearing yellow helmets and black uniforms with reflective stripes. The firefighters are holding a red hose and spraying water towards the fire. The building is engulfed in flames and smoke, and the firefighters are working together to put out the fire.",T2V_data/label/vidgen_filter_gemini_part_0_dpo_2/atLT7bL1lIE-Scene-0016/depth.mp4,T2V_data/label/vidgen_filter_gemini_part_0_dpo_2/atLT7bL1lIE-Scene-0016/aug_entity_20.png
T2V_data/VIDGEN-1M_unzip/auTxHn5_p9E-Scene-0078.mp4,"In the video, a person is seen using a tool to shave off pieces of wood from a larger piece of wood. The person is wearing a ring on their finger and is using a tool to shave off the wood. The wood is light in color and there are shavings of wood scattered around the work area. The person is working on a workbench and there is a tool lying next to the wood.",T2V_data/label/vidgen_filter_gemini_part_0_dpo_2/auTxHn5_p9E-Scene-0078/depth.mp4,T2V_data/label/vidgen_filter_gemini_part_0_dpo_2/auTxHn5_p9E-Scene-0078/aug_entity_60.png
T2V_data/VIDGEN-1M_unzip/b69yEWQKhFw-Scene-0164.mp4,"In the video, a man is standing in a backyard with a pool. He is wearing a green shirt and pink shorts. The man is holding a knife in his hand and is speaking to the camera. He then proceeds to throw the knife towards the pool. The man seems to be enjoying himself as he smiles and laughs while throwing the knife. The backyard is surrounded by a wooden fence and there are trees visible in the background. The pool is circular in shape and appears to be empty. The man's throwing motion is smooth and he seems to be aiming for the center of the pool. The video is shot during the daytime and the lighting is natural.",T2V_data/label/vidgen_filter_gemini_part_0_dpo_2/b69yEWQKhFw-Scene-0164/depth.mp4,T2V_data/label/vidgen_filter_gemini_part_0_dpo_2/b69yEWQKhFw-Scene-0164/aug_entity_20.png
T2V_data/VIDGEN-1M_unzip/bQVWq7EGPAY-Scene-0020.mp4,"In the video, a person is holding a circular piece of cork board. The person then flips the cork board over to show the backside, which is a flat, smooth surface. The person then proceeds to bend the cork board into a cylindrical shape, demonstrating its flexibility. The cork board is brown in color and appears to be made of a durable material. The person's hands are visible as they manipulate the cork board, but their face and body are not shown. The background is a black surface with grid lines, possibly a table or workbench.",T2V_data/label/vidgen_filter_gemini_part_0_dpo_2/bQVWq7EGPAY-Scene-0020/depth.mp4,T2V_data/label/vidgen_filter_gemini_part_0_dpo_2/bQVWq7EGPAY-Scene-0020/aug_entity_80.png
T2V_data/VIDGEN-1M_unzip/bZdXm1te0YQ-Scene-0132.mp4,"In the video, a person is using a chainsaw to cut a log in half. The person is wearing gloves and is holding the chainsaw with both hands. The log is lying on the ground, and the chainsaw is making a loud noise as it cuts through the wood. The person is moving the chainsaw back and forth to make the cut. The background is a grassy area with some trees and bushes.",T2V_data/label/vidgen_filter_gemini_part_0_dpo_2/bZdXm1te0YQ-Scene-0132/depth.mp4,T2V_data/label/vidgen_filter_gemini_part_0_dpo_2/bZdXm1te0YQ-Scene-0132/aug_entity_20.png
T2V_data/VIDGEN-1M_unzip/bZdXm1te0YQ-Scene-0132.mp4,"In the video, a person is using a chainsaw to cut a log in half. The person is wearing gloves and is holding the chainsaw with both hands. The log is lying on the ground, and the chainsaw is making a loud noise as it cuts through the wood. The person is moving the chainsaw back and forth to make the cut. The background is a grassy area with some trees and bushes.",T2V_data/label/vidgen_filter_gemini_part_0_dpo_2/bZdXm1te0YQ-Scene-0132/depth.mp4,T2V_data/label/vidgen_filter_gemini_part_0_dpo_2/bZdXm1te0YQ-Scene-0132/aug_entity_40.png
T2V_data/VIDGEN-1M_unzip/cgAuPK7XQv0-Scene-0021.mp4,"The video features a man skateboarding in a skate park. He is wearing a blue shirt and black pants. The skateboarder is seen riding his skateboard down a ramp and performing a trick on a rail. The sky is clear and blue, and there are trees visible in the background. The skateboarder successfully completes the trick and rides away.",T2V_data/label/vidgen_filter_gemini_part_0_dpo_2/cgAuPK7XQv0-Scene-0021/depth.mp4,T2V_data/label/vidgen_filter_gemini_part_0_dpo_2/cgAuPK7XQv0-Scene-0021/aug_entity_20.png
T2V_data/VIDGEN-1M_unzip/cmMPPqaPDN8-Scene-0003.mp4,"The video shows a yellow Caterpillar excavator parked on a construction site. The excavator is in the process of digging up dirt and moving it around. In the background, there is a tall building with the name ""TRUMP"" written on it. The sky is partly cloudy, and the excavator is the main focus of the video.",T2V_data/label/vidgen_filter_gemini_part_0_dpo_2/cmMPPqaPDN8-Scene-0003/depth.mp4,T2V_data/label/vidgen_filter_gemini_part_0_dpo_2/cmMPPqaPDN8-Scene-0003/aug_entity_40.png
T2V_data/VIDGEN-1M_unzip/cub8B9Of_p4-Scene-0038.mp4,"The video shows a man wearing a hat and glasses sitting in a car with the sunroof open. He is using a tool to scrape off the inside of the sunroof. The man is focused on his task, and the video captures the sound of the tool scraping against the glass. The sunroof is reflecting the sky and trees outside, and the man's reflection is visible on the glass. The video provides a close-up view of the man's actions, and the camera angle changes slightly throughout the video.",T2V_data/label/vidgen_filter_gemini_part_0_dpo_2/cub8B9Of_p4-Scene-0038/depth.mp4,T2V_data/label/vidgen_filter_gemini_part_0_dpo_2/cub8B9Of_p4-Scene-0038/aug_entity_60.png
T2V_data/VIDGEN-1M_unzip/diYVjfFTNL0-Scene-0108.mp4,"The video shows a man wearing a red helmet and a harness, sitting on a zipline and sliding down a hill. He is holding onto a rope attached to the zipline. The hill is covered with rocks and greenery, and there is a thatched roof structure visible in the background. The man appears to be enjoying the ride, smiling and looking at the camera.",T2V_data/label/vidgen_filter_gemini_part_0_dpo_2/diYVjfFTNL0-Scene-0108/depth.mp4,T2V_data/label/vidgen_filter_gemini_part_0_dpo_2/diYVjfFTNL0-Scene-0108/aug_entity_20.png
T2V_data/VIDGEN-1M_unzip/e3k1VpMs1zg-Scene-0008.mp4,"In the video, we see a close-up shot of a black pan on a stove. A person is using a spoon to pour batter into the pan. The batter is a light yellow color and appears to be thick. As the batter is poured, it spreads out and starts to cook. The person then uses a spatula to flip the pancake over, revealing a golden brown color on the cooked side. The pancake is cooked evenly, and there are no visible bubbles or holes. The video is shot in a well-lit kitchen, and the focus is on the pan and the pancake.",T2V_data/label/vidgen_filter_gemini_part_0_dpo_2/e3k1VpMs1zg-Scene-0008/depth.mp4,T2V_data/label/vidgen_filter_gemini_part_0_dpo_2/e3k1VpMs1zg-Scene-0008/aug_entity_20.png
T2V_data/VIDGEN-1M_unzip/eYuZnhKbGeU-Scene-0102.mp4,"The video shows a group of people playing ice hockey on an ice rink. They are wearing different colored jerseys and are skating around the rink, passing the puck to each other. The players are using their sticks to control the puck and are trying to score a goal. The ice rink is surrounded by boards and there are spectators watching the game. The players are moving quickly and are trying to outmaneuver each other.",T2V_data/label/vidgen_filter_gemini_part_0_dpo_2/eYuZnhKbGeU-Scene-0102/depth.mp4,T2V_data/label/vidgen_filter_gemini_part_0_dpo_2/eYuZnhKbGeU-Scene-0102/aug_entity_20.png
T2V_data/VIDGEN-1M_unzip/eahPdYfM2cA-Scene-0029.mp4,"In the video, a man and a little girl are playing with a ball in a living room. The man is wearing a blue t-shirt and khaki shorts, while the little girl is wearing a green t-shirt and shorts. The man is kicking the ball towards the little girl, who is trying to catch it. The little girl is running and jumping to catch the ball, while the man is laughing and enjoying the game. The living room has a wooden floor and a couch in the background. The ball is orange in color. The man and the little girl seem to be having a lot of fun playing together.",T2V_data/label/vidgen_filter_gemini_part_0_dpo_2/eahPdYfM2cA-Scene-0029/depth.mp4,T2V_data/label/vidgen_filter_gemini_part_0_dpo_2/eahPdYfM2cA-Scene-0029/aug_entity_20.png
T2V_data/VIDGEN-1M_unzip/ekgPWJXwCkg-Scene-0036.mp4,"The video shows a group of people riding motorcycles on a race track. They are wearing helmets and racing gear. The track is surrounded by grass and trees, and there is a bridge in the background. The riders are racing at high speeds, leaning into turns and accelerating on straightaways. The camera follows them as they navigate the track, capturing the excitement and intensity of the race.",T2V_data/label/vidgen_filter_gemini_part_0_dpo_2/ekgPWJXwCkg-Scene-0036/depth.mp4,T2V_data/label/vidgen_filter_gemini_part_0_dpo_2/ekgPWJXwCkg-Scene-0036/aug_entity_60.png
T2V_data/VIDGEN-1M_unzip/exZoLGaY3rg-Scene-0012.mp4,"The video shows a person using a tool to drill a hole in a piece of wood. The tool is inserted into the hole and then removed, leaving a clean hole. The person then uses a different tool to clean out the hole, removing any debris or dust. The video is shot in close-up, focusing on the hole and the tools being used. The person's hands are visible, but their face is not shown. The wood appears to be a light-colored, possibly pine or oak. The tools used are not identified by brand or type in the video.",T2V_data/label/vidgen_filter_gemini_part_0_dpo_2/exZoLGaY3rg-Scene-0012/depth.mp4,T2V_data/label/vidgen_filter_gemini_part_0_dpo_2/exZoLGaY3rg-Scene-0012/aug_entity_40.png
T2V_data/VIDGEN-1M_unzip/fMVcmv1RGZ8-Scene-0039.mp4,"The video shows a close-up of a welding machine in action. The machine is being used to weld two pieces of metal together. The metal is being heated to a high temperature, causing it to glow red hot. The welding machine is then used to apply a weld to the metal, creating a strong bond between the two pieces. The weld is visible as a bright, glowing line where the metal has been fused together. The machine is operated by a person who is not visible in the video. The background is dark, and the focus is on the welding process.",T2V_data/label/vidgen_filter_gemini_part_0_dpo_2/fMVcmv1RGZ8-Scene-0039/depth.mp4,T2V_data/label/vidgen_filter_gemini_part_0_dpo_2/fMVcmv1RGZ8-Scene-0039/aug_entity_40.png
T2V_data/VIDGEN-1M_unzip/fRUbG2dnxwo-Scene-0552.mp4,"The video shows two otters swimming in a body of water. They are both dark brown in color and have long, sleek bodies with short legs and tails. The otters are seen swimming around each other, occasionally coming up to the surface of the water. The water appears to be a murky green color, and there is no visible vegetation or other objects in the water. The otters seem to be enjoying themselves as they play and swim together.",T2V_data/label/vidgen_filter_gemini_part_0_dpo_2/fRUbG2dnxwo-Scene-0552/depth.mp4,T2V_data/label/vidgen_filter_gemini_part_0_dpo_2/fRUbG2dnxwo-Scene-0552/aug_entity_40.png
T2V_data/VIDGEN-1M_unzip/fWgbtSmVKMg-Scene-0023.mp4,"The video shows a person riding a bicycle while holding a smartphone in their hand. The phone displays the speed of the bike, which increases from 35 to 42 km/h. The person's hand is visible, and the bike's handlebars are also shown. The background is a blurred view of the road.",T2V_data/label/vidgen_filter_gemini_part_0_dpo_2/fWgbtSmVKMg-Scene-0023/depth.mp4,T2V_data/label/vidgen_filter_gemini_part_0_dpo_2/fWgbtSmVKMg-Scene-0023/aug_entity_60.png
T2V_data/VIDGEN-1M_unzip/fY0fHsCdxNQ-Scene-0033.mp4,"In the video, a man is seen kneeling down next to a red car. He is wearing a gray shirt and blue jeans. The man is holding a tire and is in the process of changing it. He is using a tool to remove the lug nuts from the wheel. The car has a green rim, and the tire is black. The man appears to be focused on the task at hand, and the environment around him is not visible.",T2V_data/label/vidgen_filter_gemini_part_0_dpo_2/fY0fHsCdxNQ-Scene-0033/depth.mp4,T2V_data/label/vidgen_filter_gemini_part_0_dpo_2/fY0fHsCdxNQ-Scene-0033/aug_entity_20.png
T2V_data/VIDGEN-1M_unzip/fx90FF5jsd4-Scene-0026.mp4,The video features a person's hands holding a yellow comb and using orange scissors to cut the comb. The background is a table with pink paper flowers. The person's nails are painted white. The scissors are used to cut the comb into smaller pieces.,T2V_data/label/vidgen_filter_gemini_part_0_dpo_2/fx90FF5jsd4-Scene-0026/depth.mp4,T2V_data/label/vidgen_filter_gemini_part_0_dpo_2/fx90FF5jsd4-Scene-0026/aug_entity_60.png
T2V_data/VIDGEN-1M_unzip/fyWrNzFh_kI-Scene-0021.mp4,"The video shows a man wearing a blue helmet and a grey shirt with the number 16 on it, swinging a baseball bat at a ball. The man is standing in a batting cage, and the video is shot from behind a net. The man swings the bat several times, hitting the ball each time. The background is a grassy field with trees and buildings in the distance.",T2V_data/label/vidgen_filter_gemini_part_0_dpo_2/fyWrNzFh_kI-Scene-0021/depth.mp4,T2V_data/label/vidgen_filter_gemini_part_0_dpo_2/fyWrNzFh_kI-Scene-0021/aug_entity_20.png
T2V_data/VIDGEN-1M_unzip/g-k_w_J0BMI-Scene-0072.mp4,"The video shows a person in a motorcycle suit and helmet riding a motorcycle. The rider is leaning forward, and the motorcycle is moving at a high speed. The rider's helmet is red and black with a design on it, and the suit is red and black with white accents. The motorcycle is black with green and white accents. The background is blurred, indicating the speed of the motorcycle.",T2V_data/label/vidgen_filter_gemini_part_0_dpo_2/g-k_w_J0BMI-Scene-0072/depth.mp4,T2V_data/label/vidgen_filter_gemini_part_0_dpo_2/g-k_w_J0BMI-Scene-0072/aug_entity_20.png
T2V_data/VIDGEN-1M_unzip/gECgvOP5jsk-Scene-0016.mp4,"In the video, a man is standing on top of a ladder, preparing to jump into a pool. He is wearing a blue shirt and black shorts. The ladder is silver and is placed on a concrete surface. The man jumps off the ladder and into the pool, creating a splash. There are several people in the pool, including children. The sky is clear and blue, indicating that it is a sunny day. The pool is surrounded by a concrete wall and there are trees in the background.",T2V_data/label/vidgen_filter_gemini_part_0_dpo_2/gECgvOP5jsk-Scene-0016/depth.mp4,T2V_data/label/vidgen_filter_gemini_part_0_dpo_2/gECgvOP5jsk-Scene-0016/aug_entity_20.png
T2V_data/VIDGEN-1M_unzip/ghJSMux1Y4o-Scene-0072.mp4,"The video captures a person skateboarding on a road. The skateboarder is wearing a black shirt, grey shorts, and black shoes. The skateboard is black with white wheels. The road is surrounded by greenery and buildings in the background. The skateboarder performs a trick where they jump onto the skateboard and ride it.",T2V_data/label/vidgen_filter_gemini_part_0_dpo_2/ghJSMux1Y4o-Scene-0072/depth.mp4,T2V_data/label/vidgen_filter_gemini_part_0_dpo_2/ghJSMux1Y4o-Scene-0072/aug_entity_60.png
T2V_data/VIDGEN-1M_unzip/gsw8_cU_VPU-Scene-0015.mp4,"The video shows a roller coaster ride in progress. The roller coaster is red and has a wooden boat-shaped car with several people in it. The car is seen going up and down the tracks, which are surrounded by trees. The people in the car seem to be enjoying the ride, and the scenery around them is quite picturesque.",T2V_data/label/vidgen_filter_gemini_part_0_dpo_2/gsw8_cU_VPU-Scene-0015/depth.mp4,T2V_data/label/vidgen_filter_gemini_part_0_dpo_2/gsw8_cU_VPU-Scene-0015/aug_entity_60.png
T2V_data/VIDGEN-1M_unzip/gsw8_cU_VPU-Scene-0015.mp4,"The video shows a roller coaster ride in progress. The roller coaster is red and has a wooden boat-shaped car with several people in it. The car is seen going up and down the tracks, which are surrounded by trees. The people in the car seem to be enjoying the ride, and the scenery around them is quite picturesque.",T2V_data/label/vidgen_filter_gemini_part_0_dpo_2/gsw8_cU_VPU-Scene-0015/depth.mp4,T2V_data/label/vidgen_filter_gemini_part_0_dpo_2/gsw8_cU_VPU-Scene-0015/aug_entity_80.png
T2V_data/VIDGEN-1M_unzip/gwdE5E0PDlA-Scene-0039.mp4,"The video shows a close-up of a person's hand holding a white smartphone. The person is using a white charging cable to plug the phone into a charging port. The phone has a black screen and a silver home button. The charging cable has a silver connector. The person's hand is visible, and they are wearing a black watch on their wrist. The background is blurred, but it appears to be a white surface.",T2V_data/label/vidgen_filter_gemini_part_0_dpo_2/gwdE5E0PDlA-Scene-0039/depth.mp4,T2V_data/label/vidgen_filter_gemini_part_0_dpo_2/gwdE5E0PDlA-Scene-0039/aug_entity_60.png
T2V_data/VIDGEN-1M_unzip/hZ_b1f2Qq0M-Scene-0017.mp4,"The video shows a football player in a white uniform with the number 4 on it, holding a football and running towards the end zone. He is being pursued by a player in a black uniform with the number 91. The player in the white uniform is tackled by the player in the black uniform, causing them both to fall to the ground. The background shows a crowd of spectators and a scoreboard.",T2V_data/label/vidgen_filter_gemini_part_0_dpo_2/hZ_b1f2Qq0M-Scene-0017/depth.mp4,T2V_data/label/vidgen_filter_gemini_part_0_dpo_2/hZ_b1f2Qq0M-Scene-0017/aug_entity_20.png
T2V_data/VIDGEN-1M_unzip/i1hkQvghQY4-Scene-0260.mp4,"The video shows a man in a black shirt and shorts with red shoes jumping high in the air to dunk a basketball into the hoop. The man is holding the ball with one hand and is in mid-air, with his legs bent and arms extended towards the hoop. The background is dark, and there are people watching the man.",T2V_data/label/vidgen_filter_gemini_part_0_dpo_2/i1hkQvghQY4-Scene-0260/depth.mp4,T2V_data/label/vidgen_filter_gemini_part_0_dpo_2/i1hkQvghQY4-Scene-0260/aug_entity_20.png
T2V_data/VIDGEN-1M_unzip/iAS6FQZAirc-Scene-0017.mp4,"In the video, a person's hand is seen picking strawberries from a garden and placing them into a clear plastic bowl. The strawberries are bright red and appear to be freshly picked. The person's hand moves quickly, picking up several strawberries at once and adding them to the bowl. The background is a lush green garden, and the strawberries stand out against the greenery. The person's hand is visible throughout the video, and the focus is on the action of picking and collecting the strawberries.",T2V_data/label/vidgen_filter_gemini_part_0_dpo_2/iAS6FQZAirc-Scene-0017/depth.mp4,T2V_data/label/vidgen_filter_gemini_part_0_dpo_2/iAS6FQZAirc-Scene-0017/aug_entity_20.png
T2V_data/VIDGEN-1M_unzip/iQtoEOhbACA-Scene-0098.mp4,"The video shows a man working on a metal pipe. He is wearing a black hoodie and a black helmet with a purple visor. The man is using a welding tool to work on the pipe, which is placed on a wooden block. The background is a workshop with various tools and equipment. The man is focused on his work, and the sparks from the welding tool are visible as he works.",T2V_data/label/vidgen_filter_gemini_part_0_dpo_2/iQtoEOhbACA-Scene-0098/depth.mp4,T2V_data/label/vidgen_filter_gemini_part_0_dpo_2/iQtoEOhbACA-Scene-0098/aug_entity_40.png
T2V_data/VIDGEN-1M_unzip/iV8o10-d51I-Scene-0087.mp4,"In the video, a person is seen holding a gun and aiming it at a target. The person is wearing a helmet and ear protection. The gun is black and has a scope on it. The person fires the gun several times, and the target is hit. The person then lowers the gun and waves their hand.",T2V_data/label/vidgen_filter_gemini_part_0_dpo_2/iV8o10-d51I-Scene-0087/depth.mp4,T2V_data/label/vidgen_filter_gemini_part_0_dpo_2/iV8o10-d51I-Scene-0087/aug_entity_40.png
T2V_data/VIDGEN-1M_unzip/i_2xei4FMps-Scene-0275.mp4,The video shows a red car driving on a dirt road in the desert. The car is surrounded by orange cones and there are rocks on the side of the road. The car is driving at a high speed and appears to be drifting around the cones. The landscape is dry and there are mountains in the background. The sky is clear and blue.,T2V_data/label/vidgen_filter_gemini_part_0_dpo_2/i_2xei4FMps-Scene-0275/depth.mp4,T2V_data/label/vidgen_filter_gemini_part_0_dpo_2/i_2xei4FMps-Scene-0275/aug_entity_60.png
T2V_data/VIDGEN-1M_unzip/iyGr2K90S1o-Scene-0027.mp4,"In the video, a person is pouring a brown liquid into a glass. The liquid appears to be of a thick consistency and is being poured from a height, causing the liquid to splash slightly as it hits the glass. The glass is clear and has a stem, suggesting that it may be a wine glass. The background is not clearly visible, but it appears to be an indoor setting. There is no visible text or subtitles in the video.",T2V_data/label/vidgen_filter_gemini_part_0_dpo_2/iyGr2K90S1o-Scene-0027/depth.mp4,T2V_data/label/vidgen_filter_gemini_part_0_dpo_2/iyGr2K90S1o-Scene-0027/aug_entity_20.png
T2V_data/VIDGEN-1M_unzip/j176cyhsi8I-Scene-0073.mp4,"In the video, a person is seen using a rake to mix soil in a plastic container. The person is wearing blue gloves and is raking the soil in a circular motion. The container appears to be a large plastic bin, and the soil is dark brown in color. The person's movements are deliberate and methodical, ensuring that the soil is evenly mixed. The background is not clearly visible, but it seems to be an outdoor setting.",T2V_data/label/vidgen_filter_gemini_part_0_dpo_2/j176cyhsi8I-Scene-0073/depth.mp4,T2V_data/label/vidgen_filter_gemini_part_0_dpo_2/j176cyhsi8I-Scene-0073/aug_entity_40.png
T2V_data/VIDGEN-1M_unzip/jM-43UrzIY0-Scene-0018.mp4,"The video shows a person using a screwdriver to remove screws from the back of a smartphone. The phone is lying face down on a white surface. The person's hands are visible as they work on the phone. The screwdriver is black and silver, and the screws are small and silver. The person removes each screw carefully and places it to the side. The phone's back cover is removed, revealing the internal components. The person then proceeds to remove the battery from the phone.",T2V_data/label/vidgen_filter_gemini_part_0_dpo_2/jM-43UrzIY0-Scene-0018/depth.mp4,T2V_data/label/vidgen_filter_gemini_part_0_dpo_2/jM-43UrzIY0-Scene-0018/aug_entity_80.png
T2V_data/VIDGEN-1M_unzip/jMYQLD89KzM-Scene-0007.mp4,The video shows a penguin standing in the water with its wings outstretched. The penguin then proceeds to walk on the water and eventually catches a fish. The penguin then walks back on the water and eats the fish.,T2V_data/label/vidgen_filter_gemini_part_0_dpo_2/jMYQLD89KzM-Scene-0007/depth.mp4,T2V_data/label/vidgen_filter_gemini_part_0_dpo_2/jMYQLD89KzM-Scene-0007/aug_entity_20.png
T2V_data/VIDGEN-1M_unzip/jSstOGIE7JA-Scene-0098.mp4,"The video shows two workers wearing hats and boots, standing in a pond with a rake and a net. They are using the rake to stir up the water and the net to catch something. The water is murky and there are pipes visible in the background.",T2V_data/label/vidgen_filter_gemini_part_0_dpo_2/jSstOGIE7JA-Scene-0098/depth.mp4,T2V_data/label/vidgen_filter_gemini_part_0_dpo_2/jSstOGIE7JA-Scene-0098/aug_entity_20.png
T2V_data/VIDGEN-1M_unzip/jU2LFCRXFLk-Scene-0030.mp4,"In the video, a person is seen sitting on the ground, holding a large knife in their hand. They are using the knife to chop a piece of wood that is placed in front of them. The person is wearing a blue shirt and black shorts, and they are barefoot. The knife is silver in color and appears to be sharp, as it cuts through the wood with ease. The person is using a chopping motion to cut the wood into smaller pieces. The background is not clearly visible, but it appears to be an outdoor setting.",T2V_data/label/vidgen_filter_gemini_part_0_dpo_2/jU2LFCRXFLk-Scene-0030/depth.mp4,T2V_data/label/vidgen_filter_gemini_part_0_dpo_2/jU2LFCRXFLk-Scene-0030/aug_entity_40.png
T2V_data/VIDGEN-1M_unzip/jwNoe_QxhZQ-Scene-0087.mp4,"In the video, a woman is seen wearing roller skates and dancing in a kitchen. She starts by moving her feet back and forth while holding onto the counter. The woman then begins to spin around while still holding onto the counter. She continues to dance around the kitchen, moving her feet in a rhythmic manner. The kitchen has white cabinets and a wooden floor, and there are various kitchen items visible in the background. The woman is wearing a black outfit and has her hair tied back. She appears to be enjoying herself as she dances around the kitchen.",T2V_data/label/vidgen_filter_gemini_part_0_dpo_2/jwNoe_QxhZQ-Scene-0087/depth.mp4,T2V_data/label/vidgen_filter_gemini_part_0_dpo_2/jwNoe_QxhZQ-Scene-0087/aug_entity_60.png
T2V_data/VIDGEN-1M_unzip/jwNoe_QxhZQ-Scene-0087.mp4,"In the video, a woman is seen wearing roller skates and dancing in a kitchen. She starts by moving her feet back and forth while holding onto the counter. The woman then begins to spin around while still holding onto the counter. She continues to dance around the kitchen, moving her feet in a rhythmic manner. The kitchen has white cabinets and a wooden floor, and there are various kitchen items visible in the background. The woman is wearing a black outfit and has her hair tied back. She appears to be enjoying herself as she dances around the kitchen.",T2V_data/label/vidgen_filter_gemini_part_0_dpo_2/jwNoe_QxhZQ-Scene-0087/depth.mp4,T2V_data/label/vidgen_filter_gemini_part_0_dpo_2/jwNoe_QxhZQ-Scene-0087/aug_entity_80.png
T2V_data/VIDGEN-1M_unzip/k43JtzH78fo-Scene-0028.mp4,"The video shows a close-up of a person's hand holding a handful of oats and sprinkling them onto a mixture in a pan. The mixture appears to be a batter or dough that is in the process of being prepared. The oats are light brown and flaky, and they are being added to the mixture in a scattered fashion. The pan is rectangular and appears to be made of metal. The background is blurred, but it seems to be a kitchen setting.",T2V_data/label/vidgen_filter_gemini_part_0_dpo_2/k43JtzH78fo-Scene-0028/depth.mp4,T2V_data/label/vidgen_filter_gemini_part_0_dpo_2/k43JtzH78fo-Scene-0028/aug_entity_20.png
T2V_data/VIDGEN-1M_unzip/kQyvDXNQhLA-Scene-0021.mp4,"The video shows a person stirring a pot of food with a wooden spoon. The pot is made of metal and is placed on a stove. The food inside the pot appears to be a thick, yellowish mixture. The person is continuously stirring the mixture, ensuring it is cooked evenly. The background is a greenish color, possibly a wall or a table. The person's hand is visible, holding the wooden spoon and stirring the mixture.",T2V_data/label/vidgen_filter_gemini_part_0_dpo_2/kQyvDXNQhLA-Scene-0021/depth.mp4,T2V_data/label/vidgen_filter_gemini_part_0_dpo_2/kQyvDXNQhLA-Scene-0021/aug_entity_20.png
T2V_data/VIDGEN-1M_unzip/kc73ZW-nGjQ-Scene-0036.mp4,"The video shows a group of people on a sailboat in the middle of the ocean. The boat is moving through the water, and the people on board are working together to raise the sail. They are using ropes and pulleys to hoist the sail up, and it appears to be a coordinated effort. The sky is clear, and the water is calm, indicating good weather conditions for sailing. The sail itself is white and appears to be made of a lightweight fabric. The people on the boat are wearing casual clothing, and some are wearing hats to protect themselves from the sun. The video captures the teamwork and coordination required to sail a boat, as well as the beauty of the ocean and the excitement of being out on the water.",T2V_data/label/vidgen_filter_gemini_part_0_dpo_2/kc73ZW-nGjQ-Scene-0036/depth.mp4,T2V_data/label/vidgen_filter_gemini_part_0_dpo_2/kc73ZW-nGjQ-Scene-0036/aug_entity_20.png
T2V_data/VIDGEN-1M_unzip/keDAA2m0yLY-Scene-0046.mp4,"The video shows a close-up of a person's hands typing on a black keyboard. The keyboard has white letters on the keys, and there is a small black device on the right side of the keyboard. The person's fingers move quickly over the keys, and the device appears to be recording the typing.",T2V_data/label/vidgen_filter_gemini_part_0_dpo_2/keDAA2m0yLY-Scene-0046/depth.mp4,T2V_data/label/vidgen_filter_gemini_part_0_dpo_2/keDAA2m0yLY-Scene-0046/aug_entity_60.png
T2V_data/VIDGEN-1M_unzip/keQ283yEWFk-Scene-0017.mp4,The video shows a person riding a motorcycle on a road. The person is wearing a black glove and is riding a red motorcycle. The road is wet and there are snow piles on the sides. The person is riding at a slow speed and then stops the motorcycle.,T2V_data/label/vidgen_filter_gemini_part_0_dpo_2/keQ283yEWFk-Scene-0017/depth.mp4,T2V_data/label/vidgen_filter_gemini_part_0_dpo_2/keQ283yEWFk-Scene-0017/aug_entity_20.png
T2V_data/VIDGEN-1M_unzip/l1YO-L-IW7o-Scene-0067.mp4,"The video shows a large bell that is being rung by a person. The bell is made of metal and has a clapper that strikes the inside of the bell to produce sound. The person ringing the bell is using a rope that is attached to the clapper. The bell is located in a room with a glass wall, and there are people standing outside the glass wall watching the bell being rung. The people outside the glass wall are wearing casual clothing and appear to be tourists. The bell is the main focus of the video, and the sound of the bell ringing can be heard throughout the video. The video does not have any visible text or subtitles.",T2V_data/label/vidgen_filter_gemini_part_0_dpo_2/l1YO-L-IW7o-Scene-0067/depth.mp4,T2V_data/label/vidgen_filter_gemini_part_0_dpo_2/l1YO-L-IW7o-Scene-0067/aug_entity_20.png
T2V_data/VIDGEN-1M_unzip/mUs3nfsTWAE-Scene-0016.mp4,"The video shows a spacecraft with solar panels moving in space. The spacecraft is white and has a cylindrical shape with a dome on top. The Earth is visible in the background, with clouds and landmasses visible. The spacecraft is moving away from the Earth, and the video is shot from different angles, showing the spacecraft from the front, side, and back. The Earth appears to be spinning, and the spacecraft is moving at a steady pace.",T2V_data/label/vidgen_filter_gemini_part_0_dpo_2/mUs3nfsTWAE-Scene-0016/depth.mp4,T2V_data/label/vidgen_filter_gemini_part_0_dpo_2/mUs3nfsTWAE-Scene-0016/aug_entity_20.png
T2V_data/VIDGEN-1M_unzip/n0xCAi8mz7w-Scene-0018.mp4,"In the video, a man is standing in a kitchen and he is wearing a black apron. He is holding a bottle of soy sauce and pouring it into a bowl of food. The kitchen has stainless steel appliances and a red cutting board on the counter. The man is wearing gloves and appears to be focused on the task at hand. The bowl of food is not clearly visible, but it seems to be a dish that requires soy sauce as an ingredient. The man's movements are deliberate and careful as he pours the sauce. The kitchen is well-lit and appears to be clean and organized.",T2V_data/label/vidgen_filter_gemini_part_0_dpo_2/n0xCAi8mz7w-Scene-0018/depth.mp4,T2V_data/label/vidgen_filter_gemini_part_0_dpo_2/n0xCAi8mz7w-Scene-0018/aug_entity_40.png
T2V_data/VIDGEN-1M_unzip/nB8ho6jkszE-Scene-0006.mp4,"The video shows a person's hand holding a knife and cutting through a piece of meat on a cutting board. The knife is silver and has the word ""GLOBAL"" written on it. The meat is white and appears to be raw. The cutting board is white and has some juice from the meat on it. The person is using a sawing motion to cut the meat into thin slices.",T2V_data/label/vidgen_filter_gemini_part_0_dpo_2/nB8ho6jkszE-Scene-0006/depth.mp4,T2V_data/label/vidgen_filter_gemini_part_0_dpo_2/nB8ho6jkszE-Scene-0006/aug_entity_40.png
T2V_data/VIDGEN-1M_unzip/niDJJaDZqM4-Scene-0032.mp4,"The video shows a close-up of a person's hand as they press down on a green, dome-shaped object that is resting on a metal container. The object appears to be made of a soft, malleable material, and the person's hand is adorned with a gold ring. The metal container has a red rim, and the background is blurred, focusing the viewer's attention on the pressing action.",T2V_data/label/vidgen_filter_gemini_part_0_dpo_2/niDJJaDZqM4-Scene-0032/depth.mp4,T2V_data/label/vidgen_filter_gemini_part_0_dpo_2/niDJJaDZqM4-Scene-0032/aug_entity_40.png
T2V_data/VIDGEN-1M_unzip/niDJJaDZqM4-Scene-0032.mp4,"The video shows a close-up of a person's hand as they press down on a green, dome-shaped object that is resting on a metal container. The object appears to be made of a soft, malleable material, and the person's hand is adorned with a gold ring. The metal container has a red rim, and the background is blurred, focusing the viewer's attention on the pressing action.",T2V_data/label/vidgen_filter_gemini_part_0_dpo_2/niDJJaDZqM4-Scene-0032/depth.mp4,T2V_data/label/vidgen_filter_gemini_part_0_dpo_2/niDJJaDZqM4-Scene-0032/aug_entity_60.png
T2V_data/VIDGEN-1M_unzip/o09ybLbN3ZU-Scene-0083.mp4,"The video shows a person snowboarding down a snowy mountain slope. The snowboarder is wearing a yellow jacket and a blue helmet. The person is seen making turns and carving through the snow, with trees visible in the background. The sky is clear and blue, and the sun is shining brightly. The snowboarder appears to be skilled, making smooth turns and maintaining balance throughout the descent.",T2V_data/label/vidgen_filter_gemini_part_0_dpo_2/o09ybLbN3ZU-Scene-0083/depth.mp4,T2V_data/label/vidgen_filter_gemini_part_0_dpo_2/o09ybLbN3ZU-Scene-0083/aug_entity_60.png
T2V_data/VIDGEN-1M_unzip/o09ybLbN3ZU-Scene-0083.mp4,"The video shows a person snowboarding down a snowy mountain slope. The snowboarder is wearing a yellow jacket and a blue helmet. The person is seen making turns and carving through the snow, with trees visible in the background. The sky is clear and blue, and the sun is shining brightly. The snowboarder appears to be skilled, making smooth turns and maintaining balance throughout the descent.",T2V_data/label/vidgen_filter_gemini_part_0_dpo_2/o09ybLbN3ZU-Scene-0083/depth.mp4,T2V_data/label/vidgen_filter_gemini_part_0_dpo_2/o09ybLbN3ZU-Scene-0083/aug_entity_80.png
T2V_data/VIDGEN-1M_unzip/omXNILir7go-Scene-0173.mp4,The video shows a woman in a white dress standing in a snowy forest. She is holding a piece of paper in her hand and a small blue bird is perched on her finger. The woman is looking at the paper and then she turns to a horse made of ice that is standing next to her. She touches the horse's nose and the horse starts to melt. The woman then kisses the horse's nose and the horse completely melts away.,T2V_data/label/vidgen_filter_gemini_part_0_dpo_2/omXNILir7go-Scene-0173/depth.mp4,T2V_data/label/vidgen_filter_gemini_part_0_dpo_2/omXNILir7go-Scene-0173/aug_entity_20.png
T2V_data/VIDGEN-1M_unzip/prLzIV_UNHs-Scene-0031.mp4,"The video shows a pot of water on a stove with several green tomatillos and jalapeno peppers being boiled. The tomatillos are bright green and spherical, while the jalapeno peppers are long and green. The pot is silver and has a black handle. The water is bubbling around the vegetables, indicating that they are being cooked.",T2V_data/label/vidgen_filter_gemini_part_0_dpo_2/prLzIV_UNHs-Scene-0031/depth.mp4,T2V_data/label/vidgen_filter_gemini_part_0_dpo_2/prLzIV_UNHs-Scene-0031/aug_entity_40.png
T2V_data/VIDGEN-1M_unzip/qHufidM4a6c-Scene-0074.mp4,"In the video, a woman is seen holding a torch in her right hand and a glass tube in her left hand. She is wearing a black t-shirt and black gloves. The torch is emitting a blue flame, which she uses to heat the glass tube. As she heats the tube, it begins to glow red and eventually turns into a bright orange color. The woman continues to heat the tube, causing the flame to intensify and the tube to glow brighter. The background is blurred, but it appears to be a workshop or garage with various tools and equipment visible.",T2V_data/label/vidgen_filter_gemini_part_0_dpo_2/qHufidM4a6c-Scene-0074/depth.mp4,T2V_data/label/vidgen_filter_gemini_part_0_dpo_2/qHufidM4a6c-Scene-0074/aug_entity_40.png
T2V_data/VIDGEN-1M_unzip/qhYGIEOecp8-Scene-0016.mp4,"The video shows a close-up of a person's hands as they use a round cutter to cut out circles from a sheet of dough. The dough is placed on a dark surface, and the cutter is pressed down to create the circles. The person's hands are visible, and they appear to be wearing a black glove on one hand. The dough is beige in color, and the cutter is silver. The video is shot in a well-lit environment, and the focus is on the action of cutting the dough.",T2V_data/label/vidgen_filter_gemini_part_0_dpo_2/qhYGIEOecp8-Scene-0016/depth.mp4,T2V_data/label/vidgen_filter_gemini_part_0_dpo_2/qhYGIEOecp8-Scene-0016/aug_entity_20.png
T2V_data/VIDGEN-1M_unzip/r7QfQkfTwj4-Scene-0005.mp4,"In the video, a kitten is seen standing on a cat tree. The kitten is grey and white in color and has a fluffy tail. It is playing with a toy that is attached to a string. The cat tree has a beige platform and brown posts. The background is a plain white wall.",T2V_data/label/vidgen_filter_gemini_part_0_dpo_2/r7QfQkfTwj4-Scene-0005/depth.mp4,T2V_data/label/vidgen_filter_gemini_part_0_dpo_2/r7QfQkfTwj4-Scene-0005/aug_entity_20.png
T2V_data/VIDGEN-1M_unzip/r7QfQkfTwj4-Scene-0005.mp4,"In the video, a kitten is seen standing on a cat tree. The kitten is grey and white in color and has a fluffy tail. It is playing with a toy that is attached to a string. The cat tree has a beige platform and brown posts. The background is a plain white wall.",T2V_data/label/vidgen_filter_gemini_part_0_dpo_2/r7QfQkfTwj4-Scene-0005/depth.mp4,T2V_data/label/vidgen_filter_gemini_part_0_dpo_2/r7QfQkfTwj4-Scene-0005/aug_entity_40.png
T2V_data/VIDGEN-1M_unzip/rMgH2C71dOA-Scene-0013.mp4,"In the video, a person is seen mixing a bowl of meat and ice. The person is using a spoon to stir the contents of the bowl. The bowl is placed on a white surface, and there is a yellow bucket in the background. The person's hand is visible, and they are wearing a ring on their finger. The meat appears to be raw and is pinkish in color, while the ice is white. The person continues to stir the contents of the bowl throughout the video.",T2V_data/label/vidgen_filter_gemini_part_0_dpo_2/rMgH2C71dOA-Scene-0013/depth.mp4,T2V_data/label/vidgen_filter_gemini_part_0_dpo_2/rMgH2C71dOA-Scene-0013/aug_entity_100.png
T2V_data/VIDGEN-1M_unzip/sIzB9Fj90VQ-Scene-0033.mp4,"In the video, a man is seen standing in front of a car with its hood open. He is wearing a white t-shirt and black shorts. The car appears to be a BMW, and the man is using a tool to work on the front bumper. The video is shot in slow motion, emphasizing the man's movements as he works on the car. The background shows a residential area with houses and trees.",T2V_data/label/vidgen_filter_gemini_part_0_dpo_2/sIzB9Fj90VQ-Scene-0033/depth.mp4,T2V_data/label/vidgen_filter_gemini_part_0_dpo_2/sIzB9Fj90VQ-Scene-0033/aug_entity_40.png
T2V_data/VIDGEN-1M_unzip/tGVR7PHIlA0-Scene-0134.mp4,"The video shows a baseball game being played in a stadium. The batter is wearing a blue uniform with the number 29 on the back. The pitcher is in the middle of the field, and the umpire is standing behind the catcher. The stadium is filled with spectators, and the scoreboard is visible in the background. The game is being played in the evening, and the sky is dark. The batter is holding a bat and is ready to hit the ball. The pitcher throws the ball, and the batter swings the bat to hit the ball. The video is shot from the perspective of the batter, and the camera angle changes to show the ball being hit and flying towards the outfield.",T2V_data/label/vidgen_filter_gemini_part_0_dpo_2/tGVR7PHIlA0-Scene-0134/depth.mp4,T2V_data/label/vidgen_filter_gemini_part_0_dpo_2/tGVR7PHIlA0-Scene-0134/aug_entity_60.png
T2V_data/VIDGEN-1M_unzip/tOHowupIlN4-Scene-0069.mp4,"In the video, a person is seen cutting a toy with a pair of scissors. The toy is shaped like a sheep and has a pastel color scheme. The person's nails are painted purple, and they are using a pair of yellow-handled scissors to cut the toy. The background is a solid light blue color.",T2V_data/label/vidgen_filter_gemini_part_0_dpo_2/tOHowupIlN4-Scene-0069/depth.mp4,T2V_data/label/vidgen_filter_gemini_part_0_dpo_2/tOHowupIlN4-Scene-0069/aug_entity_20.png
T2V_data/VIDGEN-1M_unzip/tOHowupIlN4-Scene-0069.mp4,"In the video, a person is seen cutting a toy with a pair of scissors. The toy is shaped like a sheep and has a pastel color scheme. The person's nails are painted purple, and they are using a pair of yellow-handled scissors to cut the toy. The background is a solid light blue color.",T2V_data/label/vidgen_filter_gemini_part_0_dpo_2/tOHowupIlN4-Scene-0069/depth.mp4,T2V_data/label/vidgen_filter_gemini_part_0_dpo_2/tOHowupIlN4-Scene-0069/aug_entity_60.png
T2V_data/VIDGEN-1M_unzip/th8pMzQZYUs-Scene-0013.mp4,"The video shows a person pouring a blue liquid into a tall glass. The glass is placed on a bar counter, and there is a clear plastic container next to it. The person pours the liquid from a metal shaker, and the liquid fills the glass to the brim. The person then uses a spoon to stir the liquid in the glass. The liquid appears to be a blue-colored cocktail. The bar counter is made of wood, and there are other bottles of alcohol in the background. The person making the drink is wearing a black shirt with a logo on it.",T2V_data/label/vidgen_filter_gemini_part_0_dpo_2/th8pMzQZYUs-Scene-0013/depth.mp4,T2V_data/label/vidgen_filter_gemini_part_0_dpo_2/th8pMzQZYUs-Scene-0013/aug_entity_40.png
T2V_data/VIDGEN-1M_unzip/tkAg1gnVzb4-Scene-0076.mp4,"In the video, a person is seen holding a remote control helicopter in their hands. The helicopter is black in color and has two rotors on top. The person then places the helicopter on the floor and picks up the remote control. The helicopter is then shown taking off and flying in the air. The person is controlling the helicopter with the remote control. The helicopter is seen flying in different directions and at different heights. The video ends with the helicopter landing on the floor.",T2V_data/label/vidgen_filter_gemini_part_0_dpo_2/tkAg1gnVzb4-Scene-0076/depth.mp4,T2V_data/label/vidgen_filter_gemini_part_0_dpo_2/tkAg1gnVzb4-Scene-0076/aug_entity_20.png
T2V_data/VIDGEN-1M_unzip/uR19hivpp9I-Scene-0037.mp4,"The video features a man climbing an indoor rock wall. The wall is covered with various colored holds and the man is wearing a black shirt and brown pants. He is seen reaching for and grabbing onto different holds as he climbs up the wall. The climbing wall is tall and steep, and the man appears to be using both his upper and lower body strength to climb. The lighting in the room is bright, and the wall is a dark color, which contrasts with the colorful holds.",T2V_data/label/vidgen_filter_gemini_part_0_dpo_2/uR19hivpp9I-Scene-0037/depth.mp4,T2V_data/label/vidgen_filter_gemini_part_0_dpo_2/uR19hivpp9I-Scene-0037/aug_entity_20.png
T2V_data/VIDGEN-1M_unzip/v1DWHeouJYM-Scene-0056.mp4,"In the video, a man wearing a red shirt is seen standing in front of a table. On the table, there is a candle that is lit. The man is holding a small blue container in his hand and he pours its contents into a glass. He then picks up a flask and pours the liquid from the glass into it. The man seems to be conducting some kind of experiment or demonstration. The background is dark, and the focus is on the man and the objects on the table.",T2V_data/label/vidgen_filter_gemini_part_0_dpo_2/v1DWHeouJYM-Scene-0056/depth.mp4,T2V_data/label/vidgen_filter_gemini_part_0_dpo_2/v1DWHeouJYM-Scene-0056/aug_entity_20.png
T2V_data/VIDGEN-1M_unzip/v1DWHeouJYM-Scene-0056.mp4,"In the video, a man wearing a red shirt is seen standing in front of a table. On the table, there is a candle that is lit. The man is holding a small blue container in his hand and he pours its contents into a glass. He then picks up a flask and pours the liquid from the glass into it. The man seems to be conducting some kind of experiment or demonstration. The background is dark, and the focus is on the man and the objects on the table.",T2V_data/label/vidgen_filter_gemini_part_0_dpo_2/v1DWHeouJYM-Scene-0056/depth.mp4,T2V_data/label/vidgen_filter_gemini_part_0_dpo_2/v1DWHeouJYM-Scene-0056/aug_entity_40.png
T2V_data/VIDGEN-1M_unzip/vCrawCrytS4-Scene-0059.mp4,"The video shows a person riding a dirt bike on a rocky trail. The rider is wearing a black jacket and a helmet. The bike is orange and black, and the rider is following another person on a similar bike. The trail is surrounded by rocks and shrubs, and the sky is blue with some clouds.",T2V_data/label/vidgen_filter_gemini_part_0_dpo_2/vCrawCrytS4-Scene-0059/depth.mp4,T2V_data/label/vidgen_filter_gemini_part_0_dpo_2/vCrawCrytS4-Scene-0059/aug_entity_40.png
T2V_data/VIDGEN-1M_unzip/vx0Z5s0uF2Y-Scene-0018.mp4,"The video shows a person's hands folding a piece of paper. The person folds the paper in half, then folds it again, and continues to fold it until it is a smaller size. The person's hands are visible throughout the video, and the background is a dark surface.",T2V_data/label/vidgen_filter_gemini_part_0_dpo_2/vx0Z5s0uF2Y-Scene-0018/depth.mp4,T2V_data/label/vidgen_filter_gemini_part_0_dpo_2/vx0Z5s0uF2Y-Scene-0018/aug_entity_60.png
T2V_data/VIDGEN-1M_unzip/vxtSHabTDPk-Scene-0057.mp4,"In the video, a man is seen standing in a body of water, holding a barbell with weights on it. He is wearing a white swimming goggle on his face and appears to be lifting the barbell. The water is clear and the man is standing in it up to his chest. The barbell has black weights on either end, and the man is holding it with both hands. The man is wearing a black swimsuit and appears to be exerting effort as he lifts the barbell.",T2V_data/label/vidgen_filter_gemini_part_0_dpo_2/vxtSHabTDPk-Scene-0057/depth.mp4,T2V_data/label/vidgen_filter_gemini_part_0_dpo_2/vxtSHabTDPk-Scene-0057/aug_entity_20.png
T2V_data/VIDGEN-1M_unzip/w8Vo7ZXyXkE-Scene-0047.mp4,The video shows a person's hands holding a bowl filled with green slime and a stick. They are pouring the green slime into a small cup that already has pink and blue slime in it. The background shows a pile of pink and blue wrapped candies.,T2V_data/label/vidgen_filter_gemini_part_0_dpo_2/w8Vo7ZXyXkE-Scene-0047/depth.mp4,T2V_data/label/vidgen_filter_gemini_part_0_dpo_2/w8Vo7ZXyXkE-Scene-0047/aug_entity_60.png
T2V_data/VIDGEN-1M_unzip/wCh7XFUryto-Scene-0118.mp4,"In the video, a baseball game is being played on a field. The batter hits the ball, and the ball is caught by the first baseman. The first baseman then throws the ball to the second baseman, who tags the runner out. The runner is wearing a red and white uniform, and the first baseman is wearing a gray and white uniform. The field is surrounded by a fence, and there are trees and buildings in the background.",T2V_data/label/vidgen_filter_gemini_part_0_dpo_2/wCh7XFUryto-Scene-0118/depth.mp4,T2V_data/label/vidgen_filter_gemini_part_0_dpo_2/wCh7XFUryto-Scene-0118/aug_entity_60.png
T2V_data/VIDGEN-1M_unzip/wPxTbNAoXRM-Scene-0084.mp4,"The video shows a person wearing black gloves working on a car's engine. The person is using a screwdriver to unscrew a bolt. The engine is open, and various components can be seen. The person's movements are deliberate and careful, indicating that they are experienced in working with engines. The video is shot from a close-up angle, focusing on the person's hands and the engine components. The lighting is bright, and the colors are clear, with the black gloves contrasting against the metallic parts of the engine.",T2V_data/label/vidgen_filter_gemini_part_0_dpo_2/wPxTbNAoXRM-Scene-0084/depth.mp4,T2V_data/label/vidgen_filter_gemini_part_0_dpo_2/wPxTbNAoXRM-Scene-0084/aug_entity_60.png
T2V_data/VIDGEN-1M_unzip/xqVGtHYxx4o-Scene-0030.mp4,"The video shows a city with tall buildings and pyramids in the background. The sky is filled with fire and smoke, and there are several explosions happening in the city. The buildings are made of stone and have domes on top. The pyramids are large and have a triangular shape. The fire and smoke are bright orange and red, and the explosions are large and bright.",T2V_data/label/vidgen_filter_gemini_part_0_dpo_2/xqVGtHYxx4o-Scene-0030/depth.mp4,T2V_data/label/vidgen_filter_gemini_part_0_dpo_2/xqVGtHYxx4o-Scene-0030/aug_entity_20.png
T2V_data/VIDGEN-1M_unzip/yU4CPn7pJk4-Scene-0012.mp4,"The video shows a close-up of a man's ear with a blue earbud in it. The man is using his finger to push the earbud into his ear. The earbud is small and oval-shaped, and the man's skin is light-colored. The background is blurred, but it appears to be a light-colored wall.",T2V_data/label/vidgen_filter_gemini_part_0_dpo_2/yU4CPn7pJk4-Scene-0012/depth.mp4,T2V_data/label/vidgen_filter_gemini_part_0_dpo_2/yU4CPn7pJk4-Scene-0012/aug_entity_60.png
T2V_data/VIDGEN-1M_unzip/zc3J4pSYJcs-Scene-0007.mp4,The video shows a person wearing black gloves cutting a piece of meat on a wooden cutting board. The meat is pink and has a lot of fat on it. The person uses a knife to cut the meat into smaller pieces.,T2V_data/label/vidgen_filter_gemini_part_0_dpo_2/zc3J4pSYJcs-Scene-0007/depth.mp4,T2V_data/label/vidgen_filter_gemini_part_0_dpo_2/zc3J4pSYJcs-Scene-0007/aug_entity_40.png
T2V_data/VIDGEN-1M_unzip/zukTNCxqMI8-Scene-0075.mp4,The video shows a rocket launching into the sky. The rocket is white and has a long trail of smoke coming out of it. The sky is blue with some clouds. The ground below is green with some water bodies.,T2V_data/label/vidgen_filter_gemini_part_0_dpo_2/zukTNCxqMI8-Scene-0075/depth.mp4,T2V_data/label/vidgen_filter_gemini_part_0_dpo_2/zukTNCxqMI8-Scene-0075/aug_entity_20.png
