video,prompt,vace_video,vace_reference_image
T2V_data/VIDGEN-1M_unzip/-1oVRfTvWOE-Scene-0072.mp4,The video shows a person riding a bicycle on a dirt trail. The camera focuses on the person's feet and the bike's wheels as they ride along the trail. The person is wearing black shorts and yellow shoes. The bike has black tires and a yellow frame. The trail is surrounded by grass and trees.,T2V_data/label/vidgen_filter_gemini_part_0_dpo_14/-1oVRfTvWOE-Scene-0072/depth.mp4,T2V_data/label/vidgen_filter_gemini_part_0_dpo_14/-1oVRfTvWOE-Scene-0072/entity_20.png
T2V_data/VIDGEN-1M_unzip/-1oVRfTvWOE-Scene-0072.mp4,The video shows a person riding a bicycle on a dirt trail. The camera focuses on the person's feet and the bike's wheels as they ride along the trail. The person is wearing black shorts and yellow shoes. The bike has black tires and a yellow frame. The trail is surrounded by grass and trees.,T2V_data/label/vidgen_filter_gemini_part_0_dpo_14/-1oVRfTvWOE-Scene-0072/entity_20.mp4,T2V_data/label/vidgen_filter_gemini_part_0_dpo_14/-1oVRfTvWOE-Scene-0072/entity_20.png
T2V_data/VIDGEN-1M_unzip/-L5B9QHVUTY-Scene-0044.mp4,"The video shows a man in a garage, standing underneath a car. He is wearing a black shirt and has a bald head. The car is lifted up by a yellow jack, and the man is pointing at the underside of the car. He is talking about the car's suspension system, specifically the shocks and springs. The man appears to be knowledgeable about the car's mechanics, as he is explaining the components in detail. The garage is well-lit, and there are various tools and equipment visible in the background. The man's gestures and facial expressions suggest that he is passionate about cars and is likely sharing his expertise with others.",T2V_data/label/vidgen_filter_gemini_part_0_dpo_14/-L5B9QHVUTY-Scene-0044/depth.mp4,T2V_data/label/vidgen_filter_gemini_part_0_dpo_14/-L5B9QHVUTY-Scene-0044/entity_60.png
T2V_data/VIDGEN-1M_unzip/-L5B9QHVUTY-Scene-0044.mp4,"The video shows a man in a garage, standing underneath a car. He is wearing a black shirt and has a bald head. The car is lifted up by a yellow jack, and the man is pointing at the underside of the car. He is talking about the car's suspension system, specifically the shocks and springs. The man appears to be knowledgeable about the car's mechanics, as he is explaining the components in detail. The garage is well-lit, and there are various tools and equipment visible in the background. The man's gestures and facial expressions suggest that he is passionate about cars and is likely sharing his expertise with others.",T2V_data/label/vidgen_filter_gemini_part_0_dpo_14/-L5B9QHVUTY-Scene-0044/entity_60.mp4,T2V_data/label/vidgen_filter_gemini_part_0_dpo_14/-L5B9QHVUTY-Scene-0044/entity_60.png
T2V_data/VIDGEN-1M_unzip/-_OQRy2LfKc-Scene-0132.mp4,"In the video, we see a person's hand reaching for a cardboard box that is sitting on a table. The box has a yellow and black caution tape attached to it, indicating that it is heavy. The person then proceeds to open the box, revealing its contents.",T2V_data/label/vidgen_filter_gemini_part_0_dpo_14/-_OQRy2LfKc-Scene-0132/depth.mp4,T2V_data/label/vidgen_filter_gemini_part_0_dpo_14/-_OQRy2LfKc-Scene-0132/entity_40.png
T2V_data/VIDGEN-1M_unzip/-_OQRy2LfKc-Scene-0132.mp4,"In the video, we see a person's hand reaching for a cardboard box that is sitting on a table. The box has a yellow and black caution tape attached to it, indicating that it is heavy. The person then proceeds to open the box, revealing its contents.",T2V_data/label/vidgen_filter_gemini_part_0_dpo_14/-_OQRy2LfKc-Scene-0132/entity_40.mp4,T2V_data/label/vidgen_filter_gemini_part_0_dpo_14/-_OQRy2LfKc-Scene-0132/entity_40.png
T2V_data/VIDGEN-1M_unzip/0MzAo0vX3zI-Scene-0018.mp4,"The video shows a person's hands using scissors to trim a patch of green moss. The moss is located in a small pot, and the person is carefully cutting the excess growth to maintain its shape. The scissors are silver and appear to be sharp, as they cut through the moss with ease. The person's hands are steady, and they seem to have experience with trimming plants. The background is blurred, but it appears to be a garden or outdoor setting.",T2V_data/label/vidgen_filter_gemini_part_0_dpo_14/0MzAo0vX3zI-Scene-0018/depth.mp4,T2V_data/label/vidgen_filter_gemini_part_0_dpo_14/0MzAo0vX3zI-Scene-0018/entity_40.png
T2V_data/VIDGEN-1M_unzip/0MzAo0vX3zI-Scene-0018.mp4,"The video shows a person's hands using scissors to trim a patch of green moss. The moss is located in a small pot, and the person is carefully cutting the excess growth to maintain its shape. The scissors are silver and appear to be sharp, as they cut through the moss with ease. The person's hands are steady, and they seem to have experience with trimming plants. The background is blurred, but it appears to be a garden or outdoor setting.",T2V_data/label/vidgen_filter_gemini_part_0_dpo_14/0MzAo0vX3zI-Scene-0018/entity_40.mp4,T2V_data/label/vidgen_filter_gemini_part_0_dpo_14/0MzAo0vX3zI-Scene-0018/entity_40.png
T2V_data/VIDGEN-1M_unzip/0MzAo0vX3zI-Scene-0018.mp4,"The video shows a person's hands using scissors to trim a patch of green moss. The moss is located in a small pot, and the person is carefully cutting the excess growth to maintain its shape. The scissors are silver and appear to be sharp, as they cut through the moss with ease. The person's hands are steady, and they seem to have experience with trimming plants. The background is blurred, but it appears to be a garden or outdoor setting.",T2V_data/label/vidgen_filter_gemini_part_0_dpo_14/0MzAo0vX3zI-Scene-0018/depth.mp4,T2V_data/label/vidgen_filter_gemini_part_0_dpo_14/0MzAo0vX3zI-Scene-0018/entity_60.png
T2V_data/VIDGEN-1M_unzip/0MzAo0vX3zI-Scene-0018.mp4,"The video shows a person's hands using scissors to trim a patch of green moss. The moss is located in a small pot, and the person is carefully cutting the excess growth to maintain its shape. The scissors are silver and appear to be sharp, as they cut through the moss with ease. The person's hands are steady, and they seem to have experience with trimming plants. The background is blurred, but it appears to be a garden or outdoor setting.",T2V_data/label/vidgen_filter_gemini_part_0_dpo_14/0MzAo0vX3zI-Scene-0018/entity_60.mp4,T2V_data/label/vidgen_filter_gemini_part_0_dpo_14/0MzAo0vX3zI-Scene-0018/entity_60.png
T2V_data/VIDGEN-1M_unzip/0Pb7ldVQwE4-Scene-0040.mp4,"The video shows a soccer game being played on a field with players in different colored jerseys. The players are seen running, kicking the ball, and interacting with each other. The field is marked with white lines, and there is a goalpost at each end. The players are wearing cleats, and the ball is white with black spots. The crowd can be seen in the background, cheering and watching the game.",T2V_data/label/vidgen_filter_gemini_part_0_dpo_14/0Pb7ldVQwE4-Scene-0040/depth.mp4,T2V_data/label/vidgen_filter_gemini_part_0_dpo_14/0Pb7ldVQwE4-Scene-0040/entity_40.png
T2V_data/VIDGEN-1M_unzip/0Pb7ldVQwE4-Scene-0040.mp4,"The video shows a soccer game being played on a field with players in different colored jerseys. The players are seen running, kicking the ball, and interacting with each other. The field is marked with white lines, and there is a goalpost at each end. The players are wearing cleats, and the ball is white with black spots. The crowd can be seen in the background, cheering and watching the game.",T2V_data/label/vidgen_filter_gemini_part_0_dpo_14/0Pb7ldVQwE4-Scene-0040/entity_40.mp4,T2V_data/label/vidgen_filter_gemini_part_0_dpo_14/0Pb7ldVQwE4-Scene-0040/entity_40.png
T2V_data/VIDGEN-1M_unzip/0hTPMs6i3sA-Scene-0005.mp4,The video shows a group of people running through a muddy area. They are wearing yellow shirts and black shorts. The area is surrounded by trees and there is a small stream of water running through it. The people are jumping into the water and splashing around.,T2V_data/label/vidgen_filter_gemini_part_0_dpo_14/0hTPMs6i3sA-Scene-0005/depth.mp4,T2V_data/label/vidgen_filter_gemini_part_0_dpo_14/0hTPMs6i3sA-Scene-0005/entity_20.png
T2V_data/VIDGEN-1M_unzip/0hTPMs6i3sA-Scene-0005.mp4,The video shows a group of people running through a muddy area. They are wearing yellow shirts and black shorts. The area is surrounded by trees and there is a small stream of water running through it. The people are jumping into the water and splashing around.,T2V_data/label/vidgen_filter_gemini_part_0_dpo_14/0hTPMs6i3sA-Scene-0005/entity_20.mp4,T2V_data/label/vidgen_filter_gemini_part_0_dpo_14/0hTPMs6i3sA-Scene-0005/entity_20.png
T2V_data/VIDGEN-1M_unzip/13TPA4ShmLM-Scene-0076.mp4,"In the video, a person is seen holding a fishing rod over a body of water. The person is wearing a black glove on their right hand and is using a black handle to control the fishing rod. The fishing rod is silver in color and has a black handle. The person is seen moving the handle up and down, indicating that they are trying to reel in a fish. The water is calm and there are trees visible in the background.",T2V_data/label/vidgen_filter_gemini_part_0_dpo_14/13TPA4ShmLM-Scene-0076/depth.mp4,T2V_data/label/vidgen_filter_gemini_part_0_dpo_14/13TPA4ShmLM-Scene-0076/entity_40.png
T2V_data/VIDGEN-1M_unzip/13TPA4ShmLM-Scene-0076.mp4,"In the video, a person is seen holding a fishing rod over a body of water. The person is wearing a black glove on their right hand and is using a black handle to control the fishing rod. The fishing rod is silver in color and has a black handle. The person is seen moving the handle up and down, indicating that they are trying to reel in a fish. The water is calm and there are trees visible in the background.",T2V_data/label/vidgen_filter_gemini_part_0_dpo_14/13TPA4ShmLM-Scene-0076/entity_40.mp4,T2V_data/label/vidgen_filter_gemini_part_0_dpo_14/13TPA4ShmLM-Scene-0076/entity_40.png
T2V_data/VIDGEN-1M_unzip/1951tO2szMI-Scene-0008.mp4,"The video shows a bull rider in a blue outfit riding a bull in a dirt arena. The bull is bucking wildly, and the rider is holding on for dear life. The rider is eventually thrown off the bull and lands on the ground. The bull continues to buck around the arena, and the rider is seen lying on the ground, seemingly injured. The video captures the intensity and danger of bull riding, as well as the risks involved for the rider.",T2V_data/label/vidgen_filter_gemini_part_0_dpo_14/1951tO2szMI-Scene-0008/depth.mp4,T2V_data/label/vidgen_filter_gemini_part_0_dpo_14/1951tO2szMI-Scene-0008/entity_40.png
T2V_data/VIDGEN-1M_unzip/1951tO2szMI-Scene-0008.mp4,"The video shows a bull rider in a blue outfit riding a bull in a dirt arena. The bull is bucking wildly, and the rider is holding on for dear life. The rider is eventually thrown off the bull and lands on the ground. The bull continues to buck around the arena, and the rider is seen lying on the ground, seemingly injured. The video captures the intensity and danger of bull riding, as well as the risks involved for the rider.",T2V_data/label/vidgen_filter_gemini_part_0_dpo_14/1951tO2szMI-Scene-0008/entity_40.mp4,T2V_data/label/vidgen_filter_gemini_part_0_dpo_14/1951tO2szMI-Scene-0008/entity_40.png
T2V_data/VIDGEN-1M_unzip/19dQY5j7y4U-Scene-0011.mp4,"The video shows a man skateboarding in a concrete area with ramps. He is wearing black clothes and a white cap. He performs a trick on the skateboard and then rides down a ramp. The video is shot from a low angle, capturing the skateboarder's movements and the surrounding environment.",T2V_data/label/vidgen_filter_gemini_part_0_dpo_14/19dQY5j7y4U-Scene-0011/depth.mp4,T2V_data/label/vidgen_filter_gemini_part_0_dpo_14/19dQY5j7y4U-Scene-0011/entity_40.png
T2V_data/VIDGEN-1M_unzip/19dQY5j7y4U-Scene-0011.mp4,"The video shows a man skateboarding in a concrete area with ramps. He is wearing black clothes and a white cap. He performs a trick on the skateboard and then rides down a ramp. The video is shot from a low angle, capturing the skateboarder's movements and the surrounding environment.",T2V_data/label/vidgen_filter_gemini_part_0_dpo_14/19dQY5j7y4U-Scene-0011/entity_40.mp4,T2V_data/label/vidgen_filter_gemini_part_0_dpo_14/19dQY5j7y4U-Scene-0011/entity_40.png
T2V_data/VIDGEN-1M_unzip/1AfAPn4rPLU-Scene-0110.mp4,"In the video, a person is seen holding a small, clear plastic container filled with a pink substance. The person is using a wooden stick to stir the substance inside the container. In the background, there is a toy with pink hair and a blue top. The person's nails are painted with blue and green polish.",T2V_data/label/vidgen_filter_gemini_part_0_dpo_14/1AfAPn4rPLU-Scene-0110/depth.mp4,T2V_data/label/vidgen_filter_gemini_part_0_dpo_14/1AfAPn4rPLU-Scene-0110/entity_40.png
T2V_data/VIDGEN-1M_unzip/1AfAPn4rPLU-Scene-0110.mp4,"In the video, a person is seen holding a small, clear plastic container filled with a pink substance. The person is using a wooden stick to stir the substance inside the container. In the background, there is a toy with pink hair and a blue top. The person's nails are painted with blue and green polish.",T2V_data/label/vidgen_filter_gemini_part_0_dpo_14/1AfAPn4rPLU-Scene-0110/entity_40.mp4,T2V_data/label/vidgen_filter_gemini_part_0_dpo_14/1AfAPn4rPLU-Scene-0110/entity_40.png
T2V_data/VIDGEN-1M_unzip/1FQS-eVf31Y-Scene-0421.mp4,The video shows two mountain goats fighting on a rocky hillside. The goats are seen butting heads and pushing against each other. The surrounding area is rocky with patches of grass. The goats are brown and white in color. The video is shot during the daytime.,T2V_data/label/vidgen_filter_gemini_part_0_dpo_14/1FQS-eVf31Y-Scene-0421/depth.mp4,T2V_data/label/vidgen_filter_gemini_part_0_dpo_14/1FQS-eVf31Y-Scene-0421/entity_20.png
T2V_data/VIDGEN-1M_unzip/1FQS-eVf31Y-Scene-0421.mp4,The video shows two mountain goats fighting on a rocky hillside. The goats are seen butting heads and pushing against each other. The surrounding area is rocky with patches of grass. The goats are brown and white in color. The video is shot during the daytime.,T2V_data/label/vidgen_filter_gemini_part_0_dpo_14/1FQS-eVf31Y-Scene-0421/entity_20.mp4,T2V_data/label/vidgen_filter_gemini_part_0_dpo_14/1FQS-eVf31Y-Scene-0421/entity_20.png
T2V_data/VIDGEN-1M_unzip/1YZ__r9hPqs-Scene-0081.mp4,"The video shows a person wearing gloves cutting a piece of food in a plastic bag on a metal table. The person uses a knife to cut the food into smaller pieces. The person's hands are visible, and they are wearing gloves. The food appears to be a white, solid substance. The person cuts the food into smaller pieces, and the pieces are then placed on the metal table. The person's movements are deliberate and careful as they cut the food. The lighting in the video is bright, and the colors are clear. The person's hands and the knife are the main focus of the video.",T2V_data/label/vidgen_filter_gemini_part_0_dpo_14/1YZ__r9hPqs-Scene-0081/depth.mp4,T2V_data/label/vidgen_filter_gemini_part_0_dpo_14/1YZ__r9hPqs-Scene-0081/entity_20.png
T2V_data/VIDGEN-1M_unzip/1YZ__r9hPqs-Scene-0081.mp4,"The video shows a person wearing gloves cutting a piece of food in a plastic bag on a metal table. The person uses a knife to cut the food into smaller pieces. The person's hands are visible, and they are wearing gloves. The food appears to be a white, solid substance. The person cuts the food into smaller pieces, and the pieces are then placed on the metal table. The person's movements are deliberate and careful as they cut the food. The lighting in the video is bright, and the colors are clear. The person's hands and the knife are the main focus of the video.",T2V_data/label/vidgen_filter_gemini_part_0_dpo_14/1YZ__r9hPqs-Scene-0081/entity_20.mp4,T2V_data/label/vidgen_filter_gemini_part_0_dpo_14/1YZ__r9hPqs-Scene-0081/entity_20.png
T2V_data/VIDGEN-1M_unzip/1aGLPlEYrVc-Scene-0025.mp4,"In the video, a person is seen holding a flower in their hand. The person is carefully removing the petals from the flower, leaving only the stem and the center. The background of the video shows a garden with other flowers and plants. The person's hands are visible, and they are using their fingers to remove the petals. The flower being removed has yellow petals, and the center is green. The person's movements are deliberate and precise as they work to remove the petals without damaging the stem or the center of the flower.",T2V_data/label/vidgen_filter_gemini_part_0_dpo_14/1aGLPlEYrVc-Scene-0025/depth.mp4,T2V_data/label/vidgen_filter_gemini_part_0_dpo_14/1aGLPlEYrVc-Scene-0025/entity_60.png
T2V_data/VIDGEN-1M_unzip/1aGLPlEYrVc-Scene-0025.mp4,"In the video, a person is seen holding a flower in their hand. The person is carefully removing the petals from the flower, leaving only the stem and the center. The background of the video shows a garden with other flowers and plants. The person's hands are visible, and they are using their fingers to remove the petals. The flower being removed has yellow petals, and the center is green. The person's movements are deliberate and precise as they work to remove the petals without damaging the stem or the center of the flower.",T2V_data/label/vidgen_filter_gemini_part_0_dpo_14/1aGLPlEYrVc-Scene-0025/entity_60.mp4,T2V_data/label/vidgen_filter_gemini_part_0_dpo_14/1aGLPlEYrVc-Scene-0025/entity_60.png
T2V_data/VIDGEN-1M_unzip/1ecB7xaHkeE-Scene-0006.mp4,"The video shows a person's hands holding a small electronic device with a black plastic cover. The person is using a pair of scissors to cut open the plastic cover. The device appears to be a small circuit board with a red wire attached to it. The person's hands are steady as they carefully cut through the plastic cover. The background is a wooden surface, and there is a green circuit board with wires attached to it in the background.",T2V_data/label/vidgen_filter_gemini_part_0_dpo_14/1ecB7xaHkeE-Scene-0006/depth.mp4,T2V_data/label/vidgen_filter_gemini_part_0_dpo_14/1ecB7xaHkeE-Scene-0006/entity_40.png
T2V_data/VIDGEN-1M_unzip/1ecB7xaHkeE-Scene-0006.mp4,"The video shows a person's hands holding a small electronic device with a black plastic cover. The person is using a pair of scissors to cut open the plastic cover. The device appears to be a small circuit board with a red wire attached to it. The person's hands are steady as they carefully cut through the plastic cover. The background is a wooden surface, and there is a green circuit board with wires attached to it in the background.",T2V_data/label/vidgen_filter_gemini_part_0_dpo_14/1ecB7xaHkeE-Scene-0006/entity_40.mp4,T2V_data/label/vidgen_filter_gemini_part_0_dpo_14/1ecB7xaHkeE-Scene-0006/entity_40.png
T2V_data/VIDGEN-1M_unzip/1ecB7xaHkeE-Scene-0006.mp4,"The video shows a person's hands holding a small electronic device with a black plastic cover. The person is using a pair of scissors to cut open the plastic cover. The device appears to be a small circuit board with a red wire attached to it. The person's hands are steady as they carefully cut through the plastic cover. The background is a wooden surface, and there is a green circuit board with wires attached to it in the background.",T2V_data/label/vidgen_filter_gemini_part_0_dpo_14/1ecB7xaHkeE-Scene-0006/depth.mp4,T2V_data/label/vidgen_filter_gemini_part_0_dpo_14/1ecB7xaHkeE-Scene-0006/entity_60.png
T2V_data/VIDGEN-1M_unzip/1ecB7xaHkeE-Scene-0006.mp4,"The video shows a person's hands holding a small electronic device with a black plastic cover. The person is using a pair of scissors to cut open the plastic cover. The device appears to be a small circuit board with a red wire attached to it. The person's hands are steady as they carefully cut through the plastic cover. The background is a wooden surface, and there is a green circuit board with wires attached to it in the background.",T2V_data/label/vidgen_filter_gemini_part_0_dpo_14/1ecB7xaHkeE-Scene-0006/entity_60.mp4,T2V_data/label/vidgen_filter_gemini_part_0_dpo_14/1ecB7xaHkeE-Scene-0006/entity_60.png
T2V_data/VIDGEN-1M_unzip/1feybxNChU0-Scene-0027.mp4,"The video features a clear plastic bottle filled with a yellow liquid and a green liquid. The green liquid is at the bottom of the bottle, and as the video progresses, the yellow liquid is poured into the bottle, causing the green liquid to rise and create a layered effect. The person pouring the liquid is wearing a white shirt and is standing in front of a black table. The background is blurred, but there are other bottles and containers visible.",T2V_data/label/vidgen_filter_gemini_part_0_dpo_14/1feybxNChU0-Scene-0027/depth.mp4,T2V_data/label/vidgen_filter_gemini_part_0_dpo_14/1feybxNChU0-Scene-0027/entity_60.png
T2V_data/VIDGEN-1M_unzip/1feybxNChU0-Scene-0027.mp4,"The video features a clear plastic bottle filled with a yellow liquid and a green liquid. The green liquid is at the bottom of the bottle, and as the video progresses, the yellow liquid is poured into the bottle, causing the green liquid to rise and create a layered effect. The person pouring the liquid is wearing a white shirt and is standing in front of a black table. The background is blurred, but there are other bottles and containers visible.",T2V_data/label/vidgen_filter_gemini_part_0_dpo_14/1feybxNChU0-Scene-0027/entity_60.mp4,T2V_data/label/vidgen_filter_gemini_part_0_dpo_14/1feybxNChU0-Scene-0027/entity_60.png
T2V_data/VIDGEN-1M_unzip/1ncwvJdFx5Q-Scene-0045.mp4,"In the video, a group of people are playing a game of hockey on a frozen lake. The players are using hockey sticks to hit a puck around. One of the players falls down on the ice, but quickly gets back up and continues playing. The surrounding landscape is covered in snow, and there are trees and mountains visible in the background. The players are wearing winter clothing, including jackets and hats, to stay warm in the cold weather. The game seems to be in full swing, with players actively moving around the ice and trying to score goals.",T2V_data/label/vidgen_filter_gemini_part_0_dpo_14/1ncwvJdFx5Q-Scene-0045/depth.mp4,T2V_data/label/vidgen_filter_gemini_part_0_dpo_14/1ncwvJdFx5Q-Scene-0045/entity_20.png
T2V_data/VIDGEN-1M_unzip/1ncwvJdFx5Q-Scene-0045.mp4,"In the video, a group of people are playing a game of hockey on a frozen lake. The players are using hockey sticks to hit a puck around. One of the players falls down on the ice, but quickly gets back up and continues playing. The surrounding landscape is covered in snow, and there are trees and mountains visible in the background. The players are wearing winter clothing, including jackets and hats, to stay warm in the cold weather. The game seems to be in full swing, with players actively moving around the ice and trying to score goals.",T2V_data/label/vidgen_filter_gemini_part_0_dpo_14/1ncwvJdFx5Q-Scene-0045/entity_20.mp4,T2V_data/label/vidgen_filter_gemini_part_0_dpo_14/1ncwvJdFx5Q-Scene-0045/entity_20.png
T2V_data/VIDGEN-1M_unzip/1qA6C_4c8a4-Scene-0004.mp4,"In the video, a person is seen holding a worm in front of a bearded dragon. The bearded dragon is sitting on a blue towel and is looking at the worm. The person then places the worm on the towel in front of the bearded dragon. The bearded dragon then eats the worm. The video is shot in close-up and the focus is on the bearded dragon and the worm. The colors in the video are vibrant, with the bearded dragon's yellow and orange scales contrasting against the blue towel. The worm is brown and slimy. The video is shot in slow motion, allowing for a detailed view of the bearded dragon's movements as it eats the worm.",T2V_data/label/vidgen_filter_gemini_part_0_dpo_14/1qA6C_4c8a4-Scene-0004/depth.mp4,T2V_data/label/vidgen_filter_gemini_part_0_dpo_14/1qA6C_4c8a4-Scene-0004/entity_20.png
T2V_data/VIDGEN-1M_unzip/1qA6C_4c8a4-Scene-0004.mp4,"In the video, a person is seen holding a worm in front of a bearded dragon. The bearded dragon is sitting on a blue towel and is looking at the worm. The person then places the worm on the towel in front of the bearded dragon. The bearded dragon then eats the worm. The video is shot in close-up and the focus is on the bearded dragon and the worm. The colors in the video are vibrant, with the bearded dragon's yellow and orange scales contrasting against the blue towel. The worm is brown and slimy. The video is shot in slow motion, allowing for a detailed view of the bearded dragon's movements as it eats the worm.",T2V_data/label/vidgen_filter_gemini_part_0_dpo_14/1qA6C_4c8a4-Scene-0004/entity_20.mp4,T2V_data/label/vidgen_filter_gemini_part_0_dpo_14/1qA6C_4c8a4-Scene-0004/entity_20.png
T2V_data/VIDGEN-1M_unzip/1vvynB0etTE-Scene-0029.mp4,"In this video, a person is seen holding a small, yellow, gemstone-like object in their hands. The object is being wrapped with a thin, gold-colored wire. The person's hands are steady as they carefully wrap the wire around the object, creating a secure and intricate pattern. The background is a solid pink color, providing a contrasting backdrop to the yellow object and gold wire. The person's movements are precise and deliberate, indicating a level of skill and attention to detail in their craft. The video does not contain any spoken words or additional objects, focusing solely on the wrapping process.",T2V_data/label/vidgen_filter_gemini_part_0_dpo_14/1vvynB0etTE-Scene-0029/depth.mp4,T2V_data/label/vidgen_filter_gemini_part_0_dpo_14/1vvynB0etTE-Scene-0029/entity_40.png
T2V_data/VIDGEN-1M_unzip/1vvynB0etTE-Scene-0029.mp4,"In this video, a person is seen holding a small, yellow, gemstone-like object in their hands. The object is being wrapped with a thin, gold-colored wire. The person's hands are steady as they carefully wrap the wire around the object, creating a secure and intricate pattern. The background is a solid pink color, providing a contrasting backdrop to the yellow object and gold wire. The person's movements are precise and deliberate, indicating a level of skill and attention to detail in their craft. The video does not contain any spoken words or additional objects, focusing solely on the wrapping process.",T2V_data/label/vidgen_filter_gemini_part_0_dpo_14/1vvynB0etTE-Scene-0029/entity_40.mp4,T2V_data/label/vidgen_filter_gemini_part_0_dpo_14/1vvynB0etTE-Scene-0029/entity_40.png
T2V_data/VIDGEN-1M_unzip/1xgYhT6ZcmQ-Scene-0041.mp4,"In the video, a person is seen holding a piece of purple slime in their hands. The slime is stretchy and malleable, and the person is stretching it out to show its elasticity. The slime appears to be made of a thick, gooey substance and has a shiny, smooth surface. The person's hands are visible in the frame, and they are manipulating the slime with their fingers. The background is not visible, focusing the viewer's attention solely on the slime and the person's hands.",T2V_data/label/vidgen_filter_gemini_part_0_dpo_14/1xgYhT6ZcmQ-Scene-0041/depth.mp4,T2V_data/label/vidgen_filter_gemini_part_0_dpo_14/1xgYhT6ZcmQ-Scene-0041/entity_20.png
T2V_data/VIDGEN-1M_unzip/1xgYhT6ZcmQ-Scene-0041.mp4,"In the video, a person is seen holding a piece of purple slime in their hands. The slime is stretchy and malleable, and the person is stretching it out to show its elasticity. The slime appears to be made of a thick, gooey substance and has a shiny, smooth surface. The person's hands are visible in the frame, and they are manipulating the slime with their fingers. The background is not visible, focusing the viewer's attention solely on the slime and the person's hands.",T2V_data/label/vidgen_filter_gemini_part_0_dpo_14/1xgYhT6ZcmQ-Scene-0041/entity_20.mp4,T2V_data/label/vidgen_filter_gemini_part_0_dpo_14/1xgYhT6ZcmQ-Scene-0041/entity_20.png
T2V_data/VIDGEN-1M_unzip/26W9Tc4XQNc-Scene-0195.mp4,"The video shows a person cooking food in a pot over an open fire. The person is using a wooden spoon to stir the contents of the pot, which appears to be a stew or soup. The pot is hanging over the fire, and the person is actively stirring the contents. The fire is visible underneath the pot, and the person is standing next to it. The surroundings are not clearly visible, but it appears to be an outdoor setting.",T2V_data/label/vidgen_filter_gemini_part_0_dpo_14/26W9Tc4XQNc-Scene-0195/depth.mp4,T2V_data/label/vidgen_filter_gemini_part_0_dpo_14/26W9Tc4XQNc-Scene-0195/entity_20.png
T2V_data/VIDGEN-1M_unzip/26W9Tc4XQNc-Scene-0195.mp4,"The video shows a person cooking food in a pot over an open fire. The person is using a wooden spoon to stir the contents of the pot, which appears to be a stew or soup. The pot is hanging over the fire, and the person is actively stirring the contents. The fire is visible underneath the pot, and the person is standing next to it. The surroundings are not clearly visible, but it appears to be an outdoor setting.",T2V_data/label/vidgen_filter_gemini_part_0_dpo_14/26W9Tc4XQNc-Scene-0195/entity_20.mp4,T2V_data/label/vidgen_filter_gemini_part_0_dpo_14/26W9Tc4XQNc-Scene-0195/entity_20.png
T2V_data/VIDGEN-1M_unzip/2a-E7bVASBg-Scene-2201.mp4,"The video shows a close-up of a spoon scooping up a pile of small, round, orange-colored caviar. The spoon is lifted, and the caviar slowly drips back into the container. The background is blurred, but it appears to be a kitchen setting. The focus is on the shiny, glistening caviar as it falls back into the container.",T2V_data/label/vidgen_filter_gemini_part_0_dpo_14/2a-E7bVASBg-Scene-2201/depth.mp4,T2V_data/label/vidgen_filter_gemini_part_0_dpo_14/2a-E7bVASBg-Scene-2201/entity_20.png
T2V_data/VIDGEN-1M_unzip/2a-E7bVASBg-Scene-2201.mp4,"The video shows a close-up of a spoon scooping up a pile of small, round, orange-colored caviar. The spoon is lifted, and the caviar slowly drips back into the container. The background is blurred, but it appears to be a kitchen setting. The focus is on the shiny, glistening caviar as it falls back into the container.",T2V_data/label/vidgen_filter_gemini_part_0_dpo_14/2a-E7bVASBg-Scene-2201/entity_20.mp4,T2V_data/label/vidgen_filter_gemini_part_0_dpo_14/2a-E7bVASBg-Scene-2201/entity_20.png
T2V_data/VIDGEN-1M_unzip/2a-E7bVASBg-Scene-2201.mp4,"The video shows a close-up of a spoon scooping up a pile of small, round, orange-colored caviar. The spoon is lifted, and the caviar slowly drips back into the container. The background is blurred, but it appears to be a kitchen setting. The focus is on the shiny, glistening caviar as it falls back into the container.",T2V_data/label/vidgen_filter_gemini_part_0_dpo_14/2a-E7bVASBg-Scene-2201/depth.mp4,T2V_data/label/vidgen_filter_gemini_part_0_dpo_14/2a-E7bVASBg-Scene-2201/entity_40.png
T2V_data/VIDGEN-1M_unzip/2a-E7bVASBg-Scene-2201.mp4,"The video shows a close-up of a spoon scooping up a pile of small, round, orange-colored caviar. The spoon is lifted, and the caviar slowly drips back into the container. The background is blurred, but it appears to be a kitchen setting. The focus is on the shiny, glistening caviar as it falls back into the container.",T2V_data/label/vidgen_filter_gemini_part_0_dpo_14/2a-E7bVASBg-Scene-2201/entity_40.mp4,T2V_data/label/vidgen_filter_gemini_part_0_dpo_14/2a-E7bVASBg-Scene-2201/entity_40.png
T2V_data/VIDGEN-1M_unzip/2a-E7bVASBg-Scene-2201.mp4,"The video shows a close-up of a spoon scooping up a pile of small, round, orange-colored caviar. The spoon is lifted, and the caviar slowly drips back into the container. The background is blurred, but it appears to be a kitchen setting. The focus is on the shiny, glistening caviar as it falls back into the container.",T2V_data/label/vidgen_filter_gemini_part_0_dpo_14/2a-E7bVASBg-Scene-2201/depth.mp4,T2V_data/label/vidgen_filter_gemini_part_0_dpo_14/2a-E7bVASBg-Scene-2201/entity_60.png
T2V_data/VIDGEN-1M_unzip/2a-E7bVASBg-Scene-2201.mp4,"The video shows a close-up of a spoon scooping up a pile of small, round, orange-colored caviar. The spoon is lifted, and the caviar slowly drips back into the container. The background is blurred, but it appears to be a kitchen setting. The focus is on the shiny, glistening caviar as it falls back into the container.",T2V_data/label/vidgen_filter_gemini_part_0_dpo_14/2a-E7bVASBg-Scene-2201/entity_60.mp4,T2V_data/label/vidgen_filter_gemini_part_0_dpo_14/2a-E7bVASBg-Scene-2201/entity_60.png
T2V_data/VIDGEN-1M_unzip/3EjqHxLtwSQ-Scene-0061.mp4,The video shows a fighter jet flying in the sky. The jet is grey in color and has a pointed nose and two wings. The sky is blue with white clouds. The jet is flying from left to right in the frame.,T2V_data/label/vidgen_filter_gemini_part_0_dpo_14/3EjqHxLtwSQ-Scene-0061/depth.mp4,T2V_data/label/vidgen_filter_gemini_part_0_dpo_14/3EjqHxLtwSQ-Scene-0061/entity_20.png
T2V_data/VIDGEN-1M_unzip/3EjqHxLtwSQ-Scene-0061.mp4,The video shows a fighter jet flying in the sky. The jet is grey in color and has a pointed nose and two wings. The sky is blue with white clouds. The jet is flying from left to right in the frame.,T2V_data/label/vidgen_filter_gemini_part_0_dpo_14/3EjqHxLtwSQ-Scene-0061/entity_20.mp4,T2V_data/label/vidgen_filter_gemini_part_0_dpo_14/3EjqHxLtwSQ-Scene-0061/entity_20.png
T2V_data/VIDGEN-1M_unzip/3GzZo1Fm4gw-Scene-0021.mp4,"In the video, a person is seen holding a white egg in their left hand and a knife in their right hand. The person is using the knife to cut the egg in half. The background is blurry, but it appears to be a kitchen setting. The person's movements are precise and careful as they slice through the egg. The egg is white and appears to be hard-boiled. The knife is silver and has a sharp blade. The person's hand is steady as they hold the egg and knife. The video ends with the egg being cut in half, revealing the yolk inside.",T2V_data/label/vidgen_filter_gemini_part_0_dpo_14/3GzZo1Fm4gw-Scene-0021/depth.mp4,T2V_data/label/vidgen_filter_gemini_part_0_dpo_14/3GzZo1Fm4gw-Scene-0021/entity_40.png
T2V_data/VIDGEN-1M_unzip/3GzZo1Fm4gw-Scene-0021.mp4,"In the video, a person is seen holding a white egg in their left hand and a knife in their right hand. The person is using the knife to cut the egg in half. The background is blurry, but it appears to be a kitchen setting. The person's movements are precise and careful as they slice through the egg. The egg is white and appears to be hard-boiled. The knife is silver and has a sharp blade. The person's hand is steady as they hold the egg and knife. The video ends with the egg being cut in half, revealing the yolk inside.",T2V_data/label/vidgen_filter_gemini_part_0_dpo_14/3GzZo1Fm4gw-Scene-0021/entity_40.mp4,T2V_data/label/vidgen_filter_gemini_part_0_dpo_14/3GzZo1Fm4gw-Scene-0021/entity_40.png
T2V_data/VIDGEN-1M_unzip/3RofRaoY9BI-Scene-0046.mp4,"The video shows a man wearing a black helmet and blue jacket, holding a gun and aiming it at a target. The man is standing in a field with trees in the background. He fires several shots at the target, which is a large piece of metal with a hole in the center. The man then lowers his gun and turns around to look at the target. The video is shot in slow motion, emphasizing the man's movements and the sound of the gunfire.",T2V_data/label/vidgen_filter_gemini_part_0_dpo_14/3RofRaoY9BI-Scene-0046/depth.mp4,T2V_data/label/vidgen_filter_gemini_part_0_dpo_14/3RofRaoY9BI-Scene-0046/entity_20.png
T2V_data/VIDGEN-1M_unzip/3RofRaoY9BI-Scene-0046.mp4,"The video shows a man wearing a black helmet and blue jacket, holding a gun and aiming it at a target. The man is standing in a field with trees in the background. He fires several shots at the target, which is a large piece of metal with a hole in the center. The man then lowers his gun and turns around to look at the target. The video is shot in slow motion, emphasizing the man's movements and the sound of the gunfire.",T2V_data/label/vidgen_filter_gemini_part_0_dpo_14/3RofRaoY9BI-Scene-0046/entity_20.mp4,T2V_data/label/vidgen_filter_gemini_part_0_dpo_14/3RofRaoY9BI-Scene-0046/entity_20.png
T2V_data/VIDGEN-1M_unzip/3RofRaoY9BI-Scene-0046.mp4,"The video shows a man wearing a black helmet and blue jacket, holding a gun and aiming it at a target. The man is standing in a field with trees in the background. He fires several shots at the target, which is a large piece of metal with a hole in the center. The man then lowers his gun and turns around to look at the target. The video is shot in slow motion, emphasizing the man's movements and the sound of the gunfire.",T2V_data/label/vidgen_filter_gemini_part_0_dpo_14/3RofRaoY9BI-Scene-0046/depth.mp4,T2V_data/label/vidgen_filter_gemini_part_0_dpo_14/3RofRaoY9BI-Scene-0046/entity_40.png
T2V_data/VIDGEN-1M_unzip/3RofRaoY9BI-Scene-0046.mp4,"The video shows a man wearing a black helmet and blue jacket, holding a gun and aiming it at a target. The man is standing in a field with trees in the background. He fires several shots at the target, which is a large piece of metal with a hole in the center. The man then lowers his gun and turns around to look at the target. The video is shot in slow motion, emphasizing the man's movements and the sound of the gunfire.",T2V_data/label/vidgen_filter_gemini_part_0_dpo_14/3RofRaoY9BI-Scene-0046/entity_40.mp4,T2V_data/label/vidgen_filter_gemini_part_0_dpo_14/3RofRaoY9BI-Scene-0046/entity_40.png
T2V_data/VIDGEN-1M_unzip/3RofRaoY9BI-Scene-0046.mp4,"The video shows a man wearing a black helmet and blue jacket, holding a gun and aiming it at a target. The man is standing in a field with trees in the background. He fires several shots at the target, which is a large piece of metal with a hole in the center. The man then lowers his gun and turns around to look at the target. The video is shot in slow motion, emphasizing the man's movements and the sound of the gunfire.",T2V_data/label/vidgen_filter_gemini_part_0_dpo_14/3RofRaoY9BI-Scene-0046/depth.mp4,T2V_data/label/vidgen_filter_gemini_part_0_dpo_14/3RofRaoY9BI-Scene-0046/entity_60.png
T2V_data/VIDGEN-1M_unzip/3RofRaoY9BI-Scene-0046.mp4,"The video shows a man wearing a black helmet and blue jacket, holding a gun and aiming it at a target. The man is standing in a field with trees in the background. He fires several shots at the target, which is a large piece of metal with a hole in the center. The man then lowers his gun and turns around to look at the target. The video is shot in slow motion, emphasizing the man's movements and the sound of the gunfire.",T2V_data/label/vidgen_filter_gemini_part_0_dpo_14/3RofRaoY9BI-Scene-0046/entity_60.mp4,T2V_data/label/vidgen_filter_gemini_part_0_dpo_14/3RofRaoY9BI-Scene-0046/entity_60.png
T2V_data/VIDGEN-1M_unzip/3ShGnEuGvUo-Scene-0049.mp4,"In the video, a woman is seen kneeling down in a garden bed. She is wearing a red shirt and has long black hair. The garden bed is surrounded by a wire fence and there are wooden boxes on the other side of the fence. The woman is using a small gardening tool to dig up the soil. She is carefully removing weeds and debris from the soil. The garden bed is filled with green plants and the soil is dark brown. The woman is focused on her task and appears to be enjoying the gardening process.",T2V_data/label/vidgen_filter_gemini_part_0_dpo_14/3ShGnEuGvUo-Scene-0049/depth.mp4,T2V_data/label/vidgen_filter_gemini_part_0_dpo_14/3ShGnEuGvUo-Scene-0049/entity_60.png
T2V_data/VIDGEN-1M_unzip/3ShGnEuGvUo-Scene-0049.mp4,"In the video, a woman is seen kneeling down in a garden bed. She is wearing a red shirt and has long black hair. The garden bed is surrounded by a wire fence and there are wooden boxes on the other side of the fence. The woman is using a small gardening tool to dig up the soil. She is carefully removing weeds and debris from the soil. The garden bed is filled with green plants and the soil is dark brown. The woman is focused on her task and appears to be enjoying the gardening process.",T2V_data/label/vidgen_filter_gemini_part_0_dpo_14/3ShGnEuGvUo-Scene-0049/entity_60.mp4,T2V_data/label/vidgen_filter_gemini_part_0_dpo_14/3ShGnEuGvUo-Scene-0049/entity_60.png
T2V_data/VIDGEN-1M_unzip/3b9jkNg36XU-Scene-0072.mp4,"The video shows a close-up of a person's hands as they hold a piece of meat and pull it apart. The meat appears to be well-cooked and has a crispy exterior. The person's hands are visible throughout the video, and they seem to be pulling the meat apart to show its texture and tenderness. The background is blurred, but it appears to be a kitchen or dining area.",T2V_data/label/vidgen_filter_gemini_part_0_dpo_14/3b9jkNg36XU-Scene-0072/depth.mp4,T2V_data/label/vidgen_filter_gemini_part_0_dpo_14/3b9jkNg36XU-Scene-0072/entity_40.png
T2V_data/VIDGEN-1M_unzip/3b9jkNg36XU-Scene-0072.mp4,"The video shows a close-up of a person's hands as they hold a piece of meat and pull it apart. The meat appears to be well-cooked and has a crispy exterior. The person's hands are visible throughout the video, and they seem to be pulling the meat apart to show its texture and tenderness. The background is blurred, but it appears to be a kitchen or dining area.",T2V_data/label/vidgen_filter_gemini_part_0_dpo_14/3b9jkNg36XU-Scene-0072/entity_40.mp4,T2V_data/label/vidgen_filter_gemini_part_0_dpo_14/3b9jkNg36XU-Scene-0072/entity_40.png
T2V_data/VIDGEN-1M_unzip/3favTsXn6qE-Scene-0019.mp4,"The video shows a person pouring coffee beans into a pot over a fire. The person is holding a basket of coffee beans and pouring them into the pot. The pot is placed over a fire, and there is smoke coming out of it. The person is using a stick to stir the beans in the pot. The background is blurry, but it appears to be an outdoor setting.",T2V_data/label/vidgen_filter_gemini_part_0_dpo_14/3favTsXn6qE-Scene-0019/depth.mp4,T2V_data/label/vidgen_filter_gemini_part_0_dpo_14/3favTsXn6qE-Scene-0019/entity_40.png
T2V_data/VIDGEN-1M_unzip/3favTsXn6qE-Scene-0019.mp4,"The video shows a person pouring coffee beans into a pot over a fire. The person is holding a basket of coffee beans and pouring them into the pot. The pot is placed over a fire, and there is smoke coming out of it. The person is using a stick to stir the beans in the pot. The background is blurry, but it appears to be an outdoor setting.",T2V_data/label/vidgen_filter_gemini_part_0_dpo_14/3favTsXn6qE-Scene-0019/entity_40.mp4,T2V_data/label/vidgen_filter_gemini_part_0_dpo_14/3favTsXn6qE-Scene-0019/entity_40.png
T2V_data/VIDGEN-1M_unzip/3favTsXn6qE-Scene-0019.mp4,"The video shows a person pouring coffee beans into a pot over a fire. The person is holding a basket of coffee beans and pouring them into the pot. The pot is placed over a fire, and there is smoke coming out of it. The person is using a stick to stir the beans in the pot. The background is blurry, but it appears to be an outdoor setting.",T2V_data/label/vidgen_filter_gemini_part_0_dpo_14/3favTsXn6qE-Scene-0019/depth.mp4,T2V_data/label/vidgen_filter_gemini_part_0_dpo_14/3favTsXn6qE-Scene-0019/entity_60.png
T2V_data/VIDGEN-1M_unzip/3favTsXn6qE-Scene-0019.mp4,"The video shows a person pouring coffee beans into a pot over a fire. The person is holding a basket of coffee beans and pouring them into the pot. The pot is placed over a fire, and there is smoke coming out of it. The person is using a stick to stir the beans in the pot. The background is blurry, but it appears to be an outdoor setting.",T2V_data/label/vidgen_filter_gemini_part_0_dpo_14/3favTsXn6qE-Scene-0019/entity_60.mp4,T2V_data/label/vidgen_filter_gemini_part_0_dpo_14/3favTsXn6qE-Scene-0019/entity_60.png
T2V_data/VIDGEN-1M_unzip/3nFs5Ca55Dc-Scene-0004.mp4,The video shows a brown dog wearing a yellow life jacket swimming in a pool. The dog is holding a red ball in its mouth and is moving towards the camera. The water is clear and the pool appears to be indoors.,T2V_data/label/vidgen_filter_gemini_part_0_dpo_14/3nFs5Ca55Dc-Scene-0004/depth.mp4,T2V_data/label/vidgen_filter_gemini_part_0_dpo_14/3nFs5Ca55Dc-Scene-0004/entity_60.png
T2V_data/VIDGEN-1M_unzip/3nFs5Ca55Dc-Scene-0004.mp4,The video shows a brown dog wearing a yellow life jacket swimming in a pool. The dog is holding a red ball in its mouth and is moving towards the camera. The water is clear and the pool appears to be indoors.,T2V_data/label/vidgen_filter_gemini_part_0_dpo_14/3nFs5Ca55Dc-Scene-0004/entity_60.mp4,T2V_data/label/vidgen_filter_gemini_part_0_dpo_14/3nFs5Ca55Dc-Scene-0004/entity_60.png
T2V_data/VIDGEN-1M_unzip/3oBAVdfM0EI-Scene-0036.mp4,"The video shows a white hamster running inside a wheel. The wheel is black and made of plastic. The hamster is running in a circular motion. The wheel is placed on a bed of wood shavings. There is a red bowl filled with food next to the wheel. The hamster is small and fluffy, with a white coat and pink ears. The wheel is spinning at a moderate speed, and the hamster is running at a steady pace. The video is shot from a close-up angle, focusing on the hamster and the wheel.",T2V_data/label/vidgen_filter_gemini_part_0_dpo_14/3oBAVdfM0EI-Scene-0036/depth.mp4,T2V_data/label/vidgen_filter_gemini_part_0_dpo_14/3oBAVdfM0EI-Scene-0036/entity_20.png
T2V_data/VIDGEN-1M_unzip/3oBAVdfM0EI-Scene-0036.mp4,"The video shows a white hamster running inside a wheel. The wheel is black and made of plastic. The hamster is running in a circular motion. The wheel is placed on a bed of wood shavings. There is a red bowl filled with food next to the wheel. The hamster is small and fluffy, with a white coat and pink ears. The wheel is spinning at a moderate speed, and the hamster is running at a steady pace. The video is shot from a close-up angle, focusing on the hamster and the wheel.",T2V_data/label/vidgen_filter_gemini_part_0_dpo_14/3oBAVdfM0EI-Scene-0036/entity_20.mp4,T2V_data/label/vidgen_filter_gemini_part_0_dpo_14/3oBAVdfM0EI-Scene-0036/entity_20.png
T2V_data/VIDGEN-1M_unzip/3yYgEz4zsOI-Scene-0095.mp4,"In the video, a person is seen working on a car engine. The person is wearing gloves and is using a screwdriver to work on the engine. The engine is open, and the person is focused on a specific part of the engine. The person's movements are deliberate and precise as they use the screwdriver to make adjustments or repairs. The video provides a close-up view of the engine and the person's hands, allowing viewers to see the details of the work being done. The lighting in the video is bright, making it easy to see the person's actions and the engine's components.",T2V_data/label/vidgen_filter_gemini_part_0_dpo_14/3yYgEz4zsOI-Scene-0095/depth.mp4,T2V_data/label/vidgen_filter_gemini_part_0_dpo_14/3yYgEz4zsOI-Scene-0095/entity_20.png
T2V_data/VIDGEN-1M_unzip/3yYgEz4zsOI-Scene-0095.mp4,"In the video, a person is seen working on a car engine. The person is wearing gloves and is using a screwdriver to work on the engine. The engine is open, and the person is focused on a specific part of the engine. The person's movements are deliberate and precise as they use the screwdriver to make adjustments or repairs. The video provides a close-up view of the engine and the person's hands, allowing viewers to see the details of the work being done. The lighting in the video is bright, making it easy to see the person's actions and the engine's components.",T2V_data/label/vidgen_filter_gemini_part_0_dpo_14/3yYgEz4zsOI-Scene-0095/entity_20.mp4,T2V_data/label/vidgen_filter_gemini_part_0_dpo_14/3yYgEz4zsOI-Scene-0095/entity_20.png
T2V_data/VIDGEN-1M_unzip/4J4MAyH9Hxg-Scene-0057.mp4,"The video shows a white sports car with black wheels and red brake calipers. The car is parked on a wet surface, and there is a person standing next to it. The car then accelerates down a drag strip, and the video captures it from various angles. The car's taillights are on, and there is a text overlay on the video that reads ""TORQUE CONTROL OFF W/ LAUNCH OFF.""",T2V_data/label/vidgen_filter_gemini_part_0_dpo_14/4J4MAyH9Hxg-Scene-0057/depth.mp4,T2V_data/label/vidgen_filter_gemini_part_0_dpo_14/4J4MAyH9Hxg-Scene-0057/entity_20.png
T2V_data/VIDGEN-1M_unzip/4J4MAyH9Hxg-Scene-0057.mp4,"The video shows a white sports car with black wheels and red brake calipers. The car is parked on a wet surface, and there is a person standing next to it. The car then accelerates down a drag strip, and the video captures it from various angles. The car's taillights are on, and there is a text overlay on the video that reads ""TORQUE CONTROL OFF W/ LAUNCH OFF.""",T2V_data/label/vidgen_filter_gemini_part_0_dpo_14/4J4MAyH9Hxg-Scene-0057/entity_20.mp4,T2V_data/label/vidgen_filter_gemini_part_0_dpo_14/4J4MAyH9Hxg-Scene-0057/entity_20.png
T2V_data/VIDGEN-1M_unzip/4Rw4NFlSLlM-Scene-0073.mp4,"In the video, a man is seen working on a wooden table. He is using a tool to make a hole in the wood. After making the hole, he inserts a metal rod into the hole and then screws it in place. The man then adjusts the rod to ensure that it is properly aligned with the hole. Throughout the video, the man is focused on his task, carefully measuring and adjusting the rod to ensure that it is securely fastened to the table. The video provides a clear view of the man's hands and the tools he is using, allowing the viewer to see the process of securing the rod to the table in detail.",T2V_data/label/vidgen_filter_gemini_part_0_dpo_14/4Rw4NFlSLlM-Scene-0073/depth.mp4,T2V_data/label/vidgen_filter_gemini_part_0_dpo_14/4Rw4NFlSLlM-Scene-0073/entity_40.png
T2V_data/VIDGEN-1M_unzip/4Rw4NFlSLlM-Scene-0073.mp4,"In the video, a man is seen working on a wooden table. He is using a tool to make a hole in the wood. After making the hole, he inserts a metal rod into the hole and then screws it in place. The man then adjusts the rod to ensure that it is properly aligned with the hole. Throughout the video, the man is focused on his task, carefully measuring and adjusting the rod to ensure that it is securely fastened to the table. The video provides a clear view of the man's hands and the tools he is using, allowing the viewer to see the process of securing the rod to the table in detail.",T2V_data/label/vidgen_filter_gemini_part_0_dpo_14/4Rw4NFlSLlM-Scene-0073/entity_40.mp4,T2V_data/label/vidgen_filter_gemini_part_0_dpo_14/4Rw4NFlSLlM-Scene-0073/entity_40.png
T2V_data/VIDGEN-1M_unzip/4mLoWhw_OYc-Scene-0129.mp4,"In the video, a man and a woman are sitting in the dark. The man is wearing a headlamp and is holding a bottle of liquid. He pours the liquid onto his hand and then rubs it onto the woman's arm. The woman is wearing a black shirt and has a name tag on it. The man is wearing a black shirt and has a watch on his wrist. The woman looks at the man and then at her arm. The man then holds up the bottle to the camera.",T2V_data/label/vidgen_filter_gemini_part_0_dpo_14/4mLoWhw_OYc-Scene-0129/depth.mp4,T2V_data/label/vidgen_filter_gemini_part_0_dpo_14/4mLoWhw_OYc-Scene-0129/entity_40.png
T2V_data/VIDGEN-1M_unzip/4mLoWhw_OYc-Scene-0129.mp4,"In the video, a man and a woman are sitting in the dark. The man is wearing a headlamp and is holding a bottle of liquid. He pours the liquid onto his hand and then rubs it onto the woman's arm. The woman is wearing a black shirt and has a name tag on it. The man is wearing a black shirt and has a watch on his wrist. The woman looks at the man and then at her arm. The man then holds up the bottle to the camera.",T2V_data/label/vidgen_filter_gemini_part_0_dpo_14/4mLoWhw_OYc-Scene-0129/entity_40.mp4,T2V_data/label/vidgen_filter_gemini_part_0_dpo_14/4mLoWhw_OYc-Scene-0129/entity_40.png
T2V_data/VIDGEN-1M_unzip/4rIsIjbVE-M-Scene-0088.mp4,"The video shows a yellow car driving down a winding road in the woods. The car is moving at a high speed, and the driver is seen in the lower right corner of the frame. The road is lined with trees and there are no other vehicles in sight. The car is making a sharp turn, and the driver is leaning into the curve to maintain balance. The sun is shining through the trees, casting shadows on the road.",T2V_data/label/vidgen_filter_gemini_part_0_dpo_14/4rIsIjbVE-M-Scene-0088/depth.mp4,T2V_data/label/vidgen_filter_gemini_part_0_dpo_14/4rIsIjbVE-M-Scene-0088/entity_20.png
T2V_data/VIDGEN-1M_unzip/4rIsIjbVE-M-Scene-0088.mp4,"The video shows a yellow car driving down a winding road in the woods. The car is moving at a high speed, and the driver is seen in the lower right corner of the frame. The road is lined with trees and there are no other vehicles in sight. The car is making a sharp turn, and the driver is leaning into the curve to maintain balance. The sun is shining through the trees, casting shadows on the road.",T2V_data/label/vidgen_filter_gemini_part_0_dpo_14/4rIsIjbVE-M-Scene-0088/entity_20.mp4,T2V_data/label/vidgen_filter_gemini_part_0_dpo_14/4rIsIjbVE-M-Scene-0088/entity_20.png
T2V_data/VIDGEN-1M_unzip/4rIsIjbVE-M-Scene-0088.mp4,"The video shows a yellow car driving down a winding road in the woods. The car is moving at a high speed, and the driver is seen in the lower right corner of the frame. The road is lined with trees and there are no other vehicles in sight. The car is making a sharp turn, and the driver is leaning into the curve to maintain balance. The sun is shining through the trees, casting shadows on the road.",T2V_data/label/vidgen_filter_gemini_part_0_dpo_14/4rIsIjbVE-M-Scene-0088/depth.mp4,T2V_data/label/vidgen_filter_gemini_part_0_dpo_14/4rIsIjbVE-M-Scene-0088/entity_80.png
T2V_data/VIDGEN-1M_unzip/4rIsIjbVE-M-Scene-0088.mp4,"The video shows a yellow car driving down a winding road in the woods. The car is moving at a high speed, and the driver is seen in the lower right corner of the frame. The road is lined with trees and there are no other vehicles in sight. The car is making a sharp turn, and the driver is leaning into the curve to maintain balance. The sun is shining through the trees, casting shadows on the road.",T2V_data/label/vidgen_filter_gemini_part_0_dpo_14/4rIsIjbVE-M-Scene-0088/entity_80.mp4,T2V_data/label/vidgen_filter_gemini_part_0_dpo_14/4rIsIjbVE-M-Scene-0088/entity_80.png
T2V_data/VIDGEN-1M_unzip/4tuEiHybKfI-Scene-0018.mp4,"The video shows a man on a roof, kneeling down and using a hammer to hit a piece of wood. The man is wearing a white shirt and blue jeans, and he is focused on his task. The roof appears to be made of shingles, and there are trees visible in the background. The man is using the hammer with precision and appears to be experienced in his work. The video is shot during the day, and the lighting is natural.",T2V_data/label/vidgen_filter_gemini_part_0_dpo_14/4tuEiHybKfI-Scene-0018/depth.mp4,T2V_data/label/vidgen_filter_gemini_part_0_dpo_14/4tuEiHybKfI-Scene-0018/entity_20.png
T2V_data/VIDGEN-1M_unzip/4tuEiHybKfI-Scene-0018.mp4,"The video shows a man on a roof, kneeling down and using a hammer to hit a piece of wood. The man is wearing a white shirt and blue jeans, and he is focused on his task. The roof appears to be made of shingles, and there are trees visible in the background. The man is using the hammer with precision and appears to be experienced in his work. The video is shot during the day, and the lighting is natural.",T2V_data/label/vidgen_filter_gemini_part_0_dpo_14/4tuEiHybKfI-Scene-0018/entity_20.mp4,T2V_data/label/vidgen_filter_gemini_part_0_dpo_14/4tuEiHybKfI-Scene-0018/entity_20.png
T2V_data/VIDGEN-1M_unzip/4w1TF8UWL4Q-Scene-0093.mp4,"The video shows a mixed martial arts fight between two men in a caged ring. One man is wearing black shorts and the other is wearing white shorts. The man in black shorts throws a punch at the man in white shorts, who falls to the ground. The referee steps in to stop the fight.",T2V_data/label/vidgen_filter_gemini_part_0_dpo_14/4w1TF8UWL4Q-Scene-0093/depth.mp4,T2V_data/label/vidgen_filter_gemini_part_0_dpo_14/4w1TF8UWL4Q-Scene-0093/entity_20.png
T2V_data/VIDGEN-1M_unzip/4w1TF8UWL4Q-Scene-0093.mp4,"The video shows a mixed martial arts fight between two men in a caged ring. One man is wearing black shorts and the other is wearing white shorts. The man in black shorts throws a punch at the man in white shorts, who falls to the ground. The referee steps in to stop the fight.",T2V_data/label/vidgen_filter_gemini_part_0_dpo_14/4w1TF8UWL4Q-Scene-0093/entity_20.mp4,T2V_data/label/vidgen_filter_gemini_part_0_dpo_14/4w1TF8UWL4Q-Scene-0093/entity_20.png
T2V_data/VIDGEN-1M_unzip/55tIV5hTqGw-Scene-0042.mp4,"In the video, a man and a woman are seen standing behind a table. The man is wearing a plaid shirt and glasses, while the woman is wearing a plaid shirt. They are both looking at the camera and talking. On the table, there is a black cylinder-shaped object and a clear plastic container. The woman picks up the black object and pours its contents into the plastic container. She then places the black object back on the table. The man continues to talk while the woman pours the contents of the black object into the container. The background of the video shows a wooden wall with various tools hanging on it.",T2V_data/label/vidgen_filter_gemini_part_0_dpo_14/55tIV5hTqGw-Scene-0042/depth.mp4,T2V_data/label/vidgen_filter_gemini_part_0_dpo_14/55tIV5hTqGw-Scene-0042/entity_20.png
T2V_data/VIDGEN-1M_unzip/55tIV5hTqGw-Scene-0042.mp4,"In the video, a man and a woman are seen standing behind a table. The man is wearing a plaid shirt and glasses, while the woman is wearing a plaid shirt. They are both looking at the camera and talking. On the table, there is a black cylinder-shaped object and a clear plastic container. The woman picks up the black object and pours its contents into the plastic container. She then places the black object back on the table. The man continues to talk while the woman pours the contents of the black object into the container. The background of the video shows a wooden wall with various tools hanging on it.",T2V_data/label/vidgen_filter_gemini_part_0_dpo_14/55tIV5hTqGw-Scene-0042/entity_20.mp4,T2V_data/label/vidgen_filter_gemini_part_0_dpo_14/55tIV5hTqGw-Scene-0042/entity_20.png
T2V_data/VIDGEN-1M_unzip/55tIV5hTqGw-Scene-0042.mp4,"In the video, a man and a woman are seen standing behind a table. The man is wearing a plaid shirt and glasses, while the woman is wearing a plaid shirt. They are both looking at the camera and talking. On the table, there is a black cylinder-shaped object and a clear plastic container. The woman picks up the black object and pours its contents into the plastic container. She then places the black object back on the table. The man continues to talk while the woman pours the contents of the black object into the container. The background of the video shows a wooden wall with various tools hanging on it.",T2V_data/label/vidgen_filter_gemini_part_0_dpo_14/55tIV5hTqGw-Scene-0042/depth.mp4,T2V_data/label/vidgen_filter_gemini_part_0_dpo_14/55tIV5hTqGw-Scene-0042/entity_40.png
T2V_data/VIDGEN-1M_unzip/55tIV5hTqGw-Scene-0042.mp4,"In the video, a man and a woman are seen standing behind a table. The man is wearing a plaid shirt and glasses, while the woman is wearing a plaid shirt. They are both looking at the camera and talking. On the table, there is a black cylinder-shaped object and a clear plastic container. The woman picks up the black object and pours its contents into the plastic container. She then places the black object back on the table. The man continues to talk while the woman pours the contents of the black object into the container. The background of the video shows a wooden wall with various tools hanging on it.",T2V_data/label/vidgen_filter_gemini_part_0_dpo_14/55tIV5hTqGw-Scene-0042/entity_40.mp4,T2V_data/label/vidgen_filter_gemini_part_0_dpo_14/55tIV5hTqGw-Scene-0042/entity_40.png
T2V_data/VIDGEN-1M_unzip/5LhzQB9vf7c-Scene-0128.mp4,"In the video, a person is seen holding a glass bowl filled with diced butter. The person uses a pink spatula to scoop the butter out of the bowl and pour it into a black pot. The pot appears to be on a stove, and the person is wearing a blue shirt. The butter is yellow and cubed, and the pot is filled with a white liquid, possibly milk or cream. The action is repeated several times, with the person scooping more butter out of the bowl and adding it to the pot.",T2V_data/label/vidgen_filter_gemini_part_0_dpo_14/5LhzQB9vf7c-Scene-0128/depth.mp4,T2V_data/label/vidgen_filter_gemini_part_0_dpo_14/5LhzQB9vf7c-Scene-0128/entity_40.png
T2V_data/VIDGEN-1M_unzip/5LhzQB9vf7c-Scene-0128.mp4,"In the video, a person is seen holding a glass bowl filled with diced butter. The person uses a pink spatula to scoop the butter out of the bowl and pour it into a black pot. The pot appears to be on a stove, and the person is wearing a blue shirt. The butter is yellow and cubed, and the pot is filled with a white liquid, possibly milk or cream. The action is repeated several times, with the person scooping more butter out of the bowl and adding it to the pot.",T2V_data/label/vidgen_filter_gemini_part_0_dpo_14/5LhzQB9vf7c-Scene-0128/entity_40.mp4,T2V_data/label/vidgen_filter_gemini_part_0_dpo_14/5LhzQB9vf7c-Scene-0128/entity_40.png
T2V_data/VIDGEN-1M_unzip/5N6vDAvECU4-Scene-0032.mp4,"In the video, a person is seen stirring a pot of liquid with a spoon. The liquid appears to be a dark brown color. The person then pours a can of milk into the pot, causing the liquid to change color to a lighter brown. The person continues to stir the mixture, blending the milk with the rest of the liquid. The person's movements are deliberate and careful, ensuring that the milk is evenly distributed throughout the mixture. The pot appears to be made of metal and is placed on a metal surface. The person is wearing a pink apron with white stripes. The video does not contain any audio.",T2V_data/label/vidgen_filter_gemini_part_0_dpo_14/5N6vDAvECU4-Scene-0032/depth.mp4,T2V_data/label/vidgen_filter_gemini_part_0_dpo_14/5N6vDAvECU4-Scene-0032/entity_20.png
T2V_data/VIDGEN-1M_unzip/5N6vDAvECU4-Scene-0032.mp4,"In the video, a person is seen stirring a pot of liquid with a spoon. The liquid appears to be a dark brown color. The person then pours a can of milk into the pot, causing the liquid to change color to a lighter brown. The person continues to stir the mixture, blending the milk with the rest of the liquid. The person's movements are deliberate and careful, ensuring that the milk is evenly distributed throughout the mixture. The pot appears to be made of metal and is placed on a metal surface. The person is wearing a pink apron with white stripes. The video does not contain any audio.",T2V_data/label/vidgen_filter_gemini_part_0_dpo_14/5N6vDAvECU4-Scene-0032/entity_20.mp4,T2V_data/label/vidgen_filter_gemini_part_0_dpo_14/5N6vDAvECU4-Scene-0032/entity_20.png
T2V_data/VIDGEN-1M_unzip/5VHepYMfpQc-Scene-0010.mp4,"The video shows a person's hands using a screwdriver to remove the battery from the back of a smartphone. The person is wearing a white shirt and is working on a white surface. The smartphone has a black battery with a warning label on it. The person carefully removes the battery, revealing the internal components of the phone.",T2V_data/label/vidgen_filter_gemini_part_0_dpo_14/5VHepYMfpQc-Scene-0010/depth.mp4,T2V_data/label/vidgen_filter_gemini_part_0_dpo_14/5VHepYMfpQc-Scene-0010/entity_20.png
T2V_data/VIDGEN-1M_unzip/5VHepYMfpQc-Scene-0010.mp4,"The video shows a person's hands using a screwdriver to remove the battery from the back of a smartphone. The person is wearing a white shirt and is working on a white surface. The smartphone has a black battery with a warning label on it. The person carefully removes the battery, revealing the internal components of the phone.",T2V_data/label/vidgen_filter_gemini_part_0_dpo_14/5VHepYMfpQc-Scene-0010/entity_20.mp4,T2V_data/label/vidgen_filter_gemini_part_0_dpo_14/5VHepYMfpQc-Scene-0010/entity_20.png
T2V_data/VIDGEN-1M_unzip/5VHepYMfpQc-Scene-0010.mp4,"The video shows a person's hands using a screwdriver to remove the battery from the back of a smartphone. The person is wearing a white shirt and is working on a white surface. The smartphone has a black battery with a warning label on it. The person carefully removes the battery, revealing the internal components of the phone.",T2V_data/label/vidgen_filter_gemini_part_0_dpo_14/5VHepYMfpQc-Scene-0010/depth.mp4,T2V_data/label/vidgen_filter_gemini_part_0_dpo_14/5VHepYMfpQc-Scene-0010/entity_40.png
T2V_data/VIDGEN-1M_unzip/5VHepYMfpQc-Scene-0010.mp4,"The video shows a person's hands using a screwdriver to remove the battery from the back of a smartphone. The person is wearing a white shirt and is working on a white surface. The smartphone has a black battery with a warning label on it. The person carefully removes the battery, revealing the internal components of the phone.",T2V_data/label/vidgen_filter_gemini_part_0_dpo_14/5VHepYMfpQc-Scene-0010/entity_40.mp4,T2V_data/label/vidgen_filter_gemini_part_0_dpo_14/5VHepYMfpQc-Scene-0010/entity_40.png
T2V_data/VIDGEN-1M_unzip/5hgd4YbzB0Y-Scene-0127.mp4,"The video shows two people playing foosball. The man on the left is wearing a dark blue shirt and the man on the right is wearing a light blue shirt. They are both holding the handles of the foosball table and moving the figures to hit the ball. The foosball table has green turf and white lines, with red and blue figures. The ball is orange.",T2V_data/label/vidgen_filter_gemini_part_0_dpo_14/5hgd4YbzB0Y-Scene-0127/depth.mp4,T2V_data/label/vidgen_filter_gemini_part_0_dpo_14/5hgd4YbzB0Y-Scene-0127/entity_60.png
T2V_data/VIDGEN-1M_unzip/5hgd4YbzB0Y-Scene-0127.mp4,"The video shows two people playing foosball. The man on the left is wearing a dark blue shirt and the man on the right is wearing a light blue shirt. They are both holding the handles of the foosball table and moving the figures to hit the ball. The foosball table has green turf and white lines, with red and blue figures. The ball is orange.",T2V_data/label/vidgen_filter_gemini_part_0_dpo_14/5hgd4YbzB0Y-Scene-0127/entity_60.mp4,T2V_data/label/vidgen_filter_gemini_part_0_dpo_14/5hgd4YbzB0Y-Scene-0127/entity_60.png
T2V_data/VIDGEN-1M_unzip/5vl8naEmG4o-Scene-0143.mp4,"The video shows a black car drifting on a road. The car is black in color and has a license plate that reads ""K548 XGS"". The car is drifting on the road, and the tires are producing a lot of smoke. The car is moving at a high speed and is drifting around a corner on the road. The video is shot from a side angle, and the car is moving from left to right. The car is a four-door sedan, and the driver is not visible in the video. The road appears to be in a rural area with trees and grass on both sides. The video is shot during the day, and the sun is shining brightly.",T2V_data/label/vidgen_filter_gemini_part_0_dpo_14/5vl8naEmG4o-Scene-0143/depth.mp4,T2V_data/label/vidgen_filter_gemini_part_0_dpo_14/5vl8naEmG4o-Scene-0143/entity_20.png
T2V_data/VIDGEN-1M_unzip/5vl8naEmG4o-Scene-0143.mp4,"The video shows a black car drifting on a road. The car is black in color and has a license plate that reads ""K548 XGS"". The car is drifting on the road, and the tires are producing a lot of smoke. The car is moving at a high speed and is drifting around a corner on the road. The video is shot from a side angle, and the car is moving from left to right. The car is a four-door sedan, and the driver is not visible in the video. The road appears to be in a rural area with trees and grass on both sides. The video is shot during the day, and the sun is shining brightly.",T2V_data/label/vidgen_filter_gemini_part_0_dpo_14/5vl8naEmG4o-Scene-0143/entity_20.mp4,T2V_data/label/vidgen_filter_gemini_part_0_dpo_14/5vl8naEmG4o-Scene-0143/entity_20.png
T2V_data/VIDGEN-1M_unzip/5wqZD4iUY_8-Scene-0083.mp4,"The video shows a soccer game being played in a stadium. The players are wearing different colored jerseys, and the ball is being passed around the field. The stadium is filled with spectators, and there are advertisements on the sidelines. The players are moving quickly, trying to score a goal.",T2V_data/label/vidgen_filter_gemini_part_0_dpo_14/5wqZD4iUY_8-Scene-0083/depth.mp4,T2V_data/label/vidgen_filter_gemini_part_0_dpo_14/5wqZD4iUY_8-Scene-0083/entity_20.png
T2V_data/VIDGEN-1M_unzip/5wqZD4iUY_8-Scene-0083.mp4,"The video shows a soccer game being played in a stadium. The players are wearing different colored jerseys, and the ball is being passed around the field. The stadium is filled with spectators, and there are advertisements on the sidelines. The players are moving quickly, trying to score a goal.",T2V_data/label/vidgen_filter_gemini_part_0_dpo_14/5wqZD4iUY_8-Scene-0083/entity_20.mp4,T2V_data/label/vidgen_filter_gemini_part_0_dpo_14/5wqZD4iUY_8-Scene-0083/entity_20.png
T2V_data/VIDGEN-1M_unzip/5xsmfgeujiY-Scene-0060.mp4,"In the video, a small white dog is seen lying on its back on a bed. The dog is wearing a pink harness and is holding a rope in its mouth. The dog appears to be playing with the rope, biting and pulling on it while lying on its back. The bed has a brown cover, and the floor is carpeted in a light color. The dog seems to be enjoying itself, as it continues to play with the rope throughout the video.",T2V_data/label/vidgen_filter_gemini_part_0_dpo_14/5xsmfgeujiY-Scene-0060/depth.mp4,T2V_data/label/vidgen_filter_gemini_part_0_dpo_14/5xsmfgeujiY-Scene-0060/entity_20.png
T2V_data/VIDGEN-1M_unzip/5xsmfgeujiY-Scene-0060.mp4,"In the video, a small white dog is seen lying on its back on a bed. The dog is wearing a pink harness and is holding a rope in its mouth. The dog appears to be playing with the rope, biting and pulling on it while lying on its back. The bed has a brown cover, and the floor is carpeted in a light color. The dog seems to be enjoying itself, as it continues to play with the rope throughout the video.",T2V_data/label/vidgen_filter_gemini_part_0_dpo_14/5xsmfgeujiY-Scene-0060/entity_20.mp4,T2V_data/label/vidgen_filter_gemini_part_0_dpo_14/5xsmfgeujiY-Scene-0060/entity_20.png
T2V_data/VIDGEN-1M_unzip/5xsmfgeujiY-Scene-0060.mp4,"In the video, a small white dog is seen lying on its back on a bed. The dog is wearing a pink harness and is holding a rope in its mouth. The dog appears to be playing with the rope, biting and pulling on it while lying on its back. The bed has a brown cover, and the floor is carpeted in a light color. The dog seems to be enjoying itself, as it continues to play with the rope throughout the video.",T2V_data/label/vidgen_filter_gemini_part_0_dpo_14/5xsmfgeujiY-Scene-0060/depth.mp4,T2V_data/label/vidgen_filter_gemini_part_0_dpo_14/5xsmfgeujiY-Scene-0060/entity_60.png
T2V_data/VIDGEN-1M_unzip/5xsmfgeujiY-Scene-0060.mp4,"In the video, a small white dog is seen lying on its back on a bed. The dog is wearing a pink harness and is holding a rope in its mouth. The dog appears to be playing with the rope, biting and pulling on it while lying on its back. The bed has a brown cover, and the floor is carpeted in a light color. The dog seems to be enjoying itself, as it continues to play with the rope throughout the video.",T2V_data/label/vidgen_filter_gemini_part_0_dpo_14/5xsmfgeujiY-Scene-0060/entity_60.mp4,T2V_data/label/vidgen_filter_gemini_part_0_dpo_14/5xsmfgeujiY-Scene-0060/entity_60.png
T2V_data/VIDGEN-1M_unzip/67-bH1wDUiQ-Scene-0030.mp4,"In the video, a person is seen sitting at a table with a large amount of green slime in front of them. The person is wearing a black tank top and has tattoos on their arms. They are using a bottle of liquid to add more slime to the pile. The person then begins to stretch and fold the slime, creating different shapes and textures. The slime appears to be very stretchy and malleable. The person continues to play with the slime, stretching it out and folding it in on itself. The video ends with the person holding up a piece of the slime, showing its elasticity and texture.",T2V_data/label/vidgen_filter_gemini_part_0_dpo_14/67-bH1wDUiQ-Scene-0030/depth.mp4,T2V_data/label/vidgen_filter_gemini_part_0_dpo_14/67-bH1wDUiQ-Scene-0030/entity_40.png
T2V_data/VIDGEN-1M_unzip/67-bH1wDUiQ-Scene-0030.mp4,"In the video, a person is seen sitting at a table with a large amount of green slime in front of them. The person is wearing a black tank top and has tattoos on their arms. They are using a bottle of liquid to add more slime to the pile. The person then begins to stretch and fold the slime, creating different shapes and textures. The slime appears to be very stretchy and malleable. The person continues to play with the slime, stretching it out and folding it in on itself. The video ends with the person holding up a piece of the slime, showing its elasticity and texture.",T2V_data/label/vidgen_filter_gemini_part_0_dpo_14/67-bH1wDUiQ-Scene-0030/entity_40.mp4,T2V_data/label/vidgen_filter_gemini_part_0_dpo_14/67-bH1wDUiQ-Scene-0030/entity_40.png
T2V_data/VIDGEN-1M_unzip/6KawZ48v8CE-Scene-0045.mp4,"In the video, a person is seen holding a piece of corn on the cob over a bowl. The person is using a knife to cut the corn off the cob. The bowl is placed on a green and white checkered cloth. The person is wearing a black shirt and has a ring on their left hand. The corn is yellow and appears to be fresh. The knife is silver and has a black handle. The person is cutting the corn in a careful and precise manner, ensuring that the kernels are removed from the cob. The background is blurred, but it appears to be a kitchen setting.",T2V_data/label/vidgen_filter_gemini_part_0_dpo_14/6KawZ48v8CE-Scene-0045/depth.mp4,T2V_data/label/vidgen_filter_gemini_part_0_dpo_14/6KawZ48v8CE-Scene-0045/entity_20.png
T2V_data/VIDGEN-1M_unzip/6KawZ48v8CE-Scene-0045.mp4,"In the video, a person is seen holding a piece of corn on the cob over a bowl. The person is using a knife to cut the corn off the cob. The bowl is placed on a green and white checkered cloth. The person is wearing a black shirt and has a ring on their left hand. The corn is yellow and appears to be fresh. The knife is silver and has a black handle. The person is cutting the corn in a careful and precise manner, ensuring that the kernels are removed from the cob. The background is blurred, but it appears to be a kitchen setting.",T2V_data/label/vidgen_filter_gemini_part_0_dpo_14/6KawZ48v8CE-Scene-0045/entity_20.mp4,T2V_data/label/vidgen_filter_gemini_part_0_dpo_14/6KawZ48v8CE-Scene-0045/entity_20.png
T2V_data/VIDGEN-1M_unzip/6KawZ48v8CE-Scene-0045.mp4,"In the video, a person is seen holding a piece of corn on the cob over a bowl. The person is using a knife to cut the corn off the cob. The bowl is placed on a green and white checkered cloth. The person is wearing a black shirt and has a ring on their left hand. The corn is yellow and appears to be fresh. The knife is silver and has a black handle. The person is cutting the corn in a careful and precise manner, ensuring that the kernels are removed from the cob. The background is blurred, but it appears to be a kitchen setting.",T2V_data/label/vidgen_filter_gemini_part_0_dpo_14/6KawZ48v8CE-Scene-0045/depth.mp4,T2V_data/label/vidgen_filter_gemini_part_0_dpo_14/6KawZ48v8CE-Scene-0045/entity_40.png
T2V_data/VIDGEN-1M_unzip/6KawZ48v8CE-Scene-0045.mp4,"In the video, a person is seen holding a piece of corn on the cob over a bowl. The person is using a knife to cut the corn off the cob. The bowl is placed on a green and white checkered cloth. The person is wearing a black shirt and has a ring on their left hand. The corn is yellow and appears to be fresh. The knife is silver and has a black handle. The person is cutting the corn in a careful and precise manner, ensuring that the kernels are removed from the cob. The background is blurred, but it appears to be a kitchen setting.",T2V_data/label/vidgen_filter_gemini_part_0_dpo_14/6KawZ48v8CE-Scene-0045/entity_40.mp4,T2V_data/label/vidgen_filter_gemini_part_0_dpo_14/6KawZ48v8CE-Scene-0045/entity_40.png
T2V_data/VIDGEN-1M_unzip/6LrkW0wZPm8-Scene-0039.mp4,"The video shows a man holding a bottle of water and pouring it into a glass. The glass is placed on a table, and there is another glass of milk next to it. The man is wearing a blue shirt and is smiling. The setting appears to be outdoors, possibly on a boat, as there is water visible in the background. The video is shot during the daytime.",T2V_data/label/vidgen_filter_gemini_part_0_dpo_14/6LrkW0wZPm8-Scene-0039/depth.mp4,T2V_data/label/vidgen_filter_gemini_part_0_dpo_14/6LrkW0wZPm8-Scene-0039/entity_60.png
T2V_data/VIDGEN-1M_unzip/6LrkW0wZPm8-Scene-0039.mp4,"The video shows a man holding a bottle of water and pouring it into a glass. The glass is placed on a table, and there is another glass of milk next to it. The man is wearing a blue shirt and is smiling. The setting appears to be outdoors, possibly on a boat, as there is water visible in the background. The video is shot during the daytime.",T2V_data/label/vidgen_filter_gemini_part_0_dpo_14/6LrkW0wZPm8-Scene-0039/entity_60.mp4,T2V_data/label/vidgen_filter_gemini_part_0_dpo_14/6LrkW0wZPm8-Scene-0039/entity_60.png
T2V_data/VIDGEN-1M_unzip/6LrkW0wZPm8-Scene-0039.mp4,"The video shows a man holding a bottle of water and pouring it into a glass. The glass is placed on a table, and there is another glass of milk next to it. The man is wearing a blue shirt and is smiling. The setting appears to be outdoors, possibly on a boat, as there is water visible in the background. The video is shot during the daytime.",T2V_data/label/vidgen_filter_gemini_part_0_dpo_14/6LrkW0wZPm8-Scene-0039/depth.mp4,T2V_data/label/vidgen_filter_gemini_part_0_dpo_14/6LrkW0wZPm8-Scene-0039/entity_80.png
T2V_data/VIDGEN-1M_unzip/6LrkW0wZPm8-Scene-0039.mp4,"The video shows a man holding a bottle of water and pouring it into a glass. The glass is placed on a table, and there is another glass of milk next to it. The man is wearing a blue shirt and is smiling. The setting appears to be outdoors, possibly on a boat, as there is water visible in the background. The video is shot during the daytime.",T2V_data/label/vidgen_filter_gemini_part_0_dpo_14/6LrkW0wZPm8-Scene-0039/entity_80.mp4,T2V_data/label/vidgen_filter_gemini_part_0_dpo_14/6LrkW0wZPm8-Scene-0039/entity_80.png
T2V_data/VIDGEN-1M_unzip/6Nbz94FEPoM-Scene-0024.mp4,"In the video, a woman is seen walking her three dogs on leashes. The dogs are of different breeds and colors, including black and white, brown and white, and brown. The woman is wearing a black jacket and blue jeans, and she is holding the leashes in her hands. The dogs are sitting on the sidewalk, and the woman is standing in front of them, giving them commands. The background shows a street with cars passing by.",T2V_data/label/vidgen_filter_gemini_part_0_dpo_14/6Nbz94FEPoM-Scene-0024/depth.mp4,T2V_data/label/vidgen_filter_gemini_part_0_dpo_14/6Nbz94FEPoM-Scene-0024/entity_20.png
T2V_data/VIDGEN-1M_unzip/6Nbz94FEPoM-Scene-0024.mp4,"In the video, a woman is seen walking her three dogs on leashes. The dogs are of different breeds and colors, including black and white, brown and white, and brown. The woman is wearing a black jacket and blue jeans, and she is holding the leashes in her hands. The dogs are sitting on the sidewalk, and the woman is standing in front of them, giving them commands. The background shows a street with cars passing by.",T2V_data/label/vidgen_filter_gemini_part_0_dpo_14/6Nbz94FEPoM-Scene-0024/entity_20.mp4,T2V_data/label/vidgen_filter_gemini_part_0_dpo_14/6Nbz94FEPoM-Scene-0024/entity_20.png
T2V_data/VIDGEN-1M_unzip/6Nbz94FEPoM-Scene-0024.mp4,"In the video, a woman is seen walking her three dogs on leashes. The dogs are of different breeds and colors, including black and white, brown and white, and brown. The woman is wearing a black jacket and blue jeans, and she is holding the leashes in her hands. The dogs are sitting on the sidewalk, and the woman is standing in front of them, giving them commands. The background shows a street with cars passing by.",T2V_data/label/vidgen_filter_gemini_part_0_dpo_14/6Nbz94FEPoM-Scene-0024/depth.mp4,T2V_data/label/vidgen_filter_gemini_part_0_dpo_14/6Nbz94FEPoM-Scene-0024/entity_40.png
T2V_data/VIDGEN-1M_unzip/6Nbz94FEPoM-Scene-0024.mp4,"In the video, a woman is seen walking her three dogs on leashes. The dogs are of different breeds and colors, including black and white, brown and white, and brown. The woman is wearing a black jacket and blue jeans, and she is holding the leashes in her hands. The dogs are sitting on the sidewalk, and the woman is standing in front of them, giving them commands. The background shows a street with cars passing by.",T2V_data/label/vidgen_filter_gemini_part_0_dpo_14/6Nbz94FEPoM-Scene-0024/entity_40.mp4,T2V_data/label/vidgen_filter_gemini_part_0_dpo_14/6Nbz94FEPoM-Scene-0024/entity_40.png
T2V_data/VIDGEN-1M_unzip/6nfOxMMk-Ak-Scene-0032.mp4,The video shows a woman surfing on a wave. She is wearing a black top and red shorts. She is seen kneeling on the surfboard and then stands up to ride the wave. The sky is clear and the water is blue.,T2V_data/label/vidgen_filter_gemini_part_0_dpo_14/6nfOxMMk-Ak-Scene-0032/depth.mp4,T2V_data/label/vidgen_filter_gemini_part_0_dpo_14/6nfOxMMk-Ak-Scene-0032/entity_20.png
T2V_data/VIDGEN-1M_unzip/6nfOxMMk-Ak-Scene-0032.mp4,The video shows a woman surfing on a wave. She is wearing a black top and red shorts. She is seen kneeling on the surfboard and then stands up to ride the wave. The sky is clear and the water is blue.,T2V_data/label/vidgen_filter_gemini_part_0_dpo_14/6nfOxMMk-Ak-Scene-0032/entity_20.mp4,T2V_data/label/vidgen_filter_gemini_part_0_dpo_14/6nfOxMMk-Ak-Scene-0032/entity_20.png
T2V_data/VIDGEN-1M_unzip/6uMLWM3uVYc-Scene-0097.mp4,"The video shows a person lying on a bench in a gym, using a leg press machine. The person is wearing a blue shirt and black shorts. The leg press machine is white and has black padding. The person is pushing the platform with their feet, lifting their legs up and down. The gym has red walls and there is a mirror in the background.",T2V_data/label/vidgen_filter_gemini_part_0_dpo_14/6uMLWM3uVYc-Scene-0097/depth.mp4,T2V_data/label/vidgen_filter_gemini_part_0_dpo_14/6uMLWM3uVYc-Scene-0097/entity_20.png
T2V_data/VIDGEN-1M_unzip/6uMLWM3uVYc-Scene-0097.mp4,"The video shows a person lying on a bench in a gym, using a leg press machine. The person is wearing a blue shirt and black shorts. The leg press machine is white and has black padding. The person is pushing the platform with their feet, lifting their legs up and down. The gym has red walls and there is a mirror in the background.",T2V_data/label/vidgen_filter_gemini_part_0_dpo_14/6uMLWM3uVYc-Scene-0097/entity_20.mp4,T2V_data/label/vidgen_filter_gemini_part_0_dpo_14/6uMLWM3uVYc-Scene-0097/entity_20.png
T2V_data/VIDGEN-1M_unzip/7G4NjCYOwwY-Scene-0039.mp4,"In the video, a person is seen holding a small piece of metal in their hand. They are using a tool to make a hole in the metal. The person's hands are steady, and they seem to be experienced in this task. The background is a blue grid, which could be a workbench or table. The metal piece is silver in color, and the tool used is black. The person's movements are precise, and they appear to be focused on the task at hand.",T2V_data/label/vidgen_filter_gemini_part_0_dpo_14/7G4NjCYOwwY-Scene-0039/depth.mp4,T2V_data/label/vidgen_filter_gemini_part_0_dpo_14/7G4NjCYOwwY-Scene-0039/entity_40.png
T2V_data/VIDGEN-1M_unzip/7G4NjCYOwwY-Scene-0039.mp4,"In the video, a person is seen holding a small piece of metal in their hand. They are using a tool to make a hole in the metal. The person's hands are steady, and they seem to be experienced in this task. The background is a blue grid, which could be a workbench or table. The metal piece is silver in color, and the tool used is black. The person's movements are precise, and they appear to be focused on the task at hand.",T2V_data/label/vidgen_filter_gemini_part_0_dpo_14/7G4NjCYOwwY-Scene-0039/entity_40.mp4,T2V_data/label/vidgen_filter_gemini_part_0_dpo_14/7G4NjCYOwwY-Scene-0039/entity_40.png
T2V_data/VIDGEN-1M_unzip/7PAWoogCRrU-Scene-0039.mp4,"In the video, a person is seen holding a strainer over a sink and pouring noodles into it. The noodles are then rinsed under running water from the faucet. The person uses their hands to move the noodles around in the strainer, ensuring that all the water is drained out. The sink is made of stainless steel, and the countertop is visible in the background. The person is wearing a white shirt, and the noodles appear to be of a pale yellow color.",T2V_data/label/vidgen_filter_gemini_part_0_dpo_14/7PAWoogCRrU-Scene-0039/depth.mp4,T2V_data/label/vidgen_filter_gemini_part_0_dpo_14/7PAWoogCRrU-Scene-0039/entity_40.png
T2V_data/VIDGEN-1M_unzip/7PAWoogCRrU-Scene-0039.mp4,"In the video, a person is seen holding a strainer over a sink and pouring noodles into it. The noodles are then rinsed under running water from the faucet. The person uses their hands to move the noodles around in the strainer, ensuring that all the water is drained out. The sink is made of stainless steel, and the countertop is visible in the background. The person is wearing a white shirt, and the noodles appear to be of a pale yellow color.",T2V_data/label/vidgen_filter_gemini_part_0_dpo_14/7PAWoogCRrU-Scene-0039/entity_40.mp4,T2V_data/label/vidgen_filter_gemini_part_0_dpo_14/7PAWoogCRrU-Scene-0039/entity_40.png
T2V_data/VIDGEN-1M_unzip/7PAWoogCRrU-Scene-0039.mp4,"In the video, a person is seen holding a strainer over a sink and pouring noodles into it. The noodles are then rinsed under running water from the faucet. The person uses their hands to move the noodles around in the strainer, ensuring that all the water is drained out. The sink is made of stainless steel, and the countertop is visible in the background. The person is wearing a white shirt, and the noodles appear to be of a pale yellow color.",T2V_data/label/vidgen_filter_gemini_part_0_dpo_14/7PAWoogCRrU-Scene-0039/depth.mp4,T2V_data/label/vidgen_filter_gemini_part_0_dpo_14/7PAWoogCRrU-Scene-0039/entity_60.png
T2V_data/VIDGEN-1M_unzip/7PAWoogCRrU-Scene-0039.mp4,"In the video, a person is seen holding a strainer over a sink and pouring noodles into it. The noodles are then rinsed under running water from the faucet. The person uses their hands to move the noodles around in the strainer, ensuring that all the water is drained out. The sink is made of stainless steel, and the countertop is visible in the background. The person is wearing a white shirt, and the noodles appear to be of a pale yellow color.",T2V_data/label/vidgen_filter_gemini_part_0_dpo_14/7PAWoogCRrU-Scene-0039/entity_60.mp4,T2V_data/label/vidgen_filter_gemini_part_0_dpo_14/7PAWoogCRrU-Scene-0039/entity_60.png
T2V_data/VIDGEN-1M_unzip/7QVzFVt3sVs-Scene-0020.mp4,"In the video, a person is seen cutting a piece of meat on a cutting board. The person is using a knife to cut the meat into smaller pieces. The meat appears to be red and has a shiny surface. The person's hands are visible, and they are wearing a ring on their left hand. The cutting board is brown and appears to be made of wood. The person's movements are steady and precise as they cut through the meat.",T2V_data/label/vidgen_filter_gemini_part_0_dpo_14/7QVzFVt3sVs-Scene-0020/depth.mp4,T2V_data/label/vidgen_filter_gemini_part_0_dpo_14/7QVzFVt3sVs-Scene-0020/entity_40.png
T2V_data/VIDGEN-1M_unzip/7QVzFVt3sVs-Scene-0020.mp4,"In the video, a person is seen cutting a piece of meat on a cutting board. The person is using a knife to cut the meat into smaller pieces. The meat appears to be red and has a shiny surface. The person's hands are visible, and they are wearing a ring on their left hand. The cutting board is brown and appears to be made of wood. The person's movements are steady and precise as they cut through the meat.",T2V_data/label/vidgen_filter_gemini_part_0_dpo_14/7QVzFVt3sVs-Scene-0020/entity_40.mp4,T2V_data/label/vidgen_filter_gemini_part_0_dpo_14/7QVzFVt3sVs-Scene-0020/entity_40.png
T2V_data/VIDGEN-1M_unzip/7QVzFVt3sVs-Scene-0020.mp4,"In the video, a person is seen cutting a piece of meat on a cutting board. The person is using a knife to cut the meat into smaller pieces. The meat appears to be red and has a shiny surface. The person's hands are visible, and they are wearing a ring on their left hand. The cutting board is brown and appears to be made of wood. The person's movements are steady and precise as they cut through the meat.",T2V_data/label/vidgen_filter_gemini_part_0_dpo_14/7QVzFVt3sVs-Scene-0020/depth.mp4,T2V_data/label/vidgen_filter_gemini_part_0_dpo_14/7QVzFVt3sVs-Scene-0020/entity_60.png
T2V_data/VIDGEN-1M_unzip/7QVzFVt3sVs-Scene-0020.mp4,"In the video, a person is seen cutting a piece of meat on a cutting board. The person is using a knife to cut the meat into smaller pieces. The meat appears to be red and has a shiny surface. The person's hands are visible, and they are wearing a ring on their left hand. The cutting board is brown and appears to be made of wood. The person's movements are steady and precise as they cut through the meat.",T2V_data/label/vidgen_filter_gemini_part_0_dpo_14/7QVzFVt3sVs-Scene-0020/entity_60.mp4,T2V_data/label/vidgen_filter_gemini_part_0_dpo_14/7QVzFVt3sVs-Scene-0020/entity_60.png
T2V_data/VIDGEN-1M_unzip/7S6NnNm-74A-Scene-0018.mp4,"The video shows a close-up of a machine drilling a hole into a piece of metal. The metal is silver in color and has a shiny surface. The drill bit is spinning rapidly and creating small metal shavings that are falling to the ground. The background is dark, and the focus is on the drilling process.",T2V_data/label/vidgen_filter_gemini_part_0_dpo_14/7S6NnNm-74A-Scene-0018/depth.mp4,T2V_data/label/vidgen_filter_gemini_part_0_dpo_14/7S6NnNm-74A-Scene-0018/entity_20.png
T2V_data/VIDGEN-1M_unzip/7S6NnNm-74A-Scene-0018.mp4,"The video shows a close-up of a machine drilling a hole into a piece of metal. The metal is silver in color and has a shiny surface. The drill bit is spinning rapidly and creating small metal shavings that are falling to the ground. The background is dark, and the focus is on the drilling process.",T2V_data/label/vidgen_filter_gemini_part_0_dpo_14/7S6NnNm-74A-Scene-0018/entity_20.mp4,T2V_data/label/vidgen_filter_gemini_part_0_dpo_14/7S6NnNm-74A-Scene-0018/entity_20.png
T2V_data/VIDGEN-1M_unzip/7S6NnNm-74A-Scene-0018.mp4,"The video shows a close-up of a machine drilling a hole into a piece of metal. The metal is silver in color and has a shiny surface. The drill bit is spinning rapidly and creating small metal shavings that are falling to the ground. The background is dark, and the focus is on the drilling process.",T2V_data/label/vidgen_filter_gemini_part_0_dpo_14/7S6NnNm-74A-Scene-0018/depth.mp4,T2V_data/label/vidgen_filter_gemini_part_0_dpo_14/7S6NnNm-74A-Scene-0018/entity_40.png
T2V_data/VIDGEN-1M_unzip/7S6NnNm-74A-Scene-0018.mp4,"The video shows a close-up of a machine drilling a hole into a piece of metal. The metal is silver in color and has a shiny surface. The drill bit is spinning rapidly and creating small metal shavings that are falling to the ground. The background is dark, and the focus is on the drilling process.",T2V_data/label/vidgen_filter_gemini_part_0_dpo_14/7S6NnNm-74A-Scene-0018/entity_40.mp4,T2V_data/label/vidgen_filter_gemini_part_0_dpo_14/7S6NnNm-74A-Scene-0018/entity_40.png
T2V_data/VIDGEN-1M_unzip/7Wiqev-rMPs-Scene-0156.mp4,"The video shows a construction site where a group of workers are working on a concrete foundation. One worker is using a cement mixer to pour concrete onto the foundation, while another worker is using a tool to smooth out the concrete. The workers are wearing safety gear, including hard hats and reflective vests. The foundation is surrounded by a wooden frame, and there is a pile of rocks and debris in the background. The sky is clear, indicating that it is a sunny day.",T2V_data/label/vidgen_filter_gemini_part_0_dpo_14/7Wiqev-rMPs-Scene-0156/depth.mp4,T2V_data/label/vidgen_filter_gemini_part_0_dpo_14/7Wiqev-rMPs-Scene-0156/entity_40.png
T2V_data/VIDGEN-1M_unzip/7Wiqev-rMPs-Scene-0156.mp4,"The video shows a construction site where a group of workers are working on a concrete foundation. One worker is using a cement mixer to pour concrete onto the foundation, while another worker is using a tool to smooth out the concrete. The workers are wearing safety gear, including hard hats and reflective vests. The foundation is surrounded by a wooden frame, and there is a pile of rocks and debris in the background. The sky is clear, indicating that it is a sunny day.",T2V_data/label/vidgen_filter_gemini_part_0_dpo_14/7Wiqev-rMPs-Scene-0156/entity_40.mp4,T2V_data/label/vidgen_filter_gemini_part_0_dpo_14/7Wiqev-rMPs-Scene-0156/entity_40.png
T2V_data/VIDGEN-1M_unzip/7_XsapAbjFU-Scene-0087.mp4,"In the video, a man is seen riding a bike down a hill. He is wearing a gray shirt and has tattoos on his arms. The bike is black and has a small wheel in the front. The man is holding onto the handlebars with one hand and pointing to the camera with the other. The background consists of trees and a clear blue sky.",T2V_data/label/vidgen_filter_gemini_part_0_dpo_14/7_XsapAbjFU-Scene-0087/depth.mp4,T2V_data/label/vidgen_filter_gemini_part_0_dpo_14/7_XsapAbjFU-Scene-0087/entity_20.png
T2V_data/VIDGEN-1M_unzip/7_XsapAbjFU-Scene-0087.mp4,"In the video, a man is seen riding a bike down a hill. He is wearing a gray shirt and has tattoos on his arms. The bike is black and has a small wheel in the front. The man is holding onto the handlebars with one hand and pointing to the camera with the other. The background consists of trees and a clear blue sky.",T2V_data/label/vidgen_filter_gemini_part_0_dpo_14/7_XsapAbjFU-Scene-0087/entity_20.mp4,T2V_data/label/vidgen_filter_gemini_part_0_dpo_14/7_XsapAbjFU-Scene-0087/entity_20.png
T2V_data/VIDGEN-1M_unzip/7cRZJ6P4grQ-Scene-0134.mp4,"In the video, a man is seen working on a wooden drawer. He is using a screwdriver to secure the drawer into place. The man is wearing a black shirt and a gray cap. The drawer is light brown in color and appears to be made of wood. The man is kneeling on the floor while he works on the drawer. The background of the video is a workshop, with various tools and equipment visible.",T2V_data/label/vidgen_filter_gemini_part_0_dpo_14/7cRZJ6P4grQ-Scene-0134/depth.mp4,T2V_data/label/vidgen_filter_gemini_part_0_dpo_14/7cRZJ6P4grQ-Scene-0134/entity_40.png
T2V_data/VIDGEN-1M_unzip/7cRZJ6P4grQ-Scene-0134.mp4,"In the video, a man is seen working on a wooden drawer. He is using a screwdriver to secure the drawer into place. The man is wearing a black shirt and a gray cap. The drawer is light brown in color and appears to be made of wood. The man is kneeling on the floor while he works on the drawer. The background of the video is a workshop, with various tools and equipment visible.",T2V_data/label/vidgen_filter_gemini_part_0_dpo_14/7cRZJ6P4grQ-Scene-0134/entity_40.mp4,T2V_data/label/vidgen_filter_gemini_part_0_dpo_14/7cRZJ6P4grQ-Scene-0134/entity_40.png
T2V_data/VIDGEN-1M_unzip/85uUmrVFB9I-Scene-0200.mp4,"The video features a marble run toy with a variety of colorful components. The toy has a yellow base with a blue track that curves around a green post with a yellow top. The track is supported by red, blue, and green vertical poles. Green marbles are released from the top of the toy and roll down the track, eventually collecting in the yellow base. The toy is set against a white background, and the marbles appear to be the only moving objects in the video.",T2V_data/label/vidgen_filter_gemini_part_0_dpo_14/85uUmrVFB9I-Scene-0200/depth.mp4,T2V_data/label/vidgen_filter_gemini_part_0_dpo_14/85uUmrVFB9I-Scene-0200/entity_40.png
T2V_data/VIDGEN-1M_unzip/85uUmrVFB9I-Scene-0200.mp4,"The video features a marble run toy with a variety of colorful components. The toy has a yellow base with a blue track that curves around a green post with a yellow top. The track is supported by red, blue, and green vertical poles. Green marbles are released from the top of the toy and roll down the track, eventually collecting in the yellow base. The toy is set against a white background, and the marbles appear to be the only moving objects in the video.",T2V_data/label/vidgen_filter_gemini_part_0_dpo_14/85uUmrVFB9I-Scene-0200/entity_40.mp4,T2V_data/label/vidgen_filter_gemini_part_0_dpo_14/85uUmrVFB9I-Scene-0200/entity_40.png
T2V_data/VIDGEN-1M_unzip/8Bgj8ikPx-8-Scene-0115.mp4,"The video shows a car drifting on a track. The car is gray in color and has a large engine on the hood. It is producing a lot of smoke as it drifts around the track. The track is black and appears to be made of asphalt. There are barriers on the sides of the track and a crowd of people watching from the stands. The car is moving at a high speed and the driver is skillfully maneuvering it around the track. The video is shot from a distance, capturing the entirety of the car and the surrounding environment.",T2V_data/label/vidgen_filter_gemini_part_0_dpo_14/8Bgj8ikPx-8-Scene-0115/depth.mp4,T2V_data/label/vidgen_filter_gemini_part_0_dpo_14/8Bgj8ikPx-8-Scene-0115/entity_20.png
T2V_data/VIDGEN-1M_unzip/8Bgj8ikPx-8-Scene-0115.mp4,"The video shows a car drifting on a track. The car is gray in color and has a large engine on the hood. It is producing a lot of smoke as it drifts around the track. The track is black and appears to be made of asphalt. There are barriers on the sides of the track and a crowd of people watching from the stands. The car is moving at a high speed and the driver is skillfully maneuvering it around the track. The video is shot from a distance, capturing the entirety of the car and the surrounding environment.",T2V_data/label/vidgen_filter_gemini_part_0_dpo_14/8Bgj8ikPx-8-Scene-0115/entity_20.mp4,T2V_data/label/vidgen_filter_gemini_part_0_dpo_14/8Bgj8ikPx-8-Scene-0115/entity_20.png
T2V_data/VIDGEN-1M_unzip/8N5n2LpPwqw-Scene-0066.mp4,"The video shows a boxing match between two boxers in a ring. One boxer is wearing white shorts, while the other is wearing red shorts. The boxer in white shorts is throwing punches at the boxer in red shorts, who is defending himself. The boxer in white shorts is also wearing white gloves, while the boxer in red shorts is wearing blue gloves. The ring has blue ropes and there are spectators in the background. The video is shot from the side of the ring, capturing the action as it unfolds.",T2V_data/label/vidgen_filter_gemini_part_0_dpo_14/8N5n2LpPwqw-Scene-0066/depth.mp4,T2V_data/label/vidgen_filter_gemini_part_0_dpo_14/8N5n2LpPwqw-Scene-0066/entity_20.png
T2V_data/VIDGEN-1M_unzip/8N5n2LpPwqw-Scene-0066.mp4,"The video shows a boxing match between two boxers in a ring. One boxer is wearing white shorts, while the other is wearing red shorts. The boxer in white shorts is throwing punches at the boxer in red shorts, who is defending himself. The boxer in white shorts is also wearing white gloves, while the boxer in red shorts is wearing blue gloves. The ring has blue ropes and there are spectators in the background. The video is shot from the side of the ring, capturing the action as it unfolds.",T2V_data/label/vidgen_filter_gemini_part_0_dpo_14/8N5n2LpPwqw-Scene-0066/entity_20.mp4,T2V_data/label/vidgen_filter_gemini_part_0_dpo_14/8N5n2LpPwqw-Scene-0066/entity_20.png
T2V_data/VIDGEN-1M_unzip/8Ou6OPMN_I0-Scene-0086.mp4,"The video shows a close-up of a person's hands as they carefully remove the shell of a snail. The snail is lying on a bed of small white rocks, and the person's hands are visible as they peel back the shell to reveal the snail's body. The snail's body is a light brown color, and it appears to be wet and slimy. The person's hands are steady as they work to remove the shell, and there is no visible title or subtitle in the video.",T2V_data/label/vidgen_filter_gemini_part_0_dpo_14/8Ou6OPMN_I0-Scene-0086/depth.mp4,T2V_data/label/vidgen_filter_gemini_part_0_dpo_14/8Ou6OPMN_I0-Scene-0086/entity_40.png
T2V_data/VIDGEN-1M_unzip/8Ou6OPMN_I0-Scene-0086.mp4,"The video shows a close-up of a person's hands as they carefully remove the shell of a snail. The snail is lying on a bed of small white rocks, and the person's hands are visible as they peel back the shell to reveal the snail's body. The snail's body is a light brown color, and it appears to be wet and slimy. The person's hands are steady as they work to remove the shell, and there is no visible title or subtitle in the video.",T2V_data/label/vidgen_filter_gemini_part_0_dpo_14/8Ou6OPMN_I0-Scene-0086/entity_40.mp4,T2V_data/label/vidgen_filter_gemini_part_0_dpo_14/8Ou6OPMN_I0-Scene-0086/entity_40.png
T2V_data/VIDGEN-1M_unzip/8_33fv0HvU4-Scene-0014.mp4,The video shows a man riding a bull in a rodeo arena. The man is wearing a black and yellow shirt and a yellow helmet. The bull is brown and is bucking wildly. The man is holding on tightly with one hand while the other hand is in the air. The crowd is watching from the stands.,T2V_data/label/vidgen_filter_gemini_part_0_dpo_14/8_33fv0HvU4-Scene-0014/depth.mp4,T2V_data/label/vidgen_filter_gemini_part_0_dpo_14/8_33fv0HvU4-Scene-0014/entity_40.png
T2V_data/VIDGEN-1M_unzip/8_33fv0HvU4-Scene-0014.mp4,The video shows a man riding a bull in a rodeo arena. The man is wearing a black and yellow shirt and a yellow helmet. The bull is brown and is bucking wildly. The man is holding on tightly with one hand while the other hand is in the air. The crowd is watching from the stands.,T2V_data/label/vidgen_filter_gemini_part_0_dpo_14/8_33fv0HvU4-Scene-0014/entity_40.mp4,T2V_data/label/vidgen_filter_gemini_part_0_dpo_14/8_33fv0HvU4-Scene-0014/entity_40.png
T2V_data/VIDGEN-1M_unzip/8l8bYHC4P_E-Scene-0013.mp4,"The video shows a person pouring a blue liquid into a bowl of yellow liquid, then adding a clear liquid, and finally a white liquid. The person then stirs the mixture with a spoon.",T2V_data/label/vidgen_filter_gemini_part_0_dpo_14/8l8bYHC4P_E-Scene-0013/depth.mp4,T2V_data/label/vidgen_filter_gemini_part_0_dpo_14/8l8bYHC4P_E-Scene-0013/entity_60.png
T2V_data/VIDGEN-1M_unzip/8l8bYHC4P_E-Scene-0013.mp4,"The video shows a person pouring a blue liquid into a bowl of yellow liquid, then adding a clear liquid, and finally a white liquid. The person then stirs the mixture with a spoon.",T2V_data/label/vidgen_filter_gemini_part_0_dpo_14/8l8bYHC4P_E-Scene-0013/entity_60.mp4,T2V_data/label/vidgen_filter_gemini_part_0_dpo_14/8l8bYHC4P_E-Scene-0013/entity_60.png
T2V_data/VIDGEN-1M_unzip/8rB-fz3rL9o-Scene-0037.mp4,"The video shows a clear glass jar filled with water. The jar has two red arrows drawn on it, pointing in opposite directions. The background is a blackboard with some writing on it. A hand appears in the frame, holding the jar and moving it back and forth. The arrows on the jar remain static as the jar moves.",T2V_data/label/vidgen_filter_gemini_part_0_dpo_14/8rB-fz3rL9o-Scene-0037/depth.mp4,T2V_data/label/vidgen_filter_gemini_part_0_dpo_14/8rB-fz3rL9o-Scene-0037/entity_20.png
T2V_data/VIDGEN-1M_unzip/8rB-fz3rL9o-Scene-0037.mp4,"The video shows a clear glass jar filled with water. The jar has two red arrows drawn on it, pointing in opposite directions. The background is a blackboard with some writing on it. A hand appears in the frame, holding the jar and moving it back and forth. The arrows on the jar remain static as the jar moves.",T2V_data/label/vidgen_filter_gemini_part_0_dpo_14/8rB-fz3rL9o-Scene-0037/entity_20.mp4,T2V_data/label/vidgen_filter_gemini_part_0_dpo_14/8rB-fz3rL9o-Scene-0037/entity_20.png
T2V_data/VIDGEN-1M_unzip/8v5XASiRQeo-Scene-0185.mp4,"In this video, a person is seen kneading a piece of slime. The slime is a bright green color and appears to be very stretchy and malleable. The person's hands are covered in the slime, and they are using their fingers to stretch and fold the slime in various ways. The background is a wooden surface, and the lighting is bright, highlighting the texture and color of the slime. The person's movements are deliberate and focused, indicating that they are likely familiar with the process of kneading slime.",T2V_data/label/vidgen_filter_gemini_part_0_dpo_14/8v5XASiRQeo-Scene-0185/depth.mp4,T2V_data/label/vidgen_filter_gemini_part_0_dpo_14/8v5XASiRQeo-Scene-0185/entity_40.png
T2V_data/VIDGEN-1M_unzip/8v5XASiRQeo-Scene-0185.mp4,"In this video, a person is seen kneading a piece of slime. The slime is a bright green color and appears to be very stretchy and malleable. The person's hands are covered in the slime, and they are using their fingers to stretch and fold the slime in various ways. The background is a wooden surface, and the lighting is bright, highlighting the texture and color of the slime. The person's movements are deliberate and focused, indicating that they are likely familiar with the process of kneading slime.",T2V_data/label/vidgen_filter_gemini_part_0_dpo_14/8v5XASiRQeo-Scene-0185/entity_40.mp4,T2V_data/label/vidgen_filter_gemini_part_0_dpo_14/8v5XASiRQeo-Scene-0185/entity_40.png
T2V_data/VIDGEN-1M_unzip/8yRCfrZJ-Yc-Scene-0003.mp4,"The video shows a first-person view of a person paddling a canoe. The camera is positioned at the front of the canoe, capturing the bow as it cuts through the water. The water appears calm, and the sky is clear. The paddler's arms are visible, moving rhythmically to propel the canoe forward. The paddle is dipped into the water on alternating sides, creating ripples and splashes. The surrounding environment is not visible, but the sound of the water and the paddling can be heard.",T2V_data/label/vidgen_filter_gemini_part_0_dpo_14/8yRCfrZJ-Yc-Scene-0003/depth.mp4,T2V_data/label/vidgen_filter_gemini_part_0_dpo_14/8yRCfrZJ-Yc-Scene-0003/entity_20.png
T2V_data/VIDGEN-1M_unzip/8yRCfrZJ-Yc-Scene-0003.mp4,"The video shows a first-person view of a person paddling a canoe. The camera is positioned at the front of the canoe, capturing the bow as it cuts through the water. The water appears calm, and the sky is clear. The paddler's arms are visible, moving rhythmically to propel the canoe forward. The paddle is dipped into the water on alternating sides, creating ripples and splashes. The surrounding environment is not visible, but the sound of the water and the paddling can be heard.",T2V_data/label/vidgen_filter_gemini_part_0_dpo_14/8yRCfrZJ-Yc-Scene-0003/entity_20.mp4,T2V_data/label/vidgen_filter_gemini_part_0_dpo_14/8yRCfrZJ-Yc-Scene-0003/entity_20.png
T2V_data/VIDGEN-1M_unzip/92OLr_StqvE-Scene-0059.mp4,"The video shows a drone flying in the air. The drone is black and white in color and is flying over a large green field. In the background, there is a large building with many windows. The sky is clear and blue.",T2V_data/label/vidgen_filter_gemini_part_0_dpo_14/92OLr_StqvE-Scene-0059/depth.mp4,T2V_data/label/vidgen_filter_gemini_part_0_dpo_14/92OLr_StqvE-Scene-0059/entity_60.png
T2V_data/VIDGEN-1M_unzip/92OLr_StqvE-Scene-0059.mp4,"The video shows a drone flying in the air. The drone is black and white in color and is flying over a large green field. In the background, there is a large building with many windows. The sky is clear and blue.",T2V_data/label/vidgen_filter_gemini_part_0_dpo_14/92OLr_StqvE-Scene-0059/entity_60.mp4,T2V_data/label/vidgen_filter_gemini_part_0_dpo_14/92OLr_StqvE-Scene-0059/entity_60.png
T2V_data/VIDGEN-1M_unzip/93LUrMiybDw-Scene-0006.mp4,"In the video, there are two brown dogs with yellow collars playing with a large black spider toy on a wooden floor. The dogs are barking and jumping around the toy, which is moving around on the floor. The room is dimly lit, and there are some other toys scattered on the floor. The dogs seem to be having fun playing with the spider toy.",T2V_data/label/vidgen_filter_gemini_part_0_dpo_14/93LUrMiybDw-Scene-0006/depth.mp4,T2V_data/label/vidgen_filter_gemini_part_0_dpo_14/93LUrMiybDw-Scene-0006/entity_60.png
T2V_data/VIDGEN-1M_unzip/93LUrMiybDw-Scene-0006.mp4,"In the video, there are two brown dogs with yellow collars playing with a large black spider toy on a wooden floor. The dogs are barking and jumping around the toy, which is moving around on the floor. The room is dimly lit, and there are some other toys scattered on the floor. The dogs seem to be having fun playing with the spider toy.",T2V_data/label/vidgen_filter_gemini_part_0_dpo_14/93LUrMiybDw-Scene-0006/entity_60.mp4,T2V_data/label/vidgen_filter_gemini_part_0_dpo_14/93LUrMiybDw-Scene-0006/entity_60.png
T2V_data/VIDGEN-1M_unzip/963y8I_MtlI-Scene-0022.mp4,"The video shows a close-up of a person's hand as they push a button on a black surface. The button is circular and has a small white dot in the center. The person's hand is visible in the frame, and they are wearing a silver ring on their ring finger. The background is blurred, but it appears to be a dark room. The person's hand pushes the button several times, and the button seems to be part of a larger device or machine.",T2V_data/label/vidgen_filter_gemini_part_0_dpo_14/963y8I_MtlI-Scene-0022/depth.mp4,T2V_data/label/vidgen_filter_gemini_part_0_dpo_14/963y8I_MtlI-Scene-0022/entity_40.png
T2V_data/VIDGEN-1M_unzip/963y8I_MtlI-Scene-0022.mp4,"The video shows a close-up of a person's hand as they push a button on a black surface. The button is circular and has a small white dot in the center. The person's hand is visible in the frame, and they are wearing a silver ring on their ring finger. The background is blurred, but it appears to be a dark room. The person's hand pushes the button several times, and the button seems to be part of a larger device or machine.",T2V_data/label/vidgen_filter_gemini_part_0_dpo_14/963y8I_MtlI-Scene-0022/entity_40.mp4,T2V_data/label/vidgen_filter_gemini_part_0_dpo_14/963y8I_MtlI-Scene-0022/entity_40.png
T2V_data/VIDGEN-1M_unzip/9jH3FlL87ZI-Scene-0120.mp4,"In the video, a person is using a power tool to carve a circular hole in a piece of wood. The person is wearing a black sweater and is holding the tool with their right hand. The wood is light brown in color and has a rough texture. The power tool is silver and has a red button on it. The person is using their left hand to hold the wood in place while the tool is carving the hole. The video is shot in close-up, focusing on the person's hands and the wood.",T2V_data/label/vidgen_filter_gemini_part_0_dpo_14/9jH3FlL87ZI-Scene-0120/depth.mp4,T2V_data/label/vidgen_filter_gemini_part_0_dpo_14/9jH3FlL87ZI-Scene-0120/entity_40.png
T2V_data/VIDGEN-1M_unzip/9jH3FlL87ZI-Scene-0120.mp4,"In the video, a person is using a power tool to carve a circular hole in a piece of wood. The person is wearing a black sweater and is holding the tool with their right hand. The wood is light brown in color and has a rough texture. The power tool is silver and has a red button on it. The person is using their left hand to hold the wood in place while the tool is carving the hole. The video is shot in close-up, focusing on the person's hands and the wood.",T2V_data/label/vidgen_filter_gemini_part_0_dpo_14/9jH3FlL87ZI-Scene-0120/entity_40.mp4,T2V_data/label/vidgen_filter_gemini_part_0_dpo_14/9jH3FlL87ZI-Scene-0120/entity_40.png
T2V_data/VIDGEN-1M_unzip/9lJl4XAWG3M-Scene-0015.mp4,"In the video, a person is using a tool to turn a screw. The tool has a long metal rod with a screw on the end, which is being inserted into a hole in the center of a black circular object. The person is holding the tool with one hand and turning the screw with the other hand. The background is white, and the person's hands are visible. The tool appears to be made of metal and has a shiny surface. The screw is silver and has a threaded end. The circular object has a black center with a hole in the middle, and the person is turning the screw clockwise.",T2V_data/label/vidgen_filter_gemini_part_0_dpo_14/9lJl4XAWG3M-Scene-0015/depth.mp4,T2V_data/label/vidgen_filter_gemini_part_0_dpo_14/9lJl4XAWG3M-Scene-0015/entity_40.png
T2V_data/VIDGEN-1M_unzip/9lJl4XAWG3M-Scene-0015.mp4,"In the video, a person is using a tool to turn a screw. The tool has a long metal rod with a screw on the end, which is being inserted into a hole in the center of a black circular object. The person is holding the tool with one hand and turning the screw with the other hand. The background is white, and the person's hands are visible. The tool appears to be made of metal and has a shiny surface. The screw is silver and has a threaded end. The circular object has a black center with a hole in the middle, and the person is turning the screw clockwise.",T2V_data/label/vidgen_filter_gemini_part_0_dpo_14/9lJl4XAWG3M-Scene-0015/entity_40.mp4,T2V_data/label/vidgen_filter_gemini_part_0_dpo_14/9lJl4XAWG3M-Scene-0015/entity_40.png
T2V_data/VIDGEN-1M_unzip/AC2Gz1dIuhM-Scene-0047.mp4,"The video shows a man wearing a baseball uniform with the word ""Texas"" on it. He is holding a baseball in one hand and a glove in the other. The man is standing on a baseball field, and he is seen throwing the ball. The video is shot from different angles, showing the man's movements as he prepares to throw the ball. The colors in the video are vibrant, with the green of the field contrasting against the man's gray uniform. The man's actions are smooth and deliberate, indicating that he is experienced in playing baseball.",T2V_data/label/vidgen_filter_gemini_part_0_dpo_14/AC2Gz1dIuhM-Scene-0047/depth.mp4,T2V_data/label/vidgen_filter_gemini_part_0_dpo_14/AC2Gz1dIuhM-Scene-0047/entity_20.png
T2V_data/VIDGEN-1M_unzip/AC2Gz1dIuhM-Scene-0047.mp4,"The video shows a man wearing a baseball uniform with the word ""Texas"" on it. He is holding a baseball in one hand and a glove in the other. The man is standing on a baseball field, and he is seen throwing the ball. The video is shot from different angles, showing the man's movements as he prepares to throw the ball. The colors in the video are vibrant, with the green of the field contrasting against the man's gray uniform. The man's actions are smooth and deliberate, indicating that he is experienced in playing baseball.",T2V_data/label/vidgen_filter_gemini_part_0_dpo_14/AC2Gz1dIuhM-Scene-0047/entity_20.mp4,T2V_data/label/vidgen_filter_gemini_part_0_dpo_14/AC2Gz1dIuhM-Scene-0047/entity_20.png
T2V_data/VIDGEN-1M_unzip/AJlnzYWc0oU-Scene-0108.mp4,"In the video, a woman is seen kneeling down in front of a pottery wheel. She is wearing a blue and white dress and has her hair tied up in a bun. The woman is using her hands to shape a lump of clay into a pot. She is focused on her work and appears to be skilled in her craft. The background is filled with other pottery pieces and tools, indicating that this may be a pottery workshop. The woman's movements are deliberate and precise as she molds the clay into the desired shape. The video captures the process of pottery making, showcasing the woman's talent and dedication to her craft.",T2V_data/label/vidgen_filter_gemini_part_0_dpo_14/AJlnzYWc0oU-Scene-0108/depth.mp4,T2V_data/label/vidgen_filter_gemini_part_0_dpo_14/AJlnzYWc0oU-Scene-0108/entity_20.png
T2V_data/VIDGEN-1M_unzip/AJlnzYWc0oU-Scene-0108.mp4,"In the video, a woman is seen kneeling down in front of a pottery wheel. She is wearing a blue and white dress and has her hair tied up in a bun. The woman is using her hands to shape a lump of clay into a pot. She is focused on her work and appears to be skilled in her craft. The background is filled with other pottery pieces and tools, indicating that this may be a pottery workshop. The woman's movements are deliberate and precise as she molds the clay into the desired shape. The video captures the process of pottery making, showcasing the woman's talent and dedication to her craft.",T2V_data/label/vidgen_filter_gemini_part_0_dpo_14/AJlnzYWc0oU-Scene-0108/entity_20.mp4,T2V_data/label/vidgen_filter_gemini_part_0_dpo_14/AJlnzYWc0oU-Scene-0108/entity_20.png
T2V_data/VIDGEN-1M_unzip/AJlnzYWc0oU-Scene-0108.mp4,"In the video, a woman is seen kneeling down in front of a pottery wheel. She is wearing a blue and white dress and has her hair tied up in a bun. The woman is using her hands to shape a lump of clay into a pot. She is focused on her work and appears to be skilled in her craft. The background is filled with other pottery pieces and tools, indicating that this may be a pottery workshop. The woman's movements are deliberate and precise as she molds the clay into the desired shape. The video captures the process of pottery making, showcasing the woman's talent and dedication to her craft.",T2V_data/label/vidgen_filter_gemini_part_0_dpo_14/AJlnzYWc0oU-Scene-0108/depth.mp4,T2V_data/label/vidgen_filter_gemini_part_0_dpo_14/AJlnzYWc0oU-Scene-0108/entity_40.png
T2V_data/VIDGEN-1M_unzip/AJlnzYWc0oU-Scene-0108.mp4,"In the video, a woman is seen kneeling down in front of a pottery wheel. She is wearing a blue and white dress and has her hair tied up in a bun. The woman is using her hands to shape a lump of clay into a pot. She is focused on her work and appears to be skilled in her craft. The background is filled with other pottery pieces and tools, indicating that this may be a pottery workshop. The woman's movements are deliberate and precise as she molds the clay into the desired shape. The video captures the process of pottery making, showcasing the woman's talent and dedication to her craft.",T2V_data/label/vidgen_filter_gemini_part_0_dpo_14/AJlnzYWc0oU-Scene-0108/entity_40.mp4,T2V_data/label/vidgen_filter_gemini_part_0_dpo_14/AJlnzYWc0oU-Scene-0108/entity_40.png
T2V_data/VIDGEN-1M_unzip/AvFHP92y5Fo-Scene-0060.mp4,"The video shows a man's hands as he works on a piece of machinery. He is using a tool to remove a part from the machine. The man's hands are dirty, indicating that he has been working on the machine for some time. The machine appears to be made of metal and has several components. The man's movements are deliberate and precise, suggesting that he is experienced in working with this type of machinery.",T2V_data/label/vidgen_filter_gemini_part_0_dpo_14/AvFHP92y5Fo-Scene-0060/depth.mp4,T2V_data/label/vidgen_filter_gemini_part_0_dpo_14/AvFHP92y5Fo-Scene-0060/entity_40.png
T2V_data/VIDGEN-1M_unzip/AvFHP92y5Fo-Scene-0060.mp4,"The video shows a man's hands as he works on a piece of machinery. He is using a tool to remove a part from the machine. The man's hands are dirty, indicating that he has been working on the machine for some time. The machine appears to be made of metal and has several components. The man's movements are deliberate and precise, suggesting that he is experienced in working with this type of machinery.",T2V_data/label/vidgen_filter_gemini_part_0_dpo_14/AvFHP92y5Fo-Scene-0060/entity_40.mp4,T2V_data/label/vidgen_filter_gemini_part_0_dpo_14/AvFHP92y5Fo-Scene-0060/entity_40.png
T2V_data/VIDGEN-1M_unzip/AzkDY2uMusM-Scene-0005.mp4,"The video shows a group of people wearing protective gear, including helmets and suits, standing in front of a fire. They are holding tools and appear to be working together to put out the fire. The fire is intense and bright, with flames and smoke visible. The individuals are focused on their task, and their movements suggest they are coordinating their efforts to extinguish the fire.",T2V_data/label/vidgen_filter_gemini_part_0_dpo_14/AzkDY2uMusM-Scene-0005/depth.mp4,T2V_data/label/vidgen_filter_gemini_part_0_dpo_14/AzkDY2uMusM-Scene-0005/entity_40.png
T2V_data/VIDGEN-1M_unzip/AzkDY2uMusM-Scene-0005.mp4,"The video shows a group of people wearing protective gear, including helmets and suits, standing in front of a fire. They are holding tools and appear to be working together to put out the fire. The fire is intense and bright, with flames and smoke visible. The individuals are focused on their task, and their movements suggest they are coordinating their efforts to extinguish the fire.",T2V_data/label/vidgen_filter_gemini_part_0_dpo_14/AzkDY2uMusM-Scene-0005/entity_40.mp4,T2V_data/label/vidgen_filter_gemini_part_0_dpo_14/AzkDY2uMusM-Scene-0005/entity_40.png
T2V_data/VIDGEN-1M_unzip/B7JGS_1AkSU-Scene-0135.mp4,"In the video, a young boy is seen riding a bicycle in a store. The store is filled with bicycles of various sizes and colors, and the boy is riding a small bicycle with a basket attached to the front. He is wearing a white shirt and appears to be enjoying himself as he pedals along the aisle. The store is well-lit, and the checkered floor adds a unique pattern to the scene. The boy seems to be the only one riding a bicycle in the store, and he is moving at a slow pace, taking in his surroundings.",T2V_data/label/vidgen_filter_gemini_part_0_dpo_14/B7JGS_1AkSU-Scene-0135/depth.mp4,T2V_data/label/vidgen_filter_gemini_part_0_dpo_14/B7JGS_1AkSU-Scene-0135/entity_20.png
T2V_data/VIDGEN-1M_unzip/B7JGS_1AkSU-Scene-0135.mp4,"In the video, a young boy is seen riding a bicycle in a store. The store is filled with bicycles of various sizes and colors, and the boy is riding a small bicycle with a basket attached to the front. He is wearing a white shirt and appears to be enjoying himself as he pedals along the aisle. The store is well-lit, and the checkered floor adds a unique pattern to the scene. The boy seems to be the only one riding a bicycle in the store, and he is moving at a slow pace, taking in his surroundings.",T2V_data/label/vidgen_filter_gemini_part_0_dpo_14/B7JGS_1AkSU-Scene-0135/entity_20.mp4,T2V_data/label/vidgen_filter_gemini_part_0_dpo_14/B7JGS_1AkSU-Scene-0135/entity_20.png
T2V_data/VIDGEN-1M_unzip/B7JGS_1AkSU-Scene-0135.mp4,"In the video, a young boy is seen riding a bicycle in a store. The store is filled with bicycles of various sizes and colors, and the boy is riding a small bicycle with a basket attached to the front. He is wearing a white shirt and appears to be enjoying himself as he pedals along the aisle. The store is well-lit, and the checkered floor adds a unique pattern to the scene. The boy seems to be the only one riding a bicycle in the store, and he is moving at a slow pace, taking in his surroundings.",T2V_data/label/vidgen_filter_gemini_part_0_dpo_14/B7JGS_1AkSU-Scene-0135/depth.mp4,T2V_data/label/vidgen_filter_gemini_part_0_dpo_14/B7JGS_1AkSU-Scene-0135/entity_40.png
T2V_data/VIDGEN-1M_unzip/B7JGS_1AkSU-Scene-0135.mp4,"In the video, a young boy is seen riding a bicycle in a store. The store is filled with bicycles of various sizes and colors, and the boy is riding a small bicycle with a basket attached to the front. He is wearing a white shirt and appears to be enjoying himself as he pedals along the aisle. The store is well-lit, and the checkered floor adds a unique pattern to the scene. The boy seems to be the only one riding a bicycle in the store, and he is moving at a slow pace, taking in his surroundings.",T2V_data/label/vidgen_filter_gemini_part_0_dpo_14/B7JGS_1AkSU-Scene-0135/entity_40.mp4,T2V_data/label/vidgen_filter_gemini_part_0_dpo_14/B7JGS_1AkSU-Scene-0135/entity_40.png
T2V_data/VIDGEN-1M_unzip/BVulZGfKBbg-Scene-0020.mp4,"The video shows a man driving a tractor. He is wearing a brown shirt and a red cap. The tractor is moving slowly, and the man is holding the steering wheel with both hands. The background is a field with some trees and a building. The man is looking straight ahead, and the tractor is moving forward.",T2V_data/label/vidgen_filter_gemini_part_0_dpo_14/BVulZGfKBbg-Scene-0020/depth.mp4,T2V_data/label/vidgen_filter_gemini_part_0_dpo_14/BVulZGfKBbg-Scene-0020/entity_20.png
T2V_data/VIDGEN-1M_unzip/BVulZGfKBbg-Scene-0020.mp4,"The video shows a man driving a tractor. He is wearing a brown shirt and a red cap. The tractor is moving slowly, and the man is holding the steering wheel with both hands. The background is a field with some trees and a building. The man is looking straight ahead, and the tractor is moving forward.",T2V_data/label/vidgen_filter_gemini_part_0_dpo_14/BVulZGfKBbg-Scene-0020/entity_20.mp4,T2V_data/label/vidgen_filter_gemini_part_0_dpo_14/BVulZGfKBbg-Scene-0020/entity_20.png
T2V_data/VIDGEN-1M_unzip/BjvAGPSMOO4-Scene-0011.mp4,"The video shows a baseball game in progress. A player is seen running towards home plate and sliding into it. The catcher, wearing a white uniform with orange and blue stripes, is waiting to catch the ball. The umpire, dressed in black, is standing behind the catcher, ready to make a call. The player slides into home plate, and the catcher catches the ball. The umpire then raises his right hand, signaling that the player is out. The player gets up and walks away from home plate.",T2V_data/label/vidgen_filter_gemini_part_0_dpo_14/BjvAGPSMOO4-Scene-0011/depth.mp4,T2V_data/label/vidgen_filter_gemini_part_0_dpo_14/BjvAGPSMOO4-Scene-0011/entity_40.png
T2V_data/VIDGEN-1M_unzip/BjvAGPSMOO4-Scene-0011.mp4,"The video shows a baseball game in progress. A player is seen running towards home plate and sliding into it. The catcher, wearing a white uniform with orange and blue stripes, is waiting to catch the ball. The umpire, dressed in black, is standing behind the catcher, ready to make a call. The player slides into home plate, and the catcher catches the ball. The umpire then raises his right hand, signaling that the player is out. The player gets up and walks away from home plate.",T2V_data/label/vidgen_filter_gemini_part_0_dpo_14/BjvAGPSMOO4-Scene-0011/entity_40.mp4,T2V_data/label/vidgen_filter_gemini_part_0_dpo_14/BjvAGPSMOO4-Scene-0011/entity_40.png
T2V_data/VIDGEN-1M_unzip/BpTa68z07rM-Scene-0184.mp4,"The video shows a man skateboarding in an indoor skate park. He starts by riding down a ramp, then jumps and flips the skateboard under his feet while in the air. He lands back on the skateboard and continues riding around the park. The park is spacious with ramps and rails for skateboarders to perform tricks on. The man is wearing a white t-shirt and grey pants. The skateboard is black with white wheels. The park is well-lit with natural light coming in from the windows.",T2V_data/label/vidgen_filter_gemini_part_0_dpo_14/BpTa68z07rM-Scene-0184/depth.mp4,T2V_data/label/vidgen_filter_gemini_part_0_dpo_14/BpTa68z07rM-Scene-0184/entity_20.png
T2V_data/VIDGEN-1M_unzip/BpTa68z07rM-Scene-0184.mp4,"The video shows a man skateboarding in an indoor skate park. He starts by riding down a ramp, then jumps and flips the skateboard under his feet while in the air. He lands back on the skateboard and continues riding around the park. The park is spacious with ramps and rails for skateboarders to perform tricks on. The man is wearing a white t-shirt and grey pants. The skateboard is black with white wheels. The park is well-lit with natural light coming in from the windows.",T2V_data/label/vidgen_filter_gemini_part_0_dpo_14/BpTa68z07rM-Scene-0184/entity_20.mp4,T2V_data/label/vidgen_filter_gemini_part_0_dpo_14/BpTa68z07rM-Scene-0184/entity_20.png
T2V_data/VIDGEN-1M_unzip/BrOjO_M00hc-Scene-0019.mp4,"The video shows a scuba diver underwater, holding a round object in his hand. He is wearing a black wetsuit and has a yellow tube attached to his back. The diver is standing next to a large structure that appears to be made of concrete and has a ladder on it. The water is clear and blue, and there are bubbles coming out of the diver's mouthpiece. The diver is looking up towards the surface of the water.",T2V_data/label/vidgen_filter_gemini_part_0_dpo_14/BrOjO_M00hc-Scene-0019/depth.mp4,T2V_data/label/vidgen_filter_gemini_part_0_dpo_14/BrOjO_M00hc-Scene-0019/entity_20.png
T2V_data/VIDGEN-1M_unzip/BrOjO_M00hc-Scene-0019.mp4,"The video shows a scuba diver underwater, holding a round object in his hand. He is wearing a black wetsuit and has a yellow tube attached to his back. The diver is standing next to a large structure that appears to be made of concrete and has a ladder on it. The water is clear and blue, and there are bubbles coming out of the diver's mouthpiece. The diver is looking up towards the surface of the water.",T2V_data/label/vidgen_filter_gemini_part_0_dpo_14/BrOjO_M00hc-Scene-0019/entity_20.mp4,T2V_data/label/vidgen_filter_gemini_part_0_dpo_14/BrOjO_M00hc-Scene-0019/entity_20.png
T2V_data/VIDGEN-1M_unzip/CPY-IooP_zU-Scene-0153.mp4,"The video shows a person's hands placing four paper cups on a table. The cups are red, blue, and yellow. The person then places two popsicle sticks on top of the cups, connecting them to form a bridge. The person adjusts the position of the sticks to make the bridge more stable.",T2V_data/label/vidgen_filter_gemini_part_0_dpo_14/CPY-IooP_zU-Scene-0153/depth.mp4,T2V_data/label/vidgen_filter_gemini_part_0_dpo_14/CPY-IooP_zU-Scene-0153/entity_20.png
T2V_data/VIDGEN-1M_unzip/CPY-IooP_zU-Scene-0153.mp4,"The video shows a person's hands placing four paper cups on a table. The cups are red, blue, and yellow. The person then places two popsicle sticks on top of the cups, connecting them to form a bridge. The person adjusts the position of the sticks to make the bridge more stable.",T2V_data/label/vidgen_filter_gemini_part_0_dpo_14/CPY-IooP_zU-Scene-0153/entity_20.mp4,T2V_data/label/vidgen_filter_gemini_part_0_dpo_14/CPY-IooP_zU-Scene-0153/entity_20.png
T2V_data/VIDGEN-1M_unzip/CPY-IooP_zU-Scene-0153.mp4,"The video shows a person's hands placing four paper cups on a table. The cups are red, blue, and yellow. The person then places two popsicle sticks on top of the cups, connecting them to form a bridge. The person adjusts the position of the sticks to make the bridge more stable.",T2V_data/label/vidgen_filter_gemini_part_0_dpo_14/CPY-IooP_zU-Scene-0153/depth.mp4,T2V_data/label/vidgen_filter_gemini_part_0_dpo_14/CPY-IooP_zU-Scene-0153/entity_40.png
T2V_data/VIDGEN-1M_unzip/CPY-IooP_zU-Scene-0153.mp4,"The video shows a person's hands placing four paper cups on a table. The cups are red, blue, and yellow. The person then places two popsicle sticks on top of the cups, connecting them to form a bridge. The person adjusts the position of the sticks to make the bridge more stable.",T2V_data/label/vidgen_filter_gemini_part_0_dpo_14/CPY-IooP_zU-Scene-0153/entity_40.mp4,T2V_data/label/vidgen_filter_gemini_part_0_dpo_14/CPY-IooP_zU-Scene-0153/entity_40.png
T2V_data/VIDGEN-1M_unzip/CPY-IooP_zU-Scene-0153.mp4,"The video shows a person's hands placing four paper cups on a table. The cups are red, blue, and yellow. The person then places two popsicle sticks on top of the cups, connecting them to form a bridge. The person adjusts the position of the sticks to make the bridge more stable.",T2V_data/label/vidgen_filter_gemini_part_0_dpo_14/CPY-IooP_zU-Scene-0153/depth.mp4,T2V_data/label/vidgen_filter_gemini_part_0_dpo_14/CPY-IooP_zU-Scene-0153/entity_60.png
T2V_data/VIDGEN-1M_unzip/CPY-IooP_zU-Scene-0153.mp4,"The video shows a person's hands placing four paper cups on a table. The cups are red, blue, and yellow. The person then places two popsicle sticks on top of the cups, connecting them to form a bridge. The person adjusts the position of the sticks to make the bridge more stable.",T2V_data/label/vidgen_filter_gemini_part_0_dpo_14/CPY-IooP_zU-Scene-0153/entity_60.mp4,T2V_data/label/vidgen_filter_gemini_part_0_dpo_14/CPY-IooP_zU-Scene-0153/entity_60.png
T2V_data/VIDGEN-1M_unzip/CPY-IooP_zU-Scene-0153.mp4,"The video shows a person's hands placing four paper cups on a table. The cups are red, blue, and yellow. The person then places two popsicle sticks on top of the cups, connecting them to form a bridge. The person adjusts the position of the sticks to make the bridge more stable.",T2V_data/label/vidgen_filter_gemini_part_0_dpo_14/CPY-IooP_zU-Scene-0153/depth.mp4,T2V_data/label/vidgen_filter_gemini_part_0_dpo_14/CPY-IooP_zU-Scene-0153/entity_80.png
T2V_data/VIDGEN-1M_unzip/CPY-IooP_zU-Scene-0153.mp4,"The video shows a person's hands placing four paper cups on a table. The cups are red, blue, and yellow. The person then places two popsicle sticks on top of the cups, connecting them to form a bridge. The person adjusts the position of the sticks to make the bridge more stable.",T2V_data/label/vidgen_filter_gemini_part_0_dpo_14/CPY-IooP_zU-Scene-0153/entity_80.mp4,T2V_data/label/vidgen_filter_gemini_part_0_dpo_14/CPY-IooP_zU-Scene-0153/entity_80.png
T2V_data/VIDGEN-1M_unzip/ChJ_mDLh7uA-Scene-0157.mp4,"The video shows a person working on a car engine. The person is wearing gloves and is using a tool to remove a part from the engine. The engine is dirty and there is oil on the tool. The person is focused on the task and is using a lot of force to remove the part. The video is shot from a close-up angle, so we can see the details of the engine and the tool.",T2V_data/label/vidgen_filter_gemini_part_0_dpo_14/ChJ_mDLh7uA-Scene-0157/depth.mp4,T2V_data/label/vidgen_filter_gemini_part_0_dpo_14/ChJ_mDLh7uA-Scene-0157/entity_20.png
T2V_data/VIDGEN-1M_unzip/ChJ_mDLh7uA-Scene-0157.mp4,"The video shows a person working on a car engine. The person is wearing gloves and is using a tool to remove a part from the engine. The engine is dirty and there is oil on the tool. The person is focused on the task and is using a lot of force to remove the part. The video is shot from a close-up angle, so we can see the details of the engine and the tool.",T2V_data/label/vidgen_filter_gemini_part_0_dpo_14/ChJ_mDLh7uA-Scene-0157/entity_20.mp4,T2V_data/label/vidgen_filter_gemini_part_0_dpo_14/ChJ_mDLh7uA-Scene-0157/entity_20.png
T2V_data/VIDGEN-1M_unzip/CkZXWAmP4zs-Scene-0040.mp4,"In the video, a man is seen working on a car's brake system. He is using a wrench to loosen the brake caliper and then using a power tool to remove it. The man is wearing a gray shirt and has a beard. The car appears to be in a garage or workshop setting. The video is shot from a close-up angle, focusing on the man's hands and the brake components. The man's actions are deliberate and precise, indicating that he is experienced in working on cars. The lighting in the video is bright, and the colors are clear, allowing viewers to see the details of the brake system and the man's actions.",T2V_data/label/vidgen_filter_gemini_part_0_dpo_14/CkZXWAmP4zs-Scene-0040/depth.mp4,T2V_data/label/vidgen_filter_gemini_part_0_dpo_14/CkZXWAmP4zs-Scene-0040/entity_60.png
T2V_data/VIDGEN-1M_unzip/CkZXWAmP4zs-Scene-0040.mp4,"In the video, a man is seen working on a car's brake system. He is using a wrench to loosen the brake caliper and then using a power tool to remove it. The man is wearing a gray shirt and has a beard. The car appears to be in a garage or workshop setting. The video is shot from a close-up angle, focusing on the man's hands and the brake components. The man's actions are deliberate and precise, indicating that he is experienced in working on cars. The lighting in the video is bright, and the colors are clear, allowing viewers to see the details of the brake system and the man's actions.",T2V_data/label/vidgen_filter_gemini_part_0_dpo_14/CkZXWAmP4zs-Scene-0040/entity_60.mp4,T2V_data/label/vidgen_filter_gemini_part_0_dpo_14/CkZXWAmP4zs-Scene-0040/entity_60.png
T2V_data/VIDGEN-1M_unzip/D54x_Vw5L1E-Scene-0015.mp4,"The video shows a group of people rowing in a boat. They are wearing red and white shirts and are sitting in the boat, rowing in unison. The water is calm and there are no other boats visible in the frame. The rowers are using oars to propel the boat forward. The boat appears to be moving at a steady pace, and the rowers are working together to maintain their speed. The video is shot from behind the rowers, providing a clear view of their synchronized movements and the splashing of the oars in the water.",T2V_data/label/vidgen_filter_gemini_part_0_dpo_14/D54x_Vw5L1E-Scene-0015/depth.mp4,T2V_data/label/vidgen_filter_gemini_part_0_dpo_14/D54x_Vw5L1E-Scene-0015/entity_20.png
T2V_data/VIDGEN-1M_unzip/D54x_Vw5L1E-Scene-0015.mp4,"The video shows a group of people rowing in a boat. They are wearing red and white shirts and are sitting in the boat, rowing in unison. The water is calm and there are no other boats visible in the frame. The rowers are using oars to propel the boat forward. The boat appears to be moving at a steady pace, and the rowers are working together to maintain their speed. The video is shot from behind the rowers, providing a clear view of their synchronized movements and the splashing of the oars in the water.",T2V_data/label/vidgen_filter_gemini_part_0_dpo_14/D54x_Vw5L1E-Scene-0015/entity_20.mp4,T2V_data/label/vidgen_filter_gemini_part_0_dpo_14/D54x_Vw5L1E-Scene-0015/entity_20.png
T2V_data/VIDGEN-1M_unzip/DZxoeWr76eA-Scene-0010.mp4,"The video shows a baseball player in a blue uniform swinging a bat and hitting a ball. The player is wearing a blue helmet, a blue jersey with the number 19, white pants, and red batting gloves. The catcher, wearing a gray uniform, is crouched behind the batter, ready to catch the ball. The umpire, dressed in black, is standing behind the catcher. The background shows a green field with spectators in the stands.",T2V_data/label/vidgen_filter_gemini_part_0_dpo_14/DZxoeWr76eA-Scene-0010/depth.mp4,T2V_data/label/vidgen_filter_gemini_part_0_dpo_14/DZxoeWr76eA-Scene-0010/entity_80.png
T2V_data/VIDGEN-1M_unzip/DZxoeWr76eA-Scene-0010.mp4,"The video shows a baseball player in a blue uniform swinging a bat and hitting a ball. The player is wearing a blue helmet, a blue jersey with the number 19, white pants, and red batting gloves. The catcher, wearing a gray uniform, is crouched behind the batter, ready to catch the ball. The umpire, dressed in black, is standing behind the catcher. The background shows a green field with spectators in the stands.",T2V_data/label/vidgen_filter_gemini_part_0_dpo_14/DZxoeWr76eA-Scene-0010/entity_80.mp4,T2V_data/label/vidgen_filter_gemini_part_0_dpo_14/DZxoeWr76eA-Scene-0010/entity_80.png
T2V_data/VIDGEN-1M_unzip/D_4m0D5aTv0-Scene-0019.mp4,"In the video, two men are seen wrestling on a mat. One man is wearing a red shirt and the other is wearing a black shirt. The man in the red shirt is on top of the man in the black shirt, and they are both grappling with each other. The man in the red shirt is trying to pin the man in the black shirt to the mat. The man in the black shirt is trying to escape the hold of the man in the red shirt. They are both exerting a lot of effort as they struggle to overpower each other. The mat they are wrestling on is blue, and there are some people standing around them, watching the match.",T2V_data/label/vidgen_filter_gemini_part_0_dpo_14/D_4m0D5aTv0-Scene-0019/depth.mp4,T2V_data/label/vidgen_filter_gemini_part_0_dpo_14/D_4m0D5aTv0-Scene-0019/entity_20.png
T2V_data/VIDGEN-1M_unzip/D_4m0D5aTv0-Scene-0019.mp4,"In the video, two men are seen wrestling on a mat. One man is wearing a red shirt and the other is wearing a black shirt. The man in the red shirt is on top of the man in the black shirt, and they are both grappling with each other. The man in the red shirt is trying to pin the man in the black shirt to the mat. The man in the black shirt is trying to escape the hold of the man in the red shirt. They are both exerting a lot of effort as they struggle to overpower each other. The mat they are wrestling on is blue, and there are some people standing around them, watching the match.",T2V_data/label/vidgen_filter_gemini_part_0_dpo_14/D_4m0D5aTv0-Scene-0019/entity_20.mp4,T2V_data/label/vidgen_filter_gemini_part_0_dpo_14/D_4m0D5aTv0-Scene-0019/entity_20.png
T2V_data/VIDGEN-1M_unzip/D_4m0D5aTv0-Scene-0019.mp4,"In the video, two men are seen wrestling on a mat. One man is wearing a red shirt and the other is wearing a black shirt. The man in the red shirt is on top of the man in the black shirt, and they are both grappling with each other. The man in the red shirt is trying to pin the man in the black shirt to the mat. The man in the black shirt is trying to escape the hold of the man in the red shirt. They are both exerting a lot of effort as they struggle to overpower each other. The mat they are wrestling on is blue, and there are some people standing around them, watching the match.",T2V_data/label/vidgen_filter_gemini_part_0_dpo_14/D_4m0D5aTv0-Scene-0019/depth.mp4,T2V_data/label/vidgen_filter_gemini_part_0_dpo_14/D_4m0D5aTv0-Scene-0019/entity_60.png
T2V_data/VIDGEN-1M_unzip/D_4m0D5aTv0-Scene-0019.mp4,"In the video, two men are seen wrestling on a mat. One man is wearing a red shirt and the other is wearing a black shirt. The man in the red shirt is on top of the man in the black shirt, and they are both grappling with each other. The man in the red shirt is trying to pin the man in the black shirt to the mat. The man in the black shirt is trying to escape the hold of the man in the red shirt. They are both exerting a lot of effort as they struggle to overpower each other. The mat they are wrestling on is blue, and there are some people standing around them, watching the match.",T2V_data/label/vidgen_filter_gemini_part_0_dpo_14/D_4m0D5aTv0-Scene-0019/entity_60.mp4,T2V_data/label/vidgen_filter_gemini_part_0_dpo_14/D_4m0D5aTv0-Scene-0019/entity_60.png
T2V_data/VIDGEN-1M_unzip/DkkiRtbFQI0-Scene-0064.mp4,"In the video, a man is seen using a knife to carve a statue. He is wearing a red shirt and is standing in front of the statue. The statue is white and appears to be made of stone or concrete. The man is using a small knife to carve the statue, and he is making precise cuts to shape the statue. The background of the video is not clearly visible, but it appears to be a workshop or a studio. The man seems to be focused on his work, and he is making careful and deliberate movements with the knife. The lighting in the video is bright, and the statue is well-lit, allowing the viewer to see the details of the carving process.",T2V_data/label/vidgen_filter_gemini_part_0_dpo_14/DkkiRtbFQI0-Scene-0064/depth.mp4,T2V_data/label/vidgen_filter_gemini_part_0_dpo_14/DkkiRtbFQI0-Scene-0064/entity_60.png
T2V_data/VIDGEN-1M_unzip/DkkiRtbFQI0-Scene-0064.mp4,"In the video, a man is seen using a knife to carve a statue. He is wearing a red shirt and is standing in front of the statue. The statue is white and appears to be made of stone or concrete. The man is using a small knife to carve the statue, and he is making precise cuts to shape the statue. The background of the video is not clearly visible, but it appears to be a workshop or a studio. The man seems to be focused on his work, and he is making careful and deliberate movements with the knife. The lighting in the video is bright, and the statue is well-lit, allowing the viewer to see the details of the carving process.",T2V_data/label/vidgen_filter_gemini_part_0_dpo_14/DkkiRtbFQI0-Scene-0064/entity_60.mp4,T2V_data/label/vidgen_filter_gemini_part_0_dpo_14/DkkiRtbFQI0-Scene-0064/entity_60.png
T2V_data/VIDGEN-1M_unzip/E-4Y7d3kPfU-Scene-0026.mp4,"The video shows a man standing in front of a dark background. He is wearing a blue coat and glasses. In his hand, he holds a small object that he lights on fire. He then places the burning object on top of a metal rod that is standing upright. The man appears to be conducting some sort of experiment or demonstration. The flame from the object is bright and steady, indicating that the man has successfully lit it. The metal rod is silver in color and appears to be made of steel or a similar material. The man's expression is focused and serious as he conducts the experiment.",T2V_data/label/vidgen_filter_gemini_part_0_dpo_14/E-4Y7d3kPfU-Scene-0026/depth.mp4,T2V_data/label/vidgen_filter_gemini_part_0_dpo_14/E-4Y7d3kPfU-Scene-0026/entity_20.png
T2V_data/VIDGEN-1M_unzip/E-4Y7d3kPfU-Scene-0026.mp4,"The video shows a man standing in front of a dark background. He is wearing a blue coat and glasses. In his hand, he holds a small object that he lights on fire. He then places the burning object on top of a metal rod that is standing upright. The man appears to be conducting some sort of experiment or demonstration. The flame from the object is bright and steady, indicating that the man has successfully lit it. The metal rod is silver in color and appears to be made of steel or a similar material. The man's expression is focused and serious as he conducts the experiment.",T2V_data/label/vidgen_filter_gemini_part_0_dpo_14/E-4Y7d3kPfU-Scene-0026/entity_20.mp4,T2V_data/label/vidgen_filter_gemini_part_0_dpo_14/E-4Y7d3kPfU-Scene-0026/entity_20.png
T2V_data/VIDGEN-1M_unzip/E0UMZB0kPUc-Scene-0097.mp4,"In the video, a man is seen standing underneath a car, holding a wrench in his right hand. He is wearing a blue shirt and has a tattoo on his left arm. The man is using the wrench to tighten a bolt on the underside of the car. He looks up towards the camera and speaks, presumably explaining the process of tightening the bolt. The car appears to be elevated, possibly on a lift, and the background is a plain white wall. The man's actions are deliberate and focused, indicating that he is knowledgeable about the task at hand.",T2V_data/label/vidgen_filter_gemini_part_0_dpo_14/E0UMZB0kPUc-Scene-0097/depth.mp4,T2V_data/label/vidgen_filter_gemini_part_0_dpo_14/E0UMZB0kPUc-Scene-0097/entity_20.png
T2V_data/VIDGEN-1M_unzip/E0UMZB0kPUc-Scene-0097.mp4,"In the video, a man is seen standing underneath a car, holding a wrench in his right hand. He is wearing a blue shirt and has a tattoo on his left arm. The man is using the wrench to tighten a bolt on the underside of the car. He looks up towards the camera and speaks, presumably explaining the process of tightening the bolt. The car appears to be elevated, possibly on a lift, and the background is a plain white wall. The man's actions are deliberate and focused, indicating that he is knowledgeable about the task at hand.",T2V_data/label/vidgen_filter_gemini_part_0_dpo_14/E0UMZB0kPUc-Scene-0097/entity_20.mp4,T2V_data/label/vidgen_filter_gemini_part_0_dpo_14/E0UMZB0kPUc-Scene-0097/entity_20.png
T2V_data/VIDGEN-1M_unzip/ED8YVPxFdyA-Scene-0165.mp4,"The video shows a large green military truck with six wheels driving through a muddy field. The truck is moving slowly and appears to be struggling to navigate the uneven terrain. The sky is overcast, and there are several tents and other vehicles visible in the background. The truck has a large cargo area and is equipped with a winch on the front. The ground is covered in mud and puddles, and there are patches of grass and dirt visible. The truck's tires are caked with mud, and it leaves deep tracks in the ground as it moves.",T2V_data/label/vidgen_filter_gemini_part_0_dpo_14/ED8YVPxFdyA-Scene-0165/depth.mp4,T2V_data/label/vidgen_filter_gemini_part_0_dpo_14/ED8YVPxFdyA-Scene-0165/entity_20.png
T2V_data/VIDGEN-1M_unzip/ED8YVPxFdyA-Scene-0165.mp4,"The video shows a large green military truck with six wheels driving through a muddy field. The truck is moving slowly and appears to be struggling to navigate the uneven terrain. The sky is overcast, and there are several tents and other vehicles visible in the background. The truck has a large cargo area and is equipped with a winch on the front. The ground is covered in mud and puddles, and there are patches of grass and dirt visible. The truck's tires are caked with mud, and it leaves deep tracks in the ground as it moves.",T2V_data/label/vidgen_filter_gemini_part_0_dpo_14/ED8YVPxFdyA-Scene-0165/entity_20.mp4,T2V_data/label/vidgen_filter_gemini_part_0_dpo_14/ED8YVPxFdyA-Scene-0165/entity_20.png
T2V_data/VIDGEN-1M_unzip/EJaWVp9-CN4-Scene-0019.mp4,"In the video, a person is seen kneading a large ball of red dough on a black countertop. The person's hands are covered in red dough, and they are wearing a pink shirt. The dough is speckled with colorful sprinkles. The person is using their hands to press and fold the dough, and there is a silver spoon on the countertop next to the dough.",T2V_data/label/vidgen_filter_gemini_part_0_dpo_14/EJaWVp9-CN4-Scene-0019/depth.mp4,T2V_data/label/vidgen_filter_gemini_part_0_dpo_14/EJaWVp9-CN4-Scene-0019/entity_20.png
T2V_data/VIDGEN-1M_unzip/EJaWVp9-CN4-Scene-0019.mp4,"In the video, a person is seen kneading a large ball of red dough on a black countertop. The person's hands are covered in red dough, and they are wearing a pink shirt. The dough is speckled with colorful sprinkles. The person is using their hands to press and fold the dough, and there is a silver spoon on the countertop next to the dough.",T2V_data/label/vidgen_filter_gemini_part_0_dpo_14/EJaWVp9-CN4-Scene-0019/entity_20.mp4,T2V_data/label/vidgen_filter_gemini_part_0_dpo_14/EJaWVp9-CN4-Scene-0019/entity_20.png
T2V_data/VIDGEN-1M_unzip/EJaWVp9-CN4-Scene-0019.mp4,"In the video, a person is seen kneading a large ball of red dough on a black countertop. The person's hands are covered in red dough, and they are wearing a pink shirt. The dough is speckled with colorful sprinkles. The person is using their hands to press and fold the dough, and there is a silver spoon on the countertop next to the dough.",T2V_data/label/vidgen_filter_gemini_part_0_dpo_14/EJaWVp9-CN4-Scene-0019/depth.mp4,T2V_data/label/vidgen_filter_gemini_part_0_dpo_14/EJaWVp9-CN4-Scene-0019/entity_40.png
T2V_data/VIDGEN-1M_unzip/EJaWVp9-CN4-Scene-0019.mp4,"In the video, a person is seen kneading a large ball of red dough on a black countertop. The person's hands are covered in red dough, and they are wearing a pink shirt. The dough is speckled with colorful sprinkles. The person is using their hands to press and fold the dough, and there is a silver spoon on the countertop next to the dough.",T2V_data/label/vidgen_filter_gemini_part_0_dpo_14/EJaWVp9-CN4-Scene-0019/entity_40.mp4,T2V_data/label/vidgen_filter_gemini_part_0_dpo_14/EJaWVp9-CN4-Scene-0019/entity_40.png
T2V_data/VIDGEN-1M_unzip/ELQFztB3fN0-Scene-0047.mp4,"The video shows a man lying on a bench in a gym, lifting a barbell with weights on it. The man is wearing a black shirt and black shorts, and has a blue wristband on his left wrist. The barbell is silver and has black weights on either side. The gym has various equipment in the background, and there are other people visible in the background. The man is lifting the barbell up and down in a controlled manner.",T2V_data/label/vidgen_filter_gemini_part_0_dpo_14/ELQFztB3fN0-Scene-0047/depth.mp4,T2V_data/label/vidgen_filter_gemini_part_0_dpo_14/ELQFztB3fN0-Scene-0047/entity_40.png
T2V_data/VIDGEN-1M_unzip/ELQFztB3fN0-Scene-0047.mp4,"The video shows a man lying on a bench in a gym, lifting a barbell with weights on it. The man is wearing a black shirt and black shorts, and has a blue wristband on his left wrist. The barbell is silver and has black weights on either side. The gym has various equipment in the background, and there are other people visible in the background. The man is lifting the barbell up and down in a controlled manner.",T2V_data/label/vidgen_filter_gemini_part_0_dpo_14/ELQFztB3fN0-Scene-0047/entity_40.mp4,T2V_data/label/vidgen_filter_gemini_part_0_dpo_14/ELQFztB3fN0-Scene-0047/entity_40.png
T2V_data/VIDGEN-1M_unzip/EVMPjmCLTkc-Scene-0065.mp4,"The video shows a man lifting a dumbbell with his right arm. He is wearing no shirt and appears to be in a gym or workout area. The man is focused on his exercise, and the background is blurred, but it seems to be a typical gym setting with various equipment. The dumbbell is silver and appears to be of medium weight. The man's form is correct, and he seems to be experienced with weightlifting.",T2V_data/label/vidgen_filter_gemini_part_0_dpo_14/EVMPjmCLTkc-Scene-0065/depth.mp4,T2V_data/label/vidgen_filter_gemini_part_0_dpo_14/EVMPjmCLTkc-Scene-0065/entity_40.png
T2V_data/VIDGEN-1M_unzip/EVMPjmCLTkc-Scene-0065.mp4,"The video shows a man lifting a dumbbell with his right arm. He is wearing no shirt and appears to be in a gym or workout area. The man is focused on his exercise, and the background is blurred, but it seems to be a typical gym setting with various equipment. The dumbbell is silver and appears to be of medium weight. The man's form is correct, and he seems to be experienced with weightlifting.",T2V_data/label/vidgen_filter_gemini_part_0_dpo_14/EVMPjmCLTkc-Scene-0065/entity_40.mp4,T2V_data/label/vidgen_filter_gemini_part_0_dpo_14/EVMPjmCLTkc-Scene-0065/entity_40.png
T2V_data/VIDGEN-1M_unzip/Ej-YrDzbinc-Scene-0061.mp4,"The video shows a person's hand with pink nail polish, pressing and poking a blue slime on a white surface. The slime appears to be soft and stretchy, and the person's fingers make indentations in it. The slime has a shiny texture and is of a light blue color. The person's hand moves around the slime, creating various shapes and patterns.",T2V_data/label/vidgen_filter_gemini_part_0_dpo_14/Ej-YrDzbinc-Scene-0061/depth.mp4,T2V_data/label/vidgen_filter_gemini_part_0_dpo_14/Ej-YrDzbinc-Scene-0061/entity_40.png
T2V_data/VIDGEN-1M_unzip/Ej-YrDzbinc-Scene-0061.mp4,"The video shows a person's hand with pink nail polish, pressing and poking a blue slime on a white surface. The slime appears to be soft and stretchy, and the person's fingers make indentations in it. The slime has a shiny texture and is of a light blue color. The person's hand moves around the slime, creating various shapes and patterns.",T2V_data/label/vidgen_filter_gemini_part_0_dpo_14/Ej-YrDzbinc-Scene-0061/entity_40.mp4,T2V_data/label/vidgen_filter_gemini_part_0_dpo_14/Ej-YrDzbinc-Scene-0061/entity_40.png
T2V_data/VIDGEN-1M_unzip/Ej-YrDzbinc-Scene-0061.mp4,"The video shows a person's hand with pink nail polish, pressing and poking a blue slime on a white surface. The slime appears to be soft and stretchy, and the person's fingers make indentations in it. The slime has a shiny texture and is of a light blue color. The person's hand moves around the slime, creating various shapes and patterns.",T2V_data/label/vidgen_filter_gemini_part_0_dpo_14/Ej-YrDzbinc-Scene-0061/depth.mp4,T2V_data/label/vidgen_filter_gemini_part_0_dpo_14/Ej-YrDzbinc-Scene-0061/entity_60.png
T2V_data/VIDGEN-1M_unzip/Ej-YrDzbinc-Scene-0061.mp4,"The video shows a person's hand with pink nail polish, pressing and poking a blue slime on a white surface. The slime appears to be soft and stretchy, and the person's fingers make indentations in it. The slime has a shiny texture and is of a light blue color. The person's hand moves around the slime, creating various shapes and patterns.",T2V_data/label/vidgen_filter_gemini_part_0_dpo_14/Ej-YrDzbinc-Scene-0061/entity_60.mp4,T2V_data/label/vidgen_filter_gemini_part_0_dpo_14/Ej-YrDzbinc-Scene-0061/entity_60.png
T2V_data/VIDGEN-1M_unzip/EnEQ4yeV5uQ-Scene-0023.mp4,"The video shows a large, metallic spaceship with a pointed nose and a flat body. It is flying through space, with a bright light shining from its rear. The spaceship is surrounded by small, dark particles that are being ejected from its body. The Earth is visible in the background, with a blue and white color scheme indicating the presence of water and landmasses. The video progresses with the spaceship moving closer to the Earth, with the light from its rear becoming more intense and the particles dispersing more widely.",T2V_data/label/vidgen_filter_gemini_part_0_dpo_14/EnEQ4yeV5uQ-Scene-0023/depth.mp4,T2V_data/label/vidgen_filter_gemini_part_0_dpo_14/EnEQ4yeV5uQ-Scene-0023/entity_20.png
T2V_data/VIDGEN-1M_unzip/EnEQ4yeV5uQ-Scene-0023.mp4,"The video shows a large, metallic spaceship with a pointed nose and a flat body. It is flying through space, with a bright light shining from its rear. The spaceship is surrounded by small, dark particles that are being ejected from its body. The Earth is visible in the background, with a blue and white color scheme indicating the presence of water and landmasses. The video progresses with the spaceship moving closer to the Earth, with the light from its rear becoming more intense and the particles dispersing more widely.",T2V_data/label/vidgen_filter_gemini_part_0_dpo_14/EnEQ4yeV5uQ-Scene-0023/entity_20.mp4,T2V_data/label/vidgen_filter_gemini_part_0_dpo_14/EnEQ4yeV5uQ-Scene-0023/entity_20.png
T2V_data/VIDGEN-1M_unzip/Eo-9qs-ZblY-Scene-0057.mp4,"The video shows a man digging in the dirt with a shovel. He is wearing a white shirt and has a beard. The dirt is brown and there are some green plants visible in the background. The man is using the shovel to move the dirt around and is making a hole in the ground. The video is shot from a close-up angle, focusing on the man and the hole he is digging.",T2V_data/label/vidgen_filter_gemini_part_0_dpo_14/Eo-9qs-ZblY-Scene-0057/depth.mp4,T2V_data/label/vidgen_filter_gemini_part_0_dpo_14/Eo-9qs-ZblY-Scene-0057/entity_60.png
T2V_data/VIDGEN-1M_unzip/Eo-9qs-ZblY-Scene-0057.mp4,"The video shows a man digging in the dirt with a shovel. He is wearing a white shirt and has a beard. The dirt is brown and there are some green plants visible in the background. The man is using the shovel to move the dirt around and is making a hole in the ground. The video is shot from a close-up angle, focusing on the man and the hole he is digging.",T2V_data/label/vidgen_filter_gemini_part_0_dpo_14/Eo-9qs-ZblY-Scene-0057/entity_60.mp4,T2V_data/label/vidgen_filter_gemini_part_0_dpo_14/Eo-9qs-ZblY-Scene-0057/entity_60.png
T2V_data/VIDGEN-1M_unzip/Ex4Wsh1GCfI-Scene-0049.mp4,"In the video, a woman is seen performing a single-leg jump squat with a barbell on her back. She is wearing a black top, gray leggings, and gray sneakers. The gym is equipped with various exercise machines and weights. The woman starts in a standing position, then bends her knees and squats down, jumping up with one leg while keeping the other leg straight. The barbell remains on her back throughout the exercise. The gym is well-lit, and there are other people visible in the background.",T2V_data/label/vidgen_filter_gemini_part_0_dpo_14/Ex4Wsh1GCfI-Scene-0049/depth.mp4,T2V_data/label/vidgen_filter_gemini_part_0_dpo_14/Ex4Wsh1GCfI-Scene-0049/entity_20.png
T2V_data/VIDGEN-1M_unzip/Ex4Wsh1GCfI-Scene-0049.mp4,"In the video, a woman is seen performing a single-leg jump squat with a barbell on her back. She is wearing a black top, gray leggings, and gray sneakers. The gym is equipped with various exercise machines and weights. The woman starts in a standing position, then bends her knees and squats down, jumping up with one leg while keeping the other leg straight. The barbell remains on her back throughout the exercise. The gym is well-lit, and there are other people visible in the background.",T2V_data/label/vidgen_filter_gemini_part_0_dpo_14/Ex4Wsh1GCfI-Scene-0049/entity_20.mp4,T2V_data/label/vidgen_filter_gemini_part_0_dpo_14/Ex4Wsh1GCfI-Scene-0049/entity_20.png
T2V_data/VIDGEN-1M_unzip/F9rX3CQ5COM-Scene-0115.mp4,"In the video, a person is using a blowtorch to burn a piece of wood. The wood is placed on a pile of ashes, and the person is wearing a glove on their hand while holding the blowtorch. The flames from the blowtorch are focused on the wood, causing it to catch fire. The person is using the blowtorch to create a fire, and the flames are visible in the video.",T2V_data/label/vidgen_filter_gemini_part_0_dpo_14/F9rX3CQ5COM-Scene-0115/depth.mp4,T2V_data/label/vidgen_filter_gemini_part_0_dpo_14/F9rX3CQ5COM-Scene-0115/entity_40.png
T2V_data/VIDGEN-1M_unzip/F9rX3CQ5COM-Scene-0115.mp4,"In the video, a person is using a blowtorch to burn a piece of wood. The wood is placed on a pile of ashes, and the person is wearing a glove on their hand while holding the blowtorch. The flames from the blowtorch are focused on the wood, causing it to catch fire. The person is using the blowtorch to create a fire, and the flames are visible in the video.",T2V_data/label/vidgen_filter_gemini_part_0_dpo_14/F9rX3CQ5COM-Scene-0115/entity_40.mp4,T2V_data/label/vidgen_filter_gemini_part_0_dpo_14/F9rX3CQ5COM-Scene-0115/entity_40.png
T2V_data/VIDGEN-1M_unzip/F9uvonSHvvI-Scene-0029.mp4,"The video shows a motorcyclist riding down a road at dusk. The sky is dark, and the street lights are on. The motorcyclist is wearing a helmet and is riding a motorcycle with a headlight on. There are other motorcyclists and cars on the road. The video is shot from the perspective of the motorcyclist, and the camera is shaking. The motorcyclist is riding at a moderate speed and appears to be following the traffic rules.",T2V_data/label/vidgen_filter_gemini_part_0_dpo_14/F9uvonSHvvI-Scene-0029/depth.mp4,T2V_data/label/vidgen_filter_gemini_part_0_dpo_14/F9uvonSHvvI-Scene-0029/entity_40.png
T2V_data/VIDGEN-1M_unzip/F9uvonSHvvI-Scene-0029.mp4,"The video shows a motorcyclist riding down a road at dusk. The sky is dark, and the street lights are on. The motorcyclist is wearing a helmet and is riding a motorcycle with a headlight on. There are other motorcyclists and cars on the road. The video is shot from the perspective of the motorcyclist, and the camera is shaking. The motorcyclist is riding at a moderate speed and appears to be following the traffic rules.",T2V_data/label/vidgen_filter_gemini_part_0_dpo_14/F9uvonSHvvI-Scene-0029/entity_40.mp4,T2V_data/label/vidgen_filter_gemini_part_0_dpo_14/F9uvonSHvvI-Scene-0029/entity_40.png
T2V_data/VIDGEN-1M_unzip/FPsPVhffpmU-Scene-0043.mp4,The video shows a man in a black and red shirt bending over and picking something up from the ground. The man is surrounded by tall green grass. He then proceeds to put the object in his mouth.,T2V_data/label/vidgen_filter_gemini_part_0_dpo_14/FPsPVhffpmU-Scene-0043/depth.mp4,T2V_data/label/vidgen_filter_gemini_part_0_dpo_14/FPsPVhffpmU-Scene-0043/entity_60.png
T2V_data/VIDGEN-1M_unzip/FPsPVhffpmU-Scene-0043.mp4,The video shows a man in a black and red shirt bending over and picking something up from the ground. The man is surrounded by tall green grass. He then proceeds to put the object in his mouth.,T2V_data/label/vidgen_filter_gemini_part_0_dpo_14/FPsPVhffpmU-Scene-0043/entity_60.mp4,T2V_data/label/vidgen_filter_gemini_part_0_dpo_14/FPsPVhffpmU-Scene-0043/entity_60.png
T2V_data/VIDGEN-1M_unzip/FZEqcFpgTQw-Scene-0034.mp4,"The video shows a person's hand kneading a piece of slime on a table. The slime is white and blue in color and appears to be stretchy and malleable. The person's hand moves in and out of the frame as they manipulate the slime, stretching it and folding it over. The background is a solid blue color, and there are no other objects or people visible in the video.",T2V_data/label/vidgen_filter_gemini_part_0_dpo_14/FZEqcFpgTQw-Scene-0034/depth.mp4,T2V_data/label/vidgen_filter_gemini_part_0_dpo_14/FZEqcFpgTQw-Scene-0034/entity_40.png
T2V_data/VIDGEN-1M_unzip/FZEqcFpgTQw-Scene-0034.mp4,"The video shows a person's hand kneading a piece of slime on a table. The slime is white and blue in color and appears to be stretchy and malleable. The person's hand moves in and out of the frame as they manipulate the slime, stretching it and folding it over. The background is a solid blue color, and there are no other objects or people visible in the video.",T2V_data/label/vidgen_filter_gemini_part_0_dpo_14/FZEqcFpgTQw-Scene-0034/entity_40.mp4,T2V_data/label/vidgen_filter_gemini_part_0_dpo_14/FZEqcFpgTQw-Scene-0034/entity_40.png
T2V_data/VIDGEN-1M_unzip/FaW0Du-QD9M-Scene-0049.mp4,"The video shows a person's hand holding a small knife. The knife has a black handle and a silver blade. The person opens and closes the knife, showing its functionality. The blade is sharp and appears to be made of high-quality metal. The person's hand is steady, and they handle the knife with ease. The background is a dark surface, which contrasts with the knife and makes it stand out.",T2V_data/label/vidgen_filter_gemini_part_0_dpo_14/FaW0Du-QD9M-Scene-0049/depth.mp4,T2V_data/label/vidgen_filter_gemini_part_0_dpo_14/FaW0Du-QD9M-Scene-0049/entity_20.png
T2V_data/VIDGEN-1M_unzip/FaW0Du-QD9M-Scene-0049.mp4,"The video shows a person's hand holding a small knife. The knife has a black handle and a silver blade. The person opens and closes the knife, showing its functionality. The blade is sharp and appears to be made of high-quality metal. The person's hand is steady, and they handle the knife with ease. The background is a dark surface, which contrasts with the knife and makes it stand out.",T2V_data/label/vidgen_filter_gemini_part_0_dpo_14/FaW0Du-QD9M-Scene-0049/entity_20.mp4,T2V_data/label/vidgen_filter_gemini_part_0_dpo_14/FaW0Du-QD9M-Scene-0049/entity_20.png
T2V_data/VIDGEN-1M_unzip/FapsnJ_qJUo-Scene-0020.mp4,"In the video, a man is sitting down and holding a seatbelt. He then proceeds to demonstrate how to put on the seatbelt. He starts by inserting the metal latch plate into the buckle and clicks it into place. He then pulls the belt across his body and clicks it into the buckle on the other side. Finally, he adjusts the belt to fit snugly around his waist.",T2V_data/label/vidgen_filter_gemini_part_0_dpo_14/FapsnJ_qJUo-Scene-0020/depth.mp4,T2V_data/label/vidgen_filter_gemini_part_0_dpo_14/FapsnJ_qJUo-Scene-0020/entity_40.png
T2V_data/VIDGEN-1M_unzip/FapsnJ_qJUo-Scene-0020.mp4,"In the video, a man is sitting down and holding a seatbelt. He then proceeds to demonstrate how to put on the seatbelt. He starts by inserting the metal latch plate into the buckle and clicks it into place. He then pulls the belt across his body and clicks it into the buckle on the other side. Finally, he adjusts the belt to fit snugly around his waist.",T2V_data/label/vidgen_filter_gemini_part_0_dpo_14/FapsnJ_qJUo-Scene-0020/entity_40.mp4,T2V_data/label/vidgen_filter_gemini_part_0_dpo_14/FapsnJ_qJUo-Scene-0020/entity_40.png
T2V_data/VIDGEN-1M_unzip/FhoFwg_wmac-Scene-0024.mp4,"The video features a group of dolphins swimming in a large pool. The pool is surrounded by a glass wall, allowing viewers to see the dolphins from all angles. The dolphins are seen swimming gracefully, sometimes coming close to the glass and other times swimming further away. The water is clear, and the dolphins' movements are smooth and coordinated. The video captures the beauty and elegance of these marine creatures in their natural habitat.",T2V_data/label/vidgen_filter_gemini_part_0_dpo_14/FhoFwg_wmac-Scene-0024/depth.mp4,T2V_data/label/vidgen_filter_gemini_part_0_dpo_14/FhoFwg_wmac-Scene-0024/entity_20.png
T2V_data/VIDGEN-1M_unzip/FhoFwg_wmac-Scene-0024.mp4,"The video features a group of dolphins swimming in a large pool. The pool is surrounded by a glass wall, allowing viewers to see the dolphins from all angles. The dolphins are seen swimming gracefully, sometimes coming close to the glass and other times swimming further away. The water is clear, and the dolphins' movements are smooth and coordinated. The video captures the beauty and elegance of these marine creatures in their natural habitat.",T2V_data/label/vidgen_filter_gemini_part_0_dpo_14/FhoFwg_wmac-Scene-0024/entity_20.mp4,T2V_data/label/vidgen_filter_gemini_part_0_dpo_14/FhoFwg_wmac-Scene-0024/entity_20.png
T2V_data/VIDGEN-1M_unzip/FjaJnd6HcTs-Scene-0024.mp4,"In the video, a man is seen holding a skateboard in his hands. He then places the skateboard on a rail and proceeds to perform a trick. The man jumps onto the skateboard and slides along the rail, showcasing his skill and balance. The background is blurred, but it appears to be an outdoor setting with other people present. The man is wearing a black shirt and pants, and the skateboard has a colorful design on the bottom. The trick he performs is smooth and controlled, indicating that he is experienced in skateboarding.",T2V_data/label/vidgen_filter_gemini_part_0_dpo_14/FjaJnd6HcTs-Scene-0024/depth.mp4,T2V_data/label/vidgen_filter_gemini_part_0_dpo_14/FjaJnd6HcTs-Scene-0024/entity_20.png
T2V_data/VIDGEN-1M_unzip/FjaJnd6HcTs-Scene-0024.mp4,"In the video, a man is seen holding a skateboard in his hands. He then places the skateboard on a rail and proceeds to perform a trick. The man jumps onto the skateboard and slides along the rail, showcasing his skill and balance. The background is blurred, but it appears to be an outdoor setting with other people present. The man is wearing a black shirt and pants, and the skateboard has a colorful design on the bottom. The trick he performs is smooth and controlled, indicating that he is experienced in skateboarding.",T2V_data/label/vidgen_filter_gemini_part_0_dpo_14/FjaJnd6HcTs-Scene-0024/entity_20.mp4,T2V_data/label/vidgen_filter_gemini_part_0_dpo_14/FjaJnd6HcTs-Scene-0024/entity_20.png
T2V_data/VIDGEN-1M_unzip/FjaJnd6HcTs-Scene-0024.mp4,"In the video, a man is seen holding a skateboard in his hands. He then places the skateboard on a rail and proceeds to perform a trick. The man jumps onto the skateboard and slides along the rail, showcasing his skill and balance. The background is blurred, but it appears to be an outdoor setting with other people present. The man is wearing a black shirt and pants, and the skateboard has a colorful design on the bottom. The trick he performs is smooth and controlled, indicating that he is experienced in skateboarding.",T2V_data/label/vidgen_filter_gemini_part_0_dpo_14/FjaJnd6HcTs-Scene-0024/depth.mp4,T2V_data/label/vidgen_filter_gemini_part_0_dpo_14/FjaJnd6HcTs-Scene-0024/entity_60.png
T2V_data/VIDGEN-1M_unzip/FjaJnd6HcTs-Scene-0024.mp4,"In the video, a man is seen holding a skateboard in his hands. He then places the skateboard on a rail and proceeds to perform a trick. The man jumps onto the skateboard and slides along the rail, showcasing his skill and balance. The background is blurred, but it appears to be an outdoor setting with other people present. The man is wearing a black shirt and pants, and the skateboard has a colorful design on the bottom. The trick he performs is smooth and controlled, indicating that he is experienced in skateboarding.",T2V_data/label/vidgen_filter_gemini_part_0_dpo_14/FjaJnd6HcTs-Scene-0024/entity_60.mp4,T2V_data/label/vidgen_filter_gemini_part_0_dpo_14/FjaJnd6HcTs-Scene-0024/entity_60.png
T2V_data/VIDGEN-1M_unzip/FoztKuXEYnQ-Scene-0015.mp4,"In the video, a man is seen standing in a kitchen and holding a tray of chocolate chips. He then proceeds to pour the chocolate chips onto a wooden table. The man then spreads the chocolate chips out with his hands, making sure they are evenly distributed. The chocolate chips are dark brown in color and appear to be semi-sweet. The man's actions are deliberate and careful, indicating that he is likely preparing the chocolate chips for a recipe or cooking project. The kitchen in the background is well-lit and appears to be clean and organized.",T2V_data/label/vidgen_filter_gemini_part_0_dpo_14/FoztKuXEYnQ-Scene-0015/depth.mp4,T2V_data/label/vidgen_filter_gemini_part_0_dpo_14/FoztKuXEYnQ-Scene-0015/entity_20.png
T2V_data/VIDGEN-1M_unzip/FoztKuXEYnQ-Scene-0015.mp4,"In the video, a man is seen standing in a kitchen and holding a tray of chocolate chips. He then proceeds to pour the chocolate chips onto a wooden table. The man then spreads the chocolate chips out with his hands, making sure they are evenly distributed. The chocolate chips are dark brown in color and appear to be semi-sweet. The man's actions are deliberate and careful, indicating that he is likely preparing the chocolate chips for a recipe or cooking project. The kitchen in the background is well-lit and appears to be clean and organized.",T2V_data/label/vidgen_filter_gemini_part_0_dpo_14/FoztKuXEYnQ-Scene-0015/entity_20.mp4,T2V_data/label/vidgen_filter_gemini_part_0_dpo_14/FoztKuXEYnQ-Scene-0015/entity_20.png
T2V_data/VIDGEN-1M_unzip/G-_GuuoFaLM-Scene-0025.mp4,"The video shows a close-up of a black grill with food being cooked on it. The food appears to be noodles mixed with vegetables and possibly some meat. The noodles are a light brown color, and the vegetables are green and red. The food is being moved around on the grill with a spatula, and steam can be seen rising from it.",T2V_data/label/vidgen_filter_gemini_part_0_dpo_14/G-_GuuoFaLM-Scene-0025/depth.mp4,T2V_data/label/vidgen_filter_gemini_part_0_dpo_14/G-_GuuoFaLM-Scene-0025/entity_20.png
T2V_data/VIDGEN-1M_unzip/G-_GuuoFaLM-Scene-0025.mp4,"The video shows a close-up of a black grill with food being cooked on it. The food appears to be noodles mixed with vegetables and possibly some meat. The noodles are a light brown color, and the vegetables are green and red. The food is being moved around on the grill with a spatula, and steam can be seen rising from it.",T2V_data/label/vidgen_filter_gemini_part_0_dpo_14/G-_GuuoFaLM-Scene-0025/entity_20.mp4,T2V_data/label/vidgen_filter_gemini_part_0_dpo_14/G-_GuuoFaLM-Scene-0025/entity_20.png
T2V_data/VIDGEN-1M_unzip/G9rNbWB1jmc-Scene-0016.mp4,"In the video, a man is seen working on a wooden surface. He is using a drill to make holes in a piece of wood. The man is wearing a black shirt and a gold watch on his left wrist. The wooden surface is cluttered with various tools and pieces of wood. The man is focused on his work, carefully drilling holes into the wood. The video provides a close-up view of the man's hands and the drill, highlighting the precision and skill involved in the task. The sound of the drill can be heard in the background, adding to the overall ambiance of the video. The lighting is bright, illuminating the workspace and the man's hands, making it easy to see the details of the work being done.",T2V_data/label/vidgen_filter_gemini_part_0_dpo_14/G9rNbWB1jmc-Scene-0016/depth.mp4,T2V_data/label/vidgen_filter_gemini_part_0_dpo_14/G9rNbWB1jmc-Scene-0016/entity_60.png
T2V_data/VIDGEN-1M_unzip/G9rNbWB1jmc-Scene-0016.mp4,"In the video, a man is seen working on a wooden surface. He is using a drill to make holes in a piece of wood. The man is wearing a black shirt and a gold watch on his left wrist. The wooden surface is cluttered with various tools and pieces of wood. The man is focused on his work, carefully drilling holes into the wood. The video provides a close-up view of the man's hands and the drill, highlighting the precision and skill involved in the task. The sound of the drill can be heard in the background, adding to the overall ambiance of the video. The lighting is bright, illuminating the workspace and the man's hands, making it easy to see the details of the work being done.",T2V_data/label/vidgen_filter_gemini_part_0_dpo_14/G9rNbWB1jmc-Scene-0016/entity_60.mp4,T2V_data/label/vidgen_filter_gemini_part_0_dpo_14/G9rNbWB1jmc-Scene-0016/entity_60.png
T2V_data/VIDGEN-1M_unzip/GGwjIDiLTrU-Scene-0029.mp4,"In the video, a man is seen riding a motorcycle on a bridge. He is wearing a black suit and a helmet with a colorful design. The motorcycle is black with white stripes. The man is riding the motorcycle in a straight line and then turns to the right. The bridge has a railing on the side and the sky is cloudy.",T2V_data/label/vidgen_filter_gemini_part_0_dpo_14/GGwjIDiLTrU-Scene-0029/depth.mp4,T2V_data/label/vidgen_filter_gemini_part_0_dpo_14/GGwjIDiLTrU-Scene-0029/entity_40.png
T2V_data/VIDGEN-1M_unzip/GGwjIDiLTrU-Scene-0029.mp4,"In the video, a man is seen riding a motorcycle on a bridge. He is wearing a black suit and a helmet with a colorful design. The motorcycle is black with white stripes. The man is riding the motorcycle in a straight line and then turns to the right. The bridge has a railing on the side and the sky is cloudy.",T2V_data/label/vidgen_filter_gemini_part_0_dpo_14/GGwjIDiLTrU-Scene-0029/entity_40.mp4,T2V_data/label/vidgen_filter_gemini_part_0_dpo_14/GGwjIDiLTrU-Scene-0029/entity_40.png
T2V_data/VIDGEN-1M_unzip/GInT7k-AsI0-Scene-0009.mp4,"In the video, a person is seen using a large knife to chop garlic on a white cutting board. The person is wearing a black shirt and a watch on their left wrist. The garlic is being chopped into small pieces. The person's hands are visible, and they are using a chopping motion to chop the garlic. The background is not visible, and the focus is on the person's hands and the cutting board.",T2V_data/label/vidgen_filter_gemini_part_0_dpo_14/GInT7k-AsI0-Scene-0009/depth.mp4,T2V_data/label/vidgen_filter_gemini_part_0_dpo_14/GInT7k-AsI0-Scene-0009/entity_40.png
T2V_data/VIDGEN-1M_unzip/GInT7k-AsI0-Scene-0009.mp4,"In the video, a person is seen using a large knife to chop garlic on a white cutting board. The person is wearing a black shirt and a watch on their left wrist. The garlic is being chopped into small pieces. The person's hands are visible, and they are using a chopping motion to chop the garlic. The background is not visible, and the focus is on the person's hands and the cutting board.",T2V_data/label/vidgen_filter_gemini_part_0_dpo_14/GInT7k-AsI0-Scene-0009/entity_40.mp4,T2V_data/label/vidgen_filter_gemini_part_0_dpo_14/GInT7k-AsI0-Scene-0009/entity_40.png
T2V_data/VIDGEN-1M_unzip/GakyZEgqLms-Scene-0414.mp4,"The video shows a group of beagles playing with a soccer ball in a fenced area. The dogs are seen running around and kicking the ball with their paws. The sun is shining, and the shadows of the dogs can be seen on the ground. The beagles are brown, white, and black in color, and they seem to be having a lot of fun playing together.",T2V_data/label/vidgen_filter_gemini_part_0_dpo_14/GakyZEgqLms-Scene-0414/depth.mp4,T2V_data/label/vidgen_filter_gemini_part_0_dpo_14/GakyZEgqLms-Scene-0414/entity_20.png
T2V_data/VIDGEN-1M_unzip/GakyZEgqLms-Scene-0414.mp4,"The video shows a group of beagles playing with a soccer ball in a fenced area. The dogs are seen running around and kicking the ball with their paws. The sun is shining, and the shadows of the dogs can be seen on the ground. The beagles are brown, white, and black in color, and they seem to be having a lot of fun playing together.",T2V_data/label/vidgen_filter_gemini_part_0_dpo_14/GakyZEgqLms-Scene-0414/entity_20.mp4,T2V_data/label/vidgen_filter_gemini_part_0_dpo_14/GakyZEgqLms-Scene-0414/entity_20.png
T2V_data/VIDGEN-1M_unzip/Go6_VAYSYnA-Scene-0015.mp4,"The video shows two rams fighting each other in a field. They are seen locking horns and pushing against each other. The rams are brown and white in color, and the field is covered in dry grass. The rams continue to fight each other, pushing and shoving until one of them eventually backs down.",T2V_data/label/vidgen_filter_gemini_part_0_dpo_14/Go6_VAYSYnA-Scene-0015/depth.mp4,T2V_data/label/vidgen_filter_gemini_part_0_dpo_14/Go6_VAYSYnA-Scene-0015/entity_20.png
T2V_data/VIDGEN-1M_unzip/Go6_VAYSYnA-Scene-0015.mp4,"The video shows two rams fighting each other in a field. They are seen locking horns and pushing against each other. The rams are brown and white in color, and the field is covered in dry grass. The rams continue to fight each other, pushing and shoving until one of them eventually backs down.",T2V_data/label/vidgen_filter_gemini_part_0_dpo_14/Go6_VAYSYnA-Scene-0015/entity_20.mp4,T2V_data/label/vidgen_filter_gemini_part_0_dpo_14/Go6_VAYSYnA-Scene-0015/entity_20.png
T2V_data/VIDGEN-1M_unzip/H261BXkPkx8-Scene-0054.mp4,"The video features a man practicing basketball in an indoor gym. He is seen dribbling the ball and performing various basketball drills. The gym is spacious with a high ceiling and is well-lit. The man is wearing athletic clothing and appears to be focused on improving his basketball skills. The video is shot in black and white, adding a dramatic effect to the footage.",T2V_data/label/vidgen_filter_gemini_part_0_dpo_14/H261BXkPkx8-Scene-0054/depth.mp4,T2V_data/label/vidgen_filter_gemini_part_0_dpo_14/H261BXkPkx8-Scene-0054/entity_20.png
T2V_data/VIDGEN-1M_unzip/H261BXkPkx8-Scene-0054.mp4,"The video features a man practicing basketball in an indoor gym. He is seen dribbling the ball and performing various basketball drills. The gym is spacious with a high ceiling and is well-lit. The man is wearing athletic clothing and appears to be focused on improving his basketball skills. The video is shot in black and white, adding a dramatic effect to the footage.",T2V_data/label/vidgen_filter_gemini_part_0_dpo_14/H261BXkPkx8-Scene-0054/entity_20.mp4,T2V_data/label/vidgen_filter_gemini_part_0_dpo_14/H261BXkPkx8-Scene-0054/entity_20.png
T2V_data/VIDGEN-1M_unzip/HGRSTvM_Itw-Scene-0006.mp4,"In the video, a person is seen holding a Samsung phone in one hand and a small metal tool in the other. The person uses the tool to carefully remove a small metal piece from the side of the phone. The phone is silver in color and has a black screen. The person's nails are short and clean, and they are wearing a silver ring on their left hand. The background is a plain white surface.",T2V_data/label/vidgen_filter_gemini_part_0_dpo_14/HGRSTvM_Itw-Scene-0006/depth.mp4,T2V_data/label/vidgen_filter_gemini_part_0_dpo_14/HGRSTvM_Itw-Scene-0006/entity_80.png
T2V_data/VIDGEN-1M_unzip/HGRSTvM_Itw-Scene-0006.mp4,"In the video, a person is seen holding a Samsung phone in one hand and a small metal tool in the other. The person uses the tool to carefully remove a small metal piece from the side of the phone. The phone is silver in color and has a black screen. The person's nails are short and clean, and they are wearing a silver ring on their left hand. The background is a plain white surface.",T2V_data/label/vidgen_filter_gemini_part_0_dpo_14/HGRSTvM_Itw-Scene-0006/entity_80.mp4,T2V_data/label/vidgen_filter_gemini_part_0_dpo_14/HGRSTvM_Itw-Scene-0006/entity_80.png
T2V_data/VIDGEN-1M_unzip/HUbPeTiVKO0-Scene-0028.mp4,"In the video, a man is standing in a kitchen holding a carton of milk and a blue lid. He is wearing a green shirt and a cap. He is speaking to the camera and then proceeds to pour the milk into a pot on the stove. The kitchen has white cabinets and a black stove. The man appears to be preparing a meal or a drink.",T2V_data/label/vidgen_filter_gemini_part_0_dpo_14/HUbPeTiVKO0-Scene-0028/depth.mp4,T2V_data/label/vidgen_filter_gemini_part_0_dpo_14/HUbPeTiVKO0-Scene-0028/entity_20.png
T2V_data/VIDGEN-1M_unzip/HUbPeTiVKO0-Scene-0028.mp4,"In the video, a man is standing in a kitchen holding a carton of milk and a blue lid. He is wearing a green shirt and a cap. He is speaking to the camera and then proceeds to pour the milk into a pot on the stove. The kitchen has white cabinets and a black stove. The man appears to be preparing a meal or a drink.",T2V_data/label/vidgen_filter_gemini_part_0_dpo_14/HUbPeTiVKO0-Scene-0028/entity_20.mp4,T2V_data/label/vidgen_filter_gemini_part_0_dpo_14/HUbPeTiVKO0-Scene-0028/entity_20.png
T2V_data/VIDGEN-1M_unzip/HVm9w2-IOEI-Scene-0012.mp4,The video shows a close-up of a pan on a stove with a blue flame underneath. A person pours oil into the pan and then adds garlic to it. The garlic is then sautéed in the pan.,T2V_data/label/vidgen_filter_gemini_part_0_dpo_14/HVm9w2-IOEI-Scene-0012/depth.mp4,T2V_data/label/vidgen_filter_gemini_part_0_dpo_14/HVm9w2-IOEI-Scene-0012/entity_20.png
T2V_data/VIDGEN-1M_unzip/HVm9w2-IOEI-Scene-0012.mp4,The video shows a close-up of a pan on a stove with a blue flame underneath. A person pours oil into the pan and then adds garlic to it. The garlic is then sautéed in the pan.,T2V_data/label/vidgen_filter_gemini_part_0_dpo_14/HVm9w2-IOEI-Scene-0012/entity_20.mp4,T2V_data/label/vidgen_filter_gemini_part_0_dpo_14/HVm9w2-IOEI-Scene-0012/entity_20.png
T2V_data/VIDGEN-1M_unzip/HWD6oWyo4jU-Scene-0145.mp4,"In the video, a person is seen adjusting the rearview mirror of a car. The person's hand is visible, and they are using their fingers to adjust the mirror. The mirror is attached to the car's ceiling, and the person is seen moving it up and down. The video is shot from the perspective of the driver's seat, and the rearview mirror reflects the view behind the car. The person's hand is visible throughout the video, and they appear to be adjusting the mirror to get a better view of the road behind them.",T2V_data/label/vidgen_filter_gemini_part_0_dpo_14/HWD6oWyo4jU-Scene-0145/depth.mp4,T2V_data/label/vidgen_filter_gemini_part_0_dpo_14/HWD6oWyo4jU-Scene-0145/entity_40.png
T2V_data/VIDGEN-1M_unzip/HWD6oWyo4jU-Scene-0145.mp4,"In the video, a person is seen adjusting the rearview mirror of a car. The person's hand is visible, and they are using their fingers to adjust the mirror. The mirror is attached to the car's ceiling, and the person is seen moving it up and down. The video is shot from the perspective of the driver's seat, and the rearview mirror reflects the view behind the car. The person's hand is visible throughout the video, and they appear to be adjusting the mirror to get a better view of the road behind them.",T2V_data/label/vidgen_filter_gemini_part_0_dpo_14/HWD6oWyo4jU-Scene-0145/entity_40.mp4,T2V_data/label/vidgen_filter_gemini_part_0_dpo_14/HWD6oWyo4jU-Scene-0145/entity_40.png
T2V_data/VIDGEN-1M_unzip/I00ObAoVfCU-Scene-0149.mp4,The video shows a small black mouse with a pink nose and big ears. The mouse is inside a cage with a yellow and blue plastic wheel. The mouse is climbing up the side of the wheel and then climbs onto the top of the wheel. The cage is made of metal wire and the background is blurred.,T2V_data/label/vidgen_filter_gemini_part_0_dpo_14/I00ObAoVfCU-Scene-0149/depth.mp4,T2V_data/label/vidgen_filter_gemini_part_0_dpo_14/I00ObAoVfCU-Scene-0149/entity_20.png
T2V_data/VIDGEN-1M_unzip/I00ObAoVfCU-Scene-0149.mp4,The video shows a small black mouse with a pink nose and big ears. The mouse is inside a cage with a yellow and blue plastic wheel. The mouse is climbing up the side of the wheel and then climbs onto the top of the wheel. The cage is made of metal wire and the background is blurred.,T2V_data/label/vidgen_filter_gemini_part_0_dpo_14/I00ObAoVfCU-Scene-0149/entity_20.mp4,T2V_data/label/vidgen_filter_gemini_part_0_dpo_14/I00ObAoVfCU-Scene-0149/entity_20.png
T2V_data/VIDGEN-1M_unzip/IDHH2ULNjN0-Scene-0142.mp4,"The video shows a man in a gym lifting a barbell over his head and then bringing it back down. The man is wearing a gray t-shirt and black shorts. The gym is equipped with various exercise equipment, including weights and exercise balls. There are other people in the background, including a woman in a pink tank top and a man in a blue shirt. The man lifting the barbell appears to be focused and determined, and the gym is well-lit and spacious.",T2V_data/label/vidgen_filter_gemini_part_0_dpo_14/IDHH2ULNjN0-Scene-0142/depth.mp4,T2V_data/label/vidgen_filter_gemini_part_0_dpo_14/IDHH2ULNjN0-Scene-0142/entity_20.png
T2V_data/VIDGEN-1M_unzip/IDHH2ULNjN0-Scene-0142.mp4,"The video shows a man in a gym lifting a barbell over his head and then bringing it back down. The man is wearing a gray t-shirt and black shorts. The gym is equipped with various exercise equipment, including weights and exercise balls. There are other people in the background, including a woman in a pink tank top and a man in a blue shirt. The man lifting the barbell appears to be focused and determined, and the gym is well-lit and spacious.",T2V_data/label/vidgen_filter_gemini_part_0_dpo_14/IDHH2ULNjN0-Scene-0142/entity_20.mp4,T2V_data/label/vidgen_filter_gemini_part_0_dpo_14/IDHH2ULNjN0-Scene-0142/entity_20.png
T2V_data/VIDGEN-1M_unzip/IEiORsNcHf0-Scene-0007.mp4,"The video shows a person using a kitchen mixer to mix butter and sugar in a bowl. The mixer is a KitchenAid model, and the person is wearing a floral dress. The person adds sugar to the bowl and then uses the mixer to blend the ingredients together. The mixer is set to a medium speed, and the person uses a spatula to scrape the sides of the bowl to ensure that all the ingredients are mixed together evenly. The video is shot in a kitchen setting, and the person appears to be following a recipe.",T2V_data/label/vidgen_filter_gemini_part_0_dpo_14/IEiORsNcHf0-Scene-0007/depth.mp4,T2V_data/label/vidgen_filter_gemini_part_0_dpo_14/IEiORsNcHf0-Scene-0007/entity_40.png
T2V_data/VIDGEN-1M_unzip/IEiORsNcHf0-Scene-0007.mp4,"The video shows a person using a kitchen mixer to mix butter and sugar in a bowl. The mixer is a KitchenAid model, and the person is wearing a floral dress. The person adds sugar to the bowl and then uses the mixer to blend the ingredients together. The mixer is set to a medium speed, and the person uses a spatula to scrape the sides of the bowl to ensure that all the ingredients are mixed together evenly. The video is shot in a kitchen setting, and the person appears to be following a recipe.",T2V_data/label/vidgen_filter_gemini_part_0_dpo_14/IEiORsNcHf0-Scene-0007/entity_40.mp4,T2V_data/label/vidgen_filter_gemini_part_0_dpo_14/IEiORsNcHf0-Scene-0007/entity_40.png
T2V_data/VIDGEN-1M_unzip/IMSTNlNkZ0E-Scene-0013.mp4,"The video shows a large white airplane with the words ""United States of America"" written on the side. The airplane is taking off from a runway and ascending into the sky. The sky is clear and blue, and there are no other objects or people visible in the video.",T2V_data/label/vidgen_filter_gemini_part_0_dpo_14/IMSTNlNkZ0E-Scene-0013/depth.mp4,T2V_data/label/vidgen_filter_gemini_part_0_dpo_14/IMSTNlNkZ0E-Scene-0013/entity_20.png
T2V_data/VIDGEN-1M_unzip/IMSTNlNkZ0E-Scene-0013.mp4,"The video shows a large white airplane with the words ""United States of America"" written on the side. The airplane is taking off from a runway and ascending into the sky. The sky is clear and blue, and there are no other objects or people visible in the video.",T2V_data/label/vidgen_filter_gemini_part_0_dpo_14/IMSTNlNkZ0E-Scene-0013/entity_20.mp4,T2V_data/label/vidgen_filter_gemini_part_0_dpo_14/IMSTNlNkZ0E-Scene-0013/entity_20.png
T2V_data/VIDGEN-1M_unzip/IoxYoEGVU3U-Scene-0048.mp4,"The video features two drones on a grassy field. The first drone is black with blue lights, while the second drone is black with red lights. Both drones have four propellers and are equipped with cameras. The drones are shown taking off and flying in the air, with the second drone following the first. The grass is green and appears to be well-maintained. The sky is not visible in the video.",T2V_data/label/vidgen_filter_gemini_part_0_dpo_14/IoxYoEGVU3U-Scene-0048/depth.mp4,T2V_data/label/vidgen_filter_gemini_part_0_dpo_14/IoxYoEGVU3U-Scene-0048/entity_20.png
T2V_data/VIDGEN-1M_unzip/IoxYoEGVU3U-Scene-0048.mp4,"The video features two drones on a grassy field. The first drone is black with blue lights, while the second drone is black with red lights. Both drones have four propellers and are equipped with cameras. The drones are shown taking off and flying in the air, with the second drone following the first. The grass is green and appears to be well-maintained. The sky is not visible in the video.",T2V_data/label/vidgen_filter_gemini_part_0_dpo_14/IoxYoEGVU3U-Scene-0048/entity_20.mp4,T2V_data/label/vidgen_filter_gemini_part_0_dpo_14/IoxYoEGVU3U-Scene-0048/entity_20.png
T2V_data/VIDGEN-1M_unzip/J7kTdruXCj4-Scene-0013.mp4,"The video shows a black jeep driving on a dirt road. The jeep is driving slowly and carefully over rocks and bumps in the road. The sun is shining brightly in the background, and there are trees visible on the side of the road. The jeep appears to be in good condition and is driving smoothly over the rough terrain.",T2V_data/label/vidgen_filter_gemini_part_0_dpo_14/J7kTdruXCj4-Scene-0013/depth.mp4,T2V_data/label/vidgen_filter_gemini_part_0_dpo_14/J7kTdruXCj4-Scene-0013/entity_20.png
T2V_data/VIDGEN-1M_unzip/J7kTdruXCj4-Scene-0013.mp4,"The video shows a black jeep driving on a dirt road. The jeep is driving slowly and carefully over rocks and bumps in the road. The sun is shining brightly in the background, and there are trees visible on the side of the road. The jeep appears to be in good condition and is driving smoothly over the rough terrain.",T2V_data/label/vidgen_filter_gemini_part_0_dpo_14/J7kTdruXCj4-Scene-0013/entity_20.mp4,T2V_data/label/vidgen_filter_gemini_part_0_dpo_14/J7kTdruXCj4-Scene-0013/entity_20.png
T2V_data/VIDGEN-1M_unzip/JKpMLfW8YPI-Scene-0057.mp4,"The video shows a cat and a dog playing together. The cat is orange and white, and the dog is black and white. They are playing on a wooden floor, and the dog is standing on its hind legs, while the cat is sitting on the floor. The cat is swatting at the dog's tail, and the dog is wagging its tail and moving around. The video is shot from a low angle, and the camera is shaking.",T2V_data/label/vidgen_filter_gemini_part_0_dpo_14/JKpMLfW8YPI-Scene-0057/depth.mp4,T2V_data/label/vidgen_filter_gemini_part_0_dpo_14/JKpMLfW8YPI-Scene-0057/entity_40.png
T2V_data/VIDGEN-1M_unzip/JKpMLfW8YPI-Scene-0057.mp4,"The video shows a cat and a dog playing together. The cat is orange and white, and the dog is black and white. They are playing on a wooden floor, and the dog is standing on its hind legs, while the cat is sitting on the floor. The cat is swatting at the dog's tail, and the dog is wagging its tail and moving around. The video is shot from a low angle, and the camera is shaking.",T2V_data/label/vidgen_filter_gemini_part_0_dpo_14/JKpMLfW8YPI-Scene-0057/entity_40.mp4,T2V_data/label/vidgen_filter_gemini_part_0_dpo_14/JKpMLfW8YPI-Scene-0057/entity_40.png
T2V_data/VIDGEN-1M_unzip/JQVG8niU1tU-Scene-0003.mp4,"In the video, a man is seen standing on a rooftop holding a gun. He is wearing a white shirt and brown pants. The man is aiming the gun at a target in the distance. The target is a red balloon that is floating in the air. The man fires several shots at the balloon, causing it to burst and fall to the ground. The video is shot from a third-person perspective, and the man's movements are smooth and controlled. The background of the video shows a cityscape with buildings, roads, and cars. The colors in the video are vibrant, with the red of the balloon standing out against the more muted colors of the city.",T2V_data/label/vidgen_filter_gemini_part_0_dpo_14/JQVG8niU1tU-Scene-0003/depth.mp4,T2V_data/label/vidgen_filter_gemini_part_0_dpo_14/JQVG8niU1tU-Scene-0003/entity_60.png
T2V_data/VIDGEN-1M_unzip/JQVG8niU1tU-Scene-0003.mp4,"In the video, a man is seen standing on a rooftop holding a gun. He is wearing a white shirt and brown pants. The man is aiming the gun at a target in the distance. The target is a red balloon that is floating in the air. The man fires several shots at the balloon, causing it to burst and fall to the ground. The video is shot from a third-person perspective, and the man's movements are smooth and controlled. The background of the video shows a cityscape with buildings, roads, and cars. The colors in the video are vibrant, with the red of the balloon standing out against the more muted colors of the city.",T2V_data/label/vidgen_filter_gemini_part_0_dpo_14/JQVG8niU1tU-Scene-0003/entity_60.mp4,T2V_data/label/vidgen_filter_gemini_part_0_dpo_14/JQVG8niU1tU-Scene-0003/entity_60.png
T2V_data/VIDGEN-1M_unzip/JhrnTbmg_3s-Scene-0011.mp4,"The video shows a close-up of a person's hand holding a yellow stick. The stick is being used to poke and move around the grass on the ground. The grass is green and appears to be freshly cut. The person's hand is visible in the frame, and the stick is being used with precision to interact with the grass. The video is shot in a natural setting, possibly a garden or park. The focus is on the action of the stick and the grass, with no other objects or people visible in the frame.",T2V_data/label/vidgen_filter_gemini_part_0_dpo_14/JhrnTbmg_3s-Scene-0011/depth.mp4,T2V_data/label/vidgen_filter_gemini_part_0_dpo_14/JhrnTbmg_3s-Scene-0011/entity_40.png
T2V_data/VIDGEN-1M_unzip/JhrnTbmg_3s-Scene-0011.mp4,"The video shows a close-up of a person's hand holding a yellow stick. The stick is being used to poke and move around the grass on the ground. The grass is green and appears to be freshly cut. The person's hand is visible in the frame, and the stick is being used with precision to interact with the grass. The video is shot in a natural setting, possibly a garden or park. The focus is on the action of the stick and the grass, with no other objects or people visible in the frame.",T2V_data/label/vidgen_filter_gemini_part_0_dpo_14/JhrnTbmg_3s-Scene-0011/entity_40.mp4,T2V_data/label/vidgen_filter_gemini_part_0_dpo_14/JhrnTbmg_3s-Scene-0011/entity_40.png
T2V_data/VIDGEN-1M_unzip/Jo8OAAoL-JE-Scene-0047.mp4,"The video shows a group of fish swimming in an aquarium. The fish are of different sizes and colors, with some having blue and white stripes and others being a solid dark color. They are swimming around in the water, with some fish coming closer to the camera and others swimming away. The aquarium is well-lit, and the water is clear, allowing for a good view of the fish and their movements.",T2V_data/label/vidgen_filter_gemini_part_0_dpo_14/Jo8OAAoL-JE-Scene-0047/depth.mp4,T2V_data/label/vidgen_filter_gemini_part_0_dpo_14/Jo8OAAoL-JE-Scene-0047/entity_20.png
T2V_data/VIDGEN-1M_unzip/Jo8OAAoL-JE-Scene-0047.mp4,"The video shows a group of fish swimming in an aquarium. The fish are of different sizes and colors, with some having blue and white stripes and others being a solid dark color. They are swimming around in the water, with some fish coming closer to the camera and others swimming away. The aquarium is well-lit, and the water is clear, allowing for a good view of the fish and their movements.",T2V_data/label/vidgen_filter_gemini_part_0_dpo_14/Jo8OAAoL-JE-Scene-0047/entity_20.mp4,T2V_data/label/vidgen_filter_gemini_part_0_dpo_14/Jo8OAAoL-JE-Scene-0047/entity_20.png
T2V_data/VIDGEN-1M_unzip/Jq-ODza3Kpc-Scene-0219.mp4,"The video shows a person's hands holding a black object. The person is using their fingers to push on the sides of the object, which appears to be a small electronic device. The object has a smooth surface and a rectangular shape with rounded corners. The person's fingers are visible, and they are wearing a black long-sleeved shirt. The background is blurred, but it seems to be an indoor setting.",T2V_data/label/vidgen_filter_gemini_part_0_dpo_14/Jq-ODza3Kpc-Scene-0219/depth.mp4,T2V_data/label/vidgen_filter_gemini_part_0_dpo_14/Jq-ODza3Kpc-Scene-0219/entity_40.png
T2V_data/VIDGEN-1M_unzip/Jq-ODza3Kpc-Scene-0219.mp4,"The video shows a person's hands holding a black object. The person is using their fingers to push on the sides of the object, which appears to be a small electronic device. The object has a smooth surface and a rectangular shape with rounded corners. The person's fingers are visible, and they are wearing a black long-sleeved shirt. The background is blurred, but it seems to be an indoor setting.",T2V_data/label/vidgen_filter_gemini_part_0_dpo_14/Jq-ODza3Kpc-Scene-0219/entity_40.mp4,T2V_data/label/vidgen_filter_gemini_part_0_dpo_14/Jq-ODza3Kpc-Scene-0219/entity_40.png
T2V_data/VIDGEN-1M_unzip/Jt3jupoQGns-Scene-0038.mp4,"In the video, a man is holding a fish in his hands while another man is holding a fishing hook. The man with the fish is holding it up to the hook, and the other man is trying to insert the hook into the fish's mouth. The man with the fish is wearing a camouflage jacket, and the other man is wearing a black glove. The background shows a river with rocks and trees.",T2V_data/label/vidgen_filter_gemini_part_0_dpo_14/Jt3jupoQGns-Scene-0038/depth.mp4,T2V_data/label/vidgen_filter_gemini_part_0_dpo_14/Jt3jupoQGns-Scene-0038/entity_20.png
T2V_data/VIDGEN-1M_unzip/Jt3jupoQGns-Scene-0038.mp4,"In the video, a man is holding a fish in his hands while another man is holding a fishing hook. The man with the fish is holding it up to the hook, and the other man is trying to insert the hook into the fish's mouth. The man with the fish is wearing a camouflage jacket, and the other man is wearing a black glove. The background shows a river with rocks and trees.",T2V_data/label/vidgen_filter_gemini_part_0_dpo_14/Jt3jupoQGns-Scene-0038/entity_20.mp4,T2V_data/label/vidgen_filter_gemini_part_0_dpo_14/Jt3jupoQGns-Scene-0038/entity_20.png
T2V_data/VIDGEN-1M_unzip/K6kDk7rcUPw-Scene-0039.mp4,"The video shows a football game in progress. The player wearing the number 12 jersey is seen running with the ball and then tackled by an opposing player. The tackle is quite intense, and the player in the number 12 jersey falls to the ground. The other players on the field are seen running around, and the crowd can be heard cheering in the background. The video captures the excitement and energy of the game, with players moving quickly and making strategic plays. The colors of the jerseys, the green of the field, and the white lines marking the yardage are all clearly visible. The tackle is the highlight of the video, showcasing the physicality and competitiveness of the sport.",T2V_data/label/vidgen_filter_gemini_part_0_dpo_14/K6kDk7rcUPw-Scene-0039/depth.mp4,T2V_data/label/vidgen_filter_gemini_part_0_dpo_14/K6kDk7rcUPw-Scene-0039/entity_20.png
T2V_data/VIDGEN-1M_unzip/K6kDk7rcUPw-Scene-0039.mp4,"The video shows a football game in progress. The player wearing the number 12 jersey is seen running with the ball and then tackled by an opposing player. The tackle is quite intense, and the player in the number 12 jersey falls to the ground. The other players on the field are seen running around, and the crowd can be heard cheering in the background. The video captures the excitement and energy of the game, with players moving quickly and making strategic plays. The colors of the jerseys, the green of the field, and the white lines marking the yardage are all clearly visible. The tackle is the highlight of the video, showcasing the physicality and competitiveness of the sport.",T2V_data/label/vidgen_filter_gemini_part_0_dpo_14/K6kDk7rcUPw-Scene-0039/entity_20.mp4,T2V_data/label/vidgen_filter_gemini_part_0_dpo_14/K6kDk7rcUPw-Scene-0039/entity_20.png
T2V_data/VIDGEN-1M_unzip/K861CZJWsZ4-Scene-0008.mp4,"The video shows a man in a gym lifting a dumbbell over his head. He is wearing a black shirt and has blonde hair. The gym is equipped with various exercise machines and equipment. The man is performing a shoulder press exercise, which involves lifting the dumbbell from shoulder height to above his head. The dumbbell appears to be heavy, as the man is exerting effort to lift it. The gym is well-lit, and the walls are painted in a neutral color. The man's form is good, and he maintains proper posture throughout the exercise.",T2V_data/label/vidgen_filter_gemini_part_0_dpo_14/K861CZJWsZ4-Scene-0008/depth.mp4,T2V_data/label/vidgen_filter_gemini_part_0_dpo_14/K861CZJWsZ4-Scene-0008/entity_40.png
T2V_data/VIDGEN-1M_unzip/K861CZJWsZ4-Scene-0008.mp4,"The video shows a man in a gym lifting a dumbbell over his head. He is wearing a black shirt and has blonde hair. The gym is equipped with various exercise machines and equipment. The man is performing a shoulder press exercise, which involves lifting the dumbbell from shoulder height to above his head. The dumbbell appears to be heavy, as the man is exerting effort to lift it. The gym is well-lit, and the walls are painted in a neutral color. The man's form is good, and he maintains proper posture throughout the exercise.",T2V_data/label/vidgen_filter_gemini_part_0_dpo_14/K861CZJWsZ4-Scene-0008/entity_40.mp4,T2V_data/label/vidgen_filter_gemini_part_0_dpo_14/K861CZJWsZ4-Scene-0008/entity_40.png
T2V_data/VIDGEN-1M_unzip/KRZjnfq_VLM-Scene-0099.mp4,"The video shows a person windsurfing in the ocean. The windsurfer is wearing a black wetsuit and is riding a board with a blue and white sail. The waves are large and white, and the sky is clear and blue. The windsurfer is seen riding the waves, leaning back and forth to control the sail, and at times getting knocked over by the waves. The video captures the thrill and excitement of windsurfing in the open ocean.",T2V_data/label/vidgen_filter_gemini_part_0_dpo_14/KRZjnfq_VLM-Scene-0099/depth.mp4,T2V_data/label/vidgen_filter_gemini_part_0_dpo_14/KRZjnfq_VLM-Scene-0099/entity_20.png
T2V_data/VIDGEN-1M_unzip/KRZjnfq_VLM-Scene-0099.mp4,"The video shows a person windsurfing in the ocean. The windsurfer is wearing a black wetsuit and is riding a board with a blue and white sail. The waves are large and white, and the sky is clear and blue. The windsurfer is seen riding the waves, leaning back and forth to control the sail, and at times getting knocked over by the waves. The video captures the thrill and excitement of windsurfing in the open ocean.",T2V_data/label/vidgen_filter_gemini_part_0_dpo_14/KRZjnfq_VLM-Scene-0099/entity_20.mp4,T2V_data/label/vidgen_filter_gemini_part_0_dpo_14/KRZjnfq_VLM-Scene-0099/entity_20.png
T2V_data/VIDGEN-1M_unzip/KXnl0MxWGL4-Scene-0009.mp4,"The video shows a large green monster with a muscular build, standing in a room with a dark floor and walls. The monster is seen picking up a person with both hands and slamming them onto the ground. The person is wearing a black shirt and pants. The monster then stands over the person and appears to be looking down at them. The room is dimly lit, and there are no other visible objects or people in the video.",T2V_data/label/vidgen_filter_gemini_part_0_dpo_14/KXnl0MxWGL4-Scene-0009/depth.mp4,T2V_data/label/vidgen_filter_gemini_part_0_dpo_14/KXnl0MxWGL4-Scene-0009/entity_20.png
T2V_data/VIDGEN-1M_unzip/KXnl0MxWGL4-Scene-0009.mp4,"The video shows a large green monster with a muscular build, standing in a room with a dark floor and walls. The monster is seen picking up a person with both hands and slamming them onto the ground. The person is wearing a black shirt and pants. The monster then stands over the person and appears to be looking down at them. The room is dimly lit, and there are no other visible objects or people in the video.",T2V_data/label/vidgen_filter_gemini_part_0_dpo_14/KXnl0MxWGL4-Scene-0009/entity_20.mp4,T2V_data/label/vidgen_filter_gemini_part_0_dpo_14/KXnl0MxWGL4-Scene-0009/entity_20.png
T2V_data/VIDGEN-1M_unzip/KYwGGzuBfT8-Scene-0004.mp4,"In the video, a man is standing on a sidewalk at night, wearing a black jacket and a black beanie with green lights on it. He is holding a green ball in his hand and throwing it in the air. The background is blurry, but there are lights and buildings visible. The man appears to be practicing his throwing technique.",T2V_data/label/vidgen_filter_gemini_part_0_dpo_14/KYwGGzuBfT8-Scene-0004/depth.mp4,T2V_data/label/vidgen_filter_gemini_part_0_dpo_14/KYwGGzuBfT8-Scene-0004/entity_20.png
T2V_data/VIDGEN-1M_unzip/KYwGGzuBfT8-Scene-0004.mp4,"In the video, a man is standing on a sidewalk at night, wearing a black jacket and a black beanie with green lights on it. He is holding a green ball in his hand and throwing it in the air. The background is blurry, but there are lights and buildings visible. The man appears to be practicing his throwing technique.",T2V_data/label/vidgen_filter_gemini_part_0_dpo_14/KYwGGzuBfT8-Scene-0004/entity_20.mp4,T2V_data/label/vidgen_filter_gemini_part_0_dpo_14/KYwGGzuBfT8-Scene-0004/entity_20.png
T2V_data/VIDGEN-1M_unzip/Kaqn_inAzsk-Scene-0022.mp4,"In the video, a person is seen pouring a creamy, yellow sauce over a pot of pasta. The sauce is being poured from a red pot into the pot of pasta, which is already cooked and ready to be served. The person's hand is visible, and they are wearing a bracelet. The sauce is thick and smooth, and it covers the pasta evenly. The pasta appears to be of the macaroni variety, and it is a light yellow color. The red pot from which the sauce is being poured is also visible in the video.",T2V_data/label/vidgen_filter_gemini_part_0_dpo_14/Kaqn_inAzsk-Scene-0022/depth.mp4,T2V_data/label/vidgen_filter_gemini_part_0_dpo_14/Kaqn_inAzsk-Scene-0022/entity_80.png
T2V_data/VIDGEN-1M_unzip/Kaqn_inAzsk-Scene-0022.mp4,"In the video, a person is seen pouring a creamy, yellow sauce over a pot of pasta. The sauce is being poured from a red pot into the pot of pasta, which is already cooked and ready to be served. The person's hand is visible, and they are wearing a bracelet. The sauce is thick and smooth, and it covers the pasta evenly. The pasta appears to be of the macaroni variety, and it is a light yellow color. The red pot from which the sauce is being poured is also visible in the video.",T2V_data/label/vidgen_filter_gemini_part_0_dpo_14/Kaqn_inAzsk-Scene-0022/entity_80.mp4,T2V_data/label/vidgen_filter_gemini_part_0_dpo_14/Kaqn_inAzsk-Scene-0022/entity_80.png
T2V_data/VIDGEN-1M_unzip/Kk10zddtuwo-Scene-0019.mp4,"The video shows a close-up of a person's hand holding a black device. The device has a compartment that holds three batteries, two of which are AA and one is AAA. The person's hand is moving the device around, showing it from different angles. The batteries are in a plastic holder, and the device appears to be made of plastic as well. The person's hand is steady, and the device is the main focus of the video.",T2V_data/label/vidgen_filter_gemini_part_0_dpo_14/Kk10zddtuwo-Scene-0019/depth.mp4,T2V_data/label/vidgen_filter_gemini_part_0_dpo_14/Kk10zddtuwo-Scene-0019/entity_60.png
T2V_data/VIDGEN-1M_unzip/Kk10zddtuwo-Scene-0019.mp4,"The video shows a close-up of a person's hand holding a black device. The device has a compartment that holds three batteries, two of which are AA and one is AAA. The person's hand is moving the device around, showing it from different angles. The batteries are in a plastic holder, and the device appears to be made of plastic as well. The person's hand is steady, and the device is the main focus of the video.",T2V_data/label/vidgen_filter_gemini_part_0_dpo_14/Kk10zddtuwo-Scene-0019/entity_60.mp4,T2V_data/label/vidgen_filter_gemini_part_0_dpo_14/Kk10zddtuwo-Scene-0019/entity_60.png
T2V_data/VIDGEN-1M_unzip/L3hGPGuOGto-Scene-0114.mp4,"In the video, a monkey is seen sitting on a tree branch, holding a stick in its hand. The monkey then proceeds to throw the stick, and it flies through the air. The monkey then catches the stick again and repeats the action. The background consists of green leaves and a blue sky. The monkey is yellow with a pink face and brown feet. The stick is brown and appears to be made of wood.",T2V_data/label/vidgen_filter_gemini_part_0_dpo_14/L3hGPGuOGto-Scene-0114/depth.mp4,T2V_data/label/vidgen_filter_gemini_part_0_dpo_14/L3hGPGuOGto-Scene-0114/entity_20.png
T2V_data/VIDGEN-1M_unzip/L3hGPGuOGto-Scene-0114.mp4,"In the video, a monkey is seen sitting on a tree branch, holding a stick in its hand. The monkey then proceeds to throw the stick, and it flies through the air. The monkey then catches the stick again and repeats the action. The background consists of green leaves and a blue sky. The monkey is yellow with a pink face and brown feet. The stick is brown and appears to be made of wood.",T2V_data/label/vidgen_filter_gemini_part_0_dpo_14/L3hGPGuOGto-Scene-0114/entity_20.mp4,T2V_data/label/vidgen_filter_gemini_part_0_dpo_14/L3hGPGuOGto-Scene-0114/entity_20.png
T2V_data/VIDGEN-1M_unzip/L3hGPGuOGto-Scene-0114.mp4,"In the video, a monkey is seen sitting on a tree branch, holding a stick in its hand. The monkey then proceeds to throw the stick, and it flies through the air. The monkey then catches the stick again and repeats the action. The background consists of green leaves and a blue sky. The monkey is yellow with a pink face and brown feet. The stick is brown and appears to be made of wood.",T2V_data/label/vidgen_filter_gemini_part_0_dpo_14/L3hGPGuOGto-Scene-0114/depth.mp4,T2V_data/label/vidgen_filter_gemini_part_0_dpo_14/L3hGPGuOGto-Scene-0114/entity_40.png
T2V_data/VIDGEN-1M_unzip/L3hGPGuOGto-Scene-0114.mp4,"In the video, a monkey is seen sitting on a tree branch, holding a stick in its hand. The monkey then proceeds to throw the stick, and it flies through the air. The monkey then catches the stick again and repeats the action. The background consists of green leaves and a blue sky. The monkey is yellow with a pink face and brown feet. The stick is brown and appears to be made of wood.",T2V_data/label/vidgen_filter_gemini_part_0_dpo_14/L3hGPGuOGto-Scene-0114/entity_40.mp4,T2V_data/label/vidgen_filter_gemini_part_0_dpo_14/L3hGPGuOGto-Scene-0114/entity_40.png
T2V_data/VIDGEN-1M_unzip/LUTvJHHab2Q-Scene-0017.mp4,"In the video, a man is seen using a saw to cut a piece of wood. He measures the wood with a tape measure and marks it with a pencil. He then uses a square to draw a line on the wood and cuts along the line with the saw. The man is wearing a white shirt and is standing in a grassy area. The saw is yellow and black, and the wood is a light brown color. The man's actions are deliberate and precise as he measures and cuts the wood.",T2V_data/label/vidgen_filter_gemini_part_0_dpo_14/LUTvJHHab2Q-Scene-0017/depth.mp4,T2V_data/label/vidgen_filter_gemini_part_0_dpo_14/LUTvJHHab2Q-Scene-0017/entity_60.png
T2V_data/VIDGEN-1M_unzip/LUTvJHHab2Q-Scene-0017.mp4,"In the video, a man is seen using a saw to cut a piece of wood. He measures the wood with a tape measure and marks it with a pencil. He then uses a square to draw a line on the wood and cuts along the line with the saw. The man is wearing a white shirt and is standing in a grassy area. The saw is yellow and black, and the wood is a light brown color. The man's actions are deliberate and precise as he measures and cuts the wood.",T2V_data/label/vidgen_filter_gemini_part_0_dpo_14/LUTvJHHab2Q-Scene-0017/entity_60.mp4,T2V_data/label/vidgen_filter_gemini_part_0_dpo_14/LUTvJHHab2Q-Scene-0017/entity_60.png
T2V_data/VIDGEN-1M_unzip/Llox7IawSeM-Scene-0022.mp4,"In the video, a woman is seen lifting a barbell with blue weights in a gym. She is wearing a gray shirt and red shorts. The man in the background is wearing a gray shirt and red shorts. The woman lifts the barbell from the ground to her chest and then lifts it over her head. The man in the background is watching her.",T2V_data/label/vidgen_filter_gemini_part_0_dpo_14/Llox7IawSeM-Scene-0022/depth.mp4,T2V_data/label/vidgen_filter_gemini_part_0_dpo_14/Llox7IawSeM-Scene-0022/entity_20.png
T2V_data/VIDGEN-1M_unzip/Llox7IawSeM-Scene-0022.mp4,"In the video, a woman is seen lifting a barbell with blue weights in a gym. She is wearing a gray shirt and red shorts. The man in the background is wearing a gray shirt and red shorts. The woman lifts the barbell from the ground to her chest and then lifts it over her head. The man in the background is watching her.",T2V_data/label/vidgen_filter_gemini_part_0_dpo_14/Llox7IawSeM-Scene-0022/entity_20.mp4,T2V_data/label/vidgen_filter_gemini_part_0_dpo_14/Llox7IawSeM-Scene-0022/entity_20.png
T2V_data/VIDGEN-1M_unzip/LmXupU4dDYg-Scene-0014.mp4,"The video is a compilation of basketball gameplay featuring a player in a purple and gold uniform. The player is seen dribbling the ball, making a move around a defender in a white and blue uniform, and then shooting the ball towards the basket. The crowd in the background appears to be cheering and reacting to the play. The video is shot from the perspective of a spectator in the stands, with the camera focused on the action on the court.",T2V_data/label/vidgen_filter_gemini_part_0_dpo_14/LmXupU4dDYg-Scene-0014/depth.mp4,T2V_data/label/vidgen_filter_gemini_part_0_dpo_14/LmXupU4dDYg-Scene-0014/entity_60.png
T2V_data/VIDGEN-1M_unzip/LmXupU4dDYg-Scene-0014.mp4,"The video is a compilation of basketball gameplay featuring a player in a purple and gold uniform. The player is seen dribbling the ball, making a move around a defender in a white and blue uniform, and then shooting the ball towards the basket. The crowd in the background appears to be cheering and reacting to the play. The video is shot from the perspective of a spectator in the stands, with the camera focused on the action on the court.",T2V_data/label/vidgen_filter_gemini_part_0_dpo_14/LmXupU4dDYg-Scene-0014/entity_60.mp4,T2V_data/label/vidgen_filter_gemini_part_0_dpo_14/LmXupU4dDYg-Scene-0014/entity_60.png
T2V_data/VIDGEN-1M_unzip/M9efw8xR9Dc-Scene-0054.mp4,"The video shows a person skiing down a snowy slope. The camera is positioned at the skier's eye level, capturing the view of the snowy landscape and the skier's shadow. The skier is wearing a red jacket and black pants, and the skis are visible at the bottom of the frame. The skier is moving at a steady pace, and the snow is kicked up behind them as they ski. The sky is clear, and the trees in the background are covered in snow.",T2V_data/label/vidgen_filter_gemini_part_0_dpo_14/M9efw8xR9Dc-Scene-0054/depth.mp4,T2V_data/label/vidgen_filter_gemini_part_0_dpo_14/M9efw8xR9Dc-Scene-0054/entity_40.png
T2V_data/VIDGEN-1M_unzip/M9efw8xR9Dc-Scene-0054.mp4,"The video shows a person skiing down a snowy slope. The camera is positioned at the skier's eye level, capturing the view of the snowy landscape and the skier's shadow. The skier is wearing a red jacket and black pants, and the skis are visible at the bottom of the frame. The skier is moving at a steady pace, and the snow is kicked up behind them as they ski. The sky is clear, and the trees in the background are covered in snow.",T2V_data/label/vidgen_filter_gemini_part_0_dpo_14/M9efw8xR9Dc-Scene-0054/entity_40.mp4,T2V_data/label/vidgen_filter_gemini_part_0_dpo_14/M9efw8xR9Dc-Scene-0054/entity_40.png
T2V_data/VIDGEN-1M_unzip/MCrOhxuL0ww-Scene-0061.mp4,The video shows a man wearing a helmet and a blue vest riding a red motorcycle through a forest. He is seen riding the motorcycle on a dirt road surrounded by trees and bushes. The man is wearing a black glove on his left hand and is holding the handlebars of the motorcycle. The motorcycle has a black seat and a red body with a white license plate. The man is seen riding the motorcycle at a moderate speed and appears to be enjoying the ride.,T2V_data/label/vidgen_filter_gemini_part_0_dpo_14/MCrOhxuL0ww-Scene-0061/depth.mp4,T2V_data/label/vidgen_filter_gemini_part_0_dpo_14/MCrOhxuL0ww-Scene-0061/entity_40.png
T2V_data/VIDGEN-1M_unzip/MCrOhxuL0ww-Scene-0061.mp4,The video shows a man wearing a helmet and a blue vest riding a red motorcycle through a forest. He is seen riding the motorcycle on a dirt road surrounded by trees and bushes. The man is wearing a black glove on his left hand and is holding the handlebars of the motorcycle. The motorcycle has a black seat and a red body with a white license plate. The man is seen riding the motorcycle at a moderate speed and appears to be enjoying the ride.,T2V_data/label/vidgen_filter_gemini_part_0_dpo_14/MCrOhxuL0ww-Scene-0061/entity_40.mp4,T2V_data/label/vidgen_filter_gemini_part_0_dpo_14/MCrOhxuL0ww-Scene-0061/entity_40.png
T2V_data/VIDGEN-1M_unzip/Mdm3uKLKKZE-Scene-0020.mp4,"The video shows a person's hand touching the headrest of a car seat. The hand is seen pressing down on the headrest, then pushing it up and down. The car seat is black in color and has a leather texture. The headrest appears to be made of a soft material.",T2V_data/label/vidgen_filter_gemini_part_0_dpo_14/Mdm3uKLKKZE-Scene-0020/depth.mp4,T2V_data/label/vidgen_filter_gemini_part_0_dpo_14/Mdm3uKLKKZE-Scene-0020/entity_40.png
T2V_data/VIDGEN-1M_unzip/Mdm3uKLKKZE-Scene-0020.mp4,"The video shows a person's hand touching the headrest of a car seat. The hand is seen pressing down on the headrest, then pushing it up and down. The car seat is black in color and has a leather texture. The headrest appears to be made of a soft material.",T2V_data/label/vidgen_filter_gemini_part_0_dpo_14/Mdm3uKLKKZE-Scene-0020/entity_40.mp4,T2V_data/label/vidgen_filter_gemini_part_0_dpo_14/Mdm3uKLKKZE-Scene-0020/entity_40.png
T2V_data/VIDGEN-1M_unzip/Myr3-U5uZ9c-Scene-0031.mp4,"The video shows a blue race car with the word ""Mustang"" written on the front and the number 11 on the side. The car is driving on a race track, and the driver is wearing a blue helmet. The car is moving at a high speed, and the driver is making a turn on the track. The track is surrounded by a white fence, and there are orange cones visible in the background.",T2V_data/label/vidgen_filter_gemini_part_0_dpo_14/Myr3-U5uZ9c-Scene-0031/depth.mp4,T2V_data/label/vidgen_filter_gemini_part_0_dpo_14/Myr3-U5uZ9c-Scene-0031/entity_20.png
T2V_data/VIDGEN-1M_unzip/Myr3-U5uZ9c-Scene-0031.mp4,"The video shows a blue race car with the word ""Mustang"" written on the front and the number 11 on the side. The car is driving on a race track, and the driver is wearing a blue helmet. The car is moving at a high speed, and the driver is making a turn on the track. The track is surrounded by a white fence, and there are orange cones visible in the background.",T2V_data/label/vidgen_filter_gemini_part_0_dpo_14/Myr3-U5uZ9c-Scene-0031/entity_20.mp4,T2V_data/label/vidgen_filter_gemini_part_0_dpo_14/Myr3-U5uZ9c-Scene-0031/entity_20.png
T2V_data/VIDGEN-1M_unzip/N2FVOgUeYI8-Scene-0012.mp4,"In the video, a person is seen kneading dough in a clear glass bowl. The person's hands are covered in flour, and they are wearing a bracelet on their left wrist. The dough is white and appears to be soft and pliable. The person's hands move in a circular motion, pushing and folding the dough over itself. The background is not visible, focusing the viewer's attention solely on the kneading process.",T2V_data/label/vidgen_filter_gemini_part_0_dpo_14/N2FVOgUeYI8-Scene-0012/depth.mp4,T2V_data/label/vidgen_filter_gemini_part_0_dpo_14/N2FVOgUeYI8-Scene-0012/entity_40.png
T2V_data/VIDGEN-1M_unzip/N2FVOgUeYI8-Scene-0012.mp4,"In the video, a person is seen kneading dough in a clear glass bowl. The person's hands are covered in flour, and they are wearing a bracelet on their left wrist. The dough is white and appears to be soft and pliable. The person's hands move in a circular motion, pushing and folding the dough over itself. The background is not visible, focusing the viewer's attention solely on the kneading process.",T2V_data/label/vidgen_filter_gemini_part_0_dpo_14/N2FVOgUeYI8-Scene-0012/entity_40.mp4,T2V_data/label/vidgen_filter_gemini_part_0_dpo_14/N2FVOgUeYI8-Scene-0012/entity_40.png
T2V_data/VIDGEN-1M_unzip/N2FVOgUeYI8-Scene-0012.mp4,"In the video, a person is seen kneading dough in a clear glass bowl. The person's hands are covered in flour, and they are wearing a bracelet on their left wrist. The dough is white and appears to be soft and pliable. The person's hands move in a circular motion, pushing and folding the dough over itself. The background is not visible, focusing the viewer's attention solely on the kneading process.",T2V_data/label/vidgen_filter_gemini_part_0_dpo_14/N2FVOgUeYI8-Scene-0012/depth.mp4,T2V_data/label/vidgen_filter_gemini_part_0_dpo_14/N2FVOgUeYI8-Scene-0012/entity_60.png
T2V_data/VIDGEN-1M_unzip/N2FVOgUeYI8-Scene-0012.mp4,"In the video, a person is seen kneading dough in a clear glass bowl. The person's hands are covered in flour, and they are wearing a bracelet on their left wrist. The dough is white and appears to be soft and pliable. The person's hands move in a circular motion, pushing and folding the dough over itself. The background is not visible, focusing the viewer's attention solely on the kneading process.",T2V_data/label/vidgen_filter_gemini_part_0_dpo_14/N2FVOgUeYI8-Scene-0012/entity_60.mp4,T2V_data/label/vidgen_filter_gemini_part_0_dpo_14/N2FVOgUeYI8-Scene-0012/entity_60.png
T2V_data/VIDGEN-1M_unzip/N4L9NfB7Flk-Scene-0185.mp4,"The video shows a small fish swimming in a body of water. The fish has a shiny body with a mix of green and yellow colors. It has a small mouth and two fins on its back. The water is clear, and the fish is the only visible creature in the frame. The fish moves slowly and gracefully, with its fins gently propelling it forward. The video is shot from a close-up angle, allowing viewers to see the details of the fish's body and movements.",T2V_data/label/vidgen_filter_gemini_part_0_dpo_14/N4L9NfB7Flk-Scene-0185/depth.mp4,T2V_data/label/vidgen_filter_gemini_part_0_dpo_14/N4L9NfB7Flk-Scene-0185/entity_60.png
T2V_data/VIDGEN-1M_unzip/N4L9NfB7Flk-Scene-0185.mp4,"The video shows a small fish swimming in a body of water. The fish has a shiny body with a mix of green and yellow colors. It has a small mouth and two fins on its back. The water is clear, and the fish is the only visible creature in the frame. The fish moves slowly and gracefully, with its fins gently propelling it forward. The video is shot from a close-up angle, allowing viewers to see the details of the fish's body and movements.",T2V_data/label/vidgen_filter_gemini_part_0_dpo_14/N4L9NfB7Flk-Scene-0185/entity_60.mp4,T2V_data/label/vidgen_filter_gemini_part_0_dpo_14/N4L9NfB7Flk-Scene-0185/entity_60.png
T2V_data/VIDGEN-1M_unzip/NQ_C3Cp6Psk-Scene-0002.mp4,"The video shows a person's hand moving through a bowl of rice, picking up a handful of rice, and letting it fall back into the bowl. The rice is white and appears to be long-grain. The bowl is clear glass and is placed on a wooden surface. The person's hand is visible, but their body is not shown in the frame.",T2V_data/label/vidgen_filter_gemini_part_0_dpo_14/NQ_C3Cp6Psk-Scene-0002/depth.mp4,T2V_data/label/vidgen_filter_gemini_part_0_dpo_14/NQ_C3Cp6Psk-Scene-0002/entity_20.png
T2V_data/VIDGEN-1M_unzip/NQ_C3Cp6Psk-Scene-0002.mp4,"The video shows a person's hand moving through a bowl of rice, picking up a handful of rice, and letting it fall back into the bowl. The rice is white and appears to be long-grain. The bowl is clear glass and is placed on a wooden surface. The person's hand is visible, but their body is not shown in the frame.",T2V_data/label/vidgen_filter_gemini_part_0_dpo_14/NQ_C3Cp6Psk-Scene-0002/entity_20.mp4,T2V_data/label/vidgen_filter_gemini_part_0_dpo_14/NQ_C3Cp6Psk-Scene-0002/entity_20.png
T2V_data/VIDGEN-1M_unzip/NfnQLqTImuc-Scene-0026.mp4,"In the video, a man is seen standing on a deck of a house. He is holding a remote control in his hands and appears to be operating a drone. The man is wearing a gray tank top and jeans. The deck has a grill and a table with a plate of food on it. The house has a red roof and a large window. The man seems to be focused on controlling the drone, and the video captures him from different angles as he moves around the deck.",T2V_data/label/vidgen_filter_gemini_part_0_dpo_14/NfnQLqTImuc-Scene-0026/depth.mp4,T2V_data/label/vidgen_filter_gemini_part_0_dpo_14/NfnQLqTImuc-Scene-0026/entity_80.png
T2V_data/VIDGEN-1M_unzip/NfnQLqTImuc-Scene-0026.mp4,"In the video, a man is seen standing on a deck of a house. He is holding a remote control in his hands and appears to be operating a drone. The man is wearing a gray tank top and jeans. The deck has a grill and a table with a plate of food on it. The house has a red roof and a large window. The man seems to be focused on controlling the drone, and the video captures him from different angles as he moves around the deck.",T2V_data/label/vidgen_filter_gemini_part_0_dpo_14/NfnQLqTImuc-Scene-0026/entity_80.mp4,T2V_data/label/vidgen_filter_gemini_part_0_dpo_14/NfnQLqTImuc-Scene-0026/entity_80.png
T2V_data/VIDGEN-1M_unzip/NgFaYLgvirc-Scene-0096.mp4,"The video shows a person wearing black gloves pressing down on a pinkish-red substance that is inside a metal pan. The person is using their fingers to press down on the substance, which appears to be some kind of food. The metal pan is placed on a gray countertop, and there is a black cloth underneath the pan. The person's actions suggest that they are trying to evenly distribute the substance within the pan.",T2V_data/label/vidgen_filter_gemini_part_0_dpo_14/NgFaYLgvirc-Scene-0096/depth.mp4,T2V_data/label/vidgen_filter_gemini_part_0_dpo_14/NgFaYLgvirc-Scene-0096/entity_60.png
T2V_data/VIDGEN-1M_unzip/NgFaYLgvirc-Scene-0096.mp4,"The video shows a person wearing black gloves pressing down on a pinkish-red substance that is inside a metal pan. The person is using their fingers to press down on the substance, which appears to be some kind of food. The metal pan is placed on a gray countertop, and there is a black cloth underneath the pan. The person's actions suggest that they are trying to evenly distribute the substance within the pan.",T2V_data/label/vidgen_filter_gemini_part_0_dpo_14/NgFaYLgvirc-Scene-0096/entity_60.mp4,T2V_data/label/vidgen_filter_gemini_part_0_dpo_14/NgFaYLgvirc-Scene-0096/entity_60.png
T2V_data/VIDGEN-1M_unzip/NjmqBvRQ8tI-Scene-0037.mp4,"The video shows a close-up of a salad being mixed in a bowl. The salad appears to be a mix of various vegetables, including lettuce, tomatoes, and green onions. The person mixing the salad is using a spoon to toss the ingredients together, ensuring that they are well combined. The colors of the vegetables are vibrant, with the green of the lettuce and onions, the red of the tomatoes, and the white of the dressing creating a visually appealing dish. The salad looks fresh and crisp, suggesting that it is ready to be served.",T2V_data/label/vidgen_filter_gemini_part_0_dpo_14/NjmqBvRQ8tI-Scene-0037/depth.mp4,T2V_data/label/vidgen_filter_gemini_part_0_dpo_14/NjmqBvRQ8tI-Scene-0037/entity_20.png
T2V_data/VIDGEN-1M_unzip/NjmqBvRQ8tI-Scene-0037.mp4,"The video shows a close-up of a salad being mixed in a bowl. The salad appears to be a mix of various vegetables, including lettuce, tomatoes, and green onions. The person mixing the salad is using a spoon to toss the ingredients together, ensuring that they are well combined. The colors of the vegetables are vibrant, with the green of the lettuce and onions, the red of the tomatoes, and the white of the dressing creating a visually appealing dish. The salad looks fresh and crisp, suggesting that it is ready to be served.",T2V_data/label/vidgen_filter_gemini_part_0_dpo_14/NjmqBvRQ8tI-Scene-0037/entity_20.mp4,T2V_data/label/vidgen_filter_gemini_part_0_dpo_14/NjmqBvRQ8tI-Scene-0037/entity_20.png
T2V_data/VIDGEN-1M_unzip/O8udM-Ycu1Y-Scene-0021.mp4,"In the video, a person is seen working on a bicycle. The person is wearing a blue sweater and is holding a bicycle frame in their left hand. They are using a wrench to tighten a bolt on the frame. The person's right hand is holding a metal tube, which they are attaching to the frame. The background is blurred, but it appears to be a workshop or garage setting. The person's actions are deliberate and precise, indicating that they are experienced in working with bicycles.",T2V_data/label/vidgen_filter_gemini_part_0_dpo_14/O8udM-Ycu1Y-Scene-0021/depth.mp4,T2V_data/label/vidgen_filter_gemini_part_0_dpo_14/O8udM-Ycu1Y-Scene-0021/entity_60.png
T2V_data/VIDGEN-1M_unzip/O8udM-Ycu1Y-Scene-0021.mp4,"In the video, a person is seen working on a bicycle. The person is wearing a blue sweater and is holding a bicycle frame in their left hand. They are using a wrench to tighten a bolt on the frame. The person's right hand is holding a metal tube, which they are attaching to the frame. The background is blurred, but it appears to be a workshop or garage setting. The person's actions are deliberate and precise, indicating that they are experienced in working with bicycles.",T2V_data/label/vidgen_filter_gemini_part_0_dpo_14/O8udM-Ycu1Y-Scene-0021/entity_60.mp4,T2V_data/label/vidgen_filter_gemini_part_0_dpo_14/O8udM-Ycu1Y-Scene-0021/entity_60.png
T2V_data/VIDGEN-1M_unzip/OFjU-K_hrn0-Scene-0028.mp4,"The video shows a soccer game in progress. A player in a green jersey is seen kicking the ball towards the goal. The goalkeeper, dressed in yellow, dives to his right to block the ball. The ball is then seen rolling away from the goal. The players are on a grassy field, and the stands in the background are empty.",T2V_data/label/vidgen_filter_gemini_part_0_dpo_14/OFjU-K_hrn0-Scene-0028/depth.mp4,T2V_data/label/vidgen_filter_gemini_part_0_dpo_14/OFjU-K_hrn0-Scene-0028/entity_40.png
T2V_data/VIDGEN-1M_unzip/OFjU-K_hrn0-Scene-0028.mp4,"The video shows a soccer game in progress. A player in a green jersey is seen kicking the ball towards the goal. The goalkeeper, dressed in yellow, dives to his right to block the ball. The ball is then seen rolling away from the goal. The players are on a grassy field, and the stands in the background are empty.",T2V_data/label/vidgen_filter_gemini_part_0_dpo_14/OFjU-K_hrn0-Scene-0028/entity_40.mp4,T2V_data/label/vidgen_filter_gemini_part_0_dpo_14/OFjU-K_hrn0-Scene-0028/entity_40.png
T2V_data/VIDGEN-1M_unzip/OQV0xrH7bdE-Scene-0029.mp4,"In the video, we see a man wearing a blue apron and a plaid shirt. He is using an ax to chop wood. The man is standing in front of a pile of wood, and he is hitting the wood with the ax. The man is focused on his task, and he appears to be experienced in using the ax. The background is a stone wall, and there is a pile of wood next to the man. The lighting in the video is dim, and the colors are muted. The man's movements are deliberate and precise as he swings the ax to split the wood.",T2V_data/label/vidgen_filter_gemini_part_0_dpo_14/OQV0xrH7bdE-Scene-0029/depth.mp4,T2V_data/label/vidgen_filter_gemini_part_0_dpo_14/OQV0xrH7bdE-Scene-0029/entity_40.png
T2V_data/VIDGEN-1M_unzip/OQV0xrH7bdE-Scene-0029.mp4,"In the video, we see a man wearing a blue apron and a plaid shirt. He is using an ax to chop wood. The man is standing in front of a pile of wood, and he is hitting the wood with the ax. The man is focused on his task, and he appears to be experienced in using the ax. The background is a stone wall, and there is a pile of wood next to the man. The lighting in the video is dim, and the colors are muted. The man's movements are deliberate and precise as he swings the ax to split the wood.",T2V_data/label/vidgen_filter_gemini_part_0_dpo_14/OQV0xrH7bdE-Scene-0029/entity_40.mp4,T2V_data/label/vidgen_filter_gemini_part_0_dpo_14/OQV0xrH7bdE-Scene-0029/entity_40.png
T2V_data/VIDGEN-1M_unzip/OTG-QexRc1k-Scene-0022.mp4,"The video shows a person cutting a piece of meat with a knife. The meat is placed on a cutting board, and the person is using a sharp knife to make precise cuts. The person's hands are steady, and they appear to be experienced in handling the knife. The meat is a deep red color, indicating that it is fresh. The cutting board is made of wood and has a natural grain pattern. The knife has a black handle and a sharp blade. The person is wearing a red shirt, and their movements are deliberate and careful. The video is shot from a close-up angle, focusing on the person's hands and the meat.",T2V_data/label/vidgen_filter_gemini_part_0_dpo_14/OTG-QexRc1k-Scene-0022/depth.mp4,T2V_data/label/vidgen_filter_gemini_part_0_dpo_14/OTG-QexRc1k-Scene-0022/entity_40.png
T2V_data/VIDGEN-1M_unzip/OTG-QexRc1k-Scene-0022.mp4,"The video shows a person cutting a piece of meat with a knife. The meat is placed on a cutting board, and the person is using a sharp knife to make precise cuts. The person's hands are steady, and they appear to be experienced in handling the knife. The meat is a deep red color, indicating that it is fresh. The cutting board is made of wood and has a natural grain pattern. The knife has a black handle and a sharp blade. The person is wearing a red shirt, and their movements are deliberate and careful. The video is shot from a close-up angle, focusing on the person's hands and the meat.",T2V_data/label/vidgen_filter_gemini_part_0_dpo_14/OTG-QexRc1k-Scene-0022/entity_40.mp4,T2V_data/label/vidgen_filter_gemini_part_0_dpo_14/OTG-QexRc1k-Scene-0022/entity_40.png
T2V_data/VIDGEN-1M_unzip/OTG-QexRc1k-Scene-0022.mp4,"The video shows a person cutting a piece of meat with a knife. The meat is placed on a cutting board, and the person is using a sharp knife to make precise cuts. The person's hands are steady, and they appear to be experienced in handling the knife. The meat is a deep red color, indicating that it is fresh. The cutting board is made of wood and has a natural grain pattern. The knife has a black handle and a sharp blade. The person is wearing a red shirt, and their movements are deliberate and careful. The video is shot from a close-up angle, focusing on the person's hands and the meat.",T2V_data/label/vidgen_filter_gemini_part_0_dpo_14/OTG-QexRc1k-Scene-0022/depth.mp4,T2V_data/label/vidgen_filter_gemini_part_0_dpo_14/OTG-QexRc1k-Scene-0022/entity_60.png
T2V_data/VIDGEN-1M_unzip/OTG-QexRc1k-Scene-0022.mp4,"The video shows a person cutting a piece of meat with a knife. The meat is placed on a cutting board, and the person is using a sharp knife to make precise cuts. The person's hands are steady, and they appear to be experienced in handling the knife. The meat is a deep red color, indicating that it is fresh. The cutting board is made of wood and has a natural grain pattern. The knife has a black handle and a sharp blade. The person is wearing a red shirt, and their movements are deliberate and careful. The video is shot from a close-up angle, focusing on the person's hands and the meat.",T2V_data/label/vidgen_filter_gemini_part_0_dpo_14/OTG-QexRc1k-Scene-0022/entity_60.mp4,T2V_data/label/vidgen_filter_gemini_part_0_dpo_14/OTG-QexRc1k-Scene-0022/entity_60.png
T2V_data/VIDGEN-1M_unzip/OTcDosYNhrE-Scene-0074.mp4,"In the video, a person is seen digging through the soil with their hand. The soil is dark brown and appears to be moist. The person's hand is visible, and they are using their fingers to move the soil aside. As they dig, they uncover a piece of metal that is partially buried in the soil. The metal has a greenish-blue color and seems to be rusted. The person continues to dig around the metal, trying to uncover more of it. The surrounding area has some green grass, indicating that the soil is likely in a garden or a similar outdoor area.",T2V_data/label/vidgen_filter_gemini_part_0_dpo_14/OTcDosYNhrE-Scene-0074/depth.mp4,T2V_data/label/vidgen_filter_gemini_part_0_dpo_14/OTcDosYNhrE-Scene-0074/entity_40.png
T2V_data/VIDGEN-1M_unzip/OTcDosYNhrE-Scene-0074.mp4,"In the video, a person is seen digging through the soil with their hand. The soil is dark brown and appears to be moist. The person's hand is visible, and they are using their fingers to move the soil aside. As they dig, they uncover a piece of metal that is partially buried in the soil. The metal has a greenish-blue color and seems to be rusted. The person continues to dig around the metal, trying to uncover more of it. The surrounding area has some green grass, indicating that the soil is likely in a garden or a similar outdoor area.",T2V_data/label/vidgen_filter_gemini_part_0_dpo_14/OTcDosYNhrE-Scene-0074/entity_40.mp4,T2V_data/label/vidgen_filter_gemini_part_0_dpo_14/OTcDosYNhrE-Scene-0074/entity_40.png
T2V_data/VIDGEN-1M_unzip/OY8uYQBkdSI-Scene-0088.mp4,"The video shows a black car driving on a curvy road. The car is driving at a moderate speed and appears to be in good condition. The road is surrounded by trees and bushes, and there are no other vehicles visible in the video. The sky is clear and blue, indicating that it is a sunny day. The car's tires are making a slight squeaking sound as it turns the corner. The car's headlights are on, and the windshield wipers are not in use. The car passes by a red and white sign, but the content of the sign is not visible in the video. The car continues to drive along the road, following the curve of the road.",T2V_data/label/vidgen_filter_gemini_part_0_dpo_14/OY8uYQBkdSI-Scene-0088/depth.mp4,T2V_data/label/vidgen_filter_gemini_part_0_dpo_14/OY8uYQBkdSI-Scene-0088/entity_20.png
T2V_data/VIDGEN-1M_unzip/OY8uYQBkdSI-Scene-0088.mp4,"The video shows a black car driving on a curvy road. The car is driving at a moderate speed and appears to be in good condition. The road is surrounded by trees and bushes, and there are no other vehicles visible in the video. The sky is clear and blue, indicating that it is a sunny day. The car's tires are making a slight squeaking sound as it turns the corner. The car's headlights are on, and the windshield wipers are not in use. The car passes by a red and white sign, but the content of the sign is not visible in the video. The car continues to drive along the road, following the curve of the road.",T2V_data/label/vidgen_filter_gemini_part_0_dpo_14/OY8uYQBkdSI-Scene-0088/entity_20.mp4,T2V_data/label/vidgen_filter_gemini_part_0_dpo_14/OY8uYQBkdSI-Scene-0088/entity_20.png
T2V_data/VIDGEN-1M_unzip/O_K3kqgOMCQ-Scene-0007.mp4,"In the video, a man is seen using a grinder to work on a piece of metal. He is holding the grinder with his right hand and using his left hand to rotate the piece of metal, which is secured in a vise. As he grinds the metal, sparks fly out from the contact point. The man is wearing a black shirt and appears to be focused on his work. The background is cluttered with various tools and equipment, indicating that this may be taking place in a workshop or garage.",T2V_data/label/vidgen_filter_gemini_part_0_dpo_14/O_K3kqgOMCQ-Scene-0007/depth.mp4,T2V_data/label/vidgen_filter_gemini_part_0_dpo_14/O_K3kqgOMCQ-Scene-0007/entity_40.png
T2V_data/VIDGEN-1M_unzip/O_K3kqgOMCQ-Scene-0007.mp4,"In the video, a man is seen using a grinder to work on a piece of metal. He is holding the grinder with his right hand and using his left hand to rotate the piece of metal, which is secured in a vise. As he grinds the metal, sparks fly out from the contact point. The man is wearing a black shirt and appears to be focused on his work. The background is cluttered with various tools and equipment, indicating that this may be taking place in a workshop or garage.",T2V_data/label/vidgen_filter_gemini_part_0_dpo_14/O_K3kqgOMCQ-Scene-0007/entity_40.mp4,T2V_data/label/vidgen_filter_gemini_part_0_dpo_14/O_K3kqgOMCQ-Scene-0007/entity_40.png
T2V_data/VIDGEN-1M_unzip/P-v8wZd9Lp8-Scene-0053.mp4,"The video shows a close-up of a large engine with a black belt on it. The engine is made up of various metal parts and has a large pulley in the center. The belt is moving in a circular motion, indicating that the engine is running. The background is blurred, but it appears to be a workshop or garage setting.",T2V_data/label/vidgen_filter_gemini_part_0_dpo_14/P-v8wZd9Lp8-Scene-0053/depth.mp4,T2V_data/label/vidgen_filter_gemini_part_0_dpo_14/P-v8wZd9Lp8-Scene-0053/entity_20.png
T2V_data/VIDGEN-1M_unzip/P-v8wZd9Lp8-Scene-0053.mp4,"The video shows a close-up of a large engine with a black belt on it. The engine is made up of various metal parts and has a large pulley in the center. The belt is moving in a circular motion, indicating that the engine is running. The background is blurred, but it appears to be a workshop or garage setting.",T2V_data/label/vidgen_filter_gemini_part_0_dpo_14/P-v8wZd9Lp8-Scene-0053/entity_20.mp4,T2V_data/label/vidgen_filter_gemini_part_0_dpo_14/P-v8wZd9Lp8-Scene-0053/entity_20.png
T2V_data/VIDGEN-1M_unzip/P6m8Pxib4U0-Scene-0116.mp4,"In the video, a person is using a chainsaw to cut down a tree. The person is wearing a black glove and is holding the chainsaw with both hands. The tree is surrounded by green leaves and branches. The chainsaw is making a loud noise as it cuts through the wood. The person is carefully cutting the tree, making sure not to damage the surrounding foliage. The tree is tall and appears to be in a forested area. The person continues to cut the tree until it falls to the ground.",T2V_data/label/vidgen_filter_gemini_part_0_dpo_14/P6m8Pxib4U0-Scene-0116/depth.mp4,T2V_data/label/vidgen_filter_gemini_part_0_dpo_14/P6m8Pxib4U0-Scene-0116/entity_40.png
T2V_data/VIDGEN-1M_unzip/P6m8Pxib4U0-Scene-0116.mp4,"In the video, a person is using a chainsaw to cut down a tree. The person is wearing a black glove and is holding the chainsaw with both hands. The tree is surrounded by green leaves and branches. The chainsaw is making a loud noise as it cuts through the wood. The person is carefully cutting the tree, making sure not to damage the surrounding foliage. The tree is tall and appears to be in a forested area. The person continues to cut the tree until it falls to the ground.",T2V_data/label/vidgen_filter_gemini_part_0_dpo_14/P6m8Pxib4U0-Scene-0116/entity_40.mp4,T2V_data/label/vidgen_filter_gemini_part_0_dpo_14/P6m8Pxib4U0-Scene-0116/entity_40.png
T2V_data/VIDGEN-1M_unzip/WkE1qBWBiy4-Scene-0029.mp4,"In the video, we see a man's hand reaching for a button on a car seat. He presses the button, and the seat begins to move back and forth. The man's hand is visible throughout the video, and he is wearing a watch on his wrist. The car seat is black, and the interior of the car is also black. The man seems to be testing the functionality of the seat.",T2V_data/label/vidgen_filter_gemini_part_0_dpo_14/WkE1qBWBiy4-Scene-0029/depth.mp4,T2V_data/label/vidgen_filter_gemini_part_0_dpo_14/WkE1qBWBiy4-Scene-0029/entity_60.png
T2V_data/VIDGEN-1M_unzip/WkE1qBWBiy4-Scene-0029.mp4,"In the video, we see a man's hand reaching for a button on a car seat. He presses the button, and the seat begins to move back and forth. The man's hand is visible throughout the video, and he is wearing a watch on his wrist. The car seat is black, and the interior of the car is also black. The man seems to be testing the functionality of the seat.",T2V_data/label/vidgen_filter_gemini_part_0_dpo_14/WkE1qBWBiy4-Scene-0029/entity_60.mp4,T2V_data/label/vidgen_filter_gemini_part_0_dpo_14/WkE1qBWBiy4-Scene-0029/entity_60.png
T2V_data/VIDGEN-1M_unzip/WnAfAsudV3I-Scene-0013.mp4,"In the video, a man is holding a muffler in his hand and using a pair of pliers to remove the screen from it. The muffler is dirty and has some rust on it. The man then proceeds to pour out the contents of the muffler into a plastic bag. The screen that was removed is also placed in the plastic bag. The man seems to be working on a car or a similar vehicle. The video is shot in a garage or a workshop setting.",T2V_data/label/vidgen_filter_gemini_part_0_dpo_14/WnAfAsudV3I-Scene-0013/depth.mp4,T2V_data/label/vidgen_filter_gemini_part_0_dpo_14/WnAfAsudV3I-Scene-0013/entity_40.png
T2V_data/VIDGEN-1M_unzip/WnAfAsudV3I-Scene-0013.mp4,"In the video, a man is holding a muffler in his hand and using a pair of pliers to remove the screen from it. The muffler is dirty and has some rust on it. The man then proceeds to pour out the contents of the muffler into a plastic bag. The screen that was removed is also placed in the plastic bag. The man seems to be working on a car or a similar vehicle. The video is shot in a garage or a workshop setting.",T2V_data/label/vidgen_filter_gemini_part_0_dpo_14/WnAfAsudV3I-Scene-0013/entity_40.mp4,T2V_data/label/vidgen_filter_gemini_part_0_dpo_14/WnAfAsudV3I-Scene-0013/entity_40.png
T2V_data/VIDGEN-1M_unzip/WsniHjPQXZw-Scene-0020.mp4,"The video shows a baseball player in a blue uniform with the word ""Dodgers"" on it, standing on a field. The player is holding a baseball in his right hand and is in the process of throwing it. The background is blurred, but it appears to be a stadium with spectators. The player's posture suggests that he is in the middle of a pitch.",T2V_data/label/vidgen_filter_gemini_part_0_dpo_14/WsniHjPQXZw-Scene-0020/depth.mp4,T2V_data/label/vidgen_filter_gemini_part_0_dpo_14/WsniHjPQXZw-Scene-0020/entity_40.png
T2V_data/VIDGEN-1M_unzip/WsniHjPQXZw-Scene-0020.mp4,"The video shows a baseball player in a blue uniform with the word ""Dodgers"" on it, standing on a field. The player is holding a baseball in his right hand and is in the process of throwing it. The background is blurred, but it appears to be a stadium with spectators. The player's posture suggests that he is in the middle of a pitch.",T2V_data/label/vidgen_filter_gemini_part_0_dpo_14/WsniHjPQXZw-Scene-0020/entity_40.mp4,T2V_data/label/vidgen_filter_gemini_part_0_dpo_14/WsniHjPQXZw-Scene-0020/entity_40.png
T2V_data/VIDGEN-1M_unzip/Wt7N0zrdTQI-Scene-0088.mp4,"The video shows a monster truck performing stunts in an arena. The truck is seen driving over a ramp and then flipping over. The truck is black and yellow in color, with a large engine and oversized tires. The arena is filled with spectators, and there are other monster trucks visible in the background. The truck performs various stunts, including jumps and flips, showcasing the driver's skills and the truck's capabilities.",T2V_data/label/vidgen_filter_gemini_part_0_dpo_14/Wt7N0zrdTQI-Scene-0088/depth.mp4,T2V_data/label/vidgen_filter_gemini_part_0_dpo_14/Wt7N0zrdTQI-Scene-0088/entity_20.png
T2V_data/VIDGEN-1M_unzip/Wt7N0zrdTQI-Scene-0088.mp4,"The video shows a monster truck performing stunts in an arena. The truck is seen driving over a ramp and then flipping over. The truck is black and yellow in color, with a large engine and oversized tires. The arena is filled with spectators, and there are other monster trucks visible in the background. The truck performs various stunts, including jumps and flips, showcasing the driver's skills and the truck's capabilities.",T2V_data/label/vidgen_filter_gemini_part_0_dpo_14/Wt7N0zrdTQI-Scene-0088/entity_20.mp4,T2V_data/label/vidgen_filter_gemini_part_0_dpo_14/Wt7N0zrdTQI-Scene-0088/entity_20.png
T2V_data/VIDGEN-1M_unzip/XDPsn5CRUtg-Scene-0025.mp4,"In the video, a person is seen cutting an onion on a wooden cutting board. The person uses a large knife to cut the onion into slices. The onion is white and appears to be fresh. The person's hands are visible as they hold the onion and knife, and they are wearing a red shirt. The cutting board is placed on a table, and the background is blurred. The video is shot from a close-up angle, focusing on the onion and the person's hands.",T2V_data/label/vidgen_filter_gemini_part_0_dpo_14/XDPsn5CRUtg-Scene-0025/depth.mp4,T2V_data/label/vidgen_filter_gemini_part_0_dpo_14/XDPsn5CRUtg-Scene-0025/entity_40.png
T2V_data/VIDGEN-1M_unzip/XDPsn5CRUtg-Scene-0025.mp4,"In the video, a person is seen cutting an onion on a wooden cutting board. The person uses a large knife to cut the onion into slices. The onion is white and appears to be fresh. The person's hands are visible as they hold the onion and knife, and they are wearing a red shirt. The cutting board is placed on a table, and the background is blurred. The video is shot from a close-up angle, focusing on the onion and the person's hands.",T2V_data/label/vidgen_filter_gemini_part_0_dpo_14/XDPsn5CRUtg-Scene-0025/entity_40.mp4,T2V_data/label/vidgen_filter_gemini_part_0_dpo_14/XDPsn5CRUtg-Scene-0025/entity_40.png
T2V_data/VIDGEN-1M_unzip/XJexhBLfsf4-Scene-0024.mp4,"The video shows a close-up of a person using a tool to carve a piece of wood. The wood is clamped down to a workbench, and the person is using a chisel to carve a design into the wood. The person's hands are visible, and they are wearing a glove on one hand. The wood has a light brown color, and the design being carved into it is not clearly visible. The background is blurry, but it appears to be a workshop setting.",T2V_data/label/vidgen_filter_gemini_part_0_dpo_14/XJexhBLfsf4-Scene-0024/depth.mp4,T2V_data/label/vidgen_filter_gemini_part_0_dpo_14/XJexhBLfsf4-Scene-0024/entity_20.png
T2V_data/VIDGEN-1M_unzip/XJexhBLfsf4-Scene-0024.mp4,"The video shows a close-up of a person using a tool to carve a piece of wood. The wood is clamped down to a workbench, and the person is using a chisel to carve a design into the wood. The person's hands are visible, and they are wearing a glove on one hand. The wood has a light brown color, and the design being carved into it is not clearly visible. The background is blurry, but it appears to be a workshop setting.",T2V_data/label/vidgen_filter_gemini_part_0_dpo_14/XJexhBLfsf4-Scene-0024/entity_20.mp4,T2V_data/label/vidgen_filter_gemini_part_0_dpo_14/XJexhBLfsf4-Scene-0024/entity_20.png
T2V_data/VIDGEN-1M_unzip/XQyay2bt3sc-Scene-0088.mp4,"The video shows a wrestling match taking place in a ring with a blue background. Two female wrestlers are seen in the ring, one wearing a black and blue outfit and the other wearing a red and black outfit. The wrestler in the black and blue outfit is seen performing a move on the wrestler in the red and black outfit, who is lying on the ground. The wrestler in the black and blue outfit is seen standing over the wrestler in the red and black outfit, and then she bends down and grabs the other wrestler's head. The wrestler in the black and blue outfit then lifts the wrestler in the red and black outfit up and slams her head down onto the mat. The wrestler in the red and black outfit is seen lying motionless on the mat after the move is performed.",T2V_data/label/vidgen_filter_gemini_part_0_dpo_14/XQyay2bt3sc-Scene-0088/depth.mp4,T2V_data/label/vidgen_filter_gemini_part_0_dpo_14/XQyay2bt3sc-Scene-0088/entity_20.png
T2V_data/VIDGEN-1M_unzip/XQyay2bt3sc-Scene-0088.mp4,"The video shows a wrestling match taking place in a ring with a blue background. Two female wrestlers are seen in the ring, one wearing a black and blue outfit and the other wearing a red and black outfit. The wrestler in the black and blue outfit is seen performing a move on the wrestler in the red and black outfit, who is lying on the ground. The wrestler in the black and blue outfit is seen standing over the wrestler in the red and black outfit, and then she bends down and grabs the other wrestler's head. The wrestler in the black and blue outfit then lifts the wrestler in the red and black outfit up and slams her head down onto the mat. The wrestler in the red and black outfit is seen lying motionless on the mat after the move is performed.",T2V_data/label/vidgen_filter_gemini_part_0_dpo_14/XQyay2bt3sc-Scene-0088/entity_20.mp4,T2V_data/label/vidgen_filter_gemini_part_0_dpo_14/XQyay2bt3sc-Scene-0088/entity_20.png
T2V_data/VIDGEN-1M_unzip/Xf6R7Wbe3pw-Scene-0039.mp4,"The video shows a soccer player in a black uniform with the number 7 on the back, standing in front of a goal. The player is surrounded by other players in white uniforms, and the scene appears to be from a soccer game. The player in the black uniform is seen kicking the ball into the goal, and the other players are seen running towards the ball. The video is in black and white, and the players are wearing soccer cleats.",T2V_data/label/vidgen_filter_gemini_part_0_dpo_14/Xf6R7Wbe3pw-Scene-0039/depth.mp4,T2V_data/label/vidgen_filter_gemini_part_0_dpo_14/Xf6R7Wbe3pw-Scene-0039/entity_20.png
T2V_data/VIDGEN-1M_unzip/Xf6R7Wbe3pw-Scene-0039.mp4,"The video shows a soccer player in a black uniform with the number 7 on the back, standing in front of a goal. The player is surrounded by other players in white uniforms, and the scene appears to be from a soccer game. The player in the black uniform is seen kicking the ball into the goal, and the other players are seen running towards the ball. The video is in black and white, and the players are wearing soccer cleats.",T2V_data/label/vidgen_filter_gemini_part_0_dpo_14/Xf6R7Wbe3pw-Scene-0039/entity_20.mp4,T2V_data/label/vidgen_filter_gemini_part_0_dpo_14/Xf6R7Wbe3pw-Scene-0039/entity_20.png
T2V_data/VIDGEN-1M_unzip/Xf6R7Wbe3pw-Scene-0039.mp4,"The video shows a soccer player in a black uniform with the number 7 on the back, standing in front of a goal. The player is surrounded by other players in white uniforms, and the scene appears to be from a soccer game. The player in the black uniform is seen kicking the ball into the goal, and the other players are seen running towards the ball. The video is in black and white, and the players are wearing soccer cleats.",T2V_data/label/vidgen_filter_gemini_part_0_dpo_14/Xf6R7Wbe3pw-Scene-0039/depth.mp4,T2V_data/label/vidgen_filter_gemini_part_0_dpo_14/Xf6R7Wbe3pw-Scene-0039/entity_40.png
T2V_data/VIDGEN-1M_unzip/Xf6R7Wbe3pw-Scene-0039.mp4,"The video shows a soccer player in a black uniform with the number 7 on the back, standing in front of a goal. The player is surrounded by other players in white uniforms, and the scene appears to be from a soccer game. The player in the black uniform is seen kicking the ball into the goal, and the other players are seen running towards the ball. The video is in black and white, and the players are wearing soccer cleats.",T2V_data/label/vidgen_filter_gemini_part_0_dpo_14/Xf6R7Wbe3pw-Scene-0039/entity_40.mp4,T2V_data/label/vidgen_filter_gemini_part_0_dpo_14/Xf6R7Wbe3pw-Scene-0039/entity_40.png
T2V_data/VIDGEN-1M_unzip/Xo4yCBADXxw-Scene-0040.mp4,"In the video, a man is seen in a bamboo forest. He is wearing a black shirt and black pants. The man is bending over and picking up a large bamboo pole. He then lifts the pole over his shoulder and walks away. The forest is dense with tall bamboo trees, and the ground is covered with fallen leaves and branches. The man appears to be alone in the forest, and there are no other people or animals visible in the video. The lighting is natural, suggesting that the video was shot during the day. The man's actions are deliberate and careful as he handles the bamboo pole.",T2V_data/label/vidgen_filter_gemini_part_0_dpo_14/Xo4yCBADXxw-Scene-0040/depth.mp4,T2V_data/label/vidgen_filter_gemini_part_0_dpo_14/Xo4yCBADXxw-Scene-0040/entity_40.png
T2V_data/VIDGEN-1M_unzip/Xo4yCBADXxw-Scene-0040.mp4,"In the video, a man is seen in a bamboo forest. He is wearing a black shirt and black pants. The man is bending over and picking up a large bamboo pole. He then lifts the pole over his shoulder and walks away. The forest is dense with tall bamboo trees, and the ground is covered with fallen leaves and branches. The man appears to be alone in the forest, and there are no other people or animals visible in the video. The lighting is natural, suggesting that the video was shot during the day. The man's actions are deliberate and careful as he handles the bamboo pole.",T2V_data/label/vidgen_filter_gemini_part_0_dpo_14/Xo4yCBADXxw-Scene-0040/entity_40.mp4,T2V_data/label/vidgen_filter_gemini_part_0_dpo_14/Xo4yCBADXxw-Scene-0040/entity_40.png
T2V_data/VIDGEN-1M_unzip/XyTkhPYINDE-Scene-0045.mp4,"The video shows a close-up of a blender with a green mixture inside. The blender is turned on, and the mixture is blended until it becomes smooth. The blender is then turned off, and the lid is removed. The mixture appears to be a green smoothie or shake.",T2V_data/label/vidgen_filter_gemini_part_0_dpo_14/XyTkhPYINDE-Scene-0045/depth.mp4,T2V_data/label/vidgen_filter_gemini_part_0_dpo_14/XyTkhPYINDE-Scene-0045/entity_40.png
T2V_data/VIDGEN-1M_unzip/XyTkhPYINDE-Scene-0045.mp4,"The video shows a close-up of a blender with a green mixture inside. The blender is turned on, and the mixture is blended until it becomes smooth. The blender is then turned off, and the lid is removed. The mixture appears to be a green smoothie or shake.",T2V_data/label/vidgen_filter_gemini_part_0_dpo_14/XyTkhPYINDE-Scene-0045/entity_40.mp4,T2V_data/label/vidgen_filter_gemini_part_0_dpo_14/XyTkhPYINDE-Scene-0045/entity_40.png
T2V_data/VIDGEN-1M_unzip/Xz5ZvW98HRs-Scene-0029.mp4,"In the video, a person is seen using a drill to make holes in a piece of wood. The drill is attached to a red machine, and the person is using a small metal tool to guide the drill bit into the wood. The person's hand is visible, and they are wearing a ring on their finger. The wood appears to be a light brown color, and the drill bit is silver. The machine has a red body with a black handle, and there is a small green circuit board attached to it. The person is making several holes in the wood, and the drill bit is spinning rapidly as it goes through the wood.",T2V_data/label/vidgen_filter_gemini_part_0_dpo_14/Xz5ZvW98HRs-Scene-0029/depth.mp4,T2V_data/label/vidgen_filter_gemini_part_0_dpo_14/Xz5ZvW98HRs-Scene-0029/entity_60.png
T2V_data/VIDGEN-1M_unzip/Xz5ZvW98HRs-Scene-0029.mp4,"In the video, a person is seen using a drill to make holes in a piece of wood. The drill is attached to a red machine, and the person is using a small metal tool to guide the drill bit into the wood. The person's hand is visible, and they are wearing a ring on their finger. The wood appears to be a light brown color, and the drill bit is silver. The machine has a red body with a black handle, and there is a small green circuit board attached to it. The person is making several holes in the wood, and the drill bit is spinning rapidly as it goes through the wood.",T2V_data/label/vidgen_filter_gemini_part_0_dpo_14/Xz5ZvW98HRs-Scene-0029/entity_60.mp4,T2V_data/label/vidgen_filter_gemini_part_0_dpo_14/Xz5ZvW98HRs-Scene-0029/entity_60.png
T2V_data/VIDGEN-1M_unzip/Y3mFo0Ezd3Y-Scene-0018.mp4,"The video shows a person riding a bicycle on a road. The cyclist is wearing a white helmet and a black and white outfit. The cyclist is riding a bicycle with a white frame and black wheels. The road is surrounded by green grass and trees. The cyclist is riding in a bent position, with their hands on the handlebars and their legs pedaling. The cyclist is wearing white socks and black shoes. The video is taken from a side angle, showing the cyclist moving from left to right.",T2V_data/label/vidgen_filter_gemini_part_0_dpo_14/Y3mFo0Ezd3Y-Scene-0018/depth.mp4,T2V_data/label/vidgen_filter_gemini_part_0_dpo_14/Y3mFo0Ezd3Y-Scene-0018/entity_20.png
T2V_data/VIDGEN-1M_unzip/Y3mFo0Ezd3Y-Scene-0018.mp4,"The video shows a person riding a bicycle on a road. The cyclist is wearing a white helmet and a black and white outfit. The cyclist is riding a bicycle with a white frame and black wheels. The road is surrounded by green grass and trees. The cyclist is riding in a bent position, with their hands on the handlebars and their legs pedaling. The cyclist is wearing white socks and black shoes. The video is taken from a side angle, showing the cyclist moving from left to right.",T2V_data/label/vidgen_filter_gemini_part_0_dpo_14/Y3mFo0Ezd3Y-Scene-0018/entity_20.mp4,T2V_data/label/vidgen_filter_gemini_part_0_dpo_14/Y3mFo0Ezd3Y-Scene-0018/entity_20.png
T2V_data/VIDGEN-1M_unzip/Y3mFo0Ezd3Y-Scene-0018.mp4,"The video shows a person riding a bicycle on a road. The cyclist is wearing a white helmet and a black and white outfit. The cyclist is riding a bicycle with a white frame and black wheels. The road is surrounded by green grass and trees. The cyclist is riding in a bent position, with their hands on the handlebars and their legs pedaling. The cyclist is wearing white socks and black shoes. The video is taken from a side angle, showing the cyclist moving from left to right.",T2V_data/label/vidgen_filter_gemini_part_0_dpo_14/Y3mFo0Ezd3Y-Scene-0018/depth.mp4,T2V_data/label/vidgen_filter_gemini_part_0_dpo_14/Y3mFo0Ezd3Y-Scene-0018/entity_40.png
T2V_data/VIDGEN-1M_unzip/Y3mFo0Ezd3Y-Scene-0018.mp4,"The video shows a person riding a bicycle on a road. The cyclist is wearing a white helmet and a black and white outfit. The cyclist is riding a bicycle with a white frame and black wheels. The road is surrounded by green grass and trees. The cyclist is riding in a bent position, with their hands on the handlebars and their legs pedaling. The cyclist is wearing white socks and black shoes. The video is taken from a side angle, showing the cyclist moving from left to right.",T2V_data/label/vidgen_filter_gemini_part_0_dpo_14/Y3mFo0Ezd3Y-Scene-0018/entity_40.mp4,T2V_data/label/vidgen_filter_gemini_part_0_dpo_14/Y3mFo0Ezd3Y-Scene-0018/entity_40.png
T2V_data/VIDGEN-1M_unzip/YJxQ4bzBeVs-Scene-0017.mp4,"In the video, a man is seen standing outside in the snow, holding a tool in his hand. He is wearing a blue jacket and a black hat. The man is using the tool to scrape off the snow from the back window of a silver car. The car is parked on the side of the road, and there are trees in the background. The man is focused on his task, and the snow is falling around him.",T2V_data/label/vidgen_filter_gemini_part_0_dpo_14/YJxQ4bzBeVs-Scene-0017/depth.mp4,T2V_data/label/vidgen_filter_gemini_part_0_dpo_14/YJxQ4bzBeVs-Scene-0017/entity_20.png
T2V_data/VIDGEN-1M_unzip/YJxQ4bzBeVs-Scene-0017.mp4,"In the video, a man is seen standing outside in the snow, holding a tool in his hand. He is wearing a blue jacket and a black hat. The man is using the tool to scrape off the snow from the back window of a silver car. The car is parked on the side of the road, and there are trees in the background. The man is focused on his task, and the snow is falling around him.",T2V_data/label/vidgen_filter_gemini_part_0_dpo_14/YJxQ4bzBeVs-Scene-0017/entity_20.mp4,T2V_data/label/vidgen_filter_gemini_part_0_dpo_14/YJxQ4bzBeVs-Scene-0017/entity_20.png
T2V_data/VIDGEN-1M_unzip/YJxQ4bzBeVs-Scene-0017.mp4,"In the video, a man is seen standing outside in the snow, holding a tool in his hand. He is wearing a blue jacket and a black hat. The man is using the tool to scrape off the snow from the back window of a silver car. The car is parked on the side of the road, and there are trees in the background. The man is focused on his task, and the snow is falling around him.",T2V_data/label/vidgen_filter_gemini_part_0_dpo_14/YJxQ4bzBeVs-Scene-0017/depth.mp4,T2V_data/label/vidgen_filter_gemini_part_0_dpo_14/YJxQ4bzBeVs-Scene-0017/entity_40.png
T2V_data/VIDGEN-1M_unzip/YJxQ4bzBeVs-Scene-0017.mp4,"In the video, a man is seen standing outside in the snow, holding a tool in his hand. He is wearing a blue jacket and a black hat. The man is using the tool to scrape off the snow from the back window of a silver car. The car is parked on the side of the road, and there are trees in the background. The man is focused on his task, and the snow is falling around him.",T2V_data/label/vidgen_filter_gemini_part_0_dpo_14/YJxQ4bzBeVs-Scene-0017/entity_40.mp4,T2V_data/label/vidgen_filter_gemini_part_0_dpo_14/YJxQ4bzBeVs-Scene-0017/entity_40.png
T2V_data/VIDGEN-1M_unzip/YjC3HoCStZg-Scene-0042.mp4,"The video shows a large silver airplane with the word ""American"" written on the side. The airplane is seen moving along the runway and eventually taking off into the sky. The background consists of a clear blue sky and a field of dry grass. The airplane has a sleek design with a pointed nose and two engines on each wing. The video captures the moment the airplane lifts off the ground and ascends into the air.",T2V_data/label/vidgen_filter_gemini_part_0_dpo_14/YjC3HoCStZg-Scene-0042/depth.mp4,T2V_data/label/vidgen_filter_gemini_part_0_dpo_14/YjC3HoCStZg-Scene-0042/entity_20.png
T2V_data/VIDGEN-1M_unzip/YjC3HoCStZg-Scene-0042.mp4,"The video shows a large silver airplane with the word ""American"" written on the side. The airplane is seen moving along the runway and eventually taking off into the sky. The background consists of a clear blue sky and a field of dry grass. The airplane has a sleek design with a pointed nose and two engines on each wing. The video captures the moment the airplane lifts off the ground and ascends into the air.",T2V_data/label/vidgen_filter_gemini_part_0_dpo_14/YjC3HoCStZg-Scene-0042/entity_20.mp4,T2V_data/label/vidgen_filter_gemini_part_0_dpo_14/YjC3HoCStZg-Scene-0042/entity_20.png
T2V_data/VIDGEN-1M_unzip/YyZmqxrS47o-Scene-0039.mp4,"In the video, a person is holding a black object in their hand. The object appears to be a small tool or device with a black handle and a metal tip. The person is using their thumb to push down on the metal tip, causing it to move up and down. The background is blurred, but it appears to be an outdoor setting with trees and foliage. The person's hand is visible, and they are wearing a red shirt. The object is held firmly in their hand as they manipulate it with their thumb.",T2V_data/label/vidgen_filter_gemini_part_0_dpo_14/YyZmqxrS47o-Scene-0039/depth.mp4,T2V_data/label/vidgen_filter_gemini_part_0_dpo_14/YyZmqxrS47o-Scene-0039/entity_40.png
T2V_data/VIDGEN-1M_unzip/YyZmqxrS47o-Scene-0039.mp4,"In the video, a person is holding a black object in their hand. The object appears to be a small tool or device with a black handle and a metal tip. The person is using their thumb to push down on the metal tip, causing it to move up and down. The background is blurred, but it appears to be an outdoor setting with trees and foliage. The person's hand is visible, and they are wearing a red shirt. The object is held firmly in their hand as they manipulate it with their thumb.",T2V_data/label/vidgen_filter_gemini_part_0_dpo_14/YyZmqxrS47o-Scene-0039/entity_40.mp4,T2V_data/label/vidgen_filter_gemini_part_0_dpo_14/YyZmqxrS47o-Scene-0039/entity_40.png
T2V_data/VIDGEN-1M_unzip/ZE1RGs5OWrQ-Scene-0047.mp4,"In the video, a person is holding a piece of wood with a hole in it. The person is using a hammer to hit the wood. The wood appears to be light in color, and the hammer is dark in color. The person is wearing a gray shirt, and the background is blurry.",T2V_data/label/vidgen_filter_gemini_part_0_dpo_14/ZE1RGs5OWrQ-Scene-0047/depth.mp4,T2V_data/label/vidgen_filter_gemini_part_0_dpo_14/ZE1RGs5OWrQ-Scene-0047/entity_60.png
T2V_data/VIDGEN-1M_unzip/ZE1RGs5OWrQ-Scene-0047.mp4,"In the video, a person is holding a piece of wood with a hole in it. The person is using a hammer to hit the wood. The wood appears to be light in color, and the hammer is dark in color. The person is wearing a gray shirt, and the background is blurry.",T2V_data/label/vidgen_filter_gemini_part_0_dpo_14/ZE1RGs5OWrQ-Scene-0047/entity_60.mp4,T2V_data/label/vidgen_filter_gemini_part_0_dpo_14/ZE1RGs5OWrQ-Scene-0047/entity_60.png
T2V_data/VIDGEN-1M_unzip/ZMEmSg5k3VM-Scene-0056.mp4,"In the video, a person is pouring a liquid from a measuring cup into a bowl. The liquid appears to be a creamy white color, and the person is using a red spatula to stir it. The bowl is placed on a table, and the person is wearing a brown shirt. The liquid is being poured carefully to avoid spilling it. The person's hands are steady as they pour the liquid, and the spatula is used to mix the liquid in the bowl. The video does not contain any other objects or people.",T2V_data/label/vidgen_filter_gemini_part_0_dpo_14/ZMEmSg5k3VM-Scene-0056/depth.mp4,T2V_data/label/vidgen_filter_gemini_part_0_dpo_14/ZMEmSg5k3VM-Scene-0056/entity_60.png
T2V_data/VIDGEN-1M_unzip/ZMEmSg5k3VM-Scene-0056.mp4,"In the video, a person is pouring a liquid from a measuring cup into a bowl. The liquid appears to be a creamy white color, and the person is using a red spatula to stir it. The bowl is placed on a table, and the person is wearing a brown shirt. The liquid is being poured carefully to avoid spilling it. The person's hands are steady as they pour the liquid, and the spatula is used to mix the liquid in the bowl. The video does not contain any other objects or people.",T2V_data/label/vidgen_filter_gemini_part_0_dpo_14/ZMEmSg5k3VM-Scene-0056/entity_60.mp4,T2V_data/label/vidgen_filter_gemini_part_0_dpo_14/ZMEmSg5k3VM-Scene-0056/entity_60.png
T2V_data/VIDGEN-1M_unzip/ZZZCqYg0uwg-Scene-0057.mp4,"The video shows a person wearing gloves using a tool to clean out a gutter. The person is using the tool to remove a large amount of debris from the gutter. The debris appears to be made up of leaves, twigs, and other organic materials. The person is working carefully and efficiently to clear the gutter. The gutter itself is made of metal and is attached to the side of a building. The surrounding area is not visible in the video, but it appears to be a sunny day.",T2V_data/label/vidgen_filter_gemini_part_0_dpo_14/ZZZCqYg0uwg-Scene-0057/depth.mp4,T2V_data/label/vidgen_filter_gemini_part_0_dpo_14/ZZZCqYg0uwg-Scene-0057/entity_40.png
T2V_data/VIDGEN-1M_unzip/ZZZCqYg0uwg-Scene-0057.mp4,"The video shows a person wearing gloves using a tool to clean out a gutter. The person is using the tool to remove a large amount of debris from the gutter. The debris appears to be made up of leaves, twigs, and other organic materials. The person is working carefully and efficiently to clear the gutter. The gutter itself is made of metal and is attached to the side of a building. The surrounding area is not visible in the video, but it appears to be a sunny day.",T2V_data/label/vidgen_filter_gemini_part_0_dpo_14/ZZZCqYg0uwg-Scene-0057/entity_40.mp4,T2V_data/label/vidgen_filter_gemini_part_0_dpo_14/ZZZCqYg0uwg-Scene-0057/entity_40.png
T2V_data/VIDGEN-1M_unzip/ZixNj4126DE-Scene-0018.mp4,"In the video, a person is seen pouring beer from a tap into a glass. The tap is made of brass and has a spout that is attached to a pipe. The person is holding the glass with one hand and using the other hand to pull the lever of the tap. The beer is a golden color and is flowing smoothly into the glass. The background is dark, and there are no other objects or people visible in the video.",T2V_data/label/vidgen_filter_gemini_part_0_dpo_14/ZixNj4126DE-Scene-0018/depth.mp4,T2V_data/label/vidgen_filter_gemini_part_0_dpo_14/ZixNj4126DE-Scene-0018/entity_20.png
T2V_data/VIDGEN-1M_unzip/ZixNj4126DE-Scene-0018.mp4,"In the video, a person is seen pouring beer from a tap into a glass. The tap is made of brass and has a spout that is attached to a pipe. The person is holding the glass with one hand and using the other hand to pull the lever of the tap. The beer is a golden color and is flowing smoothly into the glass. The background is dark, and there are no other objects or people visible in the video.",T2V_data/label/vidgen_filter_gemini_part_0_dpo_14/ZixNj4126DE-Scene-0018/entity_20.mp4,T2V_data/label/vidgen_filter_gemini_part_0_dpo_14/ZixNj4126DE-Scene-0018/entity_20.png
T2V_data/VIDGEN-1M_unzip/ZixNj4126DE-Scene-0018.mp4,"In the video, a person is seen pouring beer from a tap into a glass. The tap is made of brass and has a spout that is attached to a pipe. The person is holding the glass with one hand and using the other hand to pull the lever of the tap. The beer is a golden color and is flowing smoothly into the glass. The background is dark, and there are no other objects or people visible in the video.",T2V_data/label/vidgen_filter_gemini_part_0_dpo_14/ZixNj4126DE-Scene-0018/depth.mp4,T2V_data/label/vidgen_filter_gemini_part_0_dpo_14/ZixNj4126DE-Scene-0018/entity_60.png
T2V_data/VIDGEN-1M_unzip/ZixNj4126DE-Scene-0018.mp4,"In the video, a person is seen pouring beer from a tap into a glass. The tap is made of brass and has a spout that is attached to a pipe. The person is holding the glass with one hand and using the other hand to pull the lever of the tap. The beer is a golden color and is flowing smoothly into the glass. The background is dark, and there are no other objects or people visible in the video.",T2V_data/label/vidgen_filter_gemini_part_0_dpo_14/ZixNj4126DE-Scene-0018/entity_60.mp4,T2V_data/label/vidgen_filter_gemini_part_0_dpo_14/ZixNj4126DE-Scene-0018/entity_60.png
T2V_data/VIDGEN-1M_unzip/Zq8wA_OYwFM-Scene-0229.mp4,"The video shows a brown Land Rover Discovery stuck in the mud. The vehicle is covered in mud, and its wheels are spinning, indicating that it is trying to move forward but is unable to do so. The surrounding area is also muddy, and there are trees in the background.",T2V_data/label/vidgen_filter_gemini_part_0_dpo_14/Zq8wA_OYwFM-Scene-0229/depth.mp4,T2V_data/label/vidgen_filter_gemini_part_0_dpo_14/Zq8wA_OYwFM-Scene-0229/entity_20.png
T2V_data/VIDGEN-1M_unzip/Zq8wA_OYwFM-Scene-0229.mp4,"The video shows a brown Land Rover Discovery stuck in the mud. The vehicle is covered in mud, and its wheels are spinning, indicating that it is trying to move forward but is unable to do so. The surrounding area is also muddy, and there are trees in the background.",T2V_data/label/vidgen_filter_gemini_part_0_dpo_14/Zq8wA_OYwFM-Scene-0229/entity_20.mp4,T2V_data/label/vidgen_filter_gemini_part_0_dpo_14/Zq8wA_OYwFM-Scene-0229/entity_20.png
T2V_data/VIDGEN-1M_unzip/ZqAslcv19a0-Scene-0008.mp4,"In the video, a person is seen sitting at a table with a piece of paper in front of them. The person is folding the paper in half, then folding it again to create a smaller triangle shape. The person continues to fold the paper multiple times, creating a smaller and more intricate shape. The person's hands are visible, and they are wearing a yellow shirt. The table is black, and there is no other object on it. The person's actions are deliberate and precise, indicating that they are experienced in paper folding.",T2V_data/label/vidgen_filter_gemini_part_0_dpo_14/ZqAslcv19a0-Scene-0008/depth.mp4,T2V_data/label/vidgen_filter_gemini_part_0_dpo_14/ZqAslcv19a0-Scene-0008/entity_40.png
T2V_data/VIDGEN-1M_unzip/ZqAslcv19a0-Scene-0008.mp4,"In the video, a person is seen sitting at a table with a piece of paper in front of them. The person is folding the paper in half, then folding it again to create a smaller triangle shape. The person continues to fold the paper multiple times, creating a smaller and more intricate shape. The person's hands are visible, and they are wearing a yellow shirt. The table is black, and there is no other object on it. The person's actions are deliberate and precise, indicating that they are experienced in paper folding.",T2V_data/label/vidgen_filter_gemini_part_0_dpo_14/ZqAslcv19a0-Scene-0008/entity_40.mp4,T2V_data/label/vidgen_filter_gemini_part_0_dpo_14/ZqAslcv19a0-Scene-0008/entity_40.png
T2V_data/VIDGEN-1M_unzip/_495KXO4lw4-Scene-0017.mp4,"In the video, a person is seen shaping a piece of meat into a sausage. The person's hands are visible, and they are using their fingers to roll and shape the meat. The meat is pinkish in color and appears to be ground beef. The person is working on a white surface, and there is a knife with a black handle visible in the background. The person's nails are painted red, and they are wearing a ring on their left hand. The video is shot from a top-down perspective, and the person's actions are deliberate and careful as they shape the meat.",T2V_data/label/vidgen_filter_gemini_part_0_dpo_14/_495KXO4lw4-Scene-0017/depth.mp4,T2V_data/label/vidgen_filter_gemini_part_0_dpo_14/_495KXO4lw4-Scene-0017/entity_80.png
T2V_data/VIDGEN-1M_unzip/_495KXO4lw4-Scene-0017.mp4,"In the video, a person is seen shaping a piece of meat into a sausage. The person's hands are visible, and they are using their fingers to roll and shape the meat. The meat is pinkish in color and appears to be ground beef. The person is working on a white surface, and there is a knife with a black handle visible in the background. The person's nails are painted red, and they are wearing a ring on their left hand. The video is shot from a top-down perspective, and the person's actions are deliberate and careful as they shape the meat.",T2V_data/label/vidgen_filter_gemini_part_0_dpo_14/_495KXO4lw4-Scene-0017/entity_80.mp4,T2V_data/label/vidgen_filter_gemini_part_0_dpo_14/_495KXO4lw4-Scene-0017/entity_80.png
T2V_data/VIDGEN-1M_unzip/_cUH8b4Vet8-Scene-0012.mp4,"The video shows a basketball game in progress. The players are wearing blue and white uniforms. The ball is being passed around the court, and a player in a white uniform jumps up and shoots the ball into the hoop. The crowd in the background is cheering.",T2V_data/label/vidgen_filter_gemini_part_0_dpo_14/_cUH8b4Vet8-Scene-0012/depth.mp4,T2V_data/label/vidgen_filter_gemini_part_0_dpo_14/_cUH8b4Vet8-Scene-0012/entity_60.png
T2V_data/VIDGEN-1M_unzip/_cUH8b4Vet8-Scene-0012.mp4,"The video shows a basketball game in progress. The players are wearing blue and white uniforms. The ball is being passed around the court, and a player in a white uniform jumps up and shoots the ball into the hoop. The crowd in the background is cheering.",T2V_data/label/vidgen_filter_gemini_part_0_dpo_14/_cUH8b4Vet8-Scene-0012/entity_60.mp4,T2V_data/label/vidgen_filter_gemini_part_0_dpo_14/_cUH8b4Vet8-Scene-0012/entity_60.png
T2V_data/VIDGEN-1M_unzip/a4L9Id_gIhs-Scene-0043.mp4,"The video shows a person using a wrench to tighten a bolt on a car. The person's hands are dirty, and they are wearing a black shirt. The wrench is silver and has a yellow handle. The bolt is located on a black circular object, which appears to be a part of the car's suspension system. The person is using a back-and-forth motion to tighten the bolt. The video is shot from a top-down perspective, and the background is blurred, but it appears to be a garage or workshop setting.",T2V_data/label/vidgen_filter_gemini_part_0_dpo_14/a4L9Id_gIhs-Scene-0043/depth.mp4,T2V_data/label/vidgen_filter_gemini_part_0_dpo_14/a4L9Id_gIhs-Scene-0043/entity_60.png
T2V_data/VIDGEN-1M_unzip/a4L9Id_gIhs-Scene-0043.mp4,"The video shows a person using a wrench to tighten a bolt on a car. The person's hands are dirty, and they are wearing a black shirt. The wrench is silver and has a yellow handle. The bolt is located on a black circular object, which appears to be a part of the car's suspension system. The person is using a back-and-forth motion to tighten the bolt. The video is shot from a top-down perspective, and the background is blurred, but it appears to be a garage or workshop setting.",T2V_data/label/vidgen_filter_gemini_part_0_dpo_14/a4L9Id_gIhs-Scene-0043/entity_60.mp4,T2V_data/label/vidgen_filter_gemini_part_0_dpo_14/a4L9Id_gIhs-Scene-0043/entity_60.png
T2V_data/VIDGEN-1M_unzip/aBJyU_G0hbI-Scene-0023.mp4,The video shows a man using a power tool to sand a piece of wood. The man is wearing a white shirt and a hat. The power tool is black and orange in color. The man is holding the tool with both hands and moving it back and forth over the wood. The wood is placed on a workbench. The background is a white brick wall.,T2V_data/label/vidgen_filter_gemini_part_0_dpo_14/aBJyU_G0hbI-Scene-0023/depth.mp4,T2V_data/label/vidgen_filter_gemini_part_0_dpo_14/aBJyU_G0hbI-Scene-0023/entity_40.png
T2V_data/VIDGEN-1M_unzip/aBJyU_G0hbI-Scene-0023.mp4,The video shows a man using a power tool to sand a piece of wood. The man is wearing a white shirt and a hat. The power tool is black and orange in color. The man is holding the tool with both hands and moving it back and forth over the wood. The wood is placed on a workbench. The background is a white brick wall.,T2V_data/label/vidgen_filter_gemini_part_0_dpo_14/aBJyU_G0hbI-Scene-0023/entity_40.mp4,T2V_data/label/vidgen_filter_gemini_part_0_dpo_14/aBJyU_G0hbI-Scene-0023/entity_40.png
T2V_data/VIDGEN-1M_unzip/aBJyU_G0hbI-Scene-0023.mp4,The video shows a man using a power tool to sand a piece of wood. The man is wearing a white shirt and a hat. The power tool is black and orange in color. The man is holding the tool with both hands and moving it back and forth over the wood. The wood is placed on a workbench. The background is a white brick wall.,T2V_data/label/vidgen_filter_gemini_part_0_dpo_14/aBJyU_G0hbI-Scene-0023/depth.mp4,T2V_data/label/vidgen_filter_gemini_part_0_dpo_14/aBJyU_G0hbI-Scene-0023/entity_60.png
T2V_data/VIDGEN-1M_unzip/aBJyU_G0hbI-Scene-0023.mp4,The video shows a man using a power tool to sand a piece of wood. The man is wearing a white shirt and a hat. The power tool is black and orange in color. The man is holding the tool with both hands and moving it back and forth over the wood. The wood is placed on a workbench. The background is a white brick wall.,T2V_data/label/vidgen_filter_gemini_part_0_dpo_14/aBJyU_G0hbI-Scene-0023/entity_60.mp4,T2V_data/label/vidgen_filter_gemini_part_0_dpo_14/aBJyU_G0hbI-Scene-0023/entity_60.png
T2V_data/VIDGEN-1M_unzip/aMexDIMIsDA-Scene-0096.mp4,"In the video, a person is holding a large, green, and elongated seed pod. The person is using their fingers to gently squeeze the pod, causing it to bulge outwards. The background is blurred, but it appears to be a market or grocery store with various other fruits and vegetables visible. The person's nails are short and clean, and they are wearing a black long-sleeved shirt. The seed pod has a smooth texture and a slightly wrinkled surface. The video is shot in close-up, focusing on the person's hand and the seed pod.",T2V_data/label/vidgen_filter_gemini_part_0_dpo_14/aMexDIMIsDA-Scene-0096/depth.mp4,T2V_data/label/vidgen_filter_gemini_part_0_dpo_14/aMexDIMIsDA-Scene-0096/entity_40.png
T2V_data/VIDGEN-1M_unzip/aMexDIMIsDA-Scene-0096.mp4,"In the video, a person is holding a large, green, and elongated seed pod. The person is using their fingers to gently squeeze the pod, causing it to bulge outwards. The background is blurred, but it appears to be a market or grocery store with various other fruits and vegetables visible. The person's nails are short and clean, and they are wearing a black long-sleeved shirt. The seed pod has a smooth texture and a slightly wrinkled surface. The video is shot in close-up, focusing on the person's hand and the seed pod.",T2V_data/label/vidgen_filter_gemini_part_0_dpo_14/aMexDIMIsDA-Scene-0096/entity_40.mp4,T2V_data/label/vidgen_filter_gemini_part_0_dpo_14/aMexDIMIsDA-Scene-0096/entity_40.png
T2V_data/VIDGEN-1M_unzip/aPey18-KD6U-Scene-0006.mp4,"The video shows a man in a green shirt and red sleeves working on a wooden structure. He is wearing a tool belt and is seen using a drill. The man is bending over and appears to be working on a wall or door frame. The video is shot in a room that is under construction, with visible wooden beams and insulation. The man's movements are deliberate and focused on the task at hand.",T2V_data/label/vidgen_filter_gemini_part_0_dpo_14/aPey18-KD6U-Scene-0006/depth.mp4,T2V_data/label/vidgen_filter_gemini_part_0_dpo_14/aPey18-KD6U-Scene-0006/entity_40.png
T2V_data/VIDGEN-1M_unzip/aPey18-KD6U-Scene-0006.mp4,"The video shows a man in a green shirt and red sleeves working on a wooden structure. He is wearing a tool belt and is seen using a drill. The man is bending over and appears to be working on a wall or door frame. The video is shot in a room that is under construction, with visible wooden beams and insulation. The man's movements are deliberate and focused on the task at hand.",T2V_data/label/vidgen_filter_gemini_part_0_dpo_14/aPey18-KD6U-Scene-0006/entity_40.mp4,T2V_data/label/vidgen_filter_gemini_part_0_dpo_14/aPey18-KD6U-Scene-0006/entity_40.png
T2V_data/VIDGEN-1M_unzip/a_tRyz_-9eo-Scene-0024.mp4,"The video shows a person using a circular saw to cut a piece of wood. The saw is silver and yellow in color, and the person is wearing a black shirt. The wood is light brown and is placed on a workbench. The person is holding the saw with both hands and moving it back and forth to cut the wood. The background is blurred, but it appears to be a workshop or garage.",T2V_data/label/vidgen_filter_gemini_part_0_dpo_14/a_tRyz_-9eo-Scene-0024/depth.mp4,T2V_data/label/vidgen_filter_gemini_part_0_dpo_14/a_tRyz_-9eo-Scene-0024/entity_60.png
T2V_data/VIDGEN-1M_unzip/a_tRyz_-9eo-Scene-0024.mp4,"The video shows a person using a circular saw to cut a piece of wood. The saw is silver and yellow in color, and the person is wearing a black shirt. The wood is light brown and is placed on a workbench. The person is holding the saw with both hands and moving it back and forth to cut the wood. The background is blurred, but it appears to be a workshop or garage.",T2V_data/label/vidgen_filter_gemini_part_0_dpo_14/a_tRyz_-9eo-Scene-0024/entity_60.mp4,T2V_data/label/vidgen_filter_gemini_part_0_dpo_14/a_tRyz_-9eo-Scene-0024/entity_60.png
T2V_data/VIDGEN-1M_unzip/aihA_K0gKGE-Scene-0044.mp4,"In the video, a person is seen holding a knife and cutting a loaf of bread. The knife is silver in color and has a black handle. The bread is white and appears to be soft. The person's hand is visible, and they are using it to hold the bread in place while cutting it. The background is blurred, but it appears to be a kitchen setting. The person cuts the bread into several slices, and the knife moves smoothly through the bread.",T2V_data/label/vidgen_filter_gemini_part_0_dpo_14/aihA_K0gKGE-Scene-0044/depth.mp4,T2V_data/label/vidgen_filter_gemini_part_0_dpo_14/aihA_K0gKGE-Scene-0044/entity_40.png
T2V_data/VIDGEN-1M_unzip/aihA_K0gKGE-Scene-0044.mp4,"In the video, a person is seen holding a knife and cutting a loaf of bread. The knife is silver in color and has a black handle. The bread is white and appears to be soft. The person's hand is visible, and they are using it to hold the bread in place while cutting it. The background is blurred, but it appears to be a kitchen setting. The person cuts the bread into several slices, and the knife moves smoothly through the bread.",T2V_data/label/vidgen_filter_gemini_part_0_dpo_14/aihA_K0gKGE-Scene-0044/entity_40.mp4,T2V_data/label/vidgen_filter_gemini_part_0_dpo_14/aihA_K0gKGE-Scene-0044/entity_40.png
T2V_data/VIDGEN-1M_unzip/b49Y5WgOL-k-Scene-0070.mp4,"The video shows a blue sports car driving on a winding road. The car is driving through a mountainous area with trees and rocks visible in the background. The car is moving at a moderate speed, and the driver is visible through the windshield. The road is narrow and appears to be made of dirt or gravel. The car is the only vehicle visible in the video, and there are no other cars or people in sight. The sky is clear, and the sun is shining brightly, casting shadows on the road. The video is shot from a distance, and the camera is stationary, capturing the car as it drives by.",T2V_data/label/vidgen_filter_gemini_part_0_dpo_14/b49Y5WgOL-k-Scene-0070/depth.mp4,T2V_data/label/vidgen_filter_gemini_part_0_dpo_14/b49Y5WgOL-k-Scene-0070/entity_20.png
T2V_data/VIDGEN-1M_unzip/b49Y5WgOL-k-Scene-0070.mp4,"The video shows a blue sports car driving on a winding road. The car is driving through a mountainous area with trees and rocks visible in the background. The car is moving at a moderate speed, and the driver is visible through the windshield. The road is narrow and appears to be made of dirt or gravel. The car is the only vehicle visible in the video, and there are no other cars or people in sight. The sky is clear, and the sun is shining brightly, casting shadows on the road. The video is shot from a distance, and the camera is stationary, capturing the car as it drives by.",T2V_data/label/vidgen_filter_gemini_part_0_dpo_14/b49Y5WgOL-k-Scene-0070/entity_20.mp4,T2V_data/label/vidgen_filter_gemini_part_0_dpo_14/b49Y5WgOL-k-Scene-0070/entity_20.png
T2V_data/VIDGEN-1M_unzip/bLyWH6_-ijM-Scene-0178.mp4,"The video shows a red car drifting around a track, kicking up a lot of smoke. The car is a BMW, and it's being driven by a man. The track is surrounded by a crowd of people who are watching the car. The car is moving at a high speed, and the tires are screeching against the asphalt. The smoke is thick and white, covering the entire area around the car. The driver is wearing a helmet and is focused on the track. The crowd is cheering and clapping as the car drifts around the track.",T2V_data/label/vidgen_filter_gemini_part_0_dpo_14/bLyWH6_-ijM-Scene-0178/depth.mp4,T2V_data/label/vidgen_filter_gemini_part_0_dpo_14/bLyWH6_-ijM-Scene-0178/entity_20.png
T2V_data/VIDGEN-1M_unzip/bLyWH6_-ijM-Scene-0178.mp4,"The video shows a red car drifting around a track, kicking up a lot of smoke. The car is a BMW, and it's being driven by a man. The track is surrounded by a crowd of people who are watching the car. The car is moving at a high speed, and the tires are screeching against the asphalt. The smoke is thick and white, covering the entire area around the car. The driver is wearing a helmet and is focused on the track. The crowd is cheering and clapping as the car drifts around the track.",T2V_data/label/vidgen_filter_gemini_part_0_dpo_14/bLyWH6_-ijM-Scene-0178/entity_20.mp4,T2V_data/label/vidgen_filter_gemini_part_0_dpo_14/bLyWH6_-ijM-Scene-0178/entity_20.png
T2V_data/VIDGEN-1M_unzip/bTw-Aroq4N8-Scene-0119.mp4,"The video shows a group of people gathered around a fire pit. The fire pit is made of rocks and has a fire burning inside it. The people are standing around the fire pit, some of them are holding sticks and poking the fire. The fire is producing a lot of smoke, and the people seem to be enjoying the warmth of the fire. The surroundings are not clearly visible, but it appears to be an outdoor setting. The people are dressed in casual clothing, and some of them are wearing jackets. The fire pit is the main focus of the video, and the people's actions revolve around it.",T2V_data/label/vidgen_filter_gemini_part_0_dpo_14/bTw-Aroq4N8-Scene-0119/depth.mp4,T2V_data/label/vidgen_filter_gemini_part_0_dpo_14/bTw-Aroq4N8-Scene-0119/entity_60.png
T2V_data/VIDGEN-1M_unzip/bTw-Aroq4N8-Scene-0119.mp4,"The video shows a group of people gathered around a fire pit. The fire pit is made of rocks and has a fire burning inside it. The people are standing around the fire pit, some of them are holding sticks and poking the fire. The fire is producing a lot of smoke, and the people seem to be enjoying the warmth of the fire. The surroundings are not clearly visible, but it appears to be an outdoor setting. The people are dressed in casual clothing, and some of them are wearing jackets. The fire pit is the main focus of the video, and the people's actions revolve around it.",T2V_data/label/vidgen_filter_gemini_part_0_dpo_14/bTw-Aroq4N8-Scene-0119/entity_60.mp4,T2V_data/label/vidgen_filter_gemini_part_0_dpo_14/bTw-Aroq4N8-Scene-0119/entity_60.png
T2V_data/VIDGEN-1M_unzip/b_dH1xTHfY8-Scene-0019.mp4,"The video shows a man in a black jacket and pants swinging a golf club at a driving range. The man is standing on a green mat and is facing a large open field with trees in the background. The video is split into two screens, with the left side showing the man's swing and the right side showing a close-up of his body. The man's swing is smooth and powerful, and he hits the ball with precision. The video is shot in slow motion, allowing viewers to see the details of the man's swing and the trajectory of the ball.",T2V_data/label/vidgen_filter_gemini_part_0_dpo_14/b_dH1xTHfY8-Scene-0019/depth.mp4,T2V_data/label/vidgen_filter_gemini_part_0_dpo_14/b_dH1xTHfY8-Scene-0019/entity_20.png
T2V_data/VIDGEN-1M_unzip/b_dH1xTHfY8-Scene-0019.mp4,"The video shows a man in a black jacket and pants swinging a golf club at a driving range. The man is standing on a green mat and is facing a large open field with trees in the background. The video is split into two screens, with the left side showing the man's swing and the right side showing a close-up of his body. The man's swing is smooth and powerful, and he hits the ball with precision. The video is shot in slow motion, allowing viewers to see the details of the man's swing and the trajectory of the ball.",T2V_data/label/vidgen_filter_gemini_part_0_dpo_14/b_dH1xTHfY8-Scene-0019/entity_20.mp4,T2V_data/label/vidgen_filter_gemini_part_0_dpo_14/b_dH1xTHfY8-Scene-0019/entity_20.png
T2V_data/VIDGEN-1M_unzip/br1RNL2aXOc-Scene-0162.mp4,The video shows a woman in a tank top and cargo pants climbing over a concrete wall. She is holding onto the wall with one hand and using her other hand to push herself up. The wall is located next to a river with rapids. The woman is wearing a watch on her left wrist and has her hair tied back. She is looking down at the water as she climbs.,T2V_data/label/vidgen_filter_gemini_part_0_dpo_14/br1RNL2aXOc-Scene-0162/depth.mp4,T2V_data/label/vidgen_filter_gemini_part_0_dpo_14/br1RNL2aXOc-Scene-0162/entity_20.png
T2V_data/VIDGEN-1M_unzip/br1RNL2aXOc-Scene-0162.mp4,The video shows a woman in a tank top and cargo pants climbing over a concrete wall. She is holding onto the wall with one hand and using her other hand to push herself up. The wall is located next to a river with rapids. The woman is wearing a watch on her left wrist and has her hair tied back. She is looking down at the water as she climbs.,T2V_data/label/vidgen_filter_gemini_part_0_dpo_14/br1RNL2aXOc-Scene-0162/entity_20.mp4,T2V_data/label/vidgen_filter_gemini_part_0_dpo_14/br1RNL2aXOc-Scene-0162/entity_20.png
T2V_data/VIDGEN-1M_unzip/br1RNL2aXOc-Scene-0162.mp4,The video shows a woman in a tank top and cargo pants climbing over a concrete wall. She is holding onto the wall with one hand and using her other hand to push herself up. The wall is located next to a river with rapids. The woman is wearing a watch on her left wrist and has her hair tied back. She is looking down at the water as she climbs.,T2V_data/label/vidgen_filter_gemini_part_0_dpo_14/br1RNL2aXOc-Scene-0162/depth.mp4,T2V_data/label/vidgen_filter_gemini_part_0_dpo_14/br1RNL2aXOc-Scene-0162/entity_40.png
T2V_data/VIDGEN-1M_unzip/br1RNL2aXOc-Scene-0162.mp4,The video shows a woman in a tank top and cargo pants climbing over a concrete wall. She is holding onto the wall with one hand and using her other hand to push herself up. The wall is located next to a river with rapids. The woman is wearing a watch on her left wrist and has her hair tied back. She is looking down at the water as she climbs.,T2V_data/label/vidgen_filter_gemini_part_0_dpo_14/br1RNL2aXOc-Scene-0162/entity_40.mp4,T2V_data/label/vidgen_filter_gemini_part_0_dpo_14/br1RNL2aXOc-Scene-0162/entity_40.png
T2V_data/VIDGEN-1M_unzip/br1RNL2aXOc-Scene-0162.mp4,The video shows a woman in a tank top and cargo pants climbing over a concrete wall. She is holding onto the wall with one hand and using her other hand to push herself up. The wall is located next to a river with rapids. The woman is wearing a watch on her left wrist and has her hair tied back. She is looking down at the water as she climbs.,T2V_data/label/vidgen_filter_gemini_part_0_dpo_14/br1RNL2aXOc-Scene-0162/depth.mp4,T2V_data/label/vidgen_filter_gemini_part_0_dpo_14/br1RNL2aXOc-Scene-0162/entity_60.png
T2V_data/VIDGEN-1M_unzip/br1RNL2aXOc-Scene-0162.mp4,The video shows a woman in a tank top and cargo pants climbing over a concrete wall. She is holding onto the wall with one hand and using her other hand to push herself up. The wall is located next to a river with rapids. The woman is wearing a watch on her left wrist and has her hair tied back. She is looking down at the water as she climbs.,T2V_data/label/vidgen_filter_gemini_part_0_dpo_14/br1RNL2aXOc-Scene-0162/entity_60.mp4,T2V_data/label/vidgen_filter_gemini_part_0_dpo_14/br1RNL2aXOc-Scene-0162/entity_60.png
T2V_data/VIDGEN-1M_unzip/byGpDprEcAs-Scene-0048.mp4,"The video shows a man in a gym doing exercises. He is shirtless, wearing grey shorts and green shoes. The gym has several treadmills and dumbbells in the background. The man is seen doing push-ups and then kneeling on the floor. He is speaking to the camera, possibly explaining the exercises he is doing.",T2V_data/label/vidgen_filter_gemini_part_0_dpo_14/byGpDprEcAs-Scene-0048/depth.mp4,T2V_data/label/vidgen_filter_gemini_part_0_dpo_14/byGpDprEcAs-Scene-0048/entity_20.png
T2V_data/VIDGEN-1M_unzip/byGpDprEcAs-Scene-0048.mp4,"The video shows a man in a gym doing exercises. He is shirtless, wearing grey shorts and green shoes. The gym has several treadmills and dumbbells in the background. The man is seen doing push-ups and then kneeling on the floor. He is speaking to the camera, possibly explaining the exercises he is doing.",T2V_data/label/vidgen_filter_gemini_part_0_dpo_14/byGpDprEcAs-Scene-0048/entity_20.mp4,T2V_data/label/vidgen_filter_gemini_part_0_dpo_14/byGpDprEcAs-Scene-0048/entity_20.png
T2V_data/VIDGEN-1M_unzip/byVmzDPgyUY-Scene-0022.mp4,"In the video, a person is seen cutting a piece of yellow slime with a knife. The person has red nail polish on their fingers. The slime is placed on a white surface and the person cuts it into small pieces. The knife is silver in color and the person uses it to cut the slime into smaller pieces. The video is shot in a close-up shot, focusing on the person's hands and the slime.",T2V_data/label/vidgen_filter_gemini_part_0_dpo_14/byVmzDPgyUY-Scene-0022/depth.mp4,T2V_data/label/vidgen_filter_gemini_part_0_dpo_14/byVmzDPgyUY-Scene-0022/entity_40.png
T2V_data/VIDGEN-1M_unzip/byVmzDPgyUY-Scene-0022.mp4,"In the video, a person is seen cutting a piece of yellow slime with a knife. The person has red nail polish on their fingers. The slime is placed on a white surface and the person cuts it into small pieces. The knife is silver in color and the person uses it to cut the slime into smaller pieces. The video is shot in a close-up shot, focusing on the person's hands and the slime.",T2V_data/label/vidgen_filter_gemini_part_0_dpo_14/byVmzDPgyUY-Scene-0022/entity_40.mp4,T2V_data/label/vidgen_filter_gemini_part_0_dpo_14/byVmzDPgyUY-Scene-0022/entity_40.png
T2V_data/VIDGEN-1M_unzip/bykKv35e7ww-Scene-0001.mp4,"The video shows a close-up of a circuit board with wires connected to it. The board is placed on a wooden surface, and there is a blue light that is turned on. A person's hand appears in the frame and touches the board, causing the light to turn off and on. The board has several components, including resistors and capacitors, and the wires are connected to different points on the board. The light appears to be an LED, and the person's hand seems to be controlling the light with a touch sensor.",T2V_data/label/vidgen_filter_gemini_part_0_dpo_14/bykKv35e7ww-Scene-0001/depth.mp4,T2V_data/label/vidgen_filter_gemini_part_0_dpo_14/bykKv35e7ww-Scene-0001/entity_20.png
T2V_data/VIDGEN-1M_unzip/bykKv35e7ww-Scene-0001.mp4,"The video shows a close-up of a circuit board with wires connected to it. The board is placed on a wooden surface, and there is a blue light that is turned on. A person's hand appears in the frame and touches the board, causing the light to turn off and on. The board has several components, including resistors and capacitors, and the wires are connected to different points on the board. The light appears to be an LED, and the person's hand seems to be controlling the light with a touch sensor.",T2V_data/label/vidgen_filter_gemini_part_0_dpo_14/bykKv35e7ww-Scene-0001/entity_20.mp4,T2V_data/label/vidgen_filter_gemini_part_0_dpo_14/bykKv35e7ww-Scene-0001/entity_20.png
T2V_data/VIDGEN-1M_unzip/c1_wfRCWebU-Scene-0047.mp4,"In the video, a person is seen mounting a horse. The person is wearing a black helmet and a yellow and white shirt. The horse is brown and has a purple saddle on its back. The person is holding onto the saddle with one hand while using the other hand to pull themselves up onto the horse's back. The horse is standing still, and the person successfully mounts the horse. The background shows a street with houses and trees.",T2V_data/label/vidgen_filter_gemini_part_0_dpo_14/c1_wfRCWebU-Scene-0047/depth.mp4,T2V_data/label/vidgen_filter_gemini_part_0_dpo_14/c1_wfRCWebU-Scene-0047/entity_20.png
T2V_data/VIDGEN-1M_unzip/c1_wfRCWebU-Scene-0047.mp4,"In the video, a person is seen mounting a horse. The person is wearing a black helmet and a yellow and white shirt. The horse is brown and has a purple saddle on its back. The person is holding onto the saddle with one hand while using the other hand to pull themselves up onto the horse's back. The horse is standing still, and the person successfully mounts the horse. The background shows a street with houses and trees.",T2V_data/label/vidgen_filter_gemini_part_0_dpo_14/c1_wfRCWebU-Scene-0047/entity_20.mp4,T2V_data/label/vidgen_filter_gemini_part_0_dpo_14/c1_wfRCWebU-Scene-0047/entity_20.png
T2V_data/VIDGEN-1M_unzip/c1_wfRCWebU-Scene-0047.mp4,"In the video, a person is seen mounting a horse. The person is wearing a black helmet and a yellow and white shirt. The horse is brown and has a purple saddle on its back. The person is holding onto the saddle with one hand while using the other hand to pull themselves up onto the horse's back. The horse is standing still, and the person successfully mounts the horse. The background shows a street with houses and trees.",T2V_data/label/vidgen_filter_gemini_part_0_dpo_14/c1_wfRCWebU-Scene-0047/depth.mp4,T2V_data/label/vidgen_filter_gemini_part_0_dpo_14/c1_wfRCWebU-Scene-0047/entity_40.png
T2V_data/VIDGEN-1M_unzip/c1_wfRCWebU-Scene-0047.mp4,"In the video, a person is seen mounting a horse. The person is wearing a black helmet and a yellow and white shirt. The horse is brown and has a purple saddle on its back. The person is holding onto the saddle with one hand while using the other hand to pull themselves up onto the horse's back. The horse is standing still, and the person successfully mounts the horse. The background shows a street with houses and trees.",T2V_data/label/vidgen_filter_gemini_part_0_dpo_14/c1_wfRCWebU-Scene-0047/entity_40.mp4,T2V_data/label/vidgen_filter_gemini_part_0_dpo_14/c1_wfRCWebU-Scene-0047/entity_40.png
T2V_data/VIDGEN-1M_unzip/ck9Tfn2aijU-Scene-0118.mp4,The video shows a person driving a go-kart on a snowy road. The go-kart is black and has a steering wheel with a yellow strap. The driver is wearing a black glove on their left hand. The road is surrounded by snow-covered trees and there is a pile of logs on the side of the road. The sky is clear and blue.,T2V_data/label/vidgen_filter_gemini_part_0_dpo_14/ck9Tfn2aijU-Scene-0118/depth.mp4,T2V_data/label/vidgen_filter_gemini_part_0_dpo_14/ck9Tfn2aijU-Scene-0118/entity_40.png
T2V_data/VIDGEN-1M_unzip/ck9Tfn2aijU-Scene-0118.mp4,The video shows a person driving a go-kart on a snowy road. The go-kart is black and has a steering wheel with a yellow strap. The driver is wearing a black glove on their left hand. The road is surrounded by snow-covered trees and there is a pile of logs on the side of the road. The sky is clear and blue.,T2V_data/label/vidgen_filter_gemini_part_0_dpo_14/ck9Tfn2aijU-Scene-0118/entity_40.mp4,T2V_data/label/vidgen_filter_gemini_part_0_dpo_14/ck9Tfn2aijU-Scene-0118/entity_40.png
T2V_data/VIDGEN-1M_unzip/d9X0NHqJMS8-Scene-0004.mp4,The video shows a group of people swimming underwater. One person is holding a rope and diving deeper into the water. The person is wearing a black wetsuit and flippers. The water is clear and blue.,T2V_data/label/vidgen_filter_gemini_part_0_dpo_14/d9X0NHqJMS8-Scene-0004/depth.mp4,T2V_data/label/vidgen_filter_gemini_part_0_dpo_14/d9X0NHqJMS8-Scene-0004/entity_20.png
T2V_data/VIDGEN-1M_unzip/d9X0NHqJMS8-Scene-0004.mp4,The video shows a group of people swimming underwater. One person is holding a rope and diving deeper into the water. The person is wearing a black wetsuit and flippers. The water is clear and blue.,T2V_data/label/vidgen_filter_gemini_part_0_dpo_14/d9X0NHqJMS8-Scene-0004/entity_20.mp4,T2V_data/label/vidgen_filter_gemini_part_0_dpo_14/d9X0NHqJMS8-Scene-0004/entity_20.png
T2V_data/VIDGEN-1M_unzip/dDemtXqwRwU-Scene-0012.mp4,The video shows a person's hands holding a small yellow toy car and placing it inside the mouth of a dinosaur toy. The dinosaur toy has black claws and is sitting on a wooden table. The person then removes the toy car from the dinosaur's mouth.,T2V_data/label/vidgen_filter_gemini_part_0_dpo_14/dDemtXqwRwU-Scene-0012/depth.mp4,T2V_data/label/vidgen_filter_gemini_part_0_dpo_14/dDemtXqwRwU-Scene-0012/entity_60.png
T2V_data/VIDGEN-1M_unzip/dDemtXqwRwU-Scene-0012.mp4,The video shows a person's hands holding a small yellow toy car and placing it inside the mouth of a dinosaur toy. The dinosaur toy has black claws and is sitting on a wooden table. The person then removes the toy car from the dinosaur's mouth.,T2V_data/label/vidgen_filter_gemini_part_0_dpo_14/dDemtXqwRwU-Scene-0012/entity_60.mp4,T2V_data/label/vidgen_filter_gemini_part_0_dpo_14/dDemtXqwRwU-Scene-0012/entity_60.png
T2V_data/VIDGEN-1M_unzip/dGkcvNIHWmg-Scene-0023.mp4,"In the video, a person is seen holding a small black object in their hand. The object appears to be a part of a larger machine or device. The person is using a screwdriver to adjust or fix the object. They are carefully turning the screwdriver, making sure to tighten or loosen the screws as needed. The object is held in place by the person's other hand, ensuring precision and control during the adjustment process. The background is blurred, but it seems to be an indoor setting, possibly a workshop or a garage. The person's movements are deliberate and focused, indicating that they are experienced in handling such objects.",T2V_data/label/vidgen_filter_gemini_part_0_dpo_14/dGkcvNIHWmg-Scene-0023/depth.mp4,T2V_data/label/vidgen_filter_gemini_part_0_dpo_14/dGkcvNIHWmg-Scene-0023/entity_40.png
T2V_data/VIDGEN-1M_unzip/dGkcvNIHWmg-Scene-0023.mp4,"In the video, a person is seen holding a small black object in their hand. The object appears to be a part of a larger machine or device. The person is using a screwdriver to adjust or fix the object. They are carefully turning the screwdriver, making sure to tighten or loosen the screws as needed. The object is held in place by the person's other hand, ensuring precision and control during the adjustment process. The background is blurred, but it seems to be an indoor setting, possibly a workshop or a garage. The person's movements are deliberate and focused, indicating that they are experienced in handling such objects.",T2V_data/label/vidgen_filter_gemini_part_0_dpo_14/dGkcvNIHWmg-Scene-0023/entity_40.mp4,T2V_data/label/vidgen_filter_gemini_part_0_dpo_14/dGkcvNIHWmg-Scene-0023/entity_40.png
T2V_data/VIDGEN-1M_unzip/dbmNnBAo2tk-Scene-0006.mp4,The video shows a man performing a skateboarding trick at a skate park. He is wearing a black tank top and blue sneakers. The man is seen riding his skateboard up a ramp and then flipping the board in the air before landing back on the ramp. The skate park is surrounded by trees and there are other people in the background. The man's movements are fluid and he appears to be experienced in skateboarding.,T2V_data/label/vidgen_filter_gemini_part_0_dpo_14/dbmNnBAo2tk-Scene-0006/depth.mp4,T2V_data/label/vidgen_filter_gemini_part_0_dpo_14/dbmNnBAo2tk-Scene-0006/entity_20.png
T2V_data/VIDGEN-1M_unzip/dbmNnBAo2tk-Scene-0006.mp4,The video shows a man performing a skateboarding trick at a skate park. He is wearing a black tank top and blue sneakers. The man is seen riding his skateboard up a ramp and then flipping the board in the air before landing back on the ramp. The skate park is surrounded by trees and there are other people in the background. The man's movements are fluid and he appears to be experienced in skateboarding.,T2V_data/label/vidgen_filter_gemini_part_0_dpo_14/dbmNnBAo2tk-Scene-0006/entity_20.mp4,T2V_data/label/vidgen_filter_gemini_part_0_dpo_14/dbmNnBAo2tk-Scene-0006/entity_20.png
T2V_data/VIDGEN-1M_unzip/dhlAKesCZLM-Scene-0042.mp4,The video shows a man in a blue shirt and black pants playing golf. He is seen putting a golf ball into the hole on the green. The man is wearing a black cap and white shoes. He is holding a red and silver golf club. The green is surrounded by trees and there is a white flag on the hole. The man successfully puts the ball into the hole and then bends down to pick it up.,T2V_data/label/vidgen_filter_gemini_part_0_dpo_14/dhlAKesCZLM-Scene-0042/depth.mp4,T2V_data/label/vidgen_filter_gemini_part_0_dpo_14/dhlAKesCZLM-Scene-0042/entity_20.png
T2V_data/VIDGEN-1M_unzip/dhlAKesCZLM-Scene-0042.mp4,The video shows a man in a blue shirt and black pants playing golf. He is seen putting a golf ball into the hole on the green. The man is wearing a black cap and white shoes. He is holding a red and silver golf club. The green is surrounded by trees and there is a white flag on the hole. The man successfully puts the ball into the hole and then bends down to pick it up.,T2V_data/label/vidgen_filter_gemini_part_0_dpo_14/dhlAKesCZLM-Scene-0042/entity_20.mp4,T2V_data/label/vidgen_filter_gemini_part_0_dpo_14/dhlAKesCZLM-Scene-0042/entity_20.png
T2V_data/VIDGEN-1M_unzip/ePlzmOiYvdI-Scene-0036.mp4,"The video shows a person's hands digging into the soil. The person is wearing a brown jacket and white gloves. The soil is dark brown and appears to be moist. The person is using their hands to move the soil around, possibly to create a hole or to loosen the soil. The background is blurred, but it appears to be an outdoor setting with trees and foliage. There is no visible title, subtitle, or informative text in the video.",T2V_data/label/vidgen_filter_gemini_part_0_dpo_14/ePlzmOiYvdI-Scene-0036/depth.mp4,T2V_data/label/vidgen_filter_gemini_part_0_dpo_14/ePlzmOiYvdI-Scene-0036/entity_20.png
T2V_data/VIDGEN-1M_unzip/ePlzmOiYvdI-Scene-0036.mp4,"The video shows a person's hands digging into the soil. The person is wearing a brown jacket and white gloves. The soil is dark brown and appears to be moist. The person is using their hands to move the soil around, possibly to create a hole or to loosen the soil. The background is blurred, but it appears to be an outdoor setting with trees and foliage. There is no visible title, subtitle, or informative text in the video.",T2V_data/label/vidgen_filter_gemini_part_0_dpo_14/ePlzmOiYvdI-Scene-0036/entity_20.mp4,T2V_data/label/vidgen_filter_gemini_part_0_dpo_14/ePlzmOiYvdI-Scene-0036/entity_20.png
T2V_data/VIDGEN-1M_unzip/e_h3cJvOUBk-Scene-0013.mp4,"In the video, a man is performing push-ups on a black exercise ball. He is wearing a gray tank top and gray shorts. The man has a tattoo on his left arm and is wearing a black watch on his left wrist. The gym floor is black and there is a wooden box in the background. The man is using the ball to elevate his body and add resistance to the push-ups.",T2V_data/label/vidgen_filter_gemini_part_0_dpo_14/e_h3cJvOUBk-Scene-0013/depth.mp4,T2V_data/label/vidgen_filter_gemini_part_0_dpo_14/e_h3cJvOUBk-Scene-0013/entity_60.png
T2V_data/VIDGEN-1M_unzip/e_h3cJvOUBk-Scene-0013.mp4,"In the video, a man is performing push-ups on a black exercise ball. He is wearing a gray tank top and gray shorts. The man has a tattoo on his left arm and is wearing a black watch on his left wrist. The gym floor is black and there is a wooden box in the background. The man is using the ball to elevate his body and add resistance to the push-ups.",T2V_data/label/vidgen_filter_gemini_part_0_dpo_14/e_h3cJvOUBk-Scene-0013/entity_60.mp4,T2V_data/label/vidgen_filter_gemini_part_0_dpo_14/e_h3cJvOUBk-Scene-0013/entity_60.png
T2V_data/VIDGEN-1M_unzip/f70FxUcMyn4-Scene-0025.mp4,"In the video, a man is seen riding a bicycle with a child seated behind him. The man is wearing a black and white checkered shirt, black pants, and a black helmet. The child is wearing a black jacket and a black helmet. The bicycle is blue and white in color. They are riding on a dirt path surrounded by trees and bushes. The man is pedaling the bicycle while the child is holding onto the man's waist. The video captures the joy and excitement of the man and the child as they ride together.",T2V_data/label/vidgen_filter_gemini_part_0_dpo_14/f70FxUcMyn4-Scene-0025/depth.mp4,T2V_data/label/vidgen_filter_gemini_part_0_dpo_14/f70FxUcMyn4-Scene-0025/entity_20.png
T2V_data/VIDGEN-1M_unzip/f70FxUcMyn4-Scene-0025.mp4,"In the video, a man is seen riding a bicycle with a child seated behind him. The man is wearing a black and white checkered shirt, black pants, and a black helmet. The child is wearing a black jacket and a black helmet. The bicycle is blue and white in color. They are riding on a dirt path surrounded by trees and bushes. The man is pedaling the bicycle while the child is holding onto the man's waist. The video captures the joy and excitement of the man and the child as they ride together.",T2V_data/label/vidgen_filter_gemini_part_0_dpo_14/f70FxUcMyn4-Scene-0025/entity_20.mp4,T2V_data/label/vidgen_filter_gemini_part_0_dpo_14/f70FxUcMyn4-Scene-0025/entity_20.png
T2V_data/VIDGEN-1M_unzip/fB7jtYroBM0-Scene-0037.mp4,"The video shows two men in a wrestling ring. One man is wearing a red shirt and black shorts, while the other is wearing a blue shirt and black shorts. The man in the red shirt is on top of the man in the blue shirt, holding him down. The man in the blue shirt is trying to get up, but the man in the red shirt is holding him down. The man in the red shirt then stands up and walks away, leaving the man in the blue shirt on the ground.",T2V_data/label/vidgen_filter_gemini_part_0_dpo_14/fB7jtYroBM0-Scene-0037/depth.mp4,T2V_data/label/vidgen_filter_gemini_part_0_dpo_14/fB7jtYroBM0-Scene-0037/entity_40.png
T2V_data/VIDGEN-1M_unzip/fB7jtYroBM0-Scene-0037.mp4,"The video shows two men in a wrestling ring. One man is wearing a red shirt and black shorts, while the other is wearing a blue shirt and black shorts. The man in the red shirt is on top of the man in the blue shirt, holding him down. The man in the blue shirt is trying to get up, but the man in the red shirt is holding him down. The man in the red shirt then stands up and walks away, leaving the man in the blue shirt on the ground.",T2V_data/label/vidgen_filter_gemini_part_0_dpo_14/fB7jtYroBM0-Scene-0037/entity_40.mp4,T2V_data/label/vidgen_filter_gemini_part_0_dpo_14/fB7jtYroBM0-Scene-0037/entity_40.png
T2V_data/VIDGEN-1M_unzip/fPUHAONOEiI-Scene-0019.mp4,"In the video, a person is seen holding a yellow origami bird. The person's hands are visible, and they are holding the bird between their fingers. The bird appears to be made of paper and has a pointed beak and folded wings. The person then proceeds to fold the bird in half, creating a crease down the middle. They continue to fold the bird, making precise creases and adjusting the shape of the wings and body. The person's movements are deliberate and careful, indicating that they are experienced in origami. The background is a plain white surface, which provides a clear contrast to the yellow color of the bird. The video ends with the person holding the folded bird between their fingers, showcasing the final product.",T2V_data/label/vidgen_filter_gemini_part_0_dpo_14/fPUHAONOEiI-Scene-0019/depth.mp4,T2V_data/label/vidgen_filter_gemini_part_0_dpo_14/fPUHAONOEiI-Scene-0019/entity_20.png
T2V_data/VIDGEN-1M_unzip/fPUHAONOEiI-Scene-0019.mp4,"In the video, a person is seen holding a yellow origami bird. The person's hands are visible, and they are holding the bird between their fingers. The bird appears to be made of paper and has a pointed beak and folded wings. The person then proceeds to fold the bird in half, creating a crease down the middle. They continue to fold the bird, making precise creases and adjusting the shape of the wings and body. The person's movements are deliberate and careful, indicating that they are experienced in origami. The background is a plain white surface, which provides a clear contrast to the yellow color of the bird. The video ends with the person holding the folded bird between their fingers, showcasing the final product.",T2V_data/label/vidgen_filter_gemini_part_0_dpo_14/fPUHAONOEiI-Scene-0019/entity_20.mp4,T2V_data/label/vidgen_filter_gemini_part_0_dpo_14/fPUHAONOEiI-Scene-0019/entity_20.png
T2V_data/VIDGEN-1M_unzip/fUFEF016m0g-Scene-0115.mp4,The video shows a basketball player dribbling a ball on a court. He is wearing a red and white uniform with the number 21 on it. The player is seen dribbling the ball and then taking a shot at the basket. The crowd in the background is cheering and clapping. The player is also seen walking away from the basket after taking the shot. The video is in color and appears to be taken from a broadcast of a basketball game.,T2V_data/label/vidgen_filter_gemini_part_0_dpo_14/fUFEF016m0g-Scene-0115/depth.mp4,T2V_data/label/vidgen_filter_gemini_part_0_dpo_14/fUFEF016m0g-Scene-0115/entity_20.png
T2V_data/VIDGEN-1M_unzip/fUFEF016m0g-Scene-0115.mp4,The video shows a basketball player dribbling a ball on a court. He is wearing a red and white uniform with the number 21 on it. The player is seen dribbling the ball and then taking a shot at the basket. The crowd in the background is cheering and clapping. The player is also seen walking away from the basket after taking the shot. The video is in color and appears to be taken from a broadcast of a basketball game.,T2V_data/label/vidgen_filter_gemini_part_0_dpo_14/fUFEF016m0g-Scene-0115/entity_20.mp4,T2V_data/label/vidgen_filter_gemini_part_0_dpo_14/fUFEF016m0g-Scene-0115/entity_20.png
T2V_data/VIDGEN-1M_unzip/fc_9xJlOhFU-Scene-0004.mp4,"The video shows a person pouring a spoonful of sugar into a bowl and then pouring water into the same bowl. The sugar dissolves in the water, creating a clear liquid.",T2V_data/label/vidgen_filter_gemini_part_0_dpo_14/fc_9xJlOhFU-Scene-0004/depth.mp4,T2V_data/label/vidgen_filter_gemini_part_0_dpo_14/fc_9xJlOhFU-Scene-0004/entity_40.png
T2V_data/VIDGEN-1M_unzip/fc_9xJlOhFU-Scene-0004.mp4,"The video shows a person pouring a spoonful of sugar into a bowl and then pouring water into the same bowl. The sugar dissolves in the water, creating a clear liquid.",T2V_data/label/vidgen_filter_gemini_part_0_dpo_14/fc_9xJlOhFU-Scene-0004/entity_40.mp4,T2V_data/label/vidgen_filter_gemini_part_0_dpo_14/fc_9xJlOhFU-Scene-0004/entity_40.png
T2V_data/VIDGEN-1M_unzip/fenlNzTg0_w-Scene-0117.mp4,"In the video, a person is seen wearing yellow gloves and holding a bag of ice. The person is using a knife to cut the bag open and then proceeds to pour the ice out onto a table. The ice is white and appears to be in a solid state. The person's movements are deliberate and careful as they handle the ice and the knife. The table on which the ice is being poured is white and has a grid-like pattern. The background is blurred, but it appears to be an indoor setting.",T2V_data/label/vidgen_filter_gemini_part_0_dpo_14/fenlNzTg0_w-Scene-0117/depth.mp4,T2V_data/label/vidgen_filter_gemini_part_0_dpo_14/fenlNzTg0_w-Scene-0117/entity_40.png
T2V_data/VIDGEN-1M_unzip/fenlNzTg0_w-Scene-0117.mp4,"In the video, a person is seen wearing yellow gloves and holding a bag of ice. The person is using a knife to cut the bag open and then proceeds to pour the ice out onto a table. The ice is white and appears to be in a solid state. The person's movements are deliberate and careful as they handle the ice and the knife. The table on which the ice is being poured is white and has a grid-like pattern. The background is blurred, but it appears to be an indoor setting.",T2V_data/label/vidgen_filter_gemini_part_0_dpo_14/fenlNzTg0_w-Scene-0117/entity_40.mp4,T2V_data/label/vidgen_filter_gemini_part_0_dpo_14/fenlNzTg0_w-Scene-0117/entity_40.png
T2V_data/VIDGEN-1M_unzip/fmVqiEj6Hwc-Scene-0123.mp4,"In the video, a man is seen standing on a sidewalk in a residential neighborhood. He is holding a basketball and preparing to shoot it. The man is wearing a white shirt, khaki shorts, and red shoes. Behind him, there is a white car parked on the street. The man takes a few steps back and then runs forward, jumping and shooting the basketball towards the hoop. The basketball goes through the hoop, and the man lands on the ground. The video ends with the man walking away from the hoop.",T2V_data/label/vidgen_filter_gemini_part_0_dpo_14/fmVqiEj6Hwc-Scene-0123/depth.mp4,T2V_data/label/vidgen_filter_gemini_part_0_dpo_14/fmVqiEj6Hwc-Scene-0123/entity_40.png
T2V_data/VIDGEN-1M_unzip/fmVqiEj6Hwc-Scene-0123.mp4,"In the video, a man is seen standing on a sidewalk in a residential neighborhood. He is holding a basketball and preparing to shoot it. The man is wearing a white shirt, khaki shorts, and red shoes. Behind him, there is a white car parked on the street. The man takes a few steps back and then runs forward, jumping and shooting the basketball towards the hoop. The basketball goes through the hoop, and the man lands on the ground. The video ends with the man walking away from the hoop.",T2V_data/label/vidgen_filter_gemini_part_0_dpo_14/fmVqiEj6Hwc-Scene-0123/entity_40.mp4,T2V_data/label/vidgen_filter_gemini_part_0_dpo_14/fmVqiEj6Hwc-Scene-0123/entity_40.png
T2V_data/VIDGEN-1M_unzip/fmVqiEj6Hwc-Scene-0123.mp4,"In the video, a man is seen standing on a sidewalk in a residential neighborhood. He is holding a basketball and preparing to shoot it. The man is wearing a white shirt, khaki shorts, and red shoes. Behind him, there is a white car parked on the street. The man takes a few steps back and then runs forward, jumping and shooting the basketball towards the hoop. The basketball goes through the hoop, and the man lands on the ground. The video ends with the man walking away from the hoop.",T2V_data/label/vidgen_filter_gemini_part_0_dpo_14/fmVqiEj6Hwc-Scene-0123/depth.mp4,T2V_data/label/vidgen_filter_gemini_part_0_dpo_14/fmVqiEj6Hwc-Scene-0123/entity_60.png
T2V_data/VIDGEN-1M_unzip/fmVqiEj6Hwc-Scene-0123.mp4,"In the video, a man is seen standing on a sidewalk in a residential neighborhood. He is holding a basketball and preparing to shoot it. The man is wearing a white shirt, khaki shorts, and red shoes. Behind him, there is a white car parked on the street. The man takes a few steps back and then runs forward, jumping and shooting the basketball towards the hoop. The basketball goes through the hoop, and the man lands on the ground. The video ends with the man walking away from the hoop.",T2V_data/label/vidgen_filter_gemini_part_0_dpo_14/fmVqiEj6Hwc-Scene-0123/entity_60.mp4,T2V_data/label/vidgen_filter_gemini_part_0_dpo_14/fmVqiEj6Hwc-Scene-0123/entity_60.png
T2V_data/VIDGEN-1M_unzip/foIk89ak0Wg-Scene-0387.mp4,"The video shows a man in a workshop, surrounded by various tools and equipment. He is wearing a black shirt and is seen working on a wooden object that appears to be a guitar. The man is using a hammer and other tools to shape and refine the guitar. The workshop is filled with wood shavings and dust, indicating that he has been working for some time. The lighting is dim, and the focus is on the man and his work.",T2V_data/label/vidgen_filter_gemini_part_0_dpo_14/foIk89ak0Wg-Scene-0387/depth.mp4,T2V_data/label/vidgen_filter_gemini_part_0_dpo_14/foIk89ak0Wg-Scene-0387/entity_20.png
T2V_data/VIDGEN-1M_unzip/foIk89ak0Wg-Scene-0387.mp4,"The video shows a man in a workshop, surrounded by various tools and equipment. He is wearing a black shirt and is seen working on a wooden object that appears to be a guitar. The man is using a hammer and other tools to shape and refine the guitar. The workshop is filled with wood shavings and dust, indicating that he has been working for some time. The lighting is dim, and the focus is on the man and his work.",T2V_data/label/vidgen_filter_gemini_part_0_dpo_14/foIk89ak0Wg-Scene-0387/entity_20.mp4,T2V_data/label/vidgen_filter_gemini_part_0_dpo_14/foIk89ak0Wg-Scene-0387/entity_20.png
T2V_data/VIDGEN-1M_unzip/foIk89ak0Wg-Scene-0387.mp4,"The video shows a man in a workshop, surrounded by various tools and equipment. He is wearing a black shirt and is seen working on a wooden object that appears to be a guitar. The man is using a hammer and other tools to shape and refine the guitar. The workshop is filled with wood shavings and dust, indicating that he has been working for some time. The lighting is dim, and the focus is on the man and his work.",T2V_data/label/vidgen_filter_gemini_part_0_dpo_14/foIk89ak0Wg-Scene-0387/depth.mp4,T2V_data/label/vidgen_filter_gemini_part_0_dpo_14/foIk89ak0Wg-Scene-0387/entity_40.png
T2V_data/VIDGEN-1M_unzip/foIk89ak0Wg-Scene-0387.mp4,"The video shows a man in a workshop, surrounded by various tools and equipment. He is wearing a black shirt and is seen working on a wooden object that appears to be a guitar. The man is using a hammer and other tools to shape and refine the guitar. The workshop is filled with wood shavings and dust, indicating that he has been working for some time. The lighting is dim, and the focus is on the man and his work.",T2V_data/label/vidgen_filter_gemini_part_0_dpo_14/foIk89ak0Wg-Scene-0387/entity_40.mp4,T2V_data/label/vidgen_filter_gemini_part_0_dpo_14/foIk89ak0Wg-Scene-0387/entity_40.png
T2V_data/VIDGEN-1M_unzip/foIk89ak0Wg-Scene-0387.mp4,"The video shows a man in a workshop, surrounded by various tools and equipment. He is wearing a black shirt and is seen working on a wooden object that appears to be a guitar. The man is using a hammer and other tools to shape and refine the guitar. The workshop is filled with wood shavings and dust, indicating that he has been working for some time. The lighting is dim, and the focus is on the man and his work.",T2V_data/label/vidgen_filter_gemini_part_0_dpo_14/foIk89ak0Wg-Scene-0387/depth.mp4,T2V_data/label/vidgen_filter_gemini_part_0_dpo_14/foIk89ak0Wg-Scene-0387/entity_60.png
T2V_data/VIDGEN-1M_unzip/foIk89ak0Wg-Scene-0387.mp4,"The video shows a man in a workshop, surrounded by various tools and equipment. He is wearing a black shirt and is seen working on a wooden object that appears to be a guitar. The man is using a hammer and other tools to shape and refine the guitar. The workshop is filled with wood shavings and dust, indicating that he has been working for some time. The lighting is dim, and the focus is on the man and his work.",T2V_data/label/vidgen_filter_gemini_part_0_dpo_14/foIk89ak0Wg-Scene-0387/entity_60.mp4,T2V_data/label/vidgen_filter_gemini_part_0_dpo_14/foIk89ak0Wg-Scene-0387/entity_60.png
T2V_data/VIDGEN-1M_unzip/fotZFpZsPPg-Scene-0015.mp4,"In the video, a man is seen working on a car. He is wearing a blue shirt and white gloves. The man is using a tool to work on the wheel of the car. The car is lifted up, and the man is standing underneath it. The man is focused on his work, and the video is shot in a garage setting.",T2V_data/label/vidgen_filter_gemini_part_0_dpo_14/fotZFpZsPPg-Scene-0015/depth.mp4,T2V_data/label/vidgen_filter_gemini_part_0_dpo_14/fotZFpZsPPg-Scene-0015/entity_20.png
T2V_data/VIDGEN-1M_unzip/fotZFpZsPPg-Scene-0015.mp4,"In the video, a man is seen working on a car. He is wearing a blue shirt and white gloves. The man is using a tool to work on the wheel of the car. The car is lifted up, and the man is standing underneath it. The man is focused on his work, and the video is shot in a garage setting.",T2V_data/label/vidgen_filter_gemini_part_0_dpo_14/fotZFpZsPPg-Scene-0015/entity_20.mp4,T2V_data/label/vidgen_filter_gemini_part_0_dpo_14/fotZFpZsPPg-Scene-0015/entity_20.png
T2V_data/VIDGEN-1M_unzip/g2wOC9H95cE-Scene-0069.mp4,"In the video, a person is seen holding a white mug in one hand and a lighter in the other hand. The person opens the lighter and uses it to light a substance inside the mug. The substance appears to be a liquid, possibly a type of fuel or chemical. The person then closes the lighter and sets it down on the table. The video does not provide any context or information about the person or the location.",T2V_data/label/vidgen_filter_gemini_part_0_dpo_14/g2wOC9H95cE-Scene-0069/depth.mp4,T2V_data/label/vidgen_filter_gemini_part_0_dpo_14/g2wOC9H95cE-Scene-0069/entity_40.png
T2V_data/VIDGEN-1M_unzip/g2wOC9H95cE-Scene-0069.mp4,"In the video, a person is seen holding a white mug in one hand and a lighter in the other hand. The person opens the lighter and uses it to light a substance inside the mug. The substance appears to be a liquid, possibly a type of fuel or chemical. The person then closes the lighter and sets it down on the table. The video does not provide any context or information about the person or the location.",T2V_data/label/vidgen_filter_gemini_part_0_dpo_14/g2wOC9H95cE-Scene-0069/entity_40.mp4,T2V_data/label/vidgen_filter_gemini_part_0_dpo_14/g2wOC9H95cE-Scene-0069/entity_40.png
T2V_data/VIDGEN-1M_unzip/g2wOC9H95cE-Scene-0069.mp4,"In the video, a person is seen holding a white mug in one hand and a lighter in the other hand. The person opens the lighter and uses it to light a substance inside the mug. The substance appears to be a liquid, possibly a type of fuel or chemical. The person then closes the lighter and sets it down on the table. The video does not provide any context or information about the person or the location.",T2V_data/label/vidgen_filter_gemini_part_0_dpo_14/g2wOC9H95cE-Scene-0069/depth.mp4,T2V_data/label/vidgen_filter_gemini_part_0_dpo_14/g2wOC9H95cE-Scene-0069/entity_60.png
T2V_data/VIDGEN-1M_unzip/g2wOC9H95cE-Scene-0069.mp4,"In the video, a person is seen holding a white mug in one hand and a lighter in the other hand. The person opens the lighter and uses it to light a substance inside the mug. The substance appears to be a liquid, possibly a type of fuel or chemical. The person then closes the lighter and sets it down on the table. The video does not provide any context or information about the person or the location.",T2V_data/label/vidgen_filter_gemini_part_0_dpo_14/g2wOC9H95cE-Scene-0069/entity_60.mp4,T2V_data/label/vidgen_filter_gemini_part_0_dpo_14/g2wOC9H95cE-Scene-0069/entity_60.png
T2V_data/VIDGEN-1M_unzip/gCUJC9qsV58-Scene-0042.mp4,"In the video, a person is seen working on a ring. The person is using a pair of pliers to bend a wire into a specific shape. The wire is then attached to the ring, and the person uses the pliers to adjust the position of the wire. The person's hands are visible in the video, and they are wearing a blue glove on one hand. The background is a wooden surface, and there are no other objects visible in the video. The person appears to be skilled in handling the wire and the tools, as they are able to manipulate the wire with precision. The video is shot in a close-up view, focusing on the person's hands and the ring.",T2V_data/label/vidgen_filter_gemini_part_0_dpo_14/gCUJC9qsV58-Scene-0042/depth.mp4,T2V_data/label/vidgen_filter_gemini_part_0_dpo_14/gCUJC9qsV58-Scene-0042/entity_40.png
T2V_data/VIDGEN-1M_unzip/gCUJC9qsV58-Scene-0042.mp4,"In the video, a person is seen working on a ring. The person is using a pair of pliers to bend a wire into a specific shape. The wire is then attached to the ring, and the person uses the pliers to adjust the position of the wire. The person's hands are visible in the video, and they are wearing a blue glove on one hand. The background is a wooden surface, and there are no other objects visible in the video. The person appears to be skilled in handling the wire and the tools, as they are able to manipulate the wire with precision. The video is shot in a close-up view, focusing on the person's hands and the ring.",T2V_data/label/vidgen_filter_gemini_part_0_dpo_14/gCUJC9qsV58-Scene-0042/entity_40.mp4,T2V_data/label/vidgen_filter_gemini_part_0_dpo_14/gCUJC9qsV58-Scene-0042/entity_40.png
T2V_data/VIDGEN-1M_unzip/gEt6OB6tyEQ-Scene-0041.mp4,"In the video, a person is seen pouring a bowl of seeds into a blender. The blender is already filled with some green ingredients. The person's hands are visible, and they are wearing a black shirt. The seeds are being poured from a clear glass bowl, and the blender is on a black countertop.",T2V_data/label/vidgen_filter_gemini_part_0_dpo_14/gEt6OB6tyEQ-Scene-0041/depth.mp4,T2V_data/label/vidgen_filter_gemini_part_0_dpo_14/gEt6OB6tyEQ-Scene-0041/entity_60.png
T2V_data/VIDGEN-1M_unzip/gEt6OB6tyEQ-Scene-0041.mp4,"In the video, a person is seen pouring a bowl of seeds into a blender. The blender is already filled with some green ingredients. The person's hands are visible, and they are wearing a black shirt. The seeds are being poured from a clear glass bowl, and the blender is on a black countertop.",T2V_data/label/vidgen_filter_gemini_part_0_dpo_14/gEt6OB6tyEQ-Scene-0041/entity_60.mp4,T2V_data/label/vidgen_filter_gemini_part_0_dpo_14/gEt6OB6tyEQ-Scene-0041/entity_60.png
T2V_data/VIDGEN-1M_unzip/gLV4Hv-gLn8-Scene-0005.mp4,"The video shows a close-up of a person's hand holding a black object, which appears to be a knife, over a red object that looks like a heart. The person is using the knife to cut into the red object, and there is a piece of tape on the knife. The background is blurry, but it seems to be a table or countertop.",T2V_data/label/vidgen_filter_gemini_part_0_dpo_14/gLV4Hv-gLn8-Scene-0005/depth.mp4,T2V_data/label/vidgen_filter_gemini_part_0_dpo_14/gLV4Hv-gLn8-Scene-0005/entity_20.png
T2V_data/VIDGEN-1M_unzip/gLV4Hv-gLn8-Scene-0005.mp4,"The video shows a close-up of a person's hand holding a black object, which appears to be a knife, over a red object that looks like a heart. The person is using the knife to cut into the red object, and there is a piece of tape on the knife. The background is blurry, but it seems to be a table or countertop.",T2V_data/label/vidgen_filter_gemini_part_0_dpo_14/gLV4Hv-gLn8-Scene-0005/entity_20.mp4,T2V_data/label/vidgen_filter_gemini_part_0_dpo_14/gLV4Hv-gLn8-Scene-0005/entity_20.png
T2V_data/VIDGEN-1M_unzip/gLV4Hv-gLn8-Scene-0005.mp4,"The video shows a close-up of a person's hand holding a black object, which appears to be a knife, over a red object that looks like a heart. The person is using the knife to cut into the red object, and there is a piece of tape on the knife. The background is blurry, but it seems to be a table or countertop.",T2V_data/label/vidgen_filter_gemini_part_0_dpo_14/gLV4Hv-gLn8-Scene-0005/depth.mp4,T2V_data/label/vidgen_filter_gemini_part_0_dpo_14/gLV4Hv-gLn8-Scene-0005/entity_40.png
T2V_data/VIDGEN-1M_unzip/gLV4Hv-gLn8-Scene-0005.mp4,"The video shows a close-up of a person's hand holding a black object, which appears to be a knife, over a red object that looks like a heart. The person is using the knife to cut into the red object, and there is a piece of tape on the knife. The background is blurry, but it seems to be a table or countertop.",T2V_data/label/vidgen_filter_gemini_part_0_dpo_14/gLV4Hv-gLn8-Scene-0005/entity_40.mp4,T2V_data/label/vidgen_filter_gemini_part_0_dpo_14/gLV4Hv-gLn8-Scene-0005/entity_40.png
T2V_data/VIDGEN-1M_unzip/gLwr8YYVTkg-Scene-0148.mp4,"The video shows two people boxing in a boxing ring. One of the boxers is wearing a white tank top and black gloves, while the other is wearing a red tank top and black gloves. They are both wearing protective headgear. The boxer in the white tank top is throwing punches at the boxer in the red tank top, who is blocking and dodging. The boxing ring is surrounded by ropes, and there are other people in the background watching the match. The video is shot from the side of the ring, and the camera is shaking slightly.",T2V_data/label/vidgen_filter_gemini_part_0_dpo_14/gLwr8YYVTkg-Scene-0148/depth.mp4,T2V_data/label/vidgen_filter_gemini_part_0_dpo_14/gLwr8YYVTkg-Scene-0148/entity_20.png
T2V_data/VIDGEN-1M_unzip/gLwr8YYVTkg-Scene-0148.mp4,"The video shows two people boxing in a boxing ring. One of the boxers is wearing a white tank top and black gloves, while the other is wearing a red tank top and black gloves. They are both wearing protective headgear. The boxer in the white tank top is throwing punches at the boxer in the red tank top, who is blocking and dodging. The boxing ring is surrounded by ropes, and there are other people in the background watching the match. The video is shot from the side of the ring, and the camera is shaking slightly.",T2V_data/label/vidgen_filter_gemini_part_0_dpo_14/gLwr8YYVTkg-Scene-0148/entity_20.mp4,T2V_data/label/vidgen_filter_gemini_part_0_dpo_14/gLwr8YYVTkg-Scene-0148/entity_20.png
T2V_data/VIDGEN-1M_unzip/gRW8T9eFtv4-Scene-0027.mp4,"The video shows a wrestling match taking place in a ring. One wrestler is seen jumping off the ropes and landing on another wrestler, who is lying on the ground. The referee is present in the ring, and the crowd can be heard cheering in the background. The wrestlers are wearing typical wrestling attire, and the ring is surrounded by ropes. The lighting is bright, and the colors are vibrant.",T2V_data/label/vidgen_filter_gemini_part_0_dpo_14/gRW8T9eFtv4-Scene-0027/depth.mp4,T2V_data/label/vidgen_filter_gemini_part_0_dpo_14/gRW8T9eFtv4-Scene-0027/entity_40.png
T2V_data/VIDGEN-1M_unzip/gRW8T9eFtv4-Scene-0027.mp4,"The video shows a wrestling match taking place in a ring. One wrestler is seen jumping off the ropes and landing on another wrestler, who is lying on the ground. The referee is present in the ring, and the crowd can be heard cheering in the background. The wrestlers are wearing typical wrestling attire, and the ring is surrounded by ropes. The lighting is bright, and the colors are vibrant.",T2V_data/label/vidgen_filter_gemini_part_0_dpo_14/gRW8T9eFtv4-Scene-0027/entity_40.mp4,T2V_data/label/vidgen_filter_gemini_part_0_dpo_14/gRW8T9eFtv4-Scene-0027/entity_40.png
T2V_data/VIDGEN-1M_unzip/gepaGF-Snp4-Scene-0116.mp4,"The video shows a rally car driving through a desert. The car is white with red and blue stripes and the Red Bull logo on the side. It is driving on sand dunes, kicking up clouds of sand behind it. The car is moving at a high speed, and the driver is skillfully navigating the challenging terrain. The desert landscape is vast and barren, with no other vehicles or people in sight. The sky is clear and blue, and the sun is shining brightly.",T2V_data/label/vidgen_filter_gemini_part_0_dpo_14/gepaGF-Snp4-Scene-0116/depth.mp4,T2V_data/label/vidgen_filter_gemini_part_0_dpo_14/gepaGF-Snp4-Scene-0116/entity_20.png
T2V_data/VIDGEN-1M_unzip/gepaGF-Snp4-Scene-0116.mp4,"The video shows a rally car driving through a desert. The car is white with red and blue stripes and the Red Bull logo on the side. It is driving on sand dunes, kicking up clouds of sand behind it. The car is moving at a high speed, and the driver is skillfully navigating the challenging terrain. The desert landscape is vast and barren, with no other vehicles or people in sight. The sky is clear and blue, and the sun is shining brightly.",T2V_data/label/vidgen_filter_gemini_part_0_dpo_14/gepaGF-Snp4-Scene-0116/entity_20.mp4,T2V_data/label/vidgen_filter_gemini_part_0_dpo_14/gepaGF-Snp4-Scene-0116/entity_20.png
T2V_data/VIDGEN-1M_unzip/gglGNmbrKpw-Scene-0009.mp4,"The video shows a man in a gym lifting weights. He is lying on a bench and lifting a pair of dumbbells. The man is wearing a gray tank top and black shorts. The gym is filled with various exercise equipment and other people working out in the background. The dumbbells are black with white text on them. The man is lifting the weights with both hands, and the weights are marked with the text \""DXP 75\"". The man is focused on his workout, and the gym is well-lit with natural light coming in from the windows.",T2V_data/label/vidgen_filter_gemini_part_0_dpo_14/gglGNmbrKpw-Scene-0009/depth.mp4,T2V_data/label/vidgen_filter_gemini_part_0_dpo_14/gglGNmbrKpw-Scene-0009/entity_20.png
T2V_data/VIDGEN-1M_unzip/gglGNmbrKpw-Scene-0009.mp4,"The video shows a man in a gym lifting weights. He is lying on a bench and lifting a pair of dumbbells. The man is wearing a gray tank top and black shorts. The gym is filled with various exercise equipment and other people working out in the background. The dumbbells are black with white text on them. The man is lifting the weights with both hands, and the weights are marked with the text \""DXP 75\"". The man is focused on his workout, and the gym is well-lit with natural light coming in from the windows.",T2V_data/label/vidgen_filter_gemini_part_0_dpo_14/gglGNmbrKpw-Scene-0009/entity_20.mp4,T2V_data/label/vidgen_filter_gemini_part_0_dpo_14/gglGNmbrKpw-Scene-0009/entity_20.png
T2V_data/VIDGEN-1M_unzip/gwR9t0j5W2s-Scene-0030.mp4,"In the video, a person is seen working on a machine in a workshop. The person is wearing a blue shirt and is using various tools to work on the machine. The machine appears to be made of metal and has a circular component in the center. The person is seen using a wrench to turn a bolt on the machine and then using a screwdriver to adjust another part. The workshop is filled with various tools and equipment, indicating that this is a professional setting. The person's movements are precise and deliberate, suggesting that they are experienced in working with machinery.",T2V_data/label/vidgen_filter_gemini_part_0_dpo_14/gwR9t0j5W2s-Scene-0030/depth.mp4,T2V_data/label/vidgen_filter_gemini_part_0_dpo_14/gwR9t0j5W2s-Scene-0030/entity_40.png
T2V_data/VIDGEN-1M_unzip/gwR9t0j5W2s-Scene-0030.mp4,"In the video, a person is seen working on a machine in a workshop. The person is wearing a blue shirt and is using various tools to work on the machine. The machine appears to be made of metal and has a circular component in the center. The person is seen using a wrench to turn a bolt on the machine and then using a screwdriver to adjust another part. The workshop is filled with various tools and equipment, indicating that this is a professional setting. The person's movements are precise and deliberate, suggesting that they are experienced in working with machinery.",T2V_data/label/vidgen_filter_gemini_part_0_dpo_14/gwR9t0j5W2s-Scene-0030/entity_40.mp4,T2V_data/label/vidgen_filter_gemini_part_0_dpo_14/gwR9t0j5W2s-Scene-0030/entity_40.png
T2V_data/VIDGEN-1M_unzip/h01oXx5wHEo-Scene-0011.mp4,The video shows a man wearing a blue shirt and a green helmet standing in a batting cage. He is holding a cricket bat and swinging it to hit a ball. The man is wearing protective gear on his legs and hands. The background shows a green net and various advertisements. The man appears to be practicing his batting skills.,T2V_data/label/vidgen_filter_gemini_part_0_dpo_14/h01oXx5wHEo-Scene-0011/depth.mp4,T2V_data/label/vidgen_filter_gemini_part_0_dpo_14/h01oXx5wHEo-Scene-0011/entity_20.png
T2V_data/VIDGEN-1M_unzip/h01oXx5wHEo-Scene-0011.mp4,The video shows a man wearing a blue shirt and a green helmet standing in a batting cage. He is holding a cricket bat and swinging it to hit a ball. The man is wearing protective gear on his legs and hands. The background shows a green net and various advertisements. The man appears to be practicing his batting skills.,T2V_data/label/vidgen_filter_gemini_part_0_dpo_14/h01oXx5wHEo-Scene-0011/entity_20.mp4,T2V_data/label/vidgen_filter_gemini_part_0_dpo_14/h01oXx5wHEo-Scene-0011/entity_20.png
T2V_data/VIDGEN-1M_unzip/h8j_s4M2dFI-Scene-0010.mp4,"In the video, a person is seen holding a small, clear plastic container filled with a substance that appears to be a mixture of orange and pink colors. The person uses a small wooden stick to stir the mixture, creating a swirling pattern as the colors blend together. The stick is then used to lift and stretch the mixture, demonstrating its elasticity and texture. The person continues to manipulate the mixture, folding and twisting it, and occasionally pressing it down with their fingers. The background is a solid pink color, providing a contrast to the vibrant colors of the mixture.",T2V_data/label/vidgen_filter_gemini_part_0_dpo_14/h8j_s4M2dFI-Scene-0010/depth.mp4,T2V_data/label/vidgen_filter_gemini_part_0_dpo_14/h8j_s4M2dFI-Scene-0010/entity_20.png
T2V_data/VIDGEN-1M_unzip/h8j_s4M2dFI-Scene-0010.mp4,"In the video, a person is seen holding a small, clear plastic container filled with a substance that appears to be a mixture of orange and pink colors. The person uses a small wooden stick to stir the mixture, creating a swirling pattern as the colors blend together. The stick is then used to lift and stretch the mixture, demonstrating its elasticity and texture. The person continues to manipulate the mixture, folding and twisting it, and occasionally pressing it down with their fingers. The background is a solid pink color, providing a contrast to the vibrant colors of the mixture.",T2V_data/label/vidgen_filter_gemini_part_0_dpo_14/h8j_s4M2dFI-Scene-0010/entity_20.mp4,T2V_data/label/vidgen_filter_gemini_part_0_dpo_14/h8j_s4M2dFI-Scene-0010/entity_20.png
T2V_data/VIDGEN-1M_unzip/hKFDEB2eqJw-Scene-0039.mp4,"In the video, a man is seen using a drill to make holes in a piece of wood. He is wearing a blue shirt and is kneeling on the ground. The drill is orange and black in color, and the man is holding it with both hands. The wood is light brown and appears to be a plank. The man is using a silver drill bit to make the holes. The background is a gravel surface, and there are no other objects or people visible in the video.",T2V_data/label/vidgen_filter_gemini_part_0_dpo_14/hKFDEB2eqJw-Scene-0039/depth.mp4,T2V_data/label/vidgen_filter_gemini_part_0_dpo_14/hKFDEB2eqJw-Scene-0039/entity_80.png
T2V_data/VIDGEN-1M_unzip/hKFDEB2eqJw-Scene-0039.mp4,"In the video, a man is seen using a drill to make holes in a piece of wood. He is wearing a blue shirt and is kneeling on the ground. The drill is orange and black in color, and the man is holding it with both hands. The wood is light brown and appears to be a plank. The man is using a silver drill bit to make the holes. The background is a gravel surface, and there are no other objects or people visible in the video.",T2V_data/label/vidgen_filter_gemini_part_0_dpo_14/hKFDEB2eqJw-Scene-0039/entity_80.mp4,T2V_data/label/vidgen_filter_gemini_part_0_dpo_14/hKFDEB2eqJw-Scene-0039/entity_80.png
T2V_data/VIDGEN-1M_unzip/hMzBa77gEgo-Scene-0031.mp4,"In the video, a man is seen wearing a black shirt and yellow gloves. He is holding a metal rod in his hand and using a welding torch to weld it. The man is standing in front of a white brick wall with a sign that reads ""TABLE FABRICATION WINDOW SIGNS MERCIAL SIGNS GRAPHIC DESIGN"". He is focused on his work, and the sparks from the welding torch are visible. The man appears to be experienced in his craft, as he handles the welding torch with ease and precision. The video provides a glimpse into the world of metal fabrication and the skill required to create intricate designs.",T2V_data/label/vidgen_filter_gemini_part_0_dpo_14/hMzBa77gEgo-Scene-0031/depth.mp4,T2V_data/label/vidgen_filter_gemini_part_0_dpo_14/hMzBa77gEgo-Scene-0031/entity_40.png
T2V_data/VIDGEN-1M_unzip/hMzBa77gEgo-Scene-0031.mp4,"In the video, a man is seen wearing a black shirt and yellow gloves. He is holding a metal rod in his hand and using a welding torch to weld it. The man is standing in front of a white brick wall with a sign that reads ""TABLE FABRICATION WINDOW SIGNS MERCIAL SIGNS GRAPHIC DESIGN"". He is focused on his work, and the sparks from the welding torch are visible. The man appears to be experienced in his craft, as he handles the welding torch with ease and precision. The video provides a glimpse into the world of metal fabrication and the skill required to create intricate designs.",T2V_data/label/vidgen_filter_gemini_part_0_dpo_14/hMzBa77gEgo-Scene-0031/entity_40.mp4,T2V_data/label/vidgen_filter_gemini_part_0_dpo_14/hMzBa77gEgo-Scene-0031/entity_40.png
T2V_data/VIDGEN-1M_unzip/h_qV-LvNTZE-Scene-0067.mp4,"The video shows a white boat moving through the water at a high speed. The boat is surrounded by water splashing around it, and the background shows a hilly landscape. The boat appears to be a medium-sized vessel, possibly a speedboat or a small yacht. The water is a deep blue color, and the sky is clear with no visible clouds. The boat is moving from left to right in the frame, and the camera angle is from the side, giving a clear view of the boat's movement and the surrounding water.",T2V_data/label/vidgen_filter_gemini_part_0_dpo_14/h_qV-LvNTZE-Scene-0067/depth.mp4,T2V_data/label/vidgen_filter_gemini_part_0_dpo_14/h_qV-LvNTZE-Scene-0067/entity_80.png
T2V_data/VIDGEN-1M_unzip/h_qV-LvNTZE-Scene-0067.mp4,"The video shows a white boat moving through the water at a high speed. The boat is surrounded by water splashing around it, and the background shows a hilly landscape. The boat appears to be a medium-sized vessel, possibly a speedboat or a small yacht. The water is a deep blue color, and the sky is clear with no visible clouds. The boat is moving from left to right in the frame, and the camera angle is from the side, giving a clear view of the boat's movement and the surrounding water.",T2V_data/label/vidgen_filter_gemini_part_0_dpo_14/h_qV-LvNTZE-Scene-0067/entity_80.mp4,T2V_data/label/vidgen_filter_gemini_part_0_dpo_14/h_qV-LvNTZE-Scene-0067/entity_80.png
T2V_data/VIDGEN-1M_unzip/hc6NWEs0Qvk-Scene-0044.mp4,"In the video, a young man is seen riding a skateboard in an indoor skate park. He is wearing a green shirt, blue shorts, and white shoes. The skateboarder is performing a trick where he jumps onto the skateboard, flips it in the air, and then lands back on it. The skate park has ramps and rails, and there are other skateboards and equipment visible in the background. The lighting in the park is bright, and the walls are white. The skateboarder's movements are smooth and controlled as he executes the trick with precision.",T2V_data/label/vidgen_filter_gemini_part_0_dpo_14/hc6NWEs0Qvk-Scene-0044/depth.mp4,T2V_data/label/vidgen_filter_gemini_part_0_dpo_14/hc6NWEs0Qvk-Scene-0044/entity_20.png
T2V_data/VIDGEN-1M_unzip/hc6NWEs0Qvk-Scene-0044.mp4,"In the video, a young man is seen riding a skateboard in an indoor skate park. He is wearing a green shirt, blue shorts, and white shoes. The skateboarder is performing a trick where he jumps onto the skateboard, flips it in the air, and then lands back on it. The skate park has ramps and rails, and there are other skateboards and equipment visible in the background. The lighting in the park is bright, and the walls are white. The skateboarder's movements are smooth and controlled as he executes the trick with precision.",T2V_data/label/vidgen_filter_gemini_part_0_dpo_14/hc6NWEs0Qvk-Scene-0044/entity_20.mp4,T2V_data/label/vidgen_filter_gemini_part_0_dpo_14/hc6NWEs0Qvk-Scene-0044/entity_20.png
T2V_data/VIDGEN-1M_unzip/iUXPzg0bIM0-Scene-0079.mp4,"In the video, a dog is seen playing with a green ball on a table. The dog is biting and chewing on the ball, and the ball is moving around on the table. The dog appears to be enjoying the game, and the ball is the only object in the video. The background is a plain white wall, and there is no other action or movement in the video.",T2V_data/label/vidgen_filter_gemini_part_0_dpo_14/iUXPzg0bIM0-Scene-0079/depth.mp4,T2V_data/label/vidgen_filter_gemini_part_0_dpo_14/iUXPzg0bIM0-Scene-0079/entity_20.png
T2V_data/VIDGEN-1M_unzip/iUXPzg0bIM0-Scene-0079.mp4,"In the video, a dog is seen playing with a green ball on a table. The dog is biting and chewing on the ball, and the ball is moving around on the table. The dog appears to be enjoying the game, and the ball is the only object in the video. The background is a plain white wall, and there is no other action or movement in the video.",T2V_data/label/vidgen_filter_gemini_part_0_dpo_14/iUXPzg0bIM0-Scene-0079/entity_20.mp4,T2V_data/label/vidgen_filter_gemini_part_0_dpo_14/iUXPzg0bIM0-Scene-0079/entity_20.png
T2V_data/VIDGEN-1M_unzip/iaTXktIHOzI-Scene-0008.mp4,"In the video, a man wearing blue gloves is holding a large fish with a hook. He is standing on a dock, and there are several other people standing around him. The man lifts the fish up and down, showcasing its size and weight. The fish appears to be a tuna, and it is quite large, almost as tall as the man holding it. The other people on the dock are watching the man with the fish, and some of them are wearing boots and shorts. The dock itself is made of concrete, and there are several other fish lying on the ground nearby. The man with the fish is wearing a blue shirt and green overalls, and he seems to be proud of the catch.",T2V_data/label/vidgen_filter_gemini_part_0_dpo_14/iaTXktIHOzI-Scene-0008/depth.mp4,T2V_data/label/vidgen_filter_gemini_part_0_dpo_14/iaTXktIHOzI-Scene-0008/entity_40.png
T2V_data/VIDGEN-1M_unzip/iaTXktIHOzI-Scene-0008.mp4,"In the video, a man wearing blue gloves is holding a large fish with a hook. He is standing on a dock, and there are several other people standing around him. The man lifts the fish up and down, showcasing its size and weight. The fish appears to be a tuna, and it is quite large, almost as tall as the man holding it. The other people on the dock are watching the man with the fish, and some of them are wearing boots and shorts. The dock itself is made of concrete, and there are several other fish lying on the ground nearby. The man with the fish is wearing a blue shirt and green overalls, and he seems to be proud of the catch.",T2V_data/label/vidgen_filter_gemini_part_0_dpo_14/iaTXktIHOzI-Scene-0008/entity_40.mp4,T2V_data/label/vidgen_filter_gemini_part_0_dpo_14/iaTXktIHOzI-Scene-0008/entity_40.png
T2V_data/VIDGEN-1M_unzip/ifwZqF8i8uE-Scene-0024.mp4,"In the video, a person is seen holding a white PVC pipe in their left hand and a white lid in their right hand. The person places the lid onto the pipe and then proceeds to screw it on. The person's hands are visible, and they appear to be wearing a white shirt. The background is a beige carpet.",T2V_data/label/vidgen_filter_gemini_part_0_dpo_14/ifwZqF8i8uE-Scene-0024/depth.mp4,T2V_data/label/vidgen_filter_gemini_part_0_dpo_14/ifwZqF8i8uE-Scene-0024/entity_40.png
T2V_data/VIDGEN-1M_unzip/ifwZqF8i8uE-Scene-0024.mp4,"In the video, a person is seen holding a white PVC pipe in their left hand and a white lid in their right hand. The person places the lid onto the pipe and then proceeds to screw it on. The person's hands are visible, and they appear to be wearing a white shirt. The background is a beige carpet.",T2V_data/label/vidgen_filter_gemini_part_0_dpo_14/ifwZqF8i8uE-Scene-0024/entity_40.mp4,T2V_data/label/vidgen_filter_gemini_part_0_dpo_14/ifwZqF8i8uE-Scene-0024/entity_40.png
T2V_data/VIDGEN-1M_unzip/ijzXYYlECFw-Scene-0005.mp4,"The video shows a hockey game in progress. The players are wearing blue and red jerseys, and the game is being played on an ice rink. The players are skating around the rink, passing the puck to each other, and trying to score goals. The video captures the fast-paced action of the game, with players moving quickly and strategically. The ice rink is surrounded by boards and glass, and there are spectators watching the game. The players are wearing protective gear, including helmets and pads. The video provides a glimpse into the intensity and excitement of a hockey game.",T2V_data/label/vidgen_filter_gemini_part_0_dpo_14/ijzXYYlECFw-Scene-0005/depth.mp4,T2V_data/label/vidgen_filter_gemini_part_0_dpo_14/ijzXYYlECFw-Scene-0005/entity_20.png
T2V_data/VIDGEN-1M_unzip/ijzXYYlECFw-Scene-0005.mp4,"The video shows a hockey game in progress. The players are wearing blue and red jerseys, and the game is being played on an ice rink. The players are skating around the rink, passing the puck to each other, and trying to score goals. The video captures the fast-paced action of the game, with players moving quickly and strategically. The ice rink is surrounded by boards and glass, and there are spectators watching the game. The players are wearing protective gear, including helmets and pads. The video provides a glimpse into the intensity and excitement of a hockey game.",T2V_data/label/vidgen_filter_gemini_part_0_dpo_14/ijzXYYlECFw-Scene-0005/entity_20.mp4,T2V_data/label/vidgen_filter_gemini_part_0_dpo_14/ijzXYYlECFw-Scene-0005/entity_20.png
T2V_data/VIDGEN-1M_unzip/ivbaQ8qdGWA-Scene-0058.mp4,"The video starts with a clear glass bowl placed on a wooden cutting board. A person's hand is seen holding a measuring cup filled with flour. The person then pours the flour into the bowl, and the video ends with the bowl full of flour.",T2V_data/label/vidgen_filter_gemini_part_0_dpo_14/ivbaQ8qdGWA-Scene-0058/depth.mp4,T2V_data/label/vidgen_filter_gemini_part_0_dpo_14/ivbaQ8qdGWA-Scene-0058/entity_60.png
T2V_data/VIDGEN-1M_unzip/ivbaQ8qdGWA-Scene-0058.mp4,"The video starts with a clear glass bowl placed on a wooden cutting board. A person's hand is seen holding a measuring cup filled with flour. The person then pours the flour into the bowl, and the video ends with the bowl full of flour.",T2V_data/label/vidgen_filter_gemini_part_0_dpo_14/ivbaQ8qdGWA-Scene-0058/entity_60.mp4,T2V_data/label/vidgen_filter_gemini_part_0_dpo_14/ivbaQ8qdGWA-Scene-0058/entity_60.png
T2V_data/VIDGEN-1M_unzip/jAT3QkqAEkQ-Scene-0042.mp4,"The video shows a person stirring a blue slime in a glass bowl with a white spoon. The person's nails are painted with a light blue polish, and they are wearing a ring on their finger. The bowl is placed on a white surface, and the person is using a circular motion to mix the slime.",T2V_data/label/vidgen_filter_gemini_part_0_dpo_14/jAT3QkqAEkQ-Scene-0042/depth.mp4,T2V_data/label/vidgen_filter_gemini_part_0_dpo_14/jAT3QkqAEkQ-Scene-0042/entity_60.png
T2V_data/VIDGEN-1M_unzip/jAT3QkqAEkQ-Scene-0042.mp4,"The video shows a person stirring a blue slime in a glass bowl with a white spoon. The person's nails are painted with a light blue polish, and they are wearing a ring on their finger. The bowl is placed on a white surface, and the person is using a circular motion to mix the slime.",T2V_data/label/vidgen_filter_gemini_part_0_dpo_14/jAT3QkqAEkQ-Scene-0042/entity_60.mp4,T2V_data/label/vidgen_filter_gemini_part_0_dpo_14/jAT3QkqAEkQ-Scene-0042/entity_60.png
T2V_data/VIDGEN-1M_unzip/jJGubbeJKQY-Scene-0101.mp4,"The video shows a group of men working on a car in a garage. The car is missing its body, and the men are focused on the engine. They are using various tools to work on the engine, and one man is holding a camera, possibly recording the process. The garage is well-lit, and there are other cars and equipment visible in the background. The men are wearing casual clothing, and one of them is wearing a cap. The engine is blue, and there are wires and other mechanical parts visible. The men seem to be collaborating and communicating with each other as they work.",T2V_data/label/vidgen_filter_gemini_part_0_dpo_14/jJGubbeJKQY-Scene-0101/depth.mp4,T2V_data/label/vidgen_filter_gemini_part_0_dpo_14/jJGubbeJKQY-Scene-0101/entity_40.png
T2V_data/VIDGEN-1M_unzip/jJGubbeJKQY-Scene-0101.mp4,"The video shows a group of men working on a car in a garage. The car is missing its body, and the men are focused on the engine. They are using various tools to work on the engine, and one man is holding a camera, possibly recording the process. The garage is well-lit, and there are other cars and equipment visible in the background. The men are wearing casual clothing, and one of them is wearing a cap. The engine is blue, and there are wires and other mechanical parts visible. The men seem to be collaborating and communicating with each other as they work.",T2V_data/label/vidgen_filter_gemini_part_0_dpo_14/jJGubbeJKQY-Scene-0101/entity_40.mp4,T2V_data/label/vidgen_filter_gemini_part_0_dpo_14/jJGubbeJKQY-Scene-0101/entity_40.png
T2V_data/VIDGEN-1M_unzip/jNNQ3UbJpHg-Scene-0077.mp4,"In the video, we see a man wearing a black glove using a hydraulic jack to lift a car tire. The jack is attached to a metal frame with chains, and the man is using a wrench to loosen the lug nuts on the tire. The tire is lifted off the ground, and the man continues to work on the lug nuts. The background is a garage setting with a white wall and a wooden door.",T2V_data/label/vidgen_filter_gemini_part_0_dpo_14/jNNQ3UbJpHg-Scene-0077/depth.mp4,T2V_data/label/vidgen_filter_gemini_part_0_dpo_14/jNNQ3UbJpHg-Scene-0077/entity_60.png
T2V_data/VIDGEN-1M_unzip/jNNQ3UbJpHg-Scene-0077.mp4,"In the video, we see a man wearing a black glove using a hydraulic jack to lift a car tire. The jack is attached to a metal frame with chains, and the man is using a wrench to loosen the lug nuts on the tire. The tire is lifted off the ground, and the man continues to work on the lug nuts. The background is a garage setting with a white wall and a wooden door.",T2V_data/label/vidgen_filter_gemini_part_0_dpo_14/jNNQ3UbJpHg-Scene-0077/entity_60.mp4,T2V_data/label/vidgen_filter_gemini_part_0_dpo_14/jNNQ3UbJpHg-Scene-0077/entity_60.png
T2V_data/VIDGEN-1M_unzip/jTMg065se1E-Scene-0033.mp4,"In the video, a person is seen using a sponge to clean the hood of a red car. The person's hand is visible, and they are wearing a black shirt. The car's hood is shiny and appears to be well-maintained. The sponge is gray and is being used in circular motions to clean the surface of the car. The background is blurred, but it appears to be a garage or workshop setting.",T2V_data/label/vidgen_filter_gemini_part_0_dpo_14/jTMg065se1E-Scene-0033/depth.mp4,T2V_data/label/vidgen_filter_gemini_part_0_dpo_14/jTMg065se1E-Scene-0033/entity_20.png
T2V_data/VIDGEN-1M_unzip/jTMg065se1E-Scene-0033.mp4,"In the video, a person is seen using a sponge to clean the hood of a red car. The person's hand is visible, and they are wearing a black shirt. The car's hood is shiny and appears to be well-maintained. The sponge is gray and is being used in circular motions to clean the surface of the car. The background is blurred, but it appears to be a garage or workshop setting.",T2V_data/label/vidgen_filter_gemini_part_0_dpo_14/jTMg065se1E-Scene-0033/entity_20.mp4,T2V_data/label/vidgen_filter_gemini_part_0_dpo_14/jTMg065se1E-Scene-0033/entity_20.png
T2V_data/VIDGEN-1M_unzip/jVqNombCrYM-Scene-0023.mp4,"In the video, a person is seen holding a toy that is shaped like a robot. The robot is predominantly yellow with a purple base and has a smiling face on the front. The person's hand is visible as they press down on the robot's head, causing it to open and close its mouth. The background is a solid blue color, and there are no other objects or people visible in the video.",T2V_data/label/vidgen_filter_gemini_part_0_dpo_14/jVqNombCrYM-Scene-0023/depth.mp4,T2V_data/label/vidgen_filter_gemini_part_0_dpo_14/jVqNombCrYM-Scene-0023/entity_40.png
T2V_data/VIDGEN-1M_unzip/jVqNombCrYM-Scene-0023.mp4,"In the video, a person is seen holding a toy that is shaped like a robot. The robot is predominantly yellow with a purple base and has a smiling face on the front. The person's hand is visible as they press down on the robot's head, causing it to open and close its mouth. The background is a solid blue color, and there are no other objects or people visible in the video.",T2V_data/label/vidgen_filter_gemini_part_0_dpo_14/jVqNombCrYM-Scene-0023/entity_40.mp4,T2V_data/label/vidgen_filter_gemini_part_0_dpo_14/jVqNombCrYM-Scene-0023/entity_40.png
T2V_data/VIDGEN-1M_unzip/k5rVbm13sq4-Scene-0007.mp4,"In the video, two tigers are seen in a pool. One of the tigers is standing on the edge of the pool, while the other is already in the water. The tiger on the edge of the pool jumps into the water, causing a splash. The tiger in the water then swims towards the edge of the pool. The pool is surrounded by a rock wall and there are trees in the background. The tigers appear to be enjoying themselves as they play in the water.",T2V_data/label/vidgen_filter_gemini_part_0_dpo_14/k5rVbm13sq4-Scene-0007/depth.mp4,T2V_data/label/vidgen_filter_gemini_part_0_dpo_14/k5rVbm13sq4-Scene-0007/entity_20.png
T2V_data/VIDGEN-1M_unzip/k5rVbm13sq4-Scene-0007.mp4,"In the video, two tigers are seen in a pool. One of the tigers is standing on the edge of the pool, while the other is already in the water. The tiger on the edge of the pool jumps into the water, causing a splash. The tiger in the water then swims towards the edge of the pool. The pool is surrounded by a rock wall and there are trees in the background. The tigers appear to be enjoying themselves as they play in the water.",T2V_data/label/vidgen_filter_gemini_part_0_dpo_14/k5rVbm13sq4-Scene-0007/entity_20.mp4,T2V_data/label/vidgen_filter_gemini_part_0_dpo_14/k5rVbm13sq4-Scene-0007/entity_20.png
T2V_data/VIDGEN-1M_unzip/kEIyXodCd2k-Scene-0087.mp4,"The video shows a close-up of a person's hand holding a small, dark-colored object. The hand is smeared with mud and the object appears to be wet and dirty. The background consists of a muddy surface with various rocks and puddles of water. The person's hand moves slightly, but the object remains in the same position throughout the video.",T2V_data/label/vidgen_filter_gemini_part_0_dpo_14/kEIyXodCd2k-Scene-0087/depth.mp4,T2V_data/label/vidgen_filter_gemini_part_0_dpo_14/kEIyXodCd2k-Scene-0087/entity_40.png
T2V_data/VIDGEN-1M_unzip/kEIyXodCd2k-Scene-0087.mp4,"The video shows a close-up of a person's hand holding a small, dark-colored object. The hand is smeared with mud and the object appears to be wet and dirty. The background consists of a muddy surface with various rocks and puddles of water. The person's hand moves slightly, but the object remains in the same position throughout the video.",T2V_data/label/vidgen_filter_gemini_part_0_dpo_14/kEIyXodCd2k-Scene-0087/entity_40.mp4,T2V_data/label/vidgen_filter_gemini_part_0_dpo_14/kEIyXodCd2k-Scene-0087/entity_40.png
T2V_data/VIDGEN-1M_unzip/lav-SSmWmvQ-Scene-0635.mp4,"The video shows a young girl playing with a toy. She is wearing blue pajamas with white polka dots. The toy is a red and white robot with a yellow top. The girl pushes the robot, which moves forward. A baby then appears and tries to push the robot, but it does not move. The baby looks confused and tries again, but the robot still does not move.",T2V_data/label/vidgen_filter_gemini_part_0_dpo_14/lav-SSmWmvQ-Scene-0635/depth.mp4,T2V_data/label/vidgen_filter_gemini_part_0_dpo_14/lav-SSmWmvQ-Scene-0635/entity_40.png
T2V_data/VIDGEN-1M_unzip/lav-SSmWmvQ-Scene-0635.mp4,"The video shows a young girl playing with a toy. She is wearing blue pajamas with white polka dots. The toy is a red and white robot with a yellow top. The girl pushes the robot, which moves forward. A baby then appears and tries to push the robot, but it does not move. The baby looks confused and tries again, but the robot still does not move.",T2V_data/label/vidgen_filter_gemini_part_0_dpo_14/lav-SSmWmvQ-Scene-0635/entity_40.mp4,T2V_data/label/vidgen_filter_gemini_part_0_dpo_14/lav-SSmWmvQ-Scene-0635/entity_40.png
T2V_data/VIDGEN-1M_unzip/lmam9Jm7PvA-Scene-0676.mp4,"The video shows two men standing on a wooden bridge over a river. One man is wearing a blue shirt and jeans, while the other is wearing a brown jacket and black pants. They are both facing each other, and the man in the brown jacket is holding a gun. The man in the blue shirt is trying to defend himself, but the man in the brown jacket is aggressive and pushes him over the side of the bridge. The man in the blue shirt falls into the river, and the man in the brown jacket stands on the bridge, looking down at him. The background shows trees and mountains.",T2V_data/label/vidgen_filter_gemini_part_0_dpo_14/lmam9Jm7PvA-Scene-0676/depth.mp4,T2V_data/label/vidgen_filter_gemini_part_0_dpo_14/lmam9Jm7PvA-Scene-0676/entity_40.png
T2V_data/VIDGEN-1M_unzip/lmam9Jm7PvA-Scene-0676.mp4,"The video shows two men standing on a wooden bridge over a river. One man is wearing a blue shirt and jeans, while the other is wearing a brown jacket and black pants. They are both facing each other, and the man in the brown jacket is holding a gun. The man in the blue shirt is trying to defend himself, but the man in the brown jacket is aggressive and pushes him over the side of the bridge. The man in the blue shirt falls into the river, and the man in the brown jacket stands on the bridge, looking down at him. The background shows trees and mountains.",T2V_data/label/vidgen_filter_gemini_part_0_dpo_14/lmam9Jm7PvA-Scene-0676/entity_40.mp4,T2V_data/label/vidgen_filter_gemini_part_0_dpo_14/lmam9Jm7PvA-Scene-0676/entity_40.png
T2V_data/VIDGEN-1M_unzip/lruBUCGGwVs-Scene-0022.mp4,"The video shows a white dog with a black nose and mouth, holding a broom in its mouth. The dog is standing on a green deck, and there is a white box and a brown broom next to it. The dog appears to be playing with the broom, and its tongue is sticking out. The video is shot from a close-up angle, focusing on the dog's face and the broom.",T2V_data/label/vidgen_filter_gemini_part_0_dpo_14/lruBUCGGwVs-Scene-0022/depth.mp4,T2V_data/label/vidgen_filter_gemini_part_0_dpo_14/lruBUCGGwVs-Scene-0022/entity_40.png
T2V_data/VIDGEN-1M_unzip/lruBUCGGwVs-Scene-0022.mp4,"The video shows a white dog with a black nose and mouth, holding a broom in its mouth. The dog is standing on a green deck, and there is a white box and a brown broom next to it. The dog appears to be playing with the broom, and its tongue is sticking out. The video is shot from a close-up angle, focusing on the dog's face and the broom.",T2V_data/label/vidgen_filter_gemini_part_0_dpo_14/lruBUCGGwVs-Scene-0022/entity_40.mp4,T2V_data/label/vidgen_filter_gemini_part_0_dpo_14/lruBUCGGwVs-Scene-0022/entity_40.png
T2V_data/VIDGEN-1M_unzip/m-w3q1b8GRs-Scene-0157.mp4,"The video shows a robot with a red and white body and a blue face. The robot is standing on a green platform and is holding a white object in its hand. The robot then jumps off the platform and falls to the ground. The robot's face is shown close up, and it appears to be in pain. The robot is then shown lying on the ground with its eyes closed.",T2V_data/label/vidgen_filter_gemini_part_0_dpo_14/m-w3q1b8GRs-Scene-0157/depth.mp4,T2V_data/label/vidgen_filter_gemini_part_0_dpo_14/m-w3q1b8GRs-Scene-0157/entity_20.png
T2V_data/VIDGEN-1M_unzip/m-w3q1b8GRs-Scene-0157.mp4,"The video shows a robot with a red and white body and a blue face. The robot is standing on a green platform and is holding a white object in its hand. The robot then jumps off the platform and falls to the ground. The robot's face is shown close up, and it appears to be in pain. The robot is then shown lying on the ground with its eyes closed.",T2V_data/label/vidgen_filter_gemini_part_0_dpo_14/m-w3q1b8GRs-Scene-0157/entity_20.mp4,T2V_data/label/vidgen_filter_gemini_part_0_dpo_14/m-w3q1b8GRs-Scene-0157/entity_20.png
T2V_data/VIDGEN-1M_unzip/nDROgtdIQ48-Scene-0025.mp4,"In the video, a person is using a red mixer to mix a bowl of dough. The mixer is turned on, and the person holds the mixer's handle with one hand while the other hand is on the side of the mixer. The dough is being mixed and is turning into a smoother consistency. The person is wearing a red apron, and the mixer is placed on a black countertop. The video is shot from a close-up angle, focusing on the mixing process.",T2V_data/label/vidgen_filter_gemini_part_0_dpo_14/nDROgtdIQ48-Scene-0025/depth.mp4,T2V_data/label/vidgen_filter_gemini_part_0_dpo_14/nDROgtdIQ48-Scene-0025/entity_40.png
T2V_data/VIDGEN-1M_unzip/nDROgtdIQ48-Scene-0025.mp4,"In the video, a person is using a red mixer to mix a bowl of dough. The mixer is turned on, and the person holds the mixer's handle with one hand while the other hand is on the side of the mixer. The dough is being mixed and is turning into a smoother consistency. The person is wearing a red apron, and the mixer is placed on a black countertop. The video is shot from a close-up angle, focusing on the mixing process.",T2V_data/label/vidgen_filter_gemini_part_0_dpo_14/nDROgtdIQ48-Scene-0025/entity_40.mp4,T2V_data/label/vidgen_filter_gemini_part_0_dpo_14/nDROgtdIQ48-Scene-0025/entity_40.png
T2V_data/VIDGEN-1M_unzip/njU__yxIxKI-Scene-0011.mp4,"The video shows two people in a gym, both wearing white karate uniforms. They are standing on a mat with a circle drawn on it. The two individuals are facing each other and begin to perform a karate move. They both bend forward and grab each other's hands, then they push and pull each other in an attempt to gain the upper hand. Eventually, one of them manages to push the other to the ground, and they both end up lying on the mat. The gym is filled with other people who are watching the two individuals perform the karate move.",T2V_data/label/vidgen_filter_gemini_part_0_dpo_14/njU__yxIxKI-Scene-0011/depth.mp4,T2V_data/label/vidgen_filter_gemini_part_0_dpo_14/njU__yxIxKI-Scene-0011/entity_20.png
T2V_data/VIDGEN-1M_unzip/njU__yxIxKI-Scene-0011.mp4,"The video shows two people in a gym, both wearing white karate uniforms. They are standing on a mat with a circle drawn on it. The two individuals are facing each other and begin to perform a karate move. They both bend forward and grab each other's hands, then they push and pull each other in an attempt to gain the upper hand. Eventually, one of them manages to push the other to the ground, and they both end up lying on the mat. The gym is filled with other people who are watching the two individuals perform the karate move.",T2V_data/label/vidgen_filter_gemini_part_0_dpo_14/njU__yxIxKI-Scene-0011/entity_20.mp4,T2V_data/label/vidgen_filter_gemini_part_0_dpo_14/njU__yxIxKI-Scene-0011/entity_20.png
T2V_data/VIDGEN-1M_unzip/oA9yusFcUBM-Scene-0114.mp4,"In the video, a man is seen standing in a field with mountains in the background. He is wearing a black hat and a black coat. The man is holding a gun in his hand and appears to be preparing to shoot it. He takes aim and fires the gun, then lowers it and turns to face the camera. The man's expression is serious, and he seems focused on his target. The video is shot in slow motion, emphasizing the man's movements and the sound of the gun being fired. The colors in the video are muted, with the man's black clothing contrasting against the green of the field and the blue of the sky.",T2V_data/label/vidgen_filter_gemini_part_0_dpo_14/oA9yusFcUBM-Scene-0114/depth.mp4,T2V_data/label/vidgen_filter_gemini_part_0_dpo_14/oA9yusFcUBM-Scene-0114/entity_20.png
T2V_data/VIDGEN-1M_unzip/oA9yusFcUBM-Scene-0114.mp4,"In the video, a man is seen standing in a field with mountains in the background. He is wearing a black hat and a black coat. The man is holding a gun in his hand and appears to be preparing to shoot it. He takes aim and fires the gun, then lowers it and turns to face the camera. The man's expression is serious, and he seems focused on his target. The video is shot in slow motion, emphasizing the man's movements and the sound of the gun being fired. The colors in the video are muted, with the man's black clothing contrasting against the green of the field and the blue of the sky.",T2V_data/label/vidgen_filter_gemini_part_0_dpo_14/oA9yusFcUBM-Scene-0114/entity_20.mp4,T2V_data/label/vidgen_filter_gemini_part_0_dpo_14/oA9yusFcUBM-Scene-0114/entity_20.png
T2V_data/VIDGEN-1M_unzip/pOnEKHqbQzA-Scene-0293.mp4,"The video shows a waterfall cascading down a rocky cliff surrounded by lush greenery. The waterfall is medium-sized and the water flows into a calm pool below. Two people, a man and a woman, are seen swimming in the pool, enjoying the cool water. The man is wearing a red swimsuit and the woman is wearing a pink swimsuit. The sun is shining brightly, and the water sparkles as it falls. The sound of the waterfall can be heard in the background, adding to the serene atmosphere.",T2V_data/label/vidgen_filter_gemini_part_0_dpo_14/pOnEKHqbQzA-Scene-0293/depth.mp4,T2V_data/label/vidgen_filter_gemini_part_0_dpo_14/pOnEKHqbQzA-Scene-0293/entity_20.png
T2V_data/VIDGEN-1M_unzip/pOnEKHqbQzA-Scene-0293.mp4,"The video shows a waterfall cascading down a rocky cliff surrounded by lush greenery. The waterfall is medium-sized and the water flows into a calm pool below. Two people, a man and a woman, are seen swimming in the pool, enjoying the cool water. The man is wearing a red swimsuit and the woman is wearing a pink swimsuit. The sun is shining brightly, and the water sparkles as it falls. The sound of the waterfall can be heard in the background, adding to the serene atmosphere.",T2V_data/label/vidgen_filter_gemini_part_0_dpo_14/pOnEKHqbQzA-Scene-0293/entity_20.mp4,T2V_data/label/vidgen_filter_gemini_part_0_dpo_14/pOnEKHqbQzA-Scene-0293/entity_20.png
T2V_data/VIDGEN-1M_unzip/q6SORDeg9zs-Scene-0036.mp4,"The video features a large waterfall cascading down a rocky cliff. The waterfall is surrounded by lush greenery and trees. The water is flowing rapidly and creating a mist as it hits the rocks below. The sun is shining brightly, and the water glistens as it falls. The sound of the water can be heard in the background.",T2V_data/label/vidgen_filter_gemini_part_0_dpo_14/q6SORDeg9zs-Scene-0036/depth.mp4,T2V_data/label/vidgen_filter_gemini_part_0_dpo_14/q6SORDeg9zs-Scene-0036/entity_40.png
T2V_data/VIDGEN-1M_unzip/q6SORDeg9zs-Scene-0036.mp4,"The video features a large waterfall cascading down a rocky cliff. The waterfall is surrounded by lush greenery and trees. The water is flowing rapidly and creating a mist as it hits the rocks below. The sun is shining brightly, and the water glistens as it falls. The sound of the water can be heard in the background.",T2V_data/label/vidgen_filter_gemini_part_0_dpo_14/q6SORDeg9zs-Scene-0036/entity_40.mp4,T2V_data/label/vidgen_filter_gemini_part_0_dpo_14/q6SORDeg9zs-Scene-0036/entity_40.png
T2V_data/VIDGEN-1M_unzip/q6SORDeg9zs-Scene-0036.mp4,"The video features a large waterfall cascading down a rocky cliff. The waterfall is surrounded by lush greenery and trees. The water is flowing rapidly and creating a mist as it hits the rocks below. The sun is shining brightly, and the water glistens as it falls. The sound of the water can be heard in the background.",T2V_data/label/vidgen_filter_gemini_part_0_dpo_14/q6SORDeg9zs-Scene-0036/depth.mp4,T2V_data/label/vidgen_filter_gemini_part_0_dpo_14/q6SORDeg9zs-Scene-0036/entity_60.png
T2V_data/VIDGEN-1M_unzip/q6SORDeg9zs-Scene-0036.mp4,"The video features a large waterfall cascading down a rocky cliff. The waterfall is surrounded by lush greenery and trees. The water is flowing rapidly and creating a mist as it hits the rocks below. The sun is shining brightly, and the water glistens as it falls. The sound of the water can be heard in the background.",T2V_data/label/vidgen_filter_gemini_part_0_dpo_14/q6SORDeg9zs-Scene-0036/entity_60.mp4,T2V_data/label/vidgen_filter_gemini_part_0_dpo_14/q6SORDeg9zs-Scene-0036/entity_60.png
T2V_data/VIDGEN-1M_unzip/qTuefAjgT9g-Scene-0006.mp4,"In the video, a person is seen holding a rock in a blue bowl filled with water. The rock is being used to crush something, possibly grains or seeds, as small particles can be seen floating in the water. The person's hand is visible, and they are applying pressure to the rock to grind the contents. The water is clear, and the rock is dark in color with a rough texture. The bowl appears to be made of plastic and is sitting on a surface that is not visible in the video.",T2V_data/label/vidgen_filter_gemini_part_0_dpo_14/qTuefAjgT9g-Scene-0006/depth.mp4,T2V_data/label/vidgen_filter_gemini_part_0_dpo_14/qTuefAjgT9g-Scene-0006/entity_20.png
T2V_data/VIDGEN-1M_unzip/qTuefAjgT9g-Scene-0006.mp4,"In the video, a person is seen holding a rock in a blue bowl filled with water. The rock is being used to crush something, possibly grains or seeds, as small particles can be seen floating in the water. The person's hand is visible, and they are applying pressure to the rock to grind the contents. The water is clear, and the rock is dark in color with a rough texture. The bowl appears to be made of plastic and is sitting on a surface that is not visible in the video.",T2V_data/label/vidgen_filter_gemini_part_0_dpo_14/qTuefAjgT9g-Scene-0006/entity_20.mp4,T2V_data/label/vidgen_filter_gemini_part_0_dpo_14/qTuefAjgT9g-Scene-0006/entity_20.png
T2V_data/VIDGEN-1M_unzip/qgBdlOlHP_8-Scene-0074.mp4,The video shows a person riding a motorcycle on a road. The rider is wearing a red helmet and a red jacket. The motorcycle is red and white. The rider is leaning into a turn on the road. The road has a yellow line on the side. There are trees and bushes on the side of the road.,T2V_data/label/vidgen_filter_gemini_part_0_dpo_14/qgBdlOlHP_8-Scene-0074/depth.mp4,T2V_data/label/vidgen_filter_gemini_part_0_dpo_14/qgBdlOlHP_8-Scene-0074/entity_20.png
T2V_data/VIDGEN-1M_unzip/qgBdlOlHP_8-Scene-0074.mp4,The video shows a person riding a motorcycle on a road. The rider is wearing a red helmet and a red jacket. The motorcycle is red and white. The rider is leaning into a turn on the road. The road has a yellow line on the side. There are trees and bushes on the side of the road.,T2V_data/label/vidgen_filter_gemini_part_0_dpo_14/qgBdlOlHP_8-Scene-0074/entity_20.mp4,T2V_data/label/vidgen_filter_gemini_part_0_dpo_14/qgBdlOlHP_8-Scene-0074/entity_20.png
T2V_data/VIDGEN-1M_unzip/rneq9TG4Rss-Scene-0010.mp4,"The video shows a close-up of a person's hands holding a digital caliper. The caliper is being used to measure the width of a metal object. The person is adjusting the caliper's jaws to get an accurate measurement. The digital screen of the caliper displays the measurement in millimeters. The background is blurred, but it appears to be a workshop or garage setting.",T2V_data/label/vidgen_filter_gemini_part_0_dpo_14/rneq9TG4Rss-Scene-0010/depth.mp4,T2V_data/label/vidgen_filter_gemini_part_0_dpo_14/rneq9TG4Rss-Scene-0010/entity_40.png
T2V_data/VIDGEN-1M_unzip/rneq9TG4Rss-Scene-0010.mp4,"The video shows a close-up of a person's hands holding a digital caliper. The caliper is being used to measure the width of a metal object. The person is adjusting the caliper's jaws to get an accurate measurement. The digital screen of the caliper displays the measurement in millimeters. The background is blurred, but it appears to be a workshop or garage setting.",T2V_data/label/vidgen_filter_gemini_part_0_dpo_14/rneq9TG4Rss-Scene-0010/entity_40.mp4,T2V_data/label/vidgen_filter_gemini_part_0_dpo_14/rneq9TG4Rss-Scene-0010/entity_40.png
T2V_data/VIDGEN-1M_unzip/rneq9TG4Rss-Scene-0010.mp4,"The video shows a close-up of a person's hands holding a digital caliper. The caliper is being used to measure the width of a metal object. The person is adjusting the caliper's jaws to get an accurate measurement. The digital screen of the caliper displays the measurement in millimeters. The background is blurred, but it appears to be a workshop or garage setting.",T2V_data/label/vidgen_filter_gemini_part_0_dpo_14/rneq9TG4Rss-Scene-0010/depth.mp4,T2V_data/label/vidgen_filter_gemini_part_0_dpo_14/rneq9TG4Rss-Scene-0010/entity_60.png
T2V_data/VIDGEN-1M_unzip/rneq9TG4Rss-Scene-0010.mp4,"The video shows a close-up of a person's hands holding a digital caliper. The caliper is being used to measure the width of a metal object. The person is adjusting the caliper's jaws to get an accurate measurement. The digital screen of the caliper displays the measurement in millimeters. The background is blurred, but it appears to be a workshop or garage setting.",T2V_data/label/vidgen_filter_gemini_part_0_dpo_14/rneq9TG4Rss-Scene-0010/entity_60.mp4,T2V_data/label/vidgen_filter_gemini_part_0_dpo_14/rneq9TG4Rss-Scene-0010/entity_60.png
T2V_data/VIDGEN-1M_unzip/t3P6bLTUUSc-Scene-0110.mp4,"The video shows a man using a wooden tool to chop a piece of wood. The tool is made of wood and has a handle on one end and a sharp blade on the other. The man places the blade on a piece of wood and uses the handle to push down, splitting the wood into two pieces. The man is wearing a green shirt and has tattoos on his arms. The background is a forest with trees and foliage.",T2V_data/label/vidgen_filter_gemini_part_0_dpo_14/t3P6bLTUUSc-Scene-0110/depth.mp4,T2V_data/label/vidgen_filter_gemini_part_0_dpo_14/t3P6bLTUUSc-Scene-0110/entity_60.png
T2V_data/VIDGEN-1M_unzip/t3P6bLTUUSc-Scene-0110.mp4,"The video shows a man using a wooden tool to chop a piece of wood. The tool is made of wood and has a handle on one end and a sharp blade on the other. The man places the blade on a piece of wood and uses the handle to push down, splitting the wood into two pieces. The man is wearing a green shirt and has tattoos on his arms. The background is a forest with trees and foliage.",T2V_data/label/vidgen_filter_gemini_part_0_dpo_14/t3P6bLTUUSc-Scene-0110/entity_60.mp4,T2V_data/label/vidgen_filter_gemini_part_0_dpo_14/t3P6bLTUUSc-Scene-0110/entity_60.png
T2V_data/VIDGEN-1M_unzip/uZ7Cw8n-Njs-Scene-0049.mp4,"In the video, a woman is seen lifting a barbell in a gym. She is wearing a gray tank top and pink shorts. The woman is standing in front of a mirror, and she is holding the barbell with both hands. She lifts the barbell up and down several times, and then she drops it on the ground. The gym is well-lit, and there are several other pieces of exercise equipment visible in the background.",T2V_data/label/vidgen_filter_gemini_part_0_dpo_14/uZ7Cw8n-Njs-Scene-0049/depth.mp4,T2V_data/label/vidgen_filter_gemini_part_0_dpo_14/uZ7Cw8n-Njs-Scene-0049/entity_40.png
T2V_data/VIDGEN-1M_unzip/uZ7Cw8n-Njs-Scene-0049.mp4,"In the video, a woman is seen lifting a barbell in a gym. She is wearing a gray tank top and pink shorts. The woman is standing in front of a mirror, and she is holding the barbell with both hands. She lifts the barbell up and down several times, and then she drops it on the ground. The gym is well-lit, and there are several other pieces of exercise equipment visible in the background.",T2V_data/label/vidgen_filter_gemini_part_0_dpo_14/uZ7Cw8n-Njs-Scene-0049/entity_40.mp4,T2V_data/label/vidgen_filter_gemini_part_0_dpo_14/uZ7Cw8n-Njs-Scene-0049/entity_40.png
T2V_data/VIDGEN-1M_unzip/uy1gDXMZM3s-Scene-0068.mp4,"The video shows a person's hands shaping a piece of orange clay into a pig's head. The hands are seen pressing and molding the clay to form the pig's facial features, including the eyes, nose, and mouth. The person's fingers are visible, and they use a tool to refine the details of the pig's face. The background is white, and there is no visible text or subtitles.",T2V_data/label/vidgen_filter_gemini_part_0_dpo_14/uy1gDXMZM3s-Scene-0068/depth.mp4,T2V_data/label/vidgen_filter_gemini_part_0_dpo_14/uy1gDXMZM3s-Scene-0068/entity_20.png
T2V_data/VIDGEN-1M_unzip/uy1gDXMZM3s-Scene-0068.mp4,"The video shows a person's hands shaping a piece of orange clay into a pig's head. The hands are seen pressing and molding the clay to form the pig's facial features, including the eyes, nose, and mouth. The person's fingers are visible, and they use a tool to refine the details of the pig's face. The background is white, and there is no visible text or subtitles.",T2V_data/label/vidgen_filter_gemini_part_0_dpo_14/uy1gDXMZM3s-Scene-0068/entity_20.mp4,T2V_data/label/vidgen_filter_gemini_part_0_dpo_14/uy1gDXMZM3s-Scene-0068/entity_20.png
T2V_data/VIDGEN-1M_unzip/vTYDgZWijsU-Scene-0004.mp4,"The video shows a woman wearing a black tank top and a black bandana on her head. She is sitting on a bench and holding a shoe in her hands. The woman is stretching the shoe with both hands, pulling it towards her face. The background is a track and field area with a red running track and green grass. The woman appears to be focused on the stretching exercise, and there is no one else visible in the video.",T2V_data/label/vidgen_filter_gemini_part_0_dpo_14/vTYDgZWijsU-Scene-0004/depth.mp4,T2V_data/label/vidgen_filter_gemini_part_0_dpo_14/vTYDgZWijsU-Scene-0004/entity_20.png
T2V_data/VIDGEN-1M_unzip/vTYDgZWijsU-Scene-0004.mp4,"The video shows a woman wearing a black tank top and a black bandana on her head. She is sitting on a bench and holding a shoe in her hands. The woman is stretching the shoe with both hands, pulling it towards her face. The background is a track and field area with a red running track and green grass. The woman appears to be focused on the stretching exercise, and there is no one else visible in the video.",T2V_data/label/vidgen_filter_gemini_part_0_dpo_14/vTYDgZWijsU-Scene-0004/entity_20.mp4,T2V_data/label/vidgen_filter_gemini_part_0_dpo_14/vTYDgZWijsU-Scene-0004/entity_20.png
T2V_data/VIDGEN-1M_unzip/vbneBMOQE98-Scene-0007.mp4,"The video shows a close-up of a person's hand using a chisel to carve a piece of wood. The chisel is being pushed down into the wood, causing small pieces of wood to fall off. The wood is light brown and appears to be a piece of furniture or a wooden object. The background is blurred, but it seems to be a workshop or a woodworking area.",T2V_data/label/vidgen_filter_gemini_part_0_dpo_14/vbneBMOQE98-Scene-0007/depth.mp4,T2V_data/label/vidgen_filter_gemini_part_0_dpo_14/vbneBMOQE98-Scene-0007/entity_20.png
T2V_data/VIDGEN-1M_unzip/vbneBMOQE98-Scene-0007.mp4,"The video shows a close-up of a person's hand using a chisel to carve a piece of wood. The chisel is being pushed down into the wood, causing small pieces of wood to fall off. The wood is light brown and appears to be a piece of furniture or a wooden object. The background is blurred, but it seems to be a workshop or a woodworking area.",T2V_data/label/vidgen_filter_gemini_part_0_dpo_14/vbneBMOQE98-Scene-0007/entity_20.mp4,T2V_data/label/vidgen_filter_gemini_part_0_dpo_14/vbneBMOQE98-Scene-0007/entity_20.png
T2V_data/VIDGEN-1M_unzip/vbneBMOQE98-Scene-0007.mp4,"The video shows a close-up of a person's hand using a chisel to carve a piece of wood. The chisel is being pushed down into the wood, causing small pieces of wood to fall off. The wood is light brown and appears to be a piece of furniture or a wooden object. The background is blurred, but it seems to be a workshop or a woodworking area.",T2V_data/label/vidgen_filter_gemini_part_0_dpo_14/vbneBMOQE98-Scene-0007/depth.mp4,T2V_data/label/vidgen_filter_gemini_part_0_dpo_14/vbneBMOQE98-Scene-0007/entity_40.png
T2V_data/VIDGEN-1M_unzip/vbneBMOQE98-Scene-0007.mp4,"The video shows a close-up of a person's hand using a chisel to carve a piece of wood. The chisel is being pushed down into the wood, causing small pieces of wood to fall off. The wood is light brown and appears to be a piece of furniture or a wooden object. The background is blurred, but it seems to be a workshop or a woodworking area.",T2V_data/label/vidgen_filter_gemini_part_0_dpo_14/vbneBMOQE98-Scene-0007/entity_40.mp4,T2V_data/label/vidgen_filter_gemini_part_0_dpo_14/vbneBMOQE98-Scene-0007/entity_40.png
T2V_data/VIDGEN-1M_unzip/vyxKw0T9RGE-Scene-0013.mp4,"The video shows a mixed martial arts fight between two women in a ring. One woman is wearing black shorts with a white design and the other is wearing black shorts with a red design. Both women are wearing gloves and have tattoos on their bodies. The woman in black shorts with the white design is on top of the other woman, trying to pin her down. The woman in black shorts with the red design is trying to break free and get out of the pin. The ring has a black cage around it and there are logos on the mat.",T2V_data/label/vidgen_filter_gemini_part_0_dpo_14/vyxKw0T9RGE-Scene-0013/depth.mp4,T2V_data/label/vidgen_filter_gemini_part_0_dpo_14/vyxKw0T9RGE-Scene-0013/entity_20.png
T2V_data/VIDGEN-1M_unzip/vyxKw0T9RGE-Scene-0013.mp4,"The video shows a mixed martial arts fight between two women in a ring. One woman is wearing black shorts with a white design and the other is wearing black shorts with a red design. Both women are wearing gloves and have tattoos on their bodies. The woman in black shorts with the white design is on top of the other woman, trying to pin her down. The woman in black shorts with the red design is trying to break free and get out of the pin. The ring has a black cage around it and there are logos on the mat.",T2V_data/label/vidgen_filter_gemini_part_0_dpo_14/vyxKw0T9RGE-Scene-0013/entity_20.mp4,T2V_data/label/vidgen_filter_gemini_part_0_dpo_14/vyxKw0T9RGE-Scene-0013/entity_20.png
T2V_data/VIDGEN-1M_unzip/wLmiWPHPqhU-Scene-0047.mp4,"The video shows a person using a small metal tool to pry open the charging port of a blue smartphone. The person is holding the phone in one hand and the tool in the other, carefully inserting the tool into the port and pushing it open. The phone appears to be an OnePlus model, as indicated by the logo on the back. The person's hands are visible, but their face is not shown. The background is a plain white surface.",T2V_data/label/vidgen_filter_gemini_part_0_dpo_14/wLmiWPHPqhU-Scene-0047/depth.mp4,T2V_data/label/vidgen_filter_gemini_part_0_dpo_14/wLmiWPHPqhU-Scene-0047/entity_80.png
T2V_data/VIDGEN-1M_unzip/wLmiWPHPqhU-Scene-0047.mp4,"The video shows a person using a small metal tool to pry open the charging port of a blue smartphone. The person is holding the phone in one hand and the tool in the other, carefully inserting the tool into the port and pushing it open. The phone appears to be an OnePlus model, as indicated by the logo on the back. The person's hands are visible, but their face is not shown. The background is a plain white surface.",T2V_data/label/vidgen_filter_gemini_part_0_dpo_14/wLmiWPHPqhU-Scene-0047/entity_80.mp4,T2V_data/label/vidgen_filter_gemini_part_0_dpo_14/wLmiWPHPqhU-Scene-0047/entity_80.png
T2V_data/VIDGEN-1M_unzip/x8qVS3RApQ0-Scene-0149.mp4,"The video shows two men wearing hats and sunglasses, one in a blue shirt and the other in a black shirt, pushing a large hay bale. The hay bale is wrapped in twine and is placed on a wooden pallet. The men are pushing the hay bale towards the camera, and the man in the blue shirt is speaking to the camera. The background consists of a dirt field with some trees and a clear blue sky.",T2V_data/label/vidgen_filter_gemini_part_0_dpo_14/x8qVS3RApQ0-Scene-0149/depth.mp4,T2V_data/label/vidgen_filter_gemini_part_0_dpo_14/x8qVS3RApQ0-Scene-0149/entity_20.png
T2V_data/VIDGEN-1M_unzip/x8qVS3RApQ0-Scene-0149.mp4,"The video shows two men wearing hats and sunglasses, one in a blue shirt and the other in a black shirt, pushing a large hay bale. The hay bale is wrapped in twine and is placed on a wooden pallet. The men are pushing the hay bale towards the camera, and the man in the blue shirt is speaking to the camera. The background consists of a dirt field with some trees and a clear blue sky.",T2V_data/label/vidgen_filter_gemini_part_0_dpo_14/x8qVS3RApQ0-Scene-0149/entity_20.mp4,T2V_data/label/vidgen_filter_gemini_part_0_dpo_14/x8qVS3RApQ0-Scene-0149/entity_20.png
T2V_data/VIDGEN-1M_unzip/xbOGjx5HtDg-Scene-0007.mp4,"The video shows a person in a white shirt holding a key in their right hand and a lock in their left hand. The person is using the key to demonstrate how to pick a lock. The key is inserted into the lock, and the person is seen manipulating the key with their fingers. The person's actions are deliberate and precise, indicating that they are experienced in lockpicking. The background is neutral and blurred, drawing attention to the person's hands and the lock.",T2V_data/label/vidgen_filter_gemini_part_0_dpo_14/xbOGjx5HtDg-Scene-0007/depth.mp4,T2V_data/label/vidgen_filter_gemini_part_0_dpo_14/xbOGjx5HtDg-Scene-0007/entity_40.png
T2V_data/VIDGEN-1M_unzip/xbOGjx5HtDg-Scene-0007.mp4,"The video shows a person in a white shirt holding a key in their right hand and a lock in their left hand. The person is using the key to demonstrate how to pick a lock. The key is inserted into the lock, and the person is seen manipulating the key with their fingers. The person's actions are deliberate and precise, indicating that they are experienced in lockpicking. The background is neutral and blurred, drawing attention to the person's hands and the lock.",T2V_data/label/vidgen_filter_gemini_part_0_dpo_14/xbOGjx5HtDg-Scene-0007/entity_40.mp4,T2V_data/label/vidgen_filter_gemini_part_0_dpo_14/xbOGjx5HtDg-Scene-0007/entity_40.png
T2V_data/VIDGEN-1M_unzip/z_PdJVfVCcg-Scene-0024.mp4,"In the video, a person is seen using a hammer to shape a piece of metal. The metal is glowing red hot, indicating that it has been heated to a high temperature. The person is wearing protective gear, including gloves and a welding mask, to shield themselves from the heat. The background is dark and blurry, focusing the viewer's attention on the metalworking process. The person's movements are precise and deliberate, suggesting that they are experienced in this type of work. The video does not contain any visible text or subtitles.",T2V_data/label/vidgen_filter_gemini_part_0_dpo_14/z_PdJVfVCcg-Scene-0024/depth.mp4,T2V_data/label/vidgen_filter_gemini_part_0_dpo_14/z_PdJVfVCcg-Scene-0024/entity_20.png
T2V_data/VIDGEN-1M_unzip/z_PdJVfVCcg-Scene-0024.mp4,"In the video, a person is seen using a hammer to shape a piece of metal. The metal is glowing red hot, indicating that it has been heated to a high temperature. The person is wearing protective gear, including gloves and a welding mask, to shield themselves from the heat. The background is dark and blurry, focusing the viewer's attention on the metalworking process. The person's movements are precise and deliberate, suggesting that they are experienced in this type of work. The video does not contain any visible text or subtitles.",T2V_data/label/vidgen_filter_gemini_part_0_dpo_14/z_PdJVfVCcg-Scene-0024/entity_20.mp4,T2V_data/label/vidgen_filter_gemini_part_0_dpo_14/z_PdJVfVCcg-Scene-0024/entity_20.png
T2V_data/VIDGEN-1M_unzip/z_PdJVfVCcg-Scene-0024.mp4,"In the video, a person is seen using a hammer to shape a piece of metal. The metal is glowing red hot, indicating that it has been heated to a high temperature. The person is wearing protective gear, including gloves and a welding mask, to shield themselves from the heat. The background is dark and blurry, focusing the viewer's attention on the metalworking process. The person's movements are precise and deliberate, suggesting that they are experienced in this type of work. The video does not contain any visible text or subtitles.",T2V_data/label/vidgen_filter_gemini_part_0_dpo_14/z_PdJVfVCcg-Scene-0024/depth.mp4,T2V_data/label/vidgen_filter_gemini_part_0_dpo_14/z_PdJVfVCcg-Scene-0024/entity_40.png
T2V_data/VIDGEN-1M_unzip/z_PdJVfVCcg-Scene-0024.mp4,"In the video, a person is seen using a hammer to shape a piece of metal. The metal is glowing red hot, indicating that it has been heated to a high temperature. The person is wearing protective gear, including gloves and a welding mask, to shield themselves from the heat. The background is dark and blurry, focusing the viewer's attention on the metalworking process. The person's movements are precise and deliberate, suggesting that they are experienced in this type of work. The video does not contain any visible text or subtitles.",T2V_data/label/vidgen_filter_gemini_part_0_dpo_14/z_PdJVfVCcg-Scene-0024/entity_40.mp4,T2V_data/label/vidgen_filter_gemini_part_0_dpo_14/z_PdJVfVCcg-Scene-0024/entity_40.png
T2V_data/VIDGEN-1M_unzip/z_PdJVfVCcg-Scene-0024.mp4,"In the video, a person is seen using a hammer to shape a piece of metal. The metal is glowing red hot, indicating that it has been heated to a high temperature. The person is wearing protective gear, including gloves and a welding mask, to shield themselves from the heat. The background is dark and blurry, focusing the viewer's attention on the metalworking process. The person's movements are precise and deliberate, suggesting that they are experienced in this type of work. The video does not contain any visible text or subtitles.",T2V_data/label/vidgen_filter_gemini_part_0_dpo_14/z_PdJVfVCcg-Scene-0024/depth.mp4,T2V_data/label/vidgen_filter_gemini_part_0_dpo_14/z_PdJVfVCcg-Scene-0024/entity_60.png
T2V_data/VIDGEN-1M_unzip/z_PdJVfVCcg-Scene-0024.mp4,"In the video, a person is seen using a hammer to shape a piece of metal. The metal is glowing red hot, indicating that it has been heated to a high temperature. The person is wearing protective gear, including gloves and a welding mask, to shield themselves from the heat. The background is dark and blurry, focusing the viewer's attention on the metalworking process. The person's movements are precise and deliberate, suggesting that they are experienced in this type of work. The video does not contain any visible text or subtitles.",T2V_data/label/vidgen_filter_gemini_part_0_dpo_14/z_PdJVfVCcg-Scene-0024/entity_60.mp4,T2V_data/label/vidgen_filter_gemini_part_0_dpo_14/z_PdJVfVCcg-Scene-0024/entity_60.png
