video,prompt,vace_video,vace_reference_image
T2V_data/VIDGEN-1M_unzip/-OYEvO8Wz0Y-Scene-0020.mp4,"In the video, a person is seen holding a green toy train with black wheels in their hand. The person then places the train on the floor and pushes it along. The train is then picked up and placed on a blue toy train station. The person then pushes the train along the station.",T2V_data/label/vidgen_filter_gemini_part_0_dpo_9/-OYEvO8Wz0Y-Scene-0020/depth.mp4,T2V_data/label/vidgen_filter_gemini_part_0_dpo_9/-OYEvO8Wz0Y-Scene-0020/aug_entity_40.png
T2V_data/VIDGEN-1M_unzip/-pTDF6R9-RA-Scene-0011.mp4,"The video shows a person's hands holding a small motor and a circuit board. The person is using a tool to remove the wires from the motor. The motor is made of metal and has a cylindrical shape. The circuit board is rectangular and has several wires attached to it. The person's hands are steady as they work on the motor, and they appear to be experienced in handling the tools and components. The background is a plain surface, which helps to keep the focus on the task at hand.",T2V_data/label/vidgen_filter_gemini_part_0_dpo_9/-pTDF6R9-RA-Scene-0011/depth.mp4,T2V_data/label/vidgen_filter_gemini_part_0_dpo_9/-pTDF6R9-RA-Scene-0011/aug_entity_40.png
T2V_data/VIDGEN-1M_unzip/-v7FujAXg4Q-Scene-0013.mp4,"In the video, a person is seen holding a sleeve anchor in their hand. The anchor is made of metal and has a hexagonal head. The person then proceeds to insert the anchor into a hole that has been drilled into a piece of wood. The wood appears to be a light brown color and has a rough texture. The person uses their fingers to push the anchor into the hole until it is fully inserted. The video is shot in close-up, allowing for a clear view of the anchor and the wood.",T2V_data/label/vidgen_filter_gemini_part_0_dpo_9/-v7FujAXg4Q-Scene-0013/depth.mp4,T2V_data/label/vidgen_filter_gemini_part_0_dpo_9/-v7FujAXg4Q-Scene-0013/aug_entity_20.png
T2V_data/VIDGEN-1M_unzip/05ITo43pEF8-Scene-0106.mp4,"In the video, a person is seen working on a wooden surface. The person is using a tool to shape a piece of wood. The tool appears to be a chisel or a similar woodworking tool. The person is wearing a black shirt and is focused on the task at hand. The wooden surface has a few other pieces of wood on it, suggesting that this might be a workshop or a woodworking area. The lighting in the room is bright, and the person's movements are deliberate and precise. The video does not provide any audio, so it is unclear what the person is saying or thinking. Overall, the video captures a moment of concentration and skill in the process of woodworking.",T2V_data/label/vidgen_filter_gemini_part_0_dpo_9/05ITo43pEF8-Scene-0106/depth.mp4,T2V_data/label/vidgen_filter_gemini_part_0_dpo_9/05ITo43pEF8-Scene-0106/aug_entity_40.png
T2V_data/VIDGEN-1M_unzip/0B3a-G89bIM-Scene-0063.mp4,"In the video, a man is seen standing next to a red car. He is wearing a pink shirt and appears to be in the process of installing a sunroof on the car. The man is holding a large piece of glass, which is the sunroof, and is carefully placing it into the car's roof. He uses his hands to adjust the position of the glass and ensure that it is properly aligned. The car is parked in a driveway, and there is a house visible in the background. The man seems to be focused on his task, and there is no one else visible in the video.",T2V_data/label/vidgen_filter_gemini_part_0_dpo_9/0B3a-G89bIM-Scene-0063/depth.mp4,T2V_data/label/vidgen_filter_gemini_part_0_dpo_9/0B3a-G89bIM-Scene-0063/aug_entity_20.png
T2V_data/VIDGEN-1M_unzip/0DDzT7DT2zw-Scene-0039.mp4,"The video shows a person wearing gloves using a hammer and chisel to chip away at a rock. The person is wearing a black jacket and blue gloves. The rock is large and appears to be embedded in the ground. The person is using the hammer to break off pieces of the rock, and the chisel is used to pry off larger chunks. The background is not visible, but the focus is on the person's hands and the rock.",T2V_data/label/vidgen_filter_gemini_part_0_dpo_9/0DDzT7DT2zw-Scene-0039/depth.mp4,T2V_data/label/vidgen_filter_gemini_part_0_dpo_9/0DDzT7DT2zw-Scene-0039/aug_entity_20.png
T2V_data/VIDGEN-1M_unzip/0Ks4fdizUUY-Scene-0035.mp4,"The video shows a person's hand holding a clear glass under a water dispenser. The person presses a button on the dispenser, and water starts to flow into the glass. The person then removes the glass from the dispenser.",T2V_data/label/vidgen_filter_gemini_part_0_dpo_9/0Ks4fdizUUY-Scene-0035/depth.mp4,T2V_data/label/vidgen_filter_gemini_part_0_dpo_9/0Ks4fdizUUY-Scene-0035/aug_entity_20.png
T2V_data/VIDGEN-1M_unzip/0Ks4fdizUUY-Scene-0035.mp4,"The video shows a person's hand holding a clear glass under a water dispenser. The person presses a button on the dispenser, and water starts to flow into the glass. The person then removes the glass from the dispenser.",T2V_data/label/vidgen_filter_gemini_part_0_dpo_9/0Ks4fdizUUY-Scene-0035/depth.mp4,T2V_data/label/vidgen_filter_gemini_part_0_dpo_9/0Ks4fdizUUY-Scene-0035/aug_entity_60.png
T2V_data/VIDGEN-1M_unzip/0hab-GcwL2k-Scene-0037.mp4,"In the video, a man is seen holding a large knife in his right hand and a bamboo stick in his left hand. He is standing in a grassy area with some plants around him. The man is wearing a blue shirt and black shorts. He uses the knife to cut the bamboo stick into two pieces. The bamboo stick is yellow in color, and the knife has a silver blade with a black handle. The man's movements are precise and controlled as he cuts through the bamboo stick with ease.",T2V_data/label/vidgen_filter_gemini_part_0_dpo_9/0hab-GcwL2k-Scene-0037/depth.mp4,T2V_data/label/vidgen_filter_gemini_part_0_dpo_9/0hab-GcwL2k-Scene-0037/aug_entity_40.png
T2V_data/VIDGEN-1M_unzip/0kG1FRzk1IU-Scene-0051.mp4,"The video shows a hockey game in progress. The players are wearing uniforms and are skating on the ice. One player is seen making a shot on goal, and the goalie is trying to block it. The crowd is cheering in the background.",T2V_data/label/vidgen_filter_gemini_part_0_dpo_9/0kG1FRzk1IU-Scene-0051/depth.mp4,T2V_data/label/vidgen_filter_gemini_part_0_dpo_9/0kG1FRzk1IU-Scene-0051/aug_entity_20.png
T2V_data/VIDGEN-1M_unzip/0lf1IT7JhhI-Scene-0092.mp4,"In the video, we see a woman in a green bikini climbing up a white ladder on a boat. She is barefoot and appears to be struggling to climb. The boat is surrounded by clear blue water and there are other people on the boat, including a man in a blue shirt who is standing on the deck. The woman eventually makes it to the top of the ladder and stands next to another woman who is already on the boat. The sky is clear and blue, indicating good weather.",T2V_data/label/vidgen_filter_gemini_part_0_dpo_9/0lf1IT7JhhI-Scene-0092/depth.mp4,T2V_data/label/vidgen_filter_gemini_part_0_dpo_9/0lf1IT7JhhI-Scene-0092/aug_entity_20.png
T2V_data/VIDGEN-1M_unzip/0sAQarfJBks-Scene-0095.mp4,"The video shows a close-up of a person's hands holding a smartphone. The person's fingernails are painted with a light pink polish, and they are wearing a white shirt. The smartphone appears to be white with a black screen bezel. The person's hands are gently holding the phone, and their thumb is actively swiping on the screen. The background is blurred, but it seems to be an indoor setting with neutral colors.",T2V_data/label/vidgen_filter_gemini_part_0_dpo_9/0sAQarfJBks-Scene-0095/depth.mp4,T2V_data/label/vidgen_filter_gemini_part_0_dpo_9/0sAQarfJBks-Scene-0095/aug_entity_40.png
T2V_data/VIDGEN-1M_unzip/0tfTFNe58BA-Scene-0049.mp4,"The video shows a person's hand reaching into a computer case and adjusting the screws. The person's hand is visible in the foreground, while the computer case is in the background. The person's hand is moving in a way that suggests they are either tightening or loosening the screws. The computer case appears to be black with silver screws. The person's hand is light-skinned, and they are wearing a black watch on their left wrist. The video is shot in a close-up angle, focusing on the person's hand and the computer case.",T2V_data/label/vidgen_filter_gemini_part_0_dpo_9/0tfTFNe58BA-Scene-0049/depth.mp4,T2V_data/label/vidgen_filter_gemini_part_0_dpo_9/0tfTFNe58BA-Scene-0049/aug_entity_20.png
T2V_data/VIDGEN-1M_unzip/12-d4Tbs1XU-Scene-0134.mp4,"In the video, a man is seen riding a skateboard at a skate park. He is wearing a black t-shirt, blue jeans, and a blue cap. The skateboarder approaches a ramp and performs a trick, jumping into the air and landing back on the ramp. The skate park is surrounded by a chain-link fence and there are trees and buildings in the background. The sky is clear and blue.",T2V_data/label/vidgen_filter_gemini_part_0_dpo_9/12-d4Tbs1XU-Scene-0134/depth.mp4,T2V_data/label/vidgen_filter_gemini_part_0_dpo_9/12-d4Tbs1XU-Scene-0134/aug_entity_20.png
T2V_data/VIDGEN-1M_unzip/15uM-JCGs34-Scene-0002.mp4,"The video shows a man fishing in a river. He is wearing a blue jacket and is holding a fishing rod. The man is standing on the bank of the river, and there are some plants in the foreground. The river is flowing, and there are rocks on the bank. The man appears to be patiently waiting for a fish to bite his hook.",T2V_data/label/vidgen_filter_gemini_part_0_dpo_9/15uM-JCGs34-Scene-0002/depth.mp4,T2V_data/label/vidgen_filter_gemini_part_0_dpo_9/15uM-JCGs34-Scene-0002/aug_entity_20.png
T2V_data/VIDGEN-1M_unzip/1DINSG8mVFs-Scene-0020.mp4,"In the video, a man is seen lifting a weight in a gym. He is wearing black shorts and has a muscular build. The weight he is lifting appears to be a barbell with weights on either side. The man is standing in front of a bench and is facing the camera. He lifts the weight up and down several times, showcasing his strength and fitness. The gym is well-equipped with various exercise machines and weights in the background. The lighting in the gym is bright, and the walls are painted in a neutral color. The man appears to be focused and determined while lifting the weight.",T2V_data/label/vidgen_filter_gemini_part_0_dpo_9/1DINSG8mVFs-Scene-0020/depth.mp4,T2V_data/label/vidgen_filter_gemini_part_0_dpo_9/1DINSG8mVFs-Scene-0020/aug_entity_40.png
T2V_data/VIDGEN-1M_unzip/1IZQkwCRR_M-Scene-0147.mp4,"The video shows a person's hands holding a small lock. The person uses a small metal tool to pick the lock. The lock is made of metal and has a shiny finish. The person's hands are steady as they manipulate the tool and the lock. The background is a plain surface, and there is no other object in the frame.",T2V_data/label/vidgen_filter_gemini_part_0_dpo_9/1IZQkwCRR_M-Scene-0147/depth.mp4,T2V_data/label/vidgen_filter_gemini_part_0_dpo_9/1IZQkwCRR_M-Scene-0147/aug_entity_20.png
T2V_data/VIDGEN-1M_unzip/1xWNASeQoYo-Scene-0054.mp4,"The video shows a close-up of a car's windshield wiper in action. The wiper is moving back and forth, clearing water droplets from the glass. The background is blurred, but it appears to be a rainy day outside. The wiper is black and has a metal arm with a rubber blade. The glass is speckled with water droplets, and the wiper is moving at a steady pace, effectively removing the water from the windshield.",T2V_data/label/vidgen_filter_gemini_part_0_dpo_9/1xWNASeQoYo-Scene-0054/depth.mp4,T2V_data/label/vidgen_filter_gemini_part_0_dpo_9/1xWNASeQoYo-Scene-0054/aug_entity_20.png
T2V_data/VIDGEN-1M_unzip/2-F46b3uUTI-Scene-0098.mp4,"The video shows a red octopus swimming in the ocean. The octopus has eight tentacles and is seen moving its tentacles around as it swims. The background is a deep blue color, indicating that the video was taken in the ocean. The octopus's skin appears to be smooth and shiny, and its tentacles are long and thin. The video provides a close-up view of the octopus, allowing viewers to see its features in detail.",T2V_data/label/vidgen_filter_gemini_part_0_dpo_9/2-F46b3uUTI-Scene-0098/depth.mp4,T2V_data/label/vidgen_filter_gemini_part_0_dpo_9/2-F46b3uUTI-Scene-0098/aug_entity_20.png
T2V_data/VIDGEN-1M_unzip/23_UpnHHfcg-Scene-0083.mp4,"The video shows a baseball player sliding into a base while another player tries to tag him out. The player sliding is wearing a white uniform with red and blue accents, and the player trying to tag him out is wearing a dark blue uniform with red and white accents. The base is white, and the field is a mix of brown dirt and green grass. The action takes place during a game, and there are other players and an umpire visible in the background.",T2V_data/label/vidgen_filter_gemini_part_0_dpo_9/23_UpnHHfcg-Scene-0083/depth.mp4,T2V_data/label/vidgen_filter_gemini_part_0_dpo_9/23_UpnHHfcg-Scene-0083/aug_entity_20.png
T2V_data/VIDGEN-1M_unzip/260iL_PEnM8-Scene-0060.mp4,"In the video, a person is seen working with wood. The person is using a tool to cut holes into a piece of wood. The tool is being pushed through the wood, creating a pattern of holes. The person's hands are visible, and they are carefully guiding the tool to ensure that the holes are evenly spaced and of the same size. The wood appears to be light-colored, and the tool is metallic. The background is not clearly visible, but it seems to be a workshop or a similar setting.",T2V_data/label/vidgen_filter_gemini_part_0_dpo_9/260iL_PEnM8-Scene-0060/depth.mp4,T2V_data/label/vidgen_filter_gemini_part_0_dpo_9/260iL_PEnM8-Scene-0060/aug_entity_40.png
T2V_data/VIDGEN-1M_unzip/2VUYiPBAr0k-Scene-0003.mp4,"In the video, a man is seen skateboarding on a ramp. He is wearing a black shirt and khaki pants. The man is performing various tricks on the skateboard, including riding up and down the ramp and jumping in the air. The ramp is located in an outdoor area with trees in the background. The man appears to be skilled and confident in his movements.",T2V_data/label/vidgen_filter_gemini_part_0_dpo_9/2VUYiPBAr0k-Scene-0003/depth.mp4,T2V_data/label/vidgen_filter_gemini_part_0_dpo_9/2VUYiPBAr0k-Scene-0003/aug_entity_20.png
T2V_data/VIDGEN-1M_unzip/33a4bGc07CA-Scene-0018.mp4,"In the video, a person is seen using a glass container filled with water. The person is using their hands to move the water around in the container. The container appears to be rectangular in shape and is placed on a white surface. The water is clear and there are no other objects or people visible in the video. The person's hands are visible, and they are moving the water in a circular motion. The video does not contain any audio or text.",T2V_data/label/vidgen_filter_gemini_part_0_dpo_9/33a4bGc07CA-Scene-0018/depth.mp4,T2V_data/label/vidgen_filter_gemini_part_0_dpo_9/33a4bGc07CA-Scene-0018/aug_entity_40.png
T2V_data/VIDGEN-1M_unzip/38JRguBLgg8-Scene-0032.mp4,"In the video, a person is seen using a peeler to remove the skin from an apple. The person's hands are visible, and they are holding the apple steady while peeling it. The peeler is being moved in a circular motion to remove the skin. The apple is green, and the peeler is black. The background is blurred, but it appears to be a kitchen counter.",T2V_data/label/vidgen_filter_gemini_part_0_dpo_9/38JRguBLgg8-Scene-0032/depth.mp4,T2V_data/label/vidgen_filter_gemini_part_0_dpo_9/38JRguBLgg8-Scene-0032/aug_entity_40.png
T2V_data/VIDGEN-1M_unzip/3Ej3FzMzeD4-Scene-0289.mp4,"The video shows a man driving a black truck through a snowy area. The truck is covered in snow, and the man is wearing glasses. The truck is driving slowly through the snow, and the man is looking out the window. The truck is kicking up snow as it moves, and there are trees in the background.",T2V_data/label/vidgen_filter_gemini_part_0_dpo_9/3Ej3FzMzeD4-Scene-0289/depth.mp4,T2V_data/label/vidgen_filter_gemini_part_0_dpo_9/3Ej3FzMzeD4-Scene-0289/aug_entity_60.png
T2V_data/VIDGEN-1M_unzip/3F_IYbPK7hk-Scene-0094.mp4,"In the video, a man is standing in a backyard holding a hose and spraying water into a large plastic container. A little boy is standing next to him, watching the water. The man is wearing a purple shirt and black shorts, while the boy is wearing an orange shirt and blue shorts. The backyard has a wooden fence and a white plastic chair in the background. The man is smiling and seems to be enjoying the activity with the boy. The water is splashing around as the boy watches the man spray it into the container. The sun is shining brightly, and it seems to be a warm day.",T2V_data/label/vidgen_filter_gemini_part_0_dpo_9/3F_IYbPK7hk-Scene-0094/depth.mp4,T2V_data/label/vidgen_filter_gemini_part_0_dpo_9/3F_IYbPK7hk-Scene-0094/aug_entity_20.png
T2V_data/VIDGEN-1M_unzip/3F_IYbPK7hk-Scene-0094.mp4,"In the video, a man is standing in a backyard holding a hose and spraying water into a large plastic container. A little boy is standing next to him, watching the water. The man is wearing a purple shirt and black shorts, while the boy is wearing an orange shirt and blue shorts. The backyard has a wooden fence and a white plastic chair in the background. The man is smiling and seems to be enjoying the activity with the boy. The water is splashing around as the boy watches the man spray it into the container. The sun is shining brightly, and it seems to be a warm day.",T2V_data/label/vidgen_filter_gemini_part_0_dpo_9/3F_IYbPK7hk-Scene-0094/depth.mp4,T2V_data/label/vidgen_filter_gemini_part_0_dpo_9/3F_IYbPK7hk-Scene-0094/aug_entity_40.png
T2V_data/VIDGEN-1M_unzip/3TS50iXzznk-Scene-0037.mp4,"In the video, a person is seen using a saw to cut through a log of wood. The person is wearing a red jacket and black pants. The log is placed on the ground, and the person is using a red and black saw to cut through it. The background is covered in snow, and there are other logs nearby. The person is focused on the task at hand, and the saw is making steady progress through the wood.",T2V_data/label/vidgen_filter_gemini_part_0_dpo_9/3TS50iXzznk-Scene-0037/depth.mp4,T2V_data/label/vidgen_filter_gemini_part_0_dpo_9/3TS50iXzznk-Scene-0037/aug_entity_80.png
T2V_data/VIDGEN-1M_unzip/3ey_Jgo4wTE-Scene-0098.mp4,"In the video, a young boy is seen holding a red bucket and a hose. He is standing next to a fence, and he is using the hose to water the ground. The boy appears to be focused on his task, and he is carefully directing the water to ensure that the area is well-covered. The fence is made of wire and appears to be in good condition. The ground is muddy, and there are patches of grass visible in the background. The boy is wearing a green jacket and brown boots, and he seems to be enjoying his time outside.",T2V_data/label/vidgen_filter_gemini_part_0_dpo_9/3ey_Jgo4wTE-Scene-0098/depth.mp4,T2V_data/label/vidgen_filter_gemini_part_0_dpo_9/3ey_Jgo4wTE-Scene-0098/aug_entity_20.png
T2V_data/VIDGEN-1M_unzip/3gmsGwBlqE4-Scene-0060.mp4,"In this video, a person is seen cooking in a pan. The pan contains chopped onions and oil, and the person is using a wooden spatula to stir the mixture. The onions are being sautéed, and the person is continuously stirring them to ensure even cooking. The pan appears to be on a stovetop, and the person is wearing a red bracelet on their wrist. The onions are white and translucent, indicating that they are being cooked to a soft texture. The oil is bubbling around the onions, and the person is using the spatula to move the onions around the pan. The video captures the cooking process in detail, showcasing the person's technique and the transformation of the onions as they cook.",T2V_data/label/vidgen_filter_gemini_part_0_dpo_9/3gmsGwBlqE4-Scene-0060/depth.mp4,T2V_data/label/vidgen_filter_gemini_part_0_dpo_9/3gmsGwBlqE4-Scene-0060/aug_entity_20.png
T2V_data/VIDGEN-1M_unzip/3ug-VvNc2Y0-Scene-0016.mp4,"The video shows a soccer game in progress with players on the field. The players are wearing different colored uniforms, some in white and some in black. The ball is being kicked towards the goal by a player in a white uniform. The goalkeeper, wearing a yellow uniform, dives to the right to block the ball. The crowd in the stadium is cheering and clapping. The video is shot from the stands, and a person's hand is visible in the foreground, pointing towards the action on the field.",T2V_data/label/vidgen_filter_gemini_part_0_dpo_9/3ug-VvNc2Y0-Scene-0016/depth.mp4,T2V_data/label/vidgen_filter_gemini_part_0_dpo_9/3ug-VvNc2Y0-Scene-0016/aug_entity_60.png
T2V_data/VIDGEN-1M_unzip/43lucqOAwrQ-Scene-0009.mp4,"The video shows a young man performing an ice skating routine on an indoor ice rink. He is wearing a purple jacket, gray pants, and black ice skates. The skater performs various spins, jumps, and footwork, demonstrating his skill and control on the ice. The rink is surrounded by empty red seats, and there are some banners and signs visible in the background. The lighting is bright, and the ice surface is smooth and well-maintained.",T2V_data/label/vidgen_filter_gemini_part_0_dpo_9/43lucqOAwrQ-Scene-0009/depth.mp4,T2V_data/label/vidgen_filter_gemini_part_0_dpo_9/43lucqOAwrQ-Scene-0009/aug_entity_20.png
T2V_data/VIDGEN-1M_unzip/4LdDmeMtFWc-Scene-0071.mp4,"The video shows a nighttime scene at a racetrack. There are two cars racing down the track, one in the foreground and one in the background. The track is well-lit with bright lights, and the stands are filled with spectators. The cars are moving at a high speed, and the sound of the engines can be heard. The spectators are cheering and watching the race intently. The video captures the excitement and energy of the race.",T2V_data/label/vidgen_filter_gemini_part_0_dpo_9/4LdDmeMtFWc-Scene-0071/depth.mp4,T2V_data/label/vidgen_filter_gemini_part_0_dpo_9/4LdDmeMtFWc-Scene-0071/aug_entity_20.png
T2V_data/VIDGEN-1M_unzip/4WlxwB_p9Qs-Scene-0007.mp4,"In the video, a person is seen holding a coconut in their left hand and a knife in their right hand. The person is using the knife to cut off the top of the coconut. The background of the video is a wooden cutting board with some green vegetables on it. The person's movements are precise and careful as they cut through the coconut shell. The coconut is brown and has a rough texture. The knife is silver and appears to be sharp. The person's hand is steady, and they seem to be experienced in handling the coconut and knife.",T2V_data/label/vidgen_filter_gemini_part_0_dpo_9/4WlxwB_p9Qs-Scene-0007/depth.mp4,T2V_data/label/vidgen_filter_gemini_part_0_dpo_9/4WlxwB_p9Qs-Scene-0007/aug_entity_40.png
T2V_data/VIDGEN-1M_unzip/4WlxwB_p9Qs-Scene-0007.mp4,"In the video, a person is seen holding a coconut in their left hand and a knife in their right hand. The person is using the knife to cut off the top of the coconut. The background of the video is a wooden cutting board with some green vegetables on it. The person's movements are precise and careful as they cut through the coconut shell. The coconut is brown and has a rough texture. The knife is silver and appears to be sharp. The person's hand is steady, and they seem to be experienced in handling the coconut and knife.",T2V_data/label/vidgen_filter_gemini_part_0_dpo_9/4WlxwB_p9Qs-Scene-0007/depth.mp4,T2V_data/label/vidgen_filter_gemini_part_0_dpo_9/4WlxwB_p9Qs-Scene-0007/aug_entity_60.png
T2V_data/VIDGEN-1M_unzip/4WlxwB_p9Qs-Scene-0009.mp4,"The video shows a person's hands holding a coconut and using a knife to cut it open. The person then proceeds to pour the coconut water into a clear glass bowl placed on a wooden cutting board. The background includes a white wall and a variety of vegetables and herbs. The person's hands are the main focus, and the coconut is the main object being used.",T2V_data/label/vidgen_filter_gemini_part_0_dpo_9/4WlxwB_p9Qs-Scene-0009/depth.mp4,T2V_data/label/vidgen_filter_gemini_part_0_dpo_9/4WlxwB_p9Qs-Scene-0009/aug_entity_80.png
T2V_data/VIDGEN-1M_unzip/4_iHF7V0huQ-Scene-0182.mp4,"In the video, a man is seen standing on a skateboard in a driveway. He is wearing a black cap, a gray t-shirt, and black pants. The skateboard is black with white wheels. The man is holding the skateboard with his left hand and then he steps on it with his right foot. He then proceeds to ride the skateboard down the driveway. The driveway is surrounded by a well-maintained lawn with pink flowers and green bushes. The sky is clear and blue, indicating a sunny day.",T2V_data/label/vidgen_filter_gemini_part_0_dpo_9/4_iHF7V0huQ-Scene-0182/depth.mp4,T2V_data/label/vidgen_filter_gemini_part_0_dpo_9/4_iHF7V0huQ-Scene-0182/aug_entity_20.png
T2V_data/VIDGEN-1M_unzip/5EM2TsvEZsE-Scene-0216.mp4,The video shows a man in a white shirt swimming in the ocean. He is holding onto a black pole and appears to be struggling to stay afloat. The water is a deep blue color and there are no other people visible in the video. The man's facial expression is one of distress as he tries to stay above the water.,T2V_data/label/vidgen_filter_gemini_part_0_dpo_9/5EM2TsvEZsE-Scene-0216/depth.mp4,T2V_data/label/vidgen_filter_gemini_part_0_dpo_9/5EM2TsvEZsE-Scene-0216/aug_entity_20.png
T2V_data/VIDGEN-1M_unzip/5Ww2P5F3Yj4-Scene-0064.mp4,"The video shows a person wearing blue gloves working on a tire. The person is using a tool to remove the rubber from the rim of the tire. The tire is black and appears to be in good condition. The person is working carefully and methodically, ensuring that the rubber is removed without damaging the rim. The background is a workshop environment, with various tools and equipment visible. The person's movements are precise and deliberate, indicating that they are experienced in this task. The video is shot from a close-up angle, focusing on the tire and the person's hands. The lighting is bright, and the colors are vivid, with the blue gloves standing out against the black tire and the metallic sheen of the rim.",T2V_data/label/vidgen_filter_gemini_part_0_dpo_9/5Ww2P5F3Yj4-Scene-0064/depth.mp4,T2V_data/label/vidgen_filter_gemini_part_0_dpo_9/5Ww2P5F3Yj4-Scene-0064/aug_entity_20.png
T2V_data/VIDGEN-1M_unzip/5i60H4-J51k-Scene-0021.mp4,"The video shows a person riding a dirt bike on a dirt track. The rider is wearing a helmet and is seen riding the bike at a high speed. The track is surrounded by trees and there are other people visible in the background. The rider maneuvers the bike through the track, making sharp turns and jumps. The sky is clear and the weather appears to be sunny.",T2V_data/label/vidgen_filter_gemini_part_0_dpo_9/5i60H4-J51k-Scene-0021/depth.mp4,T2V_data/label/vidgen_filter_gemini_part_0_dpo_9/5i60H4-J51k-Scene-0021/aug_entity_40.png
T2V_data/VIDGEN-1M_unzip/5mOHhzWl_z4-Scene-0055.mp4,"In the video, a man is seen working on a car engine. He is using a wrench to unscrew a bolt and then removes the part from the engine. The man then proceeds to put the part back on the engine. Throughout the video, the man's movements are deliberate and precise, indicating that he is experienced in working with car engines. The video provides a clear view of the engine and the man's actions, making it easy to follow along and understand the process.",T2V_data/label/vidgen_filter_gemini_part_0_dpo_9/5mOHhzWl_z4-Scene-0055/depth.mp4,T2V_data/label/vidgen_filter_gemini_part_0_dpo_9/5mOHhzWl_z4-Scene-0055/aug_entity_40.png
T2V_data/VIDGEN-1M_unzip/5orW5vCfcXA-Scene-0021.mp4,"The video shows a person in a wheelchair being lifted up a flight of stairs by a mechanical lift. The lift is attached to the wheelchair and is designed to help individuals with mobility issues to access areas that are not wheelchair-friendly. The lift is shown in action, lifting the wheelchair and the person up the stairs, demonstrating how it can be used to overcome barriers. The video also includes a close-up of the lift mechanism, highlighting its design and functionality.",T2V_data/label/vidgen_filter_gemini_part_0_dpo_9/5orW5vCfcXA-Scene-0021/depth.mp4,T2V_data/label/vidgen_filter_gemini_part_0_dpo_9/5orW5vCfcXA-Scene-0021/aug_entity_20.png
T2V_data/VIDGEN-1M_unzip/5pHPou2UR28-Scene-0022.mp4,"In the video, a person is seen sitting in the back seat of a vehicle and demonstrating how to fold down the back of the seat. The person's hand is visible as they push down on a lever located on the back of the seat, causing the back of the seat to fold down. The seat is gray in color and appears to be made of fabric. The vehicle's interior is also visible, including the seat belts and the floor of the vehicle. The person's hand is visible as they push down on the lever, causing the back of the seat to fold down. The seat is gray in color and appears to be made of fabric. The vehicle's interior is also visible, including the seat belts and the floor of the vehicle.",T2V_data/label/vidgen_filter_gemini_part_0_dpo_9/5pHPou2UR28-Scene-0022/depth.mp4,T2V_data/label/vidgen_filter_gemini_part_0_dpo_9/5pHPou2UR28-Scene-0022/aug_entity_40.png
T2V_data/VIDGEN-1M_unzip/5pHPou2UR28-Scene-0022.mp4,"In the video, a person is seen sitting in the back seat of a vehicle and demonstrating how to fold down the back of the seat. The person's hand is visible as they push down on a lever located on the back of the seat, causing the back of the seat to fold down. The seat is gray in color and appears to be made of fabric. The vehicle's interior is also visible, including the seat belts and the floor of the vehicle. The person's hand is visible as they push down on the lever, causing the back of the seat to fold down. The seat is gray in color and appears to be made of fabric. The vehicle's interior is also visible, including the seat belts and the floor of the vehicle.",T2V_data/label/vidgen_filter_gemini_part_0_dpo_9/5pHPou2UR28-Scene-0022/depth.mp4,T2V_data/label/vidgen_filter_gemini_part_0_dpo_9/5pHPou2UR28-Scene-0022/aug_entity_60.png
T2V_data/VIDGEN-1M_unzip/5uTl5nCGxVU-Scene-0006.mp4,"In the video, a man is seen sitting on a stool next to a red car. He is wearing a black shirt and gray pants, and he is holding a yellow hose in his hand. The man is using the hose to spray water onto the car's tire, which is located on the right side of the vehicle. The car is parked in a garage, and there is another car visible in the background. The man appears to be washing the car, and he is focused on the task at hand. The garage is well-lit, and the floor is clean and shiny.",T2V_data/label/vidgen_filter_gemini_part_0_dpo_9/5uTl5nCGxVU-Scene-0006/depth.mp4,T2V_data/label/vidgen_filter_gemini_part_0_dpo_9/5uTl5nCGxVU-Scene-0006/aug_entity_20.png
T2V_data/VIDGEN-1M_unzip/5uTl5nCGxVU-Scene-0006.mp4,"In the video, a man is seen sitting on a stool next to a red car. He is wearing a black shirt and gray pants, and he is holding a yellow hose in his hand. The man is using the hose to spray water onto the car's tire, which is located on the right side of the vehicle. The car is parked in a garage, and there is another car visible in the background. The man appears to be washing the car, and he is focused on the task at hand. The garage is well-lit, and the floor is clean and shiny.",T2V_data/label/vidgen_filter_gemini_part_0_dpo_9/5uTl5nCGxVU-Scene-0006/depth.mp4,T2V_data/label/vidgen_filter_gemini_part_0_dpo_9/5uTl5nCGxVU-Scene-0006/aug_entity_60.png
T2V_data/VIDGEN-1M_unzip/6L8yUY-doNc-Scene-0050.mp4,"In the video, a person wearing a black glove is seen stirring a black liquid in a glass container with a metal rod. The person then pours the liquid into a glass bowl. The liquid appears to be thick and viscous, and the person is careful not to spill any of it. The glass container and bowl are placed on a white surface, and the background is also white. The person's movements are deliberate and precise, indicating that they are likely experienced in handling such materials.",T2V_data/label/vidgen_filter_gemini_part_0_dpo_9/6L8yUY-doNc-Scene-0050/depth.mp4,T2V_data/label/vidgen_filter_gemini_part_0_dpo_9/6L8yUY-doNc-Scene-0050/aug_entity_60.png
T2V_data/VIDGEN-1M_unzip/6Q3VC2WgAiQ-Scene-0014.mp4,"The video shows a group of soldiers in a desert setting, engaged in a tug-of-war. The soldiers are dressed in camouflage uniforms and are using a thick rope to pull against an opposing force, which is not visible in the frame. The ground is sandy and there are buildings in the background. The soldiers are exerting a lot of effort as they pull the rope, with some of them falling to the ground due to the force. The atmosphere is intense and competitive, with the soldiers cheering and shouting as they try to win the game.",T2V_data/label/vidgen_filter_gemini_part_0_dpo_9/6Q3VC2WgAiQ-Scene-0014/depth.mp4,T2V_data/label/vidgen_filter_gemini_part_0_dpo_9/6Q3VC2WgAiQ-Scene-0014/aug_entity_40.png
T2V_data/VIDGEN-1M_unzip/6TdpwwAj8Ho-Scene-0022.mp4,"The video shows a close-up of a clear glass placed on a table. A person is pouring a pink liquid from a blender into the glass. The liquid fills the glass, and the person holds the glass with one hand.",T2V_data/label/vidgen_filter_gemini_part_0_dpo_9/6TdpwwAj8Ho-Scene-0022/depth.mp4,T2V_data/label/vidgen_filter_gemini_part_0_dpo_9/6TdpwwAj8Ho-Scene-0022/aug_entity_20.png
T2V_data/VIDGEN-1M_unzip/6TljmQqtS40-Scene-0010.mp4,"In the video, a person is seen holding a pair of wooden sticks in their hands. The sticks are of equal length and have a smooth surface. The person then proceeds to break one of the sticks into two pieces. The broken stick is then held up to the camera, showcasing the two separate pieces. The background of the video is a wooden surface, possibly a table or a countertop. The lighting in the video is natural, and there are no other objects or people visible in the frame. The video does not contain any audio.",T2V_data/label/vidgen_filter_gemini_part_0_dpo_9/6TljmQqtS40-Scene-0010/depth.mp4,T2V_data/label/vidgen_filter_gemini_part_0_dpo_9/6TljmQqtS40-Scene-0010/aug_entity_60.png
T2V_data/VIDGEN-1M_unzip/6VMOUPZ0MPM-Scene-0014.mp4,The video shows a missile launching from a truck. The missile is launched into the air and explodes into a bright light. The video is shot in a nighttime setting and the missile launch is the main focus.,T2V_data/label/vidgen_filter_gemini_part_0_dpo_9/6VMOUPZ0MPM-Scene-0014/depth.mp4,T2V_data/label/vidgen_filter_gemini_part_0_dpo_9/6VMOUPZ0MPM-Scene-0014/aug_entity_60.png
T2V_data/VIDGEN-1M_unzip/6Xdp-aT0z8E-Scene-0055.mp4,"In the video, two dogs are seen on a dirt ground. One dog is wearing a black harness and the other is wearing a blue harness. The person holding the camera is holding the leash of the dog in the blue harness. The dog in the black harness is seen pulling on the leash and trying to get the attention of the person holding the camera. The dog in the blue harness is sitting calmly and looking up at the person holding the camera. The person holding the camera is talking to the dogs, but it is unclear what they are saying. The dogs seem to be enjoying their time outside and are well-behaved.",T2V_data/label/vidgen_filter_gemini_part_0_dpo_9/6Xdp-aT0z8E-Scene-0055/depth.mp4,T2V_data/label/vidgen_filter_gemini_part_0_dpo_9/6Xdp-aT0z8E-Scene-0055/aug_entity_20.png
T2V_data/VIDGEN-1M_unzip/6f0nW0T2Jzw-Scene-0089.mp4,"The video shows a woman in a white and red shirt with a black visor, holding a bow and arrow. She is wearing sunglasses and has a focused expression on her face. The background is blurred, but it appears to be an outdoor setting with a crowd of people. The woman is seen pulling back the bowstring with her right hand and aiming the arrow with her left hand. The arrow is released, and the woman's posture changes as she follows through with the shot. The video captures the precision and concentration required in archery.",T2V_data/label/vidgen_filter_gemini_part_0_dpo_9/6f0nW0T2Jzw-Scene-0089/depth.mp4,T2V_data/label/vidgen_filter_gemini_part_0_dpo_9/6f0nW0T2Jzw-Scene-0089/aug_entity_20.png
T2V_data/VIDGEN-1M_unzip/6f0nW0T2Jzw-Scene-0089.mp4,"The video shows a woman in a white and red shirt with a black visor, holding a bow and arrow. She is wearing sunglasses and has a focused expression on her face. The background is blurred, but it appears to be an outdoor setting with a crowd of people. The woman is seen pulling back the bowstring with her right hand and aiming the arrow with her left hand. The arrow is released, and the woman's posture changes as she follows through with the shot. The video captures the precision and concentration required in archery.",T2V_data/label/vidgen_filter_gemini_part_0_dpo_9/6f0nW0T2Jzw-Scene-0089/depth.mp4,T2V_data/label/vidgen_filter_gemini_part_0_dpo_9/6f0nW0T2Jzw-Scene-0089/aug_entity_40.png
T2V_data/VIDGEN-1M_unzip/6tJy6YR3VwA-Scene-0014.mp4,"In the video, a person is seen holding a piece of white paper and a needle. The person uses the needle to poke a hole through the paper. The background is pink and white.",T2V_data/label/vidgen_filter_gemini_part_0_dpo_9/6tJy6YR3VwA-Scene-0014/depth.mp4,T2V_data/label/vidgen_filter_gemini_part_0_dpo_9/6tJy6YR3VwA-Scene-0014/aug_entity_40.png
T2V_data/VIDGEN-1M_unzip/6tJy6YR3VwA-Scene-0014.mp4,"In the video, a person is seen holding a piece of white paper and a needle. The person uses the needle to poke a hole through the paper. The background is pink and white.",T2V_data/label/vidgen_filter_gemini_part_0_dpo_9/6tJy6YR3VwA-Scene-0014/depth.mp4,T2V_data/label/vidgen_filter_gemini_part_0_dpo_9/6tJy6YR3VwA-Scene-0014/aug_entity_60.png
T2V_data/VIDGEN-1M_unzip/74l4Fwc95UI-Scene-0002.mp4,"The video shows a first-person view of a car driving on a race track. The car is a Porsche, and the driver is wearing a red racing suit. The track is surrounded by trees and there are other cars on the track. The driver is navigating through turns and accelerating on straightaways. The car's dashboard is visible, showing the speedometer and other gauges.",T2V_data/label/vidgen_filter_gemini_part_0_dpo_9/74l4Fwc95UI-Scene-0002/depth.mp4,T2V_data/label/vidgen_filter_gemini_part_0_dpo_9/74l4Fwc95UI-Scene-0002/aug_entity_40.png
T2V_data/VIDGEN-1M_unzip/79btUCykdgo-Scene-0014.mp4,"The video shows a person in a wetsuit swimming in the ocean with a large shark. The shark is swimming alongside the person, and the person appears to be holding onto the shark's back. The water is a deep blue color, and there are bubbles visible around the person and the shark. The person is wearing a black wetsuit with white markings, and the shark is a dark gray color with a white underbelly.",T2V_data/label/vidgen_filter_gemini_part_0_dpo_9/79btUCykdgo-Scene-0014/depth.mp4,T2V_data/label/vidgen_filter_gemini_part_0_dpo_9/79btUCykdgo-Scene-0014/aug_entity_40.png
T2V_data/VIDGEN-1M_unzip/7xtEgUsbC7w-Scene-0055.mp4,"In the video, a man and a woman are standing in a kitchen. The man is wearing a pink apron and a blue cap, while the woman is wearing a white dress. The man is holding a red onion and pretends to throw it at the woman, who dodges it and throws it back at him. They both laugh and continue to playfully throw the onion back and forth. The kitchen has wooden cabinets and a stainless steel refrigerator.",T2V_data/label/vidgen_filter_gemini_part_0_dpo_9/7xtEgUsbC7w-Scene-0055/depth.mp4,T2V_data/label/vidgen_filter_gemini_part_0_dpo_9/7xtEgUsbC7w-Scene-0055/aug_entity_40.png
T2V_data/VIDGEN-1M_unzip/7xtEgUsbC7w-Scene-0055.mp4,"In the video, a man and a woman are standing in a kitchen. The man is wearing a pink apron and a blue cap, while the woman is wearing a white dress. The man is holding a red onion and pretends to throw it at the woman, who dodges it and throws it back at him. They both laugh and continue to playfully throw the onion back and forth. The kitchen has wooden cabinets and a stainless steel refrigerator.",T2V_data/label/vidgen_filter_gemini_part_0_dpo_9/7xtEgUsbC7w-Scene-0055/depth.mp4,T2V_data/label/vidgen_filter_gemini_part_0_dpo_9/7xtEgUsbC7w-Scene-0055/aug_entity_60.png
T2V_data/VIDGEN-1M_unzip/8JpLWEhpBbU-Scene-0022.mp4,"The video shows a man in a gym lying on a bench and lifting a set of dumbbells. He is wearing red pants with a pattern of white snowmen and a black shirt. The man is lifting the dumbbells with both hands, and the weights are silver in color. The gym has various exercise equipment in the background, including weight racks and other exercise machines. The man appears to be focused and determined as he performs the exercise.",T2V_data/label/vidgen_filter_gemini_part_0_dpo_9/8JpLWEhpBbU-Scene-0022/depth.mp4,T2V_data/label/vidgen_filter_gemini_part_0_dpo_9/8JpLWEhpBbU-Scene-0022/aug_entity_60.png
T2V_data/VIDGEN-1M_unzip/8hZhT0lzo1o-Scene-0029.mp4,"In the video, a person is seen mixing a white liquid in a white bowl with a black mixer. The mixer is being moved in a circular motion, and the liquid gradually turns into a brown color as it is mixed. The person's hand is visible, and they are wearing a white glove. The background is blurred, but it appears to be a kitchen setting.",T2V_data/label/vidgen_filter_gemini_part_0_dpo_9/8hZhT0lzo1o-Scene-0029/depth.mp4,T2V_data/label/vidgen_filter_gemini_part_0_dpo_9/8hZhT0lzo1o-Scene-0029/aug_entity_20.png
T2V_data/VIDGEN-1M_unzip/8hZhT0lzo1o-Scene-0029.mp4,"In the video, a person is seen mixing a white liquid in a white bowl with a black mixer. The mixer is being moved in a circular motion, and the liquid gradually turns into a brown color as it is mixed. The person's hand is visible, and they are wearing a white glove. The background is blurred, but it appears to be a kitchen setting.",T2V_data/label/vidgen_filter_gemini_part_0_dpo_9/8hZhT0lzo1o-Scene-0029/depth.mp4,T2V_data/label/vidgen_filter_gemini_part_0_dpo_9/8hZhT0lzo1o-Scene-0029/aug_entity_60.png
T2V_data/VIDGEN-1M_unzip/9Ef5gJtu4n4-Scene-0046.mp4,"In the video, a man is seen riding a motorcycle down a hill. He is wearing a red shirt and black pants. The motorcycle is black and has a red stripe on the side. As he reaches the bottom of the hill, he approaches a ramp and drives up it. At the top of the ramp, there is a large body of water with a boat floating on it. The man then drives off the ramp and onto the boat. The boat is red and has a blue cover on it. The man continues to ride the motorcycle on the boat and drives off the end of it. The video ends with the man riding the motorcycle on the boat in the water.",T2V_data/label/vidgen_filter_gemini_part_0_dpo_9/9Ef5gJtu4n4-Scene-0046/depth.mp4,T2V_data/label/vidgen_filter_gemini_part_0_dpo_9/9Ef5gJtu4n4-Scene-0046/aug_entity_20.png
T2V_data/VIDGEN-1M_unzip/9I_cLCUOpKk-Scene-0045.mp4,"In the video, a person is seen holding a white coffee cup under a coffee machine. The machine is dispensing coffee into the cup. The person's hand is steady, and they are holding the cup at a slight angle to catch the coffee. The coffee machine appears to be of a professional grade, with a shiny metallic finish. The coffee being dispensed is a rich, dark color, indicating that it is likely a strong brew. The video is shot in a close-up angle, focusing on the cup and the machine. There is no visible text or subtitles in the video.",T2V_data/label/vidgen_filter_gemini_part_0_dpo_9/9I_cLCUOpKk-Scene-0045/depth.mp4,T2V_data/label/vidgen_filter_gemini_part_0_dpo_9/9I_cLCUOpKk-Scene-0045/aug_entity_60.png
T2V_data/VIDGEN-1M_unzip/9TKiVYs_dEg-Scene-0021.mp4,"The video shows a man riding a bull in a rodeo arena. The man is wearing a blue and white shirt and is holding on to a rope tied to the bull. The bull is black and is bucking wildly, trying to throw the man off its back. The man is holding on tightly as the bull spins and kicks. The arena is surrounded by a large crowd of spectators. The man eventually falls off the bull and lands on the ground. The video ends with the man getting up and walking away from the bull.",T2V_data/label/vidgen_filter_gemini_part_0_dpo_9/9TKiVYs_dEg-Scene-0021/depth.mp4,T2V_data/label/vidgen_filter_gemini_part_0_dpo_9/9TKiVYs_dEg-Scene-0021/aug_entity_40.png
T2V_data/VIDGEN-1M_unzip/9hUS_7YM8MA-Scene-0086.mp4,"In the video, a person is cooking meat on a grill. The meat is sizzling and smoking as it cooks. The person uses a spatula to turn the meat over and cook it evenly on both sides. The grill is outdoors, and the person is wearing a hat and gloves to protect themselves from the heat. The meat appears to be well-seasoned, and the person is using a long-handled spatula to avoid getting burned. The video captures the sound of the sizzling meat and the smell of the smoke rising from the grill.",T2V_data/label/vidgen_filter_gemini_part_0_dpo_9/9hUS_7YM8MA-Scene-0086/depth.mp4,T2V_data/label/vidgen_filter_gemini_part_0_dpo_9/9hUS_7YM8MA-Scene-0086/aug_entity_20.png
T2V_data/VIDGEN-1M_unzip/A7e-qg_RFFg-Scene-0110.mp4,"The video shows a person using a hammer and chisel to chip away at a rock wall. The person is wearing a headlamp to illuminate the area. The rock wall appears to be made of a hard material, and the person is making deliberate strikes with the hammer. The person's movements are steady and precise, suggesting experience and skill in this task. The light from the headlamp casts shadows on the rock wall, highlighting the texture and contours of the surface. The sound of the hammer hitting the rock is audible, adding to the immersive experience of the video.",T2V_data/label/vidgen_filter_gemini_part_0_dpo_9/A7e-qg_RFFg-Scene-0110/depth.mp4,T2V_data/label/vidgen_filter_gemini_part_0_dpo_9/A7e-qg_RFFg-Scene-0110/aug_entity_40.png
T2V_data/VIDGEN-1M_unzip/AIERRMARXpI-Scene-0016.mp4,"The video shows a man wearing a helmet and harness climbing up a rocky cliff. He is using his hands to find a grip on the rocks and is slowly making his way up. The cliff is covered in green moss and grass, and the man is wearing a blue jacket and khaki shorts. The sky is visible in the background, and there are no other people or objects in the video.",T2V_data/label/vidgen_filter_gemini_part_0_dpo_9/AIERRMARXpI-Scene-0016/depth.mp4,T2V_data/label/vidgen_filter_gemini_part_0_dpo_9/AIERRMARXpI-Scene-0016/aug_entity_20.png
T2V_data/VIDGEN-1M_unzip/AM6AWxuUKH0-Scene-0053.mp4,"The video shows a person using a green tool to remove a tire from a bicycle wheel. The person is holding the tire with one hand while using the tool to push it off the wheel with the other hand. The tire appears to be black and has the words ""handmade in germany"" written on it. The tool used is green and has a rectangular shape. The background is white and blurry, making it difficult to see any other details.",T2V_data/label/vidgen_filter_gemini_part_0_dpo_9/AM6AWxuUKH0-Scene-0053/depth.mp4,T2V_data/label/vidgen_filter_gemini_part_0_dpo_9/AM6AWxuUKH0-Scene-0053/aug_entity_80.png
T2V_data/VIDGEN-1M_unzip/AQlGII4z4Vc-Scene-0049.mp4,The video shows a close-up of a hole in the ground. A person is using a tool to dig deeper into the hole. The tool is metal and has a long handle. The ground is brown and appears to be dry. The person is wearing gloves while digging.,T2V_data/label/vidgen_filter_gemini_part_0_dpo_9/AQlGII4z4Vc-Scene-0049/depth.mp4,T2V_data/label/vidgen_filter_gemini_part_0_dpo_9/AQlGII4z4Vc-Scene-0049/aug_entity_60.png
T2V_data/VIDGEN-1M_unzip/AkNxC6pcTYI-Scene-0080.mp4,The video shows a person's hands holding a toy figure and a metal rod. The toy figure is a golden warrior with a blue cape and a white fluffy object in one hand. The person is using the metal rod to attach it to the toy figure's hands. The background is a dark blue surface.,T2V_data/label/vidgen_filter_gemini_part_0_dpo_9/AkNxC6pcTYI-Scene-0080/depth.mp4,T2V_data/label/vidgen_filter_gemini_part_0_dpo_9/AkNxC6pcTYI-Scene-0080/aug_entity_20.png
T2V_data/VIDGEN-1M_unzip/AkNxC6pcTYI-Scene-0080.mp4,The video shows a person's hands holding a toy figure and a metal rod. The toy figure is a golden warrior with a blue cape and a white fluffy object in one hand. The person is using the metal rod to attach it to the toy figure's hands. The background is a dark blue surface.,T2V_data/label/vidgen_filter_gemini_part_0_dpo_9/AkNxC6pcTYI-Scene-0080/depth.mp4,T2V_data/label/vidgen_filter_gemini_part_0_dpo_9/AkNxC6pcTYI-Scene-0080/aug_entity_60.png
T2V_data/VIDGEN-1M_unzip/AzdDXuhhlGM-Scene-0031.mp4,"The video shows a baseball game in progress. The camera is focused on the outfield, where a player is seen running towards the wall. The player jumps and stretches out his arm to catch the ball, successfully making the catch. The crowd in the stands is visible in the background, cheering and applauding the catch. The player's teammates are also seen in the outfield, watching the play unfold. The video captures the excitement and energy of the game, with the player's athleticism and skill on full display.",T2V_data/label/vidgen_filter_gemini_part_0_dpo_9/AzdDXuhhlGM-Scene-0031/depth.mp4,T2V_data/label/vidgen_filter_gemini_part_0_dpo_9/AzdDXuhhlGM-Scene-0031/aug_entity_20.png
T2V_data/VIDGEN-1M_unzip/BDd_WvADlyM-Scene-0037.mp4,"The video shows a person's hands kneading dough on a black surface. The dough is beige in color and is being kneaded by hand. The person then uses a rolling pin to flatten the dough. The rolling pin is wooden and is being rolled back and forth over the dough. The person's hands are visible throughout the video, and they are wearing a purple nail polish.",T2V_data/label/vidgen_filter_gemini_part_0_dpo_9/BDd_WvADlyM-Scene-0037/depth.mp4,T2V_data/label/vidgen_filter_gemini_part_0_dpo_9/BDd_WvADlyM-Scene-0037/aug_entity_40.png
T2V_data/VIDGEN-1M_unzip/BEgLOJ7O9sQ-Scene-0107.mp4,"In the video, a person is holding a cell phone in their hand and pressing buttons on the screen. The phone is green and black in color. The person's hand is visible, and they are wearing a black watch on their wrist. The background is dark and blurry, but it appears to be a room with a blue carpet. The person seems to be focused on the phone, and their fingers move quickly as they press the buttons.",T2V_data/label/vidgen_filter_gemini_part_0_dpo_9/BEgLOJ7O9sQ-Scene-0107/depth.mp4,T2V_data/label/vidgen_filter_gemini_part_0_dpo_9/BEgLOJ7O9sQ-Scene-0107/aug_entity_40.png
T2V_data/VIDGEN-1M_unzip/BEgLOJ7O9sQ-Scene-0107.mp4,"In the video, a person is holding a cell phone in their hand and pressing buttons on the screen. The phone is green and black in color. The person's hand is visible, and they are wearing a black watch on their wrist. The background is dark and blurry, but it appears to be a room with a blue carpet. The person seems to be focused on the phone, and their fingers move quickly as they press the buttons.",T2V_data/label/vidgen_filter_gemini_part_0_dpo_9/BEgLOJ7O9sQ-Scene-0107/depth.mp4,T2V_data/label/vidgen_filter_gemini_part_0_dpo_9/BEgLOJ7O9sQ-Scene-0107/aug_entity_80.png
T2V_data/VIDGEN-1M_unzip/BGor6nlcSnA-Scene-0050.mp4,"In the video, a person is seen working on a car engine. The person is wearing white gloves and is using a wrench to turn a bolt. The engine is blue and appears to be in a garage. The person is focused on the task at hand, and the video captures the intricate details of the engine and the tools being used.",T2V_data/label/vidgen_filter_gemini_part_0_dpo_9/BGor6nlcSnA-Scene-0050/depth.mp4,T2V_data/label/vidgen_filter_gemini_part_0_dpo_9/BGor6nlcSnA-Scene-0050/aug_entity_20.png
T2V_data/VIDGEN-1M_unzip/BPs-QALECqs-Scene-0051.mp4,"In the video, a person is seen using a wrench to loosen a bolt on a piece of machinery. The person's hands are visible, and they are applying force to the wrench to turn it counterclockwise. The machinery appears to be made of metal and has a greenish hue. The person's hands are dirty, suggesting that they have been working with machinery or tools for some time. The wrench is silver and appears to be of a standard size. The background is blurred, but it seems to be an industrial setting.",T2V_data/label/vidgen_filter_gemini_part_0_dpo_9/BPs-QALECqs-Scene-0051/depth.mp4,T2V_data/label/vidgen_filter_gemini_part_0_dpo_9/BPs-QALECqs-Scene-0051/aug_entity_40.png
T2V_data/VIDGEN-1M_unzip/BfiY4RuAAXE-Scene-0036.mp4,"The video shows a baseball game in progress. The camera is focused on the outfield where a player is seen catching a ball. The stadium is filled with spectators, and the scoreboard is visible in the background. The player catches the ball and throws it back to the infield. The scoreboard shows the score as 2-1, and the game is in the 3rd inning. The player is wearing a blue uniform, and the stadium is lit up with bright lights.",T2V_data/label/vidgen_filter_gemini_part_0_dpo_9/BfiY4RuAAXE-Scene-0036/depth.mp4,T2V_data/label/vidgen_filter_gemini_part_0_dpo_9/BfiY4RuAAXE-Scene-0036/aug_entity_20.png
T2V_data/VIDGEN-1M_unzip/BvPNL1ShBPQ-Scene-0035.mp4,"The video shows two black kittens playing with each other on a white blanket. One kitten is lying on its back while the other kitten is standing over it. They are both batting at each other with their paws and biting gently. The kittens seem to be enjoying themselves and are not showing any signs of aggression. The blanket they are playing on is placed on a wooden floor, and there are other cat toys visible in the background. The kittens are both black with white paws and chests.",T2V_data/label/vidgen_filter_gemini_part_0_dpo_9/BvPNL1ShBPQ-Scene-0035/depth.mp4,T2V_data/label/vidgen_filter_gemini_part_0_dpo_9/BvPNL1ShBPQ-Scene-0035/aug_entity_20.png
T2V_data/VIDGEN-1M_unzip/C1hTIBmQZUM-Scene-0082.mp4,The video shows a close-up of a white bowl with a pile of white flour in it. A person is holding a sifter above the bowl and sifting white flour into it. The person then uses a spoon to stir the flour in the bowl.,T2V_data/label/vidgen_filter_gemini_part_0_dpo_9/C1hTIBmQZUM-Scene-0082/depth.mp4,T2V_data/label/vidgen_filter_gemini_part_0_dpo_9/C1hTIBmQZUM-Scene-0082/aug_entity_60.png
T2V_data/VIDGEN-1M_unzip/CRTZ-SvRErg-Scene-0055.mp4,"In the video, a man is seen using a large saw to cut through a piece of wood. The man is wearing a plaid shirt and is standing in a workshop. The saw is moving back and forth as he cuts through the wood. The workshop is filled with various tools and equipment, and there is a camera set up on a tripod in the background. The man appears to be focused on his task, and the saw is making a loud noise as it cuts through the wood.",T2V_data/label/vidgen_filter_gemini_part_0_dpo_9/CRTZ-SvRErg-Scene-0055/depth.mp4,T2V_data/label/vidgen_filter_gemini_part_0_dpo_9/CRTZ-SvRErg-Scene-0055/aug_entity_20.png
T2V_data/VIDGEN-1M_unzip/CRTZ-SvRErg-Scene-0055.mp4,"In the video, a man is seen using a large saw to cut through a piece of wood. The man is wearing a plaid shirt and is standing in a workshop. The saw is moving back and forth as he cuts through the wood. The workshop is filled with various tools and equipment, and there is a camera set up on a tripod in the background. The man appears to be focused on his task, and the saw is making a loud noise as it cuts through the wood.",T2V_data/label/vidgen_filter_gemini_part_0_dpo_9/CRTZ-SvRErg-Scene-0055/depth.mp4,T2V_data/label/vidgen_filter_gemini_part_0_dpo_9/CRTZ-SvRErg-Scene-0055/aug_entity_40.png
T2V_data/VIDGEN-1M_unzip/CRTZ-SvRErg-Scene-0055.mp4,"In the video, a man is seen using a large saw to cut through a piece of wood. The man is wearing a plaid shirt and is standing in a workshop. The saw is moving back and forth as he cuts through the wood. The workshop is filled with various tools and equipment, and there is a camera set up on a tripod in the background. The man appears to be focused on his task, and the saw is making a loud noise as it cuts through the wood.",T2V_data/label/vidgen_filter_gemini_part_0_dpo_9/CRTZ-SvRErg-Scene-0055/depth.mp4,T2V_data/label/vidgen_filter_gemini_part_0_dpo_9/CRTZ-SvRErg-Scene-0055/aug_entity_60.png
T2V_data/VIDGEN-1M_unzip/CRvQfKz3EYU-Scene-0070.mp4,"In the video, a person is seen adding wood to a small fire pit. The fire pit is made of metal and has a small fire burning inside of it. The person is using a stick to push the wood into the fire pit. The fire pit is placed on a concrete block, and there is grass and dirt visible in the background. The person continues to add more wood to the fire pit, and the fire grows larger as the video progresses.",T2V_data/label/vidgen_filter_gemini_part_0_dpo_9/CRvQfKz3EYU-Scene-0070/depth.mp4,T2V_data/label/vidgen_filter_gemini_part_0_dpo_9/CRvQfKz3EYU-Scene-0070/aug_entity_20.png
T2V_data/VIDGEN-1M_unzip/CU-G125gUKQ-Scene-0044.mp4,"In the video, a person is seen holding a stress ball in their hands. The stress ball is made of a clear material with small beads inside that are colored in shades of blue, purple, and pink. The person's nails are painted red, and they are squeezing the stress ball, causing the beads to move around inside. The background is a solid green color, and the person's hands are the only visible part of them.",T2V_data/label/vidgen_filter_gemini_part_0_dpo_9/CU-G125gUKQ-Scene-0044/depth.mp4,T2V_data/label/vidgen_filter_gemini_part_0_dpo_9/CU-G125gUKQ-Scene-0044/aug_entity_40.png
T2V_data/VIDGEN-1M_unzip/CXlsFGo2Keo-Scene-0015.mp4,"The video shows a woman in a kitchen, wearing a white chef's coat, standing in front of a cake. She is holding a wooden stick in her hand and is using a hammer to drive the stick into the top of the cake. The cake is white and appears to be covered in frosting. The woman seems to be trying to insert the stick into the cake, but it is not going in easily. She looks determined and keeps trying to hammer the stick into the cake. The kitchen is well-lit and there are various kitchen utensils and appliances visible in the background.",T2V_data/label/vidgen_filter_gemini_part_0_dpo_9/CXlsFGo2Keo-Scene-0015/depth.mp4,T2V_data/label/vidgen_filter_gemini_part_0_dpo_9/CXlsFGo2Keo-Scene-0015/aug_entity_40.png
T2V_data/VIDGEN-1M_unzip/Cc0rOwt3k7U-Scene-0015.mp4,"In the video, a woman is seen sitting on a couch with a wax strip on her face. She is wearing a pink tank top and has her hair pulled back. The wax strip is pink and is placed on her upper lip. She is holding a white paper towel and appears to be preparing to pull the strip off. The woman looks nervous and is holding her breath as she pulls the strip off. The video ends with her looking at the camera with a surprised expression.",T2V_data/label/vidgen_filter_gemini_part_0_dpo_9/Cc0rOwt3k7U-Scene-0015/depth.mp4,T2V_data/label/vidgen_filter_gemini_part_0_dpo_9/Cc0rOwt3k7U-Scene-0015/aug_entity_60.png
T2V_data/VIDGEN-1M_unzip/Cj58jYoU-8g-Scene-0030.mp4,"In the video, a person is seen pouring a white liquid into a bowl of a yellow mixture. The liquid is being poured from a white pitcher, and the bowl is placed on a blue surface. The person is using a spatula to mix the ingredients in the bowl. The background is blurred, but it appears to be a kitchen setting. The person's hands are visible as they pour the liquid and mix the ingredients. The video is shot from a close-up angle, focusing on the bowl and the person's hands.",T2V_data/label/vidgen_filter_gemini_part_0_dpo_9/Cj58jYoU-8g-Scene-0030/depth.mp4,T2V_data/label/vidgen_filter_gemini_part_0_dpo_9/Cj58jYoU-8g-Scene-0030/aug_entity_60.png
T2V_data/VIDGEN-1M_unzip/D1Gwz3jTGUc-Scene-0118.mp4,"The video shows two young men playing basketball in an indoor court. The player in the black shirt is dribbling the ball and making a move towards the basket. The player in the white shirt is defending him. The player in the black shirt then makes a jump shot and scores. The video is shot from the side of the court, and the players are the only ones visible in the frame. The court is well-lit, and the walls are white. There is a basketball hoop in the background.",T2V_data/label/vidgen_filter_gemini_part_0_dpo_9/D1Gwz3jTGUc-Scene-0118/depth.mp4,T2V_data/label/vidgen_filter_gemini_part_0_dpo_9/D1Gwz3jTGUc-Scene-0118/aug_entity_20.png
T2V_data/VIDGEN-1M_unzip/D1Gwz3jTGUc-Scene-0118.mp4,"The video shows two young men playing basketball in an indoor court. The player in the black shirt is dribbling the ball and making a move towards the basket. The player in the white shirt is defending him. The player in the black shirt then makes a jump shot and scores. The video is shot from the side of the court, and the players are the only ones visible in the frame. The court is well-lit, and the walls are white. There is a basketball hoop in the background.",T2V_data/label/vidgen_filter_gemini_part_0_dpo_9/D1Gwz3jTGUc-Scene-0118/depth.mp4,T2V_data/label/vidgen_filter_gemini_part_0_dpo_9/D1Gwz3jTGUc-Scene-0118/aug_entity_60.png
T2V_data/VIDGEN-1M_unzip/DFmWeVHVf1s-Scene-0038.mp4,"The video shows a hockey game in progress. The players are wearing orange and black uniforms. One player is seen skating towards the goal and scoring. The goalie, dressed in black, is standing in front of the net. The player who scored raises his arms in celebration, and the crowd in the stands can be seen cheering. The player is wearing a helmet, gloves, and skates. The rink is surrounded by boards with advertisements.",T2V_data/label/vidgen_filter_gemini_part_0_dpo_9/DFmWeVHVf1s-Scene-0038/depth.mp4,T2V_data/label/vidgen_filter_gemini_part_0_dpo_9/DFmWeVHVf1s-Scene-0038/aug_entity_20.png
T2V_data/VIDGEN-1M_unzip/DPzpJRC4w5A-Scene-0155.mp4,The video shows a man wearing a pink shirt and a white cap playing golf. He is standing on a green field with trees in the background. He swings his golf club and hits the ball. The man then turns around and walks away from the ball.,T2V_data/label/vidgen_filter_gemini_part_0_dpo_9/DPzpJRC4w5A-Scene-0155/depth.mp4,T2V_data/label/vidgen_filter_gemini_part_0_dpo_9/DPzpJRC4w5A-Scene-0155/aug_entity_20.png
T2V_data/VIDGEN-1M_unzip/DQTWDGd1C88-Scene-0034.mp4,"In the video, a person is seen holding a knife and cutting through a cardboard box. The box appears to be a standard Amazon package, with a blue and white label on the side. The person is using the knife to carefully cut along the edge of the box, making sure to cut through the cardboard and any tape that may be holding it together. The cutting action is deliberate and precise, indicating that the person is likely trying to open the box without damaging its contents.",T2V_data/label/vidgen_filter_gemini_part_0_dpo_9/DQTWDGd1C88-Scene-0034/depth.mp4,T2V_data/label/vidgen_filter_gemini_part_0_dpo_9/DQTWDGd1C88-Scene-0034/aug_entity_20.png
T2V_data/VIDGEN-1M_unzip/DQTWDGd1C88-Scene-0034.mp4,"In the video, a person is seen holding a knife and cutting through a cardboard box. The box appears to be a standard Amazon package, with a blue and white label on the side. The person is using the knife to carefully cut along the edge of the box, making sure to cut through the cardboard and any tape that may be holding it together. The cutting action is deliberate and precise, indicating that the person is likely trying to open the box without damaging its contents.",T2V_data/label/vidgen_filter_gemini_part_0_dpo_9/DQTWDGd1C88-Scene-0034/depth.mp4,T2V_data/label/vidgen_filter_gemini_part_0_dpo_9/DQTWDGd1C88-Scene-0034/aug_entity_40.png
T2V_data/VIDGEN-1M_unzip/DVbzjzkbwRw-Scene-0017.mp4,"In the video, a person is using a red and black sander to sand down a wooden surface. The sander is being moved back and forth over the wood, and the person is wearing a white glove on their right hand. The wooden surface appears to be a table or a door, and there is a brass door knob on the right side of the frame. The person is focused on sanding the area around the door knob, and the sander is making a noticeable difference in the smoothness of the wood. The lighting in the video is natural, and the background is blurred, but it seems to be an outdoor setting.",T2V_data/label/vidgen_filter_gemini_part_0_dpo_9/DVbzjzkbwRw-Scene-0017/depth.mp4,T2V_data/label/vidgen_filter_gemini_part_0_dpo_9/DVbzjzkbwRw-Scene-0017/aug_entity_60.png
T2V_data/VIDGEN-1M_unzip/Dc2loz8nySQ-Scene-0007.mp4,"In the video, a man is seen riding a bike on a sidewalk. He is wearing a black shirt and black pants. The bike is orange and black in color. The man is performing a trick where he jumps the bike over a small ledge. He successfully lands the trick and continues riding. The background shows a parking lot with several cars parked. There are also trees and bushes visible in the background.",T2V_data/label/vidgen_filter_gemini_part_0_dpo_9/Dc2loz8nySQ-Scene-0007/depth.mp4,T2V_data/label/vidgen_filter_gemini_part_0_dpo_9/Dc2loz8nySQ-Scene-0007/aug_entity_100.png
T2V_data/VIDGEN-1M_unzip/Dt90HbvX5TQ-Scene-0006.mp4,"The video shows a man surfing on a red surfboard in the ocean. He is wearing a red and black wetsuit and skillfully navigates the waves. The water is a deep blue color, and the waves are white and frothy. The man maintains his balance as he rides the waves, and the camera follows him from different angles.",T2V_data/label/vidgen_filter_gemini_part_0_dpo_9/Dt90HbvX5TQ-Scene-0006/depth.mp4,T2V_data/label/vidgen_filter_gemini_part_0_dpo_9/Dt90HbvX5TQ-Scene-0006/aug_entity_60.png
T2V_data/VIDGEN-1M_unzip/Dzz6kRJ2R00-Scene-0065.mp4,"In the video, we see a group of children in a living room. Two girls are standing in front of the camera, and one of them is holding a roll of toilet paper. The other girl is standing behind her, and the first girl begins to wrap the toilet paper around the second girl's arms. The second girl seems to be enjoying the activity and is smiling. In the background, we can see other children sitting on a couch and watching the scene. The room has a cozy and comfortable atmosphere, with a couch, a coffee table, and a picture frame on the wall. The children are all dressed casually, and the colors in the room are warm and inviting. Overall, the video captures a playful and joyful moment among friends.",T2V_data/label/vidgen_filter_gemini_part_0_dpo_9/Dzz6kRJ2R00-Scene-0065/depth.mp4,T2V_data/label/vidgen_filter_gemini_part_0_dpo_9/Dzz6kRJ2R00-Scene-0065/aug_entity_20.png
T2V_data/VIDGEN-1M_unzip/EHsRfLfBbiY-Scene-0097.mp4,"The video shows a soccer game in progress. Two players are seen in the frame, one wearing a yellow jersey and the other wearing a black jersey. The player in the yellow jersey is dribbling the ball while the player in the black jersey is trying to defend. The player in the yellow jersey manages to bypass the defender and takes a shot at the goal. The goalkeeper, wearing a blue jersey, dives to the right to block the shot. The video ends with the players in the frame and the ball in the air.",T2V_data/label/vidgen_filter_gemini_part_0_dpo_9/EHsRfLfBbiY-Scene-0097/depth.mp4,T2V_data/label/vidgen_filter_gemini_part_0_dpo_9/EHsRfLfBbiY-Scene-0097/aug_entity_20.png
T2V_data/VIDGEN-1M_unzip/EIyYBzMn7sg-Scene-0006.mp4,The video shows a woman riding a bicycle on a bike path. She is wearing a gray jacket and a skirt. Behind her is a yellow truck driving on the road. The bike path is red and there is a white railing on the side. The sky is clear and blue.,T2V_data/label/vidgen_filter_gemini_part_0_dpo_9/EIyYBzMn7sg-Scene-0006/depth.mp4,T2V_data/label/vidgen_filter_gemini_part_0_dpo_9/EIyYBzMn7sg-Scene-0006/aug_entity_20.png
T2V_data/VIDGEN-1M_unzip/EMsnnr4vD6M-Scene-0093.mp4,"In the video, a young man is seen performing a skateboard trick. He starts by pushing off the ground with his foot and then jumps onto the skateboard. He then flips the skateboard with his feet while in the air and lands back on it. The man is wearing a black t-shirt and gray pants. The skateboard has a red and white design on the bottom. The background shows a wall with various colorful skateboards hanging on it.",T2V_data/label/vidgen_filter_gemini_part_0_dpo_9/EMsnnr4vD6M-Scene-0093/depth.mp4,T2V_data/label/vidgen_filter_gemini_part_0_dpo_9/EMsnnr4vD6M-Scene-0093/aug_entity_20.png
T2V_data/VIDGEN-1M_unzip/EOnocSVTPUs-Scene-0039.mp4,"In the video, a man is holding a piece of wood in his hand. He is using a screwdriver to make holes in the wood. The wood appears to be a light brown color, and the screwdriver is black and silver. The man is wearing a ring on his left hand. The background is a dark blue carpet.",T2V_data/label/vidgen_filter_gemini_part_0_dpo_9/EOnocSVTPUs-Scene-0039/depth.mp4,T2V_data/label/vidgen_filter_gemini_part_0_dpo_9/EOnocSVTPUs-Scene-0039/aug_entity_20.png
T2V_data/VIDGEN-1M_unzip/ET2APfeanoo-Scene-0029.mp4,"The video shows a boxing match between two boxers in a ring. One boxer is wearing blue shorts and the other is wearing black shorts. The referee is standing in the middle of the ring, wearing a white shirt and black pants. The boxers are throwing punches at each other, with the boxer in blue shorts landing a punch on the boxer in black shorts. The boxer in black shorts is knocked down onto the mat. The crowd in the background is cheering and clapping.",T2V_data/label/vidgen_filter_gemini_part_0_dpo_9/ET2APfeanoo-Scene-0029/depth.mp4,T2V_data/label/vidgen_filter_gemini_part_0_dpo_9/ET2APfeanoo-Scene-0029/aug_entity_20.png
T2V_data/VIDGEN-1M_unzip/EWHFnHZ6FOo-Scene-0056.mp4,"The video shows a young child riding a tricycle in a kitchen. The child is wearing a green shirt and shorts. The tricycle is red and white with three wheels. The child is riding the tricycle around the kitchen, passing by a cabinet and a refrigerator. The kitchen has wooden flooring and white cabinets.",T2V_data/label/vidgen_filter_gemini_part_0_dpo_9/EWHFnHZ6FOo-Scene-0056/depth.mp4,T2V_data/label/vidgen_filter_gemini_part_0_dpo_9/EWHFnHZ6FOo-Scene-0056/aug_entity_40.png
T2V_data/VIDGEN-1M_unzip/EaEa8MkMyXU-Scene-0006.mp4,"In the video, a person is seen cutting a yellow fruit with a knife. The fruit is placed on a wooden cutting board. The person cuts the fruit into two halves, and then proceeds to peel the skin off the fruit. The person's hands are visible, and they are wearing a ring on their left hand. The knife used for cutting is silver and appears to be sharp. The fruit has a smooth texture and a vibrant yellow color. The background is blurred, but it appears to be a kitchen setting.",T2V_data/label/vidgen_filter_gemini_part_0_dpo_9/EaEa8MkMyXU-Scene-0006/depth.mp4,T2V_data/label/vidgen_filter_gemini_part_0_dpo_9/EaEa8MkMyXU-Scene-0006/aug_entity_20.png
T2V_data/VIDGEN-1M_unzip/EgETsWVfiJU-Scene-0026.mp4,"In the video, a person is seen cooking a dish in a pan on a stove. The pan contains a mixture of green vegetables and onions, which are being stirred with a wooden spoon. The person adds a liquid ingredient to the mixture, which appears to be a type of sauce or broth. The liquid is poured from a small glass container and is added to the pan with the vegetables and onions. The person then continues to stir the mixture with the wooden spoon, ensuring that the ingredients are well combined. The stove is turned on, and the heat is applied to the pan, causing the mixture to cook and simmer. The video ends with the person continuing to stir the mixture in the pan.",T2V_data/label/vidgen_filter_gemini_part_0_dpo_9/EgETsWVfiJU-Scene-0026/depth.mp4,T2V_data/label/vidgen_filter_gemini_part_0_dpo_9/EgETsWVfiJU-Scene-0026/aug_entity_40.png
T2V_data/VIDGEN-1M_unzip/EgkV0d3DtzY-Scene-0018.mp4,"In the video, a person is seen holding a knife in their right hand and a red and silver multi-tool in their left hand. The person uses the knife to cut through a piece of blue tape. The background is a wooden surface.",T2V_data/label/vidgen_filter_gemini_part_0_dpo_9/EgkV0d3DtzY-Scene-0018/depth.mp4,T2V_data/label/vidgen_filter_gemini_part_0_dpo_9/EgkV0d3DtzY-Scene-0018/aug_entity_40.png
T2V_data/VIDGEN-1M_unzip/EpEA6lt95xM-Scene-0110.mp4,The video shows a man sitting in the back seat of a car. He is wearing a black jacket and blue jeans. The car has black leather seats. The man is talking and gesturing with his hands. He then leans forward and demonstrates how the seat can be adjusted. The video ends with the man sitting back in the seat.,T2V_data/label/vidgen_filter_gemini_part_0_dpo_9/EpEA6lt95xM-Scene-0110/depth.mp4,T2V_data/label/vidgen_filter_gemini_part_0_dpo_9/EpEA6lt95xM-Scene-0110/aug_entity_20.png
T2V_data/VIDGEN-1M_unzip/F0iMHBCBXDA-Scene-0151.mp4,"In the video, a woman is sitting inside a car that is filled with colorful balls. She is wearing a black dress and has long curly hair. The car is parked in a garage, and the woman is smiling and laughing as she plays with the balls. She picks up a green ball and throws it at the camera, then throws a red ball out of the car. The car is black with a red interior, and there are several other balls scattered on the floor outside the car.",T2V_data/label/vidgen_filter_gemini_part_0_dpo_9/F0iMHBCBXDA-Scene-0151/depth.mp4,T2V_data/label/vidgen_filter_gemini_part_0_dpo_9/F0iMHBCBXDA-Scene-0151/aug_entity_20.png
T2V_data/VIDGEN-1M_unzip/FC0xNmnjG9Q-Scene-0006.mp4,"The video shows a small boat in the middle of a stormy sea. The boat is green and red and is being tossed around by the waves. The sky is dark and the rain is pouring down, making the sea even more turbulent. The boat is struggling to stay afloat as it is hit by wave after wave. Despite the rough conditions, the boat continues to move forward, fighting against the force of the sea.",T2V_data/label/vidgen_filter_gemini_part_0_dpo_9/FC0xNmnjG9Q-Scene-0006/depth.mp4,T2V_data/label/vidgen_filter_gemini_part_0_dpo_9/FC0xNmnjG9Q-Scene-0006/aug_entity_20.png
T2V_data/VIDGEN-1M_unzip/FC0xNmnjG9Q-Scene-0006.mp4,"The video shows a small boat in the middle of a stormy sea. The boat is green and red and is being tossed around by the waves. The sky is dark and the rain is pouring down, making the sea even more turbulent. The boat is struggling to stay afloat as it is hit by wave after wave. Despite the rough conditions, the boat continues to move forward, fighting against the force of the sea.",T2V_data/label/vidgen_filter_gemini_part_0_dpo_9/FC0xNmnjG9Q-Scene-0006/depth.mp4,T2V_data/label/vidgen_filter_gemini_part_0_dpo_9/FC0xNmnjG9Q-Scene-0006/aug_entity_60.png
T2V_data/VIDGEN-1M_unzip/FSuNtpTgvOE-Scene-0071.mp4,"The video shows a baseball player in a white uniform with the word ""Dodgers"" on the front, standing in the batter's box ready to hit the ball. The player is wearing a blue helmet and blue and green shoes. The pitcher, who is not visible, throws the ball, and the batter swings and hits it. The scene takes place in a stadium filled with spectators. The scoreboard shows a 0-1 count with 24 pitches. The video is a screen recording of a baseball video game.",T2V_data/label/vidgen_filter_gemini_part_0_dpo_9/FSuNtpTgvOE-Scene-0071/depth.mp4,T2V_data/label/vidgen_filter_gemini_part_0_dpo_9/FSuNtpTgvOE-Scene-0071/aug_entity_40.png
T2V_data/VIDGEN-1M_unzip/FxSmBbXSDl0-Scene-0155.mp4,"In the video, a person is seen pulling apart a piece of meat on a cutting board. The person's hands are visible, and they are using their fingers to separate the meat into smaller pieces. The meat appears to be shredded, and there are already some pieces scattered on the cutting board. The person's movements are deliberate and careful, indicating that they are trying to create evenly sized pieces. The cutting board is wooden, and the background is blurred, focusing the viewer's attention on the meat and the person's hands.",T2V_data/label/vidgen_filter_gemini_part_0_dpo_9/FxSmBbXSDl0-Scene-0155/depth.mp4,T2V_data/label/vidgen_filter_gemini_part_0_dpo_9/FxSmBbXSDl0-Scene-0155/aug_entity_20.png
T2V_data/VIDGEN-1M_unzip/G1xL8tG6RSg-Scene-0095.mp4,The video shows a man in a bowling alley. He is wearing a black hoodie and black pants. He is holding a red bowling ball and is preparing to bowl. The man takes a few steps forward and then throws the ball down the lane. The ball hits the pins and knocks them all down. The man then walks back up the lane.,T2V_data/label/vidgen_filter_gemini_part_0_dpo_9/G1xL8tG6RSg-Scene-0095/depth.mp4,T2V_data/label/vidgen_filter_gemini_part_0_dpo_9/G1xL8tG6RSg-Scene-0095/aug_entity_20.png
T2V_data/VIDGEN-1M_unzip/G3PHPNYnXds-Scene-0027.mp4,"The video shows a person wearing gloves working on a car. The person is using a tool to remove a bolt from a part of the car. The car appears to be a dark color, and the person is wearing a white glove on one hand and a black glove on the other. The tool used to remove the bolt is silver and appears to be a wrench. The person is focused on the task and is using a lot of force to remove the bolt.",T2V_data/label/vidgen_filter_gemini_part_0_dpo_9/G3PHPNYnXds-Scene-0027/depth.mp4,T2V_data/label/vidgen_filter_gemini_part_0_dpo_9/G3PHPNYnXds-Scene-0027/aug_entity_40.png
T2V_data/VIDGEN-1M_unzip/G6s3w6KzMEU-Scene-0131.mp4,"The video shows a machine with a large metal press that is being used to mold a black plastic object. The press moves down and then up, and the object is seen being shaped by the machine. The machine has several metal rods and wires attached to it, and there is a lot of smoke coming from the object as it is being molded.",T2V_data/label/vidgen_filter_gemini_part_0_dpo_9/G6s3w6KzMEU-Scene-0131/depth.mp4,T2V_data/label/vidgen_filter_gemini_part_0_dpo_9/G6s3w6KzMEU-Scene-0131/aug_entity_20.png
T2V_data/VIDGEN-1M_unzip/G6s3w6KzMEU-Scene-0131.mp4,"The video shows a machine with a large metal press that is being used to mold a black plastic object. The press moves down and then up, and the object is seen being shaped by the machine. The machine has several metal rods and wires attached to it, and there is a lot of smoke coming from the object as it is being molded.",T2V_data/label/vidgen_filter_gemini_part_0_dpo_9/G6s3w6KzMEU-Scene-0131/depth.mp4,T2V_data/label/vidgen_filter_gemini_part_0_dpo_9/G6s3w6KzMEU-Scene-0131/aug_entity_40.png
T2V_data/VIDGEN-1M_unzip/GCffsJW3XEA-Scene-0029.mp4,"The video shows a group of people in a room with a large table. They are all wearing green shirts and gloves, and they are working together to move a large animal onto the table. The animal appears to be a lion, and it is being carefully handled by the group. The room has a clinical feel, with white walls and medical equipment visible in the background. The people seem to be focused and coordinated in their efforts to move the animal.",T2V_data/label/vidgen_filter_gemini_part_0_dpo_9/GCffsJW3XEA-Scene-0029/depth.mp4,T2V_data/label/vidgen_filter_gemini_part_0_dpo_9/GCffsJW3XEA-Scene-0029/aug_entity_40.png
T2V_data/VIDGEN-1M_unzip/GFB4HKozfhY-Scene-0069.mp4,"In the video, a person is seen riding a motorcycle up a steep hill. The motorcycle is large and appears to be designed for off-road use. The rider is wearing a helmet and protective gear, suggesting that they are taking safety precautions. As the motorcycle ascends the hill, it kicks up a cloud of dust, indicating the loose nature of the terrain. The rider manages to make it to the top of the hill, where another person is waiting with a camera. The second person appears to be recording the rider's successful climb. The surrounding landscape is hilly and barren, with no visible vegetation. The sky is overcast, suggesting that the weather is cloudy. Overall, the video captures a thrilling moment of off-road motorcycle riding in a rugged landscape.",T2V_data/label/vidgen_filter_gemini_part_0_dpo_9/GFB4HKozfhY-Scene-0069/depth.mp4,T2V_data/label/vidgen_filter_gemini_part_0_dpo_9/GFB4HKozfhY-Scene-0069/aug_entity_40.png
T2V_data/VIDGEN-1M_unzip/GJoDRUybisw-Scene-0003.mp4,"In the video, a small dog is seen playing with a toy dog on a rug. The dog is standing on its hind legs and appears to be biting and pulling on the toy. The toy dog is brown and is lying on its back on the rug. The rug is red and white with a pattern on it. The dog is gray and appears to be a small breed. The room is well-lit and there is a white cabinet in the background.",T2V_data/label/vidgen_filter_gemini_part_0_dpo_9/GJoDRUybisw-Scene-0003/depth.mp4,T2V_data/label/vidgen_filter_gemini_part_0_dpo_9/GJoDRUybisw-Scene-0003/aug_entity_40.png
T2V_data/VIDGEN-1M_unzip/GPgCuA-0YBM-Scene-0046.mp4,The video shows a person water skiing on a lake. The skier is wearing a life jacket and is being pulled by a boat. The skier is holding onto a rope that is attached to the boat. The water is calm and there are trees visible in the background. The skier is moving at a moderate speed and appears to be enjoying the activity.,T2V_data/label/vidgen_filter_gemini_part_0_dpo_9/GPgCuA-0YBM-Scene-0046/depth.mp4,T2V_data/label/vidgen_filter_gemini_part_0_dpo_9/GPgCuA-0YBM-Scene-0046/aug_entity_20.png
T2V_data/VIDGEN-1M_unzip/GV71WdnsPdI-Scene-0040.mp4,"In the video, a baseball player is seen standing at home plate, holding a bat. He is wearing a white uniform with red lettering and a black helmet. The catcher is crouched behind him, wearing a gray uniform. The player swings the bat and hits the ball, then drops the bat and begins to run towards first base. The crowd in the background is cheering and clapping.",T2V_data/label/vidgen_filter_gemini_part_0_dpo_9/GV71WdnsPdI-Scene-0040/depth.mp4,T2V_data/label/vidgen_filter_gemini_part_0_dpo_9/GV71WdnsPdI-Scene-0040/aug_entity_20.png
T2V_data/VIDGEN-1M_unzip/GZcKitjU8i0-Scene-0008.mp4,"In the video, a woman is seen holding a piece of fabric in her hands. She is using a sewing machine to sew the fabric. The woman is wearing a ring on her left hand. The sewing machine is white and has a digital display. The fabric is brown and appears to be a piece of clothing. The woman is sewing with a straight stitch. The background is a room with a window and a table.",T2V_data/label/vidgen_filter_gemini_part_0_dpo_9/GZcKitjU8i0-Scene-0008/depth.mp4,T2V_data/label/vidgen_filter_gemini_part_0_dpo_9/GZcKitjU8i0-Scene-0008/aug_entity_40.png
T2V_data/VIDGEN-1M_unzip/GZcKitjU8i0-Scene-0008.mp4,"In the video, a woman is seen holding a piece of fabric in her hands. She is using a sewing machine to sew the fabric. The woman is wearing a ring on her left hand. The sewing machine is white and has a digital display. The fabric is brown and appears to be a piece of clothing. The woman is sewing with a straight stitch. The background is a room with a window and a table.",T2V_data/label/vidgen_filter_gemini_part_0_dpo_9/GZcKitjU8i0-Scene-0008/depth.mp4,T2V_data/label/vidgen_filter_gemini_part_0_dpo_9/GZcKitjU8i0-Scene-0008/aug_entity_60.png
T2V_data/VIDGEN-1M_unzip/Gjy57xBZ1_A-Scene-0107.mp4,"In the video, a man is seen lying down in the back seat of a car with his head resting on the seat. A large brown dog is standing on the man's back, moving around and walking on him. The man appears to be relaxed and not bothered by the dog's actions. The car has red seats and the man is wearing a black shirt and khaki pants. The dog seems to be enjoying the attention it is getting from the man.",T2V_data/label/vidgen_filter_gemini_part_0_dpo_9/Gjy57xBZ1_A-Scene-0107/depth.mp4,T2V_data/label/vidgen_filter_gemini_part_0_dpo_9/Gjy57xBZ1_A-Scene-0107/aug_entity_40.png
T2V_data/VIDGEN-1M_unzip/HN0DRHrUBUU-Scene-0094.mp4,"The video features a person holding a pink bottle with a black cap. The person is seen shaking the bottle and then spraying it. The bottle appears to be a spray can, and the person seems to be demonstrating how to use it. The background is blurred, but it appears to be an indoor setting. The person's attire is not clearly visible, but they seem to be wearing a dark-colored shirt. The video is shot from a close-up angle, focusing on the person's hand and the bottle.",T2V_data/label/vidgen_filter_gemini_part_0_dpo_9/HN0DRHrUBUU-Scene-0094/depth.mp4,T2V_data/label/vidgen_filter_gemini_part_0_dpo_9/HN0DRHrUBUU-Scene-0094/aug_entity_60.png
T2V_data/VIDGEN-1M_unzip/HUPDvcb1_Ps-Scene-0038.mp4,"In the video, a man is seen working on a wooden structure. He is using a yellow power tool to drill a hole into the wood. The man is wearing a white shirt and is focused on his task. The wooden structure appears to be a part of a larger project, possibly a piece of furniture or a construction project. The man's movements are precise and deliberate, indicating that he is experienced in using the power tool. The background is blurred, but it seems to be an outdoor setting with natural light.",T2V_data/label/vidgen_filter_gemini_part_0_dpo_9/HUPDvcb1_Ps-Scene-0038/depth.mp4,T2V_data/label/vidgen_filter_gemini_part_0_dpo_9/HUPDvcb1_Ps-Scene-0038/aug_entity_60.png
T2V_data/VIDGEN-1M_unzip/HcTzg3LvQLc-Scene-0038.mp4,"In the video, a person is seen holding a white bowl and cracking eggs into it. The person cracks three eggs, and the yolks and whites fall into the bowl. The person then picks up the bowl and shakes it, separating the yolks from the whites. The person then cracks another egg and separates the yolk from the white. The video ends with the person holding the bowl with the yolk and white separated.",T2V_data/label/vidgen_filter_gemini_part_0_dpo_9/HcTzg3LvQLc-Scene-0038/depth.mp4,T2V_data/label/vidgen_filter_gemini_part_0_dpo_9/HcTzg3LvQLc-Scene-0038/aug_entity_60.png
T2V_data/VIDGEN-1M_unzip/I0e5Nmxu9Ck-Scene-0067.mp4,"In the video, a person is seen using a wrench to tighten a bolt on a piece of machinery. The person's hands are covered in grease, indicating that they may be a mechanic or working in a workshop environment. The machinery appears to be made of metal, and the bolt is silver in color. The person's movements are deliberate and precise, suggesting that they are experienced in this task. The background is not clearly visible, but it seems to be an indoor setting with artificial lighting.",T2V_data/label/vidgen_filter_gemini_part_0_dpo_9/I0e5Nmxu9Ck-Scene-0067/depth.mp4,T2V_data/label/vidgen_filter_gemini_part_0_dpo_9/I0e5Nmxu9Ck-Scene-0067/aug_entity_60.png
T2V_data/VIDGEN-1M_unzip/IEg0_RSHvmk-Scene-0013.mp4,"In the video, we see a close-up of two glasses of water on a table. The glasses are clear and filled with water. A person's hand is seen holding a metal container, which is used to pour water into one of the glasses. The water is poured carefully, and the person's hand is steady. The glasses are placed on a dark surface, and the background is blurred, but it appears to be an indoor setting. The video does not contain any text or subtitles.",T2V_data/label/vidgen_filter_gemini_part_0_dpo_9/IEg0_RSHvmk-Scene-0013/depth.mp4,T2V_data/label/vidgen_filter_gemini_part_0_dpo_9/IEg0_RSHvmk-Scene-0013/aug_entity_20.png
T2V_data/VIDGEN-1M_unzip/IeoK0uURO5k-Scene-0012.mp4,"The video shows a soldier in a desert environment, standing behind a sandbag barrier. The soldier is wearing a helmet and is holding a rifle with a scope. The soldier is aiming the rifle and firing at a target in the distance. The sun is setting in the background, casting a warm glow over the scene. The soldier's movements are steady and focused as he takes aim and fires.",T2V_data/label/vidgen_filter_gemini_part_0_dpo_9/IeoK0uURO5k-Scene-0012/depth.mp4,T2V_data/label/vidgen_filter_gemini_part_0_dpo_9/IeoK0uURO5k-Scene-0012/aug_entity_20.png
T2V_data/VIDGEN-1M_unzip/Ihf4mdvoRwI-Scene-0201.mp4,"The video features a group of animated characters playing with a large beach ball. The ball is yellow and blue and is being bounced around by the characters. The setting appears to be a playground with green grass and a rock wall in the background. The characters are colorful and have different designs, including one that resembles a strawberry. The ball is the main focus of the video, and the characters seem to be having fun playing with it.",T2V_data/label/vidgen_filter_gemini_part_0_dpo_9/Ihf4mdvoRwI-Scene-0201/depth.mp4,T2V_data/label/vidgen_filter_gemini_part_0_dpo_9/Ihf4mdvoRwI-Scene-0201/aug_entity_40.png
T2V_data/VIDGEN-1M_unzip/IjaiQRxjCPE-Scene-0017.mp4,"The video shows a hockey game in progress. A player wearing a white jersey with the number 16 is seen skating on the ice with a hockey stick in hand. He is followed by two players wearing red and yellow jerseys, who are attempting to block him. The player in the white jersey manages to dodge the two players and continues skating towards the goal. The video is shot from a distance, capturing the entire rink and the players' movements.",T2V_data/label/vidgen_filter_gemini_part_0_dpo_9/IjaiQRxjCPE-Scene-0017/depth.mp4,T2V_data/label/vidgen_filter_gemini_part_0_dpo_9/IjaiQRxjCPE-Scene-0017/aug_entity_40.png
T2V_data/VIDGEN-1M_unzip/IsU7w5BtDSE-Scene-0018.mp4,"In the video, a young man is seen skateboarding down a street. He is wearing a white shirt, black pants, and a black cap. The skateboard has a wooden deck with red wheels. The street is lined with houses and trees, and there is a car parked on the side of the road. The young man is performing various tricks on the skateboard, including turning and jumping. The video captures the action from different angles, showcasing the skateboarder's skills and the surrounding environment.",T2V_data/label/vidgen_filter_gemini_part_0_dpo_9/IsU7w5BtDSE-Scene-0018/depth.mp4,T2V_data/label/vidgen_filter_gemini_part_0_dpo_9/IsU7w5BtDSE-Scene-0018/aug_entity_20.png
T2V_data/VIDGEN-1M_unzip/IvaImqrrYrg-Scene-0033.mp4,"In the video, a person is seen holding a fishing rod with a green handle and a black reel. The person is wearing a green jacket and is standing in the snow. The fishing line is cast into a hole in the snow, and the person is holding a small fish with a silver lure in its mouth. The fish is yellow with a white belly and is being held up for the camera. The person then releases the fish back into the hole in the snow. The video ends with the person reeling in the fishing line.",T2V_data/label/vidgen_filter_gemini_part_0_dpo_9/IvaImqrrYrg-Scene-0033/depth.mp4,T2V_data/label/vidgen_filter_gemini_part_0_dpo_9/IvaImqrrYrg-Scene-0033/aug_entity_40.png
T2V_data/VIDGEN-1M_unzip/JAkvsKYJFt0-Scene-0016.mp4,"The video shows a person's legs and feet as they zip line through a forest. The person is wearing blue jeans and black shoes with white laces. The forest is dense with tall trees, and the ground below is covered in snow. The person is moving at a steady pace, and the zip line is attached to a cable that runs above them. The video captures the thrill and excitement of the ride as the person glides through the air, surrounded by the natural beauty of the forest.",T2V_data/label/vidgen_filter_gemini_part_0_dpo_9/JAkvsKYJFt0-Scene-0016/depth.mp4,T2V_data/label/vidgen_filter_gemini_part_0_dpo_9/JAkvsKYJFt0-Scene-0016/aug_entity_20.png
T2V_data/VIDGEN-1M_unzip/JV3KIDhzh6U-Scene-0014.mp4,"In the video, a young man is seen standing in a room with wooden walls and two fans hanging from the ceiling. He is wearing a black t-shirt and has a blue object in his hand. The man is talking to the camera and gesturing with his hands. He then throws the blue object up in the air and catches it behind his back. The video ends with the man looking up at the camera and smiling.",T2V_data/label/vidgen_filter_gemini_part_0_dpo_9/JV3KIDhzh6U-Scene-0014/depth.mp4,T2V_data/label/vidgen_filter_gemini_part_0_dpo_9/JV3KIDhzh6U-Scene-0014/aug_entity_60.png
T2V_data/VIDGEN-1M_unzip/JYoxa84akjQ-Scene-0092.mp4,The video shows a person swimming underwater in a lake. The person is wearing a black and white wetsuit and is holding a blue paddle. The water is clear and the bottom of the lake is visible. The person is swimming towards a rock formation and appears to be exploring the underwater environment.,T2V_data/label/vidgen_filter_gemini_part_0_dpo_9/JYoxa84akjQ-Scene-0092/depth.mp4,T2V_data/label/vidgen_filter_gemini_part_0_dpo_9/JYoxa84akjQ-Scene-0092/aug_entity_20.png
T2V_data/VIDGEN-1M_unzip/JhCO3x6Q5pg-Scene-0011.mp4,"In the video, a person is seen standing in a kitchen, holding a sieve over a bowl. The person is wearing a black apron with some text on it. The sieve is made of metal and has a wooden handle. The person is shaking the sieve, causing some small particles to fall into the bowl below. The kitchen has a wooden countertop and there are various kitchen appliances and utensils visible in the background. The person's movements are deliberate and careful as they ensure that all the particles are filtered out. The lighting in the kitchen is bright, and the overall atmosphere is clean and organized.",T2V_data/label/vidgen_filter_gemini_part_0_dpo_9/JhCO3x6Q5pg-Scene-0011/depth.mp4,T2V_data/label/vidgen_filter_gemini_part_0_dpo_9/JhCO3x6Q5pg-Scene-0011/aug_entity_40.png
T2V_data/VIDGEN-1M_unzip/Jkpmif-nz2U-Scene-0086.mp4,"The video shows a person riding a scooter down a ramp and then jumping off it. The person is wearing a helmet, knee pads, and elbow pads. The ramp has a large logo on it. There are people watching from the top of the ramp. The person rides down the ramp, jumps off it, and lands on the ground. The person then walks up a set of stairs with the scooter.",T2V_data/label/vidgen_filter_gemini_part_0_dpo_9/Jkpmif-nz2U-Scene-0086/depth.mp4,T2V_data/label/vidgen_filter_gemini_part_0_dpo_9/Jkpmif-nz2U-Scene-0086/aug_entity_20.png
T2V_data/VIDGEN-1M_unzip/KFbEB88YhaE-Scene-0040.mp4,"In the video, a person is seen sitting at a table with a plate of food in front of them. The person is using a knife to spread butter on the food. The table is covered with a white tablecloth and there is an orange on the table. The person is wearing a red sweater and has a ring on their finger. The food appears to be toast or bread. The person is focused on the task at hand and is spreading the butter evenly on the food. The orange is untouched and is placed to the side of the plate. The knife used for spreading the butter is silver and has a black handle. The lighting in the room is bright and the overall atmosphere is calm and peaceful.",T2V_data/label/vidgen_filter_gemini_part_0_dpo_9/KFbEB88YhaE-Scene-0040/depth.mp4,T2V_data/label/vidgen_filter_gemini_part_0_dpo_9/KFbEB88YhaE-Scene-0040/aug_entity_80.png
T2V_data/VIDGEN-1M_unzip/KLKG6MlHFM8-Scene-0011.mp4,"The video shows a person cutting a piece of cheese on a wooden cutting board. The cheese is yellow and has a crumbly texture. The person uses a knife to cut the cheese into smaller pieces. The cutting board is placed on a countertop, and there is another piece of cheese on the board. The person's hand is visible as they cut the cheese.",T2V_data/label/vidgen_filter_gemini_part_0_dpo_9/KLKG6MlHFM8-Scene-0011/depth.mp4,T2V_data/label/vidgen_filter_gemini_part_0_dpo_9/KLKG6MlHFM8-Scene-0011/aug_entity_20.png
T2V_data/VIDGEN-1M_unzip/KLKG6MlHFM8-Scene-0011.mp4,"The video shows a person cutting a piece of cheese on a wooden cutting board. The cheese is yellow and has a crumbly texture. The person uses a knife to cut the cheese into smaller pieces. The cutting board is placed on a countertop, and there is another piece of cheese on the board. The person's hand is visible as they cut the cheese.",T2V_data/label/vidgen_filter_gemini_part_0_dpo_9/KLKG6MlHFM8-Scene-0011/depth.mp4,T2V_data/label/vidgen_filter_gemini_part_0_dpo_9/KLKG6MlHFM8-Scene-0011/aug_entity_60.png
T2V_data/VIDGEN-1M_unzip/KLg4KstaWKA-Scene-0080.mp4,"In the video, a man is seen standing in a parking lot at night. He is holding a baseball bat and appears to be swinging it. The man is wearing a dark-colored outfit and a baseball cap. The parking lot is empty, and there are no other people or vehicles visible in the video. The lighting is dim, and the man's movements are the main focus of the video.",T2V_data/label/vidgen_filter_gemini_part_0_dpo_9/KLg4KstaWKA-Scene-0080/depth.mp4,T2V_data/label/vidgen_filter_gemini_part_0_dpo_9/KLg4KstaWKA-Scene-0080/aug_entity_40.png
T2V_data/VIDGEN-1M_unzip/KMmErFORdJQ-Scene-0033.mp4,"The video shows a person wearing blue gloves holding a piece of meat on a red cutting board. The person is seen pressing down on the meat with their fingers and then using a knife to cut it. The meat appears to be a dark red color, and the person is cutting it into smaller pieces. The cutting board is placed on a white surface, and there is a yellow object in the background.",T2V_data/label/vidgen_filter_gemini_part_0_dpo_9/KMmErFORdJQ-Scene-0033/depth.mp4,T2V_data/label/vidgen_filter_gemini_part_0_dpo_9/KMmErFORdJQ-Scene-0033/aug_entity_20.png
T2V_data/VIDGEN-1M_unzip/KMmErFORdJQ-Scene-0033.mp4,"The video shows a person wearing blue gloves holding a piece of meat on a red cutting board. The person is seen pressing down on the meat with their fingers and then using a knife to cut it. The meat appears to be a dark red color, and the person is cutting it into smaller pieces. The cutting board is placed on a white surface, and there is a yellow object in the background.",T2V_data/label/vidgen_filter_gemini_part_0_dpo_9/KMmErFORdJQ-Scene-0033/depth.mp4,T2V_data/label/vidgen_filter_gemini_part_0_dpo_9/KMmErFORdJQ-Scene-0033/aug_entity_40.png
T2V_data/VIDGEN-1M_unzip/KOj8XbGvMuY-Scene-0024.mp4,"In this video, a person is seen using a pair of pliers to hold a small piece of wire. The person then uses a needle to poke through the wire, creating a hole. After that, the person takes a small bead and threads it onto the wire through the hole. The person repeats this process several times, threading beads onto the wire and creating a beaded wire. The person's hands are visible in the video, and they are wearing a ring on their left hand. The background is a plain surface, and there are no other objects or people visible in the video.",T2V_data/label/vidgen_filter_gemini_part_0_dpo_9/KOj8XbGvMuY-Scene-0024/depth.mp4,T2V_data/label/vidgen_filter_gemini_part_0_dpo_9/KOj8XbGvMuY-Scene-0024/aug_entity_40.png
T2V_data/VIDGEN-1M_unzip/KUqu_Ps8WFU-Scene-0017.mp4,"In the video, there is a toy carousel with a pink umbrella and a giraffe figurine sitting on it. A person's finger is seen pushing the carousel, causing it to spin. The carousel is set against a brightly colored background.",T2V_data/label/vidgen_filter_gemini_part_0_dpo_9/KUqu_Ps8WFU-Scene-0017/depth.mp4,T2V_data/label/vidgen_filter_gemini_part_0_dpo_9/KUqu_Ps8WFU-Scene-0017/aug_entity_40.png
T2V_data/VIDGEN-1M_unzip/KUqu_Ps8WFU-Scene-0017.mp4,"In the video, there is a toy carousel with a pink umbrella and a giraffe figurine sitting on it. A person's finger is seen pushing the carousel, causing it to spin. The carousel is set against a brightly colored background.",T2V_data/label/vidgen_filter_gemini_part_0_dpo_9/KUqu_Ps8WFU-Scene-0017/depth.mp4,T2V_data/label/vidgen_filter_gemini_part_0_dpo_9/KUqu_Ps8WFU-Scene-0017/aug_entity_60.png
T2V_data/VIDGEN-1M_unzip/KyQOhjm5NyA-Scene-0030.mp4,"In the video, a black Tesla car is being towed by a blue tow truck. The car is being pushed by a man wearing a green and black uniform. The tow truck is driving on the road, and there are other cars visible in the background. The man pushing the car is using his body weight to guide the car onto the tow truck. The sky is clear, and there are trees visible in the background.",T2V_data/label/vidgen_filter_gemini_part_0_dpo_9/KyQOhjm5NyA-Scene-0030/depth.mp4,T2V_data/label/vidgen_filter_gemini_part_0_dpo_9/KyQOhjm5NyA-Scene-0030/aug_entity_20.png
T2V_data/VIDGEN-1M_unzip/LMNW9iBnZWw-Scene-0025.mp4,"The video shows a man wearing boxing gloves practicing punches with another man who is holding a pad for him to hit. The man with the gloves is throwing punches with great force, and the man with the pad is holding it steady to absorb the impact. The background is a crowded room with several people watching the practice session. The man with the gloves is wearing a black tank top and white shorts, while the man with the pad is wearing a white shirt with a pattern of red dots. The video is shot from a close-up angle, focusing on the action of the two men.",T2V_data/label/vidgen_filter_gemini_part_0_dpo_9/LMNW9iBnZWw-Scene-0025/depth.mp4,T2V_data/label/vidgen_filter_gemini_part_0_dpo_9/LMNW9iBnZWw-Scene-0025/aug_entity_60.png
T2V_data/VIDGEN-1M_unzip/Lu2-83oqmDE-Scene-0030.mp4,"The video shows a woman standing on a boat in the middle of a lake. She is wearing a black jacket and shorts and is holding a fishing rod. The woman is reeling in a fish that she has caught. The water is calm and there are no other boats visible in the background. The sky is overcast, and the woman appears to be alone on the boat.",T2V_data/label/vidgen_filter_gemini_part_0_dpo_9/Lu2-83oqmDE-Scene-0030/depth.mp4,T2V_data/label/vidgen_filter_gemini_part_0_dpo_9/Lu2-83oqmDE-Scene-0030/aug_entity_20.png
T2V_data/VIDGEN-1M_unzip/LvY3JdP1G3I-Scene-0031.mp4,"In the video, a person is seen cutting a fish on a wooden table. The person is using a knife to cut the fish, and there is a house in the background. The person's hands are visible, and they are holding the fish with one hand while cutting it with the other. The fish appears to be a large one, and it is lying on its side on the table. The person is cutting the fish from the head towards the tail, and there is a lot of blood visible on the table. The person's movements are steady and precise as they cut through the fish. The background is blurred, but it appears to be a residential area with a house and some trees visible.",T2V_data/label/vidgen_filter_gemini_part_0_dpo_9/LvY3JdP1G3I-Scene-0031/depth.mp4,T2V_data/label/vidgen_filter_gemini_part_0_dpo_9/LvY3JdP1G3I-Scene-0031/aug_entity_40.png
T2V_data/VIDGEN-1M_unzip/Lvc5HM1Zfiw-Scene-0006.mp4,The video shows a person pouring a liquid into a bowl of dry ingredients and then mixing the ingredients together. The person uses a spoon to mix the ingredients thoroughly.,T2V_data/label/vidgen_filter_gemini_part_0_dpo_9/Lvc5HM1Zfiw-Scene-0006/depth.mp4,T2V_data/label/vidgen_filter_gemini_part_0_dpo_9/Lvc5HM1Zfiw-Scene-0006/aug_entity_40.png
T2V_data/VIDGEN-1M_unzip/Lvc5HM1Zfiw-Scene-0006.mp4,The video shows a person pouring a liquid into a bowl of dry ingredients and then mixing the ingredients together. The person uses a spoon to mix the ingredients thoroughly.,T2V_data/label/vidgen_filter_gemini_part_0_dpo_9/Lvc5HM1Zfiw-Scene-0006/depth.mp4,T2V_data/label/vidgen_filter_gemini_part_0_dpo_9/Lvc5HM1Zfiw-Scene-0006/aug_entity_60.png
T2V_data/VIDGEN-1M_unzip/M9fepUod_XQ-Scene-0013.mp4,"In the video, a man is seen lying on a couch with his shirt pulled up. He is holding a wax strip on his stomach and appears to be preparing to remove it. The man then pulls the strip off, causing a loud and painful sound. The video is shot in a close-up view, focusing on the man's face and upper body. The man is wearing glasses and has a beard. The couch is brown, and there is a blue box visible in the background. The video is shot in a vertical format.",T2V_data/label/vidgen_filter_gemini_part_0_dpo_9/M9fepUod_XQ-Scene-0013/depth.mp4,T2V_data/label/vidgen_filter_gemini_part_0_dpo_9/M9fepUod_XQ-Scene-0013/aug_entity_100.png
T2V_data/VIDGEN-1M_unzip/MAV-uKDFJOk-Scene-0014.mp4,"In the video, there are two dogs playing with each other. One dog is wearing a pink shirt, and the other is wearing a white shirt. They are playing with a pink blanket on the floor. The dogs seem to be having fun, and they are moving around the blanket. The pink blanket is being moved around by the dogs, and they are both biting and pulling on it. The dogs are medium-sized and seem to be of the same breed. The room they are in has a grey carpet, and there is a dog bed in the background. The dogs are playing in a playful manner, and there is no sign of aggression. The video captures the playful interaction between the two dogs and their enjoyment of the pink blanket.",T2V_data/label/vidgen_filter_gemini_part_0_dpo_9/MAV-uKDFJOk-Scene-0014/depth.mp4,T2V_data/label/vidgen_filter_gemini_part_0_dpo_9/MAV-uKDFJOk-Scene-0014/aug_entity_20.png
T2V_data/VIDGEN-1M_unzip/MEbcA0NDOkg-Scene-0055.mp4,"The video shows a man driving a car while talking to the camera. He is wearing a black leather jacket and glasses. The car is moving through a wooded area, and the man is holding the steering wheel with both hands. He appears to be enjoying the drive and is speaking in a relaxed manner. The video has a calm and peaceful vibe, with the sound of the car's engine and the wind through the trees.",T2V_data/label/vidgen_filter_gemini_part_0_dpo_9/MEbcA0NDOkg-Scene-0055/depth.mp4,T2V_data/label/vidgen_filter_gemini_part_0_dpo_9/MEbcA0NDOkg-Scene-0055/aug_entity_20.png
T2V_data/VIDGEN-1M_unzip/MGRnNEOsi2U-Scene-0006.mp4,"In the video, a baseball player is seen standing in the batter's box, holding a bat and preparing to swing. He is wearing a blue jersey with the word ""TEXAS"" written on it, and a blue helmet. The catcher is crouched behind him, wearing a green jersey and a black helmet. The pitcher is not visible in the frame. The crowd in the background is blurred but appears to be cheering and watching the game. The player swings the bat and hits the ball, sending it flying into the air. The video captures the moment of impact and the ball's trajectory as it soars through the air.",T2V_data/label/vidgen_filter_gemini_part_0_dpo_9/MGRnNEOsi2U-Scene-0006/depth.mp4,T2V_data/label/vidgen_filter_gemini_part_0_dpo_9/MGRnNEOsi2U-Scene-0006/aug_entity_20.png
T2V_data/VIDGEN-1M_unzip/MMkm4PQEt9I-Scene-0087.mp4,"In the video, a man is seen sitting on a skateboard at a skate park. He is wearing a helmet and has tattoos on his arms. He is holding a camera and talking to it. Behind him, there is a person on a skateboard. The man then stands up on the skateboard and begins to ride it. The skate park has ramps and rails, and there are trees in the background. The man is wearing a gray tank top and black shorts. The sky is blue with some clouds.",T2V_data/label/vidgen_filter_gemini_part_0_dpo_9/MMkm4PQEt9I-Scene-0087/depth.mp4,T2V_data/label/vidgen_filter_gemini_part_0_dpo_9/MMkm4PQEt9I-Scene-0087/aug_entity_20.png
T2V_data/VIDGEN-1M_unzip/MecMIqfJzDU-Scene-0074.mp4,"In the video, a person is seen using a knife to cut through a fish. The person is wearing a green watch on their left wrist. The fish is lying on a black plastic bag. The person's right hand is holding the fish steady while the left hand is cutting through it. The knife is white and appears to be sharp as it cuts through the fish easily. The person is wearing a ring on their left hand. The background is not visible as the focus is on the person and the fish.",T2V_data/label/vidgen_filter_gemini_part_0_dpo_9/MecMIqfJzDU-Scene-0074/depth.mp4,T2V_data/label/vidgen_filter_gemini_part_0_dpo_9/MecMIqfJzDU-Scene-0074/aug_entity_80.png
T2V_data/VIDGEN-1M_unzip/MkScdZ6iNg0-Scene-0061.mp4,"The video shows a man wearing a helmet and a racing suit riding a motorcycle. The camera angle is from the rider's point of view, and we can see the rider's hands on the handlebars and the road ahead. The rider is moving at a high speed, and the scenery is blurred due to the speed. The rider's helmet has a camera attached to it, which is recording the video. The rider's suit is blue and white, and the motorcycle is green. The road is a straight stretch with no other vehicles in sight.",T2V_data/label/vidgen_filter_gemini_part_0_dpo_9/MkScdZ6iNg0-Scene-0061/depth.mp4,T2V_data/label/vidgen_filter_gemini_part_0_dpo_9/MkScdZ6iNg0-Scene-0061/aug_entity_20.png
T2V_data/VIDGEN-1M_unzip/Msw62fFPgXo-Scene-0021.mp4,"The video shows a baseball catcher in a black and purple uniform with a white and black helmet. He is standing behind home plate, and there are people in the stands behind him. The catcher is holding a baseball glove in his left hand and a baseball in his right hand. He is seen throwing the ball back and forth from his glove to his hand.",T2V_data/label/vidgen_filter_gemini_part_0_dpo_9/Msw62fFPgXo-Scene-0021/depth.mp4,T2V_data/label/vidgen_filter_gemini_part_0_dpo_9/Msw62fFPgXo-Scene-0021/aug_entity_20.png
T2V_data/VIDGEN-1M_unzip/Msw62fFPgXo-Scene-0021.mp4,"The video shows a baseball catcher in a black and purple uniform with a white and black helmet. He is standing behind home plate, and there are people in the stands behind him. The catcher is holding a baseball glove in his left hand and a baseball in his right hand. He is seen throwing the ball back and forth from his glove to his hand.",T2V_data/label/vidgen_filter_gemini_part_0_dpo_9/Msw62fFPgXo-Scene-0021/depth.mp4,T2V_data/label/vidgen_filter_gemini_part_0_dpo_9/Msw62fFPgXo-Scene-0021/aug_entity_40.png
T2V_data/VIDGEN-1M_unzip/Msw62fFPgXo-Scene-0021.mp4,"The video shows a baseball catcher in a black and purple uniform with a white and black helmet. He is standing behind home plate, and there are people in the stands behind him. The catcher is holding a baseball glove in his left hand and a baseball in his right hand. He is seen throwing the ball back and forth from his glove to his hand.",T2V_data/label/vidgen_filter_gemini_part_0_dpo_9/Msw62fFPgXo-Scene-0021/depth.mp4,T2V_data/label/vidgen_filter_gemini_part_0_dpo_9/Msw62fFPgXo-Scene-0021/aug_entity_60.png
T2V_data/VIDGEN-1M_unzip/MvYaGzDW76U-Scene-0009.mp4,The video shows a garden bed filled with small rocks and several plants. There is a white PVC pipe running along the top of the bed with a red valve attached to it. Water is flowing from the valve into a small white bucket that is placed in the center of the bed. The bucket is filled with water and has a plant growing in it. The plants in the bed appear to be healthy and well-maintained.,T2V_data/label/vidgen_filter_gemini_part_0_dpo_9/MvYaGzDW76U-Scene-0009/depth.mp4,T2V_data/label/vidgen_filter_gemini_part_0_dpo_9/MvYaGzDW76U-Scene-0009/aug_entity_20.png
T2V_data/VIDGEN-1M_unzip/MwCtd01HwLY-Scene-0032.mp4,"The video shows a baseball player in a white uniform with black stripes and a black cap, standing on the pitcher's mound. He is holding a baseball in his right hand and a glove in his left hand. The player is in the process of throwing the ball, with his right arm extended and his body slightly twisted. The background shows a crowd of spectators in the stands, and there are advertisements for Budweiser and State Farm on the walls. The video is shot during the daytime under clear skies.",T2V_data/label/vidgen_filter_gemini_part_0_dpo_9/MwCtd01HwLY-Scene-0032/depth.mp4,T2V_data/label/vidgen_filter_gemini_part_0_dpo_9/MwCtd01HwLY-Scene-0032/aug_entity_20.png
T2V_data/VIDGEN-1M_unzip/N2XzVeWEJps-Scene-0082.mp4,"The video shows a blue Toyota truck with black tires and a black grill. The truck is driving over a rocky terrain, and the camera is focused on the front of the truck. The truck appears to be in good condition, and the driver is maneuvering it skillfully over the rocks. The surrounding area is not visible in the video, but the focus is on the truck and its movement.",T2V_data/label/vidgen_filter_gemini_part_0_dpo_9/N2XzVeWEJps-Scene-0082/depth.mp4,T2V_data/label/vidgen_filter_gemini_part_0_dpo_9/N2XzVeWEJps-Scene-0082/aug_entity_20.png
T2V_data/VIDGEN-1M_unzip/NH8utGx9U4o-Scene-0030.mp4,"The video shows a close-up shot of a spoon scooping up a thick, creamy chocolate spread from a glass jar. The spread is a rich, dark brown color and has a smooth, glossy texture. The spoon is made of metal and has a reflective surface. As the spoon lifts, the chocolate spread slowly drips back into the jar, creating a satisfying visual effect. The background is blurred, but it appears to be a kitchen counter with a patterned cloth.",T2V_data/label/vidgen_filter_gemini_part_0_dpo_9/NH8utGx9U4o-Scene-0030/depth.mp4,T2V_data/label/vidgen_filter_gemini_part_0_dpo_9/NH8utGx9U4o-Scene-0030/aug_entity_20.png
T2V_data/VIDGEN-1M_unzip/NrbFNVW8Eeo-Scene-0006.mp4,"The video shows a football player wearing a purple and white uniform with the number 33 on it, running with the ball while being chased by a player in a black and yellow uniform with the number 21 on it. The player in purple and white manages to evade the tackle and continues running down the field. The background shows a stadium filled with spectators.",T2V_data/label/vidgen_filter_gemini_part_0_dpo_9/NrbFNVW8Eeo-Scene-0006/depth.mp4,T2V_data/label/vidgen_filter_gemini_part_0_dpo_9/NrbFNVW8Eeo-Scene-0006/aug_entity_20.png
T2V_data/VIDGEN-1M_unzip/NrbFNVW8Eeo-Scene-0006.mp4,"The video shows a football player wearing a purple and white uniform with the number 33 on it, running with the ball while being chased by a player in a black and yellow uniform with the number 21 on it. The player in purple and white manages to evade the tackle and continues running down the field. The background shows a stadium filled with spectators.",T2V_data/label/vidgen_filter_gemini_part_0_dpo_9/NrbFNVW8Eeo-Scene-0006/depth.mp4,T2V_data/label/vidgen_filter_gemini_part_0_dpo_9/NrbFNVW8Eeo-Scene-0006/aug_entity_60.png
T2V_data/VIDGEN-1M_unzip/ODmcDG2NfMc-Scene-0012.mp4,"The video shows a person holding a red and black power tool in their left hand and a small metal hook in their right hand. The person is demonstrating how to attach the hook to the tool. The hook is attached to the tool by pressing it into a hole on the side of the tool. The person then shows how the hook can be removed by pressing it back out of the hole. The video is shot from a close-up angle, focusing on the person's hands and the tool.",T2V_data/label/vidgen_filter_gemini_part_0_dpo_9/ODmcDG2NfMc-Scene-0012/depth.mp4,T2V_data/label/vidgen_filter_gemini_part_0_dpo_9/ODmcDG2NfMc-Scene-0012/aug_entity_20.png
T2V_data/VIDGEN-1M_unzip/ONDiqatwZB0-Scene-0015.mp4,"In the video, there are two husky puppies playing on a brick pathway. One puppy is lying down, while the other is standing on its hind legs, wagging its tail. The standing puppy then jumps over the lying puppy, and both puppies continue to play. The puppies are black and white, and the pathway is made of red bricks. The grass on either side of the pathway is green.",T2V_data/label/vidgen_filter_gemini_part_0_dpo_9/ONDiqatwZB0-Scene-0015/depth.mp4,T2V_data/label/vidgen_filter_gemini_part_0_dpo_9/ONDiqatwZB0-Scene-0015/aug_entity_40.png
T2V_data/VIDGEN-1M_unzip/OZk-9DKUsQY-Scene-0065.mp4,"The video shows a black BMW car driving on a track. The car is seen drifting around a corner, with smoke coming out of the tires. The car is black in color and has a sleek design. The track appears to be made of asphalt and is surrounded by a fence. There are no other cars or people visible in the video. The car is the main focus of the video, and it is shown from different angles as it drifts around the corner. The video is shot during the day, and the weather appears to be clear.",T2V_data/label/vidgen_filter_gemini_part_0_dpo_9/OZk-9DKUsQY-Scene-0065/depth.mp4,T2V_data/label/vidgen_filter_gemini_part_0_dpo_9/OZk-9DKUsQY-Scene-0065/aug_entity_20.png
T2V_data/VIDGEN-1M_unzip/Ogn4fVJMOv4-Scene-0011.mp4,"In the video, a person is holding a green and black power tool. The person is using their thumb to push a button on the tool. The button is located on the side of the tool, and the person pushes it several times. The tool appears to be a drill or a similar power tool. The person's hand is visible in the frame, and they are wearing a ring on their finger. The background is blurred, but it looks like the person is standing in a workshop or garage.",T2V_data/label/vidgen_filter_gemini_part_0_dpo_9/Ogn4fVJMOv4-Scene-0011/depth.mp4,T2V_data/label/vidgen_filter_gemini_part_0_dpo_9/Ogn4fVJMOv4-Scene-0011/aug_entity_40.png
T2V_data/VIDGEN-1M_unzip/P23eqt00VW4-Scene-0139.mp4,"In the video, a man and a woman are performing an acrobatic act on a trapeze. The man is wearing a blue shirt and black pants, while the woman is wearing a pink and white checkered shirt and black pants. They are both suspended in the air, with the man holding onto the trapeze and the woman hanging upside down from his legs. The background is a dark stage with a large circular design and stars on it. The performers are swinging back and forth, with the woman doing a handstand on the man's legs. The audience can be heard cheering and applauding in the background.",T2V_data/label/vidgen_filter_gemini_part_0_dpo_9/P23eqt00VW4-Scene-0139/depth.mp4,T2V_data/label/vidgen_filter_gemini_part_0_dpo_9/P23eqt00VW4-Scene-0139/aug_entity_20.png
T2V_data/VIDGEN-1M_unzip/P5l26QMLlxo-Scene-0057.mp4,"The video shows a person's hands kneading and stretching a piece of blue slime. The slime is stretchy and malleable, and the person's hands press and fold it repeatedly. The background is white, and the slime is the only object in the video.",T2V_data/label/vidgen_filter_gemini_part_0_dpo_9/P5l26QMLlxo-Scene-0057/depth.mp4,T2V_data/label/vidgen_filter_gemini_part_0_dpo_9/P5l26QMLlxo-Scene-0057/aug_entity_40.png
T2V_data/VIDGEN-1M_unzip/P65zJSsWHq8-Scene-0070.mp4,"The video shows two men working together to wrap a mattress in plastic. One man is wearing a black shirt and green gloves, while the other is wearing a white shirt and blue gloves. They are standing in a room with a white wall and a bed with a white sheet. The mattress is blue and has a quilted pattern. The men are carefully wrapping the mattress in clear plastic, making sure to cover it completely.",T2V_data/label/vidgen_filter_gemini_part_0_dpo_9/P65zJSsWHq8-Scene-0070/depth.mp4,T2V_data/label/vidgen_filter_gemini_part_0_dpo_9/P65zJSsWHq8-Scene-0070/aug_entity_20.png
T2V_data/VIDGEN-1M_unzip/P65zJSsWHq8-Scene-0070.mp4,"The video shows two men working together to wrap a mattress in plastic. One man is wearing a black shirt and green gloves, while the other is wearing a white shirt and blue gloves. They are standing in a room with a white wall and a bed with a white sheet. The mattress is blue and has a quilted pattern. The men are carefully wrapping the mattress in clear plastic, making sure to cover it completely.",T2V_data/label/vidgen_filter_gemini_part_0_dpo_9/P65zJSsWHq8-Scene-0070/depth.mp4,T2V_data/label/vidgen_filter_gemini_part_0_dpo_9/P65zJSsWHq8-Scene-0070/aug_entity_40.png
T2V_data/VIDGEN-1M_unzip/PAZ4s_7a_8M-Scene-0031.mp4,"In the video, a woman is seen kneeling down next to a purple car. She is holding a tool in her hand and appears to be using it to work on the tire of the car. The woman is wearing a black shirt and has long hair. The car is parked in a garage, and there is a white wall in the background. The woman seems to be focused on her task, and there is no one else visible in the video.",T2V_data/label/vidgen_filter_gemini_part_0_dpo_9/PAZ4s_7a_8M-Scene-0031/depth.mp4,T2V_data/label/vidgen_filter_gemini_part_0_dpo_9/PAZ4s_7a_8M-Scene-0031/aug_entity_80.png
T2V_data/VIDGEN-1M_unzip/XAYRfJnkeIA-Scene-0014.mp4,"The video shows a motocross race in progress. The riders are seen riding their dirt bikes on a dirt track, with a large crowd watching from the sidelines. The track is lined with various obstacles and jumps, which the riders navigate with skill and speed. The riders are wearing protective gear, including helmets and body armor. The track is surrounded by trees and other natural scenery. The video captures the excitement and adrenaline of the race, with the riders performing impressive jumps and maneuvers. The sound of the engines and the cheers of the crowd can be heard in the background.",T2V_data/label/vidgen_filter_gemini_part_0_dpo_9/XAYRfJnkeIA-Scene-0014/depth.mp4,T2V_data/label/vidgen_filter_gemini_part_0_dpo_9/XAYRfJnkeIA-Scene-0014/aug_entity_40.png
T2V_data/VIDGEN-1M_unzip/XW05spNKc9U-Scene-0025.mp4,"In the video, a man is seen installing a cup holder onto a couch. The man is wearing a blue shirt and a cap. He is kneeling on the floor and using a screwdriver to secure the cup holder onto the couch. The couch is black, and the cup holder is made of wood. The man is focused on his task and appears to be taking care to ensure that the cup holder is securely attached to the couch.",T2V_data/label/vidgen_filter_gemini_part_0_dpo_9/XW05spNKc9U-Scene-0025/depth.mp4,T2V_data/label/vidgen_filter_gemini_part_0_dpo_9/XW05spNKc9U-Scene-0025/aug_entity_20.png
T2V_data/VIDGEN-1M_unzip/XcEUwLoNXpQ-Scene-0002.mp4,"The video shows a cricket player in a maroon uniform diving to catch a ball. The player is wearing a helmet and gloves, and the ball is white. The player successfully catches the ball and stands up, throwing the ball in the air. The crowd in the background is cheering and clapping.",T2V_data/label/vidgen_filter_gemini_part_0_dpo_9/XcEUwLoNXpQ-Scene-0002/depth.mp4,T2V_data/label/vidgen_filter_gemini_part_0_dpo_9/XcEUwLoNXpQ-Scene-0002/aug_entity_20.png
T2V_data/VIDGEN-1M_unzip/XjHOAIP0oHE-Scene-0078.mp4,"The video shows a man in a white shirt and hat standing in the water. He is holding a large fish in his hands. The fish is yellow and has a long body with a pointed nose. The man is holding the fish up in the air, showing it off to the camera. The water is calm and there are no other people or objects visible in the video.",T2V_data/label/vidgen_filter_gemini_part_0_dpo_9/XjHOAIP0oHE-Scene-0078/depth.mp4,T2V_data/label/vidgen_filter_gemini_part_0_dpo_9/XjHOAIP0oHE-Scene-0078/aug_entity_20.png
T2V_data/VIDGEN-1M_unzip/XpVC6oUULnU-Scene-0014.mp4,"In the video, a man is seen standing in a kitchen, wearing a chef's hat and a white uniform. He is holding a knife and is about to cut a raw chicken placed on a wooden cutting board. The kitchen has a refrigerator and a microwave in the background. The man appears to be preparing the chicken for cooking.",T2V_data/label/vidgen_filter_gemini_part_0_dpo_9/XpVC6oUULnU-Scene-0014/depth.mp4,T2V_data/label/vidgen_filter_gemini_part_0_dpo_9/XpVC6oUULnU-Scene-0014/aug_entity_20.png
T2V_data/VIDGEN-1M_unzip/XvSh3K8v5AI-Scene-0014.mp4,"In this video, we see a person's hands kneading dough in a large white bowl. The dough is yellow and appears to be soft and pliable. The person's hands are pressing and folding the dough, working it into a cohesive mass. The bowl is placed on a kitchen counter, and the background is blurred, but we can see a stove and other kitchen items. The person's hands move with precision and care, indicating that they are experienced in the task. The lighting is bright, and the video is shot from a close-up angle, focusing on the dough and the person's hands.",T2V_data/label/vidgen_filter_gemini_part_0_dpo_9/XvSh3K8v5AI-Scene-0014/depth.mp4,T2V_data/label/vidgen_filter_gemini_part_0_dpo_9/XvSh3K8v5AI-Scene-0014/aug_entity_40.png
T2V_data/VIDGEN-1M_unzip/Y-Bt6TQ7ygU-Scene-0049.mp4,"In the video, a man is seen lying on a bench in a gym, holding onto a barbell with both hands. He is wearing a black tank top and black gloves. The man is performing a bench press exercise, lifting the barbell up and down. The gym is equipped with various exercise machines and equipment. The man appears to be focused and determined as he completes the exercise.",T2V_data/label/vidgen_filter_gemini_part_0_dpo_9/Y-Bt6TQ7ygU-Scene-0049/depth.mp4,T2V_data/label/vidgen_filter_gemini_part_0_dpo_9/Y-Bt6TQ7ygU-Scene-0049/aug_entity_40.png
T2V_data/VIDGEN-1M_unzip/Y1F9qLfZmUw-Scene-0026.mp4,"In the video, a person is seen using a metal file to file down the edge of a guitar. The person is wearing a red shirt and is using a metal file to smooth out the edge of the guitar. The guitar has a wooden neck and a black body. The person is filing the edge of the guitar with precision and care, ensuring that the edge is smooth and even. The metal file is silver in color and is being held firmly in the person's hand. The background is blurred, but it appears to be a workshop or garage setting.",T2V_data/label/vidgen_filter_gemini_part_0_dpo_9/Y1F9qLfZmUw-Scene-0026/depth.mp4,T2V_data/label/vidgen_filter_gemini_part_0_dpo_9/Y1F9qLfZmUw-Scene-0026/aug_entity_40.png
T2V_data/VIDGEN-1M_unzip/Y5vIrZrFBdI-Scene-0288.mp4,"The video shows a close-up of a piece of raw meat with a fork piercing through it. The meat is pink and appears to be fresh. The fork has four tines and is made of metal. The background is blurred, but it seems to be a kitchen setting. The lighting is bright, and the focus is on the meat and fork.",T2V_data/label/vidgen_filter_gemini_part_0_dpo_9/Y5vIrZrFBdI-Scene-0288/depth.mp4,T2V_data/label/vidgen_filter_gemini_part_0_dpo_9/Y5vIrZrFBdI-Scene-0288/aug_entity_20.png
T2V_data/VIDGEN-1M_unzip/Y8d9HWSZnjw-Scene-0059.mp4,"The video shows a large fish swimming in a tank. The fish is dark in color and has a smooth, streamlined body. It moves gracefully through the water, its fins undulating gently. The tank is filled with clear water, and there are rocks and plants visible in the background. The fish appears to be the only living creature in the tank.",T2V_data/label/vidgen_filter_gemini_part_0_dpo_9/Y8d9HWSZnjw-Scene-0059/depth.mp4,T2V_data/label/vidgen_filter_gemini_part_0_dpo_9/Y8d9HWSZnjw-Scene-0059/aug_entity_20.png
T2V_data/VIDGEN-1M_unzip/YJ8DgoPxP-w-Scene-0019.mp4,"In the video, a silver car is seen driving on a dirt road in a desert-like environment. The car is moving at a high speed, and as it drives, it kicks up a cloud of dust behind it. The car appears to be a sports car, and it is the only vehicle visible in the video. The landscape is barren and dry, with no vegetation or other landmarks visible. The sky is clear and blue, suggesting a sunny day. The car's movement is smooth, and it appears to be in good condition.",T2V_data/label/vidgen_filter_gemini_part_0_dpo_9/YJ8DgoPxP-w-Scene-0019/depth.mp4,T2V_data/label/vidgen_filter_gemini_part_0_dpo_9/YJ8DgoPxP-w-Scene-0019/aug_entity_20.png
T2V_data/VIDGEN-1M_unzip/YUcEU9Z3w2c-Scene-0010.mp4,"The video shows a person pouring milk into a bowl containing three egg yolks. The person uses a measuring cup to pour the milk, and the milk is poured in a circular motion. The bowl is white, and the countertop is speckled.",T2V_data/label/vidgen_filter_gemini_part_0_dpo_9/YUcEU9Z3w2c-Scene-0010/depth.mp4,T2V_data/label/vidgen_filter_gemini_part_0_dpo_9/YUcEU9Z3w2c-Scene-0010/aug_entity_20.png
T2V_data/VIDGEN-1M_unzip/YUcEU9Z3w2c-Scene-0010.mp4,"The video shows a person pouring milk into a bowl containing three egg yolks. The person uses a measuring cup to pour the milk, and the milk is poured in a circular motion. The bowl is white, and the countertop is speckled.",T2V_data/label/vidgen_filter_gemini_part_0_dpo_9/YUcEU9Z3w2c-Scene-0010/depth.mp4,T2V_data/label/vidgen_filter_gemini_part_0_dpo_9/YUcEU9Z3w2c-Scene-0010/aug_entity_40.png
T2V_data/VIDGEN-1M_unzip/YUcEU9Z3w2c-Scene-0010.mp4,"The video shows a person pouring milk into a bowl containing three egg yolks. The person uses a measuring cup to pour the milk, and the milk is poured in a circular motion. The bowl is white, and the countertop is speckled.",T2V_data/label/vidgen_filter_gemini_part_0_dpo_9/YUcEU9Z3w2c-Scene-0010/depth.mp4,T2V_data/label/vidgen_filter_gemini_part_0_dpo_9/YUcEU9Z3w2c-Scene-0010/aug_entity_60.png
T2V_data/VIDGEN-1M_unzip/YZ9GnM0vhHk-Scene-0019.mp4,"The video shows a boxing match between two men in a ring. The man on the left is wearing blue shorts with white and red trim, while the man on the right is wearing gray shorts with black trim. The man in blue shorts is throwing punches at the man in gray shorts, who is blocking and dodging. The referee is standing in the middle of the ring, watching the fight closely. The background is a blurred crowd of spectators.",T2V_data/label/vidgen_filter_gemini_part_0_dpo_9/YZ9GnM0vhHk-Scene-0019/depth.mp4,T2V_data/label/vidgen_filter_gemini_part_0_dpo_9/YZ9GnM0vhHk-Scene-0019/aug_entity_20.png
T2V_data/VIDGEN-1M_unzip/YZ9GnM0vhHk-Scene-0019.mp4,"The video shows a boxing match between two men in a ring. The man on the left is wearing blue shorts with white and red trim, while the man on the right is wearing gray shorts with black trim. The man in blue shorts is throwing punches at the man in gray shorts, who is blocking and dodging. The referee is standing in the middle of the ring, watching the fight closely. The background is a blurred crowd of spectators.",T2V_data/label/vidgen_filter_gemini_part_0_dpo_9/YZ9GnM0vhHk-Scene-0019/depth.mp4,T2V_data/label/vidgen_filter_gemini_part_0_dpo_9/YZ9GnM0vhHk-Scene-0019/aug_entity_60.png
T2V_data/VIDGEN-1M_unzip/YsjDmdrzuSk-Scene-0044.mp4,"The video shows a yellow truck with a blue cab driving up a steep hill. The truck is moving slowly and carefully, making its way up the hill. The sky is pink and purple, indicating that it is either sunrise or sunset. The hill is covered in rocks and dirt, and there are trees visible in the background. The truck appears to be struggling to make it to the top of the hill.",T2V_data/label/vidgen_filter_gemini_part_0_dpo_9/YsjDmdrzuSk-Scene-0044/depth.mp4,T2V_data/label/vidgen_filter_gemini_part_0_dpo_9/YsjDmdrzuSk-Scene-0044/aug_entity_20.png
T2V_data/VIDGEN-1M_unzip/Z3fsjaVhHRs-Scene-0049.mp4,"In the video, a person is seen playing with a slime toy. The toy is made of a translucent material with a bright green color and contains several small, colorful objects inside. The person's hands are visible as they stretch, squeeze, and manipulate the slime, demonstrating its elasticity and texture. The background is a solid yellow color, providing a contrasting backdrop to the vibrant green of the slime. There are no visible titles, subtitles, or informative text in the video.",T2V_data/label/vidgen_filter_gemini_part_0_dpo_9/Z3fsjaVhHRs-Scene-0049/depth.mp4,T2V_data/label/vidgen_filter_gemini_part_0_dpo_9/Z3fsjaVhHRs-Scene-0049/aug_entity_60.png
T2V_data/VIDGEN-1M_unzip/ZK0rFP9IQMQ-Scene-0126.mp4,"In the video, a cat is seen playing with a small inflatable pool. The pool is filled with water and has a colorful design on it. The cat is standing on the edge of the pool and appears to be pawing at the water and the sides of the pool. The cat's movements are playful and curious as it seems to be enjoying the water. The pool is placed on a tiled floor, and there is a window in the background.",T2V_data/label/vidgen_filter_gemini_part_0_dpo_9/ZK0rFP9IQMQ-Scene-0126/depth.mp4,T2V_data/label/vidgen_filter_gemini_part_0_dpo_9/ZK0rFP9IQMQ-Scene-0126/aug_entity_20.png
T2V_data/VIDGEN-1M_unzip/ZpCuu88ZAgo-Scene-0136.mp4,The video shows a person's hand holding a bracelet made of brown and blue paracord. The person uses a pair of scissors to cut the bracelet.,T2V_data/label/vidgen_filter_gemini_part_0_dpo_9/ZpCuu88ZAgo-Scene-0136/depth.mp4,T2V_data/label/vidgen_filter_gemini_part_0_dpo_9/ZpCuu88ZAgo-Scene-0136/aug_entity_60.png
T2V_data/VIDGEN-1M_unzip/_0a7CJSpBJs-Scene-0150.mp4,"In the video, a man is sitting on a couch with a guitar on his lap. He is wearing a green shirt and has a guitar pick in his hand. He is using the guitar pick to play the guitar strings. The man appears to be enjoying himself as he plays the guitar. The guitar is a six-string acoustic guitar with a natural wood finish. The man's fingers move quickly over the strings as he plays. The couch is a light color, and there is a white wall in the background.",T2V_data/label/vidgen_filter_gemini_part_0_dpo_9/_0a7CJSpBJs-Scene-0150/depth.mp4,T2V_data/label/vidgen_filter_gemini_part_0_dpo_9/_0a7CJSpBJs-Scene-0150/aug_entity_40.png
T2V_data/VIDGEN-1M_unzip/_HUYoArW0XI-Scene-0007.mp4,"In the video, a person is seen holding a small glass bowl filled with mayonnaise. The person uses a red spatula to scoop the mayonnaise out of the bowl and then pours it into a larger metal bowl. The person's movements are deliberate and careful, ensuring that the mayonnaise is transferred without spilling any of it. The larger metal bowl is placed on a wooden surface, and there are other ingredients visible in the background, suggesting that the person is preparing a recipe. The person's attire is not visible, but they appear to be wearing a black shirt. The video is shot from a close-up angle, focusing on the person's hands and the bowls.",T2V_data/label/vidgen_filter_gemini_part_0_dpo_9/_HUYoArW0XI-Scene-0007/depth.mp4,T2V_data/label/vidgen_filter_gemini_part_0_dpo_9/_HUYoArW0XI-Scene-0007/aug_entity_60.png
T2V_data/VIDGEN-1M_unzip/_KOLcDHGxHs-Scene-0099.mp4,The video shows a person's hand removing a block from a stack of colorful blocks. The blocks are arranged in a pyramid shape and are of different colors. The hand carefully removes a blue block from the top of the stack and places it on the floor. The blocks are made of wood and appear to be of different sizes and shapes. The person's hand is adorned with a bracelet and a watch. The background is a yellow mat with a pattern of interlocking shapes.,T2V_data/label/vidgen_filter_gemini_part_0_dpo_9/_KOLcDHGxHs-Scene-0099/depth.mp4,T2V_data/label/vidgen_filter_gemini_part_0_dpo_9/_KOLcDHGxHs-Scene-0099/aug_entity_20.png
T2V_data/VIDGEN-1M_unzip/_VpQrQfQm2c-Scene-0057.mp4,"The video shows a person's hands working on a knife. The person is using a tool to remove a screw from the knife. The knife is silver in color and has a black handle. The person's hands are visible, and they are wearing a ring on their left hand. The background is black, and there are no other objects visible in the video.",T2V_data/label/vidgen_filter_gemini_part_0_dpo_9/_VpQrQfQm2c-Scene-0057/depth.mp4,T2V_data/label/vidgen_filter_gemini_part_0_dpo_9/_VpQrQfQm2c-Scene-0057/aug_entity_80.png
T2V_data/VIDGEN-1M_unzip/a5rKEPDecSE-Scene-0024.mp4,"The video shows a man wearing a blue shirt standing on a staircase, extending his hand to feed a monkey. The monkey is sitting on the railing of the staircase and is eating the food that the man is offering. The staircase is painted blue and has a red and gold decorative element on top of the railing. The background consists of green foliage.",T2V_data/label/vidgen_filter_gemini_part_0_dpo_9/a5rKEPDecSE-Scene-0024/depth.mp4,T2V_data/label/vidgen_filter_gemini_part_0_dpo_9/a5rKEPDecSE-Scene-0024/aug_entity_20.png
T2V_data/VIDGEN-1M_unzip/aJNN4KLyrhw-Scene-0028.mp4,"In the video, a person is seen holding a deck of playing cards in their hands. The person then proceeds to shuffle the cards, flipping them over one by one. After shuffling, the person cuts the deck, separating the cards into two piles. The person then shuffles the cards again, this time using a different technique. Finally, the person cuts the deck again, separating the cards into two piles.",T2V_data/label/vidgen_filter_gemini_part_0_dpo_9/aJNN4KLyrhw-Scene-0028/depth.mp4,T2V_data/label/vidgen_filter_gemini_part_0_dpo_9/aJNN4KLyrhw-Scene-0028/aug_entity_20.png
T2V_data/VIDGEN-1M_unzip/aRQV7TQ_NvQ-Scene-0018.mp4,"The video shows a person pouring various colors of paint onto a black canvas. The paint is poured in a way that creates a marble effect. The person then uses their finger to swirl the paint around, creating a unique pattern. The colors used are pink, blue, and white. The person's finger is shown swirling the paint in different directions, creating a beautiful and intricate design. The video ends with the person pointing at the finished design, which is a beautiful blend of colors and patterns.",T2V_data/label/vidgen_filter_gemini_part_0_dpo_9/aRQV7TQ_NvQ-Scene-0018/depth.mp4,T2V_data/label/vidgen_filter_gemini_part_0_dpo_9/aRQV7TQ_NvQ-Scene-0018/aug_entity_40.png
T2V_data/VIDGEN-1M_unzip/aRQV7TQ_NvQ-Scene-0018.mp4,"The video shows a person pouring various colors of paint onto a black canvas. The paint is poured in a way that creates a marble effect. The person then uses their finger to swirl the paint around, creating a unique pattern. The colors used are pink, blue, and white. The person's finger is shown swirling the paint in different directions, creating a beautiful and intricate design. The video ends with the person pointing at the finished design, which is a beautiful blend of colors and patterns.",T2V_data/label/vidgen_filter_gemini_part_0_dpo_9/aRQV7TQ_NvQ-Scene-0018/depth.mp4,T2V_data/label/vidgen_filter_gemini_part_0_dpo_9/aRQV7TQ_NvQ-Scene-0018/aug_entity_60.png
T2V_data/VIDGEN-1M_unzip/agDCYRznOH0-Scene-0047.mp4,"In the video, a person is seen preparing a recipe in a kitchen. The person is holding a spoon and a blender filled with ingredients. The person scoops some seasoning from a jar and adds it to the blender. Then, the person picks up a bottle of spice and pours some into the blender. The person then adds some more seasoning from another jar. The person is wearing a tattoo on their arm and is standing in front of a counter with a recipe book open.",T2V_data/label/vidgen_filter_gemini_part_0_dpo_9/agDCYRznOH0-Scene-0047/depth.mp4,T2V_data/label/vidgen_filter_gemini_part_0_dpo_9/agDCYRznOH0-Scene-0047/aug_entity_40.png
T2V_data/VIDGEN-1M_unzip/agDCYRznOH0-Scene-0047.mp4,"In the video, a person is seen preparing a recipe in a kitchen. The person is holding a spoon and a blender filled with ingredients. The person scoops some seasoning from a jar and adds it to the blender. Then, the person picks up a bottle of spice and pours some into the blender. The person then adds some more seasoning from another jar. The person is wearing a tattoo on their arm and is standing in front of a counter with a recipe book open.",T2V_data/label/vidgen_filter_gemini_part_0_dpo_9/agDCYRznOH0-Scene-0047/depth.mp4,T2V_data/label/vidgen_filter_gemini_part_0_dpo_9/agDCYRznOH0-Scene-0047/aug_entity_60.png
T2V_data/VIDGEN-1M_unzip/ar8PWhzH0hc-Scene-0004.mp4,The video shows a person riding a dirt bike on a dirt track. The rider is wearing a white helmet and a black and white suit. The bike is red and black. The track is surrounded by grass and trees. The rider is seen going over a jump and then crashing into a wall.,T2V_data/label/vidgen_filter_gemini_part_0_dpo_9/ar8PWhzH0hc-Scene-0004/depth.mp4,T2V_data/label/vidgen_filter_gemini_part_0_dpo_9/ar8PWhzH0hc-Scene-0004/aug_entity_20.png
T2V_data/VIDGEN-1M_unzip/ar8PWhzH0hc-Scene-0004.mp4,The video shows a person riding a dirt bike on a dirt track. The rider is wearing a white helmet and a black and white suit. The bike is red and black. The track is surrounded by grass and trees. The rider is seen going over a jump and then crashing into a wall.,T2V_data/label/vidgen_filter_gemini_part_0_dpo_9/ar8PWhzH0hc-Scene-0004/depth.mp4,T2V_data/label/vidgen_filter_gemini_part_0_dpo_9/ar8PWhzH0hc-Scene-0004/aug_entity_40.png
T2V_data/VIDGEN-1M_unzip/atxCwyaXcLw-Scene-0036.mp4,"In the video, a man is seen riding a dirt bike on a dirt road. He is wearing a helmet and a protective suit. The bike is green and white in color. The man lifts the front wheel of the bike and balances on the back wheel while riding. He then lifts the back wheel and balances on the front wheel while riding. The man is skilled in handling the bike and maintains his balance throughout the stunts. The video captures the thrill and excitement of dirt bike riding.",T2V_data/label/vidgen_filter_gemini_part_0_dpo_9/atxCwyaXcLw-Scene-0036/depth.mp4,T2V_data/label/vidgen_filter_gemini_part_0_dpo_9/atxCwyaXcLw-Scene-0036/aug_entity_20.png
T2V_data/VIDGEN-1M_unzip/bNjPZy4Tcm8-Scene-0016.mp4,"In the video, a man is seen in a wooded area. He is wearing a camouflage outfit and is holding an axe in his hand. The man is standing next to a tree that has been cut down and is in the process of cutting the remaining part of the tree. He swings the axe with force and precision, and with each swing, a piece of the tree falls to the ground. The man continues to chop the tree until it is completely cut down. The surrounding area is quiet, and there are no other people visible in the video. The man appears to be focused on his task, and there is a sense of determination in his actions. The video captures the process of tree felling in a natural environment, and the man's actions are the main focus of the video.",T2V_data/label/vidgen_filter_gemini_part_0_dpo_9/bNjPZy4Tcm8-Scene-0016/depth.mp4,T2V_data/label/vidgen_filter_gemini_part_0_dpo_9/bNjPZy4Tcm8-Scene-0016/aug_entity_20.png
T2V_data/VIDGEN-1M_unzip/bNjPZy4Tcm8-Scene-0016.mp4,"In the video, a man is seen in a wooded area. He is wearing a camouflage outfit and is holding an axe in his hand. The man is standing next to a tree that has been cut down and is in the process of cutting the remaining part of the tree. He swings the axe with force and precision, and with each swing, a piece of the tree falls to the ground. The man continues to chop the tree until it is completely cut down. The surrounding area is quiet, and there are no other people visible in the video. The man appears to be focused on his task, and there is a sense of determination in his actions. The video captures the process of tree felling in a natural environment, and the man's actions are the main focus of the video.",T2V_data/label/vidgen_filter_gemini_part_0_dpo_9/bNjPZy4Tcm8-Scene-0016/depth.mp4,T2V_data/label/vidgen_filter_gemini_part_0_dpo_9/bNjPZy4Tcm8-Scene-0016/aug_entity_40.png
T2V_data/VIDGEN-1M_unzip/b_GGiBM9B-g-Scene-0069.mp4,"The video shows a close-up of a person's hand holding a glass bowl and pouring a thick, creamy, yellow substance onto a piece of chocolate cake. The cake appears to be moist and rich in color, with a rough texture on the surface. The substance is poured in a steady stream, covering the top of the cake and spreading slightly over the sides. The person's hand is steady, and the pouring is done with care to avoid spilling any of the substance. The background is blurred, but it seems to be a kitchen setting.",T2V_data/label/vidgen_filter_gemini_part_0_dpo_9/b_GGiBM9B-g-Scene-0069/depth.mp4,T2V_data/label/vidgen_filter_gemini_part_0_dpo_9/b_GGiBM9B-g-Scene-0069/aug_entity_40.png
T2V_data/VIDGEN-1M_unzip/bhstVxZqCcc-Scene-0038.mp4,"In the video, a man is standing outside a house, wearing a red shirt and plaid shorts. He is using a circular saw to cut a piece of wood that is leaning against the house. The man is focused on his task, and the saw is making a loud noise as it cuts through the wood. The house has a red exterior, and there is a white door visible in the background. The man is wearing flip-flops and appears to be working carefully to ensure that the cut is straight.",T2V_data/label/vidgen_filter_gemini_part_0_dpo_9/bhstVxZqCcc-Scene-0038/depth.mp4,T2V_data/label/vidgen_filter_gemini_part_0_dpo_9/bhstVxZqCcc-Scene-0038/aug_entity_20.png
T2V_data/VIDGEN-1M_unzip/bhstVxZqCcc-Scene-0038.mp4,"In the video, a man is standing outside a house, wearing a red shirt and plaid shorts. He is using a circular saw to cut a piece of wood that is leaning against the house. The man is focused on his task, and the saw is making a loud noise as it cuts through the wood. The house has a red exterior, and there is a white door visible in the background. The man is wearing flip-flops and appears to be working carefully to ensure that the cut is straight.",T2V_data/label/vidgen_filter_gemini_part_0_dpo_9/bhstVxZqCcc-Scene-0038/depth.mp4,T2V_data/label/vidgen_filter_gemini_part_0_dpo_9/bhstVxZqCcc-Scene-0038/aug_entity_80.png
T2V_data/VIDGEN-1M_unzip/bkxFToJ0eno-Scene-0023.mp4,"The video shows a red amphibious vehicle with a black roll cage and two people wearing black helmets and life jackets inside it. The vehicle is driving through a body of water, causing water to splash around it. The people inside the vehicle are smiling and seem to be enjoying the ride. The background is a grassy area with trees.",T2V_data/label/vidgen_filter_gemini_part_0_dpo_9/bkxFToJ0eno-Scene-0023/depth.mp4,T2V_data/label/vidgen_filter_gemini_part_0_dpo_9/bkxFToJ0eno-Scene-0023/aug_entity_40.png
T2V_data/VIDGEN-1M_unzip/byiP8XlPJZs-Scene-0019.mp4,"In the video, a man is seen using a large knife to cut a tree. He is wearing a brown shirt and blue jeans. The tree is in a garden with green bushes in the background. The man is standing on the left side of the tree and is using the knife with both hands to cut the tree. He is making several cuts on the tree, and the tree is starting to fall. The man is focused on his task and is using a lot of force to cut the tree. The garden is well-maintained, and the bushes are lush and green. The video is shot during the day, and the lighting is natural.",T2V_data/label/vidgen_filter_gemini_part_0_dpo_9/byiP8XlPJZs-Scene-0019/depth.mp4,T2V_data/label/vidgen_filter_gemini_part_0_dpo_9/byiP8XlPJZs-Scene-0019/aug_entity_20.png
T2V_data/VIDGEN-1M_unzip/c0DqXfqOZRk-Scene-0004.mp4,"The video shows a person driving a car on a road. The driver is seen holding the steering wheel and maneuvering the car through traffic. The car appears to be a Porsche, and the driver is wearing a watch on their left wrist. The video captures the driver's perspective as they navigate through traffic, passing other cars and making turns. The driver's hands are visible on the steering wheel, and the dashboard of the car is also visible. The road appears to be a busy highway with multiple lanes and other vehicles in sight.",T2V_data/label/vidgen_filter_gemini_part_0_dpo_9/c0DqXfqOZRk-Scene-0004/depth.mp4,T2V_data/label/vidgen_filter_gemini_part_0_dpo_9/c0DqXfqOZRk-Scene-0004/aug_entity_20.png
T2V_data/VIDGEN-1M_unzip/cVlRnLljfIg-Scene-0028.mp4,"In the video, a woman is seen pouring olive oil into a pan. She is standing in a kitchen and is wearing a striped shirt. The kitchen is well-lit and has a modern design. The woman is holding a green bottle of olive oil and pouring it into a brown pan that is placed on the stove. The pan appears to be hot as the oil is sizzling as it hits the surface. The woman seems to be preparing to cook something, and the olive oil is likely being used as a base for the dish. The video does not show what she is cooking, but the focus is on the action of pouring the oil.",T2V_data/label/vidgen_filter_gemini_part_0_dpo_9/cVlRnLljfIg-Scene-0028/depth.mp4,T2V_data/label/vidgen_filter_gemini_part_0_dpo_9/cVlRnLljfIg-Scene-0028/aug_entity_40.png
T2V_data/VIDGEN-1M_unzip/cjVgU0oAATY-Scene-0007.mp4,The video shows a person holding a white egg over a clear glass bowl. The person then uses a fork to crack the egg open and remove the shell. The yolk and egg white are then poured into the bowl.,T2V_data/label/vidgen_filter_gemini_part_0_dpo_9/cjVgU0oAATY-Scene-0007/depth.mp4,T2V_data/label/vidgen_filter_gemini_part_0_dpo_9/cjVgU0oAATY-Scene-0007/aug_entity_40.png
T2V_data/VIDGEN-1M_unzip/cjVgU0oAATY-Scene-0007.mp4,The video shows a person holding a white egg over a clear glass bowl. The person then uses a fork to crack the egg open and remove the shell. The yolk and egg white are then poured into the bowl.,T2V_data/label/vidgen_filter_gemini_part_0_dpo_9/cjVgU0oAATY-Scene-0007/depth.mp4,T2V_data/label/vidgen_filter_gemini_part_0_dpo_9/cjVgU0oAATY-Scene-0007/aug_entity_60.png
T2V_data/VIDGEN-1M_unzip/cjVgU0oAATY-Scene-0007.mp4,The video shows a person holding a white egg over a clear glass bowl. The person then uses a fork to crack the egg open and remove the shell. The yolk and egg white are then poured into the bowl.,T2V_data/label/vidgen_filter_gemini_part_0_dpo_9/cjVgU0oAATY-Scene-0007/depth.mp4,T2V_data/label/vidgen_filter_gemini_part_0_dpo_9/cjVgU0oAATY-Scene-0007/aug_entity_80.png
T2V_data/VIDGEN-1M_unzip/cqEGT6i-a-c-Scene-0094.mp4,The video shows a person's hand working on a computer's motherboard. The hand is using a screwdriver to unscrew a screw on the motherboard. The motherboard has various colored wires and components on it. The person's hand is steady and precise as they work on the screw.,T2V_data/label/vidgen_filter_gemini_part_0_dpo_9/cqEGT6i-a-c-Scene-0094/depth.mp4,T2V_data/label/vidgen_filter_gemini_part_0_dpo_9/cqEGT6i-a-c-Scene-0094/aug_entity_60.png
T2V_data/VIDGEN-1M_unzip/d2iWpJ2b_dU-Scene-0148.mp4,"The video shows a close-up of a pot on a stove. The pot contains a brown liquid that is bubbling and boiling. A person is using a spatula to stir the liquid. The spatula is silver and has a black handle. The person's hand is visible, and they are wearing a ring on their finger. The stove is not visible in the video.",T2V_data/label/vidgen_filter_gemini_part_0_dpo_9/d2iWpJ2b_dU-Scene-0148/depth.mp4,T2V_data/label/vidgen_filter_gemini_part_0_dpo_9/d2iWpJ2b_dU-Scene-0148/aug_entity_20.png
T2V_data/VIDGEN-1M_unzip/d2iWpJ2b_dU-Scene-0148.mp4,"The video shows a close-up of a pot on a stove. The pot contains a brown liquid that is bubbling and boiling. A person is using a spatula to stir the liquid. The spatula is silver and has a black handle. The person's hand is visible, and they are wearing a ring on their finger. The stove is not visible in the video.",T2V_data/label/vidgen_filter_gemini_part_0_dpo_9/d2iWpJ2b_dU-Scene-0148/depth.mp4,T2V_data/label/vidgen_filter_gemini_part_0_dpo_9/d2iWpJ2b_dU-Scene-0148/aug_entity_40.png
T2V_data/VIDGEN-1M_unzip/d2iWpJ2b_dU-Scene-0148.mp4,"The video shows a close-up of a pot on a stove. The pot contains a brown liquid that is bubbling and boiling. A person is using a spatula to stir the liquid. The spatula is silver and has a black handle. The person's hand is visible, and they are wearing a ring on their finger. The stove is not visible in the video.",T2V_data/label/vidgen_filter_gemini_part_0_dpo_9/d2iWpJ2b_dU-Scene-0148/depth.mp4,T2V_data/label/vidgen_filter_gemini_part_0_dpo_9/d2iWpJ2b_dU-Scene-0148/aug_entity_80.png
T2V_data/VIDGEN-1M_unzip/d4IVzESfusY-Scene-0006.mp4,"The video shows a person's hand using a knife to chop green onions on a wooden cutting board. The hand is seen pressing down on the onions and then using the knife to chop them into smaller pieces. The cutting board has the word ""PILICA"" engraved on it. The green onions are fresh and vibrant in color.",T2V_data/label/vidgen_filter_gemini_part_0_dpo_9/d4IVzESfusY-Scene-0006/depth.mp4,T2V_data/label/vidgen_filter_gemini_part_0_dpo_9/d4IVzESfusY-Scene-0006/aug_entity_40.png
T2V_data/VIDGEN-1M_unzip/d4IVzESfusY-Scene-0006.mp4,"The video shows a person's hand using a knife to chop green onions on a wooden cutting board. The hand is seen pressing down on the onions and then using the knife to chop them into smaller pieces. The cutting board has the word ""PILICA"" engraved on it. The green onions are fresh and vibrant in color.",T2V_data/label/vidgen_filter_gemini_part_0_dpo_9/d4IVzESfusY-Scene-0006/depth.mp4,T2V_data/label/vidgen_filter_gemini_part_0_dpo_9/d4IVzESfusY-Scene-0006/aug_entity_60.png
T2V_data/VIDGEN-1M_unzip/d6hdFtIgpEM-Scene-0085.mp4,"In the video, there are two children sitting at a table. The boy is wearing a white coat and the girl is wearing a pink shirt. They are both looking at a green slime on the table. The boy is touching the slime with his hand and then picks up a small object and puts it on the slime. The girl is watching him and then she also touches the slime with her hand.",T2V_data/label/vidgen_filter_gemini_part_0_dpo_9/d6hdFtIgpEM-Scene-0085/depth.mp4,T2V_data/label/vidgen_filter_gemini_part_0_dpo_9/d6hdFtIgpEM-Scene-0085/aug_entity_60.png
T2V_data/VIDGEN-1M_unzip/dZRprhhhKZM-Scene-0093.mp4,"The video shows a person using a glass container to collect water from a lake. The person is holding the container in their hand and submerging it into the water to fill it up. The water is clear and the container is transparent, allowing us to see the water level rising as the container fills up. The person's hand is steady, and they seem to be taking care not to spill any water. The background is blurred, but it appears to be a natural setting with trees and other vegetation. The video is shot in daylight, and the light reflects off the water's surface, creating a shimmering effect.",T2V_data/label/vidgen_filter_gemini_part_0_dpo_9/dZRprhhhKZM-Scene-0093/depth.mp4,T2V_data/label/vidgen_filter_gemini_part_0_dpo_9/dZRprhhhKZM-Scene-0093/aug_entity_40.png
T2V_data/VIDGEN-1M_unzip/dfxJTz9I1-4-Scene-0042.mp4,The video shows a man in a red tank top and black shorts doing pull-ups on a bar in a gym. He is wearing a watch on his left wrist. The gym is equipped with various exercise machines and weights. The man completes the pull-ups and then walks away from the bar.,T2V_data/label/vidgen_filter_gemini_part_0_dpo_9/dfxJTz9I1-4-Scene-0042/depth.mp4,T2V_data/label/vidgen_filter_gemini_part_0_dpo_9/dfxJTz9I1-4-Scene-0042/aug_entity_20.png
T2V_data/VIDGEN-1M_unzip/dnPGdooQzjM-Scene-0007.mp4,"The video shows a person using a manual coffee maker to brew a cup of coffee. The coffee maker is made of metal and has a lever on the top. The person places a cup under the spout and pushes down on the lever, which causes coffee to pour into the cup. The person then removes the cup and places it on a saucer. The video ends with the person turning off the coffee maker.",T2V_data/label/vidgen_filter_gemini_part_0_dpo_9/dnPGdooQzjM-Scene-0007/depth.mp4,T2V_data/label/vidgen_filter_gemini_part_0_dpo_9/dnPGdooQzjM-Scene-0007/aug_entity_40.png
T2V_data/VIDGEN-1M_unzip/du9lWfFFDpU-Scene-0015.mp4,"In the video, a person is seen holding a mussel in their hand and using a knife to cut it open. The mussel is black and white in color, and the knife is silver. The person's hand is visible, and they are wearing an orange shirt. The background is blurred, but it appears to be a kitchen setting. The person cuts the mussel open, revealing the inside, and then closes it back up.",T2V_data/label/vidgen_filter_gemini_part_0_dpo_9/du9lWfFFDpU-Scene-0015/depth.mp4,T2V_data/label/vidgen_filter_gemini_part_0_dpo_9/du9lWfFFDpU-Scene-0015/aug_entity_40.png
T2V_data/VIDGEN-1M_unzip/e69ICWKa3XM-Scene-0016.mp4,"In the video, a man is seen kneeling down in front of a tree stump. He is holding a piece of wood in his hand and using a hatchet to chop it. The man is wearing a green jacket and blue jeans. The ground around him is covered with fallen leaves. The man continues to chop the wood with the hatchet, and the video ends with him picking up another piece of wood to chop.",T2V_data/label/vidgen_filter_gemini_part_0_dpo_9/e69ICWKa3XM-Scene-0016/depth.mp4,T2V_data/label/vidgen_filter_gemini_part_0_dpo_9/e69ICWKa3XM-Scene-0016/aug_entity_60.png
T2V_data/VIDGEN-1M_unzip/eC9-YE_b3ko-Scene-0062.mp4,"The video shows a group of men playing rugby on a field. They are wearing different colored uniforms, with one team in white and the other in yellow. The players are seen running, tackling, and passing the ball to each other. The video captures the intensity and physicality of the game, with players pushing and shoving each other to gain possession of the ball. The field is green, and the players' uniforms stand out against the background. The video is shot from a distance, allowing viewers to see the entire field and the players' movements.",T2V_data/label/vidgen_filter_gemini_part_0_dpo_9/eC9-YE_b3ko-Scene-0062/depth.mp4,T2V_data/label/vidgen_filter_gemini_part_0_dpo_9/eC9-YE_b3ko-Scene-0062/aug_entity_20.png
T2V_data/VIDGEN-1M_unzip/eToF9A7aqLI-Scene-0110.mp4,"In the video, a woman is seen kneeling on the floor and playing with a large set of building blocks. She is wearing a purple sweater and has long black hair. The building blocks are brightly colored and come in various shapes and sizes. The woman is building a tower with the blocks, carefully placing each one on top of the other. As she works, a green puppet with large white eyes appears next to her. The puppet is wearing a red shirt and is moving around in a playful manner. The woman seems to be enjoying herself as she continues to build with the blocks, occasionally glancing at the puppet with a smile.",T2V_data/label/vidgen_filter_gemini_part_0_dpo_9/eToF9A7aqLI-Scene-0110/depth.mp4,T2V_data/label/vidgen_filter_gemini_part_0_dpo_9/eToF9A7aqLI-Scene-0110/aug_entity_40.png
T2V_data/VIDGEN-1M_unzip/eagWxhoFDhg-Scene-0002.mp4,"The video shows a male gymnast performing on the parallel bars in a large arena. He is wearing a white and red leotard and is the only person visible in the frame. The gymnast executes a series of flips and twists on the bars, demonstrating impressive strength and agility. The arena is filled with spectators, and the atmosphere is lively. The gymnast's movements are fluid and precise, and he maintains a focused expression throughout his routine. The parallel bars are set against a backdrop of a large scoreboard, which displays the gymnast's name and his current score. The lighting in the arena is bright, highlighting the gymnast and the bars.",T2V_data/label/vidgen_filter_gemini_part_0_dpo_9/eagWxhoFDhg-Scene-0002/depth.mp4,T2V_data/label/vidgen_filter_gemini_part_0_dpo_9/eagWxhoFDhg-Scene-0002/aug_entity_40.png
T2V_data/VIDGEN-1M_unzip/eh-OV8T0pbc-Scene-0030.mp4,"The video shows a satellite orbiting the Earth. The Earth is visible in the background, with the sun shining brightly. The satellite is equipped with solar panels and antennas, and it is moving in a circular orbit around the planet. The video is shot from a distance, capturing the entirety of the satellite and the Earth in the frame. The colors are vibrant, with the blue of the Earth's oceans and the blackness of space contrasting against the bright sunlight. The satellite appears to be in motion, with its solar panels and antennas moving in sync with its orbit. The video does not contain any text or subtitles.",T2V_data/label/vidgen_filter_gemini_part_0_dpo_9/eh-OV8T0pbc-Scene-0030/depth.mp4,T2V_data/label/vidgen_filter_gemini_part_0_dpo_9/eh-OV8T0pbc-Scene-0030/aug_entity_20.png
T2V_data/VIDGEN-1M_unzip/f-D6goO4ddk-Scene-0010.mp4,"The video shows a group of people roller skiing in a race. They are all wearing numbered bibs and are using ski poles. The skiers are moving quickly and appear to be competing against each other. The race is taking place on a wet road, and there are spectators watching from the sidelines. Some of the spectators are holding umbrellas to shield themselves from the rain. The skiers are wearing different colored bibs, indicating that they are part of different teams or groups. The video captures the intensity and speed of the race, as well as the determination of the skiers as they push themselves to the limit.",T2V_data/label/vidgen_filter_gemini_part_0_dpo_9/f-D6goO4ddk-Scene-0010/depth.mp4,T2V_data/label/vidgen_filter_gemini_part_0_dpo_9/f-D6goO4ddk-Scene-0010/aug_entity_20.png
T2V_data/VIDGEN-1M_unzip/f7_gHIudnag-Scene-0047.mp4,"The video shows a person using a wrench to tighten a bolt on a bicycle. The bicycle has a black frame, and the person is wearing a black shirt. The bolt is located on the handlebars of the bike, and the person is using the wrench to turn it clockwise. The background is blurred, but it appears to be an outdoor setting.",T2V_data/label/vidgen_filter_gemini_part_0_dpo_9/f7_gHIudnag-Scene-0047/depth.mp4,T2V_data/label/vidgen_filter_gemini_part_0_dpo_9/f7_gHIudnag-Scene-0047/aug_entity_60.png
T2V_data/VIDGEN-1M_unzip/fMAAshZB_6I-Scene-0046.mp4,"In the video, a person wearing blue gloves is seen cutting an octopus on a white cutting board. The person uses a large knife to cut the octopus into smaller pieces. The background shows a variety of other seafood on display.",T2V_data/label/vidgen_filter_gemini_part_0_dpo_9/fMAAshZB_6I-Scene-0046/depth.mp4,T2V_data/label/vidgen_filter_gemini_part_0_dpo_9/fMAAshZB_6I-Scene-0046/aug_entity_20.png
T2V_data/VIDGEN-1M_unzip/fe7DjRBMwUI-Scene-0043.mp4,"In the video, a man is seen riding a bike on a dirt trail. He is wearing a helmet and a white shirt. The man is seen speaking to the camera while riding the bike. He then stops and begins to walk the bike up a hill. The man continues to ride the bike on the trail. The video captures the man's movements and the surrounding environment.",T2V_data/label/vidgen_filter_gemini_part_0_dpo_9/fe7DjRBMwUI-Scene-0043/depth.mp4,T2V_data/label/vidgen_filter_gemini_part_0_dpo_9/fe7DjRBMwUI-Scene-0043/aug_entity_40.png
T2V_data/VIDGEN-1M_unzip/gDiFOikPBBs-Scene-0042.mp4,"The video shows a man with red hair and white sunglasses paddling a green inflatable raft down a river. He is shirtless and appears to be enjoying the ride. The river is surrounded by lush green trees and bushes, and the sky is clear and blue. The man is using a paddle to navigate the raft, and he appears to be moving at a steady pace. The video captures the serene beauty of the natural surroundings and the thrill of the adventure.",T2V_data/label/vidgen_filter_gemini_part_0_dpo_9/gDiFOikPBBs-Scene-0042/depth.mp4,T2V_data/label/vidgen_filter_gemini_part_0_dpo_9/gDiFOikPBBs-Scene-0042/aug_entity_20.png
T2V_data/VIDGEN-1M_unzip/gFql4kfWfuA-Scene-0119.mp4,"In the video, a man is seen standing next to a fence. He is wearing a pink shirt and black pants. He is holding a small object in his hand. The man then proceeds to throw the object over the fence. After throwing the object, he turns towards the camera and begins speaking. The man appears to be in a natural setting, possibly a park or a garden. The fence is made of metal and is quite tall. The man's actions seem deliberate, and he appears to be focused on the object he is holding. The video does not provide any context for the man's actions, but it is clear that he is engaged in some sort of activity that involves the object he is holding.",T2V_data/label/vidgen_filter_gemini_part_0_dpo_9/gFql4kfWfuA-Scene-0119/depth.mp4,T2V_data/label/vidgen_filter_gemini_part_0_dpo_9/gFql4kfWfuA-Scene-0119/aug_entity_20.png
T2V_data/VIDGEN-1M_unzip/gLUO2SXLxAg-Scene-0006.mp4,"In the video, a man is seen sitting at a table with various tools. He is holding a pair of pliers in his hand and is using them to twist a wire. The man is wearing a ring on his finger, and there are other tools on the table, including a pair of scissors and a wire cutter. The man appears to be focused on his task, and the video is shot from a close-up angle, allowing viewers to see the details of his actions.",T2V_data/label/vidgen_filter_gemini_part_0_dpo_9/gLUO2SXLxAg-Scene-0006/depth.mp4,T2V_data/label/vidgen_filter_gemini_part_0_dpo_9/gLUO2SXLxAg-Scene-0006/aug_entity_40.png
T2V_data/VIDGEN-1M_unzip/h0pGZFIIH-o-Scene-0020.mp4,"The video features a red Jeep Wrangler driving through a rocky stream. The Jeep is shown from various angles as it maneuvers through the water and rocks. The surrounding landscape is mountainous, with snow-capped peaks in the background. The Jeep is the main focus of the video, and it is shown in great detail, highlighting its design and capabilities.",T2V_data/label/vidgen_filter_gemini_part_0_dpo_9/h0pGZFIIH-o-Scene-0020/depth.mp4,T2V_data/label/vidgen_filter_gemini_part_0_dpo_9/h0pGZFIIH-o-Scene-0020/aug_entity_20.png
T2V_data/VIDGEN-1M_unzip/hBeWAUHwUrM-Scene-0084.mp4,"In the video, a man is seen holding a large bone-shaped toy in his hands. He is wearing a black hoodie and glasses. Two dogs, one black and one brown, are standing on their hind legs, eagerly waiting for the man to throw the toy. The man then throws the toy, and the dogs jump up to catch it. The man then kneels down and holds the toy in front of the dogs, who continue to jump up and try to grab it. The man and the dogs seem to be having a great time playing together.",T2V_data/label/vidgen_filter_gemini_part_0_dpo_9/hBeWAUHwUrM-Scene-0084/depth.mp4,T2V_data/label/vidgen_filter_gemini_part_0_dpo_9/hBeWAUHwUrM-Scene-0084/aug_entity_20.png
T2V_data/VIDGEN-1M_unzip/hBeWAUHwUrM-Scene-0084.mp4,"In the video, a man is seen holding a large bone-shaped toy in his hands. He is wearing a black hoodie and glasses. Two dogs, one black and one brown, are standing on their hind legs, eagerly waiting for the man to throw the toy. The man then throws the toy, and the dogs jump up to catch it. The man then kneels down and holds the toy in front of the dogs, who continue to jump up and try to grab it. The man and the dogs seem to be having a great time playing together.",T2V_data/label/vidgen_filter_gemini_part_0_dpo_9/hBeWAUHwUrM-Scene-0084/depth.mp4,T2V_data/label/vidgen_filter_gemini_part_0_dpo_9/hBeWAUHwUrM-Scene-0084/aug_entity_40.png
T2V_data/VIDGEN-1M_unzip/hMi6UPaQKLY-Scene-0128.mp4,"In the video, a woman is seen sitting on a rope swing that is tied to a tree. She is wearing a bikini and has a smile on her face. The beach is sandy with palm trees in the background. The woman then stands up on the swing and begins to swing back and forth. The sky is clear and blue, and the sun is shining brightly.",T2V_data/label/vidgen_filter_gemini_part_0_dpo_9/hMi6UPaQKLY-Scene-0128/depth.mp4,T2V_data/label/vidgen_filter_gemini_part_0_dpo_9/hMi6UPaQKLY-Scene-0128/aug_entity_60.png
T2V_data/VIDGEN-1M_unzip/hZHZwNDZmdM-Scene-0003.mp4,"The video shows a red race car with the number 9 on it, driving on a track. The car is moving at a high speed and is seen from different angles as it navigates the track. The track appears to be made of asphalt and is surrounded by grass. The car has a sleek design with a large rear wing and is adorned with various sponsor logos. The driver is not visible in the video.",T2V_data/label/vidgen_filter_gemini_part_0_dpo_9/hZHZwNDZmdM-Scene-0003/depth.mp4,T2V_data/label/vidgen_filter_gemini_part_0_dpo_9/hZHZwNDZmdM-Scene-0003/aug_entity_20.png
T2V_data/VIDGEN-1M_unzip/hbFkfvIDu6c-Scene-0017.mp4,"In the video, we see a young gorilla playing with a blue ball. The gorilla is holding the ball with its hands and appears to be biting and chewing on it. The ball has several holes in it, and the gorilla seems to be enjoying playing with it. The background is green, indicating that the video was likely taken in a natural environment. The gorilla's fur is dark and its movements are playful and curious.",T2V_data/label/vidgen_filter_gemini_part_0_dpo_9/hbFkfvIDu6c-Scene-0017/depth.mp4,T2V_data/label/vidgen_filter_gemini_part_0_dpo_9/hbFkfvIDu6c-Scene-0017/aug_entity_40.png
T2V_data/VIDGEN-1M_unzip/i0j7QC3vUmk-Scene-0072.mp4,"In the video, a man is standing in a room with two boys. He is holding a bag of chips and a knife. The boys are standing on either side of him. The man takes a chip out of the bag and puts it on the knife. He then proceeds to cut the chip in half. The boys watch him with interest. The room appears to be a living room with a couch and a coffee table visible in the background. The man is wearing a gray t-shirt and black pants, while the boys are wearing black t-shirts and shorts. The lighting in the room is bright, and the walls are painted white.",T2V_data/label/vidgen_filter_gemini_part_0_dpo_9/i0j7QC3vUmk-Scene-0072/depth.mp4,T2V_data/label/vidgen_filter_gemini_part_0_dpo_9/i0j7QC3vUmk-Scene-0072/aug_entity_20.png
T2V_data/VIDGEN-1M_unzip/i0j7QC3vUmk-Scene-0072.mp4,"In the video, a man is standing in a room with two boys. He is holding a bag of chips and a knife. The boys are standing on either side of him. The man takes a chip out of the bag and puts it on the knife. He then proceeds to cut the chip in half. The boys watch him with interest. The room appears to be a living room with a couch and a coffee table visible in the background. The man is wearing a gray t-shirt and black pants, while the boys are wearing black t-shirts and shorts. The lighting in the room is bright, and the walls are painted white.",T2V_data/label/vidgen_filter_gemini_part_0_dpo_9/i0j7QC3vUmk-Scene-0072/depth.mp4,T2V_data/label/vidgen_filter_gemini_part_0_dpo_9/i0j7QC3vUmk-Scene-0072/aug_entity_60.png
T2V_data/VIDGEN-1M_unzip/iQ-1v5RCSMA-Scene-0094.mp4,"This video features a baseball game in progress. The scene is set in a stadium filled with spectators. The camera focuses on a player wearing a blue and white uniform, who is standing on the field. The player is seen catching a baseball with his glove and then throwing it back to the pitcher. The stadium is packed with people, and the atmosphere is lively. The player's uniform is clean and well-maintained, and his movements are fluid and precise. The video captures the excitement and energy of the game, with the sound of the crowd and the crack of the bat adding to the overall experience.",T2V_data/label/vidgen_filter_gemini_part_0_dpo_9/iQ-1v5RCSMA-Scene-0094/depth.mp4,T2V_data/label/vidgen_filter_gemini_part_0_dpo_9/iQ-1v5RCSMA-Scene-0094/aug_entity_40.png
T2V_data/VIDGEN-1M_unzip/iSrsjE1GaMw-Scene-0015.mp4,The video shows a basketball game in progress. The players are wearing blue and black uniforms. The player in the blue uniform is dribbling the ball and then makes a shot. The crowd is cheering in the background.,T2V_data/label/vidgen_filter_gemini_part_0_dpo_9/iSrsjE1GaMw-Scene-0015/depth.mp4,T2V_data/label/vidgen_filter_gemini_part_0_dpo_9/iSrsjE1GaMw-Scene-0015/aug_entity_60.png
T2V_data/VIDGEN-1M_unzip/i_iHvYRnZRk-Scene-0038.mp4,"The video shows a person pouring milk into a glass. The milk is poured from a height, causing it to splash and froth as it hits the bottom of the glass. The glass is transparent and appears to be sitting on a wooden surface. There is no other visible context or objects in the video.",T2V_data/label/vidgen_filter_gemini_part_0_dpo_9/i_iHvYRnZRk-Scene-0038/depth.mp4,T2V_data/label/vidgen_filter_gemini_part_0_dpo_9/i_iHvYRnZRk-Scene-0038/aug_entity_20.png
T2V_data/VIDGEN-1M_unzip/iehJGt6Vu8g-Scene-0015.mp4,"In the video, a man is seen using a shovel to dig up the grass around the base of a wooden deck. He is wearing a gray shirt and black shorts, and he is using a green shovel. The man is digging up the grass in a circular motion, starting from the bottom of the deck and moving towards the top. He is also wearing gloves and boots for protection. The grass is green and appears to be well-maintained. The wooden deck is brown and appears to be in good condition. The man is working diligently, and the video captures the entire process of him digging up the grass.",T2V_data/label/vidgen_filter_gemini_part_0_dpo_9/iehJGt6Vu8g-Scene-0015/depth.mp4,T2V_data/label/vidgen_filter_gemini_part_0_dpo_9/iehJGt6Vu8g-Scene-0015/aug_entity_20.png
T2V_data/VIDGEN-1M_unzip/ih_BldxlI0A-Scene-0033.mp4,"The video shows a person's hands kneading dough on a wooden surface. The person is wearing a white shirt and has flour on their hands. The dough is off-white and appears to be soft and pliable. The person is using their hands to press and fold the dough, and the wooden surface has some flour on it.",T2V_data/label/vidgen_filter_gemini_part_0_dpo_9/ih_BldxlI0A-Scene-0033/depth.mp4,T2V_data/label/vidgen_filter_gemini_part_0_dpo_9/ih_BldxlI0A-Scene-0033/aug_entity_20.png
T2V_data/VIDGEN-1M_unzip/ix43ebozIA0-Scene-0052.mp4,"In the video, a man is seen in a forest, wearing a green shirt and a helmet. He is holding a large wooden plank and is attempting to move it. The man is struggling to lift the plank, and it appears to be heavy. The forest around him is lush and green, with tall trees and a clear path. The man's movements are slow and deliberate as he tries to maneuver the plank. Despite his efforts, he seems to be having difficulty moving it.",T2V_data/label/vidgen_filter_gemini_part_0_dpo_9/ix43ebozIA0-Scene-0052/depth.mp4,T2V_data/label/vidgen_filter_gemini_part_0_dpo_9/ix43ebozIA0-Scene-0052/aug_entity_20.png
T2V_data/VIDGEN-1M_unzip/jDYsIzLObBg-Scene-0051.mp4,"In the video, a person is seen using a brush to apply a yellow substance onto a wooden surface. The brush is moved back and forth, spreading the substance evenly across the wood. The substance appears to be a thick, viscous liquid, and the brush is loaded with a generous amount of it. The wooden surface has a natural grain pattern, and the yellow substance contrasts with the brown color of the wood. The person's hand is visible, holding the brush and applying the substance with precision. The video is shot in close-up, focusing on the action of the brush and the substance being applied.",T2V_data/label/vidgen_filter_gemini_part_0_dpo_9/jDYsIzLObBg-Scene-0051/depth.mp4,T2V_data/label/vidgen_filter_gemini_part_0_dpo_9/jDYsIzLObBg-Scene-0051/aug_entity_40.png
T2V_data/VIDGEN-1M_unzip/jxG1KM8DYtc-Scene-0007.mp4,"The video shows a close-up of a grinding wheel in motion. The wheel is circular and appears to be made of a hard material, possibly metal. It is spinning rapidly, creating a blur effect due to its high speed. The background is blurred, but it seems to be an outdoor setting. The grinding wheel is attached to a red machine, which could be a power tool or a piece of equipment used for grinding or cutting. There are no visible titles, subtitles, or informative text in the video.",T2V_data/label/vidgen_filter_gemini_part_0_dpo_9/jxG1KM8DYtc-Scene-0007/depth.mp4,T2V_data/label/vidgen_filter_gemini_part_0_dpo_9/jxG1KM8DYtc-Scene-0007/aug_entity_60.png
T2V_data/VIDGEN-1M_unzip/jytGhABxFvU-Scene-0003.mp4,"In the video, a white and brown cat is sitting on a wooden floor. A person throws a black shoe towards the cat, and the cat catches it with its paw. The cat then sits on the shoe and begins to play with it.",T2V_data/label/vidgen_filter_gemini_part_0_dpo_9/jytGhABxFvU-Scene-0003/depth.mp4,T2V_data/label/vidgen_filter_gemini_part_0_dpo_9/jytGhABxFvU-Scene-0003/aug_entity_20.png
T2V_data/VIDGEN-1M_unzip/k5r9PY4CmPc-Scene-0085.mp4,The video features a woman holding a small stuffed animal in her hands. The stuffed animal is gray in color and has a blue bow on its head. The woman is wearing a white shirt and has red nail polish on her fingers. She is holding the stuffed animal in her left hand and using her right hand to pull on a string attached to the animal. The string appears to be a loop that can be pulled to make the animal move. The woman seems to be demonstrating how the stuffed animal works.,T2V_data/label/vidgen_filter_gemini_part_0_dpo_9/k5r9PY4CmPc-Scene-0085/depth.mp4,T2V_data/label/vidgen_filter_gemini_part_0_dpo_9/k5r9PY4CmPc-Scene-0085/aug_entity_40.png
T2V_data/VIDGEN-1M_unzip/k5r9PY4CmPc-Scene-0085.mp4,The video features a woman holding a small stuffed animal in her hands. The stuffed animal is gray in color and has a blue bow on its head. The woman is wearing a white shirt and has red nail polish on her fingers. She is holding the stuffed animal in her left hand and using her right hand to pull on a string attached to the animal. The string appears to be a loop that can be pulled to make the animal move. The woman seems to be demonstrating how the stuffed animal works.,T2V_data/label/vidgen_filter_gemini_part_0_dpo_9/k5r9PY4CmPc-Scene-0085/depth.mp4,T2V_data/label/vidgen_filter_gemini_part_0_dpo_9/k5r9PY4CmPc-Scene-0085/aug_entity_60.png
T2V_data/VIDGEN-1M_unzip/kC4hdo61MyI-Scene-0096.mp4,"In the video, a man is seen climbing up a staircase. He is wearing a green t-shirt and black shorts, and he is holding onto the railing as he ascends. The staircase has white walls and a metal railing. The man appears to be in good physical shape and is moving at a steady pace. The lighting in the video is bright, and the overall atmosphere is calm and serene.",T2V_data/label/vidgen_filter_gemini_part_0_dpo_9/kC4hdo61MyI-Scene-0096/depth.mp4,T2V_data/label/vidgen_filter_gemini_part_0_dpo_9/kC4hdo61MyI-Scene-0096/aug_entity_20.png
T2V_data/VIDGEN-1M_unzip/kQWih1IIEhk-Scene-0015.mp4,"The video shows a person's hands holding a Rubik's cube and turning it around to solve it. The cube has six faces, each with a different color: red, blue, green, yellow, orange, and white. The person's hands move quickly, twisting and turning the cube to align the colors correctly. The background is a table with other Rubik's cubes and a keyboard.",T2V_data/label/vidgen_filter_gemini_part_0_dpo_9/kQWih1IIEhk-Scene-0015/depth.mp4,T2V_data/label/vidgen_filter_gemini_part_0_dpo_9/kQWih1IIEhk-Scene-0015/aug_entity_20.png
T2V_data/VIDGEN-1M_unzip/kZN8KUBkXrQ-Scene-0001.mp4,"In the video, a man is sitting in a red chair in a room with a brick wall in the background. He is wearing a gray shirt and a tie with a pattern of squares. The man is holding a white object in his hand, which he throws up in the air and catches again. He then proceeds to talk to the camera, making various hand gestures as he speaks. The room is well-lit, and there are several books and a lamp on a shelf behind him.",T2V_data/label/vidgen_filter_gemini_part_0_dpo_9/kZN8KUBkXrQ-Scene-0001/depth.mp4,T2V_data/label/vidgen_filter_gemini_part_0_dpo_9/kZN8KUBkXrQ-Scene-0001/aug_entity_20.png
T2V_data/VIDGEN-1M_unzip/kZN8KUBkXrQ-Scene-0001.mp4,"In the video, a man is sitting in a red chair in a room with a brick wall in the background. He is wearing a gray shirt and a tie with a pattern of squares. The man is holding a white object in his hand, which he throws up in the air and catches again. He then proceeds to talk to the camera, making various hand gestures as he speaks. The room is well-lit, and there are several books and a lamp on a shelf behind him.",T2V_data/label/vidgen_filter_gemini_part_0_dpo_9/kZN8KUBkXrQ-Scene-0001/depth.mp4,T2V_data/label/vidgen_filter_gemini_part_0_dpo_9/kZN8KUBkXrQ-Scene-0001/aug_entity_40.png
T2V_data/VIDGEN-1M_unzip/kfXw0w8FDBM-Scene-0025.mp4,"The video shows a close-up of a person's hands, wearing black gloves, slicing a piece of meat on a wooden cutting board. The meat has a dark crust on the outside and is pink on the inside, indicating that it is cooked. The person uses a large knife to cut the meat into thin slices. The background is blurred, but it appears to be a kitchen setting.",T2V_data/label/vidgen_filter_gemini_part_0_dpo_9/kfXw0w8FDBM-Scene-0025/depth.mp4,T2V_data/label/vidgen_filter_gemini_part_0_dpo_9/kfXw0w8FDBM-Scene-0025/aug_entity_40.png
T2V_data/VIDGEN-1M_unzip/kfXw0w8FDBM-Scene-0025.mp4,"The video shows a close-up of a person's hands, wearing black gloves, slicing a piece of meat on a wooden cutting board. The meat has a dark crust on the outside and is pink on the inside, indicating that it is cooked. The person uses a large knife to cut the meat into thin slices. The background is blurred, but it appears to be a kitchen setting.",T2V_data/label/vidgen_filter_gemini_part_0_dpo_9/kfXw0w8FDBM-Scene-0025/depth.mp4,T2V_data/label/vidgen_filter_gemini_part_0_dpo_9/kfXw0w8FDBM-Scene-0025/aug_entity_60.png
T2V_data/VIDGEN-1M_unzip/knbCRyWr-Bs-Scene-0006.mp4,"In the video, a person is seen using a hammer to drive a nail into a piece of wood. The person's hand is visible, holding the hammer, and the nail is being driven into a pre-drilled hole in the wood. The hammer is blue and silver in color, and the wood appears to be light brown. The background is not clearly visible, but it seems to be an indoor setting. The person's actions are deliberate and careful, ensuring that the nail is driven in straight and securely.",T2V_data/label/vidgen_filter_gemini_part_0_dpo_9/knbCRyWr-Bs-Scene-0006/depth.mp4,T2V_data/label/vidgen_filter_gemini_part_0_dpo_9/knbCRyWr-Bs-Scene-0006/aug_entity_80.png
T2V_data/VIDGEN-1M_unzip/l1pyeJz7C3Y-Scene-0019.mp4,"In the video, a person is seen stirring a pot of soup on a stove. The person is using a wooden spoon to stir the soup, which is bubbling and steaming. The pot is black and appears to be made of metal. The stove has a digital display, and the person is wearing a black shirt. The soup seems to be a creamy white color, and there are visible chunks of vegetables in it. The person stirs the soup in a circular motion, ensuring that all the ingredients are well-combined.",T2V_data/label/vidgen_filter_gemini_part_0_dpo_9/l1pyeJz7C3Y-Scene-0019/depth.mp4,T2V_data/label/vidgen_filter_gemini_part_0_dpo_9/l1pyeJz7C3Y-Scene-0019/aug_entity_20.png
T2V_data/VIDGEN-1M_unzip/l8DE-arHOdg-Scene-0031.mp4,"In the video, a person is seen seasoning a large piece of meat with a dry rub. The meat is placed on a tray, and the person's hand is visible as they rub the seasoning onto the meat. The seasoning appears to be a mixture of spices, and the person is thorough in their application, ensuring that the meat is well-coated. The video is shot in close-up, focusing on the action of seasoning the meat. The person's movements are deliberate and careful, indicating a level of expertise or familiarity with the process. The lighting is bright, and the colors are vivid, with the reddish-brown hue of the meat contrasting against the darker tray.",T2V_data/label/vidgen_filter_gemini_part_0_dpo_9/l8DE-arHOdg-Scene-0031/depth.mp4,T2V_data/label/vidgen_filter_gemini_part_0_dpo_9/l8DE-arHOdg-Scene-0031/aug_entity_20.png
T2V_data/VIDGEN-1M_unzip/lb8dHGsMcyE-Scene-0011.mp4,"In the video, a man is seen holding a cocktail shaker in his hands. He then places a glass on top of the shaker and begins to shake it vigorously. After a few seconds, he stops shaking and removes the glass from the shaker. The man then proceeds to pour the contents of the shaker into the glass. The video ends with the man holding the glass and smiling.",T2V_data/label/vidgen_filter_gemini_part_0_dpo_9/lb8dHGsMcyE-Scene-0011/depth.mp4,T2V_data/label/vidgen_filter_gemini_part_0_dpo_9/lb8dHGsMcyE-Scene-0011/aug_entity_40.png
T2V_data/VIDGEN-1M_unzip/lfjnI25CyuM-Scene-0055.mp4,"In the video, a group of young girls are playing a game of Jenga. They are all wearing swimsuits and are standing in a circle around the game. The girls are carefully removing wooden blocks from the tower and placing them on top, trying to avoid knocking the tower over. The game seems to be taking place in a backyard, and the girls are all focused and having fun.",T2V_data/label/vidgen_filter_gemini_part_0_dpo_9/lfjnI25CyuM-Scene-0055/depth.mp4,T2V_data/label/vidgen_filter_gemini_part_0_dpo_9/lfjnI25CyuM-Scene-0055/aug_entity_20.png
T2V_data/VIDGEN-1M_unzip/mbVnt-gSCXs-Scene-0005.mp4,"The video shows a football game being played on a field. The players are wearing helmets and uniforms, and the game is being watched by a crowd of spectators. The players are seen running, tackling, and scoring touchdowns. The field is marked with white lines, and there are goalposts at each end. The players are seen celebrating after scoring.",T2V_data/label/vidgen_filter_gemini_part_0_dpo_9/mbVnt-gSCXs-Scene-0005/depth.mp4,T2V_data/label/vidgen_filter_gemini_part_0_dpo_9/mbVnt-gSCXs-Scene-0005/aug_entity_40.png
T2V_data/VIDGEN-1M_unzip/nE4TCvmMBcg-Scene-0011.mp4,"The video shows a person cutting a piece of cabbage on a wooden cutting board. The person uses a knife to cut the cabbage into smaller pieces. The cabbage is white and appears to be fresh. The cutting board is rectangular and has a circular hole in the center. The person's hands are visible as they cut the cabbage, and they are wearing a ring on their left hand.",T2V_data/label/vidgen_filter_gemini_part_0_dpo_9/nE4TCvmMBcg-Scene-0011/depth.mp4,T2V_data/label/vidgen_filter_gemini_part_0_dpo_9/nE4TCvmMBcg-Scene-0011/aug_entity_40.png
T2V_data/VIDGEN-1M_unzip/otjhZxVVLQc-Scene-0168.mp4,"The video shows a person riding a dirt bike through a forest. The rider is wearing a helmet and gloves, and the bike is orange and white. The trail is narrow and surrounded by trees and bushes. The rider maneuvers the bike skillfully through the rough terrain, making sharp turns and jumps. The camera angle is from the rider's perspective, giving the viewer a sense of being on the bike. The video is shot during the day, and the natural lighting adds to the overall ambiance of the scene.",T2V_data/label/vidgen_filter_gemini_part_0_dpo_9/otjhZxVVLQc-Scene-0168/depth.mp4,T2V_data/label/vidgen_filter_gemini_part_0_dpo_9/otjhZxVVLQc-Scene-0168/aug_entity_20.png
T2V_data/VIDGEN-1M_unzip/owNa6MRhkRQ-Scene-0039.mp4,The video shows a person swimming in a pool. The person is wearing a swimsuit and is seen swimming underwater. The water is clear and blue in color. The person is moving their arms and legs in a swimming motion. There are no other people or objects visible in the video. The person appears to be alone in the pool. The lighting is bright and the pool tiles are visible on the bottom of the pool. The person is moving towards the surface of the water.,T2V_data/label/vidgen_filter_gemini_part_0_dpo_9/owNa6MRhkRQ-Scene-0039/depth.mp4,T2V_data/label/vidgen_filter_gemini_part_0_dpo_9/owNa6MRhkRQ-Scene-0039/aug_entity_20.png
T2V_data/VIDGEN-1M_unzip/pAHcmgYsaGQ-Scene-0025.mp4,"The video shows a man using a circular saw to cut a wooden board. He is wearing a white shirt and glasses and is standing in front of a garage door. The wooden board is placed on a workbench and the man is using the saw to cut it into smaller pieces. The saw is connected to a power source through a black cord. The man is focused on his task and appears to be skilled in using the saw. The garage door in the background is white and appears to be closed. The lighting in the video is bright, making it easy to see the details of the wood and the man's actions.",T2V_data/label/vidgen_filter_gemini_part_0_dpo_9/pAHcmgYsaGQ-Scene-0025/depth.mp4,T2V_data/label/vidgen_filter_gemini_part_0_dpo_9/pAHcmgYsaGQ-Scene-0025/aug_entity_60.png
T2V_data/VIDGEN-1M_unzip/pWrTJgqNpPU-Scene-0068.mp4,"In the video, a person is seen wearing black gloves and cutting a sandwich with a knife. The sandwich appears to be filled with lettuce and meat. The person cuts the sandwich in half, revealing the filling inside. The knife used is a long, sharp knife, and the sandwich is cut on a wooden cutting board. The person's movements are precise and careful, indicating that they are experienced in cutting sandwiches. The lighting in the video is bright, and the colors are vibrant, with the green of the lettuce and the brown of the meat and bread being particularly noticeable.",T2V_data/label/vidgen_filter_gemini_part_0_dpo_9/pWrTJgqNpPU-Scene-0068/depth.mp4,T2V_data/label/vidgen_filter_gemini_part_0_dpo_9/pWrTJgqNpPU-Scene-0068/aug_entity_40.png
T2V_data/VIDGEN-1M_unzip/qOo0iSnmwP4-Scene-0113.mp4,"In the video, a man is seen wearing white gloves and holding a large metal object. He is using a tool to remove a piece of metal from the object. The man appears to be working in a workshop or garage, as there are various tools and equipment visible in the background. The metal object he is working on is circular and has a series of holes in it. The man's movements are deliberate and precise as he works on the object. The lighting in the video is bright, and the focus is on the man and the metal object he is working on.",T2V_data/label/vidgen_filter_gemini_part_0_dpo_9/qOo0iSnmwP4-Scene-0113/depth.mp4,T2V_data/label/vidgen_filter_gemini_part_0_dpo_9/qOo0iSnmwP4-Scene-0113/aug_entity_60.png
T2V_data/VIDGEN-1M_unzip/qvHhEBD_cKg-Scene-0146.mp4,"The video shows a woman in a yellow sports bra and black leggings doing push-ups on a black mat. She is in a spacious room with a wooden ceiling and large windows. The woman is wearing black sneakers and has her hair tied up in a ponytail. She starts in a plank position and then lowers her body towards the mat, pushing back up to the starting position. The video is shot from a side angle, capturing the woman's movements as she performs the exercise.",T2V_data/label/vidgen_filter_gemini_part_0_dpo_9/qvHhEBD_cKg-Scene-0146/depth.mp4,T2V_data/label/vidgen_filter_gemini_part_0_dpo_9/qvHhEBD_cKg-Scene-0146/aug_entity_20.png
T2V_data/VIDGEN-1M_unzip/qvHhEBD_cKg-Scene-0146.mp4,"The video shows a woman in a yellow sports bra and black leggings doing push-ups on a black mat. She is in a spacious room with a wooden ceiling and large windows. The woman is wearing black sneakers and has her hair tied up in a ponytail. She starts in a plank position and then lowers her body towards the mat, pushing back up to the starting position. The video is shot from a side angle, capturing the woman's movements as she performs the exercise.",T2V_data/label/vidgen_filter_gemini_part_0_dpo_9/qvHhEBD_cKg-Scene-0146/depth.mp4,T2V_data/label/vidgen_filter_gemini_part_0_dpo_9/qvHhEBD_cKg-Scene-0146/aug_entity_40.png
T2V_data/VIDGEN-1M_unzip/r4lbZuwXGS4-Scene-0037.mp4,"In the video, a man is seen performing a workout routine in a gym. He is wearing a white t-shirt, black pants, and white shoes. The man is standing in front of a red squat rack, which is loaded with weights. He is holding onto the bar of the squat rack with both hands and performing squats by bending his knees and lowering his body while maintaining a straight back. The gym has a black wall with the word ""Nutrition"" written on it in white letters. The man completes several repetitions of the squat exercise, demonstrating proper form and technique.",T2V_data/label/vidgen_filter_gemini_part_0_dpo_9/r4lbZuwXGS4-Scene-0037/depth.mp4,T2V_data/label/vidgen_filter_gemini_part_0_dpo_9/r4lbZuwXGS4-Scene-0037/aug_entity_40.png
T2V_data/VIDGEN-1M_unzip/rJYyqUv0yfs-Scene-0142.mp4,"In the video, a man is seen riding a bike on a ramp. He is wearing a black shirt and a black helmet. The man is holding onto the handlebars of the bike and appears to be enjoying the ride. He is riding on a ramp that is located in a park. The sky is clear and blue, and there are trees visible in the background. The man seems to be in control of the bike and is moving at a steady pace. The bike appears to be a mountain bike, and the ramp is made of wood. The man's posture suggests that he is experienced in riding a bike.",T2V_data/label/vidgen_filter_gemini_part_0_dpo_9/rJYyqUv0yfs-Scene-0142/depth.mp4,T2V_data/label/vidgen_filter_gemini_part_0_dpo_9/rJYyqUv0yfs-Scene-0142/aug_entity_20.png
T2V_data/VIDGEN-1M_unzip/sUV8norNwTU-Scene-0046.mp4,"In the video, a man is seen swinging on a swing that is attached to a large concrete structure on a beach. The man is wearing black shorts and is shirtless. He is swinging back and forth, and at one point, he stands up on the swing. The man then jumps off the swing and lands on the sandy beach. The beach is sandy with waves crashing in the background. The sky is clear and blue.",T2V_data/label/vidgen_filter_gemini_part_0_dpo_9/sUV8norNwTU-Scene-0046/depth.mp4,T2V_data/label/vidgen_filter_gemini_part_0_dpo_9/sUV8norNwTU-Scene-0046/aug_entity_80.png
T2V_data/VIDGEN-1M_unzip/spA6okX6sn8-Scene-0045.mp4,"In the video, a person is seen cooking two tortillas on a flat top grill. The tortillas are light yellow in color and are placed on the grill one after the other. The person uses a spatula to flip the tortillas over to cook evenly on both sides. The grill is black and appears to be hot as the tortillas sizzle when they touch the surface. The person's hands are visible as they cook the tortillas, and they seem to be wearing a white shirt. The background is blurred, but it appears to be a kitchen setting.",T2V_data/label/vidgen_filter_gemini_part_0_dpo_9/spA6okX6sn8-Scene-0045/depth.mp4,T2V_data/label/vidgen_filter_gemini_part_0_dpo_9/spA6okX6sn8-Scene-0045/aug_entity_20.png
T2V_data/VIDGEN-1M_unzip/uquhGZAqqqg-Scene-0025.mp4,"In the video, a bald man is seen standing outside a garage. He is wearing a black hoodie and black pants. The man is holding a purple bottle in one hand and a black machine gun in the other hand. He is talking to the camera while pointing the machine gun at the bottle. The garage behind him is filled with various items, including a red bucket and a yellow vacuum cleaner. There is also a blue car parked in the background. The man appears to be demonstrating how to use the machine gun to shoot the bottle.",T2V_data/label/vidgen_filter_gemini_part_0_dpo_9/uquhGZAqqqg-Scene-0025/depth.mp4,T2V_data/label/vidgen_filter_gemini_part_0_dpo_9/uquhGZAqqqg-Scene-0025/aug_entity_20.png
T2V_data/VIDGEN-1M_unzip/vuzwYiiKsZM-Scene-0005.mp4,"The video shows two scuba divers underwater, one of whom is opening a wooden chest. The chest is filled with wine bottles, and the diver is seen picking up one of the bottles. The water is greenish in color, and the visibility is somewhat limited. The divers are wearing full scuba gear, including tanks, masks, and fins. The chest appears to be old and weathered, and the bottles inside are of various colors and labels. The diver who is opening the chest is wearing yellow gloves and is carefully handling the bottles.",T2V_data/label/vidgen_filter_gemini_part_0_dpo_9/vuzwYiiKsZM-Scene-0005/depth.mp4,T2V_data/label/vidgen_filter_gemini_part_0_dpo_9/vuzwYiiKsZM-Scene-0005/aug_entity_20.png
T2V_data/VIDGEN-1M_unzip/vuzwYiiKsZM-Scene-0005.mp4,"The video shows two scuba divers underwater, one of whom is opening a wooden chest. The chest is filled with wine bottles, and the diver is seen picking up one of the bottles. The water is greenish in color, and the visibility is somewhat limited. The divers are wearing full scuba gear, including tanks, masks, and fins. The chest appears to be old and weathered, and the bottles inside are of various colors and labels. The diver who is opening the chest is wearing yellow gloves and is carefully handling the bottles.",T2V_data/label/vidgen_filter_gemini_part_0_dpo_9/vuzwYiiKsZM-Scene-0005/depth.mp4,T2V_data/label/vidgen_filter_gemini_part_0_dpo_9/vuzwYiiKsZM-Scene-0005/aug_entity_40.png
T2V_data/VIDGEN-1M_unzip/wIFq4hJCGAQ-Scene-0003.mp4,"In the video, two women are standing in a kitchen. One woman is wearing a purple shirt and the other is wearing a striped shirt. They are both holding a blender and a wooden bowl. The woman in the purple shirt is talking to the camera while the woman in the striped shirt is looking at her. The woman in the purple shirt then pours ice into the wooden bowl and adds pineapple chunks to it. She then pours the contents of the bowl into the blender.",T2V_data/label/vidgen_filter_gemini_part_0_dpo_9/wIFq4hJCGAQ-Scene-0003/depth.mp4,T2V_data/label/vidgen_filter_gemini_part_0_dpo_9/wIFq4hJCGAQ-Scene-0003/aug_entity_40.png
T2V_data/VIDGEN-1M_unzip/xy49AGDnSB8-Scene-0013.mp4,"In the video, a pot of milk is shown boiling on a stove. The milk is white and appears to be hot as it bubbles and boils. The pot is made of stainless steel and has a handle on one side. The stove is white and appears to be a gas stove. The background is a kitchen counter with various items on it.",T2V_data/label/vidgen_filter_gemini_part_0_dpo_9/xy49AGDnSB8-Scene-0013/depth.mp4,T2V_data/label/vidgen_filter_gemini_part_0_dpo_9/xy49AGDnSB8-Scene-0013/aug_entity_20.png
T2V_data/VIDGEN-1M_unzip/y1iekq8AH3Q-Scene-0019.mp4,"In this video, we see a close-up shot of a pan on a stove. The pan contains a mixture of chopped vegetables, which appear to be tomatoes and onions. A person is pouring a clear liquid, possibly water or broth, into the pan from a silver pot. The liquid is being poured over the vegetables, and the person is using a spoon to stir the mixture. The stove is lit, and the flame can be seen under the pan. The person's hands are visible as they stir the mixture, but their face is not shown in the video. The colors in the video are vibrant, with the red of the tomatoes and the silver of the pots and pan standing out.",T2V_data/label/vidgen_filter_gemini_part_0_dpo_9/y1iekq8AH3Q-Scene-0019/depth.mp4,T2V_data/label/vidgen_filter_gemini_part_0_dpo_9/y1iekq8AH3Q-Scene-0019/aug_entity_60.png
T2V_data/VIDGEN-1M_unzip/yYHFWQWlXJc-Scene-0078.mp4,"In the video, a man is seen working in a workshop. He is wearing a brown jacket and yellow gloves. The man is using a machine to sharpen a sword. As he moves the sword along the machine, sparks fly out from the blade. The workshop is filled with various tools and equipment, indicating that it is a place where metalwork is done. The man seems to be focused on his task, carefully sharpening the blade to ensure it is sharp and precise. The sound of the machine and the sparks flying add to the overall atmosphere of the workshop.",T2V_data/label/vidgen_filter_gemini_part_0_dpo_9/yYHFWQWlXJc-Scene-0078/depth.mp4,T2V_data/label/vidgen_filter_gemini_part_0_dpo_9/yYHFWQWlXJc-Scene-0078/aug_entity_60.png
T2V_data/VIDGEN-1M_unzip/zHEvJpOP5QA-Scene-0031.mp4,"In the video, a person is seen chopping garlic on a wooden cutting board. The person is using a knife to chop the garlic into small pieces. The garlic is already chopped into small pieces, and the person is continuing to chop it. The cutting board is placed on a surface, and the person's hand is visible as they chop the garlic. The knife is sharp, and the person is using a chopping motion to chop the garlic. The garlic pieces are white and small, and the cutting board is brown. The person's hand is visible, and they are wearing a ring on their finger. The video is shot from a close-up angle, focusing on the person's hand and the garlic.",T2V_data/label/vidgen_filter_gemini_part_0_dpo_9/zHEvJpOP5QA-Scene-0031/depth.mp4,T2V_data/label/vidgen_filter_gemini_part_0_dpo_9/zHEvJpOP5QA-Scene-0031/aug_entity_40.png
