video,prompt,vace_video,vace_reference_image
T2V_data/VIDGEN-1M_unzip/-AyDd98SEns-Scene-0004.mp4,"The video shows a person driving a car. The driver is holding the steering wheel with both hands and looking straight ahead. The car's dashboard is visible, with various buttons and controls. The driver's seat is also visible, and the person appears to be wearing a seatbelt. The car is moving, and the driver seems to be focused on the road.",T2V_data/label/vidgen_filter_gemini_part_0_dpo_0/-AyDd98SEns-Scene-0004/depth.mp4,T2V_data/label/vidgen_filter_gemini_part_0_dpo_0/-AyDd98SEns-Scene-0004/aug_entity_60.png
T2V_data/VIDGEN-1M_unzip/-AyDd98SEns-Scene-0004.mp4,"The video shows a person driving a car. The driver is holding the steering wheel with both hands and looking straight ahead. The car's dashboard is visible, with various buttons and controls. The driver's seat is also visible, and the person appears to be wearing a seatbelt. The car is moving, and the driver seems to be focused on the road.",T2V_data/label/vidgen_filter_gemini_part_0_dpo_0/-AyDd98SEns-Scene-0004/entity_60.mp4,T2V_data/label/vidgen_filter_gemini_part_0_dpo_0/-AyDd98SEns-Scene-0004/aug_entity_60.png
T2V_data/VIDGEN-1M_unzip/-C2rcldLpv0-Scene-0011.mp4,"In the video, a small dog is seen standing on a green pillow. The dog then jumps onto a red and white blanket. The dog then jumps back onto the pillow and begins to shake its body. The dog then jumps off the pillow and onto the blanket again. The dog repeats this action several times. The dog appears to be a small breed with a light-colored coat. The blanket and pillow are placed on the floor, and there are no other objects or people visible in the video.",T2V_data/label/vidgen_filter_gemini_part_0_dpo_0/-C2rcldLpv0-Scene-0011/depth.mp4,T2V_data/label/vidgen_filter_gemini_part_0_dpo_0/-C2rcldLpv0-Scene-0011/aug_entity_40.png
T2V_data/VIDGEN-1M_unzip/-C2rcldLpv0-Scene-0011.mp4,"In the video, a small dog is seen standing on a green pillow. The dog then jumps onto a red and white blanket. The dog then jumps back onto the pillow and begins to shake its body. The dog then jumps off the pillow and onto the blanket again. The dog repeats this action several times. The dog appears to be a small breed with a light-colored coat. The blanket and pillow are placed on the floor, and there are no other objects or people visible in the video.",T2V_data/label/vidgen_filter_gemini_part_0_dpo_0/-C2rcldLpv0-Scene-0011/entity_40.mp4,T2V_data/label/vidgen_filter_gemini_part_0_dpo_0/-C2rcldLpv0-Scene-0011/aug_entity_40.png
T2V_data/VIDGEN-1M_unzip/-D3qsFC0E0E-Scene-0208.mp4,"The video shows a person cutting a sandwich in half with a knife. The sandwich appears to have a layer of meat and cheese between two slices of bread. The person then proceeds to pick up one half of the sandwich and take a bite out of it. The sandwich looks freshly made and is cut neatly. The person's hands are visible in the video, but their face is not shown. The background is blurred, but it appears to be a kitchen setting.",T2V_data/label/vidgen_filter_gemini_part_0_dpo_0/-D3qsFC0E0E-Scene-0208/depth.mp4,T2V_data/label/vidgen_filter_gemini_part_0_dpo_0/-D3qsFC0E0E-Scene-0208/aug_entity_20.png
T2V_data/VIDGEN-1M_unzip/-D3qsFC0E0E-Scene-0208.mp4,"The video shows a person cutting a sandwich in half with a knife. The sandwich appears to have a layer of meat and cheese between two slices of bread. The person then proceeds to pick up one half of the sandwich and take a bite out of it. The sandwich looks freshly made and is cut neatly. The person's hands are visible in the video, but their face is not shown. The background is blurred, but it appears to be a kitchen setting.",T2V_data/label/vidgen_filter_gemini_part_0_dpo_0/-D3qsFC0E0E-Scene-0208/entity_20.mp4,T2V_data/label/vidgen_filter_gemini_part_0_dpo_0/-D3qsFC0E0E-Scene-0208/aug_entity_20.png
T2V_data/VIDGEN-1M_unzip/-NpI85Dz4dw-Scene-0026.mp4,"In the video, we see two men sitting on a couch in a living room. The man on the left is wearing a green jacket and has his arms crossed, while the man on the right is wearing a black shirt and is holding a remote control. The man on the right is speaking to the man on the left, and then he throws the remote control at him. The man on the left catches the remote control and throws it back at the man on the right, who catches it. The man on the right then stands up and walks away.",T2V_data/label/vidgen_filter_gemini_part_0_dpo_0/-NpI85Dz4dw-Scene-0026/depth.mp4,T2V_data/label/vidgen_filter_gemini_part_0_dpo_0/-NpI85Dz4dw-Scene-0026/aug_entity_40.png
T2V_data/VIDGEN-1M_unzip/-NpI85Dz4dw-Scene-0026.mp4,"In the video, we see two men sitting on a couch in a living room. The man on the left is wearing a green jacket and has his arms crossed, while the man on the right is wearing a black shirt and is holding a remote control. The man on the right is speaking to the man on the left, and then he throws the remote control at him. The man on the left catches the remote control and throws it back at the man on the right, who catches it. The man on the right then stands up and walks away.",T2V_data/label/vidgen_filter_gemini_part_0_dpo_0/-NpI85Dz4dw-Scene-0026/entity_40.mp4,T2V_data/label/vidgen_filter_gemini_part_0_dpo_0/-NpI85Dz4dw-Scene-0026/aug_entity_40.png
T2V_data/VIDGEN-1M_unzip/-Q9oc4yZluA-Scene-0010.mp4,"In the video, a person is seen holding a lock in their hands. The lock is made of metal and has a keyhole in the center. The person is using a tool to pick the lock. The tool appears to be a small metal rod with a pointed end. The person inserts the rod into the keyhole and turns it, attempting to unlock the lock. The background is blurred, but it appears to be a workshop or a garage. The person's hands are steady, and they seem to be experienced in using the tool. The video does not show whether the lock is successfully unlocked or not.",T2V_data/label/vidgen_filter_gemini_part_0_dpo_0/-Q9oc4yZluA-Scene-0010/depth.mp4,T2V_data/label/vidgen_filter_gemini_part_0_dpo_0/-Q9oc4yZluA-Scene-0010/aug_entity_40.png
T2V_data/VIDGEN-1M_unzip/-Q9oc4yZluA-Scene-0010.mp4,"In the video, a person is seen holding a lock in their hands. The lock is made of metal and has a keyhole in the center. The person is using a tool to pick the lock. The tool appears to be a small metal rod with a pointed end. The person inserts the rod into the keyhole and turns it, attempting to unlock the lock. The background is blurred, but it appears to be a workshop or a garage. The person's hands are steady, and they seem to be experienced in using the tool. The video does not show whether the lock is successfully unlocked or not.",T2V_data/label/vidgen_filter_gemini_part_0_dpo_0/-Q9oc4yZluA-Scene-0010/entity_40.mp4,T2V_data/label/vidgen_filter_gemini_part_0_dpo_0/-Q9oc4yZluA-Scene-0010/aug_entity_40.png
T2V_data/VIDGEN-1M_unzip/-TBs_TosRBY-Scene-0006.mp4,"The video shows a hockey game in progress. The players are wearing their respective team uniforms and are seen skating on the ice. The goalie is in position, ready to defend the goal. The players are seen passing the puck to each other, attempting to score a goal. The rink is surrounded by boards and glass, and there are advertisements visible on the boards. The players are using their sticks to control the puck and maneuver around the rink. The game seems to be intense, with both teams actively engaged in the play.",T2V_data/label/vidgen_filter_gemini_part_0_dpo_0/-TBs_TosRBY-Scene-0006/depth.mp4,T2V_data/label/vidgen_filter_gemini_part_0_dpo_0/-TBs_TosRBY-Scene-0006/aug_entity_40.png
T2V_data/VIDGEN-1M_unzip/-TBs_TosRBY-Scene-0006.mp4,"The video shows a hockey game in progress. The players are wearing their respective team uniforms and are seen skating on the ice. The goalie is in position, ready to defend the goal. The players are seen passing the puck to each other, attempting to score a goal. The rink is surrounded by boards and glass, and there are advertisements visible on the boards. The players are using their sticks to control the puck and maneuver around the rink. The game seems to be intense, with both teams actively engaged in the play.",T2V_data/label/vidgen_filter_gemini_part_0_dpo_0/-TBs_TosRBY-Scene-0006/entity_40.mp4,T2V_data/label/vidgen_filter_gemini_part_0_dpo_0/-TBs_TosRBY-Scene-0006/aug_entity_40.png
T2V_data/VIDGEN-1M_unzip/-_roi9tsUyg-Scene-0083.mp4,The video shows a baseball player in a purple and white uniform standing on the field. The player is holding a baseball glove and is seen throwing the ball. The stadium is filled with spectators. The player then runs towards the outfield.,T2V_data/label/vidgen_filter_gemini_part_0_dpo_0/-_roi9tsUyg-Scene-0083/depth.mp4,T2V_data/label/vidgen_filter_gemini_part_0_dpo_0/-_roi9tsUyg-Scene-0083/aug_entity_20.png
T2V_data/VIDGEN-1M_unzip/-_roi9tsUyg-Scene-0083.mp4,The video shows a baseball player in a purple and white uniform standing on the field. The player is holding a baseball glove and is seen throwing the ball. The stadium is filled with spectators. The player then runs towards the outfield.,T2V_data/label/vidgen_filter_gemini_part_0_dpo_0/-_roi9tsUyg-Scene-0083/entity_20.mp4,T2V_data/label/vidgen_filter_gemini_part_0_dpo_0/-_roi9tsUyg-Scene-0083/aug_entity_20.png
T2V_data/VIDGEN-1M_unzip/-lp0Uwtk-tQ-Scene-0015.mp4,"In the video, a young man is seen standing next to a tree. He is wearing a pink shirt and sunglasses. The man is using a tool to carve into the tree. The tree has a rough texture and is located in a fenced area. The man appears to be focused on his task, carefully carving into the tree. The video captures the man's movements as he works on the tree, providing a close-up view of his actions. The colors in the video are vibrant, with the pink of the man's shirt contrasting against the natural tones of the tree and the greenery in the background. The man's actions are deliberate and precise, indicating that he is skilled in his craft. Overall, the video provides a detailed look at the process of tree carving and the skill required to do so.",T2V_data/label/vidgen_filter_gemini_part_0_dpo_0/-lp0Uwtk-tQ-Scene-0015/depth.mp4,T2V_data/label/vidgen_filter_gemini_part_0_dpo_0/-lp0Uwtk-tQ-Scene-0015/aug_entity_40.png
T2V_data/VIDGEN-1M_unzip/-lp0Uwtk-tQ-Scene-0015.mp4,"In the video, a young man is seen standing next to a tree. He is wearing a pink shirt and sunglasses. The man is using a tool to carve into the tree. The tree has a rough texture and is located in a fenced area. The man appears to be focused on his task, carefully carving into the tree. The video captures the man's movements as he works on the tree, providing a close-up view of his actions. The colors in the video are vibrant, with the pink of the man's shirt contrasting against the natural tones of the tree and the greenery in the background. The man's actions are deliberate and precise, indicating that he is skilled in his craft. Overall, the video provides a detailed look at the process of tree carving and the skill required to do so.",T2V_data/label/vidgen_filter_gemini_part_0_dpo_0/-lp0Uwtk-tQ-Scene-0015/entity_40.mp4,T2V_data/label/vidgen_filter_gemini_part_0_dpo_0/-lp0Uwtk-tQ-Scene-0015/aug_entity_40.png
T2V_data/VIDGEN-1M_unzip/-lp0Uwtk-tQ-Scene-0015.mp4,"In the video, a young man is seen standing next to a tree. He is wearing a pink shirt and sunglasses. The man is using a tool to carve into the tree. The tree has a rough texture and is located in a fenced area. The man appears to be focused on his task, carefully carving into the tree. The video captures the man's movements as he works on the tree, providing a close-up view of his actions. The colors in the video are vibrant, with the pink of the man's shirt contrasting against the natural tones of the tree and the greenery in the background. The man's actions are deliberate and precise, indicating that he is skilled in his craft. Overall, the video provides a detailed look at the process of tree carving and the skill required to do so.",T2V_data/label/vidgen_filter_gemini_part_0_dpo_0/-lp0Uwtk-tQ-Scene-0015/depth.mp4,T2V_data/label/vidgen_filter_gemini_part_0_dpo_0/-lp0Uwtk-tQ-Scene-0015/aug_entity_60.png
T2V_data/VIDGEN-1M_unzip/-lp0Uwtk-tQ-Scene-0015.mp4,"In the video, a young man is seen standing next to a tree. He is wearing a pink shirt and sunglasses. The man is using a tool to carve into the tree. The tree has a rough texture and is located in a fenced area. The man appears to be focused on his task, carefully carving into the tree. The video captures the man's movements as he works on the tree, providing a close-up view of his actions. The colors in the video are vibrant, with the pink of the man's shirt contrasting against the natural tones of the tree and the greenery in the background. The man's actions are deliberate and precise, indicating that he is skilled in his craft. Overall, the video provides a detailed look at the process of tree carving and the skill required to do so.",T2V_data/label/vidgen_filter_gemini_part_0_dpo_0/-lp0Uwtk-tQ-Scene-0015/entity_60.mp4,T2V_data/label/vidgen_filter_gemini_part_0_dpo_0/-lp0Uwtk-tQ-Scene-0015/aug_entity_60.png
T2V_data/VIDGEN-1M_unzip/-weIbif0bWI-Scene-0019.mp4,"The video shows a close-up of a person's hand holding a spoon over a white mug. The spoon is filled with a thick, dark brown liquid, which appears to be chocolate syrup. The person is seen stirring the syrup in the mug, causing it to swirl around and create a glossy sheen on the surface. The mug is placed on a white countertop, and the background is blurred, focusing the viewer's attention on the action of stirring the syrup.",T2V_data/label/vidgen_filter_gemini_part_0_dpo_0/-weIbif0bWI-Scene-0019/depth.mp4,T2V_data/label/vidgen_filter_gemini_part_0_dpo_0/-weIbif0bWI-Scene-0019/aug_entity_20.png
T2V_data/VIDGEN-1M_unzip/-weIbif0bWI-Scene-0019.mp4,"The video shows a close-up of a person's hand holding a spoon over a white mug. The spoon is filled with a thick, dark brown liquid, which appears to be chocolate syrup. The person is seen stirring the syrup in the mug, causing it to swirl around and create a glossy sheen on the surface. The mug is placed on a white countertop, and the background is blurred, focusing the viewer's attention on the action of stirring the syrup.",T2V_data/label/vidgen_filter_gemini_part_0_dpo_0/-weIbif0bWI-Scene-0019/entity_20.mp4,T2V_data/label/vidgen_filter_gemini_part_0_dpo_0/-weIbif0bWI-Scene-0019/aug_entity_20.png
T2V_data/VIDGEN-1M_unzip/03EMer5erLI-Scene-0021.mp4,"In the video, a person is seen holding a metal tool with a threaded end. The tool is being used to unscrew a bolt on a piece of machinery. The person's hands are visible, and they are wearing a denim jacket. The background is blurred, but it appears to be an industrial setting. The person is using a wrench to turn the bolt counterclockwise. The bolt is silver and has a hexagonal shape. The person's movements are deliberate and precise, indicating that they are experienced in using the tool. The video ends with the bolt being fully unscrewed.",T2V_data/label/vidgen_filter_gemini_part_0_dpo_0/03EMer5erLI-Scene-0021/depth.mp4,T2V_data/label/vidgen_filter_gemini_part_0_dpo_0/03EMer5erLI-Scene-0021/aug_entity_40.png
T2V_data/VIDGEN-1M_unzip/03EMer5erLI-Scene-0021.mp4,"In the video, a person is seen holding a metal tool with a threaded end. The tool is being used to unscrew a bolt on a piece of machinery. The person's hands are visible, and they are wearing a denim jacket. The background is blurred, but it appears to be an industrial setting. The person is using a wrench to turn the bolt counterclockwise. The bolt is silver and has a hexagonal shape. The person's movements are deliberate and precise, indicating that they are experienced in using the tool. The video ends with the bolt being fully unscrewed.",T2V_data/label/vidgen_filter_gemini_part_0_dpo_0/03EMer5erLI-Scene-0021/entity_40.mp4,T2V_data/label/vidgen_filter_gemini_part_0_dpo_0/03EMer5erLI-Scene-0021/aug_entity_40.png
T2V_data/VIDGEN-1M_unzip/0RDNZdUwths-Scene-0099.mp4,"In the video, a person is seen using a yellow drill to drill into a piece of wood. The person is wearing a bracelet on their wrist and is holding the drill with both hands. The background consists of rocks and other pieces of wood. The person appears to be focused on the task at hand, carefully guiding the drill to create a hole in the wood. The sound of the drill can be heard in the background, indicating that the person is actively working on the project. The video provides a close-up view of the drilling process, allowing the viewer to see the details of the drill and the wood.",T2V_data/label/vidgen_filter_gemini_part_0_dpo_0/0RDNZdUwths-Scene-0099/depth.mp4,T2V_data/label/vidgen_filter_gemini_part_0_dpo_0/0RDNZdUwths-Scene-0099/aug_entity_40.png
T2V_data/VIDGEN-1M_unzip/0RDNZdUwths-Scene-0099.mp4,"In the video, a person is seen using a yellow drill to drill into a piece of wood. The person is wearing a bracelet on their wrist and is holding the drill with both hands. The background consists of rocks and other pieces of wood. The person appears to be focused on the task at hand, carefully guiding the drill to create a hole in the wood. The sound of the drill can be heard in the background, indicating that the person is actively working on the project. The video provides a close-up view of the drilling process, allowing the viewer to see the details of the drill and the wood.",T2V_data/label/vidgen_filter_gemini_part_0_dpo_0/0RDNZdUwths-Scene-0099/entity_40.mp4,T2V_data/label/vidgen_filter_gemini_part_0_dpo_0/0RDNZdUwths-Scene-0099/aug_entity_40.png
T2V_data/VIDGEN-1M_unzip/0S5wZ4HQxtY-Scene-0038.mp4,"The video shows a man in a boxing ring with another man. The man in the ring is wearing black shorts and has long hair. He is seen throwing punches at the other man. The other man is wearing white shorts and is being knocked down by the punches. The man in the ring then walks around the ring, looking at the other man who is still on the ground. The video ends with the man in the ring walking towards the camera.",T2V_data/label/vidgen_filter_gemini_part_0_dpo_0/0S5wZ4HQxtY-Scene-0038/depth.mp4,T2V_data/label/vidgen_filter_gemini_part_0_dpo_0/0S5wZ4HQxtY-Scene-0038/aug_entity_20.png
T2V_data/VIDGEN-1M_unzip/0S5wZ4HQxtY-Scene-0038.mp4,"The video shows a man in a boxing ring with another man. The man in the ring is wearing black shorts and has long hair. He is seen throwing punches at the other man. The other man is wearing white shorts and is being knocked down by the punches. The man in the ring then walks around the ring, looking at the other man who is still on the ground. The video ends with the man in the ring walking towards the camera.",T2V_data/label/vidgen_filter_gemini_part_0_dpo_0/0S5wZ4HQxtY-Scene-0038/entity_20.mp4,T2V_data/label/vidgen_filter_gemini_part_0_dpo_0/0S5wZ4HQxtY-Scene-0038/aug_entity_20.png
T2V_data/VIDGEN-1M_unzip/0eCBANE1rXk-Scene-0104.mp4,"In the video, a person is seen holding a large ball of pink slime in their hands. The slime has glitter in it, and the person is squeezing it, stretching it, and playing with it. The person's hands are covered in slime, and they are wearing a ring on their left hand. The background is a white table, and there are containers of slime on the table. The person continues to play with the slime, stretching it out and then letting it go, causing it to fall back onto the table.",T2V_data/label/vidgen_filter_gemini_part_0_dpo_0/0eCBANE1rXk-Scene-0104/depth.mp4,T2V_data/label/vidgen_filter_gemini_part_0_dpo_0/0eCBANE1rXk-Scene-0104/aug_entity_60.png
T2V_data/VIDGEN-1M_unzip/0eCBANE1rXk-Scene-0104.mp4,"In the video, a person is seen holding a large ball of pink slime in their hands. The slime has glitter in it, and the person is squeezing it, stretching it, and playing with it. The person's hands are covered in slime, and they are wearing a ring on their left hand. The background is a white table, and there are containers of slime on the table. The person continues to play with the slime, stretching it out and then letting it go, causing it to fall back onto the table.",T2V_data/label/vidgen_filter_gemini_part_0_dpo_0/0eCBANE1rXk-Scene-0104/entity_60.mp4,T2V_data/label/vidgen_filter_gemini_part_0_dpo_0/0eCBANE1rXk-Scene-0104/aug_entity_60.png
T2V_data/VIDGEN-1M_unzip/0h9hs9bJafs-Scene-0104.mp4,"The video shows a person wearing a hat and a black shirt holding a large fish in a white tub filled with water. The person is seen holding the fish by its mouth and then letting it go. The fish is black with some green spots on its body. The person then moves away from the fish, and the fish starts swimming around in the tub. The water in the tub is clear, and the tub appears to be outdoors.",T2V_data/label/vidgen_filter_gemini_part_0_dpo_0/0h9hs9bJafs-Scene-0104/depth.mp4,T2V_data/label/vidgen_filter_gemini_part_0_dpo_0/0h9hs9bJafs-Scene-0104/aug_entity_20.png
T2V_data/VIDGEN-1M_unzip/0h9hs9bJafs-Scene-0104.mp4,"The video shows a person wearing a hat and a black shirt holding a large fish in a white tub filled with water. The person is seen holding the fish by its mouth and then letting it go. The fish is black with some green spots on its body. The person then moves away from the fish, and the fish starts swimming around in the tub. The water in the tub is clear, and the tub appears to be outdoors.",T2V_data/label/vidgen_filter_gemini_part_0_dpo_0/0h9hs9bJafs-Scene-0104/entity_20.mp4,T2V_data/label/vidgen_filter_gemini_part_0_dpo_0/0h9hs9bJafs-Scene-0104/aug_entity_20.png
T2V_data/VIDGEN-1M_unzip/0xuJa4ID3U4-Scene-0009.mp4,"In the video, a person is seen holding a piece of paper with a drawing of a cat on it. The person is using a pair of scissors to cut out the drawing of the cat. The cat is drawn in a simple, cartoon-like style with minimal details. The person's hands are visible, and they are wearing a ring on their left hand. The scissors are silver and appear to be of a standard size. The paper is white, and the drawing is done in black ink. The background is not visible, so it is unclear where the person is located.",T2V_data/label/vidgen_filter_gemini_part_0_dpo_0/0xuJa4ID3U4-Scene-0009/depth.mp4,T2V_data/label/vidgen_filter_gemini_part_0_dpo_0/0xuJa4ID3U4-Scene-0009/aug_entity_20.png
T2V_data/VIDGEN-1M_unzip/0xuJa4ID3U4-Scene-0009.mp4,"In the video, a person is seen holding a piece of paper with a drawing of a cat on it. The person is using a pair of scissors to cut out the drawing of the cat. The cat is drawn in a simple, cartoon-like style with minimal details. The person's hands are visible, and they are wearing a ring on their left hand. The scissors are silver and appear to be of a standard size. The paper is white, and the drawing is done in black ink. The background is not visible, so it is unclear where the person is located.",T2V_data/label/vidgen_filter_gemini_part_0_dpo_0/0xuJa4ID3U4-Scene-0009/entity_20.mp4,T2V_data/label/vidgen_filter_gemini_part_0_dpo_0/0xuJa4ID3U4-Scene-0009/aug_entity_20.png
T2V_data/VIDGEN-1M_unzip/1CAzJRlTOJc-Scene-0063.mp4,"The video shows a leopard gecko walking on a rocky surface. The gecko has a yellowish-brown body with dark spots and a long tail. It moves slowly and deliberately, using its limbs to navigate the uneven terrain. The rocks are of various sizes and colors, ranging from light grey to dark brown. There is also a small green plant visible in the background.",T2V_data/label/vidgen_filter_gemini_part_0_dpo_0/1CAzJRlTOJc-Scene-0063/depth.mp4,T2V_data/label/vidgen_filter_gemini_part_0_dpo_0/1CAzJRlTOJc-Scene-0063/aug_entity_20.png
T2V_data/VIDGEN-1M_unzip/1CAzJRlTOJc-Scene-0063.mp4,"The video shows a leopard gecko walking on a rocky surface. The gecko has a yellowish-brown body with dark spots and a long tail. It moves slowly and deliberately, using its limbs to navigate the uneven terrain. The rocks are of various sizes and colors, ranging from light grey to dark brown. There is also a small green plant visible in the background.",T2V_data/label/vidgen_filter_gemini_part_0_dpo_0/1CAzJRlTOJc-Scene-0063/entity_20.mp4,T2V_data/label/vidgen_filter_gemini_part_0_dpo_0/1CAzJRlTOJc-Scene-0063/aug_entity_20.png
T2V_data/VIDGEN-1M_unzip/1CAzJRlTOJc-Scene-0063.mp4,"The video shows a leopard gecko walking on a rocky surface. The gecko has a yellowish-brown body with dark spots and a long tail. It moves slowly and deliberately, using its limbs to navigate the uneven terrain. The rocks are of various sizes and colors, ranging from light grey to dark brown. There is also a small green plant visible in the background.",T2V_data/label/vidgen_filter_gemini_part_0_dpo_0/1CAzJRlTOJc-Scene-0063/depth.mp4,T2V_data/label/vidgen_filter_gemini_part_0_dpo_0/1CAzJRlTOJc-Scene-0063/aug_entity_40.png
T2V_data/VIDGEN-1M_unzip/1CAzJRlTOJc-Scene-0063.mp4,"The video shows a leopard gecko walking on a rocky surface. The gecko has a yellowish-brown body with dark spots and a long tail. It moves slowly and deliberately, using its limbs to navigate the uneven terrain. The rocks are of various sizes and colors, ranging from light grey to dark brown. There is also a small green plant visible in the background.",T2V_data/label/vidgen_filter_gemini_part_0_dpo_0/1CAzJRlTOJc-Scene-0063/entity_40.mp4,T2V_data/label/vidgen_filter_gemini_part_0_dpo_0/1CAzJRlTOJc-Scene-0063/aug_entity_40.png
T2V_data/VIDGEN-1M_unzip/1OYvsJNygTc-Scene-0010.mp4,"In the video, a person is seen stirring a pot of chocolate sauce with a wooden spoon. The sauce is dark brown in color and has a glossy texture. The person then adds a white powdery substance to the sauce and continues to stir it. The white substance appears to be sugar. The person stirs the mixture until the sugar is fully incorporated into the chocolate sauce.",T2V_data/label/vidgen_filter_gemini_part_0_dpo_0/1OYvsJNygTc-Scene-0010/depth.mp4,T2V_data/label/vidgen_filter_gemini_part_0_dpo_0/1OYvsJNygTc-Scene-0010/aug_entity_60.png
T2V_data/VIDGEN-1M_unzip/1OYvsJNygTc-Scene-0010.mp4,"In the video, a person is seen stirring a pot of chocolate sauce with a wooden spoon. The sauce is dark brown in color and has a glossy texture. The person then adds a white powdery substance to the sauce and continues to stir it. The white substance appears to be sugar. The person stirs the mixture until the sugar is fully incorporated into the chocolate sauce.",T2V_data/label/vidgen_filter_gemini_part_0_dpo_0/1OYvsJNygTc-Scene-0010/entity_60.mp4,T2V_data/label/vidgen_filter_gemini_part_0_dpo_0/1OYvsJNygTc-Scene-0010/aug_entity_60.png
T2V_data/VIDGEN-1M_unzip/1WKuYOB93TA-Scene-0011.mp4,"The video shows a man riding a bull in a rodeo arena. The man is wearing a helmet and is holding onto a rope tied to the bull. The bull is bucking wildly, trying to throw the man off its back. The man is struggling to stay on the bull as it continues to buck. The rodeo arena is surrounded by a large crowd of spectators who are watching the event. The man eventually falls off the bull and lands on the ground. The bull continues to buck after he falls off. The video captures the intensity and danger of rodeo events.",T2V_data/label/vidgen_filter_gemini_part_0_dpo_0/1WKuYOB93TA-Scene-0011/depth.mp4,T2V_data/label/vidgen_filter_gemini_part_0_dpo_0/1WKuYOB93TA-Scene-0011/aug_entity_20.png
T2V_data/VIDGEN-1M_unzip/1WKuYOB93TA-Scene-0011.mp4,"The video shows a man riding a bull in a rodeo arena. The man is wearing a helmet and is holding onto a rope tied to the bull. The bull is bucking wildly, trying to throw the man off its back. The man is struggling to stay on the bull as it continues to buck. The rodeo arena is surrounded by a large crowd of spectators who are watching the event. The man eventually falls off the bull and lands on the ground. The bull continues to buck after he falls off. The video captures the intensity and danger of rodeo events.",T2V_data/label/vidgen_filter_gemini_part_0_dpo_0/1WKuYOB93TA-Scene-0011/entity_20.mp4,T2V_data/label/vidgen_filter_gemini_part_0_dpo_0/1WKuYOB93TA-Scene-0011/aug_entity_20.png
T2V_data/VIDGEN-1M_unzip/1dexgjTrqZ8-Scene-0132.mp4,"In the video, a person is seen working on a wooden structure. The individual is using a drill to make holes in the wood. The person is also seen using a measuring tape to measure the structure. The video provides a close-up view of the person's hands and the tools being used. The wooden structure appears to be in the process of being built or repaired. The person's actions are deliberate and precise, indicating that they are experienced in woodworking. The video does not provide any additional context or information about the location or purpose of the wooden structure.",T2V_data/label/vidgen_filter_gemini_part_0_dpo_0/1dexgjTrqZ8-Scene-0132/depth.mp4,T2V_data/label/vidgen_filter_gemini_part_0_dpo_0/1dexgjTrqZ8-Scene-0132/aug_entity_40.png
T2V_data/VIDGEN-1M_unzip/1dexgjTrqZ8-Scene-0132.mp4,"In the video, a person is seen working on a wooden structure. The individual is using a drill to make holes in the wood. The person is also seen using a measuring tape to measure the structure. The video provides a close-up view of the person's hands and the tools being used. The wooden structure appears to be in the process of being built or repaired. The person's actions are deliberate and precise, indicating that they are experienced in woodworking. The video does not provide any additional context or information about the location or purpose of the wooden structure.",T2V_data/label/vidgen_filter_gemini_part_0_dpo_0/1dexgjTrqZ8-Scene-0132/entity_40.mp4,T2V_data/label/vidgen_filter_gemini_part_0_dpo_0/1dexgjTrqZ8-Scene-0132/aug_entity_40.png
T2V_data/VIDGEN-1M_unzip/1scblfy5guE-Scene-0036.mp4,"In the video, a young child is seen playing with a toy train set. The child is placing a train on a blue track and then pushing it along the track. The train is silver in color and appears to be a model of a passenger train. The child seems to be enjoying the activity, as they are focused on the task at hand. The setting appears to be indoors, with a white wall in the background. There are no other objects or people visible in the video.",T2V_data/label/vidgen_filter_gemini_part_0_dpo_0/1scblfy5guE-Scene-0036/depth.mp4,T2V_data/label/vidgen_filter_gemini_part_0_dpo_0/1scblfy5guE-Scene-0036/aug_entity_40.png
T2V_data/VIDGEN-1M_unzip/1scblfy5guE-Scene-0036.mp4,"In the video, a young child is seen playing with a toy train set. The child is placing a train on a blue track and then pushing it along the track. The train is silver in color and appears to be a model of a passenger train. The child seems to be enjoying the activity, as they are focused on the task at hand. The setting appears to be indoors, with a white wall in the background. There are no other objects or people visible in the video.",T2V_data/label/vidgen_filter_gemini_part_0_dpo_0/1scblfy5guE-Scene-0036/entity_40.mp4,T2V_data/label/vidgen_filter_gemini_part_0_dpo_0/1scblfy5guE-Scene-0036/aug_entity_40.png
T2V_data/VIDGEN-1M_unzip/1x486E8mCDc-Scene-0053.mp4,"The video shows a shirtless man with tattoos on his arms and chest doing pull-ups on a bar. He is in a gym with blue walls and a white ceiling. The man is wearing black shorts and has a muscular build. He is using an overhand grip on the bar and pulling himself up with his arms fully extended. The video is shot from a side angle, showing the man's profile as he performs the exercise.",T2V_data/label/vidgen_filter_gemini_part_0_dpo_0/1x486E8mCDc-Scene-0053/depth.mp4,T2V_data/label/vidgen_filter_gemini_part_0_dpo_0/1x486E8mCDc-Scene-0053/aug_entity_20.png
T2V_data/VIDGEN-1M_unzip/1x486E8mCDc-Scene-0053.mp4,"The video shows a shirtless man with tattoos on his arms and chest doing pull-ups on a bar. He is in a gym with blue walls and a white ceiling. The man is wearing black shorts and has a muscular build. He is using an overhand grip on the bar and pulling himself up with his arms fully extended. The video is shot from a side angle, showing the man's profile as he performs the exercise.",T2V_data/label/vidgen_filter_gemini_part_0_dpo_0/1x486E8mCDc-Scene-0053/entity_20.mp4,T2V_data/label/vidgen_filter_gemini_part_0_dpo_0/1x486E8mCDc-Scene-0053/aug_entity_20.png
T2V_data/VIDGEN-1M_unzip/1x486E8mCDc-Scene-0053.mp4,"The video shows a shirtless man with tattoos on his arms and chest doing pull-ups on a bar. He is in a gym with blue walls and a white ceiling. The man is wearing black shorts and has a muscular build. He is using an overhand grip on the bar and pulling himself up with his arms fully extended. The video is shot from a side angle, showing the man's profile as he performs the exercise.",T2V_data/label/vidgen_filter_gemini_part_0_dpo_0/1x486E8mCDc-Scene-0053/depth.mp4,T2V_data/label/vidgen_filter_gemini_part_0_dpo_0/1x486E8mCDc-Scene-0053/aug_entity_40.png
T2V_data/VIDGEN-1M_unzip/1x486E8mCDc-Scene-0053.mp4,"The video shows a shirtless man with tattoos on his arms and chest doing pull-ups on a bar. He is in a gym with blue walls and a white ceiling. The man is wearing black shorts and has a muscular build. He is using an overhand grip on the bar and pulling himself up with his arms fully extended. The video is shot from a side angle, showing the man's profile as he performs the exercise.",T2V_data/label/vidgen_filter_gemini_part_0_dpo_0/1x486E8mCDc-Scene-0053/entity_40.mp4,T2V_data/label/vidgen_filter_gemini_part_0_dpo_0/1x486E8mCDc-Scene-0053/aug_entity_40.png
T2V_data/VIDGEN-1M_unzip/1zMHBF4Ybi4-Scene-0077.mp4,"In the video, we see a person sitting in a yellow kayak on a body of water. The person is holding a fishing rod and reel, and we can see the water splashing as a fish bites onto the bait. The person then reels in the fish, which is not visible in the video. The water is a clear green color, and the sky is blue. The person appears to be alone in the kayak, and there are no other objects or people visible in the video.",T2V_data/label/vidgen_filter_gemini_part_0_dpo_0/1zMHBF4Ybi4-Scene-0077/depth.mp4,T2V_data/label/vidgen_filter_gemini_part_0_dpo_0/1zMHBF4Ybi4-Scene-0077/aug_entity_20.png
T2V_data/VIDGEN-1M_unzip/1zMHBF4Ybi4-Scene-0077.mp4,"In the video, we see a person sitting in a yellow kayak on a body of water. The person is holding a fishing rod and reel, and we can see the water splashing as a fish bites onto the bait. The person then reels in the fish, which is not visible in the video. The water is a clear green color, and the sky is blue. The person appears to be alone in the kayak, and there are no other objects or people visible in the video.",T2V_data/label/vidgen_filter_gemini_part_0_dpo_0/1zMHBF4Ybi4-Scene-0077/entity_20.mp4,T2V_data/label/vidgen_filter_gemini_part_0_dpo_0/1zMHBF4Ybi4-Scene-0077/aug_entity_20.png
T2V_data/VIDGEN-1M_unzip/24kX-1rPuQw-Scene-0040.mp4,"The video shows a woman riding a horse in a sandy area. She is wearing a helmet and a blue jacket. The horse is brown and is jumping over obstacles. The obstacles are made of poles and are placed at different heights. The woman and the horse are moving around the area, jumping over the obstacles. The background shows trees and a white trailer.",T2V_data/label/vidgen_filter_gemini_part_0_dpo_0/24kX-1rPuQw-Scene-0040/depth.mp4,T2V_data/label/vidgen_filter_gemini_part_0_dpo_0/24kX-1rPuQw-Scene-0040/aug_entity_40.png
T2V_data/VIDGEN-1M_unzip/24kX-1rPuQw-Scene-0040.mp4,"The video shows a woman riding a horse in a sandy area. She is wearing a helmet and a blue jacket. The horse is brown and is jumping over obstacles. The obstacles are made of poles and are placed at different heights. The woman and the horse are moving around the area, jumping over the obstacles. The background shows trees and a white trailer.",T2V_data/label/vidgen_filter_gemini_part_0_dpo_0/24kX-1rPuQw-Scene-0040/entity_40.mp4,T2V_data/label/vidgen_filter_gemini_part_0_dpo_0/24kX-1rPuQw-Scene-0040/aug_entity_40.png
T2V_data/VIDGEN-1M_unzip/2L_sshzKU08-Scene-0115.mp4,"In the video, a person is seen placing green olives into a pot of boiling water. The person's hand is visible as they carefully drop the olives into the pot, which is placed on a stove. The water in the pot is bubbling, indicating that it is boiling. The person continues to add more olives to the pot until it is filled with them. The video is shot in a kitchen setting, and the focus is on the pot and the person's hand.",T2V_data/label/vidgen_filter_gemini_part_0_dpo_0/2L_sshzKU08-Scene-0115/depth.mp4,T2V_data/label/vidgen_filter_gemini_part_0_dpo_0/2L_sshzKU08-Scene-0115/aug_entity_60.png
T2V_data/VIDGEN-1M_unzip/2L_sshzKU08-Scene-0115.mp4,"In the video, a person is seen placing green olives into a pot of boiling water. The person's hand is visible as they carefully drop the olives into the pot, which is placed on a stove. The water in the pot is bubbling, indicating that it is boiling. The person continues to add more olives to the pot until it is filled with them. The video is shot in a kitchen setting, and the focus is on the pot and the person's hand.",T2V_data/label/vidgen_filter_gemini_part_0_dpo_0/2L_sshzKU08-Scene-0115/entity_60.mp4,T2V_data/label/vidgen_filter_gemini_part_0_dpo_0/2L_sshzKU08-Scene-0115/aug_entity_60.png
T2V_data/VIDGEN-1M_unzip/2NpCRRS1nHs-Scene-0009.mp4,"The video shows a silver car with red and black stripes on its side, driving on a snowy road. The car is drifting around a corner, and there are trees on both sides of the road. The car is moving at a high speed, and the snow is flying up behind it.",T2V_data/label/vidgen_filter_gemini_part_0_dpo_0/2NpCRRS1nHs-Scene-0009/depth.mp4,T2V_data/label/vidgen_filter_gemini_part_0_dpo_0/2NpCRRS1nHs-Scene-0009/aug_entity_40.png
T2V_data/VIDGEN-1M_unzip/2NpCRRS1nHs-Scene-0009.mp4,"The video shows a silver car with red and black stripes on its side, driving on a snowy road. The car is drifting around a corner, and there are trees on both sides of the road. The car is moving at a high speed, and the snow is flying up behind it.",T2V_data/label/vidgen_filter_gemini_part_0_dpo_0/2NpCRRS1nHs-Scene-0009/entity_40.mp4,T2V_data/label/vidgen_filter_gemini_part_0_dpo_0/2NpCRRS1nHs-Scene-0009/aug_entity_40.png
T2V_data/VIDGEN-1M_unzip/2ZJ6ugtdt4k-Scene-0066.mp4,"In the video, a person is seen holding a plastic bag filled with water and fish. The person is standing over a blue container, which is placed on the ground. The person then proceeds to pour the water and fish from the plastic bag into the blue container. The fish are small and appear to be of various colors. The person's hands are visible, and they are wearing a dark-colored shirt. The background is not clearly visible due to the lighting conditions.",T2V_data/label/vidgen_filter_gemini_part_0_dpo_0/2ZJ6ugtdt4k-Scene-0066/depth.mp4,T2V_data/label/vidgen_filter_gemini_part_0_dpo_0/2ZJ6ugtdt4k-Scene-0066/aug_entity_40.png
T2V_data/VIDGEN-1M_unzip/2ZJ6ugtdt4k-Scene-0066.mp4,"In the video, a person is seen holding a plastic bag filled with water and fish. The person is standing over a blue container, which is placed on the ground. The person then proceeds to pour the water and fish from the plastic bag into the blue container. The fish are small and appear to be of various colors. The person's hands are visible, and they are wearing a dark-colored shirt. The background is not clearly visible due to the lighting conditions.",T2V_data/label/vidgen_filter_gemini_part_0_dpo_0/2ZJ6ugtdt4k-Scene-0066/entity_40.mp4,T2V_data/label/vidgen_filter_gemini_part_0_dpo_0/2ZJ6ugtdt4k-Scene-0066/aug_entity_40.png
T2V_data/VIDGEN-1M_unzip/35pNt50vS5E-Scene-0041.mp4,"In the video, a man is seen sitting in a room with a window in the background. He is wearing a grey beanie and a black hoodie. The man is holding a deck of cards in his hands and appears to be shuffling them. He then proceeds to throw the cards up in the air and catches them. The man seems to be enjoying himself as he smiles and talks to the camera. The room is well-lit and the man's actions are clear and visible.",T2V_data/label/vidgen_filter_gemini_part_0_dpo_0/35pNt50vS5E-Scene-0041/depth.mp4,T2V_data/label/vidgen_filter_gemini_part_0_dpo_0/35pNt50vS5E-Scene-0041/aug_entity_20.png
T2V_data/VIDGEN-1M_unzip/35pNt50vS5E-Scene-0041.mp4,"In the video, a man is seen sitting in a room with a window in the background. He is wearing a grey beanie and a black hoodie. The man is holding a deck of cards in his hands and appears to be shuffling them. He then proceeds to throw the cards up in the air and catches them. The man seems to be enjoying himself as he smiles and talks to the camera. The room is well-lit and the man's actions are clear and visible.",T2V_data/label/vidgen_filter_gemini_part_0_dpo_0/35pNt50vS5E-Scene-0041/entity_20.mp4,T2V_data/label/vidgen_filter_gemini_part_0_dpo_0/35pNt50vS5E-Scene-0041/aug_entity_20.png
T2V_data/VIDGEN-1M_unzip/3B1kjxO0sxM-Scene-0129.mp4,"In the video, a person is seen using a grinder to cut a piece of metal. The person is wearing gloves and is holding the grinder with both hands. The grinder is being moved back and forth along the edge of the metal, creating sparks as it cuts through the material. The background is blurred, but it appears to be a workshop or garage setting. The focus of the video is on the cutting process, and the person's hands and the grinder are the main subjects.",T2V_data/label/vidgen_filter_gemini_part_0_dpo_0/3B1kjxO0sxM-Scene-0129/depth.mp4,T2V_data/label/vidgen_filter_gemini_part_0_dpo_0/3B1kjxO0sxM-Scene-0129/aug_entity_40.png
T2V_data/VIDGEN-1M_unzip/3B1kjxO0sxM-Scene-0129.mp4,"In the video, a person is seen using a grinder to cut a piece of metal. The person is wearing gloves and is holding the grinder with both hands. The grinder is being moved back and forth along the edge of the metal, creating sparks as it cuts through the material. The background is blurred, but it appears to be a workshop or garage setting. The focus of the video is on the cutting process, and the person's hands and the grinder are the main subjects.",T2V_data/label/vidgen_filter_gemini_part_0_dpo_0/3B1kjxO0sxM-Scene-0129/entity_40.mp4,T2V_data/label/vidgen_filter_gemini_part_0_dpo_0/3B1kjxO0sxM-Scene-0129/aug_entity_40.png
T2V_data/VIDGEN-1M_unzip/3BkUxdXseks-Scene-0098.mp4,"The video shows a young girl skiing down a snowy slope. She is wearing a pink helmet and goggles and is holding ski poles. The sky is clear and blue, and there are trees and ski lifts visible in the background. The girl is smiling and appears to be enjoying herself as she skis down the slope.",T2V_data/label/vidgen_filter_gemini_part_0_dpo_0/3BkUxdXseks-Scene-0098/depth.mp4,T2V_data/label/vidgen_filter_gemini_part_0_dpo_0/3BkUxdXseks-Scene-0098/aug_entity_20.png
T2V_data/VIDGEN-1M_unzip/3BkUxdXseks-Scene-0098.mp4,"The video shows a young girl skiing down a snowy slope. She is wearing a pink helmet and goggles and is holding ski poles. The sky is clear and blue, and there are trees and ski lifts visible in the background. The girl is smiling and appears to be enjoying herself as she skis down the slope.",T2V_data/label/vidgen_filter_gemini_part_0_dpo_0/3BkUxdXseks-Scene-0098/entity_20.mp4,T2V_data/label/vidgen_filter_gemini_part_0_dpo_0/3BkUxdXseks-Scene-0098/aug_entity_20.png
T2V_data/VIDGEN-1M_unzip/3Nog3gy0GFE-Scene-0026.mp4,"The video features a large military aircraft, possibly a bomber, taking off from a runway. The aircraft is painted in a dark color, with a white stripe running along the side of the fuselage. It has four engines, two on each wing, and the landing gear is extended. As the aircraft lifts off the ground, it leaves a trail of smoke behind it. The sky is partly cloudy, and there is a green field visible in the foreground.",T2V_data/label/vidgen_filter_gemini_part_0_dpo_0/3Nog3gy0GFE-Scene-0026/depth.mp4,T2V_data/label/vidgen_filter_gemini_part_0_dpo_0/3Nog3gy0GFE-Scene-0026/aug_entity_20.png
T2V_data/VIDGEN-1M_unzip/3Nog3gy0GFE-Scene-0026.mp4,"The video features a large military aircraft, possibly a bomber, taking off from a runway. The aircraft is painted in a dark color, with a white stripe running along the side of the fuselage. It has four engines, two on each wing, and the landing gear is extended. As the aircraft lifts off the ground, it leaves a trail of smoke behind it. The sky is partly cloudy, and there is a green field visible in the foreground.",T2V_data/label/vidgen_filter_gemini_part_0_dpo_0/3Nog3gy0GFE-Scene-0026/entity_20.mp4,T2V_data/label/vidgen_filter_gemini_part_0_dpo_0/3Nog3gy0GFE-Scene-0026/aug_entity_20.png
T2V_data/VIDGEN-1M_unzip/3RmTTVKFqEQ-Scene-0083.mp4,"The video shows a sugar glider in a cage. The sugar glider is seen climbing the bars of the cage, and then it jumps down to the bottom of the cage. The sugar glider then climbs back up to the top of the cage. The video is shot in a close-up view, and the sugar glider is the only animal visible in the video. The cage is made of black metal bars, and the sugar glider has a light brown and white fur coat.",T2V_data/label/vidgen_filter_gemini_part_0_dpo_0/3RmTTVKFqEQ-Scene-0083/depth.mp4,T2V_data/label/vidgen_filter_gemini_part_0_dpo_0/3RmTTVKFqEQ-Scene-0083/aug_entity_20.png
T2V_data/VIDGEN-1M_unzip/3RmTTVKFqEQ-Scene-0083.mp4,"The video shows a sugar glider in a cage. The sugar glider is seen climbing the bars of the cage, and then it jumps down to the bottom of the cage. The sugar glider then climbs back up to the top of the cage. The video is shot in a close-up view, and the sugar glider is the only animal visible in the video. The cage is made of black metal bars, and the sugar glider has a light brown and white fur coat.",T2V_data/label/vidgen_filter_gemini_part_0_dpo_0/3RmTTVKFqEQ-Scene-0083/entity_20.mp4,T2V_data/label/vidgen_filter_gemini_part_0_dpo_0/3RmTTVKFqEQ-Scene-0083/aug_entity_20.png
T2V_data/VIDGEN-1M_unzip/3XyhjcbCqwI-Scene-0048.mp4,"In the video, a person is seen working on a piece of machinery. The person is using a tool to remove a part from the machinery. The machinery appears to be made of metal and has several holes and grooves. The person's hands are visible as they manipulate the tool and the machinery. The background is blurred, but it appears to be a workshop or garage setting. The person's actions are deliberate and precise, indicating that they are experienced with this type of work.",T2V_data/label/vidgen_filter_gemini_part_0_dpo_0/3XyhjcbCqwI-Scene-0048/depth.mp4,T2V_data/label/vidgen_filter_gemini_part_0_dpo_0/3XyhjcbCqwI-Scene-0048/aug_entity_80.png
T2V_data/VIDGEN-1M_unzip/3XyhjcbCqwI-Scene-0048.mp4,"In the video, a person is seen working on a piece of machinery. The person is using a tool to remove a part from the machinery. The machinery appears to be made of metal and has several holes and grooves. The person's hands are visible as they manipulate the tool and the machinery. The background is blurred, but it appears to be a workshop or garage setting. The person's actions are deliberate and precise, indicating that they are experienced with this type of work.",T2V_data/label/vidgen_filter_gemini_part_0_dpo_0/3XyhjcbCqwI-Scene-0048/entity_80.mp4,T2V_data/label/vidgen_filter_gemini_part_0_dpo_0/3XyhjcbCqwI-Scene-0048/aug_entity_80.png
T2V_data/VIDGEN-1M_unzip/3mQrrlkAXSg-Scene-0062.mp4,"In the video, a person is seen sitting at a table with a computer motherboard in front of them. The person is holding a small black component in their hands and appears to be examining it closely. They then proceed to place the component onto the motherboard. The person's actions suggest that they are either repairing or assembling the motherboard. The video does not provide any additional context or information about the person or the location.",T2V_data/label/vidgen_filter_gemini_part_0_dpo_0/3mQrrlkAXSg-Scene-0062/depth.mp4,T2V_data/label/vidgen_filter_gemini_part_0_dpo_0/3mQrrlkAXSg-Scene-0062/aug_entity_40.png
T2V_data/VIDGEN-1M_unzip/3mQrrlkAXSg-Scene-0062.mp4,"In the video, a person is seen sitting at a table with a computer motherboard in front of them. The person is holding a small black component in their hands and appears to be examining it closely. They then proceed to place the component onto the motherboard. The person's actions suggest that they are either repairing or assembling the motherboard. The video does not provide any additional context or information about the person or the location.",T2V_data/label/vidgen_filter_gemini_part_0_dpo_0/3mQrrlkAXSg-Scene-0062/entity_40.mp4,T2V_data/label/vidgen_filter_gemini_part_0_dpo_0/3mQrrlkAXSg-Scene-0062/aug_entity_40.png
T2V_data/VIDGEN-1M_unzip/3xoraXuNY9M-Scene-0181.mp4,The video shows a blue water slide with a girl at the top. She slides down and lands in the water.,T2V_data/label/vidgen_filter_gemini_part_0_dpo_0/3xoraXuNY9M-Scene-0181/depth.mp4,T2V_data/label/vidgen_filter_gemini_part_0_dpo_0/3xoraXuNY9M-Scene-0181/aug_entity_20.png
T2V_data/VIDGEN-1M_unzip/3xoraXuNY9M-Scene-0181.mp4,The video shows a blue water slide with a girl at the top. She slides down and lands in the water.,T2V_data/label/vidgen_filter_gemini_part_0_dpo_0/3xoraXuNY9M-Scene-0181/entity_20.mp4,T2V_data/label/vidgen_filter_gemini_part_0_dpo_0/3xoraXuNY9M-Scene-0181/aug_entity_20.png
T2V_data/VIDGEN-1M_unzip/3zIkfDOg-jk-Scene-0063.mp4,"This video shows a baseball game in progress. The pitcher, wearing a red and white uniform, is seen throwing the ball towards the batter who is wearing a grey uniform. The catcher, also in a red and white uniform, is positioned behind the batter. The batter swings and hits the ball, which is then caught by the catcher. The crowd in the background is cheering and clapping.",T2V_data/label/vidgen_filter_gemini_part_0_dpo_0/3zIkfDOg-jk-Scene-0063/depth.mp4,T2V_data/label/vidgen_filter_gemini_part_0_dpo_0/3zIkfDOg-jk-Scene-0063/aug_entity_20.png
T2V_data/VIDGEN-1M_unzip/3zIkfDOg-jk-Scene-0063.mp4,"This video shows a baseball game in progress. The pitcher, wearing a red and white uniform, is seen throwing the ball towards the batter who is wearing a grey uniform. The catcher, also in a red and white uniform, is positioned behind the batter. The batter swings and hits the ball, which is then caught by the catcher. The crowd in the background is cheering and clapping.",T2V_data/label/vidgen_filter_gemini_part_0_dpo_0/3zIkfDOg-jk-Scene-0063/entity_20.mp4,T2V_data/label/vidgen_filter_gemini_part_0_dpo_0/3zIkfDOg-jk-Scene-0063/aug_entity_20.png
T2V_data/VIDGEN-1M_unzip/4E61u6QEl4s-Scene-0007.mp4,"The video features a person's hands holding a folding knife and demonstrating how to open and close it. The knife has a black handle and a silver blade. The person opens the knife by flipping the blade out and then closes it by flipping the blade back into the handle. The background is a solid green color, and there is a red box with the word ""Kershaw"" on it visible in the background.",T2V_data/label/vidgen_filter_gemini_part_0_dpo_0/4E61u6QEl4s-Scene-0007/depth.mp4,T2V_data/label/vidgen_filter_gemini_part_0_dpo_0/4E61u6QEl4s-Scene-0007/aug_entity_40.png
T2V_data/VIDGEN-1M_unzip/4E61u6QEl4s-Scene-0007.mp4,"The video features a person's hands holding a folding knife and demonstrating how to open and close it. The knife has a black handle and a silver blade. The person opens the knife by flipping the blade out and then closes it by flipping the blade back into the handle. The background is a solid green color, and there is a red box with the word ""Kershaw"" on it visible in the background.",T2V_data/label/vidgen_filter_gemini_part_0_dpo_0/4E61u6QEl4s-Scene-0007/entity_40.mp4,T2V_data/label/vidgen_filter_gemini_part_0_dpo_0/4E61u6QEl4s-Scene-0007/aug_entity_40.png
T2V_data/VIDGEN-1M_unzip/4J6HJ8XwbJs-Scene-0011.mp4,"The video shows a large shark swimming in the ocean. The shark is grey in color and has sharp teeth. It is surrounded by small fish that are swimming around it. The shark then opens its mouth and bites onto a green object that is attached to a rope. The shark's mouth is full of sharp teeth and it appears to be struggling to bite the object. The water is clear and blue, and the light from above is shining through.",T2V_data/label/vidgen_filter_gemini_part_0_dpo_0/4J6HJ8XwbJs-Scene-0011/depth.mp4,T2V_data/label/vidgen_filter_gemini_part_0_dpo_0/4J6HJ8XwbJs-Scene-0011/aug_entity_20.png
T2V_data/VIDGEN-1M_unzip/4J6HJ8XwbJs-Scene-0011.mp4,"The video shows a large shark swimming in the ocean. The shark is grey in color and has sharp teeth. It is surrounded by small fish that are swimming around it. The shark then opens its mouth and bites onto a green object that is attached to a rope. The shark's mouth is full of sharp teeth and it appears to be struggling to bite the object. The water is clear and blue, and the light from above is shining through.",T2V_data/label/vidgen_filter_gemini_part_0_dpo_0/4J6HJ8XwbJs-Scene-0011/entity_20.mp4,T2V_data/label/vidgen_filter_gemini_part_0_dpo_0/4J6HJ8XwbJs-Scene-0011/aug_entity_20.png
T2V_data/VIDGEN-1M_unzip/4TaTRAdCRjQ-Scene-0088.mp4,"In the video, a man is seen using a blender. He places a green leafy vegetable into the blender and then secures the lid on top. He then uses his hand to push the blender down onto the counter, activating the blending process. The blender is black and silver in color, and the man is wearing a ring on his finger. The background is a kitchen counter with a tiled backsplash.",T2V_data/label/vidgen_filter_gemini_part_0_dpo_0/4TaTRAdCRjQ-Scene-0088/depth.mp4,T2V_data/label/vidgen_filter_gemini_part_0_dpo_0/4TaTRAdCRjQ-Scene-0088/aug_entity_40.png
T2V_data/VIDGEN-1M_unzip/4TaTRAdCRjQ-Scene-0088.mp4,"In the video, a man is seen using a blender. He places a green leafy vegetable into the blender and then secures the lid on top. He then uses his hand to push the blender down onto the counter, activating the blending process. The blender is black and silver in color, and the man is wearing a ring on his finger. The background is a kitchen counter with a tiled backsplash.",T2V_data/label/vidgen_filter_gemini_part_0_dpo_0/4TaTRAdCRjQ-Scene-0088/entity_40.mp4,T2V_data/label/vidgen_filter_gemini_part_0_dpo_0/4TaTRAdCRjQ-Scene-0088/aug_entity_40.png
T2V_data/VIDGEN-1M_unzip/4TaTRAdCRjQ-Scene-0088.mp4,"In the video, a man is seen using a blender. He places a green leafy vegetable into the blender and then secures the lid on top. He then uses his hand to push the blender down onto the counter, activating the blending process. The blender is black and silver in color, and the man is wearing a ring on his finger. The background is a kitchen counter with a tiled backsplash.",T2V_data/label/vidgen_filter_gemini_part_0_dpo_0/4TaTRAdCRjQ-Scene-0088/depth.mp4,T2V_data/label/vidgen_filter_gemini_part_0_dpo_0/4TaTRAdCRjQ-Scene-0088/aug_entity_60.png
T2V_data/VIDGEN-1M_unzip/4TaTRAdCRjQ-Scene-0088.mp4,"In the video, a man is seen using a blender. He places a green leafy vegetable into the blender and then secures the lid on top. He then uses his hand to push the blender down onto the counter, activating the blending process. The blender is black and silver in color, and the man is wearing a ring on his finger. The background is a kitchen counter with a tiled backsplash.",T2V_data/label/vidgen_filter_gemini_part_0_dpo_0/4TaTRAdCRjQ-Scene-0088/entity_60.mp4,T2V_data/label/vidgen_filter_gemini_part_0_dpo_0/4TaTRAdCRjQ-Scene-0088/aug_entity_60.png
T2V_data/VIDGEN-1M_unzip/5UZU-A0DQLE-Scene-0165.mp4,"In the video, a person is seen holding a large blue water jug. The jug is made of plastic and has a handle on the side. The person is wearing a yellow shirt and brown pants, and is also wearing a yellow glove on one hand. They are standing in front of a blue machine that has a black handle. The person places the jug on top of the machine and then pushes down on the handle, causing the jug to be crushed. The machine appears to be designed for this purpose, as it easily compresses the jug. The person then removes the crushed jug from the machine and sets it aside. The video is shot in a well-lit area, and the focus is on the person and the machine.",T2V_data/label/vidgen_filter_gemini_part_0_dpo_0/5UZU-A0DQLE-Scene-0165/depth.mp4,T2V_data/label/vidgen_filter_gemini_part_0_dpo_0/5UZU-A0DQLE-Scene-0165/aug_entity_40.png
T2V_data/VIDGEN-1M_unzip/5UZU-A0DQLE-Scene-0165.mp4,"In the video, a person is seen holding a large blue water jug. The jug is made of plastic and has a handle on the side. The person is wearing a yellow shirt and brown pants, and is also wearing a yellow glove on one hand. They are standing in front of a blue machine that has a black handle. The person places the jug on top of the machine and then pushes down on the handle, causing the jug to be crushed. The machine appears to be designed for this purpose, as it easily compresses the jug. The person then removes the crushed jug from the machine and sets it aside. The video is shot in a well-lit area, and the focus is on the person and the machine.",T2V_data/label/vidgen_filter_gemini_part_0_dpo_0/5UZU-A0DQLE-Scene-0165/entity_40.mp4,T2V_data/label/vidgen_filter_gemini_part_0_dpo_0/5UZU-A0DQLE-Scene-0165/aug_entity_40.png
T2V_data/VIDGEN-1M_unzip/5ZSFYP5ILRs-Scene-0005.mp4,"In the video, a man is seen wearing a black shirt and black gloves. He is holding a white plate in his left hand and a metal cup in his right hand. The man is standing in a garage, and he is using the cup to pour a liquid onto the plate. The liquid appears to be black, and it is being poured in a controlled manner. The man then uses a red tool to scrape the liquid off the plate. The video is shot in a close-up view, focusing on the man's hands and the plate.",T2V_data/label/vidgen_filter_gemini_part_0_dpo_0/5ZSFYP5ILRs-Scene-0005/depth.mp4,T2V_data/label/vidgen_filter_gemini_part_0_dpo_0/5ZSFYP5ILRs-Scene-0005/aug_entity_60.png
T2V_data/VIDGEN-1M_unzip/5ZSFYP5ILRs-Scene-0005.mp4,"In the video, a man is seen wearing a black shirt and black gloves. He is holding a white plate in his left hand and a metal cup in his right hand. The man is standing in a garage, and he is using the cup to pour a liquid onto the plate. The liquid appears to be black, and it is being poured in a controlled manner. The man then uses a red tool to scrape the liquid off the plate. The video is shot in a close-up view, focusing on the man's hands and the plate.",T2V_data/label/vidgen_filter_gemini_part_0_dpo_0/5ZSFYP5ILRs-Scene-0005/entity_60.mp4,T2V_data/label/vidgen_filter_gemini_part_0_dpo_0/5ZSFYP5ILRs-Scene-0005/aug_entity_60.png
T2V_data/VIDGEN-1M_unzip/5xsmfgeujiY-Scene-0012.mp4,"In the video, a small white dog with a pink collar is seen playing with a black kitten inside a brown dog bed. The dog is biting and pawing at the kitten, which is lying on its back and trying to play back. The dog bed is placed on a green rug, and the background shows a wooden floor. The dog seems to be enjoying the playful interaction with the kitten, and the kitten seems to be enjoying the attention as well.",T2V_data/label/vidgen_filter_gemini_part_0_dpo_0/5xsmfgeujiY-Scene-0012/depth.mp4,T2V_data/label/vidgen_filter_gemini_part_0_dpo_0/5xsmfgeujiY-Scene-0012/aug_entity_20.png
T2V_data/VIDGEN-1M_unzip/5xsmfgeujiY-Scene-0012.mp4,"In the video, a small white dog with a pink collar is seen playing with a black kitten inside a brown dog bed. The dog is biting and pawing at the kitten, which is lying on its back and trying to play back. The dog bed is placed on a green rug, and the background shows a wooden floor. The dog seems to be enjoying the playful interaction with the kitten, and the kitten seems to be enjoying the attention as well.",T2V_data/label/vidgen_filter_gemini_part_0_dpo_0/5xsmfgeujiY-Scene-0012/entity_20.mp4,T2V_data/label/vidgen_filter_gemini_part_0_dpo_0/5xsmfgeujiY-Scene-0012/aug_entity_20.png
T2V_data/VIDGEN-1M_unzip/60fvmc5Pl4I-Scene-0035.mp4,"The video shows a person using a power tool to cut through a piece of metal. The person is wearing a black helmet and is holding the tool with their right hand. The metal is being cut into a specific shape, and sparks are flying as the tool makes contact with the metal. The person's left hand is steadying the metal as it is being cut. The background is a workshop setting with various tools and equipment visible.",T2V_data/label/vidgen_filter_gemini_part_0_dpo_0/60fvmc5Pl4I-Scene-0035/depth.mp4,T2V_data/label/vidgen_filter_gemini_part_0_dpo_0/60fvmc5Pl4I-Scene-0035/aug_entity_60.png
T2V_data/VIDGEN-1M_unzip/60fvmc5Pl4I-Scene-0035.mp4,"The video shows a person using a power tool to cut through a piece of metal. The person is wearing a black helmet and is holding the tool with their right hand. The metal is being cut into a specific shape, and sparks are flying as the tool makes contact with the metal. The person's left hand is steadying the metal as it is being cut. The background is a workshop setting with various tools and equipment visible.",T2V_data/label/vidgen_filter_gemini_part_0_dpo_0/60fvmc5Pl4I-Scene-0035/entity_60.mp4,T2V_data/label/vidgen_filter_gemini_part_0_dpo_0/60fvmc5Pl4I-Scene-0035/aug_entity_60.png
T2V_data/VIDGEN-1M_unzip/66nEp1gpWLA-Scene-0041.mp4,"In the video, a person is holding a fan in their hand. The fan has a white and black color scheme and is made of plastic. The person is using their thumb to spin the fan, causing it to rotate. The background is blurred, but it appears to be a workshop or garage setting. The person's hand is steady, and they seem to be demonstrating the fan's functionality.",T2V_data/label/vidgen_filter_gemini_part_0_dpo_0/66nEp1gpWLA-Scene-0041/depth.mp4,T2V_data/label/vidgen_filter_gemini_part_0_dpo_0/66nEp1gpWLA-Scene-0041/aug_entity_20.png
T2V_data/VIDGEN-1M_unzip/66nEp1gpWLA-Scene-0041.mp4,"In the video, a person is holding a fan in their hand. The fan has a white and black color scheme and is made of plastic. The person is using their thumb to spin the fan, causing it to rotate. The background is blurred, but it appears to be a workshop or garage setting. The person's hand is steady, and they seem to be demonstrating the fan's functionality.",T2V_data/label/vidgen_filter_gemini_part_0_dpo_0/66nEp1gpWLA-Scene-0041/entity_20.mp4,T2V_data/label/vidgen_filter_gemini_part_0_dpo_0/66nEp1gpWLA-Scene-0041/aug_entity_20.png
T2V_data/VIDGEN-1M_unzip/66nEp1gpWLA-Scene-0041.mp4,"In the video, a person is holding a fan in their hand. The fan has a white and black color scheme and is made of plastic. The person is using their thumb to spin the fan, causing it to rotate. The background is blurred, but it appears to be a workshop or garage setting. The person's hand is steady, and they seem to be demonstrating the fan's functionality.",T2V_data/label/vidgen_filter_gemini_part_0_dpo_0/66nEp1gpWLA-Scene-0041/depth.mp4,T2V_data/label/vidgen_filter_gemini_part_0_dpo_0/66nEp1gpWLA-Scene-0041/aug_entity_40.png
T2V_data/VIDGEN-1M_unzip/66nEp1gpWLA-Scene-0041.mp4,"In the video, a person is holding a fan in their hand. The fan has a white and black color scheme and is made of plastic. The person is using their thumb to spin the fan, causing it to rotate. The background is blurred, but it appears to be a workshop or garage setting. The person's hand is steady, and they seem to be demonstrating the fan's functionality.",T2V_data/label/vidgen_filter_gemini_part_0_dpo_0/66nEp1gpWLA-Scene-0041/entity_40.mp4,T2V_data/label/vidgen_filter_gemini_part_0_dpo_0/66nEp1gpWLA-Scene-0041/aug_entity_40.png
T2V_data/VIDGEN-1M_unzip/6OmirqidorQ-Scene-0174.mp4,"In the video, a woman is seen standing in a room with a parrot on her shoulder. She is holding a piece of food in her hand and talking to the camera. The parrot is looking at the food and seems to be interested in it. The woman then proceeds to put the food on a nearby table. The parrot jumps off the woman's shoulder and flies over to the table to eat the food. The woman watches the parrot as it eats and then turns back to the camera. The room has a wooden door and a light fixture on the wall. The woman is wearing a black top and has long dark hair. The parrot is green with a yellow beak.",T2V_data/label/vidgen_filter_gemini_part_0_dpo_0/6OmirqidorQ-Scene-0174/depth.mp4,T2V_data/label/vidgen_filter_gemini_part_0_dpo_0/6OmirqidorQ-Scene-0174/aug_entity_20.png
T2V_data/VIDGEN-1M_unzip/6OmirqidorQ-Scene-0174.mp4,"In the video, a woman is seen standing in a room with a parrot on her shoulder. She is holding a piece of food in her hand and talking to the camera. The parrot is looking at the food and seems to be interested in it. The woman then proceeds to put the food on a nearby table. The parrot jumps off the woman's shoulder and flies over to the table to eat the food. The woman watches the parrot as it eats and then turns back to the camera. The room has a wooden door and a light fixture on the wall. The woman is wearing a black top and has long dark hair. The parrot is green with a yellow beak.",T2V_data/label/vidgen_filter_gemini_part_0_dpo_0/6OmirqidorQ-Scene-0174/entity_20.mp4,T2V_data/label/vidgen_filter_gemini_part_0_dpo_0/6OmirqidorQ-Scene-0174/aug_entity_20.png
T2V_data/VIDGEN-1M_unzip/6nmPvC2_FKE-Scene-0058.mp4,"In the video, a woman is seen wearing a black apron over a yellow shirt. She is holding a blue can of butane and a black butane torch. The woman is demonstrating how to attach the butane can to the torch. She first unscrews the cap of the butane can and then attaches it to the torch. She then turns on the torch, which is indicated by a red light. The video is shot in a well-lit room, and the woman's actions are clear and easy to follow.",T2V_data/label/vidgen_filter_gemini_part_0_dpo_0/6nmPvC2_FKE-Scene-0058/depth.mp4,T2V_data/label/vidgen_filter_gemini_part_0_dpo_0/6nmPvC2_FKE-Scene-0058/aug_entity_20.png
T2V_data/VIDGEN-1M_unzip/6nmPvC2_FKE-Scene-0058.mp4,"In the video, a woman is seen wearing a black apron over a yellow shirt. She is holding a blue can of butane and a black butane torch. The woman is demonstrating how to attach the butane can to the torch. She first unscrews the cap of the butane can and then attaches it to the torch. She then turns on the torch, which is indicated by a red light. The video is shot in a well-lit room, and the woman's actions are clear and easy to follow.",T2V_data/label/vidgen_filter_gemini_part_0_dpo_0/6nmPvC2_FKE-Scene-0058/entity_20.mp4,T2V_data/label/vidgen_filter_gemini_part_0_dpo_0/6nmPvC2_FKE-Scene-0058/aug_entity_20.png
T2V_data/VIDGEN-1M_unzip/6s8jRqNTZPY-Scene-0059.mp4,"The video shows a bright green sports car with a black interior and a license plate that reads ""246-63-80"". The car is driving on a concrete road with graffiti on the sides. The car is seen driving under a bridge, and then it drives up a ramp and jumps into the air. The car then lands on the road and continues driving.",T2V_data/label/vidgen_filter_gemini_part_0_dpo_0/6s8jRqNTZPY-Scene-0059/depth.mp4,T2V_data/label/vidgen_filter_gemini_part_0_dpo_0/6s8jRqNTZPY-Scene-0059/aug_entity_60.png
T2V_data/VIDGEN-1M_unzip/6s8jRqNTZPY-Scene-0059.mp4,"The video shows a bright green sports car with a black interior and a license plate that reads ""246-63-80"". The car is driving on a concrete road with graffiti on the sides. The car is seen driving under a bridge, and then it drives up a ramp and jumps into the air. The car then lands on the road and continues driving.",T2V_data/label/vidgen_filter_gemini_part_0_dpo_0/6s8jRqNTZPY-Scene-0059/entity_60.mp4,T2V_data/label/vidgen_filter_gemini_part_0_dpo_0/6s8jRqNTZPY-Scene-0059/aug_entity_60.png
T2V_data/VIDGEN-1M_unzip/74AR518hkdA-Scene-0036.mp4,The video shows a man kneeling on the ground next to a motorcycle. He is wearing a black shirt and camouflage pants. The motorcycle has a black body and a round headlight. The man is touching the tire of the motorcycle with his hands. He then proceeds to take off the tire and replace it with a new one. The man appears to be knowledgeable about motorcycles and performs the task with ease. The video is shot in daylight and the background shows a quiet street with a car parked in the distance.,T2V_data/label/vidgen_filter_gemini_part_0_dpo_0/74AR518hkdA-Scene-0036/depth.mp4,T2V_data/label/vidgen_filter_gemini_part_0_dpo_0/74AR518hkdA-Scene-0036/aug_entity_20.png
T2V_data/VIDGEN-1M_unzip/74AR518hkdA-Scene-0036.mp4,The video shows a man kneeling on the ground next to a motorcycle. He is wearing a black shirt and camouflage pants. The motorcycle has a black body and a round headlight. The man is touching the tire of the motorcycle with his hands. He then proceeds to take off the tire and replace it with a new one. The man appears to be knowledgeable about motorcycles and performs the task with ease. The video is shot in daylight and the background shows a quiet street with a car parked in the distance.,T2V_data/label/vidgen_filter_gemini_part_0_dpo_0/74AR518hkdA-Scene-0036/entity_20.mp4,T2V_data/label/vidgen_filter_gemini_part_0_dpo_0/74AR518hkdA-Scene-0036/aug_entity_20.png
T2V_data/VIDGEN-1M_unzip/74AR518hkdA-Scene-0036.mp4,The video shows a man kneeling on the ground next to a motorcycle. He is wearing a black shirt and camouflage pants. The motorcycle has a black body and a round headlight. The man is touching the tire of the motorcycle with his hands. He then proceeds to take off the tire and replace it with a new one. The man appears to be knowledgeable about motorcycles and performs the task with ease. The video is shot in daylight and the background shows a quiet street with a car parked in the distance.,T2V_data/label/vidgen_filter_gemini_part_0_dpo_0/74AR518hkdA-Scene-0036/depth.mp4,T2V_data/label/vidgen_filter_gemini_part_0_dpo_0/74AR518hkdA-Scene-0036/aug_entity_40.png
T2V_data/VIDGEN-1M_unzip/74AR518hkdA-Scene-0036.mp4,The video shows a man kneeling on the ground next to a motorcycle. He is wearing a black shirt and camouflage pants. The motorcycle has a black body and a round headlight. The man is touching the tire of the motorcycle with his hands. He then proceeds to take off the tire and replace it with a new one. The man appears to be knowledgeable about motorcycles and performs the task with ease. The video is shot in daylight and the background shows a quiet street with a car parked in the distance.,T2V_data/label/vidgen_filter_gemini_part_0_dpo_0/74AR518hkdA-Scene-0036/entity_40.mp4,T2V_data/label/vidgen_filter_gemini_part_0_dpo_0/74AR518hkdA-Scene-0036/aug_entity_40.png
T2V_data/VIDGEN-1M_unzip/7G5k9ca3nRI-Scene-0176.mp4,"The video shows a motorcycle rider driving down a road. The rider is wearing a helmet and the camera is mounted on the motorcycle. The road is lined with trees and houses, and there are no other vehicles in sight. The sky is clear and blue. The rider slows down as they approach a stop sign and comes to a complete stop. The stop sign is red and white, and there is a white fence on the side of the road. The rider then accelerates and continues down the road.",T2V_data/label/vidgen_filter_gemini_part_0_dpo_0/7G5k9ca3nRI-Scene-0176/depth.mp4,T2V_data/label/vidgen_filter_gemini_part_0_dpo_0/7G5k9ca3nRI-Scene-0176/aug_entity_40.png
T2V_data/VIDGEN-1M_unzip/7G5k9ca3nRI-Scene-0176.mp4,"The video shows a motorcycle rider driving down a road. The rider is wearing a helmet and the camera is mounted on the motorcycle. The road is lined with trees and houses, and there are no other vehicles in sight. The sky is clear and blue. The rider slows down as they approach a stop sign and comes to a complete stop. The stop sign is red and white, and there is a white fence on the side of the road. The rider then accelerates and continues down the road.",T2V_data/label/vidgen_filter_gemini_part_0_dpo_0/7G5k9ca3nRI-Scene-0176/entity_40.mp4,T2V_data/label/vidgen_filter_gemini_part_0_dpo_0/7G5k9ca3nRI-Scene-0176/aug_entity_40.png
T2V_data/VIDGEN-1M_unzip/7cyWyOKanDk-Scene-0043.mp4,"In this video, we see a close-up shot of a person's hand holding a spoon and scooping out pomegranate seeds from a pomegranate. The seeds are being poured into a clear glass bowl that is already filled with pomegranate seeds. The background is blurred, but we can see a red bowl and a wooden cutting board. The pomegranate seeds are bright red and glossy, and the bowl is transparent with a thick base. The person's hand is steady as they scoop out the seeds, and the video is shot in a well-lit kitchen.",T2V_data/label/vidgen_filter_gemini_part_0_dpo_0/7cyWyOKanDk-Scene-0043/depth.mp4,T2V_data/label/vidgen_filter_gemini_part_0_dpo_0/7cyWyOKanDk-Scene-0043/aug_entity_40.png
T2V_data/VIDGEN-1M_unzip/7cyWyOKanDk-Scene-0043.mp4,"In this video, we see a close-up shot of a person's hand holding a spoon and scooping out pomegranate seeds from a pomegranate. The seeds are being poured into a clear glass bowl that is already filled with pomegranate seeds. The background is blurred, but we can see a red bowl and a wooden cutting board. The pomegranate seeds are bright red and glossy, and the bowl is transparent with a thick base. The person's hand is steady as they scoop out the seeds, and the video is shot in a well-lit kitchen.",T2V_data/label/vidgen_filter_gemini_part_0_dpo_0/7cyWyOKanDk-Scene-0043/entity_40.mp4,T2V_data/label/vidgen_filter_gemini_part_0_dpo_0/7cyWyOKanDk-Scene-0043/aug_entity_40.png
T2V_data/VIDGEN-1M_unzip/7jVviHkrszg-Scene-0076.mp4,"The video shows a person melting chocolate in a bowl over a stove. The person is using their hands to break the chocolate into smaller pieces and then melting it in the bowl. The chocolate is brown and appears to be of a high quality. The bowl is placed on a stove top, and the person is using a spatula to stir the chocolate as it melts. The stove is turned on, and the flame is visible under the bowl. The person is wearing a white shirt and appears to be focused on the task at hand. The video is shot from an overhead angle, and the lighting is bright, making it easy to see the details of the chocolate and the person's actions.",T2V_data/label/vidgen_filter_gemini_part_0_dpo_0/7jVviHkrszg-Scene-0076/depth.mp4,T2V_data/label/vidgen_filter_gemini_part_0_dpo_0/7jVviHkrszg-Scene-0076/aug_entity_20.png
T2V_data/VIDGEN-1M_unzip/7jVviHkrszg-Scene-0076.mp4,"The video shows a person melting chocolate in a bowl over a stove. The person is using their hands to break the chocolate into smaller pieces and then melting it in the bowl. The chocolate is brown and appears to be of a high quality. The bowl is placed on a stove top, and the person is using a spatula to stir the chocolate as it melts. The stove is turned on, and the flame is visible under the bowl. The person is wearing a white shirt and appears to be focused on the task at hand. The video is shot from an overhead angle, and the lighting is bright, making it easy to see the details of the chocolate and the person's actions.",T2V_data/label/vidgen_filter_gemini_part_0_dpo_0/7jVviHkrszg-Scene-0076/entity_20.mp4,T2V_data/label/vidgen_filter_gemini_part_0_dpo_0/7jVviHkrszg-Scene-0076/aug_entity_20.png
T2V_data/VIDGEN-1M_unzip/7jjfS_fD8y0-Scene-0004.mp4,"The video shows a person's hands arranging matchsticks on a black surface to form a square grid. The matchsticks have red tips and are placed in such a way that they create a pattern. The person's hands move quickly and with precision, indicating that they are experienced in this activity. The black surface provides a stark contrast to the light-colored matchsticks, making the pattern stand out. The video is shot from a top-down perspective, allowing the viewer to see the entire grid as it is being formed.",T2V_data/label/vidgen_filter_gemini_part_0_dpo_0/7jjfS_fD8y0-Scene-0004/depth.mp4,T2V_data/label/vidgen_filter_gemini_part_0_dpo_0/7jjfS_fD8y0-Scene-0004/aug_entity_20.png
T2V_data/VIDGEN-1M_unzip/7jjfS_fD8y0-Scene-0004.mp4,"The video shows a person's hands arranging matchsticks on a black surface to form a square grid. The matchsticks have red tips and are placed in such a way that they create a pattern. The person's hands move quickly and with precision, indicating that they are experienced in this activity. The black surface provides a stark contrast to the light-colored matchsticks, making the pattern stand out. The video is shot from a top-down perspective, allowing the viewer to see the entire grid as it is being formed.",T2V_data/label/vidgen_filter_gemini_part_0_dpo_0/7jjfS_fD8y0-Scene-0004/entity_20.mp4,T2V_data/label/vidgen_filter_gemini_part_0_dpo_0/7jjfS_fD8y0-Scene-0004/aug_entity_20.png
T2V_data/VIDGEN-1M_unzip/7njx7wiPHow-Scene-0109.mp4,The video shows a person working in a printing factory. The person is seen cutting a large piece of paper with a knife. The paper has a black and yellow design on it. The person is wearing a black jacket and a black hat. The factory has several machines and equipment visible in the background. The person is focused on cutting the paper and appears to be skilled at the task. The video provides a glimpse into the printing industry and the process of creating printed materials.,T2V_data/label/vidgen_filter_gemini_part_0_dpo_0/7njx7wiPHow-Scene-0109/depth.mp4,T2V_data/label/vidgen_filter_gemini_part_0_dpo_0/7njx7wiPHow-Scene-0109/aug_entity_20.png
T2V_data/VIDGEN-1M_unzip/7njx7wiPHow-Scene-0109.mp4,The video shows a person working in a printing factory. The person is seen cutting a large piece of paper with a knife. The paper has a black and yellow design on it. The person is wearing a black jacket and a black hat. The factory has several machines and equipment visible in the background. The person is focused on cutting the paper and appears to be skilled at the task. The video provides a glimpse into the printing industry and the process of creating printed materials.,T2V_data/label/vidgen_filter_gemini_part_0_dpo_0/7njx7wiPHow-Scene-0109/entity_20.mp4,T2V_data/label/vidgen_filter_gemini_part_0_dpo_0/7njx7wiPHow-Scene-0109/aug_entity_20.png
T2V_data/VIDGEN-1M_unzip/7ti3EcJBShU-Scene-0013.mp4,"The video features a female figure skater performing on an ice rink. She is wearing a pink dress and is seen spinning and jumping on the ice. The skater's movements are graceful and fluid, and she appears to be executing a routine with precision and skill. The ice rink is surrounded by boards with various advertisements, and there are a few spectators in the background. The lighting is bright, and the ice surface reflects the skater's movements, adding to the visual appeal of the performance.",T2V_data/label/vidgen_filter_gemini_part_0_dpo_0/7ti3EcJBShU-Scene-0013/depth.mp4,T2V_data/label/vidgen_filter_gemini_part_0_dpo_0/7ti3EcJBShU-Scene-0013/aug_entity_20.png
T2V_data/VIDGEN-1M_unzip/7ti3EcJBShU-Scene-0013.mp4,"The video features a female figure skater performing on an ice rink. She is wearing a pink dress and is seen spinning and jumping on the ice. The skater's movements are graceful and fluid, and she appears to be executing a routine with precision and skill. The ice rink is surrounded by boards with various advertisements, and there are a few spectators in the background. The lighting is bright, and the ice surface reflects the skater's movements, adding to the visual appeal of the performance.",T2V_data/label/vidgen_filter_gemini_part_0_dpo_0/7ti3EcJBShU-Scene-0013/entity_20.mp4,T2V_data/label/vidgen_filter_gemini_part_0_dpo_0/7ti3EcJBShU-Scene-0013/aug_entity_20.png
T2V_data/VIDGEN-1M_unzip/7tv9dzxXbV8-Scene-0149.mp4,"The video shows a small brown kitten with a fluffy coat and pointed ears. The kitten is sitting on a person's lap, which is covered with a black and white patterned blanket. The person is holding a smartphone in their hands, and the kitten is reaching out to touch the screen with its paws. The kitten's eyes are focused on the screen, and it seems to be intrigued by the movement on the phone. The person's hands are steady, and they are allowing the kitten to explore the phone. The background is not visible, and the focus is on the interaction between the kitten and the smartphone.",T2V_data/label/vidgen_filter_gemini_part_0_dpo_0/7tv9dzxXbV8-Scene-0149/depth.mp4,T2V_data/label/vidgen_filter_gemini_part_0_dpo_0/7tv9dzxXbV8-Scene-0149/aug_entity_40.png
T2V_data/VIDGEN-1M_unzip/7tv9dzxXbV8-Scene-0149.mp4,"The video shows a small brown kitten with a fluffy coat and pointed ears. The kitten is sitting on a person's lap, which is covered with a black and white patterned blanket. The person is holding a smartphone in their hands, and the kitten is reaching out to touch the screen with its paws. The kitten's eyes are focused on the screen, and it seems to be intrigued by the movement on the phone. The person's hands are steady, and they are allowing the kitten to explore the phone. The background is not visible, and the focus is on the interaction between the kitten and the smartphone.",T2V_data/label/vidgen_filter_gemini_part_0_dpo_0/7tv9dzxXbV8-Scene-0149/entity_40.mp4,T2V_data/label/vidgen_filter_gemini_part_0_dpo_0/7tv9dzxXbV8-Scene-0149/aug_entity_40.png
T2V_data/VIDGEN-1M_unzip/7uxxG-M-nWw-Scene-0064.mp4,"The video shows a man in a plaid shirt and sunglasses sitting on a sand dune. He is holding onto a rope that is attached to a kite, which is not visible in the frame. The man is smiling and appears to be enjoying himself as he sleds down the dune. The sky is clear and blue, and there are no other people or objects in the immediate vicinity. The man's movements are smooth and controlled as he slides down the dune, and he raises his hand in a peace sign at the end of the video.",T2V_data/label/vidgen_filter_gemini_part_0_dpo_0/7uxxG-M-nWw-Scene-0064/depth.mp4,T2V_data/label/vidgen_filter_gemini_part_0_dpo_0/7uxxG-M-nWw-Scene-0064/aug_entity_20.png
T2V_data/VIDGEN-1M_unzip/7uxxG-M-nWw-Scene-0064.mp4,"The video shows a man in a plaid shirt and sunglasses sitting on a sand dune. He is holding onto a rope that is attached to a kite, which is not visible in the frame. The man is smiling and appears to be enjoying himself as he sleds down the dune. The sky is clear and blue, and there are no other people or objects in the immediate vicinity. The man's movements are smooth and controlled as he slides down the dune, and he raises his hand in a peace sign at the end of the video.",T2V_data/label/vidgen_filter_gemini_part_0_dpo_0/7uxxG-M-nWw-Scene-0064/entity_20.mp4,T2V_data/label/vidgen_filter_gemini_part_0_dpo_0/7uxxG-M-nWw-Scene-0064/aug_entity_20.png
T2V_data/VIDGEN-1M_unzip/8-hyMFYEKzI-Scene-0005.mp4,The video shows a person using a peeler to peel a cucumber. The cucumber is placed on a piece of paper towel on a counter. The person's hand is visible holding the peeler and peeling the cucumber.,T2V_data/label/vidgen_filter_gemini_part_0_dpo_0/8-hyMFYEKzI-Scene-0005/depth.mp4,T2V_data/label/vidgen_filter_gemini_part_0_dpo_0/8-hyMFYEKzI-Scene-0005/aug_entity_20.png
T2V_data/VIDGEN-1M_unzip/8-hyMFYEKzI-Scene-0005.mp4,The video shows a person using a peeler to peel a cucumber. The cucumber is placed on a piece of paper towel on a counter. The person's hand is visible holding the peeler and peeling the cucumber.,T2V_data/label/vidgen_filter_gemini_part_0_dpo_0/8-hyMFYEKzI-Scene-0005/entity_20.mp4,T2V_data/label/vidgen_filter_gemini_part_0_dpo_0/8-hyMFYEKzI-Scene-0005/aug_entity_20.png
T2V_data/VIDGEN-1M_unzip/848RZnBzr8w-Scene-0013.mp4,"In the video, a man is seen running on a track and jumping over hurdles. He is wearing a white shirt and black shorts. The hurdles are evenly spaced on the track, and the man jumps over them with ease. The track is surrounded by a green field, and there are bleachers in the background. The sky is clear and blue.",T2V_data/label/vidgen_filter_gemini_part_0_dpo_0/848RZnBzr8w-Scene-0013/depth.mp4,T2V_data/label/vidgen_filter_gemini_part_0_dpo_0/848RZnBzr8w-Scene-0013/aug_entity_20.png
T2V_data/VIDGEN-1M_unzip/848RZnBzr8w-Scene-0013.mp4,"In the video, a man is seen running on a track and jumping over hurdles. He is wearing a white shirt and black shorts. The hurdles are evenly spaced on the track, and the man jumps over them with ease. The track is surrounded by a green field, and there are bleachers in the background. The sky is clear and blue.",T2V_data/label/vidgen_filter_gemini_part_0_dpo_0/848RZnBzr8w-Scene-0013/entity_20.mp4,T2V_data/label/vidgen_filter_gemini_part_0_dpo_0/848RZnBzr8w-Scene-0013/aug_entity_20.png
T2V_data/VIDGEN-1M_unzip/86DE0mbvTJA-Scene-0048.mp4,"In the video, a young child is seen pushing a suitcase across a carpeted floor. The child is wearing a green shirt and blue pants. The suitcase is black and has a picture of Spider-Man on it. The child pushes the suitcase towards a glass door, which leads to a balcony. The balcony has a metal table and chairs on it. The child then stops pushing the suitcase and looks at the camera.",T2V_data/label/vidgen_filter_gemini_part_0_dpo_0/86DE0mbvTJA-Scene-0048/depth.mp4,T2V_data/label/vidgen_filter_gemini_part_0_dpo_0/86DE0mbvTJA-Scene-0048/aug_entity_40.png
T2V_data/VIDGEN-1M_unzip/86DE0mbvTJA-Scene-0048.mp4,"In the video, a young child is seen pushing a suitcase across a carpeted floor. The child is wearing a green shirt and blue pants. The suitcase is black and has a picture of Spider-Man on it. The child pushes the suitcase towards a glass door, which leads to a balcony. The balcony has a metal table and chairs on it. The child then stops pushing the suitcase and looks at the camera.",T2V_data/label/vidgen_filter_gemini_part_0_dpo_0/86DE0mbvTJA-Scene-0048/entity_40.mp4,T2V_data/label/vidgen_filter_gemini_part_0_dpo_0/86DE0mbvTJA-Scene-0048/aug_entity_40.png
T2V_data/VIDGEN-1M_unzip/87vFK8juaDA-Scene-0019.mp4,"The video shows a person holding a smartphone and then placing it into a container of water. The phone is then submerged in the water, and the person uses their finger to swipe across the screen. The phone is then removed from the water, and the person continues to swipe across the screen. The video is shot in a close-up view, focusing on the phone and the person's hand. The water is clear, and the phone appears to be a modern smartphone with a colorful display. The person's hand is visible, and they are wearing a ring on their finger. The video does not contain any visible text or subtitles.",T2V_data/label/vidgen_filter_gemini_part_0_dpo_0/87vFK8juaDA-Scene-0019/depth.mp4,T2V_data/label/vidgen_filter_gemini_part_0_dpo_0/87vFK8juaDA-Scene-0019/aug_entity_40.png
T2V_data/VIDGEN-1M_unzip/87vFK8juaDA-Scene-0019.mp4,"The video shows a person holding a smartphone and then placing it into a container of water. The phone is then submerged in the water, and the person uses their finger to swipe across the screen. The phone is then removed from the water, and the person continues to swipe across the screen. The video is shot in a close-up view, focusing on the phone and the person's hand. The water is clear, and the phone appears to be a modern smartphone with a colorful display. The person's hand is visible, and they are wearing a ring on their finger. The video does not contain any visible text or subtitles.",T2V_data/label/vidgen_filter_gemini_part_0_dpo_0/87vFK8juaDA-Scene-0019/entity_40.mp4,T2V_data/label/vidgen_filter_gemini_part_0_dpo_0/87vFK8juaDA-Scene-0019/aug_entity_40.png
T2V_data/VIDGEN-1M_unzip/87vFK8juaDA-Scene-0019.mp4,"The video shows a person holding a smartphone and then placing it into a container of water. The phone is then submerged in the water, and the person uses their finger to swipe across the screen. The phone is then removed from the water, and the person continues to swipe across the screen. The video is shot in a close-up view, focusing on the phone and the person's hand. The water is clear, and the phone appears to be a modern smartphone with a colorful display. The person's hand is visible, and they are wearing a ring on their finger. The video does not contain any visible text or subtitles.",T2V_data/label/vidgen_filter_gemini_part_0_dpo_0/87vFK8juaDA-Scene-0019/depth.mp4,T2V_data/label/vidgen_filter_gemini_part_0_dpo_0/87vFK8juaDA-Scene-0019/aug_entity_60.png
T2V_data/VIDGEN-1M_unzip/87vFK8juaDA-Scene-0019.mp4,"The video shows a person holding a smartphone and then placing it into a container of water. The phone is then submerged in the water, and the person uses their finger to swipe across the screen. The phone is then removed from the water, and the person continues to swipe across the screen. The video is shot in a close-up view, focusing on the phone and the person's hand. The water is clear, and the phone appears to be a modern smartphone with a colorful display. The person's hand is visible, and they are wearing a ring on their finger. The video does not contain any visible text or subtitles.",T2V_data/label/vidgen_filter_gemini_part_0_dpo_0/87vFK8juaDA-Scene-0019/entity_60.mp4,T2V_data/label/vidgen_filter_gemini_part_0_dpo_0/87vFK8juaDA-Scene-0019/aug_entity_60.png
T2V_data/VIDGEN-1M_unzip/8A_t-PXP0Vw-Scene-0045.mp4,"In the video, a baby is seen standing in a crib, holding onto the bars. The baby is wearing a yellow outfit and has a pacifier in his mouth. An adult's hand is holding a bottle of milk and the baby reaches for it. The baby then takes the bottle and drinks from it. The crib is filled with toys and the baby seems to be enjoying the milk.",T2V_data/label/vidgen_filter_gemini_part_0_dpo_0/8A_t-PXP0Vw-Scene-0045/depth.mp4,T2V_data/label/vidgen_filter_gemini_part_0_dpo_0/8A_t-PXP0Vw-Scene-0045/aug_entity_20.png
T2V_data/VIDGEN-1M_unzip/8A_t-PXP0Vw-Scene-0045.mp4,"In the video, a baby is seen standing in a crib, holding onto the bars. The baby is wearing a yellow outfit and has a pacifier in his mouth. An adult's hand is holding a bottle of milk and the baby reaches for it. The baby then takes the bottle and drinks from it. The crib is filled with toys and the baby seems to be enjoying the milk.",T2V_data/label/vidgen_filter_gemini_part_0_dpo_0/8A_t-PXP0Vw-Scene-0045/entity_20.mp4,T2V_data/label/vidgen_filter_gemini_part_0_dpo_0/8A_t-PXP0Vw-Scene-0045/aug_entity_20.png
T2V_data/VIDGEN-1M_unzip/8AtY02QlJ3w-Scene-0079.mp4,"In the video, a person is seen organizing a bunch of white wires that are tangled up on a brown surface. The person is holding a white wire in their hand and is trying to untangle it from the other wires. The wires are connected to a power strip that is plugged into an outlet. The person seems to be struggling a bit to untangle the wires, but eventually, they manage to separate one of them from the rest. The power strip has several outlets, and the person is trying to untangle the wires from one of the outlets. The video is shot from a close-up angle, and the focus is on the person's hands and the wires.",T2V_data/label/vidgen_filter_gemini_part_0_dpo_0/8AtY02QlJ3w-Scene-0079/depth.mp4,T2V_data/label/vidgen_filter_gemini_part_0_dpo_0/8AtY02QlJ3w-Scene-0079/aug_entity_40.png
T2V_data/VIDGEN-1M_unzip/8AtY02QlJ3w-Scene-0079.mp4,"In the video, a person is seen organizing a bunch of white wires that are tangled up on a brown surface. The person is holding a white wire in their hand and is trying to untangle it from the other wires. The wires are connected to a power strip that is plugged into an outlet. The person seems to be struggling a bit to untangle the wires, but eventually, they manage to separate one of them from the rest. The power strip has several outlets, and the person is trying to untangle the wires from one of the outlets. The video is shot from a close-up angle, and the focus is on the person's hands and the wires.",T2V_data/label/vidgen_filter_gemini_part_0_dpo_0/8AtY02QlJ3w-Scene-0079/entity_40.mp4,T2V_data/label/vidgen_filter_gemini_part_0_dpo_0/8AtY02QlJ3w-Scene-0079/aug_entity_40.png
T2V_data/VIDGEN-1M_unzip/8H9HFn0C274-Scene-0010.mp4,"The video shows a firefighter in full gear, including a helmet, jacket, and pants, walking up a hillside while holding a hose. The firefighter is spraying water onto a fire that is burning on the hillside. The firefighter is wearing a yellow jacket and black pants, and the hose is a long, flexible tube. The fire is producing a lot of smoke, and the firefighter is moving carefully to avoid getting hurt. The hillside is covered in dry grass, and there are trees in the background. The firefighter is the only person visible in the video.",T2V_data/label/vidgen_filter_gemini_part_0_dpo_0/8H9HFn0C274-Scene-0010/depth.mp4,T2V_data/label/vidgen_filter_gemini_part_0_dpo_0/8H9HFn0C274-Scene-0010/aug_entity_20.png
T2V_data/VIDGEN-1M_unzip/8H9HFn0C274-Scene-0010.mp4,"The video shows a firefighter in full gear, including a helmet, jacket, and pants, walking up a hillside while holding a hose. The firefighter is spraying water onto a fire that is burning on the hillside. The firefighter is wearing a yellow jacket and black pants, and the hose is a long, flexible tube. The fire is producing a lot of smoke, and the firefighter is moving carefully to avoid getting hurt. The hillside is covered in dry grass, and there are trees in the background. The firefighter is the only person visible in the video.",T2V_data/label/vidgen_filter_gemini_part_0_dpo_0/8H9HFn0C274-Scene-0010/entity_20.mp4,T2V_data/label/vidgen_filter_gemini_part_0_dpo_0/8H9HFn0C274-Scene-0010/aug_entity_20.png
T2V_data/VIDGEN-1M_unzip/8ZzUqcEmloU-Scene-0067.mp4,"The video shows a man using a power drill to make holes in a piece of wood. He is standing outside, and there is a house visible in the background. The man is wearing a gray hoodie and has a beard. The power drill is green and black in color. The man is holding the drill with both hands and appears to be focused on his task. The piece of wood is light brown and appears to be a plank. The man is making several holes in the wood, and the video captures the process from different angles.",T2V_data/label/vidgen_filter_gemini_part_0_dpo_0/8ZzUqcEmloU-Scene-0067/depth.mp4,T2V_data/label/vidgen_filter_gemini_part_0_dpo_0/8ZzUqcEmloU-Scene-0067/aug_entity_20.png
T2V_data/VIDGEN-1M_unzip/8ZzUqcEmloU-Scene-0067.mp4,"The video shows a man using a power drill to make holes in a piece of wood. He is standing outside, and there is a house visible in the background. The man is wearing a gray hoodie and has a beard. The power drill is green and black in color. The man is holding the drill with both hands and appears to be focused on his task. The piece of wood is light brown and appears to be a plank. The man is making several holes in the wood, and the video captures the process from different angles.",T2V_data/label/vidgen_filter_gemini_part_0_dpo_0/8ZzUqcEmloU-Scene-0067/entity_20.mp4,T2V_data/label/vidgen_filter_gemini_part_0_dpo_0/8ZzUqcEmloU-Scene-0067/aug_entity_20.png
T2V_data/VIDGEN-1M_unzip/8ZzUqcEmloU-Scene-0067.mp4,"The video shows a man using a power drill to make holes in a piece of wood. He is standing outside, and there is a house visible in the background. The man is wearing a gray hoodie and has a beard. The power drill is green and black in color. The man is holding the drill with both hands and appears to be focused on his task. The piece of wood is light brown and appears to be a plank. The man is making several holes in the wood, and the video captures the process from different angles.",T2V_data/label/vidgen_filter_gemini_part_0_dpo_0/8ZzUqcEmloU-Scene-0067/depth.mp4,T2V_data/label/vidgen_filter_gemini_part_0_dpo_0/8ZzUqcEmloU-Scene-0067/aug_entity_60.png
T2V_data/VIDGEN-1M_unzip/8ZzUqcEmloU-Scene-0067.mp4,"The video shows a man using a power drill to make holes in a piece of wood. He is standing outside, and there is a house visible in the background. The man is wearing a gray hoodie and has a beard. The power drill is green and black in color. The man is holding the drill with both hands and appears to be focused on his task. The piece of wood is light brown and appears to be a plank. The man is making several holes in the wood, and the video captures the process from different angles.",T2V_data/label/vidgen_filter_gemini_part_0_dpo_0/8ZzUqcEmloU-Scene-0067/entity_60.mp4,T2V_data/label/vidgen_filter_gemini_part_0_dpo_0/8ZzUqcEmloU-Scene-0067/aug_entity_60.png
T2V_data/VIDGEN-1M_unzip/8i_sG5iBmiA-Scene-0177.mp4,"The video shows a man driving a car during a snowstorm. The windshield wipers are on, and the man is looking out the window. He is talking to the person filming the video. The road is covered in snow, and other cars can be seen driving by. The man is wearing a black jacket and has short hair.",T2V_data/label/vidgen_filter_gemini_part_0_dpo_0/8i_sG5iBmiA-Scene-0177/depth.mp4,T2V_data/label/vidgen_filter_gemini_part_0_dpo_0/8i_sG5iBmiA-Scene-0177/aug_entity_60.png
T2V_data/VIDGEN-1M_unzip/8i_sG5iBmiA-Scene-0177.mp4,"The video shows a man driving a car during a snowstorm. The windshield wipers are on, and the man is looking out the window. He is talking to the person filming the video. The road is covered in snow, and other cars can be seen driving by. The man is wearing a black jacket and has short hair.",T2V_data/label/vidgen_filter_gemini_part_0_dpo_0/8i_sG5iBmiA-Scene-0177/entity_60.mp4,T2V_data/label/vidgen_filter_gemini_part_0_dpo_0/8i_sG5iBmiA-Scene-0177/aug_entity_60.png
T2V_data/VIDGEN-1M_unzip/8pygTjB4sQU-Scene-0078.mp4,"In the video, a man is seen holding a large iguana by its tail. The iguana is green in color and appears to be struggling to get away. The man is wearing a white shirt and khaki pants. He is standing on a concrete surface, and there is a building and some greenery in the background. The iguana's tail is long and striped, and it is moving around wildly as the man holds it. The man seems to be trying to control the iguana, but it is not cooperating.",T2V_data/label/vidgen_filter_gemini_part_0_dpo_0/8pygTjB4sQU-Scene-0078/depth.mp4,T2V_data/label/vidgen_filter_gemini_part_0_dpo_0/8pygTjB4sQU-Scene-0078/aug_entity_20.png
T2V_data/VIDGEN-1M_unzip/8pygTjB4sQU-Scene-0078.mp4,"In the video, a man is seen holding a large iguana by its tail. The iguana is green in color and appears to be struggling to get away. The man is wearing a white shirt and khaki pants. He is standing on a concrete surface, and there is a building and some greenery in the background. The iguana's tail is long and striped, and it is moving around wildly as the man holds it. The man seems to be trying to control the iguana, but it is not cooperating.",T2V_data/label/vidgen_filter_gemini_part_0_dpo_0/8pygTjB4sQU-Scene-0078/entity_20.mp4,T2V_data/label/vidgen_filter_gemini_part_0_dpo_0/8pygTjB4sQU-Scene-0078/aug_entity_20.png
T2V_data/VIDGEN-1M_unzip/8pygTjB4sQU-Scene-0078.mp4,"In the video, a man is seen holding a large iguana by its tail. The iguana is green in color and appears to be struggling to get away. The man is wearing a white shirt and khaki pants. He is standing on a concrete surface, and there is a building and some greenery in the background. The iguana's tail is long and striped, and it is moving around wildly as the man holds it. The man seems to be trying to control the iguana, but it is not cooperating.",T2V_data/label/vidgen_filter_gemini_part_0_dpo_0/8pygTjB4sQU-Scene-0078/depth.mp4,T2V_data/label/vidgen_filter_gemini_part_0_dpo_0/8pygTjB4sQU-Scene-0078/aug_entity_60.png
T2V_data/VIDGEN-1M_unzip/8pygTjB4sQU-Scene-0078.mp4,"In the video, a man is seen holding a large iguana by its tail. The iguana is green in color and appears to be struggling to get away. The man is wearing a white shirt and khaki pants. He is standing on a concrete surface, and there is a building and some greenery in the background. The iguana's tail is long and striped, and it is moving around wildly as the man holds it. The man seems to be trying to control the iguana, but it is not cooperating.",T2V_data/label/vidgen_filter_gemini_part_0_dpo_0/8pygTjB4sQU-Scene-0078/entity_60.mp4,T2V_data/label/vidgen_filter_gemini_part_0_dpo_0/8pygTjB4sQU-Scene-0078/aug_entity_60.png
T2V_data/VIDGEN-1M_unzip/8xIG2RJnOXA-Scene-0011.mp4,"In the video, a person is seen holding a horse's hoof in their left hand and using a tool in their right hand to trim the hoof. The person is wearing a blue shirt and is standing in front of a white wall. The horse's hoof is brown and appears to be in good condition. The tool used for trimming the hoof is silver and has a sharp edge. The person is carefully trimming the edges of the hoof, making sure to remove any excess hair or debris. The video is shot in a well-lit room, and the person's movements are steady and precise.",T2V_data/label/vidgen_filter_gemini_part_0_dpo_0/8xIG2RJnOXA-Scene-0011/depth.mp4,T2V_data/label/vidgen_filter_gemini_part_0_dpo_0/8xIG2RJnOXA-Scene-0011/aug_entity_60.png
T2V_data/VIDGEN-1M_unzip/8xIG2RJnOXA-Scene-0011.mp4,"In the video, a person is seen holding a horse's hoof in their left hand and using a tool in their right hand to trim the hoof. The person is wearing a blue shirt and is standing in front of a white wall. The horse's hoof is brown and appears to be in good condition. The tool used for trimming the hoof is silver and has a sharp edge. The person is carefully trimming the edges of the hoof, making sure to remove any excess hair or debris. The video is shot in a well-lit room, and the person's movements are steady and precise.",T2V_data/label/vidgen_filter_gemini_part_0_dpo_0/8xIG2RJnOXA-Scene-0011/entity_60.mp4,T2V_data/label/vidgen_filter_gemini_part_0_dpo_0/8xIG2RJnOXA-Scene-0011/aug_entity_60.png
T2V_data/VIDGEN-1M_unzip/8z9mzJlqfXs-Scene-0116.mp4,"In the video, a person is seen using a kitchen gadget to slice vegetables. The gadget appears to be a white and gray manual slicer with a crank handle. The person is slicing a carrot, and the slices are falling into a clear glass bowl placed on a wooden countertop. The person's hands are visible, and they are wearing a white long-sleeved shirt. The background is blurred, but it seems to be a kitchen setting.",T2V_data/label/vidgen_filter_gemini_part_0_dpo_0/8z9mzJlqfXs-Scene-0116/depth.mp4,T2V_data/label/vidgen_filter_gemini_part_0_dpo_0/8z9mzJlqfXs-Scene-0116/aug_entity_20.png
T2V_data/VIDGEN-1M_unzip/8z9mzJlqfXs-Scene-0116.mp4,"In the video, a person is seen using a kitchen gadget to slice vegetables. The gadget appears to be a white and gray manual slicer with a crank handle. The person is slicing a carrot, and the slices are falling into a clear glass bowl placed on a wooden countertop. The person's hands are visible, and they are wearing a white long-sleeved shirt. The background is blurred, but it seems to be a kitchen setting.",T2V_data/label/vidgen_filter_gemini_part_0_dpo_0/8z9mzJlqfXs-Scene-0116/entity_20.mp4,T2V_data/label/vidgen_filter_gemini_part_0_dpo_0/8z9mzJlqfXs-Scene-0116/aug_entity_20.png
T2V_data/VIDGEN-1M_unzip/8z9mzJlqfXs-Scene-0116.mp4,"In the video, a person is seen using a kitchen gadget to slice vegetables. The gadget appears to be a white and gray manual slicer with a crank handle. The person is slicing a carrot, and the slices are falling into a clear glass bowl placed on a wooden countertop. The person's hands are visible, and they are wearing a white long-sleeved shirt. The background is blurred, but it seems to be a kitchen setting.",T2V_data/label/vidgen_filter_gemini_part_0_dpo_0/8z9mzJlqfXs-Scene-0116/depth.mp4,T2V_data/label/vidgen_filter_gemini_part_0_dpo_0/8z9mzJlqfXs-Scene-0116/aug_entity_40.png
T2V_data/VIDGEN-1M_unzip/8z9mzJlqfXs-Scene-0116.mp4,"In the video, a person is seen using a kitchen gadget to slice vegetables. The gadget appears to be a white and gray manual slicer with a crank handle. The person is slicing a carrot, and the slices are falling into a clear glass bowl placed on a wooden countertop. The person's hands are visible, and they are wearing a white long-sleeved shirt. The background is blurred, but it seems to be a kitchen setting.",T2V_data/label/vidgen_filter_gemini_part_0_dpo_0/8z9mzJlqfXs-Scene-0116/entity_40.mp4,T2V_data/label/vidgen_filter_gemini_part_0_dpo_0/8z9mzJlqfXs-Scene-0116/aug_entity_40.png
T2V_data/VIDGEN-1M_unzip/90Bz9ow8D6I-Scene-0207.mp4,"The video shows a close-up shot of a bottle of water being poured into a glass. The water is clear and sparkling, and the glass is transparent. The bottle has a blue label with the word ""AQUAFINA"" written on it. The background is blurred, but it appears to be a kitchen or bar setting. The water is being poured in a steady stream, and the glass fills up gradually. The sound of the water can be heard in the background.",T2V_data/label/vidgen_filter_gemini_part_0_dpo_0/90Bz9ow8D6I-Scene-0207/depth.mp4,T2V_data/label/vidgen_filter_gemini_part_0_dpo_0/90Bz9ow8D6I-Scene-0207/aug_entity_20.png
T2V_data/VIDGEN-1M_unzip/90Bz9ow8D6I-Scene-0207.mp4,"The video shows a close-up shot of a bottle of water being poured into a glass. The water is clear and sparkling, and the glass is transparent. The bottle has a blue label with the word ""AQUAFINA"" written on it. The background is blurred, but it appears to be a kitchen or bar setting. The water is being poured in a steady stream, and the glass fills up gradually. The sound of the water can be heard in the background.",T2V_data/label/vidgen_filter_gemini_part_0_dpo_0/90Bz9ow8D6I-Scene-0207/entity_20.mp4,T2V_data/label/vidgen_filter_gemini_part_0_dpo_0/90Bz9ow8D6I-Scene-0207/aug_entity_20.png
T2V_data/VIDGEN-1M_unzip/92pLSy3efhk-Scene-0007.mp4,The video shows a man wearing a black suit and a white shirt. He is sitting at a table and appears to be in a room with a window. The man is holding a bottle in one hand and a glass in the other. He is seen pouring the liquid from the bottle into the glass. The man then takes a sip from the glass. The video does not contain any other objects or people.,T2V_data/label/vidgen_filter_gemini_part_0_dpo_0/92pLSy3efhk-Scene-0007/depth.mp4,T2V_data/label/vidgen_filter_gemini_part_0_dpo_0/92pLSy3efhk-Scene-0007/aug_entity_20.png
T2V_data/VIDGEN-1M_unzip/92pLSy3efhk-Scene-0007.mp4,The video shows a man wearing a black suit and a white shirt. He is sitting at a table and appears to be in a room with a window. The man is holding a bottle in one hand and a glass in the other. He is seen pouring the liquid from the bottle into the glass. The man then takes a sip from the glass. The video does not contain any other objects or people.,T2V_data/label/vidgen_filter_gemini_part_0_dpo_0/92pLSy3efhk-Scene-0007/entity_20.mp4,T2V_data/label/vidgen_filter_gemini_part_0_dpo_0/92pLSy3efhk-Scene-0007/aug_entity_20.png
T2V_data/VIDGEN-1M_unzip/92pLSy3efhk-Scene-0007.mp4,The video shows a man wearing a black suit and a white shirt. He is sitting at a table and appears to be in a room with a window. The man is holding a bottle in one hand and a glass in the other. He is seen pouring the liquid from the bottle into the glass. The man then takes a sip from the glass. The video does not contain any other objects or people.,T2V_data/label/vidgen_filter_gemini_part_0_dpo_0/92pLSy3efhk-Scene-0007/depth.mp4,T2V_data/label/vidgen_filter_gemini_part_0_dpo_0/92pLSy3efhk-Scene-0007/aug_entity_40.png
T2V_data/VIDGEN-1M_unzip/92pLSy3efhk-Scene-0007.mp4,The video shows a man wearing a black suit and a white shirt. He is sitting at a table and appears to be in a room with a window. The man is holding a bottle in one hand and a glass in the other. He is seen pouring the liquid from the bottle into the glass. The man then takes a sip from the glass. The video does not contain any other objects or people.,T2V_data/label/vidgen_filter_gemini_part_0_dpo_0/92pLSy3efhk-Scene-0007/entity_40.mp4,T2V_data/label/vidgen_filter_gemini_part_0_dpo_0/92pLSy3efhk-Scene-0007/aug_entity_40.png
T2V_data/VIDGEN-1M_unzip/94WimU2cfT8-Scene-0172.mp4,"The video shows a guinea pig with black and white fur walking around a red and yellow house-shaped toy. The toy has a blue base and yellow roof. The guinea pig enters the toy house and then exits it. The video is shot in a close-up angle, focusing on the guinea pig and the toy house.",T2V_data/label/vidgen_filter_gemini_part_0_dpo_0/94WimU2cfT8-Scene-0172/depth.mp4,T2V_data/label/vidgen_filter_gemini_part_0_dpo_0/94WimU2cfT8-Scene-0172/aug_entity_40.png
T2V_data/VIDGEN-1M_unzip/94WimU2cfT8-Scene-0172.mp4,"The video shows a guinea pig with black and white fur walking around a red and yellow house-shaped toy. The toy has a blue base and yellow roof. The guinea pig enters the toy house and then exits it. The video is shot in a close-up angle, focusing on the guinea pig and the toy house.",T2V_data/label/vidgen_filter_gemini_part_0_dpo_0/94WimU2cfT8-Scene-0172/entity_40.mp4,T2V_data/label/vidgen_filter_gemini_part_0_dpo_0/94WimU2cfT8-Scene-0172/aug_entity_40.png
T2V_data/VIDGEN-1M_unzip/9Uh1CYmEM2c-Scene-0029.mp4,The video shows a waterfall in the middle of a forest. The waterfall is medium-sized and is surrounded by trees and other vegetation. The water is flowing down a rock face and into a small pool below. The colors in the video are predominantly green from the trees and brown from the rocks. The water is clear and white as it falls. There are no people or animals visible in the video.,T2V_data/label/vidgen_filter_gemini_part_0_dpo_0/9Uh1CYmEM2c-Scene-0029/depth.mp4,T2V_data/label/vidgen_filter_gemini_part_0_dpo_0/9Uh1CYmEM2c-Scene-0029/aug_entity_20.png
T2V_data/VIDGEN-1M_unzip/9Uh1CYmEM2c-Scene-0029.mp4,The video shows a waterfall in the middle of a forest. The waterfall is medium-sized and is surrounded by trees and other vegetation. The water is flowing down a rock face and into a small pool below. The colors in the video are predominantly green from the trees and brown from the rocks. The water is clear and white as it falls. There are no people or animals visible in the video.,T2V_data/label/vidgen_filter_gemini_part_0_dpo_0/9Uh1CYmEM2c-Scene-0029/entity_20.mp4,T2V_data/label/vidgen_filter_gemini_part_0_dpo_0/9Uh1CYmEM2c-Scene-0029/aug_entity_20.png
T2V_data/VIDGEN-1M_unzip/9YZK7WNO3fQ-Scene-0001.mp4,"In the video, a man is seen standing in a sand bunker on a golf course. He is wearing a white shirt, blue shorts, and a blue cap. He is holding a golf club and is preparing to hit a golf ball. The man takes a swing and hits the ball out of the sand bunker. He then walks over to the ball and picks it up. The video is shot during the daytime and the weather appears to be sunny. The golf course is surrounded by trees and there are no other people visible in the video.",T2V_data/label/vidgen_filter_gemini_part_0_dpo_0/9YZK7WNO3fQ-Scene-0001/depth.mp4,T2V_data/label/vidgen_filter_gemini_part_0_dpo_0/9YZK7WNO3fQ-Scene-0001/aug_entity_20.png
T2V_data/VIDGEN-1M_unzip/9YZK7WNO3fQ-Scene-0001.mp4,"In the video, a man is seen standing in a sand bunker on a golf course. He is wearing a white shirt, blue shorts, and a blue cap. He is holding a golf club and is preparing to hit a golf ball. The man takes a swing and hits the ball out of the sand bunker. He then walks over to the ball and picks it up. The video is shot during the daytime and the weather appears to be sunny. The golf course is surrounded by trees and there are no other people visible in the video.",T2V_data/label/vidgen_filter_gemini_part_0_dpo_0/9YZK7WNO3fQ-Scene-0001/entity_20.mp4,T2V_data/label/vidgen_filter_gemini_part_0_dpo_0/9YZK7WNO3fQ-Scene-0001/aug_entity_20.png
T2V_data/VIDGEN-1M_unzip/9eHbqMayxv8-Scene-0031.mp4,"The video displays a person's hand holding a circular object that is glowing blue. The object has a series of holes in the center and a pattern of holes around the edges. The person is spinning the object on their finger, causing it to glow brighter. The background is dark, and there is a yellow object in the corner of the frame.",T2V_data/label/vidgen_filter_gemini_part_0_dpo_0/9eHbqMayxv8-Scene-0031/depth.mp4,T2V_data/label/vidgen_filter_gemini_part_0_dpo_0/9eHbqMayxv8-Scene-0031/aug_entity_20.png
T2V_data/VIDGEN-1M_unzip/9eHbqMayxv8-Scene-0031.mp4,"The video displays a person's hand holding a circular object that is glowing blue. The object has a series of holes in the center and a pattern of holes around the edges. The person is spinning the object on their finger, causing it to glow brighter. The background is dark, and there is a yellow object in the corner of the frame.",T2V_data/label/vidgen_filter_gemini_part_0_dpo_0/9eHbqMayxv8-Scene-0031/entity_20.mp4,T2V_data/label/vidgen_filter_gemini_part_0_dpo_0/9eHbqMayxv8-Scene-0031/aug_entity_20.png
T2V_data/VIDGEN-1M_unzip/9keueOoFuHk-Scene-0029.mp4,The video shows a white sports car driving on a highway. The car is seen drifting around a corner and then driving straight. The car has a sleek design with black rims and a black interior. The highway is surrounded by mountains and wind turbines in the background. There are no other cars visible on the road.,T2V_data/label/vidgen_filter_gemini_part_0_dpo_0/9keueOoFuHk-Scene-0029/depth.mp4,T2V_data/label/vidgen_filter_gemini_part_0_dpo_0/9keueOoFuHk-Scene-0029/aug_entity_20.png
T2V_data/VIDGEN-1M_unzip/9keueOoFuHk-Scene-0029.mp4,The video shows a white sports car driving on a highway. The car is seen drifting around a corner and then driving straight. The car has a sleek design with black rims and a black interior. The highway is surrounded by mountains and wind turbines in the background. There are no other cars visible on the road.,T2V_data/label/vidgen_filter_gemini_part_0_dpo_0/9keueOoFuHk-Scene-0029/entity_20.mp4,T2V_data/label/vidgen_filter_gemini_part_0_dpo_0/9keueOoFuHk-Scene-0029/aug_entity_20.png
T2V_data/VIDGEN-1M_unzip/A9vqBUIj4Ps-Scene-0126.mp4,"The video shows a person driving a car down a street. The driver's hands are visible on the steering wheel, and the dashboard is visible in the foreground. The car is moving at a steady pace, and the driver is navigating the car smoothly. The street is lined with houses and parked cars, and there are no other vehicles on the road. The sky is overcast, and the overall color palette of the video is muted.",T2V_data/label/vidgen_filter_gemini_part_0_dpo_0/A9vqBUIj4Ps-Scene-0126/depth.mp4,T2V_data/label/vidgen_filter_gemini_part_0_dpo_0/A9vqBUIj4Ps-Scene-0126/aug_entity_40.png
T2V_data/VIDGEN-1M_unzip/A9vqBUIj4Ps-Scene-0126.mp4,"The video shows a person driving a car down a street. The driver's hands are visible on the steering wheel, and the dashboard is visible in the foreground. The car is moving at a steady pace, and the driver is navigating the car smoothly. The street is lined with houses and parked cars, and there are no other vehicles on the road. The sky is overcast, and the overall color palette of the video is muted.",T2V_data/label/vidgen_filter_gemini_part_0_dpo_0/A9vqBUIj4Ps-Scene-0126/entity_40.mp4,T2V_data/label/vidgen_filter_gemini_part_0_dpo_0/A9vqBUIj4Ps-Scene-0126/aug_entity_40.png
T2V_data/VIDGEN-1M_unzip/AGBCy0CHvb8-Scene-0077.mp4,"The video shows a person using a table saw to cut a piece of wood. The person is wearing a red shirt and is holding the wood with one hand while the other hand is guiding the saw blade. The saw blade is spinning at a high speed and is cutting through the wood. The person is using a push stick to push the wood through the blade. The background is blurred, but it appears to be a workshop setting.",T2V_data/label/vidgen_filter_gemini_part_0_dpo_0/AGBCy0CHvb8-Scene-0077/depth.mp4,T2V_data/label/vidgen_filter_gemini_part_0_dpo_0/AGBCy0CHvb8-Scene-0077/aug_entity_40.png
T2V_data/VIDGEN-1M_unzip/AGBCy0CHvb8-Scene-0077.mp4,"The video shows a person using a table saw to cut a piece of wood. The person is wearing a red shirt and is holding the wood with one hand while the other hand is guiding the saw blade. The saw blade is spinning at a high speed and is cutting through the wood. The person is using a push stick to push the wood through the blade. The background is blurred, but it appears to be a workshop setting.",T2V_data/label/vidgen_filter_gemini_part_0_dpo_0/AGBCy0CHvb8-Scene-0077/entity_40.mp4,T2V_data/label/vidgen_filter_gemini_part_0_dpo_0/AGBCy0CHvb8-Scene-0077/aug_entity_40.png
T2V_data/VIDGEN-1M_unzip/AVgrNsmzVxo-Scene-0035.mp4,"The video starts with a person holding a white piece of paper in their hand. The person then places the paper on a green surface. Next, the person picks up a pencil and begins to draw on the paper. The video ends with the person continuing to draw on the paper.",T2V_data/label/vidgen_filter_gemini_part_0_dpo_0/AVgrNsmzVxo-Scene-0035/depth.mp4,T2V_data/label/vidgen_filter_gemini_part_0_dpo_0/AVgrNsmzVxo-Scene-0035/aug_entity_60.png
T2V_data/VIDGEN-1M_unzip/AVgrNsmzVxo-Scene-0035.mp4,"The video starts with a person holding a white piece of paper in their hand. The person then places the paper on a green surface. Next, the person picks up a pencil and begins to draw on the paper. The video ends with the person continuing to draw on the paper.",T2V_data/label/vidgen_filter_gemini_part_0_dpo_0/AVgrNsmzVxo-Scene-0035/entity_60.mp4,T2V_data/label/vidgen_filter_gemini_part_0_dpo_0/AVgrNsmzVxo-Scene-0035/aug_entity_60.png
T2V_data/VIDGEN-1M_unzip/AX8jN0Oa8Wo-Scene-0061.mp4,The video shows a young boy kneading dough on a table. He is wearing a white shirt and is using his hands to mix the dough. Another person is also seen helping him with the process.,T2V_data/label/vidgen_filter_gemini_part_0_dpo_0/AX8jN0Oa8Wo-Scene-0061/depth.mp4,T2V_data/label/vidgen_filter_gemini_part_0_dpo_0/AX8jN0Oa8Wo-Scene-0061/aug_entity_20.png
T2V_data/VIDGEN-1M_unzip/AX8jN0Oa8Wo-Scene-0061.mp4,The video shows a young boy kneading dough on a table. He is wearing a white shirt and is using his hands to mix the dough. Another person is also seen helping him with the process.,T2V_data/label/vidgen_filter_gemini_part_0_dpo_0/AX8jN0Oa8Wo-Scene-0061/entity_20.mp4,T2V_data/label/vidgen_filter_gemini_part_0_dpo_0/AX8jN0Oa8Wo-Scene-0061/aug_entity_20.png
T2V_data/VIDGEN-1M_unzip/AX8jN0Oa8Wo-Scene-0061.mp4,The video shows a young boy kneading dough on a table. He is wearing a white shirt and is using his hands to mix the dough. Another person is also seen helping him with the process.,T2V_data/label/vidgen_filter_gemini_part_0_dpo_0/AX8jN0Oa8Wo-Scene-0061/depth.mp4,T2V_data/label/vidgen_filter_gemini_part_0_dpo_0/AX8jN0Oa8Wo-Scene-0061/aug_entity_60.png
T2V_data/VIDGEN-1M_unzip/AX8jN0Oa8Wo-Scene-0061.mp4,The video shows a young boy kneading dough on a table. He is wearing a white shirt and is using his hands to mix the dough. Another person is also seen helping him with the process.,T2V_data/label/vidgen_filter_gemini_part_0_dpo_0/AX8jN0Oa8Wo-Scene-0061/entity_60.mp4,T2V_data/label/vidgen_filter_gemini_part_0_dpo_0/AX8jN0Oa8Wo-Scene-0061/aug_entity_60.png
T2V_data/VIDGEN-1M_unzip/Aba_w-BSylo-Scene-0004.mp4,"The video shows a man in a red shirt and black shorts playing golf on a grassy field. He is holding a golf club and is seen hitting a golf ball. The man is wearing a black cap and white shoes. The video captures the moment the man hits the ball, and the ball is seen flying through the air. The man then turns around and smiles. The video also includes a subtitle that reads ""Chunked it!""",T2V_data/label/vidgen_filter_gemini_part_0_dpo_0/Aba_w-BSylo-Scene-0004/depth.mp4,T2V_data/label/vidgen_filter_gemini_part_0_dpo_0/Aba_w-BSylo-Scene-0004/aug_entity_20.png
T2V_data/VIDGEN-1M_unzip/Aba_w-BSylo-Scene-0004.mp4,"The video shows a man in a red shirt and black shorts playing golf on a grassy field. He is holding a golf club and is seen hitting a golf ball. The man is wearing a black cap and white shoes. The video captures the moment the man hits the ball, and the ball is seen flying through the air. The man then turns around and smiles. The video also includes a subtitle that reads ""Chunked it!""",T2V_data/label/vidgen_filter_gemini_part_0_dpo_0/Aba_w-BSylo-Scene-0004/entity_20.mp4,T2V_data/label/vidgen_filter_gemini_part_0_dpo_0/Aba_w-BSylo-Scene-0004/aug_entity_20.png
T2V_data/VIDGEN-1M_unzip/AnMLmdEV-YE-Scene-0018.mp4,"The video shows a person using a hammer to hit a small wooden box on a table. The box appears to be made of two different types of wood, with one side being a lighter color and the other side being a darker color. The person is wearing a watch on their left wrist and a ring on their left hand. The hammer used is made of wood and has a metal head. The table is covered with wood shavings, indicating that woodworking has been done on it. The person's actions are deliberate and precise, suggesting that they are skilled in woodworking.",T2V_data/label/vidgen_filter_gemini_part_0_dpo_0/AnMLmdEV-YE-Scene-0018/depth.mp4,T2V_data/label/vidgen_filter_gemini_part_0_dpo_0/AnMLmdEV-YE-Scene-0018/aug_entity_40.png
T2V_data/VIDGEN-1M_unzip/AnMLmdEV-YE-Scene-0018.mp4,"The video shows a person using a hammer to hit a small wooden box on a table. The box appears to be made of two different types of wood, with one side being a lighter color and the other side being a darker color. The person is wearing a watch on their left wrist and a ring on their left hand. The hammer used is made of wood and has a metal head. The table is covered with wood shavings, indicating that woodworking has been done on it. The person's actions are deliberate and precise, suggesting that they are skilled in woodworking.",T2V_data/label/vidgen_filter_gemini_part_0_dpo_0/AnMLmdEV-YE-Scene-0018/entity_40.mp4,T2V_data/label/vidgen_filter_gemini_part_0_dpo_0/AnMLmdEV-YE-Scene-0018/aug_entity_40.png
T2V_data/VIDGEN-1M_unzip/AnMLmdEV-YE-Scene-0018.mp4,"The video shows a person using a hammer to hit a small wooden box on a table. The box appears to be made of two different types of wood, with one side being a lighter color and the other side being a darker color. The person is wearing a watch on their left wrist and a ring on their left hand. The hammer used is made of wood and has a metal head. The table is covered with wood shavings, indicating that woodworking has been done on it. The person's actions are deliberate and precise, suggesting that they are skilled in woodworking.",T2V_data/label/vidgen_filter_gemini_part_0_dpo_0/AnMLmdEV-YE-Scene-0018/depth.mp4,T2V_data/label/vidgen_filter_gemini_part_0_dpo_0/AnMLmdEV-YE-Scene-0018/aug_entity_60.png
T2V_data/VIDGEN-1M_unzip/AnMLmdEV-YE-Scene-0018.mp4,"The video shows a person using a hammer to hit a small wooden box on a table. The box appears to be made of two different types of wood, with one side being a lighter color and the other side being a darker color. The person is wearing a watch on their left wrist and a ring on their left hand. The hammer used is made of wood and has a metal head. The table is covered with wood shavings, indicating that woodworking has been done on it. The person's actions are deliberate and precise, suggesting that they are skilled in woodworking.",T2V_data/label/vidgen_filter_gemini_part_0_dpo_0/AnMLmdEV-YE-Scene-0018/entity_60.mp4,T2V_data/label/vidgen_filter_gemini_part_0_dpo_0/AnMLmdEV-YE-Scene-0018/aug_entity_60.png
T2V_data/VIDGEN-1M_unzip/Aqp2BhPgcMM-Scene-0026.mp4,"In the video, a person is using a metal bending machine to bend a piece of metal. The person is holding the metal with one hand and using the other hand to operate the machine. The machine has a large metal block that is used to bend the metal. The person is wearing a blue shirt and has a watch on their left wrist. The metal being bent is silver in color and appears to be a thin sheet. The machine is placed on a table and there are other tools visible in the background.",T2V_data/label/vidgen_filter_gemini_part_0_dpo_0/Aqp2BhPgcMM-Scene-0026/depth.mp4,T2V_data/label/vidgen_filter_gemini_part_0_dpo_0/Aqp2BhPgcMM-Scene-0026/aug_entity_40.png
T2V_data/VIDGEN-1M_unzip/Aqp2BhPgcMM-Scene-0026.mp4,"In the video, a person is using a metal bending machine to bend a piece of metal. The person is holding the metal with one hand and using the other hand to operate the machine. The machine has a large metal block that is used to bend the metal. The person is wearing a blue shirt and has a watch on their left wrist. The metal being bent is silver in color and appears to be a thin sheet. The machine is placed on a table and there are other tools visible in the background.",T2V_data/label/vidgen_filter_gemini_part_0_dpo_0/Aqp2BhPgcMM-Scene-0026/entity_40.mp4,T2V_data/label/vidgen_filter_gemini_part_0_dpo_0/Aqp2BhPgcMM-Scene-0026/aug_entity_40.png
T2V_data/VIDGEN-1M_unzip/Aqp2BhPgcMM-Scene-0026.mp4,"In the video, a person is using a metal bending machine to bend a piece of metal. The person is holding the metal with one hand and using the other hand to operate the machine. The machine has a large metal block that is used to bend the metal. The person is wearing a blue shirt and has a watch on their left wrist. The metal being bent is silver in color and appears to be a thin sheet. The machine is placed on a table and there are other tools visible in the background.",T2V_data/label/vidgen_filter_gemini_part_0_dpo_0/Aqp2BhPgcMM-Scene-0026/depth.mp4,T2V_data/label/vidgen_filter_gemini_part_0_dpo_0/Aqp2BhPgcMM-Scene-0026/aug_entity_60.png
T2V_data/VIDGEN-1M_unzip/Aqp2BhPgcMM-Scene-0026.mp4,"In the video, a person is using a metal bending machine to bend a piece of metal. The person is holding the metal with one hand and using the other hand to operate the machine. The machine has a large metal block that is used to bend the metal. The person is wearing a blue shirt and has a watch on their left wrist. The metal being bent is silver in color and appears to be a thin sheet. The machine is placed on a table and there are other tools visible in the background.",T2V_data/label/vidgen_filter_gemini_part_0_dpo_0/Aqp2BhPgcMM-Scene-0026/entity_60.mp4,T2V_data/label/vidgen_filter_gemini_part_0_dpo_0/Aqp2BhPgcMM-Scene-0026/aug_entity_60.png
T2V_data/VIDGEN-1M_unzip/Arfx3UnEKgU-Scene-0006.mp4,"The video shows a police car that has crashed into a tree. The car is white and is partially obscured by the tree. The police car has its emergency lights on, which are flashing brightly. The scene is set at night, and the only source of light is the emergency lights. The police car appears to be damaged, with visible dents and scratches on the body. The tree is also damaged, with its branches and leaves scattered around the car. There is no visible movement or people in the video.",T2V_data/label/vidgen_filter_gemini_part_0_dpo_0/Arfx3UnEKgU-Scene-0006/depth.mp4,T2V_data/label/vidgen_filter_gemini_part_0_dpo_0/Arfx3UnEKgU-Scene-0006/aug_entity_20.png
T2V_data/VIDGEN-1M_unzip/Arfx3UnEKgU-Scene-0006.mp4,"The video shows a police car that has crashed into a tree. The car is white and is partially obscured by the tree. The police car has its emergency lights on, which are flashing brightly. The scene is set at night, and the only source of light is the emergency lights. The police car appears to be damaged, with visible dents and scratches on the body. The tree is also damaged, with its branches and leaves scattered around the car. There is no visible movement or people in the video.",T2V_data/label/vidgen_filter_gemini_part_0_dpo_0/Arfx3UnEKgU-Scene-0006/entity_20.mp4,T2V_data/label/vidgen_filter_gemini_part_0_dpo_0/Arfx3UnEKgU-Scene-0006/aug_entity_20.png
T2V_data/VIDGEN-1M_unzip/Arfx3UnEKgU-Scene-0006.mp4,"The video shows a police car that has crashed into a tree. The car is white and is partially obscured by the tree. The police car has its emergency lights on, which are flashing brightly. The scene is set at night, and the only source of light is the emergency lights. The police car appears to be damaged, with visible dents and scratches on the body. The tree is also damaged, with its branches and leaves scattered around the car. There is no visible movement or people in the video.",T2V_data/label/vidgen_filter_gemini_part_0_dpo_0/Arfx3UnEKgU-Scene-0006/depth.mp4,T2V_data/label/vidgen_filter_gemini_part_0_dpo_0/Arfx3UnEKgU-Scene-0006/aug_entity_40.png
T2V_data/VIDGEN-1M_unzip/Arfx3UnEKgU-Scene-0006.mp4,"The video shows a police car that has crashed into a tree. The car is white and is partially obscured by the tree. The police car has its emergency lights on, which are flashing brightly. The scene is set at night, and the only source of light is the emergency lights. The police car appears to be damaged, with visible dents and scratches on the body. The tree is also damaged, with its branches and leaves scattered around the car. There is no visible movement or people in the video.",T2V_data/label/vidgen_filter_gemini_part_0_dpo_0/Arfx3UnEKgU-Scene-0006/entity_40.mp4,T2V_data/label/vidgen_filter_gemini_part_0_dpo_0/Arfx3UnEKgU-Scene-0006/aug_entity_40.png
T2V_data/VIDGEN-1M_unzip/Av4ByZFWf4M-Scene-0080.mp4,"In the video, a young child is being helped by a woman to ride a bicycle. The woman is holding the child's arms and guiding them as they pedal. The child is wearing a red shirt and black pants, and the bicycle is red and black with white tires. The woman is wearing a pink sweatshirt and blue jeans. The background shows a living room with a couch and a coffee table.",T2V_data/label/vidgen_filter_gemini_part_0_dpo_0/Av4ByZFWf4M-Scene-0080/depth.mp4,T2V_data/label/vidgen_filter_gemini_part_0_dpo_0/Av4ByZFWf4M-Scene-0080/aug_entity_40.png
T2V_data/VIDGEN-1M_unzip/Av4ByZFWf4M-Scene-0080.mp4,"In the video, a young child is being helped by a woman to ride a bicycle. The woman is holding the child's arms and guiding them as they pedal. The child is wearing a red shirt and black pants, and the bicycle is red and black with white tires. The woman is wearing a pink sweatshirt and blue jeans. The background shows a living room with a couch and a coffee table.",T2V_data/label/vidgen_filter_gemini_part_0_dpo_0/Av4ByZFWf4M-Scene-0080/entity_40.mp4,T2V_data/label/vidgen_filter_gemini_part_0_dpo_0/Av4ByZFWf4M-Scene-0080/aug_entity_40.png
T2V_data/VIDGEN-1M_unzip/B4CAou7i7Io-Scene-0002.mp4,The video shows a person wearing gloves working on a car engine. The person is using a tool to remove a spark plug from the engine. The engine is silver and there are several other parts visible in the background. The person's hands are moving quickly and with precision as they work on the engine.,T2V_data/label/vidgen_filter_gemini_part_0_dpo_0/B4CAou7i7Io-Scene-0002/depth.mp4,T2V_data/label/vidgen_filter_gemini_part_0_dpo_0/B4CAou7i7Io-Scene-0002/aug_entity_40.png
T2V_data/VIDGEN-1M_unzip/B4CAou7i7Io-Scene-0002.mp4,The video shows a person wearing gloves working on a car engine. The person is using a tool to remove a spark plug from the engine. The engine is silver and there are several other parts visible in the background. The person's hands are moving quickly and with precision as they work on the engine.,T2V_data/label/vidgen_filter_gemini_part_0_dpo_0/B4CAou7i7Io-Scene-0002/entity_40.mp4,T2V_data/label/vidgen_filter_gemini_part_0_dpo_0/B4CAou7i7Io-Scene-0002/aug_entity_40.png
T2V_data/VIDGEN-1M_unzip/BZjwKY35bo8-Scene-0074.mp4,"In the video, two young boys are seen standing in front of a water fountain. They are both wearing tank tops and shorts. The fountain is made of black material and has a series of small holes from which water is spraying upwards. The boys are reaching out and touching the water, and it appears that they are enjoying the sensation of the water on their hands. The water is spraying up in a fine mist, and the boys are standing close to the fountain, with their arms extended towards the water. The background of the video is not clearly visible, but it seems to be an outdoor setting.",T2V_data/label/vidgen_filter_gemini_part_0_dpo_0/BZjwKY35bo8-Scene-0074/depth.mp4,T2V_data/label/vidgen_filter_gemini_part_0_dpo_0/BZjwKY35bo8-Scene-0074/aug_entity_40.png
T2V_data/VIDGEN-1M_unzip/BZjwKY35bo8-Scene-0074.mp4,"In the video, two young boys are seen standing in front of a water fountain. They are both wearing tank tops and shorts. The fountain is made of black material and has a series of small holes from which water is spraying upwards. The boys are reaching out and touching the water, and it appears that they are enjoying the sensation of the water on their hands. The water is spraying up in a fine mist, and the boys are standing close to the fountain, with their arms extended towards the water. The background of the video is not clearly visible, but it seems to be an outdoor setting.",T2V_data/label/vidgen_filter_gemini_part_0_dpo_0/BZjwKY35bo8-Scene-0074/entity_40.mp4,T2V_data/label/vidgen_filter_gemini_part_0_dpo_0/BZjwKY35bo8-Scene-0074/aug_entity_40.png
T2V_data/VIDGEN-1M_unzip/BfkuSicFa-k-Scene-0006.mp4,"In the video, a man is seen working underneath a car. He is wearing a gray shirt and a black cap. He is using a tool to grind down a piece of metal. As he works, sparks fly out from the point of contact between the tool and the metal. The man appears to be focused on his task, and the environment suggests that he is in a garage or workshop setting. The video provides a close-up view of the grinding process, allowing viewers to see the sparks and the tool in action. The man's movements are steady and precise, indicating that he is experienced in this type of work. The video does not contain any visible title, subtitle, or other informative text.",T2V_data/label/vidgen_filter_gemini_part_0_dpo_0/BfkuSicFa-k-Scene-0006/depth.mp4,T2V_data/label/vidgen_filter_gemini_part_0_dpo_0/BfkuSicFa-k-Scene-0006/aug_entity_60.png
T2V_data/VIDGEN-1M_unzip/BfkuSicFa-k-Scene-0006.mp4,"In the video, a man is seen working underneath a car. He is wearing a gray shirt and a black cap. He is using a tool to grind down a piece of metal. As he works, sparks fly out from the point of contact between the tool and the metal. The man appears to be focused on his task, and the environment suggests that he is in a garage or workshop setting. The video provides a close-up view of the grinding process, allowing viewers to see the sparks and the tool in action. The man's movements are steady and precise, indicating that he is experienced in this type of work. The video does not contain any visible title, subtitle, or other informative text.",T2V_data/label/vidgen_filter_gemini_part_0_dpo_0/BfkuSicFa-k-Scene-0006/entity_60.mp4,T2V_data/label/vidgen_filter_gemini_part_0_dpo_0/BfkuSicFa-k-Scene-0006/aug_entity_60.png
T2V_data/VIDGEN-1M_unzip/BkvtrCcEFp4-Scene-0069.mp4,"In the video, a person is seen holding a piece of slime in their hands. The slime is covered in small, colorful beads that are scattered around the person's hands. The person is wearing a ring on their left hand and has blue nail polish on their fingernails. They are stretching and pulling the slime, causing the beads to move and shift. The background is a dark, glittery surface that contrasts with the bright colors of the beads and the person's nails.",T2V_data/label/vidgen_filter_gemini_part_0_dpo_0/BkvtrCcEFp4-Scene-0069/depth.mp4,T2V_data/label/vidgen_filter_gemini_part_0_dpo_0/BkvtrCcEFp4-Scene-0069/aug_entity_40.png
T2V_data/VIDGEN-1M_unzip/BkvtrCcEFp4-Scene-0069.mp4,"In the video, a person is seen holding a piece of slime in their hands. The slime is covered in small, colorful beads that are scattered around the person's hands. The person is wearing a ring on their left hand and has blue nail polish on their fingernails. They are stretching and pulling the slime, causing the beads to move and shift. The background is a dark, glittery surface that contrasts with the bright colors of the beads and the person's nails.",T2V_data/label/vidgen_filter_gemini_part_0_dpo_0/BkvtrCcEFp4-Scene-0069/entity_40.mp4,T2V_data/label/vidgen_filter_gemini_part_0_dpo_0/BkvtrCcEFp4-Scene-0069/aug_entity_40.png
T2V_data/VIDGEN-1M_unzip/BpMwnfXfrzY-Scene-0017.mp4,"The video shows a girl jumping on a trampoline and performing a backflip. She is wearing a grey tracksuit and has long blonde hair. The trampoline is surrounded by a white picket fence and there is a white RV in the background. The word ""Tuck"" appears on the screen as she completes the flip.",T2V_data/label/vidgen_filter_gemini_part_0_dpo_0/BpMwnfXfrzY-Scene-0017/depth.mp4,T2V_data/label/vidgen_filter_gemini_part_0_dpo_0/BpMwnfXfrzY-Scene-0017/aug_entity_20.png
T2V_data/VIDGEN-1M_unzip/BpMwnfXfrzY-Scene-0017.mp4,"The video shows a girl jumping on a trampoline and performing a backflip. She is wearing a grey tracksuit and has long blonde hair. The trampoline is surrounded by a white picket fence and there is a white RV in the background. The word ""Tuck"" appears on the screen as she completes the flip.",T2V_data/label/vidgen_filter_gemini_part_0_dpo_0/BpMwnfXfrzY-Scene-0017/entity_20.mp4,T2V_data/label/vidgen_filter_gemini_part_0_dpo_0/BpMwnfXfrzY-Scene-0017/aug_entity_20.png
T2V_data/VIDGEN-1M_unzip/BsDiFn3CkGc-Scene-0018.mp4,The video shows a person stirring a white creamy mixture in a silver pot with a metal whisk. The pot is placed on a black stove. The person's hand is visible as they stir the mixture. The background shows a black countertop with a wooden cutting board and a knife.,T2V_data/label/vidgen_filter_gemini_part_0_dpo_0/BsDiFn3CkGc-Scene-0018/depth.mp4,T2V_data/label/vidgen_filter_gemini_part_0_dpo_0/BsDiFn3CkGc-Scene-0018/aug_entity_40.png
T2V_data/VIDGEN-1M_unzip/BsDiFn3CkGc-Scene-0018.mp4,The video shows a person stirring a white creamy mixture in a silver pot with a metal whisk. The pot is placed on a black stove. The person's hand is visible as they stir the mixture. The background shows a black countertop with a wooden cutting board and a knife.,T2V_data/label/vidgen_filter_gemini_part_0_dpo_0/BsDiFn3CkGc-Scene-0018/entity_40.mp4,T2V_data/label/vidgen_filter_gemini_part_0_dpo_0/BsDiFn3CkGc-Scene-0018/aug_entity_40.png
T2V_data/VIDGEN-1M_unzip/C-8pqGzUmmg-Scene-0231.mp4,"In the video, a man is seen kneeling down in front of a caged lion. The man is holding a stick and appears to be poking the lion with it. The lion is growling and appears to be agitated by the man's actions. The man is wearing a beige shirt and blue jeans, and the cage is made of metal bars. The background is dark and indistinct, but it appears to be an enclosure of some sort.",T2V_data/label/vidgen_filter_gemini_part_0_dpo_0/C-8pqGzUmmg-Scene-0231/depth.mp4,T2V_data/label/vidgen_filter_gemini_part_0_dpo_0/C-8pqGzUmmg-Scene-0231/aug_entity_40.png
T2V_data/VIDGEN-1M_unzip/C-8pqGzUmmg-Scene-0231.mp4,"In the video, a man is seen kneeling down in front of a caged lion. The man is holding a stick and appears to be poking the lion with it. The lion is growling and appears to be agitated by the man's actions. The man is wearing a beige shirt and blue jeans, and the cage is made of metal bars. The background is dark and indistinct, but it appears to be an enclosure of some sort.",T2V_data/label/vidgen_filter_gemini_part_0_dpo_0/C-8pqGzUmmg-Scene-0231/entity_40.mp4,T2V_data/label/vidgen_filter_gemini_part_0_dpo_0/C-8pqGzUmmg-Scene-0231/aug_entity_40.png
T2V_data/VIDGEN-1M_unzip/C-8pqGzUmmg-Scene-0231.mp4,"In the video, a man is seen kneeling down in front of a caged lion. The man is holding a stick and appears to be poking the lion with it. The lion is growling and appears to be agitated by the man's actions. The man is wearing a beige shirt and blue jeans, and the cage is made of metal bars. The background is dark and indistinct, but it appears to be an enclosure of some sort.",T2V_data/label/vidgen_filter_gemini_part_0_dpo_0/C-8pqGzUmmg-Scene-0231/depth.mp4,T2V_data/label/vidgen_filter_gemini_part_0_dpo_0/C-8pqGzUmmg-Scene-0231/aug_entity_60.png
T2V_data/VIDGEN-1M_unzip/C-8pqGzUmmg-Scene-0231.mp4,"In the video, a man is seen kneeling down in front of a caged lion. The man is holding a stick and appears to be poking the lion with it. The lion is growling and appears to be agitated by the man's actions. The man is wearing a beige shirt and blue jeans, and the cage is made of metal bars. The background is dark and indistinct, but it appears to be an enclosure of some sort.",T2V_data/label/vidgen_filter_gemini_part_0_dpo_0/C-8pqGzUmmg-Scene-0231/entity_60.mp4,T2V_data/label/vidgen_filter_gemini_part_0_dpo_0/C-8pqGzUmmg-Scene-0231/aug_entity_60.png
T2V_data/VIDGEN-1M_unzip/C3bEzYLEyhE-Scene-0101.mp4,"In the video, a person is seen holding a package of toy dinosaurs. The package is labeled ""Slingshot Dino"" and shows two dinosaurs, one pink and one orange, inside a clear plastic bubble. The person proceeds to open the package by tearing the plastic bubble and then removes the dinosaurs from the package. The video ends with the person holding the two dinosaurs in their hands.",T2V_data/label/vidgen_filter_gemini_part_0_dpo_0/C3bEzYLEyhE-Scene-0101/depth.mp4,T2V_data/label/vidgen_filter_gemini_part_0_dpo_0/C3bEzYLEyhE-Scene-0101/aug_entity_100.png
T2V_data/VIDGEN-1M_unzip/C3bEzYLEyhE-Scene-0101.mp4,"In the video, a person is seen holding a package of toy dinosaurs. The package is labeled ""Slingshot Dino"" and shows two dinosaurs, one pink and one orange, inside a clear plastic bubble. The person proceeds to open the package by tearing the plastic bubble and then removes the dinosaurs from the package. The video ends with the person holding the two dinosaurs in their hands.",T2V_data/label/vidgen_filter_gemini_part_0_dpo_0/C3bEzYLEyhE-Scene-0101/entity_100.mp4,T2V_data/label/vidgen_filter_gemini_part_0_dpo_0/C3bEzYLEyhE-Scene-0101/aug_entity_100.png
T2V_data/VIDGEN-1M_unzip/C3bEzYLEyhE-Scene-0101.mp4,"In the video, a person is seen holding a package of toy dinosaurs. The package is labeled ""Slingshot Dino"" and shows two dinosaurs, one pink and one orange, inside a clear plastic bubble. The person proceeds to open the package by tearing the plastic bubble and then removes the dinosaurs from the package. The video ends with the person holding the two dinosaurs in their hands.",T2V_data/label/vidgen_filter_gemini_part_0_dpo_0/C3bEzYLEyhE-Scene-0101/depth.mp4,T2V_data/label/vidgen_filter_gemini_part_0_dpo_0/C3bEzYLEyhE-Scene-0101/aug_entity_20.png
T2V_data/VIDGEN-1M_unzip/C3bEzYLEyhE-Scene-0101.mp4,"In the video, a person is seen holding a package of toy dinosaurs. The package is labeled ""Slingshot Dino"" and shows two dinosaurs, one pink and one orange, inside a clear plastic bubble. The person proceeds to open the package by tearing the plastic bubble and then removes the dinosaurs from the package. The video ends with the person holding the two dinosaurs in their hands.",T2V_data/label/vidgen_filter_gemini_part_0_dpo_0/C3bEzYLEyhE-Scene-0101/entity_20.mp4,T2V_data/label/vidgen_filter_gemini_part_0_dpo_0/C3bEzYLEyhE-Scene-0101/aug_entity_20.png
T2V_data/VIDGEN-1M_unzip/C3bEzYLEyhE-Scene-0101.mp4,"In the video, a person is seen holding a package of toy dinosaurs. The package is labeled ""Slingshot Dino"" and shows two dinosaurs, one pink and one orange, inside a clear plastic bubble. The person proceeds to open the package by tearing the plastic bubble and then removes the dinosaurs from the package. The video ends with the person holding the two dinosaurs in their hands.",T2V_data/label/vidgen_filter_gemini_part_0_dpo_0/C3bEzYLEyhE-Scene-0101/depth.mp4,T2V_data/label/vidgen_filter_gemini_part_0_dpo_0/C3bEzYLEyhE-Scene-0101/aug_entity_60.png
T2V_data/VIDGEN-1M_unzip/C3bEzYLEyhE-Scene-0101.mp4,"In the video, a person is seen holding a package of toy dinosaurs. The package is labeled ""Slingshot Dino"" and shows two dinosaurs, one pink and one orange, inside a clear plastic bubble. The person proceeds to open the package by tearing the plastic bubble and then removes the dinosaurs from the package. The video ends with the person holding the two dinosaurs in their hands.",T2V_data/label/vidgen_filter_gemini_part_0_dpo_0/C3bEzYLEyhE-Scene-0101/entity_60.mp4,T2V_data/label/vidgen_filter_gemini_part_0_dpo_0/C3bEzYLEyhE-Scene-0101/aug_entity_60.png
T2V_data/VIDGEN-1M_unzip/C3bEzYLEyhE-Scene-0101.mp4,"In the video, a person is seen holding a package of toy dinosaurs. The package is labeled ""Slingshot Dino"" and shows two dinosaurs, one pink and one orange, inside a clear plastic bubble. The person proceeds to open the package by tearing the plastic bubble and then removes the dinosaurs from the package. The video ends with the person holding the two dinosaurs in their hands.",T2V_data/label/vidgen_filter_gemini_part_0_dpo_0/C3bEzYLEyhE-Scene-0101/depth.mp4,T2V_data/label/vidgen_filter_gemini_part_0_dpo_0/C3bEzYLEyhE-Scene-0101/aug_entity_80.png
T2V_data/VIDGEN-1M_unzip/C3bEzYLEyhE-Scene-0101.mp4,"In the video, a person is seen holding a package of toy dinosaurs. The package is labeled ""Slingshot Dino"" and shows two dinosaurs, one pink and one orange, inside a clear plastic bubble. The person proceeds to open the package by tearing the plastic bubble and then removes the dinosaurs from the package. The video ends with the person holding the two dinosaurs in their hands.",T2V_data/label/vidgen_filter_gemini_part_0_dpo_0/C3bEzYLEyhE-Scene-0101/entity_80.mp4,T2V_data/label/vidgen_filter_gemini_part_0_dpo_0/C3bEzYLEyhE-Scene-0101/aug_entity_80.png
T2V_data/VIDGEN-1M_unzip/CDFXVwIugcU-Scene-0064.mp4,"In the video, a man is seen standing outside near a fence. He is wearing a black shirt and glasses. The man is holding a pair of pliers in his hands and appears to be using them to cut a piece of wire. The fence is made of wooden posts and wire mesh, and there are trees visible in the background. The man seems focused on his task, and the video captures the moment in detail.",T2V_data/label/vidgen_filter_gemini_part_0_dpo_0/CDFXVwIugcU-Scene-0064/depth.mp4,T2V_data/label/vidgen_filter_gemini_part_0_dpo_0/CDFXVwIugcU-Scene-0064/aug_entity_20.png
T2V_data/VIDGEN-1M_unzip/CDFXVwIugcU-Scene-0064.mp4,"In the video, a man is seen standing outside near a fence. He is wearing a black shirt and glasses. The man is holding a pair of pliers in his hands and appears to be using them to cut a piece of wire. The fence is made of wooden posts and wire mesh, and there are trees visible in the background. The man seems focused on his task, and the video captures the moment in detail.",T2V_data/label/vidgen_filter_gemini_part_0_dpo_0/CDFXVwIugcU-Scene-0064/entity_20.mp4,T2V_data/label/vidgen_filter_gemini_part_0_dpo_0/CDFXVwIugcU-Scene-0064/aug_entity_20.png
T2V_data/VIDGEN-1M_unzip/CDFXVwIugcU-Scene-0064.mp4,"In the video, a man is seen standing outside near a fence. He is wearing a black shirt and glasses. The man is holding a pair of pliers in his hands and appears to be using them to cut a piece of wire. The fence is made of wooden posts and wire mesh, and there are trees visible in the background. The man seems focused on his task, and the video captures the moment in detail.",T2V_data/label/vidgen_filter_gemini_part_0_dpo_0/CDFXVwIugcU-Scene-0064/depth.mp4,T2V_data/label/vidgen_filter_gemini_part_0_dpo_0/CDFXVwIugcU-Scene-0064/aug_entity_60.png
T2V_data/VIDGEN-1M_unzip/CDFXVwIugcU-Scene-0064.mp4,"In the video, a man is seen standing outside near a fence. He is wearing a black shirt and glasses. The man is holding a pair of pliers in his hands and appears to be using them to cut a piece of wire. The fence is made of wooden posts and wire mesh, and there are trees visible in the background. The man seems focused on his task, and the video captures the moment in detail.",T2V_data/label/vidgen_filter_gemini_part_0_dpo_0/CDFXVwIugcU-Scene-0064/entity_60.mp4,T2V_data/label/vidgen_filter_gemini_part_0_dpo_0/CDFXVwIugcU-Scene-0064/aug_entity_60.png
T2V_data/VIDGEN-1M_unzip/CJfSJaGyWD0-Scene-0094.mp4,"The video shows a person driving a car and shifting gears. The person's hands are visible, and they are wearing a yellow and green wristband. The car's interior is black, and the gear shift is silver. The person is wearing a blue shirt and has a red light on the dashboard. The car is moving, and the person is changing gears.",T2V_data/label/vidgen_filter_gemini_part_0_dpo_0/CJfSJaGyWD0-Scene-0094/depth.mp4,T2V_data/label/vidgen_filter_gemini_part_0_dpo_0/CJfSJaGyWD0-Scene-0094/aug_entity_40.png
T2V_data/VIDGEN-1M_unzip/CJfSJaGyWD0-Scene-0094.mp4,"The video shows a person driving a car and shifting gears. The person's hands are visible, and they are wearing a yellow and green wristband. The car's interior is black, and the gear shift is silver. The person is wearing a blue shirt and has a red light on the dashboard. The car is moving, and the person is changing gears.",T2V_data/label/vidgen_filter_gemini_part_0_dpo_0/CJfSJaGyWD0-Scene-0094/entity_40.mp4,T2V_data/label/vidgen_filter_gemini_part_0_dpo_0/CJfSJaGyWD0-Scene-0094/aug_entity_40.png
T2V_data/VIDGEN-1M_unzip/CLEezW8kyyY-Scene-0014.mp4,"In the video, a person is seen scooping food from a container and placing it into a bowl. The food appears to be some type of cereal or grain-based dish. The person uses a spoon to transfer the food, and the container is made of plastic. The bowl is also made of plastic and is clear. The person's movements are deliberate and careful as they transfer the food. The background is not clearly visible, but it appears to be an indoor setting. The person's attire is not fully visible, but they seem to be wearing a casual outfit. The video does not contain any dialogue or sound.",T2V_data/label/vidgen_filter_gemini_part_0_dpo_0/CLEezW8kyyY-Scene-0014/depth.mp4,T2V_data/label/vidgen_filter_gemini_part_0_dpo_0/CLEezW8kyyY-Scene-0014/aug_entity_40.png
T2V_data/VIDGEN-1M_unzip/CLEezW8kyyY-Scene-0014.mp4,"In the video, a person is seen scooping food from a container and placing it into a bowl. The food appears to be some type of cereal or grain-based dish. The person uses a spoon to transfer the food, and the container is made of plastic. The bowl is also made of plastic and is clear. The person's movements are deliberate and careful as they transfer the food. The background is not clearly visible, but it appears to be an indoor setting. The person's attire is not fully visible, but they seem to be wearing a casual outfit. The video does not contain any dialogue or sound.",T2V_data/label/vidgen_filter_gemini_part_0_dpo_0/CLEezW8kyyY-Scene-0014/entity_40.mp4,T2V_data/label/vidgen_filter_gemini_part_0_dpo_0/CLEezW8kyyY-Scene-0014/aug_entity_40.png
T2V_data/VIDGEN-1M_unzip/CLckjJP6LLY-Scene-0003.mp4,"The video shows a baseball game in progress. The players are wearing blue and white uniforms and are seen running on the field. The stands are filled with spectators. The players are seen throwing the ball to each other and running around the field. The video is shot from a side angle, showing the players in action.",T2V_data/label/vidgen_filter_gemini_part_0_dpo_0/CLckjJP6LLY-Scene-0003/depth.mp4,T2V_data/label/vidgen_filter_gemini_part_0_dpo_0/CLckjJP6LLY-Scene-0003/aug_entity_20.png
T2V_data/VIDGEN-1M_unzip/CLckjJP6LLY-Scene-0003.mp4,"The video shows a baseball game in progress. The players are wearing blue and white uniforms and are seen running on the field. The stands are filled with spectators. The players are seen throwing the ball to each other and running around the field. The video is shot from a side angle, showing the players in action.",T2V_data/label/vidgen_filter_gemini_part_0_dpo_0/CLckjJP6LLY-Scene-0003/entity_20.mp4,T2V_data/label/vidgen_filter_gemini_part_0_dpo_0/CLckjJP6LLY-Scene-0003/aug_entity_20.png
T2V_data/VIDGEN-1M_unzip/CRTZ-SvRErg-Scene-0063.mp4,"In the video, a man is seen using a large saw to cut a piece of wood. The man is wearing a plaid shirt and has a blue wristband on his left wrist. The saw is silver and appears to be quite large, covering most of the width of the wood. The wood is light brown and appears to be clamped down to a workbench. The man is holding the wood with his left hand and using the saw with his right hand. He is making a straight cut through the wood, and there are wood shavings scattered around the workbench.",T2V_data/label/vidgen_filter_gemini_part_0_dpo_0/CRTZ-SvRErg-Scene-0063/depth.mp4,T2V_data/label/vidgen_filter_gemini_part_0_dpo_0/CRTZ-SvRErg-Scene-0063/aug_entity_40.png
T2V_data/VIDGEN-1M_unzip/CRTZ-SvRErg-Scene-0063.mp4,"In the video, a man is seen using a large saw to cut a piece of wood. The man is wearing a plaid shirt and has a blue wristband on his left wrist. The saw is silver and appears to be quite large, covering most of the width of the wood. The wood is light brown and appears to be clamped down to a workbench. The man is holding the wood with his left hand and using the saw with his right hand. He is making a straight cut through the wood, and there are wood shavings scattered around the workbench.",T2V_data/label/vidgen_filter_gemini_part_0_dpo_0/CRTZ-SvRErg-Scene-0063/entity_40.mp4,T2V_data/label/vidgen_filter_gemini_part_0_dpo_0/CRTZ-SvRErg-Scene-0063/aug_entity_40.png
T2V_data/VIDGEN-1M_unzip/CRTZ-SvRErg-Scene-0063.mp4,"In the video, a man is seen using a large saw to cut a piece of wood. The man is wearing a plaid shirt and has a blue wristband on his left wrist. The saw is silver and appears to be quite large, covering most of the width of the wood. The wood is light brown and appears to be clamped down to a workbench. The man is holding the wood with his left hand and using the saw with his right hand. He is making a straight cut through the wood, and there are wood shavings scattered around the workbench.",T2V_data/label/vidgen_filter_gemini_part_0_dpo_0/CRTZ-SvRErg-Scene-0063/depth.mp4,T2V_data/label/vidgen_filter_gemini_part_0_dpo_0/CRTZ-SvRErg-Scene-0063/aug_entity_60.png
T2V_data/VIDGEN-1M_unzip/CRTZ-SvRErg-Scene-0063.mp4,"In the video, a man is seen using a large saw to cut a piece of wood. The man is wearing a plaid shirt and has a blue wristband on his left wrist. The saw is silver and appears to be quite large, covering most of the width of the wood. The wood is light brown and appears to be clamped down to a workbench. The man is holding the wood with his left hand and using the saw with his right hand. He is making a straight cut through the wood, and there are wood shavings scattered around the workbench.",T2V_data/label/vidgen_filter_gemini_part_0_dpo_0/CRTZ-SvRErg-Scene-0063/entity_60.mp4,T2V_data/label/vidgen_filter_gemini_part_0_dpo_0/CRTZ-SvRErg-Scene-0063/aug_entity_60.png
T2V_data/VIDGEN-1M_unzip/D9V6_CUr1HE-Scene-0065.mp4,"The video shows a man dribbling a basketball on an indoor court. He is wearing a black shirt and shorts, and is dribbling the ball with his right hand. The court has a banner that reads ""THINCPRO BASKETBALL"" on the wall behind him. The man is moving around the court, dribbling the ball with quick and precise movements. The video is in black and white, and the man appears to be practicing his dribbling skills.",T2V_data/label/vidgen_filter_gemini_part_0_dpo_0/D9V6_CUr1HE-Scene-0065/depth.mp4,T2V_data/label/vidgen_filter_gemini_part_0_dpo_0/D9V6_CUr1HE-Scene-0065/aug_entity_20.png
T2V_data/VIDGEN-1M_unzip/D9V6_CUr1HE-Scene-0065.mp4,"The video shows a man dribbling a basketball on an indoor court. He is wearing a black shirt and shorts, and is dribbling the ball with his right hand. The court has a banner that reads ""THINCPRO BASKETBALL"" on the wall behind him. The man is moving around the court, dribbling the ball with quick and precise movements. The video is in black and white, and the man appears to be practicing his dribbling skills.",T2V_data/label/vidgen_filter_gemini_part_0_dpo_0/D9V6_CUr1HE-Scene-0065/entity_20.mp4,T2V_data/label/vidgen_filter_gemini_part_0_dpo_0/D9V6_CUr1HE-Scene-0065/aug_entity_20.png
T2V_data/VIDGEN-1M_unzip/D9uE4ZSwXRc-Scene-0100.mp4,"The video shows a baseball game being played in a stadium. The players are dressed in white uniforms with black caps. The pitcher is seen throwing the ball towards the batter, who is standing ready with a bat. The batter swings at the ball, but it is caught by the catcher. The crowd in the stadium is cheering and clapping. The video is shot from different angles, showing the action from the pitcher's mound, the batter's box, and the stands. The graphics are realistic, and the colors are vibrant.",T2V_data/label/vidgen_filter_gemini_part_0_dpo_0/D9uE4ZSwXRc-Scene-0100/depth.mp4,T2V_data/label/vidgen_filter_gemini_part_0_dpo_0/D9uE4ZSwXRc-Scene-0100/aug_entity_20.png
T2V_data/VIDGEN-1M_unzip/D9uE4ZSwXRc-Scene-0100.mp4,"The video shows a baseball game being played in a stadium. The players are dressed in white uniforms with black caps. The pitcher is seen throwing the ball towards the batter, who is standing ready with a bat. The batter swings at the ball, but it is caught by the catcher. The crowd in the stadium is cheering and clapping. The video is shot from different angles, showing the action from the pitcher's mound, the batter's box, and the stands. The graphics are realistic, and the colors are vibrant.",T2V_data/label/vidgen_filter_gemini_part_0_dpo_0/D9uE4ZSwXRc-Scene-0100/entity_20.mp4,T2V_data/label/vidgen_filter_gemini_part_0_dpo_0/D9uE4ZSwXRc-Scene-0100/aug_entity_20.png
T2V_data/VIDGEN-1M_unzip/D9uE4ZSwXRc-Scene-0100.mp4,"The video shows a baseball game being played in a stadium. The players are dressed in white uniforms with black caps. The pitcher is seen throwing the ball towards the batter, who is standing ready with a bat. The batter swings at the ball, but it is caught by the catcher. The crowd in the stadium is cheering and clapping. The video is shot from different angles, showing the action from the pitcher's mound, the batter's box, and the stands. The graphics are realistic, and the colors are vibrant.",T2V_data/label/vidgen_filter_gemini_part_0_dpo_0/D9uE4ZSwXRc-Scene-0100/depth.mp4,T2V_data/label/vidgen_filter_gemini_part_0_dpo_0/D9uE4ZSwXRc-Scene-0100/aug_entity_60.png
T2V_data/VIDGEN-1M_unzip/D9uE4ZSwXRc-Scene-0100.mp4,"The video shows a baseball game being played in a stadium. The players are dressed in white uniforms with black caps. The pitcher is seen throwing the ball towards the batter, who is standing ready with a bat. The batter swings at the ball, but it is caught by the catcher. The crowd in the stadium is cheering and clapping. The video is shot from different angles, showing the action from the pitcher's mound, the batter's box, and the stands. The graphics are realistic, and the colors are vibrant.",T2V_data/label/vidgen_filter_gemini_part_0_dpo_0/D9uE4ZSwXRc-Scene-0100/entity_60.mp4,T2V_data/label/vidgen_filter_gemini_part_0_dpo_0/D9uE4ZSwXRc-Scene-0100/aug_entity_60.png
T2V_data/VIDGEN-1M_unzip/DJYKl3fwW5s-Scene-0040.mp4,"In the video, a person is seen using a ruler to cut a piece of paper. The person is holding the paper with one hand while using the other hand to cut along the edge of the ruler. The paper appears to be white, and the ruler is silver. The person's nails are painted with a light purple polish, and they are wearing a black ring on their finger. The background is a wooden surface.",T2V_data/label/vidgen_filter_gemini_part_0_dpo_0/DJYKl3fwW5s-Scene-0040/depth.mp4,T2V_data/label/vidgen_filter_gemini_part_0_dpo_0/DJYKl3fwW5s-Scene-0040/aug_entity_40.png
T2V_data/VIDGEN-1M_unzip/DJYKl3fwW5s-Scene-0040.mp4,"In the video, a person is seen using a ruler to cut a piece of paper. The person is holding the paper with one hand while using the other hand to cut along the edge of the ruler. The paper appears to be white, and the ruler is silver. The person's nails are painted with a light purple polish, and they are wearing a black ring on their finger. The background is a wooden surface.",T2V_data/label/vidgen_filter_gemini_part_0_dpo_0/DJYKl3fwW5s-Scene-0040/entity_40.mp4,T2V_data/label/vidgen_filter_gemini_part_0_dpo_0/DJYKl3fwW5s-Scene-0040/aug_entity_40.png
T2V_data/VIDGEN-1M_unzip/DSguk3MwXi8-Scene-0034.mp4,"In the video, a person is seen working on a car's engine. The person is using a pair of pliers to hold a wire and is touching it to a metal part on the engine. The engine is black and has a silver metal part that the person is touching the wire to. The person's hand is visible in the frame, and they are wearing a black glove. The background is blurred, but it appears to be a garage or workshop setting.",T2V_data/label/vidgen_filter_gemini_part_0_dpo_0/DSguk3MwXi8-Scene-0034/depth.mp4,T2V_data/label/vidgen_filter_gemini_part_0_dpo_0/DSguk3MwXi8-Scene-0034/aug_entity_40.png
T2V_data/VIDGEN-1M_unzip/DSguk3MwXi8-Scene-0034.mp4,"In the video, a person is seen working on a car's engine. The person is using a pair of pliers to hold a wire and is touching it to a metal part on the engine. The engine is black and has a silver metal part that the person is touching the wire to. The person's hand is visible in the frame, and they are wearing a black glove. The background is blurred, but it appears to be a garage or workshop setting.",T2V_data/label/vidgen_filter_gemini_part_0_dpo_0/DSguk3MwXi8-Scene-0034/entity_40.mp4,T2V_data/label/vidgen_filter_gemini_part_0_dpo_0/DSguk3MwXi8-Scene-0034/aug_entity_40.png
T2V_data/VIDGEN-1M_unzip/DYlcs8LM3bg-Scene-0068.mp4,"The video shows a person's hands removing the plastic wrapping from a block of butter. The butter is then placed on a wooden cutting board, and the person begins to cut it with a knife. The knife is large and has a white handle. The cutting board is made of wood and has a light brown color. The butter is yellow and appears to be soft. The person's hands are visible, and they are wearing a white shirt. The background is not visible, and there are no other objects or people in the video.",T2V_data/label/vidgen_filter_gemini_part_0_dpo_0/DYlcs8LM3bg-Scene-0068/depth.mp4,T2V_data/label/vidgen_filter_gemini_part_0_dpo_0/DYlcs8LM3bg-Scene-0068/aug_entity_20.png
T2V_data/VIDGEN-1M_unzip/DYlcs8LM3bg-Scene-0068.mp4,"The video shows a person's hands removing the plastic wrapping from a block of butter. The butter is then placed on a wooden cutting board, and the person begins to cut it with a knife. The knife is large and has a white handle. The cutting board is made of wood and has a light brown color. The butter is yellow and appears to be soft. The person's hands are visible, and they are wearing a white shirt. The background is not visible, and there are no other objects or people in the video.",T2V_data/label/vidgen_filter_gemini_part_0_dpo_0/DYlcs8LM3bg-Scene-0068/entity_20.mp4,T2V_data/label/vidgen_filter_gemini_part_0_dpo_0/DYlcs8LM3bg-Scene-0068/aug_entity_20.png
T2V_data/VIDGEN-1M_unzip/DYlcs8LM3bg-Scene-0068.mp4,"The video shows a person's hands removing the plastic wrapping from a block of butter. The butter is then placed on a wooden cutting board, and the person begins to cut it with a knife. The knife is large and has a white handle. The cutting board is made of wood and has a light brown color. The butter is yellow and appears to be soft. The person's hands are visible, and they are wearing a white shirt. The background is not visible, and there are no other objects or people in the video.",T2V_data/label/vidgen_filter_gemini_part_0_dpo_0/DYlcs8LM3bg-Scene-0068/depth.mp4,T2V_data/label/vidgen_filter_gemini_part_0_dpo_0/DYlcs8LM3bg-Scene-0068/aug_entity_80.png
T2V_data/VIDGEN-1M_unzip/DYlcs8LM3bg-Scene-0068.mp4,"The video shows a person's hands removing the plastic wrapping from a block of butter. The butter is then placed on a wooden cutting board, and the person begins to cut it with a knife. The knife is large and has a white handle. The cutting board is made of wood and has a light brown color. The butter is yellow and appears to be soft. The person's hands are visible, and they are wearing a white shirt. The background is not visible, and there are no other objects or people in the video.",T2V_data/label/vidgen_filter_gemini_part_0_dpo_0/DYlcs8LM3bg-Scene-0068/entity_80.mp4,T2V_data/label/vidgen_filter_gemini_part_0_dpo_0/DYlcs8LM3bg-Scene-0068/aug_entity_80.png
T2V_data/VIDGEN-1M_unzip/Dgw_dTOBgCA-Scene-0178.mp4,"The video shows a man in a blue cap and grey shirt lifting a large bundle of hay. He is standing on a pile of hay and appears to be in a barn or storage area. There are other people in the background, but they are not the focus of the video. The man seems to be struggling to lift the hay, and his facial expression suggests that he is exerting a lot of effort. The hay is golden yellow and appears to be dry. The man's movements are slow and deliberate as he tries to lift the hay.",T2V_data/label/vidgen_filter_gemini_part_0_dpo_0/Dgw_dTOBgCA-Scene-0178/depth.mp4,T2V_data/label/vidgen_filter_gemini_part_0_dpo_0/Dgw_dTOBgCA-Scene-0178/aug_entity_40.png
T2V_data/VIDGEN-1M_unzip/Dgw_dTOBgCA-Scene-0178.mp4,"The video shows a man in a blue cap and grey shirt lifting a large bundle of hay. He is standing on a pile of hay and appears to be in a barn or storage area. There are other people in the background, but they are not the focus of the video. The man seems to be struggling to lift the hay, and his facial expression suggests that he is exerting a lot of effort. The hay is golden yellow and appears to be dry. The man's movements are slow and deliberate as he tries to lift the hay.",T2V_data/label/vidgen_filter_gemini_part_0_dpo_0/Dgw_dTOBgCA-Scene-0178/entity_40.mp4,T2V_data/label/vidgen_filter_gemini_part_0_dpo_0/Dgw_dTOBgCA-Scene-0178/aug_entity_40.png
T2V_data/VIDGEN-1M_unzip/DtR_qWYn-7s-Scene-0023.mp4,"In the video, a person is using a drill to make a hole in a piece of wood. The person is holding the wood in place with one hand while using the drill with the other hand. The drill is making a hole in the center of the wood. The person is wearing a black shirt and has a watch on their wrist. The background is blurry, but it appears to be a workshop or garage. The lighting is dim, and the focus is on the drilling action.",T2V_data/label/vidgen_filter_gemini_part_0_dpo_0/DtR_qWYn-7s-Scene-0023/depth.mp4,T2V_data/label/vidgen_filter_gemini_part_0_dpo_0/DtR_qWYn-7s-Scene-0023/aug_entity_40.png
T2V_data/VIDGEN-1M_unzip/DtR_qWYn-7s-Scene-0023.mp4,"In the video, a person is using a drill to make a hole in a piece of wood. The person is holding the wood in place with one hand while using the drill with the other hand. The drill is making a hole in the center of the wood. The person is wearing a black shirt and has a watch on their wrist. The background is blurry, but it appears to be a workshop or garage. The lighting is dim, and the focus is on the drilling action.",T2V_data/label/vidgen_filter_gemini_part_0_dpo_0/DtR_qWYn-7s-Scene-0023/entity_40.mp4,T2V_data/label/vidgen_filter_gemini_part_0_dpo_0/DtR_qWYn-7s-Scene-0023/aug_entity_40.png
T2V_data/VIDGEN-1M_unzip/E9LWAFbF2cs-Scene-0022.mp4,"In the video, a man is seen wearing boxing gloves and shorts, and he is standing in front of a punching bag. He starts by throwing a punch at the bag, and then he walks around it, throwing more punches. The man appears to be practicing his boxing skills, and he seems to be focused and determined. The punching bag is hanging from the ceiling, and it is black in color. The man is wearing a black t-shirt and shorts, and his boxing gloves are black as well. The room where the man is practicing appears to be a gym or a training facility, with a blue mat on the floor.",T2V_data/label/vidgen_filter_gemini_part_0_dpo_0/E9LWAFbF2cs-Scene-0022/depth.mp4,T2V_data/label/vidgen_filter_gemini_part_0_dpo_0/E9LWAFbF2cs-Scene-0022/aug_entity_20.png
T2V_data/VIDGEN-1M_unzip/E9LWAFbF2cs-Scene-0022.mp4,"In the video, a man is seen wearing boxing gloves and shorts, and he is standing in front of a punching bag. He starts by throwing a punch at the bag, and then he walks around it, throwing more punches. The man appears to be practicing his boxing skills, and he seems to be focused and determined. The punching bag is hanging from the ceiling, and it is black in color. The man is wearing a black t-shirt and shorts, and his boxing gloves are black as well. The room where the man is practicing appears to be a gym or a training facility, with a blue mat on the floor.",T2V_data/label/vidgen_filter_gemini_part_0_dpo_0/E9LWAFbF2cs-Scene-0022/entity_20.mp4,T2V_data/label/vidgen_filter_gemini_part_0_dpo_0/E9LWAFbF2cs-Scene-0022/aug_entity_20.png
T2V_data/VIDGEN-1M_unzip/ESQK1Wmz1Rs-Scene-0009.mp4,The video shows a person using a grinder to cut a piece of metal. The person is wearing a white shirt and blue pants. The grinder is silver and black in color. The metal piece is clamped down to a rusty metal anvil. The person is holding the grinder with one hand and using the other hand to guide the grinder along the metal piece. Sparks are flying as the grinder makes contact with the metal.,T2V_data/label/vidgen_filter_gemini_part_0_dpo_0/ESQK1Wmz1Rs-Scene-0009/depth.mp4,T2V_data/label/vidgen_filter_gemini_part_0_dpo_0/ESQK1Wmz1Rs-Scene-0009/aug_entity_40.png
T2V_data/VIDGEN-1M_unzip/ESQK1Wmz1Rs-Scene-0009.mp4,The video shows a person using a grinder to cut a piece of metal. The person is wearing a white shirt and blue pants. The grinder is silver and black in color. The metal piece is clamped down to a rusty metal anvil. The person is holding the grinder with one hand and using the other hand to guide the grinder along the metal piece. Sparks are flying as the grinder makes contact with the metal.,T2V_data/label/vidgen_filter_gemini_part_0_dpo_0/ESQK1Wmz1Rs-Scene-0009/entity_40.mp4,T2V_data/label/vidgen_filter_gemini_part_0_dpo_0/ESQK1Wmz1Rs-Scene-0009/aug_entity_40.png
T2V_data/VIDGEN-1M_unzip/ESQK1Wmz1Rs-Scene-0009.mp4,The video shows a person using a grinder to cut a piece of metal. The person is wearing a white shirt and blue pants. The grinder is silver and black in color. The metal piece is clamped down to a rusty metal anvil. The person is holding the grinder with one hand and using the other hand to guide the grinder along the metal piece. Sparks are flying as the grinder makes contact with the metal.,T2V_data/label/vidgen_filter_gemini_part_0_dpo_0/ESQK1Wmz1Rs-Scene-0009/depth.mp4,T2V_data/label/vidgen_filter_gemini_part_0_dpo_0/ESQK1Wmz1Rs-Scene-0009/aug_entity_60.png
T2V_data/VIDGEN-1M_unzip/ESQK1Wmz1Rs-Scene-0009.mp4,The video shows a person using a grinder to cut a piece of metal. The person is wearing a white shirt and blue pants. The grinder is silver and black in color. The metal piece is clamped down to a rusty metal anvil. The person is holding the grinder with one hand and using the other hand to guide the grinder along the metal piece. Sparks are flying as the grinder makes contact with the metal.,T2V_data/label/vidgen_filter_gemini_part_0_dpo_0/ESQK1Wmz1Rs-Scene-0009/entity_60.mp4,T2V_data/label/vidgen_filter_gemini_part_0_dpo_0/ESQK1Wmz1Rs-Scene-0009/aug_entity_60.png
T2V_data/VIDGEN-1M_unzip/ETTX0Brx6eg-Scene-0028.mp4,"The video shows a rugby game in progress. A player in an orange jersey is running with the ball, and he is pursued by a player in a white jersey. The player in the orange jersey is then tackled by a group of players in maroon jerseys. The tackle is successful, and the player in the orange jersey is brought down to the ground. The players in maroon jerseys then pile on top of the player in the orange jersey, preventing him from getting up. The video is shot from the side of the field, and the players are on a grassy field.",T2V_data/label/vidgen_filter_gemini_part_0_dpo_0/ETTX0Brx6eg-Scene-0028/depth.mp4,T2V_data/label/vidgen_filter_gemini_part_0_dpo_0/ETTX0Brx6eg-Scene-0028/aug_entity_20.png
T2V_data/VIDGEN-1M_unzip/ETTX0Brx6eg-Scene-0028.mp4,"The video shows a rugby game in progress. A player in an orange jersey is running with the ball, and he is pursued by a player in a white jersey. The player in the orange jersey is then tackled by a group of players in maroon jerseys. The tackle is successful, and the player in the orange jersey is brought down to the ground. The players in maroon jerseys then pile on top of the player in the orange jersey, preventing him from getting up. The video is shot from the side of the field, and the players are on a grassy field.",T2V_data/label/vidgen_filter_gemini_part_0_dpo_0/ETTX0Brx6eg-Scene-0028/entity_20.mp4,T2V_data/label/vidgen_filter_gemini_part_0_dpo_0/ETTX0Brx6eg-Scene-0028/aug_entity_20.png
T2V_data/VIDGEN-1M_unzip/EU8DzqCvnsQ-Scene-0013.mp4,"The video shows a horse and rider in an indoor arena, with the rider dressed in a blue jacket and white pants. The horse is brown and is seen jumping over various obstacles, including a green and yellow barrier and a blue and white one. The arena is surrounded by spectators and has a sandy floor. The video captures the horse and rider in motion, with the rider maintaining a steady posture throughout the jumps.",T2V_data/label/vidgen_filter_gemini_part_0_dpo_0/EU8DzqCvnsQ-Scene-0013/depth.mp4,T2V_data/label/vidgen_filter_gemini_part_0_dpo_0/EU8DzqCvnsQ-Scene-0013/aug_entity_40.png
T2V_data/VIDGEN-1M_unzip/EU8DzqCvnsQ-Scene-0013.mp4,"The video shows a horse and rider in an indoor arena, with the rider dressed in a blue jacket and white pants. The horse is brown and is seen jumping over various obstacles, including a green and yellow barrier and a blue and white one. The arena is surrounded by spectators and has a sandy floor. The video captures the horse and rider in motion, with the rider maintaining a steady posture throughout the jumps.",T2V_data/label/vidgen_filter_gemini_part_0_dpo_0/EU8DzqCvnsQ-Scene-0013/entity_40.mp4,T2V_data/label/vidgen_filter_gemini_part_0_dpo_0/EU8DzqCvnsQ-Scene-0013/aug_entity_40.png
T2V_data/VIDGEN-1M_unzip/EVCH3tSwTWk-Scene-0030.mp4,"The video shows a person's hands holding a small, white, round object with a face drawn on it. The person is using a needle to poke the object, and the object appears to be made of a soft, fluffy material. The person's hands are visible, and they are manipulating the object with care. The background is blurred, but it seems to be a neutral color. The person's movements are precise and deliberate, suggesting that they are creating or altering the object.",T2V_data/label/vidgen_filter_gemini_part_0_dpo_0/EVCH3tSwTWk-Scene-0030/depth.mp4,T2V_data/label/vidgen_filter_gemini_part_0_dpo_0/EVCH3tSwTWk-Scene-0030/aug_entity_20.png
T2V_data/VIDGEN-1M_unzip/EVCH3tSwTWk-Scene-0030.mp4,"The video shows a person's hands holding a small, white, round object with a face drawn on it. The person is using a needle to poke the object, and the object appears to be made of a soft, fluffy material. The person's hands are visible, and they are manipulating the object with care. The background is blurred, but it seems to be a neutral color. The person's movements are precise and deliberate, suggesting that they are creating or altering the object.",T2V_data/label/vidgen_filter_gemini_part_0_dpo_0/EVCH3tSwTWk-Scene-0030/entity_20.mp4,T2V_data/label/vidgen_filter_gemini_part_0_dpo_0/EVCH3tSwTWk-Scene-0030/aug_entity_20.png
T2V_data/VIDGEN-1M_unzip/EgtNxFNA0Vg-Scene-0155.mp4,"In the video, a woman is seen kneeling on the floor. She is wearing a green shirt and blue jeans. The woman is holding a piece of wood in her hand and is using a tool to smooth it out. She appears to be working on a project that involves woodworking. The room is dimly lit, and there are no other people visible in the video. The woman seems focused on her task, and her movements are deliberate and precise. The video does not provide any additional context or information about the woman or the project she is working on.",T2V_data/label/vidgen_filter_gemini_part_0_dpo_0/EgtNxFNA0Vg-Scene-0155/depth.mp4,T2V_data/label/vidgen_filter_gemini_part_0_dpo_0/EgtNxFNA0Vg-Scene-0155/aug_entity_20.png
T2V_data/VIDGEN-1M_unzip/EgtNxFNA0Vg-Scene-0155.mp4,"In the video, a woman is seen kneeling on the floor. She is wearing a green shirt and blue jeans. The woman is holding a piece of wood in her hand and is using a tool to smooth it out. She appears to be working on a project that involves woodworking. The room is dimly lit, and there are no other people visible in the video. The woman seems focused on her task, and her movements are deliberate and precise. The video does not provide any additional context or information about the woman or the project she is working on.",T2V_data/label/vidgen_filter_gemini_part_0_dpo_0/EgtNxFNA0Vg-Scene-0155/entity_20.mp4,T2V_data/label/vidgen_filter_gemini_part_0_dpo_0/EgtNxFNA0Vg-Scene-0155/aug_entity_20.png
T2V_data/VIDGEN-1M_unzip/EigmtJCs8z0-Scene-0134.mp4,"In the video, a person is seen holding a large cage with a turkey inside. The cage is made of metal bars and has a green rope tied to it. The person is holding the cage with one hand while the turkey moves around inside. The background shows a grassy area with other cages and animals.",T2V_data/label/vidgen_filter_gemini_part_0_dpo_0/EigmtJCs8z0-Scene-0134/depth.mp4,T2V_data/label/vidgen_filter_gemini_part_0_dpo_0/EigmtJCs8z0-Scene-0134/aug_entity_40.png
T2V_data/VIDGEN-1M_unzip/EigmtJCs8z0-Scene-0134.mp4,"In the video, a person is seen holding a large cage with a turkey inside. The cage is made of metal bars and has a green rope tied to it. The person is holding the cage with one hand while the turkey moves around inside. The background shows a grassy area with other cages and animals.",T2V_data/label/vidgen_filter_gemini_part_0_dpo_0/EigmtJCs8z0-Scene-0134/entity_40.mp4,T2V_data/label/vidgen_filter_gemini_part_0_dpo_0/EigmtJCs8z0-Scene-0134/aug_entity_40.png
T2V_data/VIDGEN-1M_unzip/ErjdXaymOqA-Scene-0001.mp4,The video shows a man climbing a rock wall. He is wearing an orange shirt and black pants. The rock wall has various colored holds and the man is using them to climb up. He is smiling and appears to be enjoying himself.,T2V_data/label/vidgen_filter_gemini_part_0_dpo_0/ErjdXaymOqA-Scene-0001/depth.mp4,T2V_data/label/vidgen_filter_gemini_part_0_dpo_0/ErjdXaymOqA-Scene-0001/aug_entity_20.png
T2V_data/VIDGEN-1M_unzip/ErjdXaymOqA-Scene-0001.mp4,The video shows a man climbing a rock wall. He is wearing an orange shirt and black pants. The rock wall has various colored holds and the man is using them to climb up. He is smiling and appears to be enjoying himself.,T2V_data/label/vidgen_filter_gemini_part_0_dpo_0/ErjdXaymOqA-Scene-0001/entity_20.mp4,T2V_data/label/vidgen_filter_gemini_part_0_dpo_0/ErjdXaymOqA-Scene-0001/aug_entity_20.png
T2V_data/VIDGEN-1M_unzip/FPKMu8wW8E0-Scene-0027.mp4,"In the video, a man is seen wearing a green shirt and blue gloves. He is holding a pair of scissors and is cutting the branches of a plant that is placed in a black pot. The plant has green leaves and some of them are yellow. The man is carefully trimming the branches, and the background is blurred.",T2V_data/label/vidgen_filter_gemini_part_0_dpo_0/FPKMu8wW8E0-Scene-0027/depth.mp4,T2V_data/label/vidgen_filter_gemini_part_0_dpo_0/FPKMu8wW8E0-Scene-0027/aug_entity_40.png
T2V_data/VIDGEN-1M_unzip/FPKMu8wW8E0-Scene-0027.mp4,"In the video, a man is seen wearing a green shirt and blue gloves. He is holding a pair of scissors and is cutting the branches of a plant that is placed in a black pot. The plant has green leaves and some of them are yellow. The man is carefully trimming the branches, and the background is blurred.",T2V_data/label/vidgen_filter_gemini_part_0_dpo_0/FPKMu8wW8E0-Scene-0027/entity_40.mp4,T2V_data/label/vidgen_filter_gemini_part_0_dpo_0/FPKMu8wW8E0-Scene-0027/aug_entity_40.png
T2V_data/VIDGEN-1M_unzip/FWZIDb25pSc-Scene-0011.mp4,"The video shows a large pile of snow being blown by a snow blower. The snow is being blown towards the right side of the frame. In the foreground, there is a bench covered in snow. The background is dark, and the only light source is a street lamp. The snow blower is not visible in the frame.",T2V_data/label/vidgen_filter_gemini_part_0_dpo_0/FWZIDb25pSc-Scene-0011/depth.mp4,T2V_data/label/vidgen_filter_gemini_part_0_dpo_0/FWZIDb25pSc-Scene-0011/aug_entity_20.png
T2V_data/VIDGEN-1M_unzip/FWZIDb25pSc-Scene-0011.mp4,"The video shows a large pile of snow being blown by a snow blower. The snow is being blown towards the right side of the frame. In the foreground, there is a bench covered in snow. The background is dark, and the only light source is a street lamp. The snow blower is not visible in the frame.",T2V_data/label/vidgen_filter_gemini_part_0_dpo_0/FWZIDb25pSc-Scene-0011/entity_20.mp4,T2V_data/label/vidgen_filter_gemini_part_0_dpo_0/FWZIDb25pSc-Scene-0011/aug_entity_20.png
T2V_data/VIDGEN-1M_unzip/FXumhv7g6mo-Scene-0117.mp4,"In the video, a person wearing a white glove is seen cutting a piece of dough into strips. The dough is placed on a dark brown table, and the person uses a silver knife to cut it into evenly spaced strips. The dough is a light yellow color, and the strips are about an inch wide. The person's hand is steady as they cut through the dough, and they continue to cut until the entire piece of dough is divided into strips.",T2V_data/label/vidgen_filter_gemini_part_0_dpo_0/FXumhv7g6mo-Scene-0117/depth.mp4,T2V_data/label/vidgen_filter_gemini_part_0_dpo_0/FXumhv7g6mo-Scene-0117/aug_entity_60.png
T2V_data/VIDGEN-1M_unzip/FXumhv7g6mo-Scene-0117.mp4,"In the video, a person wearing a white glove is seen cutting a piece of dough into strips. The dough is placed on a dark brown table, and the person uses a silver knife to cut it into evenly spaced strips. The dough is a light yellow color, and the strips are about an inch wide. The person's hand is steady as they cut through the dough, and they continue to cut until the entire piece of dough is divided into strips.",T2V_data/label/vidgen_filter_gemini_part_0_dpo_0/FXumhv7g6mo-Scene-0117/entity_60.mp4,T2V_data/label/vidgen_filter_gemini_part_0_dpo_0/FXumhv7g6mo-Scene-0117/aug_entity_60.png
T2V_data/VIDGEN-1M_unzip/FcW9TyqnmCY-Scene-0038.mp4,"The video shows a man wearing gloves cleaning a metal engine block with a red cloth. He is using a wooden block to hold the engine in place. The man is wiping the block in a circular motion, ensuring that all areas are cleaned. The engine block has several holes and bolts, and the man is paying close attention to each one. The background is a concrete floor, and there is no other visible equipment or people in the video.",T2V_data/label/vidgen_filter_gemini_part_0_dpo_0/FcW9TyqnmCY-Scene-0038/depth.mp4,T2V_data/label/vidgen_filter_gemini_part_0_dpo_0/FcW9TyqnmCY-Scene-0038/aug_entity_60.png
T2V_data/VIDGEN-1M_unzip/FcW9TyqnmCY-Scene-0038.mp4,"The video shows a man wearing gloves cleaning a metal engine block with a red cloth. He is using a wooden block to hold the engine in place. The man is wiping the block in a circular motion, ensuring that all areas are cleaned. The engine block has several holes and bolts, and the man is paying close attention to each one. The background is a concrete floor, and there is no other visible equipment or people in the video.",T2V_data/label/vidgen_filter_gemini_part_0_dpo_0/FcW9TyqnmCY-Scene-0038/entity_60.mp4,T2V_data/label/vidgen_filter_gemini_part_0_dpo_0/FcW9TyqnmCY-Scene-0038/aug_entity_60.png
T2V_data/VIDGEN-1M_unzip/FzJdYVyJv8o-Scene-0147.mp4,"The video shows a person's hands as they smooth out the sides of a white cake that is sitting on a white plate. The cake is round and appears to be freshly baked. The person uses a spatula to evenly distribute the frosting on the sides of the cake, ensuring that it is smooth and free of any bumps or imperfections. The background is blurred, but it appears to be a kitchen setting.",T2V_data/label/vidgen_filter_gemini_part_0_dpo_0/FzJdYVyJv8o-Scene-0147/depth.mp4,T2V_data/label/vidgen_filter_gemini_part_0_dpo_0/FzJdYVyJv8o-Scene-0147/aug_entity_20.png
T2V_data/VIDGEN-1M_unzip/FzJdYVyJv8o-Scene-0147.mp4,"The video shows a person's hands as they smooth out the sides of a white cake that is sitting on a white plate. The cake is round and appears to be freshly baked. The person uses a spatula to evenly distribute the frosting on the sides of the cake, ensuring that it is smooth and free of any bumps or imperfections. The background is blurred, but it appears to be a kitchen setting.",T2V_data/label/vidgen_filter_gemini_part_0_dpo_0/FzJdYVyJv8o-Scene-0147/entity_20.mp4,T2V_data/label/vidgen_filter_gemini_part_0_dpo_0/FzJdYVyJv8o-Scene-0147/aug_entity_20.png
T2V_data/VIDGEN-1M_unzip/GGxK_-8Ysns-Scene-0038.mp4,"The video shows a person wearing a welding helmet and gloves, welding a metal pipe. The person is using a welding tool to join two pieces of metal together. The welding tool emits sparks as it makes contact with the metal, indicating the welding process. The person is focused on the task, carefully aligning the tool to ensure a strong and precise weld. The background is a neutral color, allowing the viewer to focus on the welding process. The person's movements are steady and controlled, demonstrating expertise and precision in the welding task.",T2V_data/label/vidgen_filter_gemini_part_0_dpo_0/GGxK_-8Ysns-Scene-0038/depth.mp4,T2V_data/label/vidgen_filter_gemini_part_0_dpo_0/GGxK_-8Ysns-Scene-0038/aug_entity_20.png
T2V_data/VIDGEN-1M_unzip/GGxK_-8Ysns-Scene-0038.mp4,"The video shows a person wearing a welding helmet and gloves, welding a metal pipe. The person is using a welding tool to join two pieces of metal together. The welding tool emits sparks as it makes contact with the metal, indicating the welding process. The person is focused on the task, carefully aligning the tool to ensure a strong and precise weld. The background is a neutral color, allowing the viewer to focus on the welding process. The person's movements are steady and controlled, demonstrating expertise and precision in the welding task.",T2V_data/label/vidgen_filter_gemini_part_0_dpo_0/GGxK_-8Ysns-Scene-0038/entity_20.mp4,T2V_data/label/vidgen_filter_gemini_part_0_dpo_0/GGxK_-8Ysns-Scene-0038/aug_entity_20.png
T2V_data/VIDGEN-1M_unzip/GGxK_-8Ysns-Scene-0038.mp4,"The video shows a person wearing a welding helmet and gloves, welding a metal pipe. The person is using a welding tool to join two pieces of metal together. The welding tool emits sparks as it makes contact with the metal, indicating the welding process. The person is focused on the task, carefully aligning the tool to ensure a strong and precise weld. The background is a neutral color, allowing the viewer to focus on the welding process. The person's movements are steady and controlled, demonstrating expertise and precision in the welding task.",T2V_data/label/vidgen_filter_gemini_part_0_dpo_0/GGxK_-8Ysns-Scene-0038/depth.mp4,T2V_data/label/vidgen_filter_gemini_part_0_dpo_0/GGxK_-8Ysns-Scene-0038/aug_entity_40.png
T2V_data/VIDGEN-1M_unzip/GGxK_-8Ysns-Scene-0038.mp4,"The video shows a person wearing a welding helmet and gloves, welding a metal pipe. The person is using a welding tool to join two pieces of metal together. The welding tool emits sparks as it makes contact with the metal, indicating the welding process. The person is focused on the task, carefully aligning the tool to ensure a strong and precise weld. The background is a neutral color, allowing the viewer to focus on the welding process. The person's movements are steady and controlled, demonstrating expertise and precision in the welding task.",T2V_data/label/vidgen_filter_gemini_part_0_dpo_0/GGxK_-8Ysns-Scene-0038/entity_40.mp4,T2V_data/label/vidgen_filter_gemini_part_0_dpo_0/GGxK_-8Ysns-Scene-0038/aug_entity_40.png
T2V_data/VIDGEN-1M_unzip/Gwzfeq028EM-Scene-0057.mp4,"The video shows a first-person view of a person holding a gun in a forest. The person is aiming the gun at a target in the distance, and then fires several shots. The target is hit and falls to the ground. The person then continues to shoot at the target several more times.",T2V_data/label/vidgen_filter_gemini_part_0_dpo_0/Gwzfeq028EM-Scene-0057/depth.mp4,T2V_data/label/vidgen_filter_gemini_part_0_dpo_0/Gwzfeq028EM-Scene-0057/aug_entity_20.png
T2V_data/VIDGEN-1M_unzip/Gwzfeq028EM-Scene-0057.mp4,"The video shows a first-person view of a person holding a gun in a forest. The person is aiming the gun at a target in the distance, and then fires several shots. The target is hit and falls to the ground. The person then continues to shoot at the target several more times.",T2V_data/label/vidgen_filter_gemini_part_0_dpo_0/Gwzfeq028EM-Scene-0057/entity_20.mp4,T2V_data/label/vidgen_filter_gemini_part_0_dpo_0/Gwzfeq028EM-Scene-0057/aug_entity_20.png
T2V_data/VIDGEN-1M_unzip/HOgFuV7u77A-Scene-0116.mp4,"The video shows a close-up of a fire burning on a metal surface. The flames are bright orange and yellow, and they are consuming the metal, causing it to glow red hot. The fire is intense and appears to be uncontrolled. The background is dark and indistinct, but it seems to be an outdoor setting. The flames are the main focus of the video, and they are constantly moving and changing shape. There is no visible source of the fire, and no people or other objects are in the frame. The video does not contain any audio.",T2V_data/label/vidgen_filter_gemini_part_0_dpo_0/HOgFuV7u77A-Scene-0116/depth.mp4,T2V_data/label/vidgen_filter_gemini_part_0_dpo_0/HOgFuV7u77A-Scene-0116/aug_entity_20.png
T2V_data/VIDGEN-1M_unzip/HOgFuV7u77A-Scene-0116.mp4,"The video shows a close-up of a fire burning on a metal surface. The flames are bright orange and yellow, and they are consuming the metal, causing it to glow red hot. The fire is intense and appears to be uncontrolled. The background is dark and indistinct, but it seems to be an outdoor setting. The flames are the main focus of the video, and they are constantly moving and changing shape. There is no visible source of the fire, and no people or other objects are in the frame. The video does not contain any audio.",T2V_data/label/vidgen_filter_gemini_part_0_dpo_0/HOgFuV7u77A-Scene-0116/entity_20.mp4,T2V_data/label/vidgen_filter_gemini_part_0_dpo_0/HOgFuV7u77A-Scene-0116/aug_entity_20.png
T2V_data/VIDGEN-1M_unzip/HOgFuV7u77A-Scene-0116.mp4,"The video shows a close-up of a fire burning on a metal surface. The flames are bright orange and yellow, and they are consuming the metal, causing it to glow red hot. The fire is intense and appears to be uncontrolled. The background is dark and indistinct, but it seems to be an outdoor setting. The flames are the main focus of the video, and they are constantly moving and changing shape. There is no visible source of the fire, and no people or other objects are in the frame. The video does not contain any audio.",T2V_data/label/vidgen_filter_gemini_part_0_dpo_0/HOgFuV7u77A-Scene-0116/depth.mp4,T2V_data/label/vidgen_filter_gemini_part_0_dpo_0/HOgFuV7u77A-Scene-0116/aug_entity_60.png
T2V_data/VIDGEN-1M_unzip/HOgFuV7u77A-Scene-0116.mp4,"The video shows a close-up of a fire burning on a metal surface. The flames are bright orange and yellow, and they are consuming the metal, causing it to glow red hot. The fire is intense and appears to be uncontrolled. The background is dark and indistinct, but it seems to be an outdoor setting. The flames are the main focus of the video, and they are constantly moving and changing shape. There is no visible source of the fire, and no people or other objects are in the frame. The video does not contain any audio.",T2V_data/label/vidgen_filter_gemini_part_0_dpo_0/HOgFuV7u77A-Scene-0116/entity_60.mp4,T2V_data/label/vidgen_filter_gemini_part_0_dpo_0/HOgFuV7u77A-Scene-0116/aug_entity_60.png
T2V_data/VIDGEN-1M_unzip/HRRUHwnOLqc-Scene-0114.mp4,The video shows a fighter jet taking off from a runway. The jet is grey in color and has two engines. It is seen accelerating down the runway before lifting off into the air. The background consists of a cloudy sky and mountains in the distance.,T2V_data/label/vidgen_filter_gemini_part_0_dpo_0/HRRUHwnOLqc-Scene-0114/depth.mp4,T2V_data/label/vidgen_filter_gemini_part_0_dpo_0/HRRUHwnOLqc-Scene-0114/aug_entity_20.png
T2V_data/VIDGEN-1M_unzip/HRRUHwnOLqc-Scene-0114.mp4,The video shows a fighter jet taking off from a runway. The jet is grey in color and has two engines. It is seen accelerating down the runway before lifting off into the air. The background consists of a cloudy sky and mountains in the distance.,T2V_data/label/vidgen_filter_gemini_part_0_dpo_0/HRRUHwnOLqc-Scene-0114/entity_20.mp4,T2V_data/label/vidgen_filter_gemini_part_0_dpo_0/HRRUHwnOLqc-Scene-0114/aug_entity_20.png
T2V_data/VIDGEN-1M_unzip/HSAZfmClC6w-Scene-0012.mp4,"In the video, a man is seen preparing to lift a barbell. He is wearing a black tank top and white shorts, and has white wrist wraps on his hands. The barbell is loaded with large weights on each side, and the man is standing in front of a digital scoreboard. He bends down and grips the barbell, then lifts it off the ground, showcasing his strength and technique. The man's movements are deliberate and controlled as he lifts the barbell, demonstrating his skill and experience in weightlifting. The digital scoreboard in the background indicates that this is a competitive event, with the man's performance being measured and recorded. Overall, the video captures a moment of intense physical exertion and athleticism, as the man lifts the heavy barbell with apparent ease.",T2V_data/label/vidgen_filter_gemini_part_0_dpo_0/HSAZfmClC6w-Scene-0012/depth.mp4,T2V_data/label/vidgen_filter_gemini_part_0_dpo_0/HSAZfmClC6w-Scene-0012/aug_entity_20.png
T2V_data/VIDGEN-1M_unzip/HSAZfmClC6w-Scene-0012.mp4,"In the video, a man is seen preparing to lift a barbell. He is wearing a black tank top and white shorts, and has white wrist wraps on his hands. The barbell is loaded with large weights on each side, and the man is standing in front of a digital scoreboard. He bends down and grips the barbell, then lifts it off the ground, showcasing his strength and technique. The man's movements are deliberate and controlled as he lifts the barbell, demonstrating his skill and experience in weightlifting. The digital scoreboard in the background indicates that this is a competitive event, with the man's performance being measured and recorded. Overall, the video captures a moment of intense physical exertion and athleticism, as the man lifts the heavy barbell with apparent ease.",T2V_data/label/vidgen_filter_gemini_part_0_dpo_0/HSAZfmClC6w-Scene-0012/entity_20.mp4,T2V_data/label/vidgen_filter_gemini_part_0_dpo_0/HSAZfmClC6w-Scene-0012/aug_entity_20.png
T2V_data/VIDGEN-1M_unzip/HSAZfmClC6w-Scene-0012.mp4,"In the video, a man is seen preparing to lift a barbell. He is wearing a black tank top and white shorts, and has white wrist wraps on his hands. The barbell is loaded with large weights on each side, and the man is standing in front of a digital scoreboard. He bends down and grips the barbell, then lifts it off the ground, showcasing his strength and technique. The man's movements are deliberate and controlled as he lifts the barbell, demonstrating his skill and experience in weightlifting. The digital scoreboard in the background indicates that this is a competitive event, with the man's performance being measured and recorded. Overall, the video captures a moment of intense physical exertion and athleticism, as the man lifts the heavy barbell with apparent ease.",T2V_data/label/vidgen_filter_gemini_part_0_dpo_0/HSAZfmClC6w-Scene-0012/depth.mp4,T2V_data/label/vidgen_filter_gemini_part_0_dpo_0/HSAZfmClC6w-Scene-0012/aug_entity_40.png
T2V_data/VIDGEN-1M_unzip/HSAZfmClC6w-Scene-0012.mp4,"In the video, a man is seen preparing to lift a barbell. He is wearing a black tank top and white shorts, and has white wrist wraps on his hands. The barbell is loaded with large weights on each side, and the man is standing in front of a digital scoreboard. He bends down and grips the barbell, then lifts it off the ground, showcasing his strength and technique. The man's movements are deliberate and controlled as he lifts the barbell, demonstrating his skill and experience in weightlifting. The digital scoreboard in the background indicates that this is a competitive event, with the man's performance being measured and recorded. Overall, the video captures a moment of intense physical exertion and athleticism, as the man lifts the heavy barbell with apparent ease.",T2V_data/label/vidgen_filter_gemini_part_0_dpo_0/HSAZfmClC6w-Scene-0012/entity_40.mp4,T2V_data/label/vidgen_filter_gemini_part_0_dpo_0/HSAZfmClC6w-Scene-0012/aug_entity_40.png
T2V_data/VIDGEN-1M_unzip/HTAfzgGB-Bs-Scene-0013.mp4,"In the video, a person is seen wearing a glove and holding a jar. The jar is being filled with a green liquid that is being poured from a pot into the jar. The liquid appears to be some kind of food or beverage. The person is standing in a kitchen, and there are various kitchen utensils and appliances visible in the background. The lighting in the room is bright, and the walls are painted white. The person is focused on pouring the liquid into the jar, and there is no one else visible in the video.",T2V_data/label/vidgen_filter_gemini_part_0_dpo_0/HTAfzgGB-Bs-Scene-0013/depth.mp4,T2V_data/label/vidgen_filter_gemini_part_0_dpo_0/HTAfzgGB-Bs-Scene-0013/aug_entity_40.png
T2V_data/VIDGEN-1M_unzip/HTAfzgGB-Bs-Scene-0013.mp4,"In the video, a person is seen wearing a glove and holding a jar. The jar is being filled with a green liquid that is being poured from a pot into the jar. The liquid appears to be some kind of food or beverage. The person is standing in a kitchen, and there are various kitchen utensils and appliances visible in the background. The lighting in the room is bright, and the walls are painted white. The person is focused on pouring the liquid into the jar, and there is no one else visible in the video.",T2V_data/label/vidgen_filter_gemini_part_0_dpo_0/HTAfzgGB-Bs-Scene-0013/entity_40.mp4,T2V_data/label/vidgen_filter_gemini_part_0_dpo_0/HTAfzgGB-Bs-Scene-0013/aug_entity_40.png
T2V_data/VIDGEN-1M_unzip/HUj6SaJKz00-Scene-0073.mp4,"The video shows a black truck driving through a muddy path. The truck is covered in mud and has a large bull bar on the front. The truck is driving slowly and carefully through the mud, which is splashing up around the wheels. The truck appears to be a 4x4 off-road vehicle, and the surroundings suggest that it is in a rural or wilderness area.",T2V_data/label/vidgen_filter_gemini_part_0_dpo_0/HUj6SaJKz00-Scene-0073/depth.mp4,T2V_data/label/vidgen_filter_gemini_part_0_dpo_0/HUj6SaJKz00-Scene-0073/aug_entity_60.png
T2V_data/VIDGEN-1M_unzip/HUj6SaJKz00-Scene-0073.mp4,"The video shows a black truck driving through a muddy path. The truck is covered in mud and has a large bull bar on the front. The truck is driving slowly and carefully through the mud, which is splashing up around the wheels. The truck appears to be a 4x4 off-road vehicle, and the surroundings suggest that it is in a rural or wilderness area.",T2V_data/label/vidgen_filter_gemini_part_0_dpo_0/HUj6SaJKz00-Scene-0073/entity_60.mp4,T2V_data/label/vidgen_filter_gemini_part_0_dpo_0/HUj6SaJKz00-Scene-0073/aug_entity_60.png
T2V_data/VIDGEN-1M_unzip/HYZlS7X9yJ0-Scene-0076.mp4,"The video shows a red toy car with large black tires and silver rims driving over a wooden log. The car is driving on a wooden surface surrounded by grass and trees. The car is moving slowly and carefully over the log, and the camera is focused on the front of the car.",T2V_data/label/vidgen_filter_gemini_part_0_dpo_0/HYZlS7X9yJ0-Scene-0076/depth.mp4,T2V_data/label/vidgen_filter_gemini_part_0_dpo_0/HYZlS7X9yJ0-Scene-0076/aug_entity_20.png
T2V_data/VIDGEN-1M_unzip/HYZlS7X9yJ0-Scene-0076.mp4,"The video shows a red toy car with large black tires and silver rims driving over a wooden log. The car is driving on a wooden surface surrounded by grass and trees. The car is moving slowly and carefully over the log, and the camera is focused on the front of the car.",T2V_data/label/vidgen_filter_gemini_part_0_dpo_0/HYZlS7X9yJ0-Scene-0076/entity_20.mp4,T2V_data/label/vidgen_filter_gemini_part_0_dpo_0/HYZlS7X9yJ0-Scene-0076/aug_entity_20.png
T2V_data/VIDGEN-1M_unzip/Hcq-PwYj3TE-Scene-0034.mp4,"The video shows a close-up of a person's hands as they work on a bicycle wheel. The person is using a tool to adjust the spokes on the wheel. The spokes are silver and thin, and the tool is black with a yellow label. The person's hands are steady as they make precise adjustments to the spokes. The background is blurred, but it appears to be a workshop or garage setting.",T2V_data/label/vidgen_filter_gemini_part_0_dpo_0/Hcq-PwYj3TE-Scene-0034/depth.mp4,T2V_data/label/vidgen_filter_gemini_part_0_dpo_0/Hcq-PwYj3TE-Scene-0034/aug_entity_40.png
T2V_data/VIDGEN-1M_unzip/Hcq-PwYj3TE-Scene-0034.mp4,"The video shows a close-up of a person's hands as they work on a bicycle wheel. The person is using a tool to adjust the spokes on the wheel. The spokes are silver and thin, and the tool is black with a yellow label. The person's hands are steady as they make precise adjustments to the spokes. The background is blurred, but it appears to be a workshop or garage setting.",T2V_data/label/vidgen_filter_gemini_part_0_dpo_0/Hcq-PwYj3TE-Scene-0034/entity_40.mp4,T2V_data/label/vidgen_filter_gemini_part_0_dpo_0/Hcq-PwYj3TE-Scene-0034/aug_entity_40.png
T2V_data/VIDGEN-1M_unzip/HhHyi7hMIRk-Scene-0015.mp4,"In the video, a young man is seen skateboarding inside a warehouse. He starts by riding his skateboard towards a ramp and then jumps onto it. He then performs a trick where he flips the skateboard under his feet while in the air and lands back on the board. The warehouse has various skateboards hanging on the wall in the background. The young man is wearing a black t-shirt and black pants, and the skateboard has a black deck with white wheels. The video is shot in slow motion, allowing viewers to see the details of the trick.",T2V_data/label/vidgen_filter_gemini_part_0_dpo_0/HhHyi7hMIRk-Scene-0015/depth.mp4,T2V_data/label/vidgen_filter_gemini_part_0_dpo_0/HhHyi7hMIRk-Scene-0015/aug_entity_20.png
T2V_data/VIDGEN-1M_unzip/HhHyi7hMIRk-Scene-0015.mp4,"In the video, a young man is seen skateboarding inside a warehouse. He starts by riding his skateboard towards a ramp and then jumps onto it. He then performs a trick where he flips the skateboard under his feet while in the air and lands back on the board. The warehouse has various skateboards hanging on the wall in the background. The young man is wearing a black t-shirt and black pants, and the skateboard has a black deck with white wheels. The video is shot in slow motion, allowing viewers to see the details of the trick.",T2V_data/label/vidgen_filter_gemini_part_0_dpo_0/HhHyi7hMIRk-Scene-0015/entity_20.mp4,T2V_data/label/vidgen_filter_gemini_part_0_dpo_0/HhHyi7hMIRk-Scene-0015/aug_entity_20.png
T2V_data/VIDGEN-1M_unzip/Hm4znQgvMpA-Scene-0032.mp4,"In the video, a shirtless man is seen using a stick to hit a piece of wood. He is wearing red shorts and appears to be in a forest. The man is hitting the wood with force, causing it to break apart. The background is filled with trees and foliage, indicating that the man is in a natural, outdoor setting. The video captures the man's actions in detail, showing the wood breaking apart into smaller pieces as he continues to hit it with the stick.",T2V_data/label/vidgen_filter_gemini_part_0_dpo_0/Hm4znQgvMpA-Scene-0032/depth.mp4,T2V_data/label/vidgen_filter_gemini_part_0_dpo_0/Hm4znQgvMpA-Scene-0032/aug_entity_20.png
T2V_data/VIDGEN-1M_unzip/Hm4znQgvMpA-Scene-0032.mp4,"In the video, a shirtless man is seen using a stick to hit a piece of wood. He is wearing red shorts and appears to be in a forest. The man is hitting the wood with force, causing it to break apart. The background is filled with trees and foliage, indicating that the man is in a natural, outdoor setting. The video captures the man's actions in detail, showing the wood breaking apart into smaller pieces as he continues to hit it with the stick.",T2V_data/label/vidgen_filter_gemini_part_0_dpo_0/Hm4znQgvMpA-Scene-0032/entity_20.mp4,T2V_data/label/vidgen_filter_gemini_part_0_dpo_0/Hm4znQgvMpA-Scene-0032/aug_entity_20.png
T2V_data/VIDGEN-1M_unzip/Hnmx9oJNLwc-Scene-0131.mp4,"In the video, a dog is seen drinking water from a metal bowl. The dog is black and brown and is standing on a brick patio. The water in the bowl is clear and there are no other objects or people visible in the video. The dog is the main focus of the video and is seen drinking water from the bowl.",T2V_data/label/vidgen_filter_gemini_part_0_dpo_0/Hnmx9oJNLwc-Scene-0131/depth.mp4,T2V_data/label/vidgen_filter_gemini_part_0_dpo_0/Hnmx9oJNLwc-Scene-0131/aug_entity_60.png
T2V_data/VIDGEN-1M_unzip/Hnmx9oJNLwc-Scene-0131.mp4,"In the video, a dog is seen drinking water from a metal bowl. The dog is black and brown and is standing on a brick patio. The water in the bowl is clear and there are no other objects or people visible in the video. The dog is the main focus of the video and is seen drinking water from the bowl.",T2V_data/label/vidgen_filter_gemini_part_0_dpo_0/Hnmx9oJNLwc-Scene-0131/entity_60.mp4,T2V_data/label/vidgen_filter_gemini_part_0_dpo_0/Hnmx9oJNLwc-Scene-0131/aug_entity_60.png
T2V_data/VIDGEN-1M_unzip/I07p0KZS6XQ-Scene-0035.mp4,The video shows a car driving down a highway with other cars around it. The car suddenly swerves to the left and crashes into a wall. The video is taken from the perspective of a dashcam in another car.,T2V_data/label/vidgen_filter_gemini_part_0_dpo_0/I07p0KZS6XQ-Scene-0035/depth.mp4,T2V_data/label/vidgen_filter_gemini_part_0_dpo_0/I07p0KZS6XQ-Scene-0035/aug_entity_40.png
T2V_data/VIDGEN-1M_unzip/I07p0KZS6XQ-Scene-0035.mp4,The video shows a car driving down a highway with other cars around it. The car suddenly swerves to the left and crashes into a wall. The video is taken from the perspective of a dashcam in another car.,T2V_data/label/vidgen_filter_gemini_part_0_dpo_0/I07p0KZS6XQ-Scene-0035/entity_40.mp4,T2V_data/label/vidgen_filter_gemini_part_0_dpo_0/I07p0KZS6XQ-Scene-0035/aug_entity_40.png
T2V_data/VIDGEN-1M_unzip/IT_bWdHpnEY-Scene-0076.mp4,"The video features a clear glass of water being poured into a wine glass. The wine glass is placed on a white surface, and the water is poured from a clear glass pitcher. The water is poured in a steady stream, filling the wine glass to the brim. The video captures the moment the water reaches the top of the glass, and the sound of the water can be heard as it hits the glass. The wine glass is transparent, and the water is clear, allowing the viewer to see the water level rising in the glass. The video is shot in a well-lit room, and the focus is on the glass and the water being poured.",T2V_data/label/vidgen_filter_gemini_part_0_dpo_0/IT_bWdHpnEY-Scene-0076/depth.mp4,T2V_data/label/vidgen_filter_gemini_part_0_dpo_0/IT_bWdHpnEY-Scene-0076/aug_entity_20.png
T2V_data/VIDGEN-1M_unzip/IT_bWdHpnEY-Scene-0076.mp4,"The video features a clear glass of water being poured into a wine glass. The wine glass is placed on a white surface, and the water is poured from a clear glass pitcher. The water is poured in a steady stream, filling the wine glass to the brim. The video captures the moment the water reaches the top of the glass, and the sound of the water can be heard as it hits the glass. The wine glass is transparent, and the water is clear, allowing the viewer to see the water level rising in the glass. The video is shot in a well-lit room, and the focus is on the glass and the water being poured.",T2V_data/label/vidgen_filter_gemini_part_0_dpo_0/IT_bWdHpnEY-Scene-0076/entity_20.mp4,T2V_data/label/vidgen_filter_gemini_part_0_dpo_0/IT_bWdHpnEY-Scene-0076/aug_entity_20.png
T2V_data/VIDGEN-1M_unzip/IajIcI_2BSc-Scene-0079.mp4,"The video shows a group of dolphins swimming in the ocean. The dolphins are grey in color and are seen leaping out of the water, creating splashes. The water is a deep blue color, and the sky is clear. There are no visible landmarks or other objects in the video. The dolphins appear to be in motion, with some of them partially submerged in the water.",T2V_data/label/vidgen_filter_gemini_part_0_dpo_0/IajIcI_2BSc-Scene-0079/depth.mp4,T2V_data/label/vidgen_filter_gemini_part_0_dpo_0/IajIcI_2BSc-Scene-0079/aug_entity_20.png
T2V_data/VIDGEN-1M_unzip/IajIcI_2BSc-Scene-0079.mp4,"The video shows a group of dolphins swimming in the ocean. The dolphins are grey in color and are seen leaping out of the water, creating splashes. The water is a deep blue color, and the sky is clear. There are no visible landmarks or other objects in the video. The dolphins appear to be in motion, with some of them partially submerged in the water.",T2V_data/label/vidgen_filter_gemini_part_0_dpo_0/IajIcI_2BSc-Scene-0079/entity_20.mp4,T2V_data/label/vidgen_filter_gemini_part_0_dpo_0/IajIcI_2BSc-Scene-0079/aug_entity_20.png
T2V_data/VIDGEN-1M_unzip/IwkHiQzapkQ-Scene-0044.mp4,"The video shows a baseball game in progress. The pitcher throws the ball, and the batter hits it. The ball is then caught by the first baseman, who throws it to the second baseman. The second baseman throws the ball to the shortstop, who throws it to the third baseman. The third baseman throws the ball to the first baseman, who catches it. The pitcher is wearing a black jersey with the number 12 on it. The first baseman is wearing a white jersey with the number 1 on it. The second baseman is wearing a black jersey with the number 2 on it. The shortstop is wearing a black jersey with the number 3 on it. The third baseman is wearing a black jersey with the number 4 on it. The catcher is wearing a black jersey with the number 5 on it. The umpire is wearing a black shirt and gray pants. The crowd is cheering in the background.",T2V_data/label/vidgen_filter_gemini_part_0_dpo_0/IwkHiQzapkQ-Scene-0044/depth.mp4,T2V_data/label/vidgen_filter_gemini_part_0_dpo_0/IwkHiQzapkQ-Scene-0044/aug_entity_20.png
T2V_data/VIDGEN-1M_unzip/IwkHiQzapkQ-Scene-0044.mp4,"The video shows a baseball game in progress. The pitcher throws the ball, and the batter hits it. The ball is then caught by the first baseman, who throws it to the second baseman. The second baseman throws the ball to the shortstop, who throws it to the third baseman. The third baseman throws the ball to the first baseman, who catches it. The pitcher is wearing a black jersey with the number 12 on it. The first baseman is wearing a white jersey with the number 1 on it. The second baseman is wearing a black jersey with the number 2 on it. The shortstop is wearing a black jersey with the number 3 on it. The third baseman is wearing a black jersey with the number 4 on it. The catcher is wearing a black jersey with the number 5 on it. The umpire is wearing a black shirt and gray pants. The crowd is cheering in the background.",T2V_data/label/vidgen_filter_gemini_part_0_dpo_0/IwkHiQzapkQ-Scene-0044/entity_20.mp4,T2V_data/label/vidgen_filter_gemini_part_0_dpo_0/IwkHiQzapkQ-Scene-0044/aug_entity_20.png
T2V_data/VIDGEN-1M_unzip/Ji20LcgemZ8-Scene-0013.mp4,"In the video, a man is seen holding a skateboard and talking to the camera. He then proceeds to perform a trick on the railing of a set of stairs. The man is wearing a black shirt and black pants, and the skateboard has a black top with white wheels. The stairs are made of wood and the railing is black. In the background, there are other people who are also skateboarding. The man successfully lands the trick and continues to skate away from the stairs.",T2V_data/label/vidgen_filter_gemini_part_0_dpo_0/Ji20LcgemZ8-Scene-0013/depth.mp4,T2V_data/label/vidgen_filter_gemini_part_0_dpo_0/Ji20LcgemZ8-Scene-0013/aug_entity_20.png
T2V_data/VIDGEN-1M_unzip/Ji20LcgemZ8-Scene-0013.mp4,"In the video, a man is seen holding a skateboard and talking to the camera. He then proceeds to perform a trick on the railing of a set of stairs. The man is wearing a black shirt and black pants, and the skateboard has a black top with white wheels. The stairs are made of wood and the railing is black. In the background, there are other people who are also skateboarding. The man successfully lands the trick and continues to skate away from the stairs.",T2V_data/label/vidgen_filter_gemini_part_0_dpo_0/Ji20LcgemZ8-Scene-0013/entity_20.mp4,T2V_data/label/vidgen_filter_gemini_part_0_dpo_0/Ji20LcgemZ8-Scene-0013/aug_entity_20.png
T2V_data/VIDGEN-1M_unzip/JwI6NZ1sB1Q-Scene-0126.mp4,"In the video, a person is seen pouring a large number of small fish into a blue bucket. The fish are dark in color and appear to be wet. The bucket is already filled with similar fish, and the person continues to pour more into it. The person's hand is visible, and they are wearing a red glove. The background is not clearly visible, but it appears to be an outdoor setting.",T2V_data/label/vidgen_filter_gemini_part_0_dpo_0/JwI6NZ1sB1Q-Scene-0126/depth.mp4,T2V_data/label/vidgen_filter_gemini_part_0_dpo_0/JwI6NZ1sB1Q-Scene-0126/aug_entity_20.png
T2V_data/VIDGEN-1M_unzip/JwI6NZ1sB1Q-Scene-0126.mp4,"In the video, a person is seen pouring a large number of small fish into a blue bucket. The fish are dark in color and appear to be wet. The bucket is already filled with similar fish, and the person continues to pour more into it. The person's hand is visible, and they are wearing a red glove. The background is not clearly visible, but it appears to be an outdoor setting.",T2V_data/label/vidgen_filter_gemini_part_0_dpo_0/JwI6NZ1sB1Q-Scene-0126/entity_20.mp4,T2V_data/label/vidgen_filter_gemini_part_0_dpo_0/JwI6NZ1sB1Q-Scene-0126/aug_entity_20.png
T2V_data/VIDGEN-1M_unzip/KLtVc42ZZsc-Scene-0059.mp4,"In the video, a man is seen walking towards a stone wall. The man is wearing an orange shirt and black pants. The stone wall has a small opening in the middle, and there is a plant pot on the ground next to it. The man reaches the wall and throws a rock into the opening. The rock bounces off the wall and lands on the ground. The man then turns around and walks back towards the camera. The background consists of trees and bushes.",T2V_data/label/vidgen_filter_gemini_part_0_dpo_0/KLtVc42ZZsc-Scene-0059/depth.mp4,T2V_data/label/vidgen_filter_gemini_part_0_dpo_0/KLtVc42ZZsc-Scene-0059/aug_entity_20.png
T2V_data/VIDGEN-1M_unzip/KLtVc42ZZsc-Scene-0059.mp4,"In the video, a man is seen walking towards a stone wall. The man is wearing an orange shirt and black pants. The stone wall has a small opening in the middle, and there is a plant pot on the ground next to it. The man reaches the wall and throws a rock into the opening. The rock bounces off the wall and lands on the ground. The man then turns around and walks back towards the camera. The background consists of trees and bushes.",T2V_data/label/vidgen_filter_gemini_part_0_dpo_0/KLtVc42ZZsc-Scene-0059/entity_20.mp4,T2V_data/label/vidgen_filter_gemini_part_0_dpo_0/KLtVc42ZZsc-Scene-0059/aug_entity_20.png
T2V_data/VIDGEN-1M_unzip/KLtVc42ZZsc-Scene-0059.mp4,"In the video, a man is seen walking towards a stone wall. The man is wearing an orange shirt and black pants. The stone wall has a small opening in the middle, and there is a plant pot on the ground next to it. The man reaches the wall and throws a rock into the opening. The rock bounces off the wall and lands on the ground. The man then turns around and walks back towards the camera. The background consists of trees and bushes.",T2V_data/label/vidgen_filter_gemini_part_0_dpo_0/KLtVc42ZZsc-Scene-0059/depth.mp4,T2V_data/label/vidgen_filter_gemini_part_0_dpo_0/KLtVc42ZZsc-Scene-0059/aug_entity_40.png
T2V_data/VIDGEN-1M_unzip/KLtVc42ZZsc-Scene-0059.mp4,"In the video, a man is seen walking towards a stone wall. The man is wearing an orange shirt and black pants. The stone wall has a small opening in the middle, and there is a plant pot on the ground next to it. The man reaches the wall and throws a rock into the opening. The rock bounces off the wall and lands on the ground. The man then turns around and walks back towards the camera. The background consists of trees and bushes.",T2V_data/label/vidgen_filter_gemini_part_0_dpo_0/KLtVc42ZZsc-Scene-0059/entity_40.mp4,T2V_data/label/vidgen_filter_gemini_part_0_dpo_0/KLtVc42ZZsc-Scene-0059/aug_entity_40.png
T2V_data/VIDGEN-1M_unzip/KPqaao9juPs-Scene-0014.mp4,"The video shows a waterfall flowing down a rocky cliff into a pool of water below. The waterfall is surrounded by greenery and trees. The water is clear and appears to be flowing smoothly. The cliff is made of large rocks and boulders, and the waterfall is quite tall. The surrounding area is lush and green, indicating that the location is likely in a natural, outdoor setting. The waterfall seems to be the main focus of the video, with the camera panning up and down to capture the full height of the waterfall.",T2V_data/label/vidgen_filter_gemini_part_0_dpo_0/KPqaao9juPs-Scene-0014/depth.mp4,T2V_data/label/vidgen_filter_gemini_part_0_dpo_0/KPqaao9juPs-Scene-0014/aug_entity_40.png
T2V_data/VIDGEN-1M_unzip/KPqaao9juPs-Scene-0014.mp4,"The video shows a waterfall flowing down a rocky cliff into a pool of water below. The waterfall is surrounded by greenery and trees. The water is clear and appears to be flowing smoothly. The cliff is made of large rocks and boulders, and the waterfall is quite tall. The surrounding area is lush and green, indicating that the location is likely in a natural, outdoor setting. The waterfall seems to be the main focus of the video, with the camera panning up and down to capture the full height of the waterfall.",T2V_data/label/vidgen_filter_gemini_part_0_dpo_0/KPqaao9juPs-Scene-0014/entity_40.mp4,T2V_data/label/vidgen_filter_gemini_part_0_dpo_0/KPqaao9juPs-Scene-0014/aug_entity_40.png
T2V_data/VIDGEN-1M_unzip/KmV0A7l2p-w-Scene-0019.mp4,"In the video, a person is holding a small green lizard in their hand. The lizard is being fed a brown liquid from a wooden stick. The person is using the stick to feed the lizard, and the lizard is eagerly drinking the liquid. The background is white, and there is no other visible object in the frame. The lizard is bright green with a smooth texture, and the liquid is a dark brown color. The wooden stick is light brown and appears to be a toothpick. The person's hand is visible, but their face is not shown in the video.",T2V_data/label/vidgen_filter_gemini_part_0_dpo_0/KmV0A7l2p-w-Scene-0019/depth.mp4,T2V_data/label/vidgen_filter_gemini_part_0_dpo_0/KmV0A7l2p-w-Scene-0019/aug_entity_40.png
T2V_data/VIDGEN-1M_unzip/KmV0A7l2p-w-Scene-0019.mp4,"In the video, a person is holding a small green lizard in their hand. The lizard is being fed a brown liquid from a wooden stick. The person is using the stick to feed the lizard, and the lizard is eagerly drinking the liquid. The background is white, and there is no other visible object in the frame. The lizard is bright green with a smooth texture, and the liquid is a dark brown color. The wooden stick is light brown and appears to be a toothpick. The person's hand is visible, but their face is not shown in the video.",T2V_data/label/vidgen_filter_gemini_part_0_dpo_0/KmV0A7l2p-w-Scene-0019/entity_40.mp4,T2V_data/label/vidgen_filter_gemini_part_0_dpo_0/KmV0A7l2p-w-Scene-0019/aug_entity_40.png
T2V_data/VIDGEN-1M_unzip/Kn-eLq7-Fbw-Scene-0049.mp4,"The video shows a close-up of a green circuit board with various electronic components and wires. A person's hand is seen using a soldering iron to work on the board. The soldering iron has a blue handle and a silver tip. The person is carefully applying solder to the connections on the board. The board has several blue and silver components, as well as black and silver wires. The background is a light-colored surface, possibly a workbench.",T2V_data/label/vidgen_filter_gemini_part_0_dpo_0/Kn-eLq7-Fbw-Scene-0049/depth.mp4,T2V_data/label/vidgen_filter_gemini_part_0_dpo_0/Kn-eLq7-Fbw-Scene-0049/aug_entity_20.png
T2V_data/VIDGEN-1M_unzip/Kn-eLq7-Fbw-Scene-0049.mp4,"The video shows a close-up of a green circuit board with various electronic components and wires. A person's hand is seen using a soldering iron to work on the board. The soldering iron has a blue handle and a silver tip. The person is carefully applying solder to the connections on the board. The board has several blue and silver components, as well as black and silver wires. The background is a light-colored surface, possibly a workbench.",T2V_data/label/vidgen_filter_gemini_part_0_dpo_0/Kn-eLq7-Fbw-Scene-0049/entity_20.mp4,T2V_data/label/vidgen_filter_gemini_part_0_dpo_0/Kn-eLq7-Fbw-Scene-0049/aug_entity_20.png
T2V_data/VIDGEN-1M_unzip/L3anEP_XTNU-Scene-0007.mp4,"In the video, a man is seen working on a mechanical device. He is wearing a black jacket and a black hat. The device appears to be a complex piece of machinery with multiple gears and levers. The man is using a wrench to turn a bolt on the device. The background is cluttered with various tools and equipment, indicating that the man is in a workshop or garage setting. The lighting is dim, and the focus is on the man and the device he is working on.",T2V_data/label/vidgen_filter_gemini_part_0_dpo_0/L3anEP_XTNU-Scene-0007/depth.mp4,T2V_data/label/vidgen_filter_gemini_part_0_dpo_0/L3anEP_XTNU-Scene-0007/aug_entity_40.png
T2V_data/VIDGEN-1M_unzip/L3anEP_XTNU-Scene-0007.mp4,"In the video, a man is seen working on a mechanical device. He is wearing a black jacket and a black hat. The device appears to be a complex piece of machinery with multiple gears and levers. The man is using a wrench to turn a bolt on the device. The background is cluttered with various tools and equipment, indicating that the man is in a workshop or garage setting. The lighting is dim, and the focus is on the man and the device he is working on.",T2V_data/label/vidgen_filter_gemini_part_0_dpo_0/L3anEP_XTNU-Scene-0007/entity_40.mp4,T2V_data/label/vidgen_filter_gemini_part_0_dpo_0/L3anEP_XTNU-Scene-0007/aug_entity_40.png
T2V_data/VIDGEN-1M_unzip/LV1-nDX-WDY-Scene-0241.mp4,"In the video, a person is seen holding a glass of water in their hand. They are carefully pouring the water onto a plate of candy, which is arranged in a circular pattern. The candies are of various colors, including red, green, yellow, and orange. The person pours the water in a way that it flows over the candies, creating a visually appealing effect. The candies are glossy and appear to be of a hard shell variety. The plate is white and has a simple design. The background is not visible, but the focus is on the action of pouring water over the candies.",T2V_data/label/vidgen_filter_gemini_part_0_dpo_0/LV1-nDX-WDY-Scene-0241/depth.mp4,T2V_data/label/vidgen_filter_gemini_part_0_dpo_0/LV1-nDX-WDY-Scene-0241/aug_entity_20.png
T2V_data/VIDGEN-1M_unzip/LV1-nDX-WDY-Scene-0241.mp4,"In the video, a person is seen holding a glass of water in their hand. They are carefully pouring the water onto a plate of candy, which is arranged in a circular pattern. The candies are of various colors, including red, green, yellow, and orange. The person pours the water in a way that it flows over the candies, creating a visually appealing effect. The candies are glossy and appear to be of a hard shell variety. The plate is white and has a simple design. The background is not visible, but the focus is on the action of pouring water over the candies.",T2V_data/label/vidgen_filter_gemini_part_0_dpo_0/LV1-nDX-WDY-Scene-0241/entity_20.mp4,T2V_data/label/vidgen_filter_gemini_part_0_dpo_0/LV1-nDX-WDY-Scene-0241/aug_entity_20.png
T2V_data/VIDGEN-1M_unzip/LmtOEKaPj6c-Scene-0030.mp4,"The video shows a woman underwater in a pool. She is wearing a white bodysuit and has a large white cloth attached to her back. The cloth is spread out like wings, and she is moving her arms up and down to mimic the motion of flying. The water is clear, and bubbles can be seen rising to the surface. The woman appears to be enjoying herself as she moves gracefully through the water.",T2V_data/label/vidgen_filter_gemini_part_0_dpo_0/LmtOEKaPj6c-Scene-0030/depth.mp4,T2V_data/label/vidgen_filter_gemini_part_0_dpo_0/LmtOEKaPj6c-Scene-0030/aug_entity_20.png
T2V_data/VIDGEN-1M_unzip/LmtOEKaPj6c-Scene-0030.mp4,"The video shows a woman underwater in a pool. She is wearing a white bodysuit and has a large white cloth attached to her back. The cloth is spread out like wings, and she is moving her arms up and down to mimic the motion of flying. The water is clear, and bubbles can be seen rising to the surface. The woman appears to be enjoying herself as she moves gracefully through the water.",T2V_data/label/vidgen_filter_gemini_part_0_dpo_0/LmtOEKaPj6c-Scene-0030/entity_20.mp4,T2V_data/label/vidgen_filter_gemini_part_0_dpo_0/LmtOEKaPj6c-Scene-0030/aug_entity_20.png
T2V_data/VIDGEN-1M_unzip/LmtOEKaPj6c-Scene-0030.mp4,"The video shows a woman underwater in a pool. She is wearing a white bodysuit and has a large white cloth attached to her back. The cloth is spread out like wings, and she is moving her arms up and down to mimic the motion of flying. The water is clear, and bubbles can be seen rising to the surface. The woman appears to be enjoying herself as she moves gracefully through the water.",T2V_data/label/vidgen_filter_gemini_part_0_dpo_0/LmtOEKaPj6c-Scene-0030/depth.mp4,T2V_data/label/vidgen_filter_gemini_part_0_dpo_0/LmtOEKaPj6c-Scene-0030/aug_entity_40.png
T2V_data/VIDGEN-1M_unzip/LmtOEKaPj6c-Scene-0030.mp4,"The video shows a woman underwater in a pool. She is wearing a white bodysuit and has a large white cloth attached to her back. The cloth is spread out like wings, and she is moving her arms up and down to mimic the motion of flying. The water is clear, and bubbles can be seen rising to the surface. The woman appears to be enjoying herself as she moves gracefully through the water.",T2V_data/label/vidgen_filter_gemini_part_0_dpo_0/LmtOEKaPj6c-Scene-0030/entity_40.mp4,T2V_data/label/vidgen_filter_gemini_part_0_dpo_0/LmtOEKaPj6c-Scene-0030/aug_entity_40.png
T2V_data/VIDGEN-1M_unzip/Ls6ktHWalW4-Scene-0006.mp4,"In the video, we see a person using a table saw to cut a piece of wood. The person is holding the wood with one hand while using the other hand to guide the saw blade through the wood. The wood is light brown in color and appears to be a medium-sized piece. The table saw is silver and has a black handle. The person is wearing a black shirt and appears to be focused on the task at hand. The background is blurred, but it seems to be a workshop setting.",T2V_data/label/vidgen_filter_gemini_part_0_dpo_0/Ls6ktHWalW4-Scene-0006/depth.mp4,T2V_data/label/vidgen_filter_gemini_part_0_dpo_0/Ls6ktHWalW4-Scene-0006/aug_entity_40.png
T2V_data/VIDGEN-1M_unzip/Ls6ktHWalW4-Scene-0006.mp4,"In the video, we see a person using a table saw to cut a piece of wood. The person is holding the wood with one hand while using the other hand to guide the saw blade through the wood. The wood is light brown in color and appears to be a medium-sized piece. The table saw is silver and has a black handle. The person is wearing a black shirt and appears to be focused on the task at hand. The background is blurred, but it seems to be a workshop setting.",T2V_data/label/vidgen_filter_gemini_part_0_dpo_0/Ls6ktHWalW4-Scene-0006/entity_40.mp4,T2V_data/label/vidgen_filter_gemini_part_0_dpo_0/Ls6ktHWalW4-Scene-0006/aug_entity_40.png
T2V_data/VIDGEN-1M_unzip/M35QiW2yV8E-Scene-0025.mp4,"In the video, a person is seen using a needle to poke a hole in a tag. The tag is attached to the ear of a black animal. The person then threads a string through the hole in the tag and ties it around the animal's ear. The animal appears to be calm and cooperative throughout the process. The person's hands are steady, and they seem to be experienced in handling the tag and the animal. The background is not clearly visible, but it appears to be an indoor setting.",T2V_data/label/vidgen_filter_gemini_part_0_dpo_0/M35QiW2yV8E-Scene-0025/depth.mp4,T2V_data/label/vidgen_filter_gemini_part_0_dpo_0/M35QiW2yV8E-Scene-0025/aug_entity_60.png
T2V_data/VIDGEN-1M_unzip/M35QiW2yV8E-Scene-0025.mp4,"In the video, a person is seen using a needle to poke a hole in a tag. The tag is attached to the ear of a black animal. The person then threads a string through the hole in the tag and ties it around the animal's ear. The animal appears to be calm and cooperative throughout the process. The person's hands are steady, and they seem to be experienced in handling the tag and the animal. The background is not clearly visible, but it appears to be an indoor setting.",T2V_data/label/vidgen_filter_gemini_part_0_dpo_0/M35QiW2yV8E-Scene-0025/entity_60.mp4,T2V_data/label/vidgen_filter_gemini_part_0_dpo_0/M35QiW2yV8E-Scene-0025/aug_entity_60.png
T2V_data/VIDGEN-1M_unzip/MS04FNBDkkU-Scene-0016.mp4,"The video shows a baseball player wearing a red jersey and white pants. He is standing on a green field with a black wall in the background. The player is holding a baseball in his hand and then throws it. After throwing the ball, he looks down at the ground.",T2V_data/label/vidgen_filter_gemini_part_0_dpo_0/MS04FNBDkkU-Scene-0016/depth.mp4,T2V_data/label/vidgen_filter_gemini_part_0_dpo_0/MS04FNBDkkU-Scene-0016/aug_entity_20.png
T2V_data/VIDGEN-1M_unzip/MS04FNBDkkU-Scene-0016.mp4,"The video shows a baseball player wearing a red jersey and white pants. He is standing on a green field with a black wall in the background. The player is holding a baseball in his hand and then throws it. After throwing the ball, he looks down at the ground.",T2V_data/label/vidgen_filter_gemini_part_0_dpo_0/MS04FNBDkkU-Scene-0016/entity_20.mp4,T2V_data/label/vidgen_filter_gemini_part_0_dpo_0/MS04FNBDkkU-Scene-0016/aug_entity_20.png
T2V_data/VIDGEN-1M_unzip/MeYvDA42MnY-Scene-0027.mp4,"In the video, a person is seen holding a small purple toy in their hands. The toy appears to be made of plastic and has a small purple ball attached to it. The person is using their fingers to press down on the toy, causing it to make a popping sound. The background is a plain white surface, and there are no other objects visible in the frame. The person's nails are painted red, and they are wearing a ring on their left hand. The toy appears to be a stress-relief toy, commonly known as a pop-it. The person continues to press down on the toy, causing it to make more popping sounds.",T2V_data/label/vidgen_filter_gemini_part_0_dpo_0/MeYvDA42MnY-Scene-0027/depth.mp4,T2V_data/label/vidgen_filter_gemini_part_0_dpo_0/MeYvDA42MnY-Scene-0027/aug_entity_20.png
T2V_data/VIDGEN-1M_unzip/MeYvDA42MnY-Scene-0027.mp4,"In the video, a person is seen holding a small purple toy in their hands. The toy appears to be made of plastic and has a small purple ball attached to it. The person is using their fingers to press down on the toy, causing it to make a popping sound. The background is a plain white surface, and there are no other objects visible in the frame. The person's nails are painted red, and they are wearing a ring on their left hand. The toy appears to be a stress-relief toy, commonly known as a pop-it. The person continues to press down on the toy, causing it to make more popping sounds.",T2V_data/label/vidgen_filter_gemini_part_0_dpo_0/MeYvDA42MnY-Scene-0027/entity_20.mp4,T2V_data/label/vidgen_filter_gemini_part_0_dpo_0/MeYvDA42MnY-Scene-0027/aug_entity_20.png
T2V_data/VIDGEN-1M_unzip/MuFlp7bexsY-Scene-0050.mp4,The video shows a person riding a bike on a dirt trail in the woods. The person is wearing a helmet and a backpack. The trail is surrounded by trees and there are signs on the side of the trail. The person is riding at a steady pace and appears to be enjoying the ride.,T2V_data/label/vidgen_filter_gemini_part_0_dpo_0/MuFlp7bexsY-Scene-0050/depth.mp4,T2V_data/label/vidgen_filter_gemini_part_0_dpo_0/MuFlp7bexsY-Scene-0050/aug_entity_40.png
T2V_data/VIDGEN-1M_unzip/MuFlp7bexsY-Scene-0050.mp4,The video shows a person riding a bike on a dirt trail in the woods. The person is wearing a helmet and a backpack. The trail is surrounded by trees and there are signs on the side of the trail. The person is riding at a steady pace and appears to be enjoying the ride.,T2V_data/label/vidgen_filter_gemini_part_0_dpo_0/MuFlp7bexsY-Scene-0050/entity_40.mp4,T2V_data/label/vidgen_filter_gemini_part_0_dpo_0/MuFlp7bexsY-Scene-0050/aug_entity_40.png
T2V_data/VIDGEN-1M_unzip/MyynNxdByvk-Scene-0136.mp4,The video shows a jeep driving through a small stream of water. The jeep is white in color and has a black roof rack. It is driving on a dirt road surrounded by trees and bushes. The water splashes around as the jeep moves forward.,T2V_data/label/vidgen_filter_gemini_part_0_dpo_0/MyynNxdByvk-Scene-0136/depth.mp4,T2V_data/label/vidgen_filter_gemini_part_0_dpo_0/MyynNxdByvk-Scene-0136/aug_entity_20.png
T2V_data/VIDGEN-1M_unzip/MyynNxdByvk-Scene-0136.mp4,The video shows a jeep driving through a small stream of water. The jeep is white in color and has a black roof rack. It is driving on a dirt road surrounded by trees and bushes. The water splashes around as the jeep moves forward.,T2V_data/label/vidgen_filter_gemini_part_0_dpo_0/MyynNxdByvk-Scene-0136/entity_20.mp4,T2V_data/label/vidgen_filter_gemini_part_0_dpo_0/MyynNxdByvk-Scene-0136/aug_entity_20.png
T2V_data/VIDGEN-1M_unzip/MyynNxdByvk-Scene-0136.mp4,The video shows a jeep driving through a small stream of water. The jeep is white in color and has a black roof rack. It is driving on a dirt road surrounded by trees and bushes. The water splashes around as the jeep moves forward.,T2V_data/label/vidgen_filter_gemini_part_0_dpo_0/MyynNxdByvk-Scene-0136/depth.mp4,T2V_data/label/vidgen_filter_gemini_part_0_dpo_0/MyynNxdByvk-Scene-0136/aug_entity_40.png
T2V_data/VIDGEN-1M_unzip/MyynNxdByvk-Scene-0136.mp4,The video shows a jeep driving through a small stream of water. The jeep is white in color and has a black roof rack. It is driving on a dirt road surrounded by trees and bushes. The water splashes around as the jeep moves forward.,T2V_data/label/vidgen_filter_gemini_part_0_dpo_0/MyynNxdByvk-Scene-0136/entity_40.mp4,T2V_data/label/vidgen_filter_gemini_part_0_dpo_0/MyynNxdByvk-Scene-0136/aug_entity_40.png
T2V_data/VIDGEN-1M_unzip/NAKTJrAYuYM-Scene-0002.mp4,"The video shows a person holding a tool with a black handle and a silver blade. The person is using the tool to cut a piece of wood. The blade is sharp and moves smoothly through the wood, creating a clean cut. The person's hand is steady, and they appear to be experienced in using the tool. The wood is light brown and appears to be a softwood variety. The background is a workshop setting with various tools and materials visible.",T2V_data/label/vidgen_filter_gemini_part_0_dpo_0/NAKTJrAYuYM-Scene-0002/depth.mp4,T2V_data/label/vidgen_filter_gemini_part_0_dpo_0/NAKTJrAYuYM-Scene-0002/aug_entity_80.png
T2V_data/VIDGEN-1M_unzip/NAKTJrAYuYM-Scene-0002.mp4,"The video shows a person holding a tool with a black handle and a silver blade. The person is using the tool to cut a piece of wood. The blade is sharp and moves smoothly through the wood, creating a clean cut. The person's hand is steady, and they appear to be experienced in using the tool. The wood is light brown and appears to be a softwood variety. The background is a workshop setting with various tools and materials visible.",T2V_data/label/vidgen_filter_gemini_part_0_dpo_0/NAKTJrAYuYM-Scene-0002/entity_80.mp4,T2V_data/label/vidgen_filter_gemini_part_0_dpo_0/NAKTJrAYuYM-Scene-0002/aug_entity_80.png
T2V_data/VIDGEN-1M_unzip/NIkDIrVj4MU-Scene-0010.mp4,"In the video, a person is seen cutting a piece of meat on a wooden cutting board. The person is wearing a white glove on one hand and is using a large knife to cut the meat. The meat appears to be pinkish in color and has a layer of fat on top. The person is cutting the meat into smaller pieces, and there are already some pieces of meat on the cutting board. The background is blurred, but it seems to be a kitchen setting.",T2V_data/label/vidgen_filter_gemini_part_0_dpo_0/NIkDIrVj4MU-Scene-0010/depth.mp4,T2V_data/label/vidgen_filter_gemini_part_0_dpo_0/NIkDIrVj4MU-Scene-0010/aug_entity_40.png
T2V_data/VIDGEN-1M_unzip/NIkDIrVj4MU-Scene-0010.mp4,"In the video, a person is seen cutting a piece of meat on a wooden cutting board. The person is wearing a white glove on one hand and is using a large knife to cut the meat. The meat appears to be pinkish in color and has a layer of fat on top. The person is cutting the meat into smaller pieces, and there are already some pieces of meat on the cutting board. The background is blurred, but it seems to be a kitchen setting.",T2V_data/label/vidgen_filter_gemini_part_0_dpo_0/NIkDIrVj4MU-Scene-0010/entity_40.mp4,T2V_data/label/vidgen_filter_gemini_part_0_dpo_0/NIkDIrVj4MU-Scene-0010/aug_entity_40.png
T2V_data/VIDGEN-1M_unzip/NT0kSzBpTKo-Scene-0108.mp4,"The video shows a person driving a car with a manual transmission. The driver's hands are visible on the steering wheel, and the gear shift is being used to change gears. The car appears to be moving at a steady pace, and the driver is focused on the road ahead. The interior of the car is visible, with the dashboard and other controls in view. The driver's actions are smooth and controlled, indicating familiarity and comfort with the vehicle.",T2V_data/label/vidgen_filter_gemini_part_0_dpo_0/NT0kSzBpTKo-Scene-0108/depth.mp4,T2V_data/label/vidgen_filter_gemini_part_0_dpo_0/NT0kSzBpTKo-Scene-0108/aug_entity_20.png
T2V_data/VIDGEN-1M_unzip/NT0kSzBpTKo-Scene-0108.mp4,"The video shows a person driving a car with a manual transmission. The driver's hands are visible on the steering wheel, and the gear shift is being used to change gears. The car appears to be moving at a steady pace, and the driver is focused on the road ahead. The interior of the car is visible, with the dashboard and other controls in view. The driver's actions are smooth and controlled, indicating familiarity and comfort with the vehicle.",T2V_data/label/vidgen_filter_gemini_part_0_dpo_0/NT0kSzBpTKo-Scene-0108/entity_20.mp4,T2V_data/label/vidgen_filter_gemini_part_0_dpo_0/NT0kSzBpTKo-Scene-0108/aug_entity_20.png
T2V_data/VIDGEN-1M_unzip/Nf5mdlDIrJQ-Scene-0062.mp4,"In the video, a man is seen in a wooded area, wearing a black shirt and black pants. He is holding an axe in his hand and is standing on a log. The man is chopping wood with the axe, and he is making several chops. The background is filled with trees and foliage, and there is a pile of wood next to him. The man is focused on his task, and his movements are deliberate and precise. The sound of the axe hitting the wood can be heard, and there is a sense of tranquility in the scene. The video captures the man's strength and skill as he works to chop the wood.",T2V_data/label/vidgen_filter_gemini_part_0_dpo_0/Nf5mdlDIrJQ-Scene-0062/depth.mp4,T2V_data/label/vidgen_filter_gemini_part_0_dpo_0/Nf5mdlDIrJQ-Scene-0062/aug_entity_40.png
T2V_data/VIDGEN-1M_unzip/Nf5mdlDIrJQ-Scene-0062.mp4,"In the video, a man is seen in a wooded area, wearing a black shirt and black pants. He is holding an axe in his hand and is standing on a log. The man is chopping wood with the axe, and he is making several chops. The background is filled with trees and foliage, and there is a pile of wood next to him. The man is focused on his task, and his movements are deliberate and precise. The sound of the axe hitting the wood can be heard, and there is a sense of tranquility in the scene. The video captures the man's strength and skill as he works to chop the wood.",T2V_data/label/vidgen_filter_gemini_part_0_dpo_0/Nf5mdlDIrJQ-Scene-0062/entity_40.mp4,T2V_data/label/vidgen_filter_gemini_part_0_dpo_0/Nf5mdlDIrJQ-Scene-0062/aug_entity_40.png
T2V_data/VIDGEN-1M_unzip/NhG_Nap9-C8-Scene-0015.mp4,The video shows a basketball game in progress. The players are wearing blue and white uniforms. The player in the white uniform is dribbling the ball and then passes it to a teammate. The teammate then shoots the ball and scores a basket. The background shows the scoreboard and the crowd.,T2V_data/label/vidgen_filter_gemini_part_0_dpo_0/NhG_Nap9-C8-Scene-0015/depth.mp4,T2V_data/label/vidgen_filter_gemini_part_0_dpo_0/NhG_Nap9-C8-Scene-0015/aug_entity_20.png
T2V_data/VIDGEN-1M_unzip/NhG_Nap9-C8-Scene-0015.mp4,The video shows a basketball game in progress. The players are wearing blue and white uniforms. The player in the white uniform is dribbling the ball and then passes it to a teammate. The teammate then shoots the ball and scores a basket. The background shows the scoreboard and the crowd.,T2V_data/label/vidgen_filter_gemini_part_0_dpo_0/NhG_Nap9-C8-Scene-0015/entity_20.mp4,T2V_data/label/vidgen_filter_gemini_part_0_dpo_0/NhG_Nap9-C8-Scene-0015/aug_entity_20.png
T2V_data/VIDGEN-1M_unzip/NjCRWpz_Pwg-Scene-0064.mp4,"In the video, a person is seen sitting on the edge of a pond, holding a fishing net with a yellow handle. The net is submerged in the water, and a red fish is caught inside it. The person then lifts the net out of the water, revealing the red fish inside. The fish appears to be struggling, but the person carefully holds the net, ensuring that the fish does not escape. The water in the pond is calm, and there are no other visible creatures or objects in the vicinity. The person's actions are deliberate and careful, indicating that they are experienced in handling fish. The red fish is the only visible creature in the video, and its vibrant color stands out against the blue of the water.",T2V_data/label/vidgen_filter_gemini_part_0_dpo_0/NjCRWpz_Pwg-Scene-0064/depth.mp4,T2V_data/label/vidgen_filter_gemini_part_0_dpo_0/NjCRWpz_Pwg-Scene-0064/aug_entity_40.png
T2V_data/VIDGEN-1M_unzip/NjCRWpz_Pwg-Scene-0064.mp4,"In the video, a person is seen sitting on the edge of a pond, holding a fishing net with a yellow handle. The net is submerged in the water, and a red fish is caught inside it. The person then lifts the net out of the water, revealing the red fish inside. The fish appears to be struggling, but the person carefully holds the net, ensuring that the fish does not escape. The water in the pond is calm, and there are no other visible creatures or objects in the vicinity. The person's actions are deliberate and careful, indicating that they are experienced in handling fish. The red fish is the only visible creature in the video, and its vibrant color stands out against the blue of the water.",T2V_data/label/vidgen_filter_gemini_part_0_dpo_0/NjCRWpz_Pwg-Scene-0064/entity_40.mp4,T2V_data/label/vidgen_filter_gemini_part_0_dpo_0/NjCRWpz_Pwg-Scene-0064/aug_entity_40.png
T2V_data/VIDGEN-1M_unzip/NsVKXKoIVJU-Scene-0010.mp4,"In the video, a person is seen grating a carrot with a metal grater. The carrot is being grated into a metal bowl. The person's hand is visible, and they are wearing a ring on their finger. The grater is being moved back and forth over the carrot to grate it into fine pieces. The carrot is orange in color, and the grater is silver. The metal bowl is also silver and has a reflective surface. The person's hand is steady as they grate the carrot, and the sound of the grater can be heard in the background.",T2V_data/label/vidgen_filter_gemini_part_0_dpo_0/NsVKXKoIVJU-Scene-0010/depth.mp4,T2V_data/label/vidgen_filter_gemini_part_0_dpo_0/NsVKXKoIVJU-Scene-0010/aug_entity_40.png
T2V_data/VIDGEN-1M_unzip/NsVKXKoIVJU-Scene-0010.mp4,"In the video, a person is seen grating a carrot with a metal grater. The carrot is being grated into a metal bowl. The person's hand is visible, and they are wearing a ring on their finger. The grater is being moved back and forth over the carrot to grate it into fine pieces. The carrot is orange in color, and the grater is silver. The metal bowl is also silver and has a reflective surface. The person's hand is steady as they grate the carrot, and the sound of the grater can be heard in the background.",T2V_data/label/vidgen_filter_gemini_part_0_dpo_0/NsVKXKoIVJU-Scene-0010/entity_40.mp4,T2V_data/label/vidgen_filter_gemini_part_0_dpo_0/NsVKXKoIVJU-Scene-0010/aug_entity_40.png
T2V_data/VIDGEN-1M_unzip/O7bMtvSQJ5g-Scene-0005.mp4,"In the video, a man is seen performing leg exercises on a piece of gym equipment. He is wearing a white tank top and gray sweatpants. The gym is equipped with various machines and weights. The man is lying on his stomach on the machine, with his legs extended in front of him. He is using his legs to push against a weight, which is attached to the machine. The man's movements are controlled and deliberate, indicating that he is experienced with this type of exercise. The lighting in the gym is bright, and the equipment appears to be well-maintained. The man's form is excellent, and he seems to be exerting a significant amount of effort. Overall, the video showcases a man engaging in a leg workout on a piece of gym equipment, demonstrating proper form and technique.",T2V_data/label/vidgen_filter_gemini_part_0_dpo_0/O7bMtvSQJ5g-Scene-0005/depth.mp4,T2V_data/label/vidgen_filter_gemini_part_0_dpo_0/O7bMtvSQJ5g-Scene-0005/aug_entity_20.png
T2V_data/VIDGEN-1M_unzip/O7bMtvSQJ5g-Scene-0005.mp4,"In the video, a man is seen performing leg exercises on a piece of gym equipment. He is wearing a white tank top and gray sweatpants. The gym is equipped with various machines and weights. The man is lying on his stomach on the machine, with his legs extended in front of him. He is using his legs to push against a weight, which is attached to the machine. The man's movements are controlled and deliberate, indicating that he is experienced with this type of exercise. The lighting in the gym is bright, and the equipment appears to be well-maintained. The man's form is excellent, and he seems to be exerting a significant amount of effort. Overall, the video showcases a man engaging in a leg workout on a piece of gym equipment, demonstrating proper form and technique.",T2V_data/label/vidgen_filter_gemini_part_0_dpo_0/O7bMtvSQJ5g-Scene-0005/entity_20.mp4,T2V_data/label/vidgen_filter_gemini_part_0_dpo_0/O7bMtvSQJ5g-Scene-0005/aug_entity_20.png
T2V_data/VIDGEN-1M_unzip/O7bMtvSQJ5g-Scene-0005.mp4,"In the video, a man is seen performing leg exercises on a piece of gym equipment. He is wearing a white tank top and gray sweatpants. The gym is equipped with various machines and weights. The man is lying on his stomach on the machine, with his legs extended in front of him. He is using his legs to push against a weight, which is attached to the machine. The man's movements are controlled and deliberate, indicating that he is experienced with this type of exercise. The lighting in the gym is bright, and the equipment appears to be well-maintained. The man's form is excellent, and he seems to be exerting a significant amount of effort. Overall, the video showcases a man engaging in a leg workout on a piece of gym equipment, demonstrating proper form and technique.",T2V_data/label/vidgen_filter_gemini_part_0_dpo_0/O7bMtvSQJ5g-Scene-0005/depth.mp4,T2V_data/label/vidgen_filter_gemini_part_0_dpo_0/O7bMtvSQJ5g-Scene-0005/aug_entity_40.png
T2V_data/VIDGEN-1M_unzip/O7bMtvSQJ5g-Scene-0005.mp4,"In the video, a man is seen performing leg exercises on a piece of gym equipment. He is wearing a white tank top and gray sweatpants. The gym is equipped with various machines and weights. The man is lying on his stomach on the machine, with his legs extended in front of him. He is using his legs to push against a weight, which is attached to the machine. The man's movements are controlled and deliberate, indicating that he is experienced with this type of exercise. The lighting in the gym is bright, and the equipment appears to be well-maintained. The man's form is excellent, and he seems to be exerting a significant amount of effort. Overall, the video showcases a man engaging in a leg workout on a piece of gym equipment, demonstrating proper form and technique.",T2V_data/label/vidgen_filter_gemini_part_0_dpo_0/O7bMtvSQJ5g-Scene-0005/entity_40.mp4,T2V_data/label/vidgen_filter_gemini_part_0_dpo_0/O7bMtvSQJ5g-Scene-0005/aug_entity_40.png
T2V_data/VIDGEN-1M_unzip/OLFj6Aa8pRY-Scene-0045.mp4,"In the video, a woman is standing behind a bar, and she is making a cocktail. She starts by picking up a glass and placing it on the bar. Then she picks up a bottle of alcohol and pours it into the glass. After that, she picks up a lemon and squeezes it into the glass. She then picks up a shaker and pours the contents of the glass into it. Finally, she shakes the mixture and pours it into a new glass. The woman seems to be enjoying herself while making the drink.",T2V_data/label/vidgen_filter_gemini_part_0_dpo_0/OLFj6Aa8pRY-Scene-0045/depth.mp4,T2V_data/label/vidgen_filter_gemini_part_0_dpo_0/OLFj6Aa8pRY-Scene-0045/aug_entity_20.png
T2V_data/VIDGEN-1M_unzip/OLFj6Aa8pRY-Scene-0045.mp4,"In the video, a woman is standing behind a bar, and she is making a cocktail. She starts by picking up a glass and placing it on the bar. Then she picks up a bottle of alcohol and pours it into the glass. After that, she picks up a lemon and squeezes it into the glass. She then picks up a shaker and pours the contents of the glass into it. Finally, she shakes the mixture and pours it into a new glass. The woman seems to be enjoying herself while making the drink.",T2V_data/label/vidgen_filter_gemini_part_0_dpo_0/OLFj6Aa8pRY-Scene-0045/entity_20.mp4,T2V_data/label/vidgen_filter_gemini_part_0_dpo_0/OLFj6Aa8pRY-Scene-0045/aug_entity_20.png
T2V_data/VIDGEN-1M_unzip/OTRc4GZHUyg-Scene-0019.mp4,"The video shows a person using a drill to make a hole in a small piece of wood. The person is wearing a ring on their finger. The wood is placed on a larger piece of wood, and the drill is being used to create a hole in the center of the small piece of wood.",T2V_data/label/vidgen_filter_gemini_part_0_dpo_0/OTRc4GZHUyg-Scene-0019/depth.mp4,T2V_data/label/vidgen_filter_gemini_part_0_dpo_0/OTRc4GZHUyg-Scene-0019/aug_entity_80.png
T2V_data/VIDGEN-1M_unzip/OTRc4GZHUyg-Scene-0019.mp4,"The video shows a person using a drill to make a hole in a small piece of wood. The person is wearing a ring on their finger. The wood is placed on a larger piece of wood, and the drill is being used to create a hole in the center of the small piece of wood.",T2V_data/label/vidgen_filter_gemini_part_0_dpo_0/OTRc4GZHUyg-Scene-0019/entity_80.mp4,T2V_data/label/vidgen_filter_gemini_part_0_dpo_0/OTRc4GZHUyg-Scene-0019/aug_entity_80.png
T2V_data/VIDGEN-1M_unzip/O_TwVf4vLxM-Scene-0006.mp4,"The video shows a news report about a storm that has caused significant damage to a road. The footage shows a large amount of water rushing down the road, causing it to collapse. The water is muddy and brown, and the road is completely destroyed. The news reporter is describing the damage and the efforts to clean up and repair the road.",T2V_data/label/vidgen_filter_gemini_part_0_dpo_0/O_TwVf4vLxM-Scene-0006/depth.mp4,T2V_data/label/vidgen_filter_gemini_part_0_dpo_0/O_TwVf4vLxM-Scene-0006/aug_entity_20.png
T2V_data/VIDGEN-1M_unzip/O_TwVf4vLxM-Scene-0006.mp4,"The video shows a news report about a storm that has caused significant damage to a road. The footage shows a large amount of water rushing down the road, causing it to collapse. The water is muddy and brown, and the road is completely destroyed. The news reporter is describing the damage and the efforts to clean up and repair the road.",T2V_data/label/vidgen_filter_gemini_part_0_dpo_0/O_TwVf4vLxM-Scene-0006/entity_20.mp4,T2V_data/label/vidgen_filter_gemini_part_0_dpo_0/O_TwVf4vLxM-Scene-0006/aug_entity_20.png
T2V_data/VIDGEN-1M_unzip/Od-oIua1cag-Scene-0006.mp4,"In the video, a person is seen using a screwdriver to tighten a screw into a piece of wood. The person is wearing a ring on their left hand. The wood is clamped down to a workbench with a red clamp. The screwdriver is silver and the screw is black. The person's hand is steady as they turn the screwdriver clockwise to tighten the screw. The background is dark and blurry, but it appears to be a workshop setting.",T2V_data/label/vidgen_filter_gemini_part_0_dpo_0/Od-oIua1cag-Scene-0006/depth.mp4,T2V_data/label/vidgen_filter_gemini_part_0_dpo_0/Od-oIua1cag-Scene-0006/aug_entity_60.png
T2V_data/VIDGEN-1M_unzip/Od-oIua1cag-Scene-0006.mp4,"In the video, a person is seen using a screwdriver to tighten a screw into a piece of wood. The person is wearing a ring on their left hand. The wood is clamped down to a workbench with a red clamp. The screwdriver is silver and the screw is black. The person's hand is steady as they turn the screwdriver clockwise to tighten the screw. The background is dark and blurry, but it appears to be a workshop setting.",T2V_data/label/vidgen_filter_gemini_part_0_dpo_0/Od-oIua1cag-Scene-0006/entity_60.mp4,T2V_data/label/vidgen_filter_gemini_part_0_dpo_0/Od-oIua1cag-Scene-0006/aug_entity_60.png
T2V_data/VIDGEN-1M_unzip/Ofo6geiNqTs-Scene-0052.mp4,"The video shows a close-up of a container filled with water and several fish. The fish are of different sizes and colors, including orange, black, and white. They are swimming around in the water, occasionally coming up to the surface. The container appears to be made of plastic and is placed on a yellow surface. The water is clear, and bubbles can be seen rising to the surface.",T2V_data/label/vidgen_filter_gemini_part_0_dpo_0/Ofo6geiNqTs-Scene-0052/depth.mp4,T2V_data/label/vidgen_filter_gemini_part_0_dpo_0/Ofo6geiNqTs-Scene-0052/aug_entity_20.png
T2V_data/VIDGEN-1M_unzip/Ofo6geiNqTs-Scene-0052.mp4,"The video shows a close-up of a container filled with water and several fish. The fish are of different sizes and colors, including orange, black, and white. They are swimming around in the water, occasionally coming up to the surface. The container appears to be made of plastic and is placed on a yellow surface. The water is clear, and bubbles can be seen rising to the surface.",T2V_data/label/vidgen_filter_gemini_part_0_dpo_0/Ofo6geiNqTs-Scene-0052/entity_20.mp4,T2V_data/label/vidgen_filter_gemini_part_0_dpo_0/Ofo6geiNqTs-Scene-0052/aug_entity_20.png
T2V_data/VIDGEN-1M_unzip/Oojgeb77msQ-Scene-0082.mp4,"The video shows a baseball game in progress. The pitcher throws the ball, and the batter hits it. The catcher catches the ball, and the umpire makes a call. The players are wearing their respective team uniforms, and the game is being played on a field with a crowd in the stands. The video captures the excitement and tension of the game as the players focus on the ball and the umpire's call.",T2V_data/label/vidgen_filter_gemini_part_0_dpo_0/Oojgeb77msQ-Scene-0082/depth.mp4,T2V_data/label/vidgen_filter_gemini_part_0_dpo_0/Oojgeb77msQ-Scene-0082/aug_entity_20.png
T2V_data/VIDGEN-1M_unzip/Oojgeb77msQ-Scene-0082.mp4,"The video shows a baseball game in progress. The pitcher throws the ball, and the batter hits it. The catcher catches the ball, and the umpire makes a call. The players are wearing their respective team uniforms, and the game is being played on a field with a crowd in the stands. The video captures the excitement and tension of the game as the players focus on the ball and the umpire's call.",T2V_data/label/vidgen_filter_gemini_part_0_dpo_0/Oojgeb77msQ-Scene-0082/entity_20.mp4,T2V_data/label/vidgen_filter_gemini_part_0_dpo_0/Oojgeb77msQ-Scene-0082/aug_entity_20.png
T2V_data/VIDGEN-1M_unzip/P7-WX-T0eDg-Scene-0025.mp4,"The video shows a person driving a car on a road. The driver's hand is visible on the steering wheel, and the car's dashboard is visible in the foreground. The road appears to be wet, and there are trees and grass on the sides. The sky is overcast, and the car is moving at a steady pace.",T2V_data/label/vidgen_filter_gemini_part_0_dpo_0/P7-WX-T0eDg-Scene-0025/depth.mp4,T2V_data/label/vidgen_filter_gemini_part_0_dpo_0/P7-WX-T0eDg-Scene-0025/aug_entity_40.png
T2V_data/VIDGEN-1M_unzip/P7-WX-T0eDg-Scene-0025.mp4,"The video shows a person driving a car on a road. The driver's hand is visible on the steering wheel, and the car's dashboard is visible in the foreground. The road appears to be wet, and there are trees and grass on the sides. The sky is overcast, and the car is moving at a steady pace.",T2V_data/label/vidgen_filter_gemini_part_0_dpo_0/P7-WX-T0eDg-Scene-0025/entity_40.mp4,T2V_data/label/vidgen_filter_gemini_part_0_dpo_0/P7-WX-T0eDg-Scene-0025/aug_entity_40.png
T2V_data/VIDGEN-1M_unzip/WiaIPF6AWv4-Scene-0001.mp4,"The video shows a female gymnast preparing for her routine. She is wearing a black and red leotard and has her hair tied back in a ponytail. She is standing in front of a large bowl filled with chalk and is seen rubbing her hands together to create a powdery substance. The gymnast then proceeds to the balance beam, where she performs a series of flips and twists. The routine is executed with precision and grace, showcasing the gymnast's strength and agility. The audience can be heard cheering in the background, adding to the excitement of the performance.",T2V_data/label/vidgen_filter_gemini_part_0_dpo_0/WiaIPF6AWv4-Scene-0001/depth.mp4,T2V_data/label/vidgen_filter_gemini_part_0_dpo_0/WiaIPF6AWv4-Scene-0001/aug_entity_20.png
T2V_data/VIDGEN-1M_unzip/WiaIPF6AWv4-Scene-0001.mp4,"The video shows a female gymnast preparing for her routine. She is wearing a black and red leotard and has her hair tied back in a ponytail. She is standing in front of a large bowl filled with chalk and is seen rubbing her hands together to create a powdery substance. The gymnast then proceeds to the balance beam, where she performs a series of flips and twists. The routine is executed with precision and grace, showcasing the gymnast's strength and agility. The audience can be heard cheering in the background, adding to the excitement of the performance.",T2V_data/label/vidgen_filter_gemini_part_0_dpo_0/WiaIPF6AWv4-Scene-0001/entity_20.mp4,T2V_data/label/vidgen_filter_gemini_part_0_dpo_0/WiaIPF6AWv4-Scene-0001/aug_entity_20.png
T2V_data/VIDGEN-1M_unzip/X8oOA1a9eHg-Scene-0033.mp4,"The video shows a large military tank moving slowly across a grassy field. The tank is painted in a camouflage pattern with shades of green, brown, and black. It has a long barrel on top and several wheels on the sides. There are people standing nearby, watching the tank as it moves. The sky is overcast, and there are flags visible in the background.",T2V_data/label/vidgen_filter_gemini_part_0_dpo_0/X8oOA1a9eHg-Scene-0033/depth.mp4,T2V_data/label/vidgen_filter_gemini_part_0_dpo_0/X8oOA1a9eHg-Scene-0033/aug_entity_20.png
T2V_data/VIDGEN-1M_unzip/X8oOA1a9eHg-Scene-0033.mp4,"The video shows a large military tank moving slowly across a grassy field. The tank is painted in a camouflage pattern with shades of green, brown, and black. It has a long barrel on top and several wheels on the sides. There are people standing nearby, watching the tank as it moves. The sky is overcast, and there are flags visible in the background.",T2V_data/label/vidgen_filter_gemini_part_0_dpo_0/X8oOA1a9eHg-Scene-0033/entity_20.mp4,T2V_data/label/vidgen_filter_gemini_part_0_dpo_0/X8oOA1a9eHg-Scene-0033/aug_entity_20.png
T2V_data/VIDGEN-1M_unzip/X8oOA1a9eHg-Scene-0033.mp4,"The video shows a large military tank moving slowly across a grassy field. The tank is painted in a camouflage pattern with shades of green, brown, and black. It has a long barrel on top and several wheels on the sides. There are people standing nearby, watching the tank as it moves. The sky is overcast, and there are flags visible in the background.",T2V_data/label/vidgen_filter_gemini_part_0_dpo_0/X8oOA1a9eHg-Scene-0033/depth.mp4,T2V_data/label/vidgen_filter_gemini_part_0_dpo_0/X8oOA1a9eHg-Scene-0033/aug_entity_40.png
T2V_data/VIDGEN-1M_unzip/X8oOA1a9eHg-Scene-0033.mp4,"The video shows a large military tank moving slowly across a grassy field. The tank is painted in a camouflage pattern with shades of green, brown, and black. It has a long barrel on top and several wheels on the sides. There are people standing nearby, watching the tank as it moves. The sky is overcast, and there are flags visible in the background.",T2V_data/label/vidgen_filter_gemini_part_0_dpo_0/X8oOA1a9eHg-Scene-0033/entity_40.mp4,T2V_data/label/vidgen_filter_gemini_part_0_dpo_0/X8oOA1a9eHg-Scene-0033/aug_entity_40.png
T2V_data/VIDGEN-1M_unzip/XBXqqzc8yMU-Scene-0042.mp4,"The video shows a person using a tool to cut a large block of ice. The person is wearing gloves and is carefully cutting the ice. The ice is thick and appears to be solid. The person is using a saw to cut through the ice, and the ice is falling off in large chunks. The background is not visible, but it appears to be a cold environment.",T2V_data/label/vidgen_filter_gemini_part_0_dpo_0/XBXqqzc8yMU-Scene-0042/depth.mp4,T2V_data/label/vidgen_filter_gemini_part_0_dpo_0/XBXqqzc8yMU-Scene-0042/aug_entity_40.png
T2V_data/VIDGEN-1M_unzip/XBXqqzc8yMU-Scene-0042.mp4,"The video shows a person using a tool to cut a large block of ice. The person is wearing gloves and is carefully cutting the ice. The ice is thick and appears to be solid. The person is using a saw to cut through the ice, and the ice is falling off in large chunks. The background is not visible, but it appears to be a cold environment.",T2V_data/label/vidgen_filter_gemini_part_0_dpo_0/XBXqqzc8yMU-Scene-0042/entity_40.mp4,T2V_data/label/vidgen_filter_gemini_part_0_dpo_0/XBXqqzc8yMU-Scene-0042/aug_entity_40.png
T2V_data/VIDGEN-1M_unzip/XBXqqzc8yMU-Scene-0042.mp4,"The video shows a person using a tool to cut a large block of ice. The person is wearing gloves and is carefully cutting the ice. The ice is thick and appears to be solid. The person is using a saw to cut through the ice, and the ice is falling off in large chunks. The background is not visible, but it appears to be a cold environment.",T2V_data/label/vidgen_filter_gemini_part_0_dpo_0/XBXqqzc8yMU-Scene-0042/depth.mp4,T2V_data/label/vidgen_filter_gemini_part_0_dpo_0/XBXqqzc8yMU-Scene-0042/aug_entity_80.png
T2V_data/VIDGEN-1M_unzip/XBXqqzc8yMU-Scene-0042.mp4,"The video shows a person using a tool to cut a large block of ice. The person is wearing gloves and is carefully cutting the ice. The ice is thick and appears to be solid. The person is using a saw to cut through the ice, and the ice is falling off in large chunks. The background is not visible, but it appears to be a cold environment.",T2V_data/label/vidgen_filter_gemini_part_0_dpo_0/XBXqqzc8yMU-Scene-0042/entity_80.mp4,T2V_data/label/vidgen_filter_gemini_part_0_dpo_0/XBXqqzc8yMU-Scene-0042/aug_entity_80.png
T2V_data/VIDGEN-1M_unzip/XbC6wuUH3ZA-Scene-0030.mp4,"In the video, a woman is seen holding a pair of pliers in her right hand and a wire in her left hand. She is using the pliers to bend the wire. The woman is wearing a blue shirt and has long brown hair. The background consists of a black leather couch and a glass table. The woman appears to be in a living room or a similar indoor setting.",T2V_data/label/vidgen_filter_gemini_part_0_dpo_0/XbC6wuUH3ZA-Scene-0030/depth.mp4,T2V_data/label/vidgen_filter_gemini_part_0_dpo_0/XbC6wuUH3ZA-Scene-0030/aug_entity_80.png
T2V_data/VIDGEN-1M_unzip/XbC6wuUH3ZA-Scene-0030.mp4,"In the video, a woman is seen holding a pair of pliers in her right hand and a wire in her left hand. She is using the pliers to bend the wire. The woman is wearing a blue shirt and has long brown hair. The background consists of a black leather couch and a glass table. The woman appears to be in a living room or a similar indoor setting.",T2V_data/label/vidgen_filter_gemini_part_0_dpo_0/XbC6wuUH3ZA-Scene-0030/entity_80.mp4,T2V_data/label/vidgen_filter_gemini_part_0_dpo_0/XbC6wuUH3ZA-Scene-0030/aug_entity_80.png
T2V_data/VIDGEN-1M_unzip/XegFdK9UQN4-Scene-0022.mp4,"In the video, a man is seen standing on a grassy field with a soccer ball at his feet. He is wearing a black jacket, blue pants, and black shoes. The man is performing a soccer trick where he kicks the ball up into the air and then catches it with his foot. He repeats this action several times, showing off his soccer skills. The field is surrounded by trees with autumn leaves, and there are soccer goals in the background. The sky is clear and blue.",T2V_data/label/vidgen_filter_gemini_part_0_dpo_0/XegFdK9UQN4-Scene-0022/depth.mp4,T2V_data/label/vidgen_filter_gemini_part_0_dpo_0/XegFdK9UQN4-Scene-0022/aug_entity_20.png
T2V_data/VIDGEN-1M_unzip/XegFdK9UQN4-Scene-0022.mp4,"In the video, a man is seen standing on a grassy field with a soccer ball at his feet. He is wearing a black jacket, blue pants, and black shoes. The man is performing a soccer trick where he kicks the ball up into the air and then catches it with his foot. He repeats this action several times, showing off his soccer skills. The field is surrounded by trees with autumn leaves, and there are soccer goals in the background. The sky is clear and blue.",T2V_data/label/vidgen_filter_gemini_part_0_dpo_0/XegFdK9UQN4-Scene-0022/entity_20.mp4,T2V_data/label/vidgen_filter_gemini_part_0_dpo_0/XegFdK9UQN4-Scene-0022/aug_entity_20.png
T2V_data/VIDGEN-1M_unzip/Xfb_LanTIlA-Scene-0041.mp4,The video shows a person using a knife to cut a piece of paper. The paper has a blue turtle design on it. The person is cutting the paper into a specific shape.,T2V_data/label/vidgen_filter_gemini_part_0_dpo_0/Xfb_LanTIlA-Scene-0041/depth.mp4,T2V_data/label/vidgen_filter_gemini_part_0_dpo_0/Xfb_LanTIlA-Scene-0041/aug_entity_60.png
T2V_data/VIDGEN-1M_unzip/Xfb_LanTIlA-Scene-0041.mp4,The video shows a person using a knife to cut a piece of paper. The paper has a blue turtle design on it. The person is cutting the paper into a specific shape.,T2V_data/label/vidgen_filter_gemini_part_0_dpo_0/Xfb_LanTIlA-Scene-0041/entity_60.mp4,T2V_data/label/vidgen_filter_gemini_part_0_dpo_0/Xfb_LanTIlA-Scene-0041/aug_entity_60.png
T2V_data/VIDGEN-1M_unzip/XpTHWjSI4cA-Scene-0005.mp4,"The video shows a hockey player in a white and black uniform skating on the ice. The player is holding a hockey stick and is seen moving towards the camera. The player then stops and turns around, facing the opposite direction. The background shows a crowd of spectators watching the game. The player is wearing a helmet and gloves, and the ice rink has advertisements on the boards.",T2V_data/label/vidgen_filter_gemini_part_0_dpo_0/XpTHWjSI4cA-Scene-0005/depth.mp4,T2V_data/label/vidgen_filter_gemini_part_0_dpo_0/XpTHWjSI4cA-Scene-0005/aug_entity_20.png
T2V_data/VIDGEN-1M_unzip/XpTHWjSI4cA-Scene-0005.mp4,"The video shows a hockey player in a white and black uniform skating on the ice. The player is holding a hockey stick and is seen moving towards the camera. The player then stops and turns around, facing the opposite direction. The background shows a crowd of spectators watching the game. The player is wearing a helmet and gloves, and the ice rink has advertisements on the boards.",T2V_data/label/vidgen_filter_gemini_part_0_dpo_0/XpTHWjSI4cA-Scene-0005/entity_20.mp4,T2V_data/label/vidgen_filter_gemini_part_0_dpo_0/XpTHWjSI4cA-Scene-0005/aug_entity_20.png
T2V_data/VIDGEN-1M_unzip/XvxSywtz7Ps-Scene-0027.mp4,The video shows a series of images of two football players in the middle of a game. The player in the white jersey is holding the football and is being tackled by the player in the blue jersey. The player in the blue jersey is grabbing the player in the white jersey's helmet and pushing him to the ground. The background is a blurred image of a football field.,T2V_data/label/vidgen_filter_gemini_part_0_dpo_0/XvxSywtz7Ps-Scene-0027/depth.mp4,T2V_data/label/vidgen_filter_gemini_part_0_dpo_0/XvxSywtz7Ps-Scene-0027/aug_entity_60.png
T2V_data/VIDGEN-1M_unzip/XvxSywtz7Ps-Scene-0027.mp4,The video shows a series of images of two football players in the middle of a game. The player in the white jersey is holding the football and is being tackled by the player in the blue jersey. The player in the blue jersey is grabbing the player in the white jersey's helmet and pushing him to the ground. The background is a blurred image of a football field.,T2V_data/label/vidgen_filter_gemini_part_0_dpo_0/XvxSywtz7Ps-Scene-0027/entity_60.mp4,T2V_data/label/vidgen_filter_gemini_part_0_dpo_0/XvxSywtz7Ps-Scene-0027/aug_entity_60.png
T2V_data/VIDGEN-1M_unzip/YEBO7v1smBc-Scene-0042.mp4,"In the video, a man is seen working on a metal pipe in a workshop. He is wearing a black shirt and grey pants. The man is using a tape measure to measure the pipe, then he uses a saw to cut it. The workshop has a concrete floor and there are other tools and equipment visible in the background. The man appears to be focused on his task and is using the tools carefully.",T2V_data/label/vidgen_filter_gemini_part_0_dpo_0/YEBO7v1smBc-Scene-0042/depth.mp4,T2V_data/label/vidgen_filter_gemini_part_0_dpo_0/YEBO7v1smBc-Scene-0042/aug_entity_60.png
T2V_data/VIDGEN-1M_unzip/YEBO7v1smBc-Scene-0042.mp4,"In the video, a man is seen working on a metal pipe in a workshop. He is wearing a black shirt and grey pants. The man is using a tape measure to measure the pipe, then he uses a saw to cut it. The workshop has a concrete floor and there are other tools and equipment visible in the background. The man appears to be focused on his task and is using the tools carefully.",T2V_data/label/vidgen_filter_gemini_part_0_dpo_0/YEBO7v1smBc-Scene-0042/entity_60.mp4,T2V_data/label/vidgen_filter_gemini_part_0_dpo_0/YEBO7v1smBc-Scene-0042/aug_entity_60.png
T2V_data/VIDGEN-1M_unzip/YHHK_RRKQV8-Scene-0036.mp4,"The video shows a woman in a pink shirt putting fake plants into a fish tank. She is carefully arranging the plants to create a natural-looking environment for the fish. The plants are green and leafy, and the woman is using both hands to adjust them. The fish tank is already filled with water, and the background shows a room with various items.",T2V_data/label/vidgen_filter_gemini_part_0_dpo_0/YHHK_RRKQV8-Scene-0036/depth.mp4,T2V_data/label/vidgen_filter_gemini_part_0_dpo_0/YHHK_RRKQV8-Scene-0036/aug_entity_40.png
T2V_data/VIDGEN-1M_unzip/YHHK_RRKQV8-Scene-0036.mp4,"The video shows a woman in a pink shirt putting fake plants into a fish tank. She is carefully arranging the plants to create a natural-looking environment for the fish. The plants are green and leafy, and the woman is using both hands to adjust them. The fish tank is already filled with water, and the background shows a room with various items.",T2V_data/label/vidgen_filter_gemini_part_0_dpo_0/YHHK_RRKQV8-Scene-0036/entity_40.mp4,T2V_data/label/vidgen_filter_gemini_part_0_dpo_0/YHHK_RRKQV8-Scene-0036/aug_entity_40.png
T2V_data/VIDGEN-1M_unzip/YHHK_RRKQV8-Scene-0036.mp4,"The video shows a woman in a pink shirt putting fake plants into a fish tank. She is carefully arranging the plants to create a natural-looking environment for the fish. The plants are green and leafy, and the woman is using both hands to adjust them. The fish tank is already filled with water, and the background shows a room with various items.",T2V_data/label/vidgen_filter_gemini_part_0_dpo_0/YHHK_RRKQV8-Scene-0036/depth.mp4,T2V_data/label/vidgen_filter_gemini_part_0_dpo_0/YHHK_RRKQV8-Scene-0036/aug_entity_60.png
T2V_data/VIDGEN-1M_unzip/YHHK_RRKQV8-Scene-0036.mp4,"The video shows a woman in a pink shirt putting fake plants into a fish tank. She is carefully arranging the plants to create a natural-looking environment for the fish. The plants are green and leafy, and the woman is using both hands to adjust them. The fish tank is already filled with water, and the background shows a room with various items.",T2V_data/label/vidgen_filter_gemini_part_0_dpo_0/YHHK_RRKQV8-Scene-0036/entity_60.mp4,T2V_data/label/vidgen_filter_gemini_part_0_dpo_0/YHHK_RRKQV8-Scene-0036/aug_entity_60.png
T2V_data/VIDGEN-1M_unzip/YzOD_RWOGeU-Scene-0008.mp4,"In the video, a young boy is seen driving a small red toy car that resembles a Tesla. The car has a black interior and a silver steering wheel. The boy is wearing a black jacket and is driving the car on a driveway. In the background, there is a real red Tesla parked in front of a garage. The video also includes text overlay that reads ""G3-8 WITH A CAPACITY OF 81 POUNDS"".",T2V_data/label/vidgen_filter_gemini_part_0_dpo_0/YzOD_RWOGeU-Scene-0008/depth.mp4,T2V_data/label/vidgen_filter_gemini_part_0_dpo_0/YzOD_RWOGeU-Scene-0008/aug_entity_40.png
T2V_data/VIDGEN-1M_unzip/YzOD_RWOGeU-Scene-0008.mp4,"In the video, a young boy is seen driving a small red toy car that resembles a Tesla. The car has a black interior and a silver steering wheel. The boy is wearing a black jacket and is driving the car on a driveway. In the background, there is a real red Tesla parked in front of a garage. The video also includes text overlay that reads ""G3-8 WITH A CAPACITY OF 81 POUNDS"".",T2V_data/label/vidgen_filter_gemini_part_0_dpo_0/YzOD_RWOGeU-Scene-0008/entity_40.mp4,T2V_data/label/vidgen_filter_gemini_part_0_dpo_0/YzOD_RWOGeU-Scene-0008/aug_entity_40.png
T2V_data/VIDGEN-1M_unzip/YzOD_RWOGeU-Scene-0008.mp4,"In the video, a young boy is seen driving a small red toy car that resembles a Tesla. The car has a black interior and a silver steering wheel. The boy is wearing a black jacket and is driving the car on a driveway. In the background, there is a real red Tesla parked in front of a garage. The video also includes text overlay that reads ""G3-8 WITH A CAPACITY OF 81 POUNDS"".",T2V_data/label/vidgen_filter_gemini_part_0_dpo_0/YzOD_RWOGeU-Scene-0008/depth.mp4,T2V_data/label/vidgen_filter_gemini_part_0_dpo_0/YzOD_RWOGeU-Scene-0008/aug_entity_80.png
T2V_data/VIDGEN-1M_unzip/YzOD_RWOGeU-Scene-0008.mp4,"In the video, a young boy is seen driving a small red toy car that resembles a Tesla. The car has a black interior and a silver steering wheel. The boy is wearing a black jacket and is driving the car on a driveway. In the background, there is a real red Tesla parked in front of a garage. The video also includes text overlay that reads ""G3-8 WITH A CAPACITY OF 81 POUNDS"".",T2V_data/label/vidgen_filter_gemini_part_0_dpo_0/YzOD_RWOGeU-Scene-0008/entity_80.mp4,T2V_data/label/vidgen_filter_gemini_part_0_dpo_0/YzOD_RWOGeU-Scene-0008/aug_entity_80.png
T2V_data/VIDGEN-1M_unzip/Z9P_Qvns8-Q-Scene-0080.mp4,"In the video, a person is seen pouring a yellow liquid into a pie crust that is filled with blueberries. The person is wearing a brown apron and is standing in front of a white table. The pie crust is round and has a fluted edge. The blueberries are dark blue and are scattered throughout the crust. The yellow liquid is being poured from a clear glass bowl. The person pours the liquid slowly and carefully, ensuring that it covers all of the blueberries.",T2V_data/label/vidgen_filter_gemini_part_0_dpo_0/Z9P_Qvns8-Q-Scene-0080/depth.mp4,T2V_data/label/vidgen_filter_gemini_part_0_dpo_0/Z9P_Qvns8-Q-Scene-0080/aug_entity_40.png
T2V_data/VIDGEN-1M_unzip/Z9P_Qvns8-Q-Scene-0080.mp4,"In the video, a person is seen pouring a yellow liquid into a pie crust that is filled with blueberries. The person is wearing a brown apron and is standing in front of a white table. The pie crust is round and has a fluted edge. The blueberries are dark blue and are scattered throughout the crust. The yellow liquid is being poured from a clear glass bowl. The person pours the liquid slowly and carefully, ensuring that it covers all of the blueberries.",T2V_data/label/vidgen_filter_gemini_part_0_dpo_0/Z9P_Qvns8-Q-Scene-0080/entity_40.mp4,T2V_data/label/vidgen_filter_gemini_part_0_dpo_0/Z9P_Qvns8-Q-Scene-0080/aug_entity_40.png
T2V_data/VIDGEN-1M_unzip/ZAZ5Ow-UNyQ-Scene-0037.mp4,The video shows a small airplane landing on a runway. The plane is black and white in color and has a propeller on the front. The runway is surrounded by grass and there are buildings in the background. The plane touches down on the runway and comes to a stop.,T2V_data/label/vidgen_filter_gemini_part_0_dpo_0/ZAZ5Ow-UNyQ-Scene-0037/depth.mp4,T2V_data/label/vidgen_filter_gemini_part_0_dpo_0/ZAZ5Ow-UNyQ-Scene-0037/aug_entity_20.png
T2V_data/VIDGEN-1M_unzip/ZAZ5Ow-UNyQ-Scene-0037.mp4,The video shows a small airplane landing on a runway. The plane is black and white in color and has a propeller on the front. The runway is surrounded by grass and there are buildings in the background. The plane touches down on the runway and comes to a stop.,T2V_data/label/vidgen_filter_gemini_part_0_dpo_0/ZAZ5Ow-UNyQ-Scene-0037/entity_20.mp4,T2V_data/label/vidgen_filter_gemini_part_0_dpo_0/ZAZ5Ow-UNyQ-Scene-0037/aug_entity_20.png
T2V_data/VIDGEN-1M_unzip/ZE1RGs5OWrQ-Scene-0032.mp4,"The video shows a person holding a stick in their hand. The stick appears to be made of wood and has a small piece of wood on one end. The person is using their fingers to rub the stick against the wood, creating a small amount of smoke. The stick is held at an angle, and the person's fingers are moving back and forth along the length of the stick. The background is not clearly visible, but it appears to be an outdoor setting. The person's hand is visible, and they are wearing a gray shirt. The video is shot in close-up, focusing on the stick and the person's hand.",T2V_data/label/vidgen_filter_gemini_part_0_dpo_0/ZE1RGs5OWrQ-Scene-0032/depth.mp4,T2V_data/label/vidgen_filter_gemini_part_0_dpo_0/ZE1RGs5OWrQ-Scene-0032/aug_entity_60.png
T2V_data/VIDGEN-1M_unzip/ZE1RGs5OWrQ-Scene-0032.mp4,"The video shows a person holding a stick in their hand. The stick appears to be made of wood and has a small piece of wood on one end. The person is using their fingers to rub the stick against the wood, creating a small amount of smoke. The stick is held at an angle, and the person's fingers are moving back and forth along the length of the stick. The background is not clearly visible, but it appears to be an outdoor setting. The person's hand is visible, and they are wearing a gray shirt. The video is shot in close-up, focusing on the stick and the person's hand.",T2V_data/label/vidgen_filter_gemini_part_0_dpo_0/ZE1RGs5OWrQ-Scene-0032/entity_60.mp4,T2V_data/label/vidgen_filter_gemini_part_0_dpo_0/ZE1RGs5OWrQ-Scene-0032/aug_entity_60.png
T2V_data/VIDGEN-1M_unzip/ZHlCp8dBPl0-Scene-0017.mp4,The video shows a person using a soldering iron to solder a piece of copper wire to a copper strip. The person is holding the copper strip with one hand and the soldering iron with the other hand. The soldering iron is being used to melt the solder and fuse the copper wire to the copper strip. The person is wearing a blue shirt and is working on a black surface. The soldering iron has a silver-colored tip and a black handle. The copper wire is thin and has a shiny surface. The copper strip is wider and has a matte finish. The solder is a silver-colored metal that melts and solidifies when heated. The person is using a steady hand to apply the solder to the copper wire and strip.,T2V_data/label/vidgen_filter_gemini_part_0_dpo_0/ZHlCp8dBPl0-Scene-0017/depth.mp4,T2V_data/label/vidgen_filter_gemini_part_0_dpo_0/ZHlCp8dBPl0-Scene-0017/aug_entity_60.png
T2V_data/VIDGEN-1M_unzip/ZHlCp8dBPl0-Scene-0017.mp4,The video shows a person using a soldering iron to solder a piece of copper wire to a copper strip. The person is holding the copper strip with one hand and the soldering iron with the other hand. The soldering iron is being used to melt the solder and fuse the copper wire to the copper strip. The person is wearing a blue shirt and is working on a black surface. The soldering iron has a silver-colored tip and a black handle. The copper wire is thin and has a shiny surface. The copper strip is wider and has a matte finish. The solder is a silver-colored metal that melts and solidifies when heated. The person is using a steady hand to apply the solder to the copper wire and strip.,T2V_data/label/vidgen_filter_gemini_part_0_dpo_0/ZHlCp8dBPl0-Scene-0017/entity_60.mp4,T2V_data/label/vidgen_filter_gemini_part_0_dpo_0/ZHlCp8dBPl0-Scene-0017/aug_entity_60.png
T2V_data/VIDGEN-1M_unzip/ZNGvCOkPwLA-Scene-0053.mp4,"In the video, a young man is seen jumping on a trampoline. He starts by jumping on the trampoline and then proceeds to do a series of flips. The trampoline is surrounded by blue padding, and the walls are painted in bright colors. The man is wearing a white shirt and black pants. He appears to be skilled in his movements, executing the flips with ease. The video captures the man's movements in slow motion, allowing viewers to see the details of his actions. The lighting in the room is bright, and the camera angle is positioned to capture the man's movements from a side perspective.",T2V_data/label/vidgen_filter_gemini_part_0_dpo_0/ZNGvCOkPwLA-Scene-0053/depth.mp4,T2V_data/label/vidgen_filter_gemini_part_0_dpo_0/ZNGvCOkPwLA-Scene-0053/aug_entity_20.png
T2V_data/VIDGEN-1M_unzip/ZNGvCOkPwLA-Scene-0053.mp4,"In the video, a young man is seen jumping on a trampoline. He starts by jumping on the trampoline and then proceeds to do a series of flips. The trampoline is surrounded by blue padding, and the walls are painted in bright colors. The man is wearing a white shirt and black pants. He appears to be skilled in his movements, executing the flips with ease. The video captures the man's movements in slow motion, allowing viewers to see the details of his actions. The lighting in the room is bright, and the camera angle is positioned to capture the man's movements from a side perspective.",T2V_data/label/vidgen_filter_gemini_part_0_dpo_0/ZNGvCOkPwLA-Scene-0053/entity_20.mp4,T2V_data/label/vidgen_filter_gemini_part_0_dpo_0/ZNGvCOkPwLA-Scene-0053/aug_entity_20.png
T2V_data/VIDGEN-1M_unzip/ZV6A74qLiec-Scene-0023.mp4,The video shows a space shuttle launching from a launch pad. The shuttle is white with a red nose cone and is surrounded by a large amount of smoke and fire as it lifts off. The launch pad is made of metal and is located near a body of water. The sky is clear and blue.,T2V_data/label/vidgen_filter_gemini_part_0_dpo_0/ZV6A74qLiec-Scene-0023/depth.mp4,T2V_data/label/vidgen_filter_gemini_part_0_dpo_0/ZV6A74qLiec-Scene-0023/aug_entity_20.png
T2V_data/VIDGEN-1M_unzip/ZV6A74qLiec-Scene-0023.mp4,The video shows a space shuttle launching from a launch pad. The shuttle is white with a red nose cone and is surrounded by a large amount of smoke and fire as it lifts off. The launch pad is made of metal and is located near a body of water. The sky is clear and blue.,T2V_data/label/vidgen_filter_gemini_part_0_dpo_0/ZV6A74qLiec-Scene-0023/entity_20.mp4,T2V_data/label/vidgen_filter_gemini_part_0_dpo_0/ZV6A74qLiec-Scene-0023/aug_entity_20.png
T2V_data/VIDGEN-1M_unzip/ZVYohaSGJ3c-Scene-0104.mp4,"The video features a man with a muscular build, wearing a black tank top with a bull logo on it, and headphones around his neck. He is performing a weightlifting exercise using a barbell. The man's arms are heavily tattooed, and he appears to be exerting effort as he lifts the barbell. The background is a gym setting with various exercise equipment visible.",T2V_data/label/vidgen_filter_gemini_part_0_dpo_0/ZVYohaSGJ3c-Scene-0104/depth.mp4,T2V_data/label/vidgen_filter_gemini_part_0_dpo_0/ZVYohaSGJ3c-Scene-0104/aug_entity_40.png
T2V_data/VIDGEN-1M_unzip/ZVYohaSGJ3c-Scene-0104.mp4,"The video features a man with a muscular build, wearing a black tank top with a bull logo on it, and headphones around his neck. He is performing a weightlifting exercise using a barbell. The man's arms are heavily tattooed, and he appears to be exerting effort as he lifts the barbell. The background is a gym setting with various exercise equipment visible.",T2V_data/label/vidgen_filter_gemini_part_0_dpo_0/ZVYohaSGJ3c-Scene-0104/entity_40.mp4,T2V_data/label/vidgen_filter_gemini_part_0_dpo_0/ZVYohaSGJ3c-Scene-0104/aug_entity_40.png
T2V_data/VIDGEN-1M_unzip/_4RDvMplt94-Scene-0130.mp4,"In the video, a person is seen holding a small plastic bottle with a black cap. The person is using a dropper to add a few drops of a dark liquid into the bottle. The liquid appears to be a concentrated solution, and the person is careful to add only a small amount at a time. The bottle is transparent, allowing the viewer to see the liquid inside. The person's hands are steady as they hold the bottle and dropper, indicating that they are experienced in this task. The background is a plain white surface, which provides a clear contrast to the dark liquid and the black cap of the bottle. The video does not contain any text or subtitles.",T2V_data/label/vidgen_filter_gemini_part_0_dpo_0/_4RDvMplt94-Scene-0130/depth.mp4,T2V_data/label/vidgen_filter_gemini_part_0_dpo_0/_4RDvMplt94-Scene-0130/aug_entity_40.png
T2V_data/VIDGEN-1M_unzip/_4RDvMplt94-Scene-0130.mp4,"In the video, a person is seen holding a small plastic bottle with a black cap. The person is using a dropper to add a few drops of a dark liquid into the bottle. The liquid appears to be a concentrated solution, and the person is careful to add only a small amount at a time. The bottle is transparent, allowing the viewer to see the liquid inside. The person's hands are steady as they hold the bottle and dropper, indicating that they are experienced in this task. The background is a plain white surface, which provides a clear contrast to the dark liquid and the black cap of the bottle. The video does not contain any text or subtitles.",T2V_data/label/vidgen_filter_gemini_part_0_dpo_0/_4RDvMplt94-Scene-0130/entity_40.mp4,T2V_data/label/vidgen_filter_gemini_part_0_dpo_0/_4RDvMplt94-Scene-0130/aug_entity_40.png
T2V_data/VIDGEN-1M_unzip/_GzZ2KGli6Y-Scene-0004.mp4,"In the video, a man is standing in a living room holding a white bucket filled with popcorn. He is wearing a plaid shirt and jeans. Another man is sitting on a couch in front of him, wearing a gray t-shirt. The man with the bucket lifts it over his head and then tips it forward, causing the popcorn to fall onto the man sitting on the couch. The man sitting on the couch reacts with surprise and laughter.",T2V_data/label/vidgen_filter_gemini_part_0_dpo_0/_GzZ2KGli6Y-Scene-0004/depth.mp4,T2V_data/label/vidgen_filter_gemini_part_0_dpo_0/_GzZ2KGli6Y-Scene-0004/aug_entity_20.png
T2V_data/VIDGEN-1M_unzip/_GzZ2KGli6Y-Scene-0004.mp4,"In the video, a man is standing in a living room holding a white bucket filled with popcorn. He is wearing a plaid shirt and jeans. Another man is sitting on a couch in front of him, wearing a gray t-shirt. The man with the bucket lifts it over his head and then tips it forward, causing the popcorn to fall onto the man sitting on the couch. The man sitting on the couch reacts with surprise and laughter.",T2V_data/label/vidgen_filter_gemini_part_0_dpo_0/_GzZ2KGli6Y-Scene-0004/entity_20.mp4,T2V_data/label/vidgen_filter_gemini_part_0_dpo_0/_GzZ2KGli6Y-Scene-0004/aug_entity_20.png
T2V_data/VIDGEN-1M_unzip/_GzZ2KGli6Y-Scene-0004.mp4,"In the video, a man is standing in a living room holding a white bucket filled with popcorn. He is wearing a plaid shirt and jeans. Another man is sitting on a couch in front of him, wearing a gray t-shirt. The man with the bucket lifts it over his head and then tips it forward, causing the popcorn to fall onto the man sitting on the couch. The man sitting on the couch reacts with surprise and laughter.",T2V_data/label/vidgen_filter_gemini_part_0_dpo_0/_GzZ2KGli6Y-Scene-0004/depth.mp4,T2V_data/label/vidgen_filter_gemini_part_0_dpo_0/_GzZ2KGli6Y-Scene-0004/aug_entity_40.png
T2V_data/VIDGEN-1M_unzip/_GzZ2KGli6Y-Scene-0004.mp4,"In the video, a man is standing in a living room holding a white bucket filled with popcorn. He is wearing a plaid shirt and jeans. Another man is sitting on a couch in front of him, wearing a gray t-shirt. The man with the bucket lifts it over his head and then tips it forward, causing the popcorn to fall onto the man sitting on the couch. The man sitting on the couch reacts with surprise and laughter.",T2V_data/label/vidgen_filter_gemini_part_0_dpo_0/_GzZ2KGli6Y-Scene-0004/entity_40.mp4,T2V_data/label/vidgen_filter_gemini_part_0_dpo_0/_GzZ2KGli6Y-Scene-0004/aug_entity_40.png
T2V_data/VIDGEN-1M_unzip/_JAOqzD7McQ-Scene-0022.mp4,"In this video, we see a close-up of a person's hand using a wrench to tighten a bolt on a piece of machinery. The person is wearing a black glove on their hand, and the machinery appears to be made of metal. The bolt is silver and has a hexagonal shape. The person is turning the wrench clockwise, which is indicated by the direction of the bolt's rotation. The background is blurred, but it seems to be a workshop or industrial setting.",T2V_data/label/vidgen_filter_gemini_part_0_dpo_0/_JAOqzD7McQ-Scene-0022/depth.mp4,T2V_data/label/vidgen_filter_gemini_part_0_dpo_0/_JAOqzD7McQ-Scene-0022/aug_entity_40.png
T2V_data/VIDGEN-1M_unzip/_JAOqzD7McQ-Scene-0022.mp4,"In this video, we see a close-up of a person's hand using a wrench to tighten a bolt on a piece of machinery. The person is wearing a black glove on their hand, and the machinery appears to be made of metal. The bolt is silver and has a hexagonal shape. The person is turning the wrench clockwise, which is indicated by the direction of the bolt's rotation. The background is blurred, but it seems to be a workshop or industrial setting.",T2V_data/label/vidgen_filter_gemini_part_0_dpo_0/_JAOqzD7McQ-Scene-0022/entity_40.mp4,T2V_data/label/vidgen_filter_gemini_part_0_dpo_0/_JAOqzD7McQ-Scene-0022/aug_entity_40.png
T2V_data/VIDGEN-1M_unzip/_Q_XAroZoRs-Scene-0043.mp4,"The video opens with a view of a beach at sunset, with palm trees and a large mountain in the background. The camera then pans to show a group of people running away from a large dinosaur. The dinosaur is chasing them, and the people are running in different directions to avoid being caught. The beach is sandy with footprints, and the sky is a mix of orange and blue hues. The dinosaur is brown and appears to be a Tyrannosaurus Rex. The people are wearing casual clothing and are running in a panicked manner.",T2V_data/label/vidgen_filter_gemini_part_0_dpo_0/_Q_XAroZoRs-Scene-0043/depth.mp4,T2V_data/label/vidgen_filter_gemini_part_0_dpo_0/_Q_XAroZoRs-Scene-0043/aug_entity_40.png
T2V_data/VIDGEN-1M_unzip/_Q_XAroZoRs-Scene-0043.mp4,"The video opens with a view of a beach at sunset, with palm trees and a large mountain in the background. The camera then pans to show a group of people running away from a large dinosaur. The dinosaur is chasing them, and the people are running in different directions to avoid being caught. The beach is sandy with footprints, and the sky is a mix of orange and blue hues. The dinosaur is brown and appears to be a Tyrannosaurus Rex. The people are wearing casual clothing and are running in a panicked manner.",T2V_data/label/vidgen_filter_gemini_part_0_dpo_0/_Q_XAroZoRs-Scene-0043/entity_40.mp4,T2V_data/label/vidgen_filter_gemini_part_0_dpo_0/_Q_XAroZoRs-Scene-0043/aug_entity_40.png
T2V_data/VIDGEN-1M_unzip/_YBDzOJqKX0-Scene-0066.mp4,"The video shows a child playing with a toy car set on a wooden floor. The child is sitting on the floor and has a green toy car in hand. The toy car set includes a blue track and a green ramp. The child places the green toy car on the track and then pushes it down the track. The child then picks up the green toy car and places it on the ramp. The child then pushes the green toy car down the ramp and onto the track again. The child repeats this process several times, pushing the green toy car down the track and ramp.",T2V_data/label/vidgen_filter_gemini_part_0_dpo_0/_YBDzOJqKX0-Scene-0066/depth.mp4,T2V_data/label/vidgen_filter_gemini_part_0_dpo_0/_YBDzOJqKX0-Scene-0066/aug_entity_20.png
T2V_data/VIDGEN-1M_unzip/_YBDzOJqKX0-Scene-0066.mp4,"The video shows a child playing with a toy car set on a wooden floor. The child is sitting on the floor and has a green toy car in hand. The toy car set includes a blue track and a green ramp. The child places the green toy car on the track and then pushes it down the track. The child then picks up the green toy car and places it on the ramp. The child then pushes the green toy car down the ramp and onto the track again. The child repeats this process several times, pushing the green toy car down the track and ramp.",T2V_data/label/vidgen_filter_gemini_part_0_dpo_0/_YBDzOJqKX0-Scene-0066/entity_20.mp4,T2V_data/label/vidgen_filter_gemini_part_0_dpo_0/_YBDzOJqKX0-Scene-0066/aug_entity_20.png
T2V_data/VIDGEN-1M_unzip/_bQDauhq_zs-Scene-0019.mp4,"In the video, a young girl is seen sitting on a skateboard ramp. She is wearing a brown dress and black shoes. The ramp is made of wood and has a curved shape. The girl is holding onto the sides of the ramp and appears to be preparing to slide down it. As she starts to slide down, she loses her balance and falls off the ramp onto the ground. The ramp is located in an indoor skate park, and there are other people visible in the background. The girl seems to be unharmed and is smiling as she sits on the ground.",T2V_data/label/vidgen_filter_gemini_part_0_dpo_0/_bQDauhq_zs-Scene-0019/depth.mp4,T2V_data/label/vidgen_filter_gemini_part_0_dpo_0/_bQDauhq_zs-Scene-0019/aug_entity_20.png
T2V_data/VIDGEN-1M_unzip/_bQDauhq_zs-Scene-0019.mp4,"In the video, a young girl is seen sitting on a skateboard ramp. She is wearing a brown dress and black shoes. The ramp is made of wood and has a curved shape. The girl is holding onto the sides of the ramp and appears to be preparing to slide down it. As she starts to slide down, she loses her balance and falls off the ramp onto the ground. The ramp is located in an indoor skate park, and there are other people visible in the background. The girl seems to be unharmed and is smiling as she sits on the ground.",T2V_data/label/vidgen_filter_gemini_part_0_dpo_0/_bQDauhq_zs-Scene-0019/entity_20.mp4,T2V_data/label/vidgen_filter_gemini_part_0_dpo_0/_bQDauhq_zs-Scene-0019/aug_entity_20.png
T2V_data/VIDGEN-1M_unzip/_lfLQ82ZVPs-Scene-0010.mp4,"The video shows a soccer game in progress. A player in a white jersey is seen kicking the ball towards the goal. The goalkeeper, wearing a red jersey, dives to his right and successfully blocks the ball from entering the goal. The players are on a green field with white markings, and the goal is a standard white net. The action is fast-paced, and the players are moving quickly.",T2V_data/label/vidgen_filter_gemini_part_0_dpo_0/_lfLQ82ZVPs-Scene-0010/depth.mp4,T2V_data/label/vidgen_filter_gemini_part_0_dpo_0/_lfLQ82ZVPs-Scene-0010/aug_entity_40.png
T2V_data/VIDGEN-1M_unzip/_lfLQ82ZVPs-Scene-0010.mp4,"The video shows a soccer game in progress. A player in a white jersey is seen kicking the ball towards the goal. The goalkeeper, wearing a red jersey, dives to his right and successfully blocks the ball from entering the goal. The players are on a green field with white markings, and the goal is a standard white net. The action is fast-paced, and the players are moving quickly.",T2V_data/label/vidgen_filter_gemini_part_0_dpo_0/_lfLQ82ZVPs-Scene-0010/entity_40.mp4,T2V_data/label/vidgen_filter_gemini_part_0_dpo_0/_lfLQ82ZVPs-Scene-0010/aug_entity_40.png
T2V_data/VIDGEN-1M_unzip/aCTgHeY5-8Y-Scene-0055.mp4,"The video shows a person cooking food on a rock. The person is using a pot to cook the food, and there is a fire burning underneath the pot. The person is stirring the food with a spoon. The video is shot in a dark environment, and the only light source is the fire. The person appears to be cooking alone, and there are no other people or objects visible in the video. The video does not provide any information about the type of food being cooked or the location of the cooking.",T2V_data/label/vidgen_filter_gemini_part_0_dpo_0/aCTgHeY5-8Y-Scene-0055/depth.mp4,T2V_data/label/vidgen_filter_gemini_part_0_dpo_0/aCTgHeY5-8Y-Scene-0055/aug_entity_20.png
T2V_data/VIDGEN-1M_unzip/aCTgHeY5-8Y-Scene-0055.mp4,"The video shows a person cooking food on a rock. The person is using a pot to cook the food, and there is a fire burning underneath the pot. The person is stirring the food with a spoon. The video is shot in a dark environment, and the only light source is the fire. The person appears to be cooking alone, and there are no other people or objects visible in the video. The video does not provide any information about the type of food being cooked or the location of the cooking.",T2V_data/label/vidgen_filter_gemini_part_0_dpo_0/aCTgHeY5-8Y-Scene-0055/entity_20.mp4,T2V_data/label/vidgen_filter_gemini_part_0_dpo_0/aCTgHeY5-8Y-Scene-0055/aug_entity_20.png
T2V_data/VIDGEN-1M_unzip/aDX539T-n5g-Scene-0064.mp4,"In the video, there is a man standing on a stack of pool balls on a pool table. He is wearing a black shirt and gray pants. Another man is kneeling on the floor next to the pool table, holding a pool cue. The man on the pool balls is balancing himself while the other man is aiming the cue at the balls. The room has gray walls and black blinds on the windows. The pool table is green with a white border. The pool balls are multicolored and there are several of them stacked on top of each other. The man on the balls appears to be concentrating on maintaining his balance while the other man is focused on his aim.",T2V_data/label/vidgen_filter_gemini_part_0_dpo_0/aDX539T-n5g-Scene-0064/depth.mp4,T2V_data/label/vidgen_filter_gemini_part_0_dpo_0/aDX539T-n5g-Scene-0064/aug_entity_20.png
T2V_data/VIDGEN-1M_unzip/aDX539T-n5g-Scene-0064.mp4,"In the video, there is a man standing on a stack of pool balls on a pool table. He is wearing a black shirt and gray pants. Another man is kneeling on the floor next to the pool table, holding a pool cue. The man on the pool balls is balancing himself while the other man is aiming the cue at the balls. The room has gray walls and black blinds on the windows. The pool table is green with a white border. The pool balls are multicolored and there are several of them stacked on top of each other. The man on the balls appears to be concentrating on maintaining his balance while the other man is focused on his aim.",T2V_data/label/vidgen_filter_gemini_part_0_dpo_0/aDX539T-n5g-Scene-0064/entity_20.mp4,T2V_data/label/vidgen_filter_gemini_part_0_dpo_0/aDX539T-n5g-Scene-0064/aug_entity_20.png
T2V_data/VIDGEN-1M_unzip/aNbLSQVOwco-Scene-0076.mp4,"This video shows a close-up of a machine pouring a yellow liquid into a clear plastic cup. The machine has a metal tube attached to it, and the liquid is flowing smoothly into the cup. The background is blurred, but it appears to be a kitchen or bar setting with white and silver tones. The machine and the cup are the main focus of the video, and there is no visible text or subtitles.",T2V_data/label/vidgen_filter_gemini_part_0_dpo_0/aNbLSQVOwco-Scene-0076/depth.mp4,T2V_data/label/vidgen_filter_gemini_part_0_dpo_0/aNbLSQVOwco-Scene-0076/aug_entity_60.png
T2V_data/VIDGEN-1M_unzip/aNbLSQVOwco-Scene-0076.mp4,"This video shows a close-up of a machine pouring a yellow liquid into a clear plastic cup. The machine has a metal tube attached to it, and the liquid is flowing smoothly into the cup. The background is blurred, but it appears to be a kitchen or bar setting with white and silver tones. The machine and the cup are the main focus of the video, and there is no visible text or subtitles.",T2V_data/label/vidgen_filter_gemini_part_0_dpo_0/aNbLSQVOwco-Scene-0076/entity_60.mp4,T2V_data/label/vidgen_filter_gemini_part_0_dpo_0/aNbLSQVOwco-Scene-0076/aug_entity_60.png
T2V_data/VIDGEN-1M_unzip/aOcQyrZTTQ8-Scene-0025.mp4,"In the video, a person is seen cutting a piece of meat with a knife. The meat is pink in color and appears to be raw. The person is using a silver knife to cut the meat into smaller pieces. The background is blurred, but it appears to be a kitchen setting. The person's hands are visible, and they are wearing a white shirt. The video is shot from a close-up angle, focusing on the meat and the person's hands.",T2V_data/label/vidgen_filter_gemini_part_0_dpo_0/aOcQyrZTTQ8-Scene-0025/depth.mp4,T2V_data/label/vidgen_filter_gemini_part_0_dpo_0/aOcQyrZTTQ8-Scene-0025/aug_entity_20.png
T2V_data/VIDGEN-1M_unzip/aOcQyrZTTQ8-Scene-0025.mp4,"In the video, a person is seen cutting a piece of meat with a knife. The meat is pink in color and appears to be raw. The person is using a silver knife to cut the meat into smaller pieces. The background is blurred, but it appears to be a kitchen setting. The person's hands are visible, and they are wearing a white shirt. The video is shot from a close-up angle, focusing on the meat and the person's hands.",T2V_data/label/vidgen_filter_gemini_part_0_dpo_0/aOcQyrZTTQ8-Scene-0025/entity_20.mp4,T2V_data/label/vidgen_filter_gemini_part_0_dpo_0/aOcQyrZTTQ8-Scene-0025/aug_entity_20.png
T2V_data/VIDGEN-1M_unzip/aggi3EggKxA-Scene-0082.mp4,"In the video, a person is seen holding a fish in their hands. The fish has been cut in half and is lying on a rock. The person is using a knife to cut the fish further. The fish appears to be fresh, with a silver color and a shiny texture. The person's hands are visible, and they are wearing a black jacket. The background is blurred, but it seems to be an outdoor setting with rocks and possibly a body of water.",T2V_data/label/vidgen_filter_gemini_part_0_dpo_0/aggi3EggKxA-Scene-0082/depth.mp4,T2V_data/label/vidgen_filter_gemini_part_0_dpo_0/aggi3EggKxA-Scene-0082/aug_entity_40.png
T2V_data/VIDGEN-1M_unzip/aggi3EggKxA-Scene-0082.mp4,"In the video, a person is seen holding a fish in their hands. The fish has been cut in half and is lying on a rock. The person is using a knife to cut the fish further. The fish appears to be fresh, with a silver color and a shiny texture. The person's hands are visible, and they are wearing a black jacket. The background is blurred, but it seems to be an outdoor setting with rocks and possibly a body of water.",T2V_data/label/vidgen_filter_gemini_part_0_dpo_0/aggi3EggKxA-Scene-0082/entity_40.mp4,T2V_data/label/vidgen_filter_gemini_part_0_dpo_0/aggi3EggKxA-Scene-0082/aug_entity_40.png
T2V_data/VIDGEN-1M_unzip/amTnNkAhWgQ-Scene-0016.mp4,"In the video, a person is seen working on a mechanical device. The device appears to be made of metal and has various components attached to it. The person is holding a black rubber hose and is unscrewing it from the device. They then proceed to unscrew a metal piece from the device as well. The person's hands are visible in the frame, and they seem to be wearing a ring on their left hand. The background is not clearly visible, but it appears to be a workshop or garage setting. The person's actions suggest that they are either repairing or assembling the device.",T2V_data/label/vidgen_filter_gemini_part_0_dpo_0/amTnNkAhWgQ-Scene-0016/depth.mp4,T2V_data/label/vidgen_filter_gemini_part_0_dpo_0/amTnNkAhWgQ-Scene-0016/aug_entity_20.png
T2V_data/VIDGEN-1M_unzip/amTnNkAhWgQ-Scene-0016.mp4,"In the video, a person is seen working on a mechanical device. The device appears to be made of metal and has various components attached to it. The person is holding a black rubber hose and is unscrewing it from the device. They then proceed to unscrew a metal piece from the device as well. The person's hands are visible in the frame, and they seem to be wearing a ring on their left hand. The background is not clearly visible, but it appears to be a workshop or garage setting. The person's actions suggest that they are either repairing or assembling the device.",T2V_data/label/vidgen_filter_gemini_part_0_dpo_0/amTnNkAhWgQ-Scene-0016/entity_20.mp4,T2V_data/label/vidgen_filter_gemini_part_0_dpo_0/amTnNkAhWgQ-Scene-0016/aug_entity_20.png
T2V_data/VIDGEN-1M_unzip/b0KwUfKUISw-Scene-0049.mp4,"In the video, a man is seen kneeling down on the ground next to a red pole. He is wearing a blue shirt and brown pants. The man is holding a white pipe in his hands and appears to be cutting it with a tool. The ground is covered in dirt and small rocks, and there is a black boot visible in the frame. The man seems to be focused on his task, and there is no one else visible in the video.",T2V_data/label/vidgen_filter_gemini_part_0_dpo_0/b0KwUfKUISw-Scene-0049/depth.mp4,T2V_data/label/vidgen_filter_gemini_part_0_dpo_0/b0KwUfKUISw-Scene-0049/aug_entity_40.png
T2V_data/VIDGEN-1M_unzip/b0KwUfKUISw-Scene-0049.mp4,"In the video, a man is seen kneeling down on the ground next to a red pole. He is wearing a blue shirt and brown pants. The man is holding a white pipe in his hands and appears to be cutting it with a tool. The ground is covered in dirt and small rocks, and there is a black boot visible in the frame. The man seems to be focused on his task, and there is no one else visible in the video.",T2V_data/label/vidgen_filter_gemini_part_0_dpo_0/b0KwUfKUISw-Scene-0049/entity_40.mp4,T2V_data/label/vidgen_filter_gemini_part_0_dpo_0/b0KwUfKUISw-Scene-0049/aug_entity_40.png
T2V_data/VIDGEN-1M_unzip/b3AZlH8_8UU-Scene-0024.mp4,"In the video, a man is sitting in the driver's seat of a car, wearing an orange shirt and a helmet. He is holding a steering wheel and driving the car. There are two large white pillows on either side of him, and he is driving the car into a wall. The car is moving at a moderate speed, and the man appears to be focused on the road. The video is shot from the perspective of the back seat, and the sound of the car's engine can be heard. The man continues to drive the car into the wall, and the video ends.",T2V_data/label/vidgen_filter_gemini_part_0_dpo_0/b3AZlH8_8UU-Scene-0024/depth.mp4,T2V_data/label/vidgen_filter_gemini_part_0_dpo_0/b3AZlH8_8UU-Scene-0024/aug_entity_20.png
T2V_data/VIDGEN-1M_unzip/b3AZlH8_8UU-Scene-0024.mp4,"In the video, a man is sitting in the driver's seat of a car, wearing an orange shirt and a helmet. He is holding a steering wheel and driving the car. There are two large white pillows on either side of him, and he is driving the car into a wall. The car is moving at a moderate speed, and the man appears to be focused on the road. The video is shot from the perspective of the back seat, and the sound of the car's engine can be heard. The man continues to drive the car into the wall, and the video ends.",T2V_data/label/vidgen_filter_gemini_part_0_dpo_0/b3AZlH8_8UU-Scene-0024/entity_20.mp4,T2V_data/label/vidgen_filter_gemini_part_0_dpo_0/b3AZlH8_8UU-Scene-0024/aug_entity_20.png
T2V_data/VIDGEN-1M_unzip/b7O97yuWikc-Scene-0009.mp4,"In the video, a person is seen mixing cement in a wheelbarrow. The individual is using a shovel to stir the cement, ensuring that it is well-mixed. The wheelbarrow is placed on a grassy surface, and the person is wearing a blue shirt. The cement appears to be of a thick consistency, and the person is making sure that it is evenly mixed. The video provides a close-up view of the mixing process, allowing viewers to see the texture of the cement and the movement of the shovel as it stirs the mixture.",T2V_data/label/vidgen_filter_gemini_part_0_dpo_0/b7O97yuWikc-Scene-0009/depth.mp4,T2V_data/label/vidgen_filter_gemini_part_0_dpo_0/b7O97yuWikc-Scene-0009/aug_entity_40.png
T2V_data/VIDGEN-1M_unzip/b7O97yuWikc-Scene-0009.mp4,"In the video, a person is seen mixing cement in a wheelbarrow. The individual is using a shovel to stir the cement, ensuring that it is well-mixed. The wheelbarrow is placed on a grassy surface, and the person is wearing a blue shirt. The cement appears to be of a thick consistency, and the person is making sure that it is evenly mixed. The video provides a close-up view of the mixing process, allowing viewers to see the texture of the cement and the movement of the shovel as it stirs the mixture.",T2V_data/label/vidgen_filter_gemini_part_0_dpo_0/b7O97yuWikc-Scene-0009/entity_40.mp4,T2V_data/label/vidgen_filter_gemini_part_0_dpo_0/b7O97yuWikc-Scene-0009/aug_entity_40.png
T2V_data/VIDGEN-1M_unzip/bN_QzBh0mUY-Scene-0016.mp4,"In the video, a person is holding a white bowl in their hand. They are using a ladle to pour a yellow liquid from a pot into the bowl. The liquid appears to be a smooth, creamy consistency, and it fills the bowl gradually. The background is a kitchen counter with a stove and other kitchen items visible.",T2V_data/label/vidgen_filter_gemini_part_0_dpo_0/bN_QzBh0mUY-Scene-0016/depth.mp4,T2V_data/label/vidgen_filter_gemini_part_0_dpo_0/bN_QzBh0mUY-Scene-0016/aug_entity_20.png
T2V_data/VIDGEN-1M_unzip/bN_QzBh0mUY-Scene-0016.mp4,"In the video, a person is holding a white bowl in their hand. They are using a ladle to pour a yellow liquid from a pot into the bowl. The liquid appears to be a smooth, creamy consistency, and it fills the bowl gradually. The background is a kitchen counter with a stove and other kitchen items visible.",T2V_data/label/vidgen_filter_gemini_part_0_dpo_0/bN_QzBh0mUY-Scene-0016/entity_20.mp4,T2V_data/label/vidgen_filter_gemini_part_0_dpo_0/bN_QzBh0mUY-Scene-0016/aug_entity_20.png
T2V_data/VIDGEN-1M_unzip/bTqkjXaaNF4-Scene-0006.mp4,"In this video, a person is seen holding a red bowl with a blue interior. The person then proceeds to shake the bowl, causing the contents to move around inside. The person then taps the bowl on the table, causing the contents to settle. The person repeats this process several times, shaking the bowl and then tapping it on the table. The video is shot from a close-up angle, focusing on the bowl and the person's hands. The person's actions are deliberate and controlled, suggesting that they are trying to mix or settle the contents of the bowl. The red color of the bowl contrasts with the blue interior, making the contents of the bowl visible. The video does not provide any context or information about what the contents of the bowl are or what the person is trying to achieve.",T2V_data/label/vidgen_filter_gemini_part_0_dpo_0/bTqkjXaaNF4-Scene-0006/depth.mp4,T2V_data/label/vidgen_filter_gemini_part_0_dpo_0/bTqkjXaaNF4-Scene-0006/aug_entity_20.png
T2V_data/VIDGEN-1M_unzip/bTqkjXaaNF4-Scene-0006.mp4,"In this video, a person is seen holding a red bowl with a blue interior. The person then proceeds to shake the bowl, causing the contents to move around inside. The person then taps the bowl on the table, causing the contents to settle. The person repeats this process several times, shaking the bowl and then tapping it on the table. The video is shot from a close-up angle, focusing on the bowl and the person's hands. The person's actions are deliberate and controlled, suggesting that they are trying to mix or settle the contents of the bowl. The red color of the bowl contrasts with the blue interior, making the contents of the bowl visible. The video does not provide any context or information about what the contents of the bowl are or what the person is trying to achieve.",T2V_data/label/vidgen_filter_gemini_part_0_dpo_0/bTqkjXaaNF4-Scene-0006/entity_20.mp4,T2V_data/label/vidgen_filter_gemini_part_0_dpo_0/bTqkjXaaNF4-Scene-0006/aug_entity_20.png
T2V_data/VIDGEN-1M_unzip/bVU6Mms8pqc-Scene-0049.mp4,"In the video, two wrestlers are seen in a wrestling ring. One wrestler is holding the other upside down and then slams him down onto the mat. The wrestler who was slammed down is wearing black boots and the other wrestler is wearing brown boots. The wrestling ring has a black mat and there are ropes surrounding it. The background shows a crowd of people watching the match.",T2V_data/label/vidgen_filter_gemini_part_0_dpo_0/bVU6Mms8pqc-Scene-0049/depth.mp4,T2V_data/label/vidgen_filter_gemini_part_0_dpo_0/bVU6Mms8pqc-Scene-0049/aug_entity_20.png
T2V_data/VIDGEN-1M_unzip/bVU6Mms8pqc-Scene-0049.mp4,"In the video, two wrestlers are seen in a wrestling ring. One wrestler is holding the other upside down and then slams him down onto the mat. The wrestler who was slammed down is wearing black boots and the other wrestler is wearing brown boots. The wrestling ring has a black mat and there are ropes surrounding it. The background shows a crowd of people watching the match.",T2V_data/label/vidgen_filter_gemini_part_0_dpo_0/bVU6Mms8pqc-Scene-0049/entity_20.mp4,T2V_data/label/vidgen_filter_gemini_part_0_dpo_0/bVU6Mms8pqc-Scene-0049/aug_entity_20.png
T2V_data/VIDGEN-1M_unzip/bVU6Mms8pqc-Scene-0049.mp4,"In the video, two wrestlers are seen in a wrestling ring. One wrestler is holding the other upside down and then slams him down onto the mat. The wrestler who was slammed down is wearing black boots and the other wrestler is wearing brown boots. The wrestling ring has a black mat and there are ropes surrounding it. The background shows a crowd of people watching the match.",T2V_data/label/vidgen_filter_gemini_part_0_dpo_0/bVU6Mms8pqc-Scene-0049/depth.mp4,T2V_data/label/vidgen_filter_gemini_part_0_dpo_0/bVU6Mms8pqc-Scene-0049/aug_entity_40.png
T2V_data/VIDGEN-1M_unzip/bVU6Mms8pqc-Scene-0049.mp4,"In the video, two wrestlers are seen in a wrestling ring. One wrestler is holding the other upside down and then slams him down onto the mat. The wrestler who was slammed down is wearing black boots and the other wrestler is wearing brown boots. The wrestling ring has a black mat and there are ropes surrounding it. The background shows a crowd of people watching the match.",T2V_data/label/vidgen_filter_gemini_part_0_dpo_0/bVU6Mms8pqc-Scene-0049/entity_40.mp4,T2V_data/label/vidgen_filter_gemini_part_0_dpo_0/bVU6Mms8pqc-Scene-0049/aug_entity_40.png
T2V_data/VIDGEN-1M_unzip/bgqYpZtpUcc-Scene-0017.mp4,"The video shows a person mixing a bowl of food with a wooden spoon. The bowl contains shredded cheese, bacon, and chopped green onions. The person is adding more cheese to the mixture and stirring it. The mixture appears to be a creamy yellow color, and the person is wearing a white shirt.",T2V_data/label/vidgen_filter_gemini_part_0_dpo_0/bgqYpZtpUcc-Scene-0017/depth.mp4,T2V_data/label/vidgen_filter_gemini_part_0_dpo_0/bgqYpZtpUcc-Scene-0017/aug_entity_60.png
T2V_data/VIDGEN-1M_unzip/bgqYpZtpUcc-Scene-0017.mp4,"The video shows a person mixing a bowl of food with a wooden spoon. The bowl contains shredded cheese, bacon, and chopped green onions. The person is adding more cheese to the mixture and stirring it. The mixture appears to be a creamy yellow color, and the person is wearing a white shirt.",T2V_data/label/vidgen_filter_gemini_part_0_dpo_0/bgqYpZtpUcc-Scene-0017/entity_60.mp4,T2V_data/label/vidgen_filter_gemini_part_0_dpo_0/bgqYpZtpUcc-Scene-0017/aug_entity_60.png
T2V_data/VIDGEN-1M_unzip/c-8zl1QcryY-Scene-0012.mp4,"The video shows a person wearing gloves cutting open a durian fruit with a knife. The person is seen cutting the fruit in half and then removing the flesh from the shell. The durian is a large fruit with a spiky exterior and a creamy flesh inside. The person is carefully cutting the fruit to remove the flesh, which is a common practice when preparing durian for consumption. The video is shot in a close-up view, focusing on the person's hands and the durian fruit. The person's movements are deliberate and precise, indicating that they are experienced in handling durian. The background is not visible, but the focus is on the durian and the person's hands. The video does not contain any dialogue or sound, and there are no other objects or people visible in the frame. The lighting is bright, and the colors are natural, with the green durian contrasting against the person's gloves.",T2V_data/label/vidgen_filter_gemini_part_0_dpo_0/c-8zl1QcryY-Scene-0012/depth.mp4,T2V_data/label/vidgen_filter_gemini_part_0_dpo_0/c-8zl1QcryY-Scene-0012/aug_entity_40.png
T2V_data/VIDGEN-1M_unzip/c-8zl1QcryY-Scene-0012.mp4,"The video shows a person wearing gloves cutting open a durian fruit with a knife. The person is seen cutting the fruit in half and then removing the flesh from the shell. The durian is a large fruit with a spiky exterior and a creamy flesh inside. The person is carefully cutting the fruit to remove the flesh, which is a common practice when preparing durian for consumption. The video is shot in a close-up view, focusing on the person's hands and the durian fruit. The person's movements are deliberate and precise, indicating that they are experienced in handling durian. The background is not visible, but the focus is on the durian and the person's hands. The video does not contain any dialogue or sound, and there are no other objects or people visible in the frame. The lighting is bright, and the colors are natural, with the green durian contrasting against the person's gloves.",T2V_data/label/vidgen_filter_gemini_part_0_dpo_0/c-8zl1QcryY-Scene-0012/entity_40.mp4,T2V_data/label/vidgen_filter_gemini_part_0_dpo_0/c-8zl1QcryY-Scene-0012/aug_entity_40.png
T2V_data/VIDGEN-1M_unzip/c1-SsQ49cRE-Scene-0370.mp4,"The video shows a brown van driving through a river. The water is moving quickly and splashing around the van. The van appears to be struggling to stay afloat, but it continues to move forward. The surroundings are not visible, but the focus is on the van and the water.",T2V_data/label/vidgen_filter_gemini_part_0_dpo_0/c1-SsQ49cRE-Scene-0370/depth.mp4,T2V_data/label/vidgen_filter_gemini_part_0_dpo_0/c1-SsQ49cRE-Scene-0370/aug_entity_20.png
T2V_data/VIDGEN-1M_unzip/c1-SsQ49cRE-Scene-0370.mp4,"The video shows a brown van driving through a river. The water is moving quickly and splashing around the van. The van appears to be struggling to stay afloat, but it continues to move forward. The surroundings are not visible, but the focus is on the van and the water.",T2V_data/label/vidgen_filter_gemini_part_0_dpo_0/c1-SsQ49cRE-Scene-0370/entity_20.mp4,T2V_data/label/vidgen_filter_gemini_part_0_dpo_0/c1-SsQ49cRE-Scene-0370/aug_entity_20.png
T2V_data/VIDGEN-1M_unzip/d6u0HKvr_cw-Scene-0146.mp4,The video shows a cheetah walking around in an enclosure. The cheetah is spotted and has a long tail. It is walking on a dirt ground with some grass patches. The enclosure is surrounded by a fence made of metal bars. The cheetah then picks up a ball and starts playing with it. It rolls the ball around with its paws and bites it. The cheetah is alone in the enclosure and seems to be enjoying its time playing with the ball.,T2V_data/label/vidgen_filter_gemini_part_0_dpo_0/d6u0HKvr_cw-Scene-0146/depth.mp4,T2V_data/label/vidgen_filter_gemini_part_0_dpo_0/d6u0HKvr_cw-Scene-0146/aug_entity_20.png
T2V_data/VIDGEN-1M_unzip/d6u0HKvr_cw-Scene-0146.mp4,The video shows a cheetah walking around in an enclosure. The cheetah is spotted and has a long tail. It is walking on a dirt ground with some grass patches. The enclosure is surrounded by a fence made of metal bars. The cheetah then picks up a ball and starts playing with it. It rolls the ball around with its paws and bites it. The cheetah is alone in the enclosure and seems to be enjoying its time playing with the ball.,T2V_data/label/vidgen_filter_gemini_part_0_dpo_0/d6u0HKvr_cw-Scene-0146/entity_20.mp4,T2V_data/label/vidgen_filter_gemini_part_0_dpo_0/d6u0HKvr_cw-Scene-0146/aug_entity_20.png
T2V_data/VIDGEN-1M_unzip/dHjZ61Gu_UY-Scene-0041.mp4,"The video shows a football game in progress. A player in a red jersey is running with the ball, and a player in a white jersey is chasing him. The player in the red jersey is wearing a helmet and carrying a football. The player in the white jersey is also wearing a helmet and is attempting to tackle the player in the red jersey. The field is marked with white lines, and there are other players visible in the background. The player in the red jersey is eventually tackled by the player in the white jersey.",T2V_data/label/vidgen_filter_gemini_part_0_dpo_0/dHjZ61Gu_UY-Scene-0041/depth.mp4,T2V_data/label/vidgen_filter_gemini_part_0_dpo_0/dHjZ61Gu_UY-Scene-0041/aug_entity_20.png
T2V_data/VIDGEN-1M_unzip/dHjZ61Gu_UY-Scene-0041.mp4,"The video shows a football game in progress. A player in a red jersey is running with the ball, and a player in a white jersey is chasing him. The player in the red jersey is wearing a helmet and carrying a football. The player in the white jersey is also wearing a helmet and is attempting to tackle the player in the red jersey. The field is marked with white lines, and there are other players visible in the background. The player in the red jersey is eventually tackled by the player in the white jersey.",T2V_data/label/vidgen_filter_gemini_part_0_dpo_0/dHjZ61Gu_UY-Scene-0041/entity_20.mp4,T2V_data/label/vidgen_filter_gemini_part_0_dpo_0/dHjZ61Gu_UY-Scene-0041/aug_entity_20.png
T2V_data/VIDGEN-1M_unzip/dIcwjfmUdLw-Scene-0008.mp4,"In the video, a person is seen mixing a white substance in a bowl. The person is using their hands to mix the substance, and then they pour water into the bowl. The person then continues to mix the substance with their hands. The video does not provide any information about the identity of the person or the purpose of the substance. The setting of the video is not clear, but it appears to be a kitchen or a similar environment. The video is shot in a close-up view, focusing on the person's hands and the bowl. The lighting is bright, and the colors in the video are predominantly white due to the substance in the bowl. There is no audio in the video, so the viewer cannot hear any sounds or conversations. The video does not contain any text or subtitles.",T2V_data/label/vidgen_filter_gemini_part_0_dpo_0/dIcwjfmUdLw-Scene-0008/depth.mp4,T2V_data/label/vidgen_filter_gemini_part_0_dpo_0/dIcwjfmUdLw-Scene-0008/aug_entity_40.png
T2V_data/VIDGEN-1M_unzip/dIcwjfmUdLw-Scene-0008.mp4,"In the video, a person is seen mixing a white substance in a bowl. The person is using their hands to mix the substance, and then they pour water into the bowl. The person then continues to mix the substance with their hands. The video does not provide any information about the identity of the person or the purpose of the substance. The setting of the video is not clear, but it appears to be a kitchen or a similar environment. The video is shot in a close-up view, focusing on the person's hands and the bowl. The lighting is bright, and the colors in the video are predominantly white due to the substance in the bowl. There is no audio in the video, so the viewer cannot hear any sounds or conversations. The video does not contain any text or subtitles.",T2V_data/label/vidgen_filter_gemini_part_0_dpo_0/dIcwjfmUdLw-Scene-0008/entity_40.mp4,T2V_data/label/vidgen_filter_gemini_part_0_dpo_0/dIcwjfmUdLw-Scene-0008/aug_entity_40.png
T2V_data/VIDGEN-1M_unzip/dJR_wPirr-o-Scene-0003.mp4,"In the video, a person is seen holding a glass jar filled with red candies. The person then proceeds to pour the candies into a glass bowl that is placed on a table. The table has several other glass jars filled with candies of different colors. The candies are poured from the jar into the bowl, and the person continues to pour until the bowl is full. The candies are small and round, and they have a shiny appearance. The person's hands are visible as they hold the jar and pour the candies. The background is a plain surface, and there are no other objects or people visible in the video.",T2V_data/label/vidgen_filter_gemini_part_0_dpo_0/dJR_wPirr-o-Scene-0003/depth.mp4,T2V_data/label/vidgen_filter_gemini_part_0_dpo_0/dJR_wPirr-o-Scene-0003/aug_entity_100.png
T2V_data/VIDGEN-1M_unzip/dJR_wPirr-o-Scene-0003.mp4,"In the video, a person is seen holding a glass jar filled with red candies. The person then proceeds to pour the candies into a glass bowl that is placed on a table. The table has several other glass jars filled with candies of different colors. The candies are poured from the jar into the bowl, and the person continues to pour until the bowl is full. The candies are small and round, and they have a shiny appearance. The person's hands are visible as they hold the jar and pour the candies. The background is a plain surface, and there are no other objects or people visible in the video.",T2V_data/label/vidgen_filter_gemini_part_0_dpo_0/dJR_wPirr-o-Scene-0003/entity_100.mp4,T2V_data/label/vidgen_filter_gemini_part_0_dpo_0/dJR_wPirr-o-Scene-0003/aug_entity_100.png
T2V_data/VIDGEN-1M_unzip/dJR_wPirr-o-Scene-0003.mp4,"In the video, a person is seen holding a glass jar filled with red candies. The person then proceeds to pour the candies into a glass bowl that is placed on a table. The table has several other glass jars filled with candies of different colors. The candies are poured from the jar into the bowl, and the person continues to pour until the bowl is full. The candies are small and round, and they have a shiny appearance. The person's hands are visible as they hold the jar and pour the candies. The background is a plain surface, and there are no other objects or people visible in the video.",T2V_data/label/vidgen_filter_gemini_part_0_dpo_0/dJR_wPirr-o-Scene-0003/depth.mp4,T2V_data/label/vidgen_filter_gemini_part_0_dpo_0/dJR_wPirr-o-Scene-0003/aug_entity_60.png
T2V_data/VIDGEN-1M_unzip/dJR_wPirr-o-Scene-0003.mp4,"In the video, a person is seen holding a glass jar filled with red candies. The person then proceeds to pour the candies into a glass bowl that is placed on a table. The table has several other glass jars filled with candies of different colors. The candies are poured from the jar into the bowl, and the person continues to pour until the bowl is full. The candies are small and round, and they have a shiny appearance. The person's hands are visible as they hold the jar and pour the candies. The background is a plain surface, and there are no other objects or people visible in the video.",T2V_data/label/vidgen_filter_gemini_part_0_dpo_0/dJR_wPirr-o-Scene-0003/entity_60.mp4,T2V_data/label/vidgen_filter_gemini_part_0_dpo_0/dJR_wPirr-o-Scene-0003/aug_entity_60.png
T2V_data/VIDGEN-1M_unzip/dJpIBEx1xFs-Scene-0020.mp4,"The video shows a close-up of a fried egg on top of a piece of toast. The egg is sunny side up with a runny yolk. A fork is used to pierce the yolk, causing it to spill out onto the toast. The toast appears to be seasoned with black pepper. The video also displays nutritional information, including 50g carbs, 27g protein, and 18g fat.",T2V_data/label/vidgen_filter_gemini_part_0_dpo_0/dJpIBEx1xFs-Scene-0020/depth.mp4,T2V_data/label/vidgen_filter_gemini_part_0_dpo_0/dJpIBEx1xFs-Scene-0020/aug_entity_20.png
T2V_data/VIDGEN-1M_unzip/dJpIBEx1xFs-Scene-0020.mp4,"The video shows a close-up of a fried egg on top of a piece of toast. The egg is sunny side up with a runny yolk. A fork is used to pierce the yolk, causing it to spill out onto the toast. The toast appears to be seasoned with black pepper. The video also displays nutritional information, including 50g carbs, 27g protein, and 18g fat.",T2V_data/label/vidgen_filter_gemini_part_0_dpo_0/dJpIBEx1xFs-Scene-0020/entity_20.mp4,T2V_data/label/vidgen_filter_gemini_part_0_dpo_0/dJpIBEx1xFs-Scene-0020/aug_entity_20.png
T2V_data/VIDGEN-1M_unzip/dMCJ0hCB9mM-Scene-0024.mp4,"The video shows a woman wearing a blue shirt and pink shorts playing tennis. She is holding a tennis racket and is seen hitting a ball. The woman is standing on a tennis court, and there are bicycles parked in the background. She is smiling and appears to be enjoying the game.",T2V_data/label/vidgen_filter_gemini_part_0_dpo_0/dMCJ0hCB9mM-Scene-0024/depth.mp4,T2V_data/label/vidgen_filter_gemini_part_0_dpo_0/dMCJ0hCB9mM-Scene-0024/aug_entity_20.png
T2V_data/VIDGEN-1M_unzip/dMCJ0hCB9mM-Scene-0024.mp4,"The video shows a woman wearing a blue shirt and pink shorts playing tennis. She is holding a tennis racket and is seen hitting a ball. The woman is standing on a tennis court, and there are bicycles parked in the background. She is smiling and appears to be enjoying the game.",T2V_data/label/vidgen_filter_gemini_part_0_dpo_0/dMCJ0hCB9mM-Scene-0024/entity_20.mp4,T2V_data/label/vidgen_filter_gemini_part_0_dpo_0/dMCJ0hCB9mM-Scene-0024/aug_entity_20.png
T2V_data/VIDGEN-1M_unzip/dU4whGiVLLk-Scene-0013.mp4,"In the video, a person is seen holding a smartphone in their hands. The person is using a black cloth to clean the screen of the phone. The phone has a white front with an orange border. The person's hands are visible, and they are using their thumbs to clean the screen. The background is not clearly visible, but it appears to be a plain surface.",T2V_data/label/vidgen_filter_gemini_part_0_dpo_0/dU4whGiVLLk-Scene-0013/depth.mp4,T2V_data/label/vidgen_filter_gemini_part_0_dpo_0/dU4whGiVLLk-Scene-0013/aug_entity_60.png
T2V_data/VIDGEN-1M_unzip/dU4whGiVLLk-Scene-0013.mp4,"In the video, a person is seen holding a smartphone in their hands. The person is using a black cloth to clean the screen of the phone. The phone has a white front with an orange border. The person's hands are visible, and they are using their thumbs to clean the screen. The background is not clearly visible, but it appears to be a plain surface.",T2V_data/label/vidgen_filter_gemini_part_0_dpo_0/dU4whGiVLLk-Scene-0013/entity_60.mp4,T2V_data/label/vidgen_filter_gemini_part_0_dpo_0/dU4whGiVLLk-Scene-0013/aug_entity_60.png
T2V_data/VIDGEN-1M_unzip/dXWYv49JrrE-Scene-0036.mp4,"In the video, a large crane is seen using a metal claw to tear down a tree. The claw is attached to a hydraulic arm, and it grabs onto the tree, pulling it down with force. As the tree falls, it creates a cloud of dust and debris, which fills the air around it. The crane is positioned in a clearing, with no other trees nearby. The sky is clear, and there are no people visible in the video. The crane appears to be operated by a remote control, as there is no one visible in the video. The tree falls with a loud crash, and the dust cloud lingers for a few seconds before settling.",T2V_data/label/vidgen_filter_gemini_part_0_dpo_0/dXWYv49JrrE-Scene-0036/depth.mp4,T2V_data/label/vidgen_filter_gemini_part_0_dpo_0/dXWYv49JrrE-Scene-0036/aug_entity_20.png
T2V_data/VIDGEN-1M_unzip/dXWYv49JrrE-Scene-0036.mp4,"In the video, a large crane is seen using a metal claw to tear down a tree. The claw is attached to a hydraulic arm, and it grabs onto the tree, pulling it down with force. As the tree falls, it creates a cloud of dust and debris, which fills the air around it. The crane is positioned in a clearing, with no other trees nearby. The sky is clear, and there are no people visible in the video. The crane appears to be operated by a remote control, as there is no one visible in the video. The tree falls with a loud crash, and the dust cloud lingers for a few seconds before settling.",T2V_data/label/vidgen_filter_gemini_part_0_dpo_0/dXWYv49JrrE-Scene-0036/entity_20.mp4,T2V_data/label/vidgen_filter_gemini_part_0_dpo_0/dXWYv49JrrE-Scene-0036/aug_entity_20.png
T2V_data/VIDGEN-1M_unzip/dep7JrtCt0A-Scene-0028.mp4,"In the video, a man is standing in front of a surfboard that is propped up on a wooden stand. He is wearing a black t-shirt and is holding a level tool in his hand. The surfboard is white with a red stripe on the side. The man is using the level tool to check the balance of the surfboard. He places the tool on the board and looks at it to make sure it is level. He then adjusts the board to make sure it is perfectly balanced. The background is a plain wall with a sign that says ""SUPBOARD"" on it.",T2V_data/label/vidgen_filter_gemini_part_0_dpo_0/dep7JrtCt0A-Scene-0028/depth.mp4,T2V_data/label/vidgen_filter_gemini_part_0_dpo_0/dep7JrtCt0A-Scene-0028/aug_entity_20.png
T2V_data/VIDGEN-1M_unzip/dep7JrtCt0A-Scene-0028.mp4,"In the video, a man is standing in front of a surfboard that is propped up on a wooden stand. He is wearing a black t-shirt and is holding a level tool in his hand. The surfboard is white with a red stripe on the side. The man is using the level tool to check the balance of the surfboard. He places the tool on the board and looks at it to make sure it is level. He then adjusts the board to make sure it is perfectly balanced. The background is a plain wall with a sign that says ""SUPBOARD"" on it.",T2V_data/label/vidgen_filter_gemini_part_0_dpo_0/dep7JrtCt0A-Scene-0028/entity_20.mp4,T2V_data/label/vidgen_filter_gemini_part_0_dpo_0/dep7JrtCt0A-Scene-0028/aug_entity_20.png
T2V_data/VIDGEN-1M_unzip/dep7JrtCt0A-Scene-0028.mp4,"In the video, a man is standing in front of a surfboard that is propped up on a wooden stand. He is wearing a black t-shirt and is holding a level tool in his hand. The surfboard is white with a red stripe on the side. The man is using the level tool to check the balance of the surfboard. He places the tool on the board and looks at it to make sure it is level. He then adjusts the board to make sure it is perfectly balanced. The background is a plain wall with a sign that says ""SUPBOARD"" on it.",T2V_data/label/vidgen_filter_gemini_part_0_dpo_0/dep7JrtCt0A-Scene-0028/depth.mp4,T2V_data/label/vidgen_filter_gemini_part_0_dpo_0/dep7JrtCt0A-Scene-0028/aug_entity_40.png
T2V_data/VIDGEN-1M_unzip/dep7JrtCt0A-Scene-0028.mp4,"In the video, a man is standing in front of a surfboard that is propped up on a wooden stand. He is wearing a black t-shirt and is holding a level tool in his hand. The surfboard is white with a red stripe on the side. The man is using the level tool to check the balance of the surfboard. He places the tool on the board and looks at it to make sure it is level. He then adjusts the board to make sure it is perfectly balanced. The background is a plain wall with a sign that says ""SUPBOARD"" on it.",T2V_data/label/vidgen_filter_gemini_part_0_dpo_0/dep7JrtCt0A-Scene-0028/entity_40.mp4,T2V_data/label/vidgen_filter_gemini_part_0_dpo_0/dep7JrtCt0A-Scene-0028/aug_entity_40.png
T2V_data/VIDGEN-1M_unzip/docSHTCasvQ-Scene-0044.mp4,"In the video, a green tractor is seen moving through a field of tall green grass. The tractor is equipped with a large cutting mechanism at the front, which is actively cutting down the grass as the tractor moves forward. The sky is clear and blue, indicating a sunny day. The field appears to be vast and open, with no other objects or people visible in the frame. The tractor is moving at a steady pace, and the grass is being cut evenly as the tractor progresses.",T2V_data/label/vidgen_filter_gemini_part_0_dpo_0/docSHTCasvQ-Scene-0044/depth.mp4,T2V_data/label/vidgen_filter_gemini_part_0_dpo_0/docSHTCasvQ-Scene-0044/aug_entity_20.png
T2V_data/VIDGEN-1M_unzip/docSHTCasvQ-Scene-0044.mp4,"In the video, a green tractor is seen moving through a field of tall green grass. The tractor is equipped with a large cutting mechanism at the front, which is actively cutting down the grass as the tractor moves forward. The sky is clear and blue, indicating a sunny day. The field appears to be vast and open, with no other objects or people visible in the frame. The tractor is moving at a steady pace, and the grass is being cut evenly as the tractor progresses.",T2V_data/label/vidgen_filter_gemini_part_0_dpo_0/docSHTCasvQ-Scene-0044/entity_20.mp4,T2V_data/label/vidgen_filter_gemini_part_0_dpo_0/docSHTCasvQ-Scene-0044/aug_entity_20.png
T2V_data/VIDGEN-1M_unzip/eDgQw9BHizA-Scene-0007.mp4,"The video shows a close-up of a person cutting a piece of raw chicken on a wooden cutting board. The person uses a knife to slice the chicken into thin strips. The chicken is pinkish in color, and the knife is silver. The cutting board is light brown with visible wood grains. The person's hand is visible, holding the chicken in place while cutting.",T2V_data/label/vidgen_filter_gemini_part_0_dpo_0/eDgQw9BHizA-Scene-0007/depth.mp4,T2V_data/label/vidgen_filter_gemini_part_0_dpo_0/eDgQw9BHizA-Scene-0007/aug_entity_40.png
T2V_data/VIDGEN-1M_unzip/eDgQw9BHizA-Scene-0007.mp4,"The video shows a close-up of a person cutting a piece of raw chicken on a wooden cutting board. The person uses a knife to slice the chicken into thin strips. The chicken is pinkish in color, and the knife is silver. The cutting board is light brown with visible wood grains. The person's hand is visible, holding the chicken in place while cutting.",T2V_data/label/vidgen_filter_gemini_part_0_dpo_0/eDgQw9BHizA-Scene-0007/entity_40.mp4,T2V_data/label/vidgen_filter_gemini_part_0_dpo_0/eDgQw9BHizA-Scene-0007/aug_entity_40.png
T2V_data/VIDGEN-1M_unzip/eJrzj06FIYg-Scene-0101.mp4,"In the video, a man is standing on a red carpeted stage. He is dressed in all black, including a black hat, and is juggling three white balls. The background is dark with a few small lights that resemble stars. The man is focused on his juggling, and the balls are in constant motion.",T2V_data/label/vidgen_filter_gemini_part_0_dpo_0/eJrzj06FIYg-Scene-0101/depth.mp4,T2V_data/label/vidgen_filter_gemini_part_0_dpo_0/eJrzj06FIYg-Scene-0101/aug_entity_20.png
T2V_data/VIDGEN-1M_unzip/eJrzj06FIYg-Scene-0101.mp4,"In the video, a man is standing on a red carpeted stage. He is dressed in all black, including a black hat, and is juggling three white balls. The background is dark with a few small lights that resemble stars. The man is focused on his juggling, and the balls are in constant motion.",T2V_data/label/vidgen_filter_gemini_part_0_dpo_0/eJrzj06FIYg-Scene-0101/entity_20.mp4,T2V_data/label/vidgen_filter_gemini_part_0_dpo_0/eJrzj06FIYg-Scene-0101/aug_entity_20.png
T2V_data/VIDGEN-1M_unzip/eKBLfnhezC0-Scene-0006.mp4,"In the video, a man is seen using a clamp to secure a piece of wood. He places the clamp on the wood and tightens it to hold it in place. The clamp is yellow and black in color, and the wood is a light brown color. The man's hands are visible, and he is wearing a black shirt. The background is blurred, but it appears to be a workshop or garage setting.",T2V_data/label/vidgen_filter_gemini_part_0_dpo_0/eKBLfnhezC0-Scene-0006/depth.mp4,T2V_data/label/vidgen_filter_gemini_part_0_dpo_0/eKBLfnhezC0-Scene-0006/aug_entity_40.png
T2V_data/VIDGEN-1M_unzip/eKBLfnhezC0-Scene-0006.mp4,"In the video, a man is seen using a clamp to secure a piece of wood. He places the clamp on the wood and tightens it to hold it in place. The clamp is yellow and black in color, and the wood is a light brown color. The man's hands are visible, and he is wearing a black shirt. The background is blurred, but it appears to be a workshop or garage setting.",T2V_data/label/vidgen_filter_gemini_part_0_dpo_0/eKBLfnhezC0-Scene-0006/entity_40.mp4,T2V_data/label/vidgen_filter_gemini_part_0_dpo_0/eKBLfnhezC0-Scene-0006/aug_entity_40.png
T2V_data/VIDGEN-1M_unzip/eKNp-ddPGMw-Scene-0082.mp4,"The video shows a woman in a gym lying on a bench and lifting a barbell with weights on it. She is wearing a black and white striped shirt and black leggings. The barbell is black and has multiple weights on it. There are two people standing next to her, one on each side, wearing white shirts. The gym has blue flooring and various pieces of exercise equipment in the background.",T2V_data/label/vidgen_filter_gemini_part_0_dpo_0/eKNp-ddPGMw-Scene-0082/depth.mp4,T2V_data/label/vidgen_filter_gemini_part_0_dpo_0/eKNp-ddPGMw-Scene-0082/aug_entity_20.png
T2V_data/VIDGEN-1M_unzip/eKNp-ddPGMw-Scene-0082.mp4,"The video shows a woman in a gym lying on a bench and lifting a barbell with weights on it. She is wearing a black and white striped shirt and black leggings. The barbell is black and has multiple weights on it. There are two people standing next to her, one on each side, wearing white shirts. The gym has blue flooring and various pieces of exercise equipment in the background.",T2V_data/label/vidgen_filter_gemini_part_0_dpo_0/eKNp-ddPGMw-Scene-0082/entity_20.mp4,T2V_data/label/vidgen_filter_gemini_part_0_dpo_0/eKNp-ddPGMw-Scene-0082/aug_entity_20.png
T2V_data/VIDGEN-1M_unzip/eN7sm1vbsaM-Scene-0065.mp4,"In the video, a young boy is playing with a toy bulldozer on the sand. The bulldozer is yellow in color and has black tracks. The boy is seen pushing the bulldozer forward and then lifting the front end of the bulldozer with his hand. He then pushes the bulldozer backward and repeats the process of lifting the front end. The boy seems to be enjoying himself as he plays with the toy bulldozer.",T2V_data/label/vidgen_filter_gemini_part_0_dpo_0/eN7sm1vbsaM-Scene-0065/depth.mp4,T2V_data/label/vidgen_filter_gemini_part_0_dpo_0/eN7sm1vbsaM-Scene-0065/aug_entity_40.png
T2V_data/VIDGEN-1M_unzip/eN7sm1vbsaM-Scene-0065.mp4,"In the video, a young boy is playing with a toy bulldozer on the sand. The bulldozer is yellow in color and has black tracks. The boy is seen pushing the bulldozer forward and then lifting the front end of the bulldozer with his hand. He then pushes the bulldozer backward and repeats the process of lifting the front end. The boy seems to be enjoying himself as he plays with the toy bulldozer.",T2V_data/label/vidgen_filter_gemini_part_0_dpo_0/eN7sm1vbsaM-Scene-0065/entity_40.mp4,T2V_data/label/vidgen_filter_gemini_part_0_dpo_0/eN7sm1vbsaM-Scene-0065/aug_entity_40.png
T2V_data/VIDGEN-1M_unzip/eYXXKXISy5s-Scene-0006.mp4,"The video shows a person's hand placing a small white Lego piece onto a larger Lego structure. The structure has a brown base and two white pillars on either side, with a blue Lego piece in between them. The hand places the small white piece onto the blue piece, and then removes it, repeating the action several times.",T2V_data/label/vidgen_filter_gemini_part_0_dpo_0/eYXXKXISy5s-Scene-0006/depth.mp4,T2V_data/label/vidgen_filter_gemini_part_0_dpo_0/eYXXKXISy5s-Scene-0006/aug_entity_20.png
T2V_data/VIDGEN-1M_unzip/eYXXKXISy5s-Scene-0006.mp4,"The video shows a person's hand placing a small white Lego piece onto a larger Lego structure. The structure has a brown base and two white pillars on either side, with a blue Lego piece in between them. The hand places the small white piece onto the blue piece, and then removes it, repeating the action several times.",T2V_data/label/vidgen_filter_gemini_part_0_dpo_0/eYXXKXISy5s-Scene-0006/entity_20.mp4,T2V_data/label/vidgen_filter_gemini_part_0_dpo_0/eYXXKXISy5s-Scene-0006/aug_entity_20.png
T2V_data/VIDGEN-1M_unzip/efeLtPSU9Gs-Scene-0122.mp4,"In the video, a woman is performing a gymnastics routine on a balance beam. She is wearing a blue leotard and has her hair pulled back in a bun. The balance beam is white and positioned in a gym with white walls and a red mat on the floor. The woman starts by standing on the beam, then performs a series of flips and twists, showcasing her agility and balance. She finishes her routine by jumping off the beam and raising her arms in the air.",T2V_data/label/vidgen_filter_gemini_part_0_dpo_0/efeLtPSU9Gs-Scene-0122/depth.mp4,T2V_data/label/vidgen_filter_gemini_part_0_dpo_0/efeLtPSU9Gs-Scene-0122/aug_entity_40.png
T2V_data/VIDGEN-1M_unzip/efeLtPSU9Gs-Scene-0122.mp4,"In the video, a woman is performing a gymnastics routine on a balance beam. She is wearing a blue leotard and has her hair pulled back in a bun. The balance beam is white and positioned in a gym with white walls and a red mat on the floor. The woman starts by standing on the beam, then performs a series of flips and twists, showcasing her agility and balance. She finishes her routine by jumping off the beam and raising her arms in the air.",T2V_data/label/vidgen_filter_gemini_part_0_dpo_0/efeLtPSU9Gs-Scene-0122/entity_40.mp4,T2V_data/label/vidgen_filter_gemini_part_0_dpo_0/efeLtPSU9Gs-Scene-0122/aug_entity_40.png
T2V_data/VIDGEN-1M_unzip/eqySiylrzJk-Scene-0015.mp4,"In the video, a man is standing in a forest with a knife in his hand. He is wearing a green jacket and is holding a piece of wood in his other hand. He is looking at the knife and then at the wood, and then he throws the knife at the wood. The knife hits the wood and sticks into it. The man then looks at the knife and smiles.",T2V_data/label/vidgen_filter_gemini_part_0_dpo_0/eqySiylrzJk-Scene-0015/depth.mp4,T2V_data/label/vidgen_filter_gemini_part_0_dpo_0/eqySiylrzJk-Scene-0015/aug_entity_20.png
T2V_data/VIDGEN-1M_unzip/eqySiylrzJk-Scene-0015.mp4,"In the video, a man is standing in a forest with a knife in his hand. He is wearing a green jacket and is holding a piece of wood in his other hand. He is looking at the knife and then at the wood, and then he throws the knife at the wood. The knife hits the wood and sticks into it. The man then looks at the knife and smiles.",T2V_data/label/vidgen_filter_gemini_part_0_dpo_0/eqySiylrzJk-Scene-0015/entity_20.mp4,T2V_data/label/vidgen_filter_gemini_part_0_dpo_0/eqySiylrzJk-Scene-0015/aug_entity_20.png
T2V_data/VIDGEN-1M_unzip/f4RV4WLZPfQ-Scene-0003.mp4,"In the video, a soldier is seen lying on the ground, holding a machine gun. The soldier is wearing a helmet and a bulletproof vest. The gun is mounted on a tripod, and the soldier is firing it. The background is a sandy area with a military vehicle visible. The soldier is shooting in the direction of the camera, and the gunfire is intense, with bullets flying everywhere. The video is shot in slow motion, emphasizing the action and the sound of the gunfire.",T2V_data/label/vidgen_filter_gemini_part_0_dpo_0/f4RV4WLZPfQ-Scene-0003/depth.mp4,T2V_data/label/vidgen_filter_gemini_part_0_dpo_0/f4RV4WLZPfQ-Scene-0003/aug_entity_20.png
T2V_data/VIDGEN-1M_unzip/f4RV4WLZPfQ-Scene-0003.mp4,"In the video, a soldier is seen lying on the ground, holding a machine gun. The soldier is wearing a helmet and a bulletproof vest. The gun is mounted on a tripod, and the soldier is firing it. The background is a sandy area with a military vehicle visible. The soldier is shooting in the direction of the camera, and the gunfire is intense, with bullets flying everywhere. The video is shot in slow motion, emphasizing the action and the sound of the gunfire.",T2V_data/label/vidgen_filter_gemini_part_0_dpo_0/f4RV4WLZPfQ-Scene-0003/entity_20.mp4,T2V_data/label/vidgen_filter_gemini_part_0_dpo_0/f4RV4WLZPfQ-Scene-0003/aug_entity_20.png
T2V_data/VIDGEN-1M_unzip/f4RV4WLZPfQ-Scene-0003.mp4,"In the video, a soldier is seen lying on the ground, holding a machine gun. The soldier is wearing a helmet and a bulletproof vest. The gun is mounted on a tripod, and the soldier is firing it. The background is a sandy area with a military vehicle visible. The soldier is shooting in the direction of the camera, and the gunfire is intense, with bullets flying everywhere. The video is shot in slow motion, emphasizing the action and the sound of the gunfire.",T2V_data/label/vidgen_filter_gemini_part_0_dpo_0/f4RV4WLZPfQ-Scene-0003/depth.mp4,T2V_data/label/vidgen_filter_gemini_part_0_dpo_0/f4RV4WLZPfQ-Scene-0003/aug_entity_40.png
T2V_data/VIDGEN-1M_unzip/f4RV4WLZPfQ-Scene-0003.mp4,"In the video, a soldier is seen lying on the ground, holding a machine gun. The soldier is wearing a helmet and a bulletproof vest. The gun is mounted on a tripod, and the soldier is firing it. The background is a sandy area with a military vehicle visible. The soldier is shooting in the direction of the camera, and the gunfire is intense, with bullets flying everywhere. The video is shot in slow motion, emphasizing the action and the sound of the gunfire.",T2V_data/label/vidgen_filter_gemini_part_0_dpo_0/f4RV4WLZPfQ-Scene-0003/entity_40.mp4,T2V_data/label/vidgen_filter_gemini_part_0_dpo_0/f4RV4WLZPfQ-Scene-0003/aug_entity_40.png
T2V_data/VIDGEN-1M_unzip/fZMawINwtJg-Scene-0119.mp4,"The video shows a ski lift with several chairs moving up and down the slope. The chairs are attached to a cable that is supported by a series of poles. The lift is surrounded by snow-covered ground and trees. The sky is clear and blue, and the sun is shining brightly.",T2V_data/label/vidgen_filter_gemini_part_0_dpo_0/fZMawINwtJg-Scene-0119/depth.mp4,T2V_data/label/vidgen_filter_gemini_part_0_dpo_0/fZMawINwtJg-Scene-0119/aug_entity_60.png
T2V_data/VIDGEN-1M_unzip/fZMawINwtJg-Scene-0119.mp4,"The video shows a ski lift with several chairs moving up and down the slope. The chairs are attached to a cable that is supported by a series of poles. The lift is surrounded by snow-covered ground and trees. The sky is clear and blue, and the sun is shining brightly.",T2V_data/label/vidgen_filter_gemini_part_0_dpo_0/fZMawINwtJg-Scene-0119/entity_60.mp4,T2V_data/label/vidgen_filter_gemini_part_0_dpo_0/fZMawINwtJg-Scene-0119/aug_entity_60.png
T2V_data/VIDGEN-1M_unzip/fZuk-TaECZo-Scene-0069.mp4,"The video features a young man playing tennis. He is dressed in a black shirt and black shorts. The man is holding a tennis racket and is seen hitting a tennis ball. The background is a solid green color, and there is a sign that reads \""Court #3\"". The man appears to be focused and determined as he plays.",T2V_data/label/vidgen_filter_gemini_part_0_dpo_0/fZuk-TaECZo-Scene-0069/depth.mp4,T2V_data/label/vidgen_filter_gemini_part_0_dpo_0/fZuk-TaECZo-Scene-0069/aug_entity_20.png
T2V_data/VIDGEN-1M_unzip/fZuk-TaECZo-Scene-0069.mp4,"The video features a young man playing tennis. He is dressed in a black shirt and black shorts. The man is holding a tennis racket and is seen hitting a tennis ball. The background is a solid green color, and there is a sign that reads \""Court #3\"". The man appears to be focused and determined as he plays.",T2V_data/label/vidgen_filter_gemini_part_0_dpo_0/fZuk-TaECZo-Scene-0069/entity_20.mp4,T2V_data/label/vidgen_filter_gemini_part_0_dpo_0/fZuk-TaECZo-Scene-0069/aug_entity_20.png
T2V_data/VIDGEN-1M_unzip/fcypptnzZkc-Scene-0121.mp4,"The video shows a roller coaster ride in an amusement park. The ride is moving at a high speed, and the camera captures the thrill of the ride. The roller coaster is surrounded by trees and mountains, and the sky is clear with the sun shining brightly. The ride is smooth, and the passengers seem to be enjoying the experience. The video is shot from a distance, and the roller coaster is the main focus of the video.",T2V_data/label/vidgen_filter_gemini_part_0_dpo_0/fcypptnzZkc-Scene-0121/depth.mp4,T2V_data/label/vidgen_filter_gemini_part_0_dpo_0/fcypptnzZkc-Scene-0121/aug_entity_20.png
T2V_data/VIDGEN-1M_unzip/fcypptnzZkc-Scene-0121.mp4,"The video shows a roller coaster ride in an amusement park. The ride is moving at a high speed, and the camera captures the thrill of the ride. The roller coaster is surrounded by trees and mountains, and the sky is clear with the sun shining brightly. The ride is smooth, and the passengers seem to be enjoying the experience. The video is shot from a distance, and the roller coaster is the main focus of the video.",T2V_data/label/vidgen_filter_gemini_part_0_dpo_0/fcypptnzZkc-Scene-0121/entity_20.mp4,T2V_data/label/vidgen_filter_gemini_part_0_dpo_0/fcypptnzZkc-Scene-0121/aug_entity_20.png
T2V_data/VIDGEN-1M_unzip/fuvgeP04TMI-Scene-0062.mp4,The video shows a man in a black tank top and white shorts playing tennis. He is wearing white socks and white shoes. The man is holding a tennis racket and hitting a tennis ball. The background is a plain white wall.,T2V_data/label/vidgen_filter_gemini_part_0_dpo_0/fuvgeP04TMI-Scene-0062/depth.mp4,T2V_data/label/vidgen_filter_gemini_part_0_dpo_0/fuvgeP04TMI-Scene-0062/aug_entity_20.png
T2V_data/VIDGEN-1M_unzip/fuvgeP04TMI-Scene-0062.mp4,The video shows a man in a black tank top and white shorts playing tennis. He is wearing white socks and white shoes. The man is holding a tennis racket and hitting a tennis ball. The background is a plain white wall.,T2V_data/label/vidgen_filter_gemini_part_0_dpo_0/fuvgeP04TMI-Scene-0062/entity_20.mp4,T2V_data/label/vidgen_filter_gemini_part_0_dpo_0/fuvgeP04TMI-Scene-0062/aug_entity_20.png
T2V_data/VIDGEN-1M_unzip/fvYNPFHF8sc-Scene-0050.mp4,"The video shows a close-up of a person's hand using a screwdriver to tighten a screw on a computer motherboard. The motherboard is black and has a Toshiba SSD installed on it. The person's hand is wearing a white glove, and the screwdriver is silver. The video is in black and white, except for the blue arrow that appears in some frames, pointing to the screw being tightened.",T2V_data/label/vidgen_filter_gemini_part_0_dpo_0/fvYNPFHF8sc-Scene-0050/depth.mp4,T2V_data/label/vidgen_filter_gemini_part_0_dpo_0/fvYNPFHF8sc-Scene-0050/aug_entity_20.png
T2V_data/VIDGEN-1M_unzip/fvYNPFHF8sc-Scene-0050.mp4,"The video shows a close-up of a person's hand using a screwdriver to tighten a screw on a computer motherboard. The motherboard is black and has a Toshiba SSD installed on it. The person's hand is wearing a white glove, and the screwdriver is silver. The video is in black and white, except for the blue arrow that appears in some frames, pointing to the screw being tightened.",T2V_data/label/vidgen_filter_gemini_part_0_dpo_0/fvYNPFHF8sc-Scene-0050/entity_20.mp4,T2V_data/label/vidgen_filter_gemini_part_0_dpo_0/fvYNPFHF8sc-Scene-0050/aug_entity_20.png
T2V_data/VIDGEN-1M_unzip/fvYNPFHF8sc-Scene-0050.mp4,"The video shows a close-up of a person's hand using a screwdriver to tighten a screw on a computer motherboard. The motherboard is black and has a Toshiba SSD installed on it. The person's hand is wearing a white glove, and the screwdriver is silver. The video is in black and white, except for the blue arrow that appears in some frames, pointing to the screw being tightened.",T2V_data/label/vidgen_filter_gemini_part_0_dpo_0/fvYNPFHF8sc-Scene-0050/depth.mp4,T2V_data/label/vidgen_filter_gemini_part_0_dpo_0/fvYNPFHF8sc-Scene-0050/aug_entity_40.png
T2V_data/VIDGEN-1M_unzip/fvYNPFHF8sc-Scene-0050.mp4,"The video shows a close-up of a person's hand using a screwdriver to tighten a screw on a computer motherboard. The motherboard is black and has a Toshiba SSD installed on it. The person's hand is wearing a white glove, and the screwdriver is silver. The video is in black and white, except for the blue arrow that appears in some frames, pointing to the screw being tightened.",T2V_data/label/vidgen_filter_gemini_part_0_dpo_0/fvYNPFHF8sc-Scene-0050/entity_40.mp4,T2V_data/label/vidgen_filter_gemini_part_0_dpo_0/fvYNPFHF8sc-Scene-0050/aug_entity_40.png
T2V_data/VIDGEN-1M_unzip/fvYNPFHF8sc-Scene-0050.mp4,"The video shows a close-up of a person's hand using a screwdriver to tighten a screw on a computer motherboard. The motherboard is black and has a Toshiba SSD installed on it. The person's hand is wearing a white glove, and the screwdriver is silver. The video is in black and white, except for the blue arrow that appears in some frames, pointing to the screw being tightened.",T2V_data/label/vidgen_filter_gemini_part_0_dpo_0/fvYNPFHF8sc-Scene-0050/depth.mp4,T2V_data/label/vidgen_filter_gemini_part_0_dpo_0/fvYNPFHF8sc-Scene-0050/aug_entity_60.png
T2V_data/VIDGEN-1M_unzip/fvYNPFHF8sc-Scene-0050.mp4,"The video shows a close-up of a person's hand using a screwdriver to tighten a screw on a computer motherboard. The motherboard is black and has a Toshiba SSD installed on it. The person's hand is wearing a white glove, and the screwdriver is silver. The video is in black and white, except for the blue arrow that appears in some frames, pointing to the screw being tightened.",T2V_data/label/vidgen_filter_gemini_part_0_dpo_0/fvYNPFHF8sc-Scene-0050/entity_60.mp4,T2V_data/label/vidgen_filter_gemini_part_0_dpo_0/fvYNPFHF8sc-Scene-0050/aug_entity_60.png
T2V_data/VIDGEN-1M_unzip/g9Qtuvrk164-Scene-0011.mp4,"In the video, a man is seen lying underneath a vehicle. He is wearing a black shirt and blue jeans. The vehicle appears to be a large truck, and the man is positioned directly underneath the front tire. He is using a red tool to work on the tire, possibly changing it. The man seems to be focused on his task, and there is no one else visible in the frame. The background is not clearly visible, but it appears to be an outdoor setting.",T2V_data/label/vidgen_filter_gemini_part_0_dpo_0/g9Qtuvrk164-Scene-0011/depth.mp4,T2V_data/label/vidgen_filter_gemini_part_0_dpo_0/g9Qtuvrk164-Scene-0011/aug_entity_60.png
T2V_data/VIDGEN-1M_unzip/g9Qtuvrk164-Scene-0011.mp4,"In the video, a man is seen lying underneath a vehicle. He is wearing a black shirt and blue jeans. The vehicle appears to be a large truck, and the man is positioned directly underneath the front tire. He is using a red tool to work on the tire, possibly changing it. The man seems to be focused on his task, and there is no one else visible in the frame. The background is not clearly visible, but it appears to be an outdoor setting.",T2V_data/label/vidgen_filter_gemini_part_0_dpo_0/g9Qtuvrk164-Scene-0011/entity_60.mp4,T2V_data/label/vidgen_filter_gemini_part_0_dpo_0/g9Qtuvrk164-Scene-0011/aug_entity_60.png
T2V_data/VIDGEN-1M_unzip/glX5Sapss5g-Scene-0021.mp4,"In this video, we see a man working underneath a car that is elevated off the ground. He is wearing a black shirt and black gloves, and he is using a tool to work on the underside of the car. The car appears to be in a garage or workshop setting, with various tools and equipment visible in the background. The man seems to be focused on his task, and he is using the tool with precision and care. The lighting in the garage is bright, and the camera angle is positioned to capture the man's actions clearly.",T2V_data/label/vidgen_filter_gemini_part_0_dpo_0/glX5Sapss5g-Scene-0021/depth.mp4,T2V_data/label/vidgen_filter_gemini_part_0_dpo_0/glX5Sapss5g-Scene-0021/aug_entity_20.png
T2V_data/VIDGEN-1M_unzip/glX5Sapss5g-Scene-0021.mp4,"In this video, we see a man working underneath a car that is elevated off the ground. He is wearing a black shirt and black gloves, and he is using a tool to work on the underside of the car. The car appears to be in a garage or workshop setting, with various tools and equipment visible in the background. The man seems to be focused on his task, and he is using the tool with precision and care. The lighting in the garage is bright, and the camera angle is positioned to capture the man's actions clearly.",T2V_data/label/vidgen_filter_gemini_part_0_dpo_0/glX5Sapss5g-Scene-0021/entity_20.mp4,T2V_data/label/vidgen_filter_gemini_part_0_dpo_0/glX5Sapss5g-Scene-0021/aug_entity_20.png
T2V_data/VIDGEN-1M_unzip/gt9FhHFxhjM-Scene-0012.mp4,"The video shows a small monkey with a white face and brown body moving along a tree branch. The monkey is seen climbing and jumping from branch to branch, surrounded by green leaves and yellow flowers. The monkey's movements are agile and quick, as it navigates through the tree with ease. The video captures the monkey's playful and curious nature as it explores its environment.",T2V_data/label/vidgen_filter_gemini_part_0_dpo_0/gt9FhHFxhjM-Scene-0012/depth.mp4,T2V_data/label/vidgen_filter_gemini_part_0_dpo_0/gt9FhHFxhjM-Scene-0012/aug_entity_20.png
T2V_data/VIDGEN-1M_unzip/gt9FhHFxhjM-Scene-0012.mp4,"The video shows a small monkey with a white face and brown body moving along a tree branch. The monkey is seen climbing and jumping from branch to branch, surrounded by green leaves and yellow flowers. The monkey's movements are agile and quick, as it navigates through the tree with ease. The video captures the monkey's playful and curious nature as it explores its environment.",T2V_data/label/vidgen_filter_gemini_part_0_dpo_0/gt9FhHFxhjM-Scene-0012/entity_20.mp4,T2V_data/label/vidgen_filter_gemini_part_0_dpo_0/gt9FhHFxhjM-Scene-0012/aug_entity_20.png
T2V_data/VIDGEN-1M_unzip/hC0zfNEn-eo-Scene-0007.mp4,"The video shows a young man climbing a rock wall at an indoor climbing facility. The climber is wearing a black t-shirt and shorts, and is using his hands and feet to navigate the colorful holds on the wall. The wall itself is covered in various shapes and sizes of holds, including red, green, and blue ones. The climber appears to be focused and determined as he makes his way up the wall. In the background, other climbers can be seen on different walls, indicating that the facility is quite busy. The flooring is blue, and there are safety mats placed around the base of the climbing walls.",T2V_data/label/vidgen_filter_gemini_part_0_dpo_0/hC0zfNEn-eo-Scene-0007/depth.mp4,T2V_data/label/vidgen_filter_gemini_part_0_dpo_0/hC0zfNEn-eo-Scene-0007/aug_entity_20.png
T2V_data/VIDGEN-1M_unzip/hC0zfNEn-eo-Scene-0007.mp4,"The video shows a young man climbing a rock wall at an indoor climbing facility. The climber is wearing a black t-shirt and shorts, and is using his hands and feet to navigate the colorful holds on the wall. The wall itself is covered in various shapes and sizes of holds, including red, green, and blue ones. The climber appears to be focused and determined as he makes his way up the wall. In the background, other climbers can be seen on different walls, indicating that the facility is quite busy. The flooring is blue, and there are safety mats placed around the base of the climbing walls.",T2V_data/label/vidgen_filter_gemini_part_0_dpo_0/hC0zfNEn-eo-Scene-0007/entity_20.mp4,T2V_data/label/vidgen_filter_gemini_part_0_dpo_0/hC0zfNEn-eo-Scene-0007/aug_entity_20.png
T2V_data/VIDGEN-1M_unzip/hFd_gcHh8KQ-Scene-0041.mp4,"In the video, a person is seen working on a car. The person is wearing gloves and using a tool to work on the car's undercarriage. The car is elevated on a lift, and the person is standing underneath it. The person is focused on their task, and the environment appears to be a garage or workshop. The video does not provide any additional context or information about the person or the car.",T2V_data/label/vidgen_filter_gemini_part_0_dpo_0/hFd_gcHh8KQ-Scene-0041/depth.mp4,T2V_data/label/vidgen_filter_gemini_part_0_dpo_0/hFd_gcHh8KQ-Scene-0041/aug_entity_80.png
T2V_data/VIDGEN-1M_unzip/hFd_gcHh8KQ-Scene-0041.mp4,"In the video, a person is seen working on a car. The person is wearing gloves and using a tool to work on the car's undercarriage. The car is elevated on a lift, and the person is standing underneath it. The person is focused on their task, and the environment appears to be a garage or workshop. The video does not provide any additional context or information about the person or the car.",T2V_data/label/vidgen_filter_gemini_part_0_dpo_0/hFd_gcHh8KQ-Scene-0041/entity_80.mp4,T2V_data/label/vidgen_filter_gemini_part_0_dpo_0/hFd_gcHh8KQ-Scene-0041/aug_entity_80.png
T2V_data/VIDGEN-1M_unzip/hGnW0PzKWzY-Scene-0079.mp4,"In the video, a person is seen cutting a piece of dough into smaller pieces. The dough is placed on a countertop, and the person uses a knife to cut it into triangular shapes. The person's hands are visible, and they are wearing a white shirt. The knife is silver and has a white handle. The dough is yellow in color and appears to be soft and pliable. The person cuts the dough into several pieces, and the pieces are arranged neatly on the countertop.",T2V_data/label/vidgen_filter_gemini_part_0_dpo_0/hGnW0PzKWzY-Scene-0079/depth.mp4,T2V_data/label/vidgen_filter_gemini_part_0_dpo_0/hGnW0PzKWzY-Scene-0079/aug_entity_40.png
T2V_data/VIDGEN-1M_unzip/hGnW0PzKWzY-Scene-0079.mp4,"In the video, a person is seen cutting a piece of dough into smaller pieces. The dough is placed on a countertop, and the person uses a knife to cut it into triangular shapes. The person's hands are visible, and they are wearing a white shirt. The knife is silver and has a white handle. The dough is yellow in color and appears to be soft and pliable. The person cuts the dough into several pieces, and the pieces are arranged neatly on the countertop.",T2V_data/label/vidgen_filter_gemini_part_0_dpo_0/hGnW0PzKWzY-Scene-0079/entity_40.mp4,T2V_data/label/vidgen_filter_gemini_part_0_dpo_0/hGnW0PzKWzY-Scene-0079/aug_entity_40.png
T2V_data/VIDGEN-1M_unzip/hRyJtTn4pFQ-Scene-0021.mp4,"In the video, a person is seen stretching and folding a piece of fabric. The fabric appears to be soft and pliable, and the person is using their hands to manipulate it. The fabric is white with blue patterns, and the person's nails are painted pink. The background is a marble surface.",T2V_data/label/vidgen_filter_gemini_part_0_dpo_0/hRyJtTn4pFQ-Scene-0021/depth.mp4,T2V_data/label/vidgen_filter_gemini_part_0_dpo_0/hRyJtTn4pFQ-Scene-0021/aug_entity_20.png
T2V_data/VIDGEN-1M_unzip/hRyJtTn4pFQ-Scene-0021.mp4,"In the video, a person is seen stretching and folding a piece of fabric. The fabric appears to be soft and pliable, and the person is using their hands to manipulate it. The fabric is white with blue patterns, and the person's nails are painted pink. The background is a marble surface.",T2V_data/label/vidgen_filter_gemini_part_0_dpo_0/hRyJtTn4pFQ-Scene-0021/entity_20.mp4,T2V_data/label/vidgen_filter_gemini_part_0_dpo_0/hRyJtTn4pFQ-Scene-0021/aug_entity_20.png
T2V_data/VIDGEN-1M_unzip/hSDYBrWSLi8-Scene-0053.mp4,"In the video, a man is seen in a gym setting, preparing to lift a barbell. He is wearing a teal shirt and black shorts. The barbell is loaded with weights on each side. The man bends down, grips the barbell, and lifts it up to his thighs. He then lifts the barbell over his head and drops it back down to the ground. The gym is equipped with various exercise machines and equipment in the background. The lighting is bright, and the floor is covered with black mats. The man appears to be focused and determined as he performs the lift.",T2V_data/label/vidgen_filter_gemini_part_0_dpo_0/hSDYBrWSLi8-Scene-0053/depth.mp4,T2V_data/label/vidgen_filter_gemini_part_0_dpo_0/hSDYBrWSLi8-Scene-0053/aug_entity_20.png
T2V_data/VIDGEN-1M_unzip/hSDYBrWSLi8-Scene-0053.mp4,"In the video, a man is seen in a gym setting, preparing to lift a barbell. He is wearing a teal shirt and black shorts. The barbell is loaded with weights on each side. The man bends down, grips the barbell, and lifts it up to his thighs. He then lifts the barbell over his head and drops it back down to the ground. The gym is equipped with various exercise machines and equipment in the background. The lighting is bright, and the floor is covered with black mats. The man appears to be focused and determined as he performs the lift.",T2V_data/label/vidgen_filter_gemini_part_0_dpo_0/hSDYBrWSLi8-Scene-0053/entity_20.mp4,T2V_data/label/vidgen_filter_gemini_part_0_dpo_0/hSDYBrWSLi8-Scene-0053/aug_entity_20.png
T2V_data/VIDGEN-1M_unzip/hSDYBrWSLi8-Scene-0053.mp4,"In the video, a man is seen in a gym setting, preparing to lift a barbell. He is wearing a teal shirt and black shorts. The barbell is loaded with weights on each side. The man bends down, grips the barbell, and lifts it up to his thighs. He then lifts the barbell over his head and drops it back down to the ground. The gym is equipped with various exercise machines and equipment in the background. The lighting is bright, and the floor is covered with black mats. The man appears to be focused and determined as he performs the lift.",T2V_data/label/vidgen_filter_gemini_part_0_dpo_0/hSDYBrWSLi8-Scene-0053/depth.mp4,T2V_data/label/vidgen_filter_gemini_part_0_dpo_0/hSDYBrWSLi8-Scene-0053/aug_entity_40.png
T2V_data/VIDGEN-1M_unzip/hSDYBrWSLi8-Scene-0053.mp4,"In the video, a man is seen in a gym setting, preparing to lift a barbell. He is wearing a teal shirt and black shorts. The barbell is loaded with weights on each side. The man bends down, grips the barbell, and lifts it up to his thighs. He then lifts the barbell over his head and drops it back down to the ground. The gym is equipped with various exercise machines and equipment in the background. The lighting is bright, and the floor is covered with black mats. The man appears to be focused and determined as he performs the lift.",T2V_data/label/vidgen_filter_gemini_part_0_dpo_0/hSDYBrWSLi8-Scene-0053/entity_40.mp4,T2V_data/label/vidgen_filter_gemini_part_0_dpo_0/hSDYBrWSLi8-Scene-0053/aug_entity_40.png
T2V_data/VIDGEN-1M_unzip/hZkU-Y4brZ8-Scene-0026.mp4,The video shows a person riding a motorcycle down a dirt road. The person is wearing a black jacket and a red helmet. The road is surrounded by mountains and there are power lines running along the side of the road. The sky is clear and the sun is setting in the background.,T2V_data/label/vidgen_filter_gemini_part_0_dpo_0/hZkU-Y4brZ8-Scene-0026/depth.mp4,T2V_data/label/vidgen_filter_gemini_part_0_dpo_0/hZkU-Y4brZ8-Scene-0026/aug_entity_20.png
T2V_data/VIDGEN-1M_unzip/hZkU-Y4brZ8-Scene-0026.mp4,The video shows a person riding a motorcycle down a dirt road. The person is wearing a black jacket and a red helmet. The road is surrounded by mountains and there are power lines running along the side of the road. The sky is clear and the sun is setting in the background.,T2V_data/label/vidgen_filter_gemini_part_0_dpo_0/hZkU-Y4brZ8-Scene-0026/entity_20.mp4,T2V_data/label/vidgen_filter_gemini_part_0_dpo_0/hZkU-Y4brZ8-Scene-0026/aug_entity_20.png
T2V_data/VIDGEN-1M_unzip/hc8NCrGJg3A-Scene-0080.mp4,"In the video, a man is seen digging a hole in the sand on a beach. He is wearing a blue jacket, yellow pants, and purple boots. The man is using an orange shovel to dig the hole. Behind him, there is a white cart with wheels. The beach appears to be empty, and the sky is overcast. The man seems to be focused on his task, and there is no one else visible in the video.",T2V_data/label/vidgen_filter_gemini_part_0_dpo_0/hc8NCrGJg3A-Scene-0080/depth.mp4,T2V_data/label/vidgen_filter_gemini_part_0_dpo_0/hc8NCrGJg3A-Scene-0080/aug_entity_20.png
T2V_data/VIDGEN-1M_unzip/hc8NCrGJg3A-Scene-0080.mp4,"In the video, a man is seen digging a hole in the sand on a beach. He is wearing a blue jacket, yellow pants, and purple boots. The man is using an orange shovel to dig the hole. Behind him, there is a white cart with wheels. The beach appears to be empty, and the sky is overcast. The man seems to be focused on his task, and there is no one else visible in the video.",T2V_data/label/vidgen_filter_gemini_part_0_dpo_0/hc8NCrGJg3A-Scene-0080/entity_20.mp4,T2V_data/label/vidgen_filter_gemini_part_0_dpo_0/hc8NCrGJg3A-Scene-0080/aug_entity_20.png
T2V_data/VIDGEN-1M_unzip/hl7msH2Swq4-Scene-0027.mp4,"The video shows a group of people scuba diving underwater. They are wearing scuba gear, including tanks, masks, and fins. The water is a deep blue color, and the divers are exploring the ocean floor. They are seen swimming around and interacting with each other. The divers are also seen examining various objects on the ocean floor, such as rocks and coral. The video captures the divers' movements and the serene underwater environment.",T2V_data/label/vidgen_filter_gemini_part_0_dpo_0/hl7msH2Swq4-Scene-0027/depth.mp4,T2V_data/label/vidgen_filter_gemini_part_0_dpo_0/hl7msH2Swq4-Scene-0027/aug_entity_40.png
T2V_data/VIDGEN-1M_unzip/hl7msH2Swq4-Scene-0027.mp4,"The video shows a group of people scuba diving underwater. They are wearing scuba gear, including tanks, masks, and fins. The water is a deep blue color, and the divers are exploring the ocean floor. They are seen swimming around and interacting with each other. The divers are also seen examining various objects on the ocean floor, such as rocks and coral. The video captures the divers' movements and the serene underwater environment.",T2V_data/label/vidgen_filter_gemini_part_0_dpo_0/hl7msH2Swq4-Scene-0027/entity_40.mp4,T2V_data/label/vidgen_filter_gemini_part_0_dpo_0/hl7msH2Swq4-Scene-0027/aug_entity_40.png
T2V_data/VIDGEN-1M_unzip/iri_Zs69WyU-Scene-0020.mp4,"The video shows a group of hockey players huddled around the goal. They are all wearing red and white uniforms, with some players wearing blue and white uniforms. The players are seen pushing and shoving each other, with some players falling to the ground. The goalie is also seen in the huddle, trying to defend the goal. The players are using their hockey sticks to push and shove each other. The video is shot from a high angle, showing the entire scene of the huddle.",T2V_data/label/vidgen_filter_gemini_part_0_dpo_0/iri_Zs69WyU-Scene-0020/depth.mp4,T2V_data/label/vidgen_filter_gemini_part_0_dpo_0/iri_Zs69WyU-Scene-0020/aug_entity_20.png
T2V_data/VIDGEN-1M_unzip/iri_Zs69WyU-Scene-0020.mp4,"The video shows a group of hockey players huddled around the goal. They are all wearing red and white uniforms, with some players wearing blue and white uniforms. The players are seen pushing and shoving each other, with some players falling to the ground. The goalie is also seen in the huddle, trying to defend the goal. The players are using their hockey sticks to push and shove each other. The video is shot from a high angle, showing the entire scene of the huddle.",T2V_data/label/vidgen_filter_gemini_part_0_dpo_0/iri_Zs69WyU-Scene-0020/entity_20.mp4,T2V_data/label/vidgen_filter_gemini_part_0_dpo_0/iri_Zs69WyU-Scene-0020/aug_entity_20.png
T2V_data/VIDGEN-1M_unzip/iwDGI1B-eX4-Scene-0075.mp4,The video shows a person wearing black pants and pink sneakers performing squats. The person starts with their feet shoulder-width apart and then bends their knees to lower their body while keeping their back straight. The person then returns to the starting position by pushing through their heels.,T2V_data/label/vidgen_filter_gemini_part_0_dpo_0/iwDGI1B-eX4-Scene-0075/depth.mp4,T2V_data/label/vidgen_filter_gemini_part_0_dpo_0/iwDGI1B-eX4-Scene-0075/aug_entity_20.png
T2V_data/VIDGEN-1M_unzip/iwDGI1B-eX4-Scene-0075.mp4,The video shows a person wearing black pants and pink sneakers performing squats. The person starts with their feet shoulder-width apart and then bends their knees to lower their body while keeping their back straight. The person then returns to the starting position by pushing through their heels.,T2V_data/label/vidgen_filter_gemini_part_0_dpo_0/iwDGI1B-eX4-Scene-0075/entity_20.mp4,T2V_data/label/vidgen_filter_gemini_part_0_dpo_0/iwDGI1B-eX4-Scene-0075/aug_entity_20.png
T2V_data/VIDGEN-1M_unzip/iygEZGMq6lY-Scene-0058.mp4,"In the video, we see a person wearing a blue shirt and shorts washing a car tire. The person is using a blue brush to scrub the tire, which is covered in white foam. The car is silver and the tire is black. The person is standing on the ground, and there is a lot of foam on the ground around the tire. The person is moving the brush back and forth, scrubbing the tire thoroughly.",T2V_data/label/vidgen_filter_gemini_part_0_dpo_0/iygEZGMq6lY-Scene-0058/depth.mp4,T2V_data/label/vidgen_filter_gemini_part_0_dpo_0/iygEZGMq6lY-Scene-0058/aug_entity_60.png
T2V_data/VIDGEN-1M_unzip/iygEZGMq6lY-Scene-0058.mp4,"In the video, we see a person wearing a blue shirt and shorts washing a car tire. The person is using a blue brush to scrub the tire, which is covered in white foam. The car is silver and the tire is black. The person is standing on the ground, and there is a lot of foam on the ground around the tire. The person is moving the brush back and forth, scrubbing the tire thoroughly.",T2V_data/label/vidgen_filter_gemini_part_0_dpo_0/iygEZGMq6lY-Scene-0058/entity_60.mp4,T2V_data/label/vidgen_filter_gemini_part_0_dpo_0/iygEZGMq6lY-Scene-0058/aug_entity_60.png
T2V_data/VIDGEN-1M_unzip/j9ILpZtBCTU-Scene-0005.mp4,"The video shows a baseball game in progress. The camera is focused on the outfield where a player is seen catching a ball and throwing it to the infield. The infield is shown with a player sliding into home plate. The video is shot from the perspective of the stands, and the players are wearing white uniforms.",T2V_data/label/vidgen_filter_gemini_part_0_dpo_0/j9ILpZtBCTU-Scene-0005/depth.mp4,T2V_data/label/vidgen_filter_gemini_part_0_dpo_0/j9ILpZtBCTU-Scene-0005/aug_entity_60.png
T2V_data/VIDGEN-1M_unzip/j9ILpZtBCTU-Scene-0005.mp4,"The video shows a baseball game in progress. The camera is focused on the outfield where a player is seen catching a ball and throwing it to the infield. The infield is shown with a player sliding into home plate. The video is shot from the perspective of the stands, and the players are wearing white uniforms.",T2V_data/label/vidgen_filter_gemini_part_0_dpo_0/j9ILpZtBCTU-Scene-0005/entity_60.mp4,T2V_data/label/vidgen_filter_gemini_part_0_dpo_0/j9ILpZtBCTU-Scene-0005/aug_entity_60.png
T2V_data/VIDGEN-1M_unzip/jB3nEkzT0MM-Scene-0032.mp4,"The video shows a group of cars racing on a track. The cars are colorful and appear to be modified for racing. They are driving at high speeds and maneuvering around the track. The track itself is surrounded by grass and there are barriers on the sides. The cars are closely following each other, indicating a competitive race.",T2V_data/label/vidgen_filter_gemini_part_0_dpo_0/jB3nEkzT0MM-Scene-0032/depth.mp4,T2V_data/label/vidgen_filter_gemini_part_0_dpo_0/jB3nEkzT0MM-Scene-0032/aug_entity_20.png
T2V_data/VIDGEN-1M_unzip/jB3nEkzT0MM-Scene-0032.mp4,"The video shows a group of cars racing on a track. The cars are colorful and appear to be modified for racing. They are driving at high speeds and maneuvering around the track. The track itself is surrounded by grass and there are barriers on the sides. The cars are closely following each other, indicating a competitive race.",T2V_data/label/vidgen_filter_gemini_part_0_dpo_0/jB3nEkzT0MM-Scene-0032/entity_20.mp4,T2V_data/label/vidgen_filter_gemini_part_0_dpo_0/jB3nEkzT0MM-Scene-0032/aug_entity_20.png
T2V_data/VIDGEN-1M_unzip/jFHT5wbSPOc-Scene-0010.mp4,"The video shows a satellite orbiting the Earth. The Earth is visible in the background, with the continents and oceans clearly visible. The satellite is in the foreground, and it appears to be moving slowly around the Earth. The colors in the video are predominantly blue and green, representing the oceans and landmasses on the Earth, and the satellite is gray with solar panels.",T2V_data/label/vidgen_filter_gemini_part_0_dpo_0/jFHT5wbSPOc-Scene-0010/depth.mp4,T2V_data/label/vidgen_filter_gemini_part_0_dpo_0/jFHT5wbSPOc-Scene-0010/aug_entity_20.png
T2V_data/VIDGEN-1M_unzip/jFHT5wbSPOc-Scene-0010.mp4,"The video shows a satellite orbiting the Earth. The Earth is visible in the background, with the continents and oceans clearly visible. The satellite is in the foreground, and it appears to be moving slowly around the Earth. The colors in the video are predominantly blue and green, representing the oceans and landmasses on the Earth, and the satellite is gray with solar panels.",T2V_data/label/vidgen_filter_gemini_part_0_dpo_0/jFHT5wbSPOc-Scene-0010/entity_20.mp4,T2V_data/label/vidgen_filter_gemini_part_0_dpo_0/jFHT5wbSPOc-Scene-0010/aug_entity_20.png
T2V_data/VIDGEN-1M_unzip/jN2Wof4qp6k-Scene-0196.mp4,"The video shows a man wearing a white t-shirt and black shorts sliding down a beige slide with a blue entrance. He is smiling and laughing as he slides down. At the bottom of the slide, a woman in a black dress is standing and watching him. The background shows a shopping mall with various shops and people walking around.",T2V_data/label/vidgen_filter_gemini_part_0_dpo_0/jN2Wof4qp6k-Scene-0196/depth.mp4,T2V_data/label/vidgen_filter_gemini_part_0_dpo_0/jN2Wof4qp6k-Scene-0196/aug_entity_60.png
T2V_data/VIDGEN-1M_unzip/jN2Wof4qp6k-Scene-0196.mp4,"The video shows a man wearing a white t-shirt and black shorts sliding down a beige slide with a blue entrance. He is smiling and laughing as he slides down. At the bottom of the slide, a woman in a black dress is standing and watching him. The background shows a shopping mall with various shops and people walking around.",T2V_data/label/vidgen_filter_gemini_part_0_dpo_0/jN2Wof4qp6k-Scene-0196/entity_60.mp4,T2V_data/label/vidgen_filter_gemini_part_0_dpo_0/jN2Wof4qp6k-Scene-0196/aug_entity_60.png
T2V_data/VIDGEN-1M_unzip/jlRmC3EjfSQ-Scene-0033.mp4,"The video shows a cricket player in a white uniform and helmet standing on a field with a bat in hand. The player is seen swinging the bat and hitting a red ball that is thrown towards him. The background shows a crowd of spectators sitting in the stands, watching the game. The player's movements are fluid and precise, indicating a high level of skill and experience in the sport. The video captures the intensity and excitement of the game, with the player's focus and determination evident in his actions.",T2V_data/label/vidgen_filter_gemini_part_0_dpo_0/jlRmC3EjfSQ-Scene-0033/depth.mp4,T2V_data/label/vidgen_filter_gemini_part_0_dpo_0/jlRmC3EjfSQ-Scene-0033/aug_entity_20.png
T2V_data/VIDGEN-1M_unzip/jlRmC3EjfSQ-Scene-0033.mp4,"The video shows a cricket player in a white uniform and helmet standing on a field with a bat in hand. The player is seen swinging the bat and hitting a red ball that is thrown towards him. The background shows a crowd of spectators sitting in the stands, watching the game. The player's movements are fluid and precise, indicating a high level of skill and experience in the sport. The video captures the intensity and excitement of the game, with the player's focus and determination evident in his actions.",T2V_data/label/vidgen_filter_gemini_part_0_dpo_0/jlRmC3EjfSQ-Scene-0033/entity_20.mp4,T2V_data/label/vidgen_filter_gemini_part_0_dpo_0/jlRmC3EjfSQ-Scene-0033/aug_entity_20.png
T2V_data/VIDGEN-1M_unzip/jmYB0wDlCeQ-Scene-0016.mp4,"In the video, a man is seen holding a plastic bottle with a tube attached to it. He is standing in front of a jar filled with water. The man then attaches the tube to the jar and begins to pump air into the bottle. As he pumps, the bottle begins to inflate. Once the bottle is fully inflated, he removes the tube and the bottle deflates. The man repeats this process several times, each time with the same result. The video is shot in a well-lit room with a clear view of the man's actions. The man is wearing a blue shirt and appears to be focused on the task at hand. The plastic bottle and jar are both clear, allowing for a clear view of the air being pumped into the bottle. The video is shot from a side angle, providing a clear view of the man's actions and the objects involved.",T2V_data/label/vidgen_filter_gemini_part_0_dpo_0/jmYB0wDlCeQ-Scene-0016/depth.mp4,T2V_data/label/vidgen_filter_gemini_part_0_dpo_0/jmYB0wDlCeQ-Scene-0016/aug_entity_20.png
T2V_data/VIDGEN-1M_unzip/jmYB0wDlCeQ-Scene-0016.mp4,"In the video, a man is seen holding a plastic bottle with a tube attached to it. He is standing in front of a jar filled with water. The man then attaches the tube to the jar and begins to pump air into the bottle. As he pumps, the bottle begins to inflate. Once the bottle is fully inflated, he removes the tube and the bottle deflates. The man repeats this process several times, each time with the same result. The video is shot in a well-lit room with a clear view of the man's actions. The man is wearing a blue shirt and appears to be focused on the task at hand. The plastic bottle and jar are both clear, allowing for a clear view of the air being pumped into the bottle. The video is shot from a side angle, providing a clear view of the man's actions and the objects involved.",T2V_data/label/vidgen_filter_gemini_part_0_dpo_0/jmYB0wDlCeQ-Scene-0016/entity_20.mp4,T2V_data/label/vidgen_filter_gemini_part_0_dpo_0/jmYB0wDlCeQ-Scene-0016/aug_entity_20.png
T2V_data/VIDGEN-1M_unzip/jmYB0wDlCeQ-Scene-0016.mp4,"In the video, a man is seen holding a plastic bottle with a tube attached to it. He is standing in front of a jar filled with water. The man then attaches the tube to the jar and begins to pump air into the bottle. As he pumps, the bottle begins to inflate. Once the bottle is fully inflated, he removes the tube and the bottle deflates. The man repeats this process several times, each time with the same result. The video is shot in a well-lit room with a clear view of the man's actions. The man is wearing a blue shirt and appears to be focused on the task at hand. The plastic bottle and jar are both clear, allowing for a clear view of the air being pumped into the bottle. The video is shot from a side angle, providing a clear view of the man's actions and the objects involved.",T2V_data/label/vidgen_filter_gemini_part_0_dpo_0/jmYB0wDlCeQ-Scene-0016/depth.mp4,T2V_data/label/vidgen_filter_gemini_part_0_dpo_0/jmYB0wDlCeQ-Scene-0016/aug_entity_60.png
T2V_data/VIDGEN-1M_unzip/jmYB0wDlCeQ-Scene-0016.mp4,"In the video, a man is seen holding a plastic bottle with a tube attached to it. He is standing in front of a jar filled with water. The man then attaches the tube to the jar and begins to pump air into the bottle. As he pumps, the bottle begins to inflate. Once the bottle is fully inflated, he removes the tube and the bottle deflates. The man repeats this process several times, each time with the same result. The video is shot in a well-lit room with a clear view of the man's actions. The man is wearing a blue shirt and appears to be focused on the task at hand. The plastic bottle and jar are both clear, allowing for a clear view of the air being pumped into the bottle. The video is shot from a side angle, providing a clear view of the man's actions and the objects involved.",T2V_data/label/vidgen_filter_gemini_part_0_dpo_0/jmYB0wDlCeQ-Scene-0016/entity_60.mp4,T2V_data/label/vidgen_filter_gemini_part_0_dpo_0/jmYB0wDlCeQ-Scene-0016/aug_entity_60.png
T2V_data/VIDGEN-1M_unzip/k8CAKXIO2dM-Scene-0072.mp4,"In the video, a person is using a chainsaw to cut an orange in half. The chainsaw is white and has a blue handle. The orange is placed on a black cutting board, and the person is wearing a red shirt. The chainsaw cuts through the orange, and the two halves are separated. The person then picks up one half of the orange and shows it to the camera.",T2V_data/label/vidgen_filter_gemini_part_0_dpo_0/k8CAKXIO2dM-Scene-0072/depth.mp4,T2V_data/label/vidgen_filter_gemini_part_0_dpo_0/k8CAKXIO2dM-Scene-0072/aug_entity_60.png
T2V_data/VIDGEN-1M_unzip/k8CAKXIO2dM-Scene-0072.mp4,"In the video, a person is using a chainsaw to cut an orange in half. The chainsaw is white and has a blue handle. The orange is placed on a black cutting board, and the person is wearing a red shirt. The chainsaw cuts through the orange, and the two halves are separated. The person then picks up one half of the orange and shows it to the camera.",T2V_data/label/vidgen_filter_gemini_part_0_dpo_0/k8CAKXIO2dM-Scene-0072/entity_60.mp4,T2V_data/label/vidgen_filter_gemini_part_0_dpo_0/k8CAKXIO2dM-Scene-0072/aug_entity_60.png
T2V_data/VIDGEN-1M_unzip/k8vcQfFd6N8-Scene-0123.mp4,"In the video, a young girl is seen wearing a baseball cap and a pink jacket. She is holding a baseball glove in her hand and is speaking to the camera. The girl then proceeds to bend down and pick up a baseball. She then throws the ball up in the air and catches it in her glove. The background of the video shows a grassy yard with a white fence. The girl appears to be enjoying herself and is smiling throughout the video.",T2V_data/label/vidgen_filter_gemini_part_0_dpo_0/k8vcQfFd6N8-Scene-0123/depth.mp4,T2V_data/label/vidgen_filter_gemini_part_0_dpo_0/k8vcQfFd6N8-Scene-0123/aug_entity_20.png
T2V_data/VIDGEN-1M_unzip/k8vcQfFd6N8-Scene-0123.mp4,"In the video, a young girl is seen wearing a baseball cap and a pink jacket. She is holding a baseball glove in her hand and is speaking to the camera. The girl then proceeds to bend down and pick up a baseball. She then throws the ball up in the air and catches it in her glove. The background of the video shows a grassy yard with a white fence. The girl appears to be enjoying herself and is smiling throughout the video.",T2V_data/label/vidgen_filter_gemini_part_0_dpo_0/k8vcQfFd6N8-Scene-0123/entity_20.mp4,T2V_data/label/vidgen_filter_gemini_part_0_dpo_0/k8vcQfFd6N8-Scene-0123/aug_entity_20.png
T2V_data/VIDGEN-1M_unzip/kGhRSnHpQNw-Scene-0020.mp4,"In the video, a man is seen using a pitchfork to move a pile of hay. He is wearing a red shirt and blue jeans. The man is standing in a barn, and there is a chicken in the background. The man is using the pitchfork to lift and move the hay, which is a common agricultural practice. The barn appears to be well-lit, and the hay is a golden color. The man's movements are deliberate and careful as he works to move the hay. The chicken in the background is white and seems to be observing the man's actions. The video provides a glimpse into the daily work of a farmer and the interactions between humans and animals in a rural setting.",T2V_data/label/vidgen_filter_gemini_part_0_dpo_0/kGhRSnHpQNw-Scene-0020/depth.mp4,T2V_data/label/vidgen_filter_gemini_part_0_dpo_0/kGhRSnHpQNw-Scene-0020/aug_entity_60.png
T2V_data/VIDGEN-1M_unzip/kGhRSnHpQNw-Scene-0020.mp4,"In the video, a man is seen using a pitchfork to move a pile of hay. He is wearing a red shirt and blue jeans. The man is standing in a barn, and there is a chicken in the background. The man is using the pitchfork to lift and move the hay, which is a common agricultural practice. The barn appears to be well-lit, and the hay is a golden color. The man's movements are deliberate and careful as he works to move the hay. The chicken in the background is white and seems to be observing the man's actions. The video provides a glimpse into the daily work of a farmer and the interactions between humans and animals in a rural setting.",T2V_data/label/vidgen_filter_gemini_part_0_dpo_0/kGhRSnHpQNw-Scene-0020/entity_60.mp4,T2V_data/label/vidgen_filter_gemini_part_0_dpo_0/kGhRSnHpQNw-Scene-0020/aug_entity_60.png
T2V_data/VIDGEN-1M_unzip/kHAuy4zw7MU-Scene-0140.mp4,"The video shows a black car driving down a street at night. The car has its headlights on, illuminating the road ahead. The car is moving at a moderate speed, and the driver is visible through the windshield. The street is lined with buildings and trees, and there are no other vehicles or pedestrians in sight. The car's tires are making a soft humming sound as they roll over the pavement.",T2V_data/label/vidgen_filter_gemini_part_0_dpo_0/kHAuy4zw7MU-Scene-0140/depth.mp4,T2V_data/label/vidgen_filter_gemini_part_0_dpo_0/kHAuy4zw7MU-Scene-0140/aug_entity_20.png
T2V_data/VIDGEN-1M_unzip/kHAuy4zw7MU-Scene-0140.mp4,"The video shows a black car driving down a street at night. The car has its headlights on, illuminating the road ahead. The car is moving at a moderate speed, and the driver is visible through the windshield. The street is lined with buildings and trees, and there are no other vehicles or pedestrians in sight. The car's tires are making a soft humming sound as they roll over the pavement.",T2V_data/label/vidgen_filter_gemini_part_0_dpo_0/kHAuy4zw7MU-Scene-0140/entity_20.mp4,T2V_data/label/vidgen_filter_gemini_part_0_dpo_0/kHAuy4zw7MU-Scene-0140/aug_entity_20.png
T2V_data/VIDGEN-1M_unzip/kPwpho0rbP4-Scene-0051.mp4,The video features a person's hands holding a green plastic toy strawberry and a green plastic base with holes. The person attaches the strawberry to the base and spins it around. The background is a white table with a pink and blue toy kitchen set.,T2V_data/label/vidgen_filter_gemini_part_0_dpo_0/kPwpho0rbP4-Scene-0051/depth.mp4,T2V_data/label/vidgen_filter_gemini_part_0_dpo_0/kPwpho0rbP4-Scene-0051/aug_entity_60.png
T2V_data/VIDGEN-1M_unzip/kPwpho0rbP4-Scene-0051.mp4,The video features a person's hands holding a green plastic toy strawberry and a green plastic base with holes. The person attaches the strawberry to the base and spins it around. The background is a white table with a pink and blue toy kitchen set.,T2V_data/label/vidgen_filter_gemini_part_0_dpo_0/kPwpho0rbP4-Scene-0051/entity_60.mp4,T2V_data/label/vidgen_filter_gemini_part_0_dpo_0/kPwpho0rbP4-Scene-0051/aug_entity_60.png
T2V_data/VIDGEN-1M_unzip/ljBWn7zqe70-Scene-0043.mp4,"The video shows a young man climbing a rock wall in an indoor climbing gym. He is shirtless, wearing blue shorts, and climbing without a harness. The rock wall is covered with various colored holds and the floor is covered with blue mats. The climber successfully reaches the top of the wall and then jumps down to the floor. The video captures the climber's movements and the environment of the gym.",T2V_data/label/vidgen_filter_gemini_part_0_dpo_0/ljBWn7zqe70-Scene-0043/depth.mp4,T2V_data/label/vidgen_filter_gemini_part_0_dpo_0/ljBWn7zqe70-Scene-0043/aug_entity_20.png
T2V_data/VIDGEN-1M_unzip/ljBWn7zqe70-Scene-0043.mp4,"The video shows a young man climbing a rock wall in an indoor climbing gym. He is shirtless, wearing blue shorts, and climbing without a harness. The rock wall is covered with various colored holds and the floor is covered with blue mats. The climber successfully reaches the top of the wall and then jumps down to the floor. The video captures the climber's movements and the environment of the gym.",T2V_data/label/vidgen_filter_gemini_part_0_dpo_0/ljBWn7zqe70-Scene-0043/entity_20.mp4,T2V_data/label/vidgen_filter_gemini_part_0_dpo_0/ljBWn7zqe70-Scene-0043/aug_entity_20.png
T2V_data/VIDGEN-1M_unzip/m0UiTMqXlj0-Scene-0033.mp4,"In the video, a person is seen standing behind a table filled with various bottles and containers. The person is wearing a black shirt and is holding a bottle in their hand. They pour the contents of the bottle into a bowl that is placed on the table. The person then picks up a spoon and begins stirring the contents of the bowl. The table is covered with a blue and white polka dot tablecloth, and there are several other bottles and containers on it. The background is colorful, with a wall decorated with various items and a sign that reads ""SLIMEATORY"".",T2V_data/label/vidgen_filter_gemini_part_0_dpo_0/m0UiTMqXlj0-Scene-0033/depth.mp4,T2V_data/label/vidgen_filter_gemini_part_0_dpo_0/m0UiTMqXlj0-Scene-0033/aug_entity_20.png
T2V_data/VIDGEN-1M_unzip/m0UiTMqXlj0-Scene-0033.mp4,"In the video, a person is seen standing behind a table filled with various bottles and containers. The person is wearing a black shirt and is holding a bottle in their hand. They pour the contents of the bottle into a bowl that is placed on the table. The person then picks up a spoon and begins stirring the contents of the bowl. The table is covered with a blue and white polka dot tablecloth, and there are several other bottles and containers on it. The background is colorful, with a wall decorated with various items and a sign that reads ""SLIMEATORY"".",T2V_data/label/vidgen_filter_gemini_part_0_dpo_0/m0UiTMqXlj0-Scene-0033/entity_20.mp4,T2V_data/label/vidgen_filter_gemini_part_0_dpo_0/m0UiTMqXlj0-Scene-0033/aug_entity_20.png
T2V_data/VIDGEN-1M_unzip/m0UiTMqXlj0-Scene-0033.mp4,"In the video, a person is seen standing behind a table filled with various bottles and containers. The person is wearing a black shirt and is holding a bottle in their hand. They pour the contents of the bottle into a bowl that is placed on the table. The person then picks up a spoon and begins stirring the contents of the bowl. The table is covered with a blue and white polka dot tablecloth, and there are several other bottles and containers on it. The background is colorful, with a wall decorated with various items and a sign that reads ""SLIMEATORY"".",T2V_data/label/vidgen_filter_gemini_part_0_dpo_0/m0UiTMqXlj0-Scene-0033/depth.mp4,T2V_data/label/vidgen_filter_gemini_part_0_dpo_0/m0UiTMqXlj0-Scene-0033/aug_entity_40.png
T2V_data/VIDGEN-1M_unzip/m0UiTMqXlj0-Scene-0033.mp4,"In the video, a person is seen standing behind a table filled with various bottles and containers. The person is wearing a black shirt and is holding a bottle in their hand. They pour the contents of the bottle into a bowl that is placed on the table. The person then picks up a spoon and begins stirring the contents of the bowl. The table is covered with a blue and white polka dot tablecloth, and there are several other bottles and containers on it. The background is colorful, with a wall decorated with various items and a sign that reads ""SLIMEATORY"".",T2V_data/label/vidgen_filter_gemini_part_0_dpo_0/m0UiTMqXlj0-Scene-0033/entity_40.mp4,T2V_data/label/vidgen_filter_gemini_part_0_dpo_0/m0UiTMqXlj0-Scene-0033/aug_entity_40.png
T2V_data/VIDGEN-1M_unzip/mH2_LGbPyAw-Scene-0073.mp4,"In the video, a woman is seen walking through a pile of garbage. She is wearing a purple dress and has a green cloth on her head. As she walks, she picks up a large piece of wood with her hands. The wood is covered in garbage and debris. She lifts the wood over her head and carries it on her back. The woman appears to be searching for something in the garbage, and the pile is quite large and disorganized. The video gives a glimpse into the woman's daily life and the challenges she faces in her environment.",T2V_data/label/vidgen_filter_gemini_part_0_dpo_0/mH2_LGbPyAw-Scene-0073/depth.mp4,T2V_data/label/vidgen_filter_gemini_part_0_dpo_0/mH2_LGbPyAw-Scene-0073/aug_entity_20.png
T2V_data/VIDGEN-1M_unzip/mH2_LGbPyAw-Scene-0073.mp4,"In the video, a woman is seen walking through a pile of garbage. She is wearing a purple dress and has a green cloth on her head. As she walks, she picks up a large piece of wood with her hands. The wood is covered in garbage and debris. She lifts the wood over her head and carries it on her back. The woman appears to be searching for something in the garbage, and the pile is quite large and disorganized. The video gives a glimpse into the woman's daily life and the challenges she faces in her environment.",T2V_data/label/vidgen_filter_gemini_part_0_dpo_0/mH2_LGbPyAw-Scene-0073/entity_20.mp4,T2V_data/label/vidgen_filter_gemini_part_0_dpo_0/mH2_LGbPyAw-Scene-0073/aug_entity_20.png
T2V_data/VIDGEN-1M_unzip/nUHGdYyRvxw-Scene-0046.mp4,"The video shows a soccer match in progress. The players are wearing different colored uniforms, with one team in red and green and the other in blue and white. The stadium is filled with spectators, and the game clock is visible in the top right corner. The players are seen running, passing the ball, and attempting to score goals. The video is shot from various angles, providing a comprehensive view of the match.",T2V_data/label/vidgen_filter_gemini_part_0_dpo_0/nUHGdYyRvxw-Scene-0046/depth.mp4,T2V_data/label/vidgen_filter_gemini_part_0_dpo_0/nUHGdYyRvxw-Scene-0046/aug_entity_80.png
T2V_data/VIDGEN-1M_unzip/nUHGdYyRvxw-Scene-0046.mp4,"The video shows a soccer match in progress. The players are wearing different colored uniforms, with one team in red and green and the other in blue and white. The stadium is filled with spectators, and the game clock is visible in the top right corner. The players are seen running, passing the ball, and attempting to score goals. The video is shot from various angles, providing a comprehensive view of the match.",T2V_data/label/vidgen_filter_gemini_part_0_dpo_0/nUHGdYyRvxw-Scene-0046/entity_80.mp4,T2V_data/label/vidgen_filter_gemini_part_0_dpo_0/nUHGdYyRvxw-Scene-0046/aug_entity_80.png
T2V_data/VIDGEN-1M_unzip/o0GeDewJPx8-Scene-0054.mp4,"In the video, a person is seen kneading a piece of dough on a table. The person's hands are covered in flour, and they are using their fingers to press and fold the dough. The table is covered with a clear plastic wrap, and there is a bowl of mushrooms and a bowl of tomatoes on the side. The person's movements are deliberate and focused, as they work the dough to achieve the desired texture. The lighting in the room is bright, and the colors in the video are natural and muted. The person's actions are smooth and practiced, indicating that they are experienced in the task.",T2V_data/label/vidgen_filter_gemini_part_0_dpo_0/o0GeDewJPx8-Scene-0054/depth.mp4,T2V_data/label/vidgen_filter_gemini_part_0_dpo_0/o0GeDewJPx8-Scene-0054/aug_entity_40.png
T2V_data/VIDGEN-1M_unzip/o0GeDewJPx8-Scene-0054.mp4,"In the video, a person is seen kneading a piece of dough on a table. The person's hands are covered in flour, and they are using their fingers to press and fold the dough. The table is covered with a clear plastic wrap, and there is a bowl of mushrooms and a bowl of tomatoes on the side. The person's movements are deliberate and focused, as they work the dough to achieve the desired texture. The lighting in the room is bright, and the colors in the video are natural and muted. The person's actions are smooth and practiced, indicating that they are experienced in the task.",T2V_data/label/vidgen_filter_gemini_part_0_dpo_0/o0GeDewJPx8-Scene-0054/entity_40.mp4,T2V_data/label/vidgen_filter_gemini_part_0_dpo_0/o0GeDewJPx8-Scene-0054/aug_entity_40.png
T2V_data/VIDGEN-1M_unzip/oABAiPIZUo4-Scene-0034.mp4,"In the video, a baby is seen playing with a toy car. The baby is pushing the car around and seems to be enjoying it. The car is brightly colored and has a screen on the front. The baby is wearing a white shirt and is standing on a carpeted floor. The room appears to be well-lit and there are no other objects or people visible in the video.",T2V_data/label/vidgen_filter_gemini_part_0_dpo_0/oABAiPIZUo4-Scene-0034/depth.mp4,T2V_data/label/vidgen_filter_gemini_part_0_dpo_0/oABAiPIZUo4-Scene-0034/aug_entity_40.png
T2V_data/VIDGEN-1M_unzip/oABAiPIZUo4-Scene-0034.mp4,"In the video, a baby is seen playing with a toy car. The baby is pushing the car around and seems to be enjoying it. The car is brightly colored and has a screen on the front. The baby is wearing a white shirt and is standing on a carpeted floor. The room appears to be well-lit and there are no other objects or people visible in the video.",T2V_data/label/vidgen_filter_gemini_part_0_dpo_0/oABAiPIZUo4-Scene-0034/entity_40.mp4,T2V_data/label/vidgen_filter_gemini_part_0_dpo_0/oABAiPIZUo4-Scene-0034/aug_entity_40.png
T2V_data/VIDGEN-1M_unzip/oL7F3h5joEE-Scene-0020.mp4,"The video shows a person pouring milk into a bowl of eggs and whisking the mixture together. The person is wearing a white chef's coat and is using a whisk to mix the ingredients. The bowl is placed on a marble countertop. The milk is being poured from a measuring cup, and the person is whisking the mixture vigorously. The video is shot from a close-up angle, focusing on the bowl and the person's hands.",T2V_data/label/vidgen_filter_gemini_part_0_dpo_0/oL7F3h5joEE-Scene-0020/depth.mp4,T2V_data/label/vidgen_filter_gemini_part_0_dpo_0/oL7F3h5joEE-Scene-0020/aug_entity_40.png
T2V_data/VIDGEN-1M_unzip/oL7F3h5joEE-Scene-0020.mp4,"The video shows a person pouring milk into a bowl of eggs and whisking the mixture together. The person is wearing a white chef's coat and is using a whisk to mix the ingredients. The bowl is placed on a marble countertop. The milk is being poured from a measuring cup, and the person is whisking the mixture vigorously. The video is shot from a close-up angle, focusing on the bowl and the person's hands.",T2V_data/label/vidgen_filter_gemini_part_0_dpo_0/oL7F3h5joEE-Scene-0020/entity_40.mp4,T2V_data/label/vidgen_filter_gemini_part_0_dpo_0/oL7F3h5joEE-Scene-0020/aug_entity_40.png
T2V_data/VIDGEN-1M_unzip/omduIBRIfxM-Scene-0112.mp4,"In the video, a woman is seen performing a workout routine in a gym. She is wearing a black tank top and has her hair tied back in a ponytail. The woman is holding a dumbbell in each hand and is performing a series of bicep curls. She is standing in front of a weight rack with various sizes of dumbbells. The gym appears to be well-equipped with various exercise machines and weights in the background. The woman is focused on her workout, maintaining proper form throughout the exercise. The lighting in the gym is bright, and the video is shot from a side angle, capturing the woman's movements clearly.",T2V_data/label/vidgen_filter_gemini_part_0_dpo_0/omduIBRIfxM-Scene-0112/depth.mp4,T2V_data/label/vidgen_filter_gemini_part_0_dpo_0/omduIBRIfxM-Scene-0112/aug_entity_20.png
T2V_data/VIDGEN-1M_unzip/omduIBRIfxM-Scene-0112.mp4,"In the video, a woman is seen performing a workout routine in a gym. She is wearing a black tank top and has her hair tied back in a ponytail. The woman is holding a dumbbell in each hand and is performing a series of bicep curls. She is standing in front of a weight rack with various sizes of dumbbells. The gym appears to be well-equipped with various exercise machines and weights in the background. The woman is focused on her workout, maintaining proper form throughout the exercise. The lighting in the gym is bright, and the video is shot from a side angle, capturing the woman's movements clearly.",T2V_data/label/vidgen_filter_gemini_part_0_dpo_0/omduIBRIfxM-Scene-0112/entity_20.mp4,T2V_data/label/vidgen_filter_gemini_part_0_dpo_0/omduIBRIfxM-Scene-0112/aug_entity_20.png
T2V_data/VIDGEN-1M_unzip/orC4j_WQFKE-Scene-0003.mp4,"The video shows a large white airplane with four engines, flying low over the ocean. The plane is moving from left to right across the frame. The ocean is calm with small waves, and the sky is clear with a few clouds. The sun is setting, casting a warm orange glow on the horizon. The plane appears to be in the process of landing, with its landing gear extended and water spraying from the sides of the plane as it skims the surface of the ocean.",T2V_data/label/vidgen_filter_gemini_part_0_dpo_0/orC4j_WQFKE-Scene-0003/depth.mp4,T2V_data/label/vidgen_filter_gemini_part_0_dpo_0/orC4j_WQFKE-Scene-0003/aug_entity_20.png
T2V_data/VIDGEN-1M_unzip/orC4j_WQFKE-Scene-0003.mp4,"The video shows a large white airplane with four engines, flying low over the ocean. The plane is moving from left to right across the frame. The ocean is calm with small waves, and the sky is clear with a few clouds. The sun is setting, casting a warm orange glow on the horizon. The plane appears to be in the process of landing, with its landing gear extended and water spraying from the sides of the plane as it skims the surface of the ocean.",T2V_data/label/vidgen_filter_gemini_part_0_dpo_0/orC4j_WQFKE-Scene-0003/entity_20.mp4,T2V_data/label/vidgen_filter_gemini_part_0_dpo_0/orC4j_WQFKE-Scene-0003/aug_entity_20.png
T2V_data/VIDGEN-1M_unzip/qJXoPMzBEl4-Scene-0083.mp4,"In the video, a person is seen using a needle and thread to create a decorative flower. The flower consists of a green felt leaf and a red felt heart. The person is shown threading the needle through the leaf and heart, and then tying it off to secure the flower. The background is a gray surface with several other red felt hearts scattered around.",T2V_data/label/vidgen_filter_gemini_part_0_dpo_0/qJXoPMzBEl4-Scene-0083/depth.mp4,T2V_data/label/vidgen_filter_gemini_part_0_dpo_0/qJXoPMzBEl4-Scene-0083/aug_entity_20.png
T2V_data/VIDGEN-1M_unzip/qJXoPMzBEl4-Scene-0083.mp4,"In the video, a person is seen using a needle and thread to create a decorative flower. The flower consists of a green felt leaf and a red felt heart. The person is shown threading the needle through the leaf and heart, and then tying it off to secure the flower. The background is a gray surface with several other red felt hearts scattered around.",T2V_data/label/vidgen_filter_gemini_part_0_dpo_0/qJXoPMzBEl4-Scene-0083/entity_20.mp4,T2V_data/label/vidgen_filter_gemini_part_0_dpo_0/qJXoPMzBEl4-Scene-0083/aug_entity_20.png
T2V_data/VIDGEN-1M_unzip/qKthOUFXbw4-Scene-0044.mp4,"In the video, a man is seen doing pull-ups in a gym. He is shirtless, wearing red shorts, and has a blue wristband on his left wrist. The gym is well-lit and has various exercise equipment in the background. The man is using a black bar to perform the pull-ups, and he is pulling himself up with his arms fully extended. The video captures the man's movements as he completes the pull-ups.",T2V_data/label/vidgen_filter_gemini_part_0_dpo_0/qKthOUFXbw4-Scene-0044/depth.mp4,T2V_data/label/vidgen_filter_gemini_part_0_dpo_0/qKthOUFXbw4-Scene-0044/aug_entity_20.png
T2V_data/VIDGEN-1M_unzip/qKthOUFXbw4-Scene-0044.mp4,"In the video, a man is seen doing pull-ups in a gym. He is shirtless, wearing red shorts, and has a blue wristband on his left wrist. The gym is well-lit and has various exercise equipment in the background. The man is using a black bar to perform the pull-ups, and he is pulling himself up with his arms fully extended. The video captures the man's movements as he completes the pull-ups.",T2V_data/label/vidgen_filter_gemini_part_0_dpo_0/qKthOUFXbw4-Scene-0044/entity_20.mp4,T2V_data/label/vidgen_filter_gemini_part_0_dpo_0/qKthOUFXbw4-Scene-0044/aug_entity_20.png
T2V_data/VIDGEN-1M_unzip/qME1P-p25Gs-Scene-0022.mp4,"In the video, a person is cooking a dish in a pot on a stove. The pot is black and has a wooden spoon in it. The person is stirring the contents of the pot with the spoon. The contents of the pot appear to be a thick, brown sauce with chunks of meat and vegetables. The person then pours a small amount of water from a measuring cup into the pot. The water is clear and the cup is silver. The person stirs the pot again after adding the water.",T2V_data/label/vidgen_filter_gemini_part_0_dpo_0/qME1P-p25Gs-Scene-0022/depth.mp4,T2V_data/label/vidgen_filter_gemini_part_0_dpo_0/qME1P-p25Gs-Scene-0022/aug_entity_80.png
T2V_data/VIDGEN-1M_unzip/qME1P-p25Gs-Scene-0022.mp4,"In the video, a person is cooking a dish in a pot on a stove. The pot is black and has a wooden spoon in it. The person is stirring the contents of the pot with the spoon. The contents of the pot appear to be a thick, brown sauce with chunks of meat and vegetables. The person then pours a small amount of water from a measuring cup into the pot. The water is clear and the cup is silver. The person stirs the pot again after adding the water.",T2V_data/label/vidgen_filter_gemini_part_0_dpo_0/qME1P-p25Gs-Scene-0022/entity_80.mp4,T2V_data/label/vidgen_filter_gemini_part_0_dpo_0/qME1P-p25Gs-Scene-0022/aug_entity_80.png
T2V_data/VIDGEN-1M_unzip/qhm3A2MAIts-Scene-0065.mp4,The video shows a food processor with a purple mixture inside. A person is using a spoon to scoop out some of the mixture. The food processor is placed on a wooden surface.,T2V_data/label/vidgen_filter_gemini_part_0_dpo_0/qhm3A2MAIts-Scene-0065/depth.mp4,T2V_data/label/vidgen_filter_gemini_part_0_dpo_0/qhm3A2MAIts-Scene-0065/aug_entity_20.png
T2V_data/VIDGEN-1M_unzip/qhm3A2MAIts-Scene-0065.mp4,The video shows a food processor with a purple mixture inside. A person is using a spoon to scoop out some of the mixture. The food processor is placed on a wooden surface.,T2V_data/label/vidgen_filter_gemini_part_0_dpo_0/qhm3A2MAIts-Scene-0065/entity_20.mp4,T2V_data/label/vidgen_filter_gemini_part_0_dpo_0/qhm3A2MAIts-Scene-0065/aug_entity_20.png
T2V_data/VIDGEN-1M_unzip/qvHhEBD_cKg-Scene-0153.mp4,The video shows a woman in a yellow sports bra and black leggings doing push-ups on a black mat. She is in a large room with a high ceiling and windows. The woman is wearing white sneakers and has her hair tied back. She is in a plank position and then lowers her body to the ground before pushing back up. The room is well-lit and appears to be a gym or workout space.,T2V_data/label/vidgen_filter_gemini_part_0_dpo_0/qvHhEBD_cKg-Scene-0153/depth.mp4,T2V_data/label/vidgen_filter_gemini_part_0_dpo_0/qvHhEBD_cKg-Scene-0153/aug_entity_20.png
T2V_data/VIDGEN-1M_unzip/qvHhEBD_cKg-Scene-0153.mp4,The video shows a woman in a yellow sports bra and black leggings doing push-ups on a black mat. She is in a large room with a high ceiling and windows. The woman is wearing white sneakers and has her hair tied back. She is in a plank position and then lowers her body to the ground before pushing back up. The room is well-lit and appears to be a gym or workout space.,T2V_data/label/vidgen_filter_gemini_part_0_dpo_0/qvHhEBD_cKg-Scene-0153/entity_20.mp4,T2V_data/label/vidgen_filter_gemini_part_0_dpo_0/qvHhEBD_cKg-Scene-0153/aug_entity_20.png
T2V_data/VIDGEN-1M_unzip/qzzNkErSqpU-Scene-0002.mp4,"In the video, a man is seen working with a piece of wood in a workshop. He is wearing an orange shirt and a cap. He is using a machine to cut the wood. The machine is black and has a large blade that moves back and forth to cut the wood. The man is standing next to the machine and appears to be operating it. The workshop is well-lit and there are other pieces of wood and tools visible in the background. The man seems to be focused on his work and is using the machine with precision.",T2V_data/label/vidgen_filter_gemini_part_0_dpo_0/qzzNkErSqpU-Scene-0002/depth.mp4,T2V_data/label/vidgen_filter_gemini_part_0_dpo_0/qzzNkErSqpU-Scene-0002/aug_entity_40.png
T2V_data/VIDGEN-1M_unzip/qzzNkErSqpU-Scene-0002.mp4,"In the video, a man is seen working with a piece of wood in a workshop. He is wearing an orange shirt and a cap. He is using a machine to cut the wood. The machine is black and has a large blade that moves back and forth to cut the wood. The man is standing next to the machine and appears to be operating it. The workshop is well-lit and there are other pieces of wood and tools visible in the background. The man seems to be focused on his work and is using the machine with precision.",T2V_data/label/vidgen_filter_gemini_part_0_dpo_0/qzzNkErSqpU-Scene-0002/entity_40.mp4,T2V_data/label/vidgen_filter_gemini_part_0_dpo_0/qzzNkErSqpU-Scene-0002/aug_entity_40.png
T2V_data/VIDGEN-1M_unzip/r-k6xMPOf7U-Scene-0065.mp4,"The video shows a close-up of a beer tap with a person's hand pulling it down to fill a glass with beer. The person's hand is visible in the frame, and the beer tap is made of metal. The glass is placed on a counter, and there are other glasses and bottles in the background. The beer being poured is a golden color, and the person's hand has a tattoo on it.",T2V_data/label/vidgen_filter_gemini_part_0_dpo_0/r-k6xMPOf7U-Scene-0065/depth.mp4,T2V_data/label/vidgen_filter_gemini_part_0_dpo_0/r-k6xMPOf7U-Scene-0065/aug_entity_40.png
T2V_data/VIDGEN-1M_unzip/r-k6xMPOf7U-Scene-0065.mp4,"The video shows a close-up of a beer tap with a person's hand pulling it down to fill a glass with beer. The person's hand is visible in the frame, and the beer tap is made of metal. The glass is placed on a counter, and there are other glasses and bottles in the background. The beer being poured is a golden color, and the person's hand has a tattoo on it.",T2V_data/label/vidgen_filter_gemini_part_0_dpo_0/r-k6xMPOf7U-Scene-0065/entity_40.mp4,T2V_data/label/vidgen_filter_gemini_part_0_dpo_0/r-k6xMPOf7U-Scene-0065/aug_entity_40.png
T2V_data/VIDGEN-1M_unzip/r5NriKkBEeY-Scene-0059.mp4,"The video shows a black dog with a pink collar digging in the dirt. The dog is focused on the task and keeps digging with its snout. The background is a fenced area with a wooden fence and a few trees. The ground is covered in dirt and there are some small rocks scattered around. The dog's tail is wagging, indicating that it is happy and enjoying the activity.",T2V_data/label/vidgen_filter_gemini_part_0_dpo_0/r5NriKkBEeY-Scene-0059/depth.mp4,T2V_data/label/vidgen_filter_gemini_part_0_dpo_0/r5NriKkBEeY-Scene-0059/aug_entity_40.png
T2V_data/VIDGEN-1M_unzip/r5NriKkBEeY-Scene-0059.mp4,"The video shows a black dog with a pink collar digging in the dirt. The dog is focused on the task and keeps digging with its snout. The background is a fenced area with a wooden fence and a few trees. The ground is covered in dirt and there are some small rocks scattered around. The dog's tail is wagging, indicating that it is happy and enjoying the activity.",T2V_data/label/vidgen_filter_gemini_part_0_dpo_0/r5NriKkBEeY-Scene-0059/entity_40.mp4,T2V_data/label/vidgen_filter_gemini_part_0_dpo_0/r5NriKkBEeY-Scene-0059/aug_entity_40.png
T2V_data/VIDGEN-1M_unzip/suD4zGbRJSU-Scene-0012.mp4,"The video shows a person using a blue tool to remove a bolt from a tire. The person is wearing gloves and is using the tool to unscrew the bolt. The tire appears to be on a car, and the person is working carefully to remove the bolt. The tool is made of metal and has a blue handle. The person's hands are steady as they work on the bolt, and they seem to be experienced in using the tool. The background is blurred, but it appears to be a garage or workshop setting. The lighting is bright, and the colors in the video are vibrant.",T2V_data/label/vidgen_filter_gemini_part_0_dpo_0/suD4zGbRJSU-Scene-0012/depth.mp4,T2V_data/label/vidgen_filter_gemini_part_0_dpo_0/suD4zGbRJSU-Scene-0012/aug_entity_40.png
T2V_data/VIDGEN-1M_unzip/suD4zGbRJSU-Scene-0012.mp4,"The video shows a person using a blue tool to remove a bolt from a tire. The person is wearing gloves and is using the tool to unscrew the bolt. The tire appears to be on a car, and the person is working carefully to remove the bolt. The tool is made of metal and has a blue handle. The person's hands are steady as they work on the bolt, and they seem to be experienced in using the tool. The background is blurred, but it appears to be a garage or workshop setting. The lighting is bright, and the colors in the video are vibrant.",T2V_data/label/vidgen_filter_gemini_part_0_dpo_0/suD4zGbRJSU-Scene-0012/entity_40.mp4,T2V_data/label/vidgen_filter_gemini_part_0_dpo_0/suD4zGbRJSU-Scene-0012/aug_entity_40.png
T2V_data/VIDGEN-1M_unzip/uFuGfmLyFYs-Scene-0026.mp4,"In the video, a man is seen driving a boat. He is wearing a red jacket and glasses, and is holding the steering wheel with both hands. The boat is moving through the water, and the man appears to be focused on navigating the boat. The boat has a white interior, and there are several screens and buttons visible on the dashboard. The water is calm, and the sky is overcast.",T2V_data/label/vidgen_filter_gemini_part_0_dpo_0/uFuGfmLyFYs-Scene-0026/depth.mp4,T2V_data/label/vidgen_filter_gemini_part_0_dpo_0/uFuGfmLyFYs-Scene-0026/aug_entity_20.png
T2V_data/VIDGEN-1M_unzip/uFuGfmLyFYs-Scene-0026.mp4,"In the video, a man is seen driving a boat. He is wearing a red jacket and glasses, and is holding the steering wheel with both hands. The boat is moving through the water, and the man appears to be focused on navigating the boat. The boat has a white interior, and there are several screens and buttons visible on the dashboard. The water is calm, and the sky is overcast.",T2V_data/label/vidgen_filter_gemini_part_0_dpo_0/uFuGfmLyFYs-Scene-0026/entity_20.mp4,T2V_data/label/vidgen_filter_gemini_part_0_dpo_0/uFuGfmLyFYs-Scene-0026/aug_entity_20.png
T2V_data/VIDGEN-1M_unzip/ud-ny29vBlI-Scene-0019.mp4,"In the video, a man is seen standing outside of a car, holding a black rubber door seal in his hands. He is demonstrating how to install the seal onto the bottom of the car door. He places the seal onto the door and then uses his hands to push it into place, making sure it fits snugly. The man then uses a tool to secure the seal onto the door, ensuring it stays in place. The video provides a clear demonstration of how to properly install a door seal onto a car door.",T2V_data/label/vidgen_filter_gemini_part_0_dpo_0/ud-ny29vBlI-Scene-0019/depth.mp4,T2V_data/label/vidgen_filter_gemini_part_0_dpo_0/ud-ny29vBlI-Scene-0019/aug_entity_40.png
T2V_data/VIDGEN-1M_unzip/ud-ny29vBlI-Scene-0019.mp4,"In the video, a man is seen standing outside of a car, holding a black rubber door seal in his hands. He is demonstrating how to install the seal onto the bottom of the car door. He places the seal onto the door and then uses his hands to push it into place, making sure it fits snugly. The man then uses a tool to secure the seal onto the door, ensuring it stays in place. The video provides a clear demonstration of how to properly install a door seal onto a car door.",T2V_data/label/vidgen_filter_gemini_part_0_dpo_0/ud-ny29vBlI-Scene-0019/entity_40.mp4,T2V_data/label/vidgen_filter_gemini_part_0_dpo_0/ud-ny29vBlI-Scene-0019/aug_entity_40.png
T2V_data/VIDGEN-1M_unzip/uh7vqeA1ytE-Scene-0029.mp4,"The video shows a soccer game in progress. The players are wearing blue and white striped uniforms, while the opposing team is wearing red and white striped uniforms. The goalkeeper, dressed in pink, is seen diving to his right to block a shot on goal. The ball is deflected by the goalkeeper, and the players from both teams are seen reacting to the play. The goalkeeper is seen lying on the ground after making the save. The players are seen moving around the field, with some players running towards the ball and others standing still. The video captures the intensity and excitement of the game.",T2V_data/label/vidgen_filter_gemini_part_0_dpo_0/uh7vqeA1ytE-Scene-0029/depth.mp4,T2V_data/label/vidgen_filter_gemini_part_0_dpo_0/uh7vqeA1ytE-Scene-0029/aug_entity_40.png
T2V_data/VIDGEN-1M_unzip/uh7vqeA1ytE-Scene-0029.mp4,"The video shows a soccer game in progress. The players are wearing blue and white striped uniforms, while the opposing team is wearing red and white striped uniforms. The goalkeeper, dressed in pink, is seen diving to his right to block a shot on goal. The ball is deflected by the goalkeeper, and the players from both teams are seen reacting to the play. The goalkeeper is seen lying on the ground after making the save. The players are seen moving around the field, with some players running towards the ball and others standing still. The video captures the intensity and excitement of the game.",T2V_data/label/vidgen_filter_gemini_part_0_dpo_0/uh7vqeA1ytE-Scene-0029/entity_40.mp4,T2V_data/label/vidgen_filter_gemini_part_0_dpo_0/uh7vqeA1ytE-Scene-0029/aug_entity_40.png
T2V_data/VIDGEN-1M_unzip/v4E9qWBC2Zc-Scene-0033.mp4,"In the video, a person is using a power drill to make holes in a wooden frame. The person is wearing a ring on their left hand, which is holding the frame steady. The power drill is orange and black, and the person is using a silver drill bit to make the holes. The wooden frame is light brown and has a rectangular shape. There are two holes already made in the frame, and the person is making a third one. The background is a gray surface, and there is a purple clamp on the frame.",T2V_data/label/vidgen_filter_gemini_part_0_dpo_0/v4E9qWBC2Zc-Scene-0033/depth.mp4,T2V_data/label/vidgen_filter_gemini_part_0_dpo_0/v4E9qWBC2Zc-Scene-0033/aug_entity_40.png
T2V_data/VIDGEN-1M_unzip/v4E9qWBC2Zc-Scene-0033.mp4,"In the video, a person is using a power drill to make holes in a wooden frame. The person is wearing a ring on their left hand, which is holding the frame steady. The power drill is orange and black, and the person is using a silver drill bit to make the holes. The wooden frame is light brown and has a rectangular shape. There are two holes already made in the frame, and the person is making a third one. The background is a gray surface, and there is a purple clamp on the frame.",T2V_data/label/vidgen_filter_gemini_part_0_dpo_0/v4E9qWBC2Zc-Scene-0033/entity_40.mp4,T2V_data/label/vidgen_filter_gemini_part_0_dpo_0/v4E9qWBC2Zc-Scene-0033/aug_entity_40.png
T2V_data/VIDGEN-1M_unzip/v83besXOUDY-Scene-0032.mp4,"The video shows a person driving a green tractor down a road. The camera is positioned in such a way that we can see the driver's hand on the steering wheel and the road ahead. The tractor is driving past houses and trees, and the sky is cloudy.",T2V_data/label/vidgen_filter_gemini_part_0_dpo_0/v83besXOUDY-Scene-0032/depth.mp4,T2V_data/label/vidgen_filter_gemini_part_0_dpo_0/v83besXOUDY-Scene-0032/aug_entity_40.png
T2V_data/VIDGEN-1M_unzip/v83besXOUDY-Scene-0032.mp4,"The video shows a person driving a green tractor down a road. The camera is positioned in such a way that we can see the driver's hand on the steering wheel and the road ahead. The tractor is driving past houses and trees, and the sky is cloudy.",T2V_data/label/vidgen_filter_gemini_part_0_dpo_0/v83besXOUDY-Scene-0032/entity_40.mp4,T2V_data/label/vidgen_filter_gemini_part_0_dpo_0/v83besXOUDY-Scene-0032/aug_entity_40.png
T2V_data/VIDGEN-1M_unzip/vuxeVhy4sqU-Scene-0068.mp4,"In the video, a woman is standing in front of a stove with a pan on it. She is holding a towel in her hand and appears to be flipping a pancake in the pan. The woman seems to be talking to someone off-camera, possibly explaining what she is doing. The kitchen is well-lit and there are various kitchen items visible in the background. The woman is wearing a purple shirt and has blonde hair. The pancake appears to be golden brown and is being flipped with ease.",T2V_data/label/vidgen_filter_gemini_part_0_dpo_0/vuxeVhy4sqU-Scene-0068/depth.mp4,T2V_data/label/vidgen_filter_gemini_part_0_dpo_0/vuxeVhy4sqU-Scene-0068/aug_entity_80.png
T2V_data/VIDGEN-1M_unzip/vuxeVhy4sqU-Scene-0068.mp4,"In the video, a woman is standing in front of a stove with a pan on it. She is holding a towel in her hand and appears to be flipping a pancake in the pan. The woman seems to be talking to someone off-camera, possibly explaining what she is doing. The kitchen is well-lit and there are various kitchen items visible in the background. The woman is wearing a purple shirt and has blonde hair. The pancake appears to be golden brown and is being flipped with ease.",T2V_data/label/vidgen_filter_gemini_part_0_dpo_0/vuxeVhy4sqU-Scene-0068/entity_80.mp4,T2V_data/label/vidgen_filter_gemini_part_0_dpo_0/vuxeVhy4sqU-Scene-0068/aug_entity_80.png
T2V_data/VIDGEN-1M_unzip/wql00vG_S_Q-Scene-0138.mp4,"In the video, a man and a woman are seen performing yoga exercises on orange mats. The man is wearing a grey t-shirt and blue pants, while the woman is wearing a black tank top and black leggings. As they continue their exercises, a white goat suddenly jumps onto the man's back. The goat stands on the man's back as he continues to perform the yoga pose. The room they are in has a red wall and a white door.",T2V_data/label/vidgen_filter_gemini_part_0_dpo_0/wql00vG_S_Q-Scene-0138/depth.mp4,T2V_data/label/vidgen_filter_gemini_part_0_dpo_0/wql00vG_S_Q-Scene-0138/aug_entity_20.png
T2V_data/VIDGEN-1M_unzip/wql00vG_S_Q-Scene-0138.mp4,"In the video, a man and a woman are seen performing yoga exercises on orange mats. The man is wearing a grey t-shirt and blue pants, while the woman is wearing a black tank top and black leggings. As they continue their exercises, a white goat suddenly jumps onto the man's back. The goat stands on the man's back as he continues to perform the yoga pose. The room they are in has a red wall and a white door.",T2V_data/label/vidgen_filter_gemini_part_0_dpo_0/wql00vG_S_Q-Scene-0138/entity_20.mp4,T2V_data/label/vidgen_filter_gemini_part_0_dpo_0/wql00vG_S_Q-Scene-0138/aug_entity_20.png
T2V_data/VIDGEN-1M_unzip/wql00vG_S_Q-Scene-0138.mp4,"In the video, a man and a woman are seen performing yoga exercises on orange mats. The man is wearing a grey t-shirt and blue pants, while the woman is wearing a black tank top and black leggings. As they continue their exercises, a white goat suddenly jumps onto the man's back. The goat stands on the man's back as he continues to perform the yoga pose. The room they are in has a red wall and a white door.",T2V_data/label/vidgen_filter_gemini_part_0_dpo_0/wql00vG_S_Q-Scene-0138/depth.mp4,T2V_data/label/vidgen_filter_gemini_part_0_dpo_0/wql00vG_S_Q-Scene-0138/aug_entity_40.png
T2V_data/VIDGEN-1M_unzip/wql00vG_S_Q-Scene-0138.mp4,"In the video, a man and a woman are seen performing yoga exercises on orange mats. The man is wearing a grey t-shirt and blue pants, while the woman is wearing a black tank top and black leggings. As they continue their exercises, a white goat suddenly jumps onto the man's back. The goat stands on the man's back as he continues to perform the yoga pose. The room they are in has a red wall and a white door.",T2V_data/label/vidgen_filter_gemini_part_0_dpo_0/wql00vG_S_Q-Scene-0138/entity_40.mp4,T2V_data/label/vidgen_filter_gemini_part_0_dpo_0/wql00vG_S_Q-Scene-0138/aug_entity_40.png
T2V_data/VIDGEN-1M_unzip/wql00vG_S_Q-Scene-0138.mp4,"In the video, a man and a woman are seen performing yoga exercises on orange mats. The man is wearing a grey t-shirt and blue pants, while the woman is wearing a black tank top and black leggings. As they continue their exercises, a white goat suddenly jumps onto the man's back. The goat stands on the man's back as he continues to perform the yoga pose. The room they are in has a red wall and a white door.",T2V_data/label/vidgen_filter_gemini_part_0_dpo_0/wql00vG_S_Q-Scene-0138/depth.mp4,T2V_data/label/vidgen_filter_gemini_part_0_dpo_0/wql00vG_S_Q-Scene-0138/aug_entity_60.png
T2V_data/VIDGEN-1M_unzip/wql00vG_S_Q-Scene-0138.mp4,"In the video, a man and a woman are seen performing yoga exercises on orange mats. The man is wearing a grey t-shirt and blue pants, while the woman is wearing a black tank top and black leggings. As they continue their exercises, a white goat suddenly jumps onto the man's back. The goat stands on the man's back as he continues to perform the yoga pose. The room they are in has a red wall and a white door.",T2V_data/label/vidgen_filter_gemini_part_0_dpo_0/wql00vG_S_Q-Scene-0138/entity_60.mp4,T2V_data/label/vidgen_filter_gemini_part_0_dpo_0/wql00vG_S_Q-Scene-0138/aug_entity_60.png
T2V_data/VIDGEN-1M_unzip/xQ0PsJr4Pcw-Scene-0011.mp4,"In the video, a man is seen using a drill press to drill a hole into a piece of metal. The drill press is positioned on a workbench, and the man is wearing safety goggles and gloves. He places the metal piece onto the drill press and secures it in place. The drill press is then activated, and the drill bit rotates and drills into the metal piece. The man adjusts the drill press and the drill bit to ensure that the hole is drilled accurately. The video provides a close-up view of the drilling process, showing the metal shavings being produced as the drill bit penetrates the metal piece. The man's actions are deliberate and precise, indicating that he is experienced in using the drill press.",T2V_data/label/vidgen_filter_gemini_part_0_dpo_0/xQ0PsJr4Pcw-Scene-0011/depth.mp4,T2V_data/label/vidgen_filter_gemini_part_0_dpo_0/xQ0PsJr4Pcw-Scene-0011/aug_entity_80.png
T2V_data/VIDGEN-1M_unzip/xQ0PsJr4Pcw-Scene-0011.mp4,"In the video, a man is seen using a drill press to drill a hole into a piece of metal. The drill press is positioned on a workbench, and the man is wearing safety goggles and gloves. He places the metal piece onto the drill press and secures it in place. The drill press is then activated, and the drill bit rotates and drills into the metal piece. The man adjusts the drill press and the drill bit to ensure that the hole is drilled accurately. The video provides a close-up view of the drilling process, showing the metal shavings being produced as the drill bit penetrates the metal piece. The man's actions are deliberate and precise, indicating that he is experienced in using the drill press.",T2V_data/label/vidgen_filter_gemini_part_0_dpo_0/xQ0PsJr4Pcw-Scene-0011/entity_80.mp4,T2V_data/label/vidgen_filter_gemini_part_0_dpo_0/xQ0PsJr4Pcw-Scene-0011/aug_entity_80.png
T2V_data/VIDGEN-1M_unzip/y4A4bydia4A-Scene-0113.mp4,"The video shows a close-up of a person's hands holding a red Swiss Army knife. The person is using their thumb to push the knife open, revealing the various tools inside. The knife has a silver blade and a red handle. The person's fingers are visible as they manipulate the knife, and the background is blurred but appears to be a wooden surface.",T2V_data/label/vidgen_filter_gemini_part_0_dpo_0/y4A4bydia4A-Scene-0113/depth.mp4,T2V_data/label/vidgen_filter_gemini_part_0_dpo_0/y4A4bydia4A-Scene-0113/aug_entity_80.png
T2V_data/VIDGEN-1M_unzip/y4A4bydia4A-Scene-0113.mp4,"The video shows a close-up of a person's hands holding a red Swiss Army knife. The person is using their thumb to push the knife open, revealing the various tools inside. The knife has a silver blade and a red handle. The person's fingers are visible as they manipulate the knife, and the background is blurred but appears to be a wooden surface.",T2V_data/label/vidgen_filter_gemini_part_0_dpo_0/y4A4bydia4A-Scene-0113/entity_80.mp4,T2V_data/label/vidgen_filter_gemini_part_0_dpo_0/y4A4bydia4A-Scene-0113/aug_entity_80.png
T2V_data/VIDGEN-1M_unzip/yPv90pyoGPQ-Scene-0020.mp4,"In the video, a person is seen using a chisel and hammer to carve a piece of wood. The person is wearing a green and yellow striped shirt and is holding the chisel in their right hand while using the hammer in their left hand. The wood is placed on a wooden workbench, and there are other tools visible in the background. The person is focused on their task and appears to be skilled in their craft.",T2V_data/label/vidgen_filter_gemini_part_0_dpo_0/yPv90pyoGPQ-Scene-0020/depth.mp4,T2V_data/label/vidgen_filter_gemini_part_0_dpo_0/yPv90pyoGPQ-Scene-0020/aug_entity_60.png
T2V_data/VIDGEN-1M_unzip/yPv90pyoGPQ-Scene-0020.mp4,"In the video, a person is seen using a chisel and hammer to carve a piece of wood. The person is wearing a green and yellow striped shirt and is holding the chisel in their right hand while using the hammer in their left hand. The wood is placed on a wooden workbench, and there are other tools visible in the background. The person is focused on their task and appears to be skilled in their craft.",T2V_data/label/vidgen_filter_gemini_part_0_dpo_0/yPv90pyoGPQ-Scene-0020/entity_60.mp4,T2V_data/label/vidgen_filter_gemini_part_0_dpo_0/yPv90pyoGPQ-Scene-0020/aug_entity_60.png
T2V_data/VIDGEN-1M_unzip/yZ6HOSb-muY-Scene-0080.mp4,"The video shows a green tractor with yellow wheels and a yellow mowing attachment attached to it. The tractor is moving through a field of tall green grass, cutting it down as it goes. The mowing attachment is long and appears to be cutting the grass into neat rows. The sky is overcast, and the field is vast and open.",T2V_data/label/vidgen_filter_gemini_part_0_dpo_0/yZ6HOSb-muY-Scene-0080/depth.mp4,T2V_data/label/vidgen_filter_gemini_part_0_dpo_0/yZ6HOSb-muY-Scene-0080/aug_entity_40.png
T2V_data/VIDGEN-1M_unzip/yZ6HOSb-muY-Scene-0080.mp4,"The video shows a green tractor with yellow wheels and a yellow mowing attachment attached to it. The tractor is moving through a field of tall green grass, cutting it down as it goes. The mowing attachment is long and appears to be cutting the grass into neat rows. The sky is overcast, and the field is vast and open.",T2V_data/label/vidgen_filter_gemini_part_0_dpo_0/yZ6HOSb-muY-Scene-0080/entity_40.mp4,T2V_data/label/vidgen_filter_gemini_part_0_dpo_0/yZ6HOSb-muY-Scene-0080/aug_entity_40.png
T2V_data/VIDGEN-1M_unzip/zliXBtCQDow-Scene-0052.mp4,"In the video, a person wearing black gloves is seen pouring a clear liquid from a blue bottle into a glass bowl. The liquid is poured in small amounts, and the person uses a spoon to mix it with a white substance that is already in the bowl. The person continues to mix the substances together, creating a swirling pattern in the bowl.",T2V_data/label/vidgen_filter_gemini_part_0_dpo_0/zliXBtCQDow-Scene-0052/depth.mp4,T2V_data/label/vidgen_filter_gemini_part_0_dpo_0/zliXBtCQDow-Scene-0052/aug_entity_60.png
T2V_data/VIDGEN-1M_unzip/zliXBtCQDow-Scene-0052.mp4,"In the video, a person wearing black gloves is seen pouring a clear liquid from a blue bottle into a glass bowl. The liquid is poured in small amounts, and the person uses a spoon to mix it with a white substance that is already in the bowl. The person continues to mix the substances together, creating a swirling pattern in the bowl.",T2V_data/label/vidgen_filter_gemini_part_0_dpo_0/zliXBtCQDow-Scene-0052/entity_60.mp4,T2V_data/label/vidgen_filter_gemini_part_0_dpo_0/zliXBtCQDow-Scene-0052/aug_entity_60.png
