video,prompt,vace_video,vace_reference_image
T2V_data/VIDGEN-1M_unzip/-2QigTOwFzk-Scene-0014.mp4,"In the video, a man is seen lifting weights in a gym. He is wearing a black tank top and is standing in front of a weight machine. The man is holding a barbell with both hands and is lifting it up and down in a controlled manner. His muscles are visibly tense, indicating that he is exerting a significant amount of effort. The gym appears to be well-equipped, with various other machines and weights visible in the background. The lighting in the gym is bright, and the walls are painted in a neutral color. The man's movements are steady and deliberate, suggesting that he is experienced with weightlifting.",T2V_data/label/vidgen_filter_gemini_part_0_dpo_15/-2QigTOwFzk-Scene-0014/depth.mp4,T2V_data/label/vidgen_filter_gemini_part_0_dpo_15/-2QigTOwFzk-Scene-0014/entity_40.png
T2V_data/VIDGEN-1M_unzip/-2QigTOwFzk-Scene-0014.mp4,"In the video, a man is seen lifting weights in a gym. He is wearing a black tank top and is standing in front of a weight machine. The man is holding a barbell with both hands and is lifting it up and down in a controlled manner. His muscles are visibly tense, indicating that he is exerting a significant amount of effort. The gym appears to be well-equipped, with various other machines and weights visible in the background. The lighting in the gym is bright, and the walls are painted in a neutral color. The man's movements are steady and deliberate, suggesting that he is experienced with weightlifting.",T2V_data/label/vidgen_filter_gemini_part_0_dpo_15/-2QigTOwFzk-Scene-0014/entity_40.mp4,T2V_data/label/vidgen_filter_gemini_part_0_dpo_15/-2QigTOwFzk-Scene-0014/entity_40.png
T2V_data/VIDGEN-1M_unzip/-2us0I75-rc-Scene-0005.mp4,The video shows a person's hands tying a knot with a blue rope and a yellow rope. The person uses a yellow stick to help with the knot. The background is a gray fabric surface.,T2V_data/label/vidgen_filter_gemini_part_0_dpo_15/-2us0I75-rc-Scene-0005/depth.mp4,T2V_data/label/vidgen_filter_gemini_part_0_dpo_15/-2us0I75-rc-Scene-0005/entity_60.png
T2V_data/VIDGEN-1M_unzip/-2us0I75-rc-Scene-0005.mp4,The video shows a person's hands tying a knot with a blue rope and a yellow rope. The person uses a yellow stick to help with the knot. The background is a gray fabric surface.,T2V_data/label/vidgen_filter_gemini_part_0_dpo_15/-2us0I75-rc-Scene-0005/entity_60.mp4,T2V_data/label/vidgen_filter_gemini_part_0_dpo_15/-2us0I75-rc-Scene-0005/entity_60.png
T2V_data/VIDGEN-1M_unzip/-BAftj3Upts-Scene-0043.mp4,"The video shows a soccer game being played on a field. The players are wearing red and yellow uniforms and are seen running around the field, passing the ball to each other. The goalie is wearing a blue uniform and is trying to block the ball. The crowd is cheering in the background. The game is being played on a green field with white lines marking the boundaries. The players are moving quickly and the ball is being kicked back and forth between them. The goalie is diving to the ground trying to block the ball. The video ends with a player in a red uniform kicking the ball into the goal.",T2V_data/label/vidgen_filter_gemini_part_0_dpo_15/-BAftj3Upts-Scene-0043/depth.mp4,T2V_data/label/vidgen_filter_gemini_part_0_dpo_15/-BAftj3Upts-Scene-0043/entity_40.png
T2V_data/VIDGEN-1M_unzip/-BAftj3Upts-Scene-0043.mp4,"The video shows a soccer game being played on a field. The players are wearing red and yellow uniforms and are seen running around the field, passing the ball to each other. The goalie is wearing a blue uniform and is trying to block the ball. The crowd is cheering in the background. The game is being played on a green field with white lines marking the boundaries. The players are moving quickly and the ball is being kicked back and forth between them. The goalie is diving to the ground trying to block the ball. The video ends with a player in a red uniform kicking the ball into the goal.",T2V_data/label/vidgen_filter_gemini_part_0_dpo_15/-BAftj3Upts-Scene-0043/entity_40.mp4,T2V_data/label/vidgen_filter_gemini_part_0_dpo_15/-BAftj3Upts-Scene-0043/entity_40.png
T2V_data/VIDGEN-1M_unzip/-DNng0Ca39s-Scene-0316.mp4,"The video shows a large red dump truck with black wheels and a bed full of coal. The truck is driving down a dirt road and then stops to unload the coal onto a conveyor belt. The conveyor belt is gray and has a metal frame. The truck is parked next to the conveyor belt, and the coal is being transported from the truck to the conveyor belt. The background of the video is a clear blue sky with some trees and bushes in the distance.",T2V_data/label/vidgen_filter_gemini_part_0_dpo_15/-DNng0Ca39s-Scene-0316/depth.mp4,T2V_data/label/vidgen_filter_gemini_part_0_dpo_15/-DNng0Ca39s-Scene-0316/entity_20.png
T2V_data/VIDGEN-1M_unzip/-DNng0Ca39s-Scene-0316.mp4,"The video shows a large red dump truck with black wheels and a bed full of coal. The truck is driving down a dirt road and then stops to unload the coal onto a conveyor belt. The conveyor belt is gray and has a metal frame. The truck is parked next to the conveyor belt, and the coal is being transported from the truck to the conveyor belt. The background of the video is a clear blue sky with some trees and bushes in the distance.",T2V_data/label/vidgen_filter_gemini_part_0_dpo_15/-DNng0Ca39s-Scene-0316/entity_20.mp4,T2V_data/label/vidgen_filter_gemini_part_0_dpo_15/-DNng0Ca39s-Scene-0316/entity_20.png
T2V_data/VIDGEN-1M_unzip/-VbbJqg7CH0-Scene-0015.mp4,"The video shows a person's hands removing a car window control panel from a car. The person first pulls the panel out of the car door, then removes the wiring from the back of the panel. The person then shows the empty space where the panel was removed.",T2V_data/label/vidgen_filter_gemini_part_0_dpo_15/-VbbJqg7CH0-Scene-0015/depth.mp4,T2V_data/label/vidgen_filter_gemini_part_0_dpo_15/-VbbJqg7CH0-Scene-0015/entity_40.png
T2V_data/VIDGEN-1M_unzip/-VbbJqg7CH0-Scene-0015.mp4,"The video shows a person's hands removing a car window control panel from a car. The person first pulls the panel out of the car door, then removes the wiring from the back of the panel. The person then shows the empty space where the panel was removed.",T2V_data/label/vidgen_filter_gemini_part_0_dpo_15/-VbbJqg7CH0-Scene-0015/entity_40.mp4,T2V_data/label/vidgen_filter_gemini_part_0_dpo_15/-VbbJqg7CH0-Scene-0015/entity_40.png
T2V_data/VIDGEN-1M_unzip/016EtkUwFOY-Scene-0019.mp4,"The video features a person holding a knife in their hand. The knife has a black handle and a silver blade. The person is demonstrating how to open and close the knife. They use their thumb to push the blade out and then pull it back in. The background is a red surface, and the person's hand is visible throughout the video.",T2V_data/label/vidgen_filter_gemini_part_0_dpo_15/016EtkUwFOY-Scene-0019/depth.mp4,T2V_data/label/vidgen_filter_gemini_part_0_dpo_15/016EtkUwFOY-Scene-0019/entity_40.png
T2V_data/VIDGEN-1M_unzip/016EtkUwFOY-Scene-0019.mp4,"The video features a person holding a knife in their hand. The knife has a black handle and a silver blade. The person is demonstrating how to open and close the knife. They use their thumb to push the blade out and then pull it back in. The background is a red surface, and the person's hand is visible throughout the video.",T2V_data/label/vidgen_filter_gemini_part_0_dpo_15/016EtkUwFOY-Scene-0019/entity_40.mp4,T2V_data/label/vidgen_filter_gemini_part_0_dpo_15/016EtkUwFOY-Scene-0019/entity_40.png
T2V_data/VIDGEN-1M_unzip/0D4VHOJWBnU-Scene-0038.mp4,"The video shows a mixed martial arts fight between two men in a caged ring. One man is wearing black shorts and the other is wearing red shorts. The man in black shorts is standing over the man in red shorts, who is on the ground. The man in black shorts is punching the man in red shorts repeatedly. The referee is present in the ring, and the crowd can be heard cheering in the background.",T2V_data/label/vidgen_filter_gemini_part_0_dpo_15/0D4VHOJWBnU-Scene-0038/depth.mp4,T2V_data/label/vidgen_filter_gemini_part_0_dpo_15/0D4VHOJWBnU-Scene-0038/entity_20.png
T2V_data/VIDGEN-1M_unzip/0D4VHOJWBnU-Scene-0038.mp4,"The video shows a mixed martial arts fight between two men in a caged ring. One man is wearing black shorts and the other is wearing red shorts. The man in black shorts is standing over the man in red shorts, who is on the ground. The man in black shorts is punching the man in red shorts repeatedly. The referee is present in the ring, and the crowd can be heard cheering in the background.",T2V_data/label/vidgen_filter_gemini_part_0_dpo_15/0D4VHOJWBnU-Scene-0038/entity_20.mp4,T2V_data/label/vidgen_filter_gemini_part_0_dpo_15/0D4VHOJWBnU-Scene-0038/entity_20.png
T2V_data/VIDGEN-1M_unzip/0E5mmkZGiFQ-Scene-0008.mp4,The video shows a person riding a skateboard down a street. The person is wearing blue jeans and black shoes. The skateboard has orange wheels. The street is lined with buildings and there are cars parked on the side of the road. The person is moving at a steady pace and appears to be enjoying the ride.,T2V_data/label/vidgen_filter_gemini_part_0_dpo_15/0E5mmkZGiFQ-Scene-0008/depth.mp4,T2V_data/label/vidgen_filter_gemini_part_0_dpo_15/0E5mmkZGiFQ-Scene-0008/entity_20.png
T2V_data/VIDGEN-1M_unzip/0E5mmkZGiFQ-Scene-0008.mp4,The video shows a person riding a skateboard down a street. The person is wearing blue jeans and black shoes. The skateboard has orange wheels. The street is lined with buildings and there are cars parked on the side of the road. The person is moving at a steady pace and appears to be enjoying the ride.,T2V_data/label/vidgen_filter_gemini_part_0_dpo_15/0E5mmkZGiFQ-Scene-0008/entity_20.mp4,T2V_data/label/vidgen_filter_gemini_part_0_dpo_15/0E5mmkZGiFQ-Scene-0008/entity_20.png
T2V_data/VIDGEN-1M_unzip/0Ir0l_IxImQ-Scene-0003.mp4,"The video shows a man working on a car engine in a garage. He is using a screwdriver to remove the top cover of the engine. The engine is black and silver, and there are various tools and equipment visible in the background. The man is wearing a blue shirt and appears to be focused on his task.",T2V_data/label/vidgen_filter_gemini_part_0_dpo_15/0Ir0l_IxImQ-Scene-0003/depth.mp4,T2V_data/label/vidgen_filter_gemini_part_0_dpo_15/0Ir0l_IxImQ-Scene-0003/entity_20.png
T2V_data/VIDGEN-1M_unzip/0Ir0l_IxImQ-Scene-0003.mp4,"The video shows a man working on a car engine in a garage. He is using a screwdriver to remove the top cover of the engine. The engine is black and silver, and there are various tools and equipment visible in the background. The man is wearing a blue shirt and appears to be focused on his task.",T2V_data/label/vidgen_filter_gemini_part_0_dpo_15/0Ir0l_IxImQ-Scene-0003/entity_20.mp4,T2V_data/label/vidgen_filter_gemini_part_0_dpo_15/0Ir0l_IxImQ-Scene-0003/entity_20.png
T2V_data/VIDGEN-1M_unzip/0dkAhoIq9Y0-Scene-0016.mp4,"In the video, a person is seen holding a blue balloon over a bottle of soda. The balloon is inflated and the person is using it to suck the soda out of the bottle. The person is wearing a watch on their left wrist and is standing in front of a table. The soda bottle is labeled ""cola"" and the balloon is blue. The person's actions are deliberate and focused on using the balloon to extract the soda from the bottle.",T2V_data/label/vidgen_filter_gemini_part_0_dpo_15/0dkAhoIq9Y0-Scene-0016/depth.mp4,T2V_data/label/vidgen_filter_gemini_part_0_dpo_15/0dkAhoIq9Y0-Scene-0016/entity_40.png
T2V_data/VIDGEN-1M_unzip/0dkAhoIq9Y0-Scene-0016.mp4,"In the video, a person is seen holding a blue balloon over a bottle of soda. The balloon is inflated and the person is using it to suck the soda out of the bottle. The person is wearing a watch on their left wrist and is standing in front of a table. The soda bottle is labeled ""cola"" and the balloon is blue. The person's actions are deliberate and focused on using the balloon to extract the soda from the bottle.",T2V_data/label/vidgen_filter_gemini_part_0_dpo_15/0dkAhoIq9Y0-Scene-0016/entity_40.mp4,T2V_data/label/vidgen_filter_gemini_part_0_dpo_15/0dkAhoIq9Y0-Scene-0016/entity_40.png
T2V_data/VIDGEN-1M_unzip/0p0cD79uJXM-Scene-0005.mp4,"In the video, a person is seen cooking pasta in a pot of boiling water. The pot is placed on a stove, and the person uses a wooden spoon to stir the pasta. The water is bubbling and boiling, indicating that it is at a high temperature. The pasta appears to be of a long variety, such as spaghetti or fettuccine. The person stirs the pasta gently, ensuring that it does not stick to the bottom of the pot. The kitchen environment is not visible, but the focus is on the pot and the cooking process.",T2V_data/label/vidgen_filter_gemini_part_0_dpo_15/0p0cD79uJXM-Scene-0005/depth.mp4,T2V_data/label/vidgen_filter_gemini_part_0_dpo_15/0p0cD79uJXM-Scene-0005/entity_60.png
T2V_data/VIDGEN-1M_unzip/0p0cD79uJXM-Scene-0005.mp4,"In the video, a person is seen cooking pasta in a pot of boiling water. The pot is placed on a stove, and the person uses a wooden spoon to stir the pasta. The water is bubbling and boiling, indicating that it is at a high temperature. The pasta appears to be of a long variety, such as spaghetti or fettuccine. The person stirs the pasta gently, ensuring that it does not stick to the bottom of the pot. The kitchen environment is not visible, but the focus is on the pot and the cooking process.",T2V_data/label/vidgen_filter_gemini_part_0_dpo_15/0p0cD79uJXM-Scene-0005/entity_60.mp4,T2V_data/label/vidgen_filter_gemini_part_0_dpo_15/0p0cD79uJXM-Scene-0005/entity_60.png
T2V_data/VIDGEN-1M_unzip/0vvYZ8pzjnE-Scene-0206.mp4,"The video shows a person pouring water from a Pyrex measuring cup into a clear glass. The Pyrex measuring cup has red measurement markings and is partially filled with water. The glass is placed on a white countertop, and there is a bottle of water in the background. The water is being poured slowly and steadily, and the level of water in the glass rises as the video progresses.",T2V_data/label/vidgen_filter_gemini_part_0_dpo_15/0vvYZ8pzjnE-Scene-0206/depth.mp4,T2V_data/label/vidgen_filter_gemini_part_0_dpo_15/0vvYZ8pzjnE-Scene-0206/entity_60.png
T2V_data/VIDGEN-1M_unzip/0vvYZ8pzjnE-Scene-0206.mp4,"The video shows a person pouring water from a Pyrex measuring cup into a clear glass. The Pyrex measuring cup has red measurement markings and is partially filled with water. The glass is placed on a white countertop, and there is a bottle of water in the background. The water is being poured slowly and steadily, and the level of water in the glass rises as the video progresses.",T2V_data/label/vidgen_filter_gemini_part_0_dpo_15/0vvYZ8pzjnE-Scene-0206/entity_60.mp4,T2V_data/label/vidgen_filter_gemini_part_0_dpo_15/0vvYZ8pzjnE-Scene-0206/entity_60.png
T2V_data/VIDGEN-1M_unzip/1B0u6nvcTsI-Scene-0091.mp4,"The video shows a man wearing a black t-shirt and a black cap climbing down a metal staircase. He is holding a white object in his hand, which appears to be a satellite dish. The staircase is attached to a green wall, and there is another person climbing down the stairs behind him. The man is wearing white sneakers and appears to be cautiously making his way down the stairs.",T2V_data/label/vidgen_filter_gemini_part_0_dpo_15/1B0u6nvcTsI-Scene-0091/depth.mp4,T2V_data/label/vidgen_filter_gemini_part_0_dpo_15/1B0u6nvcTsI-Scene-0091/entity_40.png
T2V_data/VIDGEN-1M_unzip/1B0u6nvcTsI-Scene-0091.mp4,"The video shows a man wearing a black t-shirt and a black cap climbing down a metal staircase. He is holding a white object in his hand, which appears to be a satellite dish. The staircase is attached to a green wall, and there is another person climbing down the stairs behind him. The man is wearing white sneakers and appears to be cautiously making his way down the stairs.",T2V_data/label/vidgen_filter_gemini_part_0_dpo_15/1B0u6nvcTsI-Scene-0091/entity_40.mp4,T2V_data/label/vidgen_filter_gemini_part_0_dpo_15/1B0u6nvcTsI-Scene-0091/entity_40.png
T2V_data/VIDGEN-1M_unzip/1B0u6nvcTsI-Scene-0091.mp4,"The video shows a man wearing a black t-shirt and a black cap climbing down a metal staircase. He is holding a white object in his hand, which appears to be a satellite dish. The staircase is attached to a green wall, and there is another person climbing down the stairs behind him. The man is wearing white sneakers and appears to be cautiously making his way down the stairs.",T2V_data/label/vidgen_filter_gemini_part_0_dpo_15/1B0u6nvcTsI-Scene-0091/depth.mp4,T2V_data/label/vidgen_filter_gemini_part_0_dpo_15/1B0u6nvcTsI-Scene-0091/entity_60.png
T2V_data/VIDGEN-1M_unzip/1B0u6nvcTsI-Scene-0091.mp4,"The video shows a man wearing a black t-shirt and a black cap climbing down a metal staircase. He is holding a white object in his hand, which appears to be a satellite dish. The staircase is attached to a green wall, and there is another person climbing down the stairs behind him. The man is wearing white sneakers and appears to be cautiously making his way down the stairs.",T2V_data/label/vidgen_filter_gemini_part_0_dpo_15/1B0u6nvcTsI-Scene-0091/entity_60.mp4,T2V_data/label/vidgen_filter_gemini_part_0_dpo_15/1B0u6nvcTsI-Scene-0091/entity_60.png
T2V_data/VIDGEN-1M_unzip/1FQS-eVf31Y-Scene-0414.mp4,"The video shows two large animals fighting in a grassy field with mountains in the background. The animals are using their horns to push against each other and knock each other off their feet. The animals are brown in color and have large, curved horns. The grass is green and there are yellow flowers scattered throughout the field. The mountains in the background are gray and rocky.",T2V_data/label/vidgen_filter_gemini_part_0_dpo_15/1FQS-eVf31Y-Scene-0414/depth.mp4,T2V_data/label/vidgen_filter_gemini_part_0_dpo_15/1FQS-eVf31Y-Scene-0414/entity_20.png
T2V_data/VIDGEN-1M_unzip/1FQS-eVf31Y-Scene-0414.mp4,"The video shows two large animals fighting in a grassy field with mountains in the background. The animals are using their horns to push against each other and knock each other off their feet. The animals are brown in color and have large, curved horns. The grass is green and there are yellow flowers scattered throughout the field. The mountains in the background are gray and rocky.",T2V_data/label/vidgen_filter_gemini_part_0_dpo_15/1FQS-eVf31Y-Scene-0414/entity_20.mp4,T2V_data/label/vidgen_filter_gemini_part_0_dpo_15/1FQS-eVf31Y-Scene-0414/entity_20.png
T2V_data/VIDGEN-1M_unzip/1Ho1WuyRTOk-Scene-0023.mp4,"The video shows a hockey game in progress. The players are wearing their respective team uniforms and are seen fighting near the goalpost. The referees are trying to separate the players and restore order. The players are pushing and shoving each other, and the referees are trying to intervene. The goalpost is visible in the background, and the players are seen skating around the rink. The video captures the intensity and aggression of the game, with players and referees working to maintain control.",T2V_data/label/vidgen_filter_gemini_part_0_dpo_15/1Ho1WuyRTOk-Scene-0023/depth.mp4,T2V_data/label/vidgen_filter_gemini_part_0_dpo_15/1Ho1WuyRTOk-Scene-0023/entity_40.png
T2V_data/VIDGEN-1M_unzip/1Ho1WuyRTOk-Scene-0023.mp4,"The video shows a hockey game in progress. The players are wearing their respective team uniforms and are seen fighting near the goalpost. The referees are trying to separate the players and restore order. The players are pushing and shoving each other, and the referees are trying to intervene. The goalpost is visible in the background, and the players are seen skating around the rink. The video captures the intensity and aggression of the game, with players and referees working to maintain control.",T2V_data/label/vidgen_filter_gemini_part_0_dpo_15/1Ho1WuyRTOk-Scene-0023/entity_40.mp4,T2V_data/label/vidgen_filter_gemini_part_0_dpo_15/1Ho1WuyRTOk-Scene-0023/entity_40.png
T2V_data/VIDGEN-1M_unzip/1h5SSydpUyk-Scene-0083.mp4,"The video shows a person driving a car down a street. The driver's hands are visible on the steering wheel, and the dashboard is visible in the foreground. The car is driving down a tree-lined street with other cars visible in the distance. The driver is navigating the car smoothly, and the car is moving at a steady pace. The video provides a clear view of the car's interior, including the steering wheel and dashboard. The driver appears to be focused on the road and is following traffic rules. The video does not show any accidents or unusual events.",T2V_data/label/vidgen_filter_gemini_part_0_dpo_15/1h5SSydpUyk-Scene-0083/depth.mp4,T2V_data/label/vidgen_filter_gemini_part_0_dpo_15/1h5SSydpUyk-Scene-0083/entity_40.png
T2V_data/VIDGEN-1M_unzip/1h5SSydpUyk-Scene-0083.mp4,"The video shows a person driving a car down a street. The driver's hands are visible on the steering wheel, and the dashboard is visible in the foreground. The car is driving down a tree-lined street with other cars visible in the distance. The driver is navigating the car smoothly, and the car is moving at a steady pace. The video provides a clear view of the car's interior, including the steering wheel and dashboard. The driver appears to be focused on the road and is following traffic rules. The video does not show any accidents or unusual events.",T2V_data/label/vidgen_filter_gemini_part_0_dpo_15/1h5SSydpUyk-Scene-0083/entity_40.mp4,T2V_data/label/vidgen_filter_gemini_part_0_dpo_15/1h5SSydpUyk-Scene-0083/entity_40.png
T2V_data/VIDGEN-1M_unzip/1hlCCLym2iQ-Scene-0013.mp4,"The video shows a person's hands removing the side panel of a black computer tower. The person then pulls out the motherboard, which has a blue Intel sticker on it. The motherboard is attached to a cooling fan and various cables. The person's hands are visible throughout the video, and the background is a wooden table.",T2V_data/label/vidgen_filter_gemini_part_0_dpo_15/1hlCCLym2iQ-Scene-0013/depth.mp4,T2V_data/label/vidgen_filter_gemini_part_0_dpo_15/1hlCCLym2iQ-Scene-0013/entity_60.png
T2V_data/VIDGEN-1M_unzip/1hlCCLym2iQ-Scene-0013.mp4,"The video shows a person's hands removing the side panel of a black computer tower. The person then pulls out the motherboard, which has a blue Intel sticker on it. The motherboard is attached to a cooling fan and various cables. The person's hands are visible throughout the video, and the background is a wooden table.",T2V_data/label/vidgen_filter_gemini_part_0_dpo_15/1hlCCLym2iQ-Scene-0013/entity_60.mp4,T2V_data/label/vidgen_filter_gemini_part_0_dpo_15/1hlCCLym2iQ-Scene-0013/entity_60.png
T2V_data/VIDGEN-1M_unzip/1jPIjNDY95s-Scene-0034.mp4,"The video shows a close-up of a person's hands as they use a knife to slice mushrooms on a cutting board. The mushrooms are white with brown spots, and the knife is silver with a black handle. The person's hands are steady as they make precise cuts, and the mushrooms are sliced into thin pieces.",T2V_data/label/vidgen_filter_gemini_part_0_dpo_15/1jPIjNDY95s-Scene-0034/depth.mp4,T2V_data/label/vidgen_filter_gemini_part_0_dpo_15/1jPIjNDY95s-Scene-0034/entity_40.png
T2V_data/VIDGEN-1M_unzip/1jPIjNDY95s-Scene-0034.mp4,"The video shows a close-up of a person's hands as they use a knife to slice mushrooms on a cutting board. The mushrooms are white with brown spots, and the knife is silver with a black handle. The person's hands are steady as they make precise cuts, and the mushrooms are sliced into thin pieces.",T2V_data/label/vidgen_filter_gemini_part_0_dpo_15/1jPIjNDY95s-Scene-0034/entity_40.mp4,T2V_data/label/vidgen_filter_gemini_part_0_dpo_15/1jPIjNDY95s-Scene-0034/entity_40.png
T2V_data/VIDGEN-1M_unzip/1xO6hdqfRG8-Scene-0062.mp4,"In the video, a person is seen holding a red spatula and brushing it over a piece of corn that is being dipped into a sauce. The sauce appears to be a dark red color, and the corn has a golden yellow hue with some charred spots. The person is brushing the sauce onto the corn in a circular motion, ensuring that the corn is evenly coated. The background is a wooden surface, and there is a logo visible in the bottom left corner of the video.",T2V_data/label/vidgen_filter_gemini_part_0_dpo_15/1xO6hdqfRG8-Scene-0062/depth.mp4,T2V_data/label/vidgen_filter_gemini_part_0_dpo_15/1xO6hdqfRG8-Scene-0062/entity_20.png
T2V_data/VIDGEN-1M_unzip/1xO6hdqfRG8-Scene-0062.mp4,"In the video, a person is seen holding a red spatula and brushing it over a piece of corn that is being dipped into a sauce. The sauce appears to be a dark red color, and the corn has a golden yellow hue with some charred spots. The person is brushing the sauce onto the corn in a circular motion, ensuring that the corn is evenly coated. The background is a wooden surface, and there is a logo visible in the bottom left corner of the video.",T2V_data/label/vidgen_filter_gemini_part_0_dpo_15/1xO6hdqfRG8-Scene-0062/entity_20.mp4,T2V_data/label/vidgen_filter_gemini_part_0_dpo_15/1xO6hdqfRG8-Scene-0062/entity_20.png
T2V_data/VIDGEN-1M_unzip/1zn_9uE9uzE-Scene-0069.mp4,"The video shows a close-up of a mixing bowl with a mixer attachment. The mixer is turned on, and the attachment begins to mix the contents of the bowl. The contents of the bowl are initially dry and powdery, but as the mixer continues to turn, they gradually become more cohesive and form a dough-like consistency. The mixer attachment is made of metal and is attached to a larger machine, which is not visible in the video. The mixing bowl appears to be made of stainless steel and is placed on a countertop. The video does not show any other objects or people.",T2V_data/label/vidgen_filter_gemini_part_0_dpo_15/1zn_9uE9uzE-Scene-0069/depth.mp4,T2V_data/label/vidgen_filter_gemini_part_0_dpo_15/1zn_9uE9uzE-Scene-0069/entity_40.png
T2V_data/VIDGEN-1M_unzip/1zn_9uE9uzE-Scene-0069.mp4,"The video shows a close-up of a mixing bowl with a mixer attachment. The mixer is turned on, and the attachment begins to mix the contents of the bowl. The contents of the bowl are initially dry and powdery, but as the mixer continues to turn, they gradually become more cohesive and form a dough-like consistency. The mixer attachment is made of metal and is attached to a larger machine, which is not visible in the video. The mixing bowl appears to be made of stainless steel and is placed on a countertop. The video does not show any other objects or people.",T2V_data/label/vidgen_filter_gemini_part_0_dpo_15/1zn_9uE9uzE-Scene-0069/entity_40.mp4,T2V_data/label/vidgen_filter_gemini_part_0_dpo_15/1zn_9uE9uzE-Scene-0069/entity_40.png
T2V_data/VIDGEN-1M_unzip/22VKWx0DX-k-Scene-0041.mp4,"In the video, a man is seen holding a pair of red pliers in his right hand and a piece of wire in his left hand. He is using the pliers to bend the wire into a circular shape. The man is wearing a blue shirt and a watch on his left wrist. The background is blurred, but it appears to be a workshop or garage setting. The man's movements are precise and deliberate as he shapes the wire. The video is shot from a close-up angle, focusing on the man's hands and the tools he is using.",T2V_data/label/vidgen_filter_gemini_part_0_dpo_15/22VKWx0DX-k-Scene-0041/depth.mp4,T2V_data/label/vidgen_filter_gemini_part_0_dpo_15/22VKWx0DX-k-Scene-0041/entity_60.png
T2V_data/VIDGEN-1M_unzip/22VKWx0DX-k-Scene-0041.mp4,"In the video, a man is seen holding a pair of red pliers in his right hand and a piece of wire in his left hand. He is using the pliers to bend the wire into a circular shape. The man is wearing a blue shirt and a watch on his left wrist. The background is blurred, but it appears to be a workshop or garage setting. The man's movements are precise and deliberate as he shapes the wire. The video is shot from a close-up angle, focusing on the man's hands and the tools he is using.",T2V_data/label/vidgen_filter_gemini_part_0_dpo_15/22VKWx0DX-k-Scene-0041/entity_60.mp4,T2V_data/label/vidgen_filter_gemini_part_0_dpo_15/22VKWx0DX-k-Scene-0041/entity_60.png
T2V_data/VIDGEN-1M_unzip/23GXVQnqaps-Scene-0006.mp4,"The video shows a close-up of a pot on a stove. The pot is made of metal and has a handle on one side. Inside the pot, there is a liquid that is boiling and bubbling. The liquid appears to be a light brown color, and the bubbles are small and numerous. The stove under the pot is black with a visible burner. There is no visible flame, but the liquid is actively boiling, indicating that the burner is on. The video does not show any other objects or actions.",T2V_data/label/vidgen_filter_gemini_part_0_dpo_15/23GXVQnqaps-Scene-0006/depth.mp4,T2V_data/label/vidgen_filter_gemini_part_0_dpo_15/23GXVQnqaps-Scene-0006/entity_60.png
T2V_data/VIDGEN-1M_unzip/23GXVQnqaps-Scene-0006.mp4,"The video shows a close-up of a pot on a stove. The pot is made of metal and has a handle on one side. Inside the pot, there is a liquid that is boiling and bubbling. The liquid appears to be a light brown color, and the bubbles are small and numerous. The stove under the pot is black with a visible burner. There is no visible flame, but the liquid is actively boiling, indicating that the burner is on. The video does not show any other objects or actions.",T2V_data/label/vidgen_filter_gemini_part_0_dpo_15/23GXVQnqaps-Scene-0006/entity_60.mp4,T2V_data/label/vidgen_filter_gemini_part_0_dpo_15/23GXVQnqaps-Scene-0006/entity_60.png
T2V_data/VIDGEN-1M_unzip/2BQBCBE5pc8-Scene-0031.mp4,"The video shows a person wearing a black glove holding a bottle of oil and pouring it into a car's engine. The engine is black and appears to be located underneath the car. The person is standing on the ground, and the engine is attached to the car's body. The oil is being poured from a height, and the person is using a funnel to guide the oil into the engine. The engine has several openings, and the person is pouring the oil into one of them. The video is shot in daylight, and the background is not visible.",T2V_data/label/vidgen_filter_gemini_part_0_dpo_15/2BQBCBE5pc8-Scene-0031/depth.mp4,T2V_data/label/vidgen_filter_gemini_part_0_dpo_15/2BQBCBE5pc8-Scene-0031/entity_40.png
T2V_data/VIDGEN-1M_unzip/2BQBCBE5pc8-Scene-0031.mp4,"The video shows a person wearing a black glove holding a bottle of oil and pouring it into a car's engine. The engine is black and appears to be located underneath the car. The person is standing on the ground, and the engine is attached to the car's body. The oil is being poured from a height, and the person is using a funnel to guide the oil into the engine. The engine has several openings, and the person is pouring the oil into one of them. The video is shot in daylight, and the background is not visible.",T2V_data/label/vidgen_filter_gemini_part_0_dpo_15/2BQBCBE5pc8-Scene-0031/entity_40.mp4,T2V_data/label/vidgen_filter_gemini_part_0_dpo_15/2BQBCBE5pc8-Scene-0031/entity_40.png
T2V_data/VIDGEN-1M_unzip/2DmnpiExa4w-Scene-0136.mp4,"In the video, a man is seen kneeling down next to a car. He is holding a tire iron in his hand and is using it to remove the tire from the car. The man appears to be focused on his task and is applying force to the tire iron to loosen the lug nuts. The car is parked on a red and black checkered floor, which suggests that the location could be a garage or a workshop. The man is wearing a blue shirt with a pattern of small animals and glasses, and he seems to be speaking to the camera as he works on the car. The video does not provide any additional context or information about the man or the car.",T2V_data/label/vidgen_filter_gemini_part_0_dpo_15/2DmnpiExa4w-Scene-0136/depth.mp4,T2V_data/label/vidgen_filter_gemini_part_0_dpo_15/2DmnpiExa4w-Scene-0136/entity_20.png
T2V_data/VIDGEN-1M_unzip/2DmnpiExa4w-Scene-0136.mp4,"In the video, a man is seen kneeling down next to a car. He is holding a tire iron in his hand and is using it to remove the tire from the car. The man appears to be focused on his task and is applying force to the tire iron to loosen the lug nuts. The car is parked on a red and black checkered floor, which suggests that the location could be a garage or a workshop. The man is wearing a blue shirt with a pattern of small animals and glasses, and he seems to be speaking to the camera as he works on the car. The video does not provide any additional context or information about the man or the car.",T2V_data/label/vidgen_filter_gemini_part_0_dpo_15/2DmnpiExa4w-Scene-0136/entity_20.mp4,T2V_data/label/vidgen_filter_gemini_part_0_dpo_15/2DmnpiExa4w-Scene-0136/entity_20.png
T2V_data/VIDGEN-1M_unzip/2PEnO9D1Bsw-Scene-0059.mp4,"In the video, a person is seen pouring whipped cream into a bowl of yellow liquid. The bowl is made of stainless steel and is placed on a countertop. The person uses a spoon to mix the whipped cream into the liquid. The whipped cream is white and fluffy, and the liquid is a bright yellow color. The person mixes the ingredients thoroughly, ensuring that the whipped cream is evenly distributed throughout the liquid. The video ends with the person continuing to mix the ingredients.",T2V_data/label/vidgen_filter_gemini_part_0_dpo_15/2PEnO9D1Bsw-Scene-0059/depth.mp4,T2V_data/label/vidgen_filter_gemini_part_0_dpo_15/2PEnO9D1Bsw-Scene-0059/entity_20.png
T2V_data/VIDGEN-1M_unzip/2PEnO9D1Bsw-Scene-0059.mp4,"In the video, a person is seen pouring whipped cream into a bowl of yellow liquid. The bowl is made of stainless steel and is placed on a countertop. The person uses a spoon to mix the whipped cream into the liquid. The whipped cream is white and fluffy, and the liquid is a bright yellow color. The person mixes the ingredients thoroughly, ensuring that the whipped cream is evenly distributed throughout the liquid. The video ends with the person continuing to mix the ingredients.",T2V_data/label/vidgen_filter_gemini_part_0_dpo_15/2PEnO9D1Bsw-Scene-0059/entity_20.mp4,T2V_data/label/vidgen_filter_gemini_part_0_dpo_15/2PEnO9D1Bsw-Scene-0059/entity_20.png
T2V_data/VIDGEN-1M_unzip/2X3dn959Y1Y-Scene-0024.mp4,"The video shows a person using a knife to cut open a fish on a wooden cutting board. The person is wearing a black shirt and has a watch on their left wrist. The fish is large and has a greenish-blue color on the outside, while the inside is pinkish-red. The person cuts from the tail to the head of the fish, carefully removing the scales and exposing the flesh. The cutting board is placed on a black surface, possibly a table or countertop.",T2V_data/label/vidgen_filter_gemini_part_0_dpo_15/2X3dn959Y1Y-Scene-0024/depth.mp4,T2V_data/label/vidgen_filter_gemini_part_0_dpo_15/2X3dn959Y1Y-Scene-0024/entity_20.png
T2V_data/VIDGEN-1M_unzip/2X3dn959Y1Y-Scene-0024.mp4,"The video shows a person using a knife to cut open a fish on a wooden cutting board. The person is wearing a black shirt and has a watch on their left wrist. The fish is large and has a greenish-blue color on the outside, while the inside is pinkish-red. The person cuts from the tail to the head of the fish, carefully removing the scales and exposing the flesh. The cutting board is placed on a black surface, possibly a table or countertop.",T2V_data/label/vidgen_filter_gemini_part_0_dpo_15/2X3dn959Y1Y-Scene-0024/entity_20.mp4,T2V_data/label/vidgen_filter_gemini_part_0_dpo_15/2X3dn959Y1Y-Scene-0024/entity_20.png
T2V_data/VIDGEN-1M_unzip/2X3dn959Y1Y-Scene-0024.mp4,"The video shows a person using a knife to cut open a fish on a wooden cutting board. The person is wearing a black shirt and has a watch on their left wrist. The fish is large and has a greenish-blue color on the outside, while the inside is pinkish-red. The person cuts from the tail to the head of the fish, carefully removing the scales and exposing the flesh. The cutting board is placed on a black surface, possibly a table or countertop.",T2V_data/label/vidgen_filter_gemini_part_0_dpo_15/2X3dn959Y1Y-Scene-0024/depth.mp4,T2V_data/label/vidgen_filter_gemini_part_0_dpo_15/2X3dn959Y1Y-Scene-0024/entity_40.png
T2V_data/VIDGEN-1M_unzip/2X3dn959Y1Y-Scene-0024.mp4,"The video shows a person using a knife to cut open a fish on a wooden cutting board. The person is wearing a black shirt and has a watch on their left wrist. The fish is large and has a greenish-blue color on the outside, while the inside is pinkish-red. The person cuts from the tail to the head of the fish, carefully removing the scales and exposing the flesh. The cutting board is placed on a black surface, possibly a table or countertop.",T2V_data/label/vidgen_filter_gemini_part_0_dpo_15/2X3dn959Y1Y-Scene-0024/entity_40.mp4,T2V_data/label/vidgen_filter_gemini_part_0_dpo_15/2X3dn959Y1Y-Scene-0024/entity_40.png
T2V_data/VIDGEN-1M_unzip/2fYdkR1Pumc-Scene-0017.mp4,"The video features a person riding a motorcycle on a track. The rider is wearing a black helmet and a black suit. The motorcycle is black and green in color. The track appears to be made of asphalt and has white lines on it. The rider is leaning into a turn, and the motorcycle's tires are visible. The video is shot from a side angle, and the rider is moving at a high speed.",T2V_data/label/vidgen_filter_gemini_part_0_dpo_15/2fYdkR1Pumc-Scene-0017/depth.mp4,T2V_data/label/vidgen_filter_gemini_part_0_dpo_15/2fYdkR1Pumc-Scene-0017/entity_20.png
T2V_data/VIDGEN-1M_unzip/2fYdkR1Pumc-Scene-0017.mp4,"The video features a person riding a motorcycle on a track. The rider is wearing a black helmet and a black suit. The motorcycle is black and green in color. The track appears to be made of asphalt and has white lines on it. The rider is leaning into a turn, and the motorcycle's tires are visible. The video is shot from a side angle, and the rider is moving at a high speed.",T2V_data/label/vidgen_filter_gemini_part_0_dpo_15/2fYdkR1Pumc-Scene-0017/entity_20.mp4,T2V_data/label/vidgen_filter_gemini_part_0_dpo_15/2fYdkR1Pumc-Scene-0017/entity_20.png
T2V_data/VIDGEN-1M_unzip/2l9TyNV64Zo-Scene-0013.mp4,"In the video, we see a person pouring a bowl of water into a bowl of beans. The water is clear and the beans are a light brown color. The bowl is made of glass and is placed on a wooden surface. The person pours the water slowly and carefully, making sure not to spill any. The beans are soaked in the water, and we can see them floating and moving around. The person's hand is visible as they pour the water, and we can see their fingers gripping the bowl. The lighting in the video is bright, and we can see the reflection of the person's hand on the surface of the water.",T2V_data/label/vidgen_filter_gemini_part_0_dpo_15/2l9TyNV64Zo-Scene-0013/depth.mp4,T2V_data/label/vidgen_filter_gemini_part_0_dpo_15/2l9TyNV64Zo-Scene-0013/entity_40.png
T2V_data/VIDGEN-1M_unzip/2l9TyNV64Zo-Scene-0013.mp4,"In the video, we see a person pouring a bowl of water into a bowl of beans. The water is clear and the beans are a light brown color. The bowl is made of glass and is placed on a wooden surface. The person pours the water slowly and carefully, making sure not to spill any. The beans are soaked in the water, and we can see them floating and moving around. The person's hand is visible as they pour the water, and we can see their fingers gripping the bowl. The lighting in the video is bright, and we can see the reflection of the person's hand on the surface of the water.",T2V_data/label/vidgen_filter_gemini_part_0_dpo_15/2l9TyNV64Zo-Scene-0013/entity_40.mp4,T2V_data/label/vidgen_filter_gemini_part_0_dpo_15/2l9TyNV64Zo-Scene-0013/entity_40.png
T2V_data/VIDGEN-1M_unzip/3ZYKM60COm8-Scene-0054.mp4,"In the video, a person is holding a flexible LED strip in their hand. The LED strip is glowing with a warm, orange light. The person is bending the strip back and forth, demonstrating its flexibility. In the background, there is a computer setup with various components, including a motherboard, RAM, and cooling fans. The LED strip appears to be about 12 inches long and is made up of individual LED lights. The person's hand is steady as they manipulate the strip, and the light from the LEDs is bright and clear.",T2V_data/label/vidgen_filter_gemini_part_0_dpo_15/3ZYKM60COm8-Scene-0054/depth.mp4,T2V_data/label/vidgen_filter_gemini_part_0_dpo_15/3ZYKM60COm8-Scene-0054/entity_20.png
T2V_data/VIDGEN-1M_unzip/3ZYKM60COm8-Scene-0054.mp4,"In the video, a person is holding a flexible LED strip in their hand. The LED strip is glowing with a warm, orange light. The person is bending the strip back and forth, demonstrating its flexibility. In the background, there is a computer setup with various components, including a motherboard, RAM, and cooling fans. The LED strip appears to be about 12 inches long and is made up of individual LED lights. The person's hand is steady as they manipulate the strip, and the light from the LEDs is bright and clear.",T2V_data/label/vidgen_filter_gemini_part_0_dpo_15/3ZYKM60COm8-Scene-0054/entity_20.mp4,T2V_data/label/vidgen_filter_gemini_part_0_dpo_15/3ZYKM60COm8-Scene-0054/entity_20.png
T2V_data/VIDGEN-1M_unzip/3kFtoq76N_E-Scene-0023.mp4,"In the video, a person is seen pouring a dark-colored liquid into a clear glass bowl. The liquid appears to be thick and viscous, and it slowly fills the bowl. The person then uses a spoon to stir the liquid, creating ripples and waves in the bowl. The background is blurred, but it appears to be a kitchen setting with a floral pattern.",T2V_data/label/vidgen_filter_gemini_part_0_dpo_15/3kFtoq76N_E-Scene-0023/depth.mp4,T2V_data/label/vidgen_filter_gemini_part_0_dpo_15/3kFtoq76N_E-Scene-0023/entity_60.png
T2V_data/VIDGEN-1M_unzip/3kFtoq76N_E-Scene-0023.mp4,"In the video, a person is seen pouring a dark-colored liquid into a clear glass bowl. The liquid appears to be thick and viscous, and it slowly fills the bowl. The person then uses a spoon to stir the liquid, creating ripples and waves in the bowl. The background is blurred, but it appears to be a kitchen setting with a floral pattern.",T2V_data/label/vidgen_filter_gemini_part_0_dpo_15/3kFtoq76N_E-Scene-0023/entity_60.mp4,T2V_data/label/vidgen_filter_gemini_part_0_dpo_15/3kFtoq76N_E-Scene-0023/entity_60.png
T2V_data/VIDGEN-1M_unzip/3njHar4u1Pg-Scene-0019.mp4,"In the video, a man is seen working on a car engine. He is wearing a blue hoodie and is standing in front of the open hood of the car. The man is using a wrench to work on the engine. He appears to be focused on his task, and there is a green bucket visible in the background. The car is parked in a garage, and the lighting is bright enough to clearly see the man and the engine.",T2V_data/label/vidgen_filter_gemini_part_0_dpo_15/3njHar4u1Pg-Scene-0019/depth.mp4,T2V_data/label/vidgen_filter_gemini_part_0_dpo_15/3njHar4u1Pg-Scene-0019/entity_20.png
T2V_data/VIDGEN-1M_unzip/3njHar4u1Pg-Scene-0019.mp4,"In the video, a man is seen working on a car engine. He is wearing a blue hoodie and is standing in front of the open hood of the car. The man is using a wrench to work on the engine. He appears to be focused on his task, and there is a green bucket visible in the background. The car is parked in a garage, and the lighting is bright enough to clearly see the man and the engine.",T2V_data/label/vidgen_filter_gemini_part_0_dpo_15/3njHar4u1Pg-Scene-0019/entity_20.mp4,T2V_data/label/vidgen_filter_gemini_part_0_dpo_15/3njHar4u1Pg-Scene-0019/entity_20.png
T2V_data/VIDGEN-1M_unzip/42-n_HG_1ZU-Scene-0010.mp4,"In the video, a man is seen using a drill to remove a license plate from a car. The man is wearing a black jacket and is crouching down next to the car. He is holding the drill in his right hand and using it to unscrew the screws that are holding the license plate in place. The car is red and the license plate is blue and white. The man appears to be focused on his task and is working carefully to remove the license plate without causing any damage to the car.",T2V_data/label/vidgen_filter_gemini_part_0_dpo_15/42-n_HG_1ZU-Scene-0010/depth.mp4,T2V_data/label/vidgen_filter_gemini_part_0_dpo_15/42-n_HG_1ZU-Scene-0010/entity_20.png
T2V_data/VIDGEN-1M_unzip/42-n_HG_1ZU-Scene-0010.mp4,"In the video, a man is seen using a drill to remove a license plate from a car. The man is wearing a black jacket and is crouching down next to the car. He is holding the drill in his right hand and using it to unscrew the screws that are holding the license plate in place. The car is red and the license plate is blue and white. The man appears to be focused on his task and is working carefully to remove the license plate without causing any damage to the car.",T2V_data/label/vidgen_filter_gemini_part_0_dpo_15/42-n_HG_1ZU-Scene-0010/entity_20.mp4,T2V_data/label/vidgen_filter_gemini_part_0_dpo_15/42-n_HG_1ZU-Scene-0010/entity_20.png
T2V_data/VIDGEN-1M_unzip/4N7AmeFbeoM-Scene-0030.mp4,"The video begins with a close-up of a wooden surface. A hand then enters the frame, holding a green and silver tool. The tool is used to make a series of marks on the wood. The hand then uses the tool to cut along the marked lines. The video ends with the hand holding the tool and showing the cut marks on the wood.",T2V_data/label/vidgen_filter_gemini_part_0_dpo_15/4N7AmeFbeoM-Scene-0030/depth.mp4,T2V_data/label/vidgen_filter_gemini_part_0_dpo_15/4N7AmeFbeoM-Scene-0030/entity_60.png
T2V_data/VIDGEN-1M_unzip/4N7AmeFbeoM-Scene-0030.mp4,"The video begins with a close-up of a wooden surface. A hand then enters the frame, holding a green and silver tool. The tool is used to make a series of marks on the wood. The hand then uses the tool to cut along the marked lines. The video ends with the hand holding the tool and showing the cut marks on the wood.",T2V_data/label/vidgen_filter_gemini_part_0_dpo_15/4N7AmeFbeoM-Scene-0030/entity_60.mp4,T2V_data/label/vidgen_filter_gemini_part_0_dpo_15/4N7AmeFbeoM-Scene-0030/entity_60.png
T2V_data/VIDGEN-1M_unzip/4e1toXpHxJ4-Scene-0009.mp4,"The video shows a black car driving through a city at night. The car is seen driving on the sidewalk, hitting a trash can, and then driving down the street. The car has red taillights and is driving in a virtual environment.",T2V_data/label/vidgen_filter_gemini_part_0_dpo_15/4e1toXpHxJ4-Scene-0009/depth.mp4,T2V_data/label/vidgen_filter_gemini_part_0_dpo_15/4e1toXpHxJ4-Scene-0009/entity_20.png
T2V_data/VIDGEN-1M_unzip/4e1toXpHxJ4-Scene-0009.mp4,"The video shows a black car driving through a city at night. The car is seen driving on the sidewalk, hitting a trash can, and then driving down the street. The car has red taillights and is driving in a virtual environment.",T2V_data/label/vidgen_filter_gemini_part_0_dpo_15/4e1toXpHxJ4-Scene-0009/entity_20.mp4,T2V_data/label/vidgen_filter_gemini_part_0_dpo_15/4e1toXpHxJ4-Scene-0009/entity_20.png
T2V_data/VIDGEN-1M_unzip/4r7du5hfp-Y-Scene-0082.mp4,"In the video, a woman is seen on a sandy beach. She is wearing a black sports bra and purple leggings. The woman is performing a backbend, starting from a standing position and bending backwards until her hands touch the sand. She then proceeds to stand back up. The beach is mostly empty, with a few buildings visible in the background. The sky is clear and blue.",T2V_data/label/vidgen_filter_gemini_part_0_dpo_15/4r7du5hfp-Y-Scene-0082/depth.mp4,T2V_data/label/vidgen_filter_gemini_part_0_dpo_15/4r7du5hfp-Y-Scene-0082/entity_20.png
T2V_data/VIDGEN-1M_unzip/4r7du5hfp-Y-Scene-0082.mp4,"In the video, a woman is seen on a sandy beach. She is wearing a black sports bra and purple leggings. The woman is performing a backbend, starting from a standing position and bending backwards until her hands touch the sand. She then proceeds to stand back up. The beach is mostly empty, with a few buildings visible in the background. The sky is clear and blue.",T2V_data/label/vidgen_filter_gemini_part_0_dpo_15/4r7du5hfp-Y-Scene-0082/entity_20.mp4,T2V_data/label/vidgen_filter_gemini_part_0_dpo_15/4r7du5hfp-Y-Scene-0082/entity_20.png
T2V_data/VIDGEN-1M_unzip/4tfxUi9udVo-Scene-0033.mp4,"The video shows a person's hand mixing a white substance in a metal bowl. The person then scoops up some of the mixture and places it on a flat surface. They use their hand to spread the mixture out and then use a tool to flatten it. The person repeats this process several times, spreading and flattening the mixture.",T2V_data/label/vidgen_filter_gemini_part_0_dpo_15/4tfxUi9udVo-Scene-0033/depth.mp4,T2V_data/label/vidgen_filter_gemini_part_0_dpo_15/4tfxUi9udVo-Scene-0033/entity_60.png
T2V_data/VIDGEN-1M_unzip/4tfxUi9udVo-Scene-0033.mp4,"The video shows a person's hand mixing a white substance in a metal bowl. The person then scoops up some of the mixture and places it on a flat surface. They use their hand to spread the mixture out and then use a tool to flatten it. The person repeats this process several times, spreading and flattening the mixture.",T2V_data/label/vidgen_filter_gemini_part_0_dpo_15/4tfxUi9udVo-Scene-0033/entity_60.mp4,T2V_data/label/vidgen_filter_gemini_part_0_dpo_15/4tfxUi9udVo-Scene-0033/entity_60.png
T2V_data/VIDGEN-1M_unzip/4uuB2DXpt6Y-Scene-0032.mp4,"In this video, we see a clear glass mug filled with water placed on a black surface. A person's hand is holding a spoon and stirring the water. As the spoon is lifted, the water appears to disappear from the spoon, creating an illusion of disappearance. The video is shot in a close-up shot, focusing on the mug and the spoon. The water is clear and the spoon is silver. The person's hand is steady as they stir the water, and the spoon is lifted slowly to show the water disappearing from it.",T2V_data/label/vidgen_filter_gemini_part_0_dpo_15/4uuB2DXpt6Y-Scene-0032/depth.mp4,T2V_data/label/vidgen_filter_gemini_part_0_dpo_15/4uuB2DXpt6Y-Scene-0032/entity_100.png
T2V_data/VIDGEN-1M_unzip/4uuB2DXpt6Y-Scene-0032.mp4,"In this video, we see a clear glass mug filled with water placed on a black surface. A person's hand is holding a spoon and stirring the water. As the spoon is lifted, the water appears to disappear from the spoon, creating an illusion of disappearance. The video is shot in a close-up shot, focusing on the mug and the spoon. The water is clear and the spoon is silver. The person's hand is steady as they stir the water, and the spoon is lifted slowly to show the water disappearing from it.",T2V_data/label/vidgen_filter_gemini_part_0_dpo_15/4uuB2DXpt6Y-Scene-0032/entity_100.mp4,T2V_data/label/vidgen_filter_gemini_part_0_dpo_15/4uuB2DXpt6Y-Scene-0032/entity_100.png
T2V_data/VIDGEN-1M_unzip/55IlBkVY4eY-Scene-0009.mp4,"The video features a man demonstrating how to attach a lens to a camera. He starts by holding the camera in his left hand and the lens in his right hand. He then attaches the lens to the camera by aligning it with the lens mount and twisting it clockwise until it clicks into place. The man then shows how to remove the lens by twisting it counterclockwise until it clicks out of place. Throughout the video, he provides verbal instructions and tips for properly attaching and removing the lens.",T2V_data/label/vidgen_filter_gemini_part_0_dpo_15/55IlBkVY4eY-Scene-0009/depth.mp4,T2V_data/label/vidgen_filter_gemini_part_0_dpo_15/55IlBkVY4eY-Scene-0009/entity_60.png
T2V_data/VIDGEN-1M_unzip/55IlBkVY4eY-Scene-0009.mp4,"The video features a man demonstrating how to attach a lens to a camera. He starts by holding the camera in his left hand and the lens in his right hand. He then attaches the lens to the camera by aligning it with the lens mount and twisting it clockwise until it clicks into place. The man then shows how to remove the lens by twisting it counterclockwise until it clicks out of place. Throughout the video, he provides verbal instructions and tips for properly attaching and removing the lens.",T2V_data/label/vidgen_filter_gemini_part_0_dpo_15/55IlBkVY4eY-Scene-0009/entity_60.mp4,T2V_data/label/vidgen_filter_gemini_part_0_dpo_15/55IlBkVY4eY-Scene-0009/entity_60.png
T2V_data/VIDGEN-1M_unzip/58QN_vrMILY-Scene-0105.mp4,"The video shows a wrestling match taking place in a ring with a crowd watching. One wrestler, wearing gold pants, is being lifted and thrown to the ground by another wrestler. The referee is present in the ring, observing the action. The wrestler in gold pants appears to be in distress as he is being thrown down. The crowd is visible in the background, indicating that this is a public event.",T2V_data/label/vidgen_filter_gemini_part_0_dpo_15/58QN_vrMILY-Scene-0105/depth.mp4,T2V_data/label/vidgen_filter_gemini_part_0_dpo_15/58QN_vrMILY-Scene-0105/entity_20.png
T2V_data/VIDGEN-1M_unzip/58QN_vrMILY-Scene-0105.mp4,"The video shows a wrestling match taking place in a ring with a crowd watching. One wrestler, wearing gold pants, is being lifted and thrown to the ground by another wrestler. The referee is present in the ring, observing the action. The wrestler in gold pants appears to be in distress as he is being thrown down. The crowd is visible in the background, indicating that this is a public event.",T2V_data/label/vidgen_filter_gemini_part_0_dpo_15/58QN_vrMILY-Scene-0105/entity_20.mp4,T2V_data/label/vidgen_filter_gemini_part_0_dpo_15/58QN_vrMILY-Scene-0105/entity_20.png
T2V_data/VIDGEN-1M_unzip/58QN_vrMILY-Scene-0105.mp4,"The video shows a wrestling match taking place in a ring with a crowd watching. One wrestler, wearing gold pants, is being lifted and thrown to the ground by another wrestler. The referee is present in the ring, observing the action. The wrestler in gold pants appears to be in distress as he is being thrown down. The crowd is visible in the background, indicating that this is a public event.",T2V_data/label/vidgen_filter_gemini_part_0_dpo_15/58QN_vrMILY-Scene-0105/depth.mp4,T2V_data/label/vidgen_filter_gemini_part_0_dpo_15/58QN_vrMILY-Scene-0105/entity_40.png
T2V_data/VIDGEN-1M_unzip/58QN_vrMILY-Scene-0105.mp4,"The video shows a wrestling match taking place in a ring with a crowd watching. One wrestler, wearing gold pants, is being lifted and thrown to the ground by another wrestler. The referee is present in the ring, observing the action. The wrestler in gold pants appears to be in distress as he is being thrown down. The crowd is visible in the background, indicating that this is a public event.",T2V_data/label/vidgen_filter_gemini_part_0_dpo_15/58QN_vrMILY-Scene-0105/entity_40.mp4,T2V_data/label/vidgen_filter_gemini_part_0_dpo_15/58QN_vrMILY-Scene-0105/entity_40.png
T2V_data/VIDGEN-1M_unzip/5CHT162Vlzo-Scene-0028.mp4,"In the video, a person is seen using a small loom to create a bracelet. The loom is made of clear plastic and has pegs that the person uses to weave the pink and white rubber bands together. The person's hands are visible as they manipulate the bands, using a hook to weave them in and out of the pegs. The bracelet is in the early stages of construction, with only a few bands woven in. The person's movements are precise and deliberate, indicating that they are experienced in using the loom. The video provides a close-up view of the bracelet-making process, allowing viewers to see the intricate details of the weaving technique.",T2V_data/label/vidgen_filter_gemini_part_0_dpo_15/5CHT162Vlzo-Scene-0028/depth.mp4,T2V_data/label/vidgen_filter_gemini_part_0_dpo_15/5CHT162Vlzo-Scene-0028/entity_60.png
T2V_data/VIDGEN-1M_unzip/5CHT162Vlzo-Scene-0028.mp4,"In the video, a person is seen using a small loom to create a bracelet. The loom is made of clear plastic and has pegs that the person uses to weave the pink and white rubber bands together. The person's hands are visible as they manipulate the bands, using a hook to weave them in and out of the pegs. The bracelet is in the early stages of construction, with only a few bands woven in. The person's movements are precise and deliberate, indicating that they are experienced in using the loom. The video provides a close-up view of the bracelet-making process, allowing viewers to see the intricate details of the weaving technique.",T2V_data/label/vidgen_filter_gemini_part_0_dpo_15/5CHT162Vlzo-Scene-0028/entity_60.mp4,T2V_data/label/vidgen_filter_gemini_part_0_dpo_15/5CHT162Vlzo-Scene-0028/entity_60.png
T2V_data/VIDGEN-1M_unzip/5KMgjI9Bc1U-Scene-0076.mp4,"In the video, a person is seen pouring a liquid mixture into a pie crust. The pie crust is placed on a table with a checkered tablecloth. The liquid mixture appears to be a yellowish color and is being poured from a glass bowl. The person pouring the mixture is wearing a white shirt. The pie crust is round and has a fluted edge. The checkered tablecloth has red and white squares.",T2V_data/label/vidgen_filter_gemini_part_0_dpo_15/5KMgjI9Bc1U-Scene-0076/depth.mp4,T2V_data/label/vidgen_filter_gemini_part_0_dpo_15/5KMgjI9Bc1U-Scene-0076/entity_20.png
T2V_data/VIDGEN-1M_unzip/5KMgjI9Bc1U-Scene-0076.mp4,"In the video, a person is seen pouring a liquid mixture into a pie crust. The pie crust is placed on a table with a checkered tablecloth. The liquid mixture appears to be a yellowish color and is being poured from a glass bowl. The person pouring the mixture is wearing a white shirt. The pie crust is round and has a fluted edge. The checkered tablecloth has red and white squares.",T2V_data/label/vidgen_filter_gemini_part_0_dpo_15/5KMgjI9Bc1U-Scene-0076/entity_20.mp4,T2V_data/label/vidgen_filter_gemini_part_0_dpo_15/5KMgjI9Bc1U-Scene-0076/entity_20.png
T2V_data/VIDGEN-1M_unzip/5oo1PnYsDIA-Scene-0012.mp4,"The video features a woman dressed in a white tennis outfit with a pink visor, playing tennis on a court. She is holding a tennis racket and appears to be hitting a ball. The court is surrounded by a fence, and there are trees and buildings visible in the background. The woman is shown in various poses, including preparing to hit the ball, swinging the racket, and reacting to the ball's movement. The video captures the dynamic nature of the sport and the player's focus and agility.",T2V_data/label/vidgen_filter_gemini_part_0_dpo_15/5oo1PnYsDIA-Scene-0012/depth.mp4,T2V_data/label/vidgen_filter_gemini_part_0_dpo_15/5oo1PnYsDIA-Scene-0012/entity_20.png
T2V_data/VIDGEN-1M_unzip/5oo1PnYsDIA-Scene-0012.mp4,"The video features a woman dressed in a white tennis outfit with a pink visor, playing tennis on a court. She is holding a tennis racket and appears to be hitting a ball. The court is surrounded by a fence, and there are trees and buildings visible in the background. The woman is shown in various poses, including preparing to hit the ball, swinging the racket, and reacting to the ball's movement. The video captures the dynamic nature of the sport and the player's focus and agility.",T2V_data/label/vidgen_filter_gemini_part_0_dpo_15/5oo1PnYsDIA-Scene-0012/entity_20.mp4,T2V_data/label/vidgen_filter_gemini_part_0_dpo_15/5oo1PnYsDIA-Scene-0012/entity_20.png
T2V_data/VIDGEN-1M_unzip/6NYX5eT_6w8-Scene-0100.mp4,"In the video, a person wearing blue gloves is seen holding a syringe and a small animal. The person carefully inserts the needle into the animal's body and draws blood into the syringe. The animal appears to be calm and cooperative throughout the process. The person's movements are precise and deliberate, indicating that they are experienced in handling animals and performing this procedure. The background is a plain red surface, which provides a clear contrast to the blue gloves and the small animal, making it easy to see the details of the procedure. The video does not contain any text or subtitles.",T2V_data/label/vidgen_filter_gemini_part_0_dpo_15/6NYX5eT_6w8-Scene-0100/depth.mp4,T2V_data/label/vidgen_filter_gemini_part_0_dpo_15/6NYX5eT_6w8-Scene-0100/entity_40.png
T2V_data/VIDGEN-1M_unzip/6NYX5eT_6w8-Scene-0100.mp4,"In the video, a person wearing blue gloves is seen holding a syringe and a small animal. The person carefully inserts the needle into the animal's body and draws blood into the syringe. The animal appears to be calm and cooperative throughout the process. The person's movements are precise and deliberate, indicating that they are experienced in handling animals and performing this procedure. The background is a plain red surface, which provides a clear contrast to the blue gloves and the small animal, making it easy to see the details of the procedure. The video does not contain any text or subtitles.",T2V_data/label/vidgen_filter_gemini_part_0_dpo_15/6NYX5eT_6w8-Scene-0100/entity_40.mp4,T2V_data/label/vidgen_filter_gemini_part_0_dpo_15/6NYX5eT_6w8-Scene-0100/entity_40.png
T2V_data/VIDGEN-1M_unzip/6b91-KhbYEo-Scene-0010.mp4,"The video shows a group of baseball players practicing on a field. The players are wearing navy blue jerseys and white pants. One player is seen running and throwing a ball, while another player catches the ball and throws it back. The players are standing in a line, and they are practicing their throwing and catching skills. The field is surrounded by a fence, and there are trees in the background.",T2V_data/label/vidgen_filter_gemini_part_0_dpo_15/6b91-KhbYEo-Scene-0010/depth.mp4,T2V_data/label/vidgen_filter_gemini_part_0_dpo_15/6b91-KhbYEo-Scene-0010/entity_20.png
T2V_data/VIDGEN-1M_unzip/6b91-KhbYEo-Scene-0010.mp4,"The video shows a group of baseball players practicing on a field. The players are wearing navy blue jerseys and white pants. One player is seen running and throwing a ball, while another player catches the ball and throws it back. The players are standing in a line, and they are practicing their throwing and catching skills. The field is surrounded by a fence, and there are trees in the background.",T2V_data/label/vidgen_filter_gemini_part_0_dpo_15/6b91-KhbYEo-Scene-0010/entity_20.mp4,T2V_data/label/vidgen_filter_gemini_part_0_dpo_15/6b91-KhbYEo-Scene-0010/entity_20.png
T2V_data/VIDGEN-1M_unzip/6t0KNgNtR9E-Scene-0014.mp4,"The video shows a person using a white mixer to mix ingredients in a bowl. The mixer is turned on and off, and the person's hands are visible as they manipulate the mixer. The bowl appears to be made of metal, and the ingredients being mixed are not clearly visible. The mixer has a red and black design on its body.",T2V_data/label/vidgen_filter_gemini_part_0_dpo_15/6t0KNgNtR9E-Scene-0014/depth.mp4,T2V_data/label/vidgen_filter_gemini_part_0_dpo_15/6t0KNgNtR9E-Scene-0014/entity_60.png
T2V_data/VIDGEN-1M_unzip/6t0KNgNtR9E-Scene-0014.mp4,"The video shows a person using a white mixer to mix ingredients in a bowl. The mixer is turned on and off, and the person's hands are visible as they manipulate the mixer. The bowl appears to be made of metal, and the ingredients being mixed are not clearly visible. The mixer has a red and black design on its body.",T2V_data/label/vidgen_filter_gemini_part_0_dpo_15/6t0KNgNtR9E-Scene-0014/entity_60.mp4,T2V_data/label/vidgen_filter_gemini_part_0_dpo_15/6t0KNgNtR9E-Scene-0014/entity_60.png
T2V_data/VIDGEN-1M_unzip/78YVEaHOcoU-Scene-0032.mp4,"The video shows a man riding a bike in a skate park. He is wearing a black shirt and khaki pants. The man is seen riding the bike up and down ramps and performing tricks. The sky is blue with white clouds, and there are trees in the background. The bike is black with white wheels.",T2V_data/label/vidgen_filter_gemini_part_0_dpo_15/78YVEaHOcoU-Scene-0032/depth.mp4,T2V_data/label/vidgen_filter_gemini_part_0_dpo_15/78YVEaHOcoU-Scene-0032/entity_40.png
T2V_data/VIDGEN-1M_unzip/78YVEaHOcoU-Scene-0032.mp4,"The video shows a man riding a bike in a skate park. He is wearing a black shirt and khaki pants. The man is seen riding the bike up and down ramps and performing tricks. The sky is blue with white clouds, and there are trees in the background. The bike is black with white wheels.",T2V_data/label/vidgen_filter_gemini_part_0_dpo_15/78YVEaHOcoU-Scene-0032/entity_40.mp4,T2V_data/label/vidgen_filter_gemini_part_0_dpo_15/78YVEaHOcoU-Scene-0032/entity_40.png
T2V_data/VIDGEN-1M_unzip/7KqlU4mo0s8-Scene-0020.mp4,"The video shows a man standing in a garage with several motorcycles parked around him. He is wearing a black jacket and is holding a key in his hand. The man walks towards a white Yamaha motorcycle and places the key in the ignition. He then turns the key and starts the motorcycle. The camera focuses on the motorcycle as it starts, and the sound of the engine can be heard. The man then turns off the motorcycle and walks away.",T2V_data/label/vidgen_filter_gemini_part_0_dpo_15/7KqlU4mo0s8-Scene-0020/depth.mp4,T2V_data/label/vidgen_filter_gemini_part_0_dpo_15/7KqlU4mo0s8-Scene-0020/entity_60.png
T2V_data/VIDGEN-1M_unzip/7KqlU4mo0s8-Scene-0020.mp4,"The video shows a man standing in a garage with several motorcycles parked around him. He is wearing a black jacket and is holding a key in his hand. The man walks towards a white Yamaha motorcycle and places the key in the ignition. He then turns the key and starts the motorcycle. The camera focuses on the motorcycle as it starts, and the sound of the engine can be heard. The man then turns off the motorcycle and walks away.",T2V_data/label/vidgen_filter_gemini_part_0_dpo_15/7KqlU4mo0s8-Scene-0020/entity_60.mp4,T2V_data/label/vidgen_filter_gemini_part_0_dpo_15/7KqlU4mo0s8-Scene-0020/entity_60.png
T2V_data/VIDGEN-1M_unzip/7aTla4KAK_U-Scene-0129.mp4,"In the video, a person is holding a knife with a green handle and a silver blade. The person is using a tool to sharpen the blade. The background is dark, and the person's hand is visible. The knife is being sharpened from different angles, and the person's hand is steady and precise. The blade of the knife is reflecting light, indicating that it is sharp. The person's movements are deliberate and careful, suggesting that they are experienced in sharpening knives.",T2V_data/label/vidgen_filter_gemini_part_0_dpo_15/7aTla4KAK_U-Scene-0129/depth.mp4,T2V_data/label/vidgen_filter_gemini_part_0_dpo_15/7aTla4KAK_U-Scene-0129/entity_20.png
T2V_data/VIDGEN-1M_unzip/7aTla4KAK_U-Scene-0129.mp4,"In the video, a person is holding a knife with a green handle and a silver blade. The person is using a tool to sharpen the blade. The background is dark, and the person's hand is visible. The knife is being sharpened from different angles, and the person's hand is steady and precise. The blade of the knife is reflecting light, indicating that it is sharp. The person's movements are deliberate and careful, suggesting that they are experienced in sharpening knives.",T2V_data/label/vidgen_filter_gemini_part_0_dpo_15/7aTla4KAK_U-Scene-0129/entity_20.mp4,T2V_data/label/vidgen_filter_gemini_part_0_dpo_15/7aTla4KAK_U-Scene-0129/entity_20.png
T2V_data/VIDGEN-1M_unzip/7mOJN4enhZg-Scene-0028.mp4,The video shows a young man performing a skateboard trick. He is wearing a white shirt and brown pants. The trick involves jumping onto a wooden ramp and then flipping the skateboard under his feet before landing back on the ramp and riding away. The ramp is located in a warehouse with a concrete floor and various items in the background.,T2V_data/label/vidgen_filter_gemini_part_0_dpo_15/7mOJN4enhZg-Scene-0028/depth.mp4,T2V_data/label/vidgen_filter_gemini_part_0_dpo_15/7mOJN4enhZg-Scene-0028/entity_20.png
T2V_data/VIDGEN-1M_unzip/7mOJN4enhZg-Scene-0028.mp4,The video shows a young man performing a skateboard trick. He is wearing a white shirt and brown pants. The trick involves jumping onto a wooden ramp and then flipping the skateboard under his feet before landing back on the ramp and riding away. The ramp is located in a warehouse with a concrete floor and various items in the background.,T2V_data/label/vidgen_filter_gemini_part_0_dpo_15/7mOJN4enhZg-Scene-0028/entity_20.mp4,T2V_data/label/vidgen_filter_gemini_part_0_dpo_15/7mOJN4enhZg-Scene-0028/entity_20.png
T2V_data/VIDGEN-1M_unzip/8-7gJQiGf24-Scene-0029.mp4,"In the video, a man is standing in a hallway with a green blanket covering his body. He is surrounded by three huskies, two of which are black and white, and one is brown and white. The dogs are standing on their hind legs, and the man is holding the blanket up with his hands. The dogs are jumping up and down, trying to get the blanket off the man. The man is wearing a green shirt and a hat. The hallway has a gray couch on the left side and a black trash can on the right side. The walls are white, and there is a picture of a husky on the wall.",T2V_data/label/vidgen_filter_gemini_part_0_dpo_15/8-7gJQiGf24-Scene-0029/depth.mp4,T2V_data/label/vidgen_filter_gemini_part_0_dpo_15/8-7gJQiGf24-Scene-0029/entity_20.png
T2V_data/VIDGEN-1M_unzip/8-7gJQiGf24-Scene-0029.mp4,"In the video, a man is standing in a hallway with a green blanket covering his body. He is surrounded by three huskies, two of which are black and white, and one is brown and white. The dogs are standing on their hind legs, and the man is holding the blanket up with his hands. The dogs are jumping up and down, trying to get the blanket off the man. The man is wearing a green shirt and a hat. The hallway has a gray couch on the left side and a black trash can on the right side. The walls are white, and there is a picture of a husky on the wall.",T2V_data/label/vidgen_filter_gemini_part_0_dpo_15/8-7gJQiGf24-Scene-0029/entity_20.mp4,T2V_data/label/vidgen_filter_gemini_part_0_dpo_15/8-7gJQiGf24-Scene-0029/entity_20.png
T2V_data/VIDGEN-1M_unzip/8Est-RjWra8-Scene-0076.mp4,"The video shows a person riding a dirt bike on a dirt road. The rider is wearing a helmet and is seen following another person on a dirt bike. The road is surrounded by desert vegetation and the sky is partly cloudy. The rider maneuvers the bike skillfully over the rough terrain, kicking up dust as they go. The video captures the thrill and excitement of off-road biking in a desert environment.",T2V_data/label/vidgen_filter_gemini_part_0_dpo_15/8Est-RjWra8-Scene-0076/depth.mp4,T2V_data/label/vidgen_filter_gemini_part_0_dpo_15/8Est-RjWra8-Scene-0076/entity_20.png
T2V_data/VIDGEN-1M_unzip/8Est-RjWra8-Scene-0076.mp4,"The video shows a person riding a dirt bike on a dirt road. The rider is wearing a helmet and is seen following another person on a dirt bike. The road is surrounded by desert vegetation and the sky is partly cloudy. The rider maneuvers the bike skillfully over the rough terrain, kicking up dust as they go. The video captures the thrill and excitement of off-road biking in a desert environment.",T2V_data/label/vidgen_filter_gemini_part_0_dpo_15/8Est-RjWra8-Scene-0076/entity_20.mp4,T2V_data/label/vidgen_filter_gemini_part_0_dpo_15/8Est-RjWra8-Scene-0076/entity_20.png
T2V_data/VIDGEN-1M_unzip/8Kh9LFU-vfg-Scene-0077.mp4,"The video shows a cartoon character with orange fur and large eyes. The character is standing on a baseball field, and a baseball bat is resting on the ground next to it. The character is seen swinging the bat and hitting a baseball. The background of the video is a colorful baseball field with a chain-link fence and a blue sky.",T2V_data/label/vidgen_filter_gemini_part_0_dpo_15/8Kh9LFU-vfg-Scene-0077/depth.mp4,T2V_data/label/vidgen_filter_gemini_part_0_dpo_15/8Kh9LFU-vfg-Scene-0077/entity_20.png
T2V_data/VIDGEN-1M_unzip/8Kh9LFU-vfg-Scene-0077.mp4,"The video shows a cartoon character with orange fur and large eyes. The character is standing on a baseball field, and a baseball bat is resting on the ground next to it. The character is seen swinging the bat and hitting a baseball. The background of the video is a colorful baseball field with a chain-link fence and a blue sky.",T2V_data/label/vidgen_filter_gemini_part_0_dpo_15/8Kh9LFU-vfg-Scene-0077/entity_20.mp4,T2V_data/label/vidgen_filter_gemini_part_0_dpo_15/8Kh9LFU-vfg-Scene-0077/entity_20.png
T2V_data/VIDGEN-1M_unzip/8Kh9LFU-vfg-Scene-0077.mp4,"The video shows a cartoon character with orange fur and large eyes. The character is standing on a baseball field, and a baseball bat is resting on the ground next to it. The character is seen swinging the bat and hitting a baseball. The background of the video is a colorful baseball field with a chain-link fence and a blue sky.",T2V_data/label/vidgen_filter_gemini_part_0_dpo_15/8Kh9LFU-vfg-Scene-0077/depth.mp4,T2V_data/label/vidgen_filter_gemini_part_0_dpo_15/8Kh9LFU-vfg-Scene-0077/entity_40.png
T2V_data/VIDGEN-1M_unzip/8Kh9LFU-vfg-Scene-0077.mp4,"The video shows a cartoon character with orange fur and large eyes. The character is standing on a baseball field, and a baseball bat is resting on the ground next to it. The character is seen swinging the bat and hitting a baseball. The background of the video is a colorful baseball field with a chain-link fence and a blue sky.",T2V_data/label/vidgen_filter_gemini_part_0_dpo_15/8Kh9LFU-vfg-Scene-0077/entity_40.mp4,T2V_data/label/vidgen_filter_gemini_part_0_dpo_15/8Kh9LFU-vfg-Scene-0077/entity_40.png
T2V_data/VIDGEN-1M_unzip/8O7XcG1Nh1o-Scene-0070.mp4,"The video shows a man working on a car in a garage. He is wearing a black hoodie and jeans, and is crouched down next to the car. The car is black and appears to be a sports car. The man is using a tool to work on the car's suspension system. The garage is well-lit and there are various tools and equipment visible in the background.",T2V_data/label/vidgen_filter_gemini_part_0_dpo_15/8O7XcG1Nh1o-Scene-0070/depth.mp4,T2V_data/label/vidgen_filter_gemini_part_0_dpo_15/8O7XcG1Nh1o-Scene-0070/entity_20.png
T2V_data/VIDGEN-1M_unzip/8O7XcG1Nh1o-Scene-0070.mp4,"The video shows a man working on a car in a garage. He is wearing a black hoodie and jeans, and is crouched down next to the car. The car is black and appears to be a sports car. The man is using a tool to work on the car's suspension system. The garage is well-lit and there are various tools and equipment visible in the background.",T2V_data/label/vidgen_filter_gemini_part_0_dpo_15/8O7XcG1Nh1o-Scene-0070/entity_20.mp4,T2V_data/label/vidgen_filter_gemini_part_0_dpo_15/8O7XcG1Nh1o-Scene-0070/entity_20.png
T2V_data/VIDGEN-1M_unzip/8wKbPlw46X4-Scene-0040.mp4,"In the video, a woman is seen working on a car in a garage. She is wearing a gray sweatshirt and black leggings. The car is lifted off the ground, and she is working on the wheel. She is using a tool to remove the tire from the rim. The garage is well-lit, and there are various tools and equipment visible in the background. The woman appears to be focused on her task, and she is smiling as she works.",T2V_data/label/vidgen_filter_gemini_part_0_dpo_15/8wKbPlw46X4-Scene-0040/depth.mp4,T2V_data/label/vidgen_filter_gemini_part_0_dpo_15/8wKbPlw46X4-Scene-0040/entity_20.png
T2V_data/VIDGEN-1M_unzip/8wKbPlw46X4-Scene-0040.mp4,"In the video, a woman is seen working on a car in a garage. She is wearing a gray sweatshirt and black leggings. The car is lifted off the ground, and she is working on the wheel. She is using a tool to remove the tire from the rim. The garage is well-lit, and there are various tools and equipment visible in the background. The woman appears to be focused on her task, and she is smiling as she works.",T2V_data/label/vidgen_filter_gemini_part_0_dpo_15/8wKbPlw46X4-Scene-0040/entity_20.mp4,T2V_data/label/vidgen_filter_gemini_part_0_dpo_15/8wKbPlw46X4-Scene-0040/entity_20.png
T2V_data/VIDGEN-1M_unzip/8xcWeood2Qg-Scene-0026.mp4,"In the video, we see a man dressed in a red suit and carrying a yellow sledgehammer walking towards a pile of rubble. As he approaches, we see that there is a fire truck parked nearby with a firefighter standing next to it. The man with the sledgehammer walks up to the firefighter and hands him the sledgehammer. The firefighter then takes the sledgehammer and walks away from the man. The scene appears to be a construction or demolition site, and the man in the red suit seems to be a worker or a volunteer. The fire truck and firefighter suggest that this may be a controlled environment, possibly a training exercise or a cleanup operation.",T2V_data/label/vidgen_filter_gemini_part_0_dpo_15/8xcWeood2Qg-Scene-0026/depth.mp4,T2V_data/label/vidgen_filter_gemini_part_0_dpo_15/8xcWeood2Qg-Scene-0026/entity_20.png
T2V_data/VIDGEN-1M_unzip/8xcWeood2Qg-Scene-0026.mp4,"In the video, we see a man dressed in a red suit and carrying a yellow sledgehammer walking towards a pile of rubble. As he approaches, we see that there is a fire truck parked nearby with a firefighter standing next to it. The man with the sledgehammer walks up to the firefighter and hands him the sledgehammer. The firefighter then takes the sledgehammer and walks away from the man. The scene appears to be a construction or demolition site, and the man in the red suit seems to be a worker or a volunteer. The fire truck and firefighter suggest that this may be a controlled environment, possibly a training exercise or a cleanup operation.",T2V_data/label/vidgen_filter_gemini_part_0_dpo_15/8xcWeood2Qg-Scene-0026/entity_20.mp4,T2V_data/label/vidgen_filter_gemini_part_0_dpo_15/8xcWeood2Qg-Scene-0026/entity_20.png
T2V_data/VIDGEN-1M_unzip/9Gllyt0u2JU-Scene-0056.mp4,"In the video, a man is seen standing in a gym, surrounded by other people. He is wearing a white shirt and black pants. The man is seen throwing punches at a punching bag. The gym is well-equipped with various exercise equipment, including weights and machines. The walls are painted in a bright color, and there is a large window that allows natural light to enter the room. The man appears to be focused and determined as he continues to punch the bag. The other people in the gym are watching him, and some are also engaged in their own workouts. The atmosphere is energetic and motivating.",T2V_data/label/vidgen_filter_gemini_part_0_dpo_15/9Gllyt0u2JU-Scene-0056/depth.mp4,T2V_data/label/vidgen_filter_gemini_part_0_dpo_15/9Gllyt0u2JU-Scene-0056/entity_20.png
T2V_data/VIDGEN-1M_unzip/9Gllyt0u2JU-Scene-0056.mp4,"In the video, a man is seen standing in a gym, surrounded by other people. He is wearing a white shirt and black pants. The man is seen throwing punches at a punching bag. The gym is well-equipped with various exercise equipment, including weights and machines. The walls are painted in a bright color, and there is a large window that allows natural light to enter the room. The man appears to be focused and determined as he continues to punch the bag. The other people in the gym are watching him, and some are also engaged in their own workouts. The atmosphere is energetic and motivating.",T2V_data/label/vidgen_filter_gemini_part_0_dpo_15/9Gllyt0u2JU-Scene-0056/entity_20.mp4,T2V_data/label/vidgen_filter_gemini_part_0_dpo_15/9Gllyt0u2JU-Scene-0056/entity_20.png
T2V_data/VIDGEN-1M_unzip/9HLAjnRWFxQ-Scene-0118.mp4,"In the video, a man is using a table saw to cut a piece of wood. He is wearing a red shirt and protective gear on his ears. The man is standing in front of the saw and pushing the wood through it. The saw is on a black table, and there is a white cord on the ground next to it. The background is a gray wall with a wooden door.",T2V_data/label/vidgen_filter_gemini_part_0_dpo_15/9HLAjnRWFxQ-Scene-0118/depth.mp4,T2V_data/label/vidgen_filter_gemini_part_0_dpo_15/9HLAjnRWFxQ-Scene-0118/entity_40.png
T2V_data/VIDGEN-1M_unzip/9HLAjnRWFxQ-Scene-0118.mp4,"In the video, a man is using a table saw to cut a piece of wood. He is wearing a red shirt and protective gear on his ears. The man is standing in front of the saw and pushing the wood through it. The saw is on a black table, and there is a white cord on the ground next to it. The background is a gray wall with a wooden door.",T2V_data/label/vidgen_filter_gemini_part_0_dpo_15/9HLAjnRWFxQ-Scene-0118/entity_40.mp4,T2V_data/label/vidgen_filter_gemini_part_0_dpo_15/9HLAjnRWFxQ-Scene-0118/entity_40.png
T2V_data/VIDGEN-1M_unzip/9Hpljy8NmB4-Scene-0003.mp4,The video shows a table with several drones on it. A person's hand is seen picking up a drone and then placing it back down. The drones are of different colors and sizes.,T2V_data/label/vidgen_filter_gemini_part_0_dpo_15/9Hpljy8NmB4-Scene-0003/depth.mp4,T2V_data/label/vidgen_filter_gemini_part_0_dpo_15/9Hpljy8NmB4-Scene-0003/entity_60.png
T2V_data/VIDGEN-1M_unzip/9Hpljy8NmB4-Scene-0003.mp4,The video shows a table with several drones on it. A person's hand is seen picking up a drone and then placing it back down. The drones are of different colors and sizes.,T2V_data/label/vidgen_filter_gemini_part_0_dpo_15/9Hpljy8NmB4-Scene-0003/entity_60.mp4,T2V_data/label/vidgen_filter_gemini_part_0_dpo_15/9Hpljy8NmB4-Scene-0003/entity_60.png
T2V_data/VIDGEN-1M_unzip/9PPm2HKL28c-Scene-0016.mp4,"The video shows a close-up of a frying pan on a stove with a single egg being cooked. The egg has a bright yellow yolk and is surrounded by white egg whites. The pan is green and is placed on a lit stove burner. The stove has a black surface with a white border. The egg is being cooked, and the whites are starting to turn opaque.",T2V_data/label/vidgen_filter_gemini_part_0_dpo_15/9PPm2HKL28c-Scene-0016/depth.mp4,T2V_data/label/vidgen_filter_gemini_part_0_dpo_15/9PPm2HKL28c-Scene-0016/entity_40.png
T2V_data/VIDGEN-1M_unzip/9PPm2HKL28c-Scene-0016.mp4,"The video shows a close-up of a frying pan on a stove with a single egg being cooked. The egg has a bright yellow yolk and is surrounded by white egg whites. The pan is green and is placed on a lit stove burner. The stove has a black surface with a white border. The egg is being cooked, and the whites are starting to turn opaque.",T2V_data/label/vidgen_filter_gemini_part_0_dpo_15/9PPm2HKL28c-Scene-0016/entity_40.mp4,T2V_data/label/vidgen_filter_gemini_part_0_dpo_15/9PPm2HKL28c-Scene-0016/entity_40.png
T2V_data/VIDGEN-1M_unzip/9RaVivjllcQ-Scene-0103.mp4,"The video shows a person sitting on the ground and cutting open a coconut with a knife. The person is wearing a black and white patterned shirt and has a pile of coconuts around them. The coconut is green and has a brown top. The person cuts the coconut in half, revealing the white flesh inside. The background is a street with a blue tarp and a red cloth visible.",T2V_data/label/vidgen_filter_gemini_part_0_dpo_15/9RaVivjllcQ-Scene-0103/depth.mp4,T2V_data/label/vidgen_filter_gemini_part_0_dpo_15/9RaVivjllcQ-Scene-0103/entity_40.png
T2V_data/VIDGEN-1M_unzip/9RaVivjllcQ-Scene-0103.mp4,"The video shows a person sitting on the ground and cutting open a coconut with a knife. The person is wearing a black and white patterned shirt and has a pile of coconuts around them. The coconut is green and has a brown top. The person cuts the coconut in half, revealing the white flesh inside. The background is a street with a blue tarp and a red cloth visible.",T2V_data/label/vidgen_filter_gemini_part_0_dpo_15/9RaVivjllcQ-Scene-0103/entity_40.mp4,T2V_data/label/vidgen_filter_gemini_part_0_dpo_15/9RaVivjllcQ-Scene-0103/entity_40.png
T2V_data/VIDGEN-1M_unzip/9T1vJLm_S_k-Scene-0025.mp4,"The video features a person's hands holding a small pink toy and manipulating it in various ways. The toy appears to be made of plastic and has a small, round head with a protruding pink nose. The person's hands are shown twisting and turning the toy, demonstrating its flexibility and range of motion. The background is a colorful box with the words ""Splashlings"" written on it, suggesting that the toy may be part of a collection or series. The video is shot in close-up, focusing on the toy and the person's hands, with no other objects or people visible in the frame.",T2V_data/label/vidgen_filter_gemini_part_0_dpo_15/9T1vJLm_S_k-Scene-0025/depth.mp4,T2V_data/label/vidgen_filter_gemini_part_0_dpo_15/9T1vJLm_S_k-Scene-0025/entity_60.png
T2V_data/VIDGEN-1M_unzip/9T1vJLm_S_k-Scene-0025.mp4,"The video features a person's hands holding a small pink toy and manipulating it in various ways. The toy appears to be made of plastic and has a small, round head with a protruding pink nose. The person's hands are shown twisting and turning the toy, demonstrating its flexibility and range of motion. The background is a colorful box with the words ""Splashlings"" written on it, suggesting that the toy may be part of a collection or series. The video is shot in close-up, focusing on the toy and the person's hands, with no other objects or people visible in the frame.",T2V_data/label/vidgen_filter_gemini_part_0_dpo_15/9T1vJLm_S_k-Scene-0025/entity_60.mp4,T2V_data/label/vidgen_filter_gemini_part_0_dpo_15/9T1vJLm_S_k-Scene-0025/entity_60.png
T2V_data/VIDGEN-1M_unzip/9a0sOKgtzGk-Scene-0008.mp4,"In the video, a person wearing blue gloves is seen removing a yellow plastic bag from a piece of meat. The meat is pink and appears to be raw. The person then proceeds to remove the plastic bag completely, revealing the meat in its entirety. The meat is then placed on a metal surface, and the person begins to cut it with a knife. The video does not contain any visible title, subtitle, or informative text.",T2V_data/label/vidgen_filter_gemini_part_0_dpo_15/9a0sOKgtzGk-Scene-0008/depth.mp4,T2V_data/label/vidgen_filter_gemini_part_0_dpo_15/9a0sOKgtzGk-Scene-0008/entity_40.png
T2V_data/VIDGEN-1M_unzip/9a0sOKgtzGk-Scene-0008.mp4,"In the video, a person wearing blue gloves is seen removing a yellow plastic bag from a piece of meat. The meat is pink and appears to be raw. The person then proceeds to remove the plastic bag completely, revealing the meat in its entirety. The meat is then placed on a metal surface, and the person begins to cut it with a knife. The video does not contain any visible title, subtitle, or informative text.",T2V_data/label/vidgen_filter_gemini_part_0_dpo_15/9a0sOKgtzGk-Scene-0008/entity_40.mp4,T2V_data/label/vidgen_filter_gemini_part_0_dpo_15/9a0sOKgtzGk-Scene-0008/entity_40.png
T2V_data/VIDGEN-1M_unzip/9ip5xY-iKQA-Scene-0074.mp4,"In the video, a man is standing on a rock next to a body of water. He is wearing a black shirt and shorts and is holding a blue cloth. A seal is sitting on the rock next to him. The man is talking to the seal and then proceeds to rub the cloth on the rock. The seal then jumps into the water and swims away. The man continues to talk to the seal as it swims away.",T2V_data/label/vidgen_filter_gemini_part_0_dpo_15/9ip5xY-iKQA-Scene-0074/depth.mp4,T2V_data/label/vidgen_filter_gemini_part_0_dpo_15/9ip5xY-iKQA-Scene-0074/entity_20.png
T2V_data/VIDGEN-1M_unzip/9ip5xY-iKQA-Scene-0074.mp4,"In the video, a man is standing on a rock next to a body of water. He is wearing a black shirt and shorts and is holding a blue cloth. A seal is sitting on the rock next to him. The man is talking to the seal and then proceeds to rub the cloth on the rock. The seal then jumps into the water and swims away. The man continues to talk to the seal as it swims away.",T2V_data/label/vidgen_filter_gemini_part_0_dpo_15/9ip5xY-iKQA-Scene-0074/entity_20.mp4,T2V_data/label/vidgen_filter_gemini_part_0_dpo_15/9ip5xY-iKQA-Scene-0074/entity_20.png
T2V_data/VIDGEN-1M_unzip/9ip5xY-iKQA-Scene-0074.mp4,"In the video, a man is standing on a rock next to a body of water. He is wearing a black shirt and shorts and is holding a blue cloth. A seal is sitting on the rock next to him. The man is talking to the seal and then proceeds to rub the cloth on the rock. The seal then jumps into the water and swims away. The man continues to talk to the seal as it swims away.",T2V_data/label/vidgen_filter_gemini_part_0_dpo_15/9ip5xY-iKQA-Scene-0074/depth.mp4,T2V_data/label/vidgen_filter_gemini_part_0_dpo_15/9ip5xY-iKQA-Scene-0074/entity_40.png
T2V_data/VIDGEN-1M_unzip/9ip5xY-iKQA-Scene-0074.mp4,"In the video, a man is standing on a rock next to a body of water. He is wearing a black shirt and shorts and is holding a blue cloth. A seal is sitting on the rock next to him. The man is talking to the seal and then proceeds to rub the cloth on the rock. The seal then jumps into the water and swims away. The man continues to talk to the seal as it swims away.",T2V_data/label/vidgen_filter_gemini_part_0_dpo_15/9ip5xY-iKQA-Scene-0074/entity_40.mp4,T2V_data/label/vidgen_filter_gemini_part_0_dpo_15/9ip5xY-iKQA-Scene-0074/entity_40.png
T2V_data/VIDGEN-1M_unzip/9rNOanix9No-Scene-0024.mp4,"The video shows a soccer game being played on a field. The players are wearing orange and blue uniforms. The ball is being kicked around the field, and the players are running after it. The goalie is wearing a green uniform and is trying to block the ball. The field is green with white lines marking the boundaries and the goal area. The players are moving quickly, and the ball is being passed between them. The crowd can be heard cheering in the background.",T2V_data/label/vidgen_filter_gemini_part_0_dpo_15/9rNOanix9No-Scene-0024/depth.mp4,T2V_data/label/vidgen_filter_gemini_part_0_dpo_15/9rNOanix9No-Scene-0024/entity_20.png
T2V_data/VIDGEN-1M_unzip/9rNOanix9No-Scene-0024.mp4,"The video shows a soccer game being played on a field. The players are wearing orange and blue uniforms. The ball is being kicked around the field, and the players are running after it. The goalie is wearing a green uniform and is trying to block the ball. The field is green with white lines marking the boundaries and the goal area. The players are moving quickly, and the ball is being passed between them. The crowd can be heard cheering in the background.",T2V_data/label/vidgen_filter_gemini_part_0_dpo_15/9rNOanix9No-Scene-0024/entity_20.mp4,T2V_data/label/vidgen_filter_gemini_part_0_dpo_15/9rNOanix9No-Scene-0024/entity_20.png
T2V_data/VIDGEN-1M_unzip/9yl1V-C54Cs-Scene-0081.mp4,"In the video, a man is seen working on a car door. He is wearing a red shirt and is standing in a garage. The car door is black and has a silver handle. The man is using a tool to adjust the door, and he is seen pointing to different parts of the door while explaining what he is doing. The garage is well-lit and has a concrete floor.",T2V_data/label/vidgen_filter_gemini_part_0_dpo_15/9yl1V-C54Cs-Scene-0081/depth.mp4,T2V_data/label/vidgen_filter_gemini_part_0_dpo_15/9yl1V-C54Cs-Scene-0081/entity_40.png
T2V_data/VIDGEN-1M_unzip/9yl1V-C54Cs-Scene-0081.mp4,"In the video, a man is seen working on a car door. He is wearing a red shirt and is standing in a garage. The car door is black and has a silver handle. The man is using a tool to adjust the door, and he is seen pointing to different parts of the door while explaining what he is doing. The garage is well-lit and has a concrete floor.",T2V_data/label/vidgen_filter_gemini_part_0_dpo_15/9yl1V-C54Cs-Scene-0081/entity_40.mp4,T2V_data/label/vidgen_filter_gemini_part_0_dpo_15/9yl1V-C54Cs-Scene-0081/entity_40.png
T2V_data/VIDGEN-1M_unzip/A-GqDMs0vfI-Scene-0060.mp4,"In the video, a person is playing with a toy that has a yellow track and a green ball. The toy is designed to launch the ball into the air. The person is seen pushing the ball down the track and then releasing it, causing the ball to fly up and down. The background of the video is a blue wall with stars and cartoon characters. The person's hands are visible as they push the ball and release it. The toy appears to be made of plastic and is brightly colored. The ball is green and is the only object that moves in the video. The person's actions are deliberate and controlled, indicating that they are familiar with the toy and its operation.",T2V_data/label/vidgen_filter_gemini_part_0_dpo_15/A-GqDMs0vfI-Scene-0060/depth.mp4,T2V_data/label/vidgen_filter_gemini_part_0_dpo_15/A-GqDMs0vfI-Scene-0060/entity_40.png
T2V_data/VIDGEN-1M_unzip/A-GqDMs0vfI-Scene-0060.mp4,"In the video, a person is playing with a toy that has a yellow track and a green ball. The toy is designed to launch the ball into the air. The person is seen pushing the ball down the track and then releasing it, causing the ball to fly up and down. The background of the video is a blue wall with stars and cartoon characters. The person's hands are visible as they push the ball and release it. The toy appears to be made of plastic and is brightly colored. The ball is green and is the only object that moves in the video. The person's actions are deliberate and controlled, indicating that they are familiar with the toy and its operation.",T2V_data/label/vidgen_filter_gemini_part_0_dpo_15/A-GqDMs0vfI-Scene-0060/entity_40.mp4,T2V_data/label/vidgen_filter_gemini_part_0_dpo_15/A-GqDMs0vfI-Scene-0060/entity_40.png
T2V_data/VIDGEN-1M_unzip/A-GqDMs0vfI-Scene-0060.mp4,"In the video, a person is playing with a toy that has a yellow track and a green ball. The toy is designed to launch the ball into the air. The person is seen pushing the ball down the track and then releasing it, causing the ball to fly up and down. The background of the video is a blue wall with stars and cartoon characters. The person's hands are visible as they push the ball and release it. The toy appears to be made of plastic and is brightly colored. The ball is green and is the only object that moves in the video. The person's actions are deliberate and controlled, indicating that they are familiar with the toy and its operation.",T2V_data/label/vidgen_filter_gemini_part_0_dpo_15/A-GqDMs0vfI-Scene-0060/depth.mp4,T2V_data/label/vidgen_filter_gemini_part_0_dpo_15/A-GqDMs0vfI-Scene-0060/entity_60.png
T2V_data/VIDGEN-1M_unzip/A-GqDMs0vfI-Scene-0060.mp4,"In the video, a person is playing with a toy that has a yellow track and a green ball. The toy is designed to launch the ball into the air. The person is seen pushing the ball down the track and then releasing it, causing the ball to fly up and down. The background of the video is a blue wall with stars and cartoon characters. The person's hands are visible as they push the ball and release it. The toy appears to be made of plastic and is brightly colored. The ball is green and is the only object that moves in the video. The person's actions are deliberate and controlled, indicating that they are familiar with the toy and its operation.",T2V_data/label/vidgen_filter_gemini_part_0_dpo_15/A-GqDMs0vfI-Scene-0060/entity_60.mp4,T2V_data/label/vidgen_filter_gemini_part_0_dpo_15/A-GqDMs0vfI-Scene-0060/entity_60.png
T2V_data/VIDGEN-1M_unzip/ACUGM-e2sV8-Scene-0021.mp4,"The video shows a close-up of a guitar's fretboard. The fretboard is made of wood and has metal frets. The guitar is being played, and the strings are vibrating as they are strummed. The background is blurred, but it appears to be a stage with lights. The guitar player's hand is visible, and they are wearing a blue shirt. The video is shot in a vertical format.",T2V_data/label/vidgen_filter_gemini_part_0_dpo_15/ACUGM-e2sV8-Scene-0021/depth.mp4,T2V_data/label/vidgen_filter_gemini_part_0_dpo_15/ACUGM-e2sV8-Scene-0021/entity_40.png
T2V_data/VIDGEN-1M_unzip/ACUGM-e2sV8-Scene-0021.mp4,"The video shows a close-up of a guitar's fretboard. The fretboard is made of wood and has metal frets. The guitar is being played, and the strings are vibrating as they are strummed. The background is blurred, but it appears to be a stage with lights. The guitar player's hand is visible, and they are wearing a blue shirt. The video is shot in a vertical format.",T2V_data/label/vidgen_filter_gemini_part_0_dpo_15/ACUGM-e2sV8-Scene-0021/entity_40.mp4,T2V_data/label/vidgen_filter_gemini_part_0_dpo_15/ACUGM-e2sV8-Scene-0021/entity_40.png
T2V_data/VIDGEN-1M_unzip/ANol0uPNI_o-Scene-0052.mp4,"In the video, a dark-colored SUV is seen driving on a dirt road surrounded by trees and rocks. The SUV is moving slowly, and it appears to be struggling to navigate the rough terrain. The vehicle is a modern model with a sleek design, and it is equipped with four-wheel drive, which is evident from the way it handles the uneven surface. The surrounding landscape is rugged, with large rocks and boulders scattered around, and the trees are tall and dense, providing a natural backdrop to the scene. The sky is clear, and the lighting suggests that it is either early morning or late afternoon.",T2V_data/label/vidgen_filter_gemini_part_0_dpo_15/ANol0uPNI_o-Scene-0052/depth.mp4,T2V_data/label/vidgen_filter_gemini_part_0_dpo_15/ANol0uPNI_o-Scene-0052/entity_20.png
T2V_data/VIDGEN-1M_unzip/ANol0uPNI_o-Scene-0052.mp4,"In the video, a dark-colored SUV is seen driving on a dirt road surrounded by trees and rocks. The SUV is moving slowly, and it appears to be struggling to navigate the rough terrain. The vehicle is a modern model with a sleek design, and it is equipped with four-wheel drive, which is evident from the way it handles the uneven surface. The surrounding landscape is rugged, with large rocks and boulders scattered around, and the trees are tall and dense, providing a natural backdrop to the scene. The sky is clear, and the lighting suggests that it is either early morning or late afternoon.",T2V_data/label/vidgen_filter_gemini_part_0_dpo_15/ANol0uPNI_o-Scene-0052/entity_20.mp4,T2V_data/label/vidgen_filter_gemini_part_0_dpo_15/ANol0uPNI_o-Scene-0052/entity_20.png
T2V_data/VIDGEN-1M_unzip/A__H7DMVoWg-Scene-0067.mp4,"The video shows a baseball game being played in a stadium. The players are wearing uniforms and are actively engaged in the game. The pitcher throws the ball, and the batter hits it. The ball is then caught by the outfielder, who throws it back to the infield. The crowd is cheering and clapping in the background.",T2V_data/label/vidgen_filter_gemini_part_0_dpo_15/A__H7DMVoWg-Scene-0067/depth.mp4,T2V_data/label/vidgen_filter_gemini_part_0_dpo_15/A__H7DMVoWg-Scene-0067/entity_20.png
T2V_data/VIDGEN-1M_unzip/A__H7DMVoWg-Scene-0067.mp4,"The video shows a baseball game being played in a stadium. The players are wearing uniforms and are actively engaged in the game. The pitcher throws the ball, and the batter hits it. The ball is then caught by the outfielder, who throws it back to the infield. The crowd is cheering and clapping in the background.",T2V_data/label/vidgen_filter_gemini_part_0_dpo_15/A__H7DMVoWg-Scene-0067/entity_20.mp4,T2V_data/label/vidgen_filter_gemini_part_0_dpo_15/A__H7DMVoWg-Scene-0067/entity_20.png
T2V_data/VIDGEN-1M_unzip/AgcqofkP9Eg-Scene-0043.mp4,"The video shows a close-up of a pot on a stove. The pot contains a dark brown liquid with chunks of meat in it. A person is using tongs to remove the meat from the pot and placing it on a plate. The person then stirs the liquid in the pot with a fork. The video is shot from a top-down perspective, and the focus is on the pot and its contents.",T2V_data/label/vidgen_filter_gemini_part_0_dpo_15/AgcqofkP9Eg-Scene-0043/depth.mp4,T2V_data/label/vidgen_filter_gemini_part_0_dpo_15/AgcqofkP9Eg-Scene-0043/entity_100.png
T2V_data/VIDGEN-1M_unzip/AgcqofkP9Eg-Scene-0043.mp4,"The video shows a close-up of a pot on a stove. The pot contains a dark brown liquid with chunks of meat in it. A person is using tongs to remove the meat from the pot and placing it on a plate. The person then stirs the liquid in the pot with a fork. The video is shot from a top-down perspective, and the focus is on the pot and its contents.",T2V_data/label/vidgen_filter_gemini_part_0_dpo_15/AgcqofkP9Eg-Scene-0043/entity_100.mp4,T2V_data/label/vidgen_filter_gemini_part_0_dpo_15/AgcqofkP9Eg-Scene-0043/entity_100.png
T2V_data/VIDGEN-1M_unzip/AgcqofkP9Eg-Scene-0043.mp4,"The video shows a close-up of a pot on a stove. The pot contains a dark brown liquid with chunks of meat in it. A person is using tongs to remove the meat from the pot and placing it on a plate. The person then stirs the liquid in the pot with a fork. The video is shot from a top-down perspective, and the focus is on the pot and its contents.",T2V_data/label/vidgen_filter_gemini_part_0_dpo_15/AgcqofkP9Eg-Scene-0043/depth.mp4,T2V_data/label/vidgen_filter_gemini_part_0_dpo_15/AgcqofkP9Eg-Scene-0043/entity_60.png
T2V_data/VIDGEN-1M_unzip/AgcqofkP9Eg-Scene-0043.mp4,"The video shows a close-up of a pot on a stove. The pot contains a dark brown liquid with chunks of meat in it. A person is using tongs to remove the meat from the pot and placing it on a plate. The person then stirs the liquid in the pot with a fork. The video is shot from a top-down perspective, and the focus is on the pot and its contents.",T2V_data/label/vidgen_filter_gemini_part_0_dpo_15/AgcqofkP9Eg-Scene-0043/entity_60.mp4,T2V_data/label/vidgen_filter_gemini_part_0_dpo_15/AgcqofkP9Eg-Scene-0043/entity_60.png
T2V_data/VIDGEN-1M_unzip/AgcqofkP9Eg-Scene-0043.mp4,"The video shows a close-up of a pot on a stove. The pot contains a dark brown liquid with chunks of meat in it. A person is using tongs to remove the meat from the pot and placing it on a plate. The person then stirs the liquid in the pot with a fork. The video is shot from a top-down perspective, and the focus is on the pot and its contents.",T2V_data/label/vidgen_filter_gemini_part_0_dpo_15/AgcqofkP9Eg-Scene-0043/depth.mp4,T2V_data/label/vidgen_filter_gemini_part_0_dpo_15/AgcqofkP9Eg-Scene-0043/entity_80.png
T2V_data/VIDGEN-1M_unzip/AgcqofkP9Eg-Scene-0043.mp4,"The video shows a close-up of a pot on a stove. The pot contains a dark brown liquid with chunks of meat in it. A person is using tongs to remove the meat from the pot and placing it on a plate. The person then stirs the liquid in the pot with a fork. The video is shot from a top-down perspective, and the focus is on the pot and its contents.",T2V_data/label/vidgen_filter_gemini_part_0_dpo_15/AgcqofkP9Eg-Scene-0043/entity_80.mp4,T2V_data/label/vidgen_filter_gemini_part_0_dpo_15/AgcqofkP9Eg-Scene-0043/entity_80.png
T2V_data/VIDGEN-1M_unzip/B--7khvd7Ys-Scene-0102.mp4,"The video shows a close-up of a bamboo plant with green leaves and stems. A person's hand is seen holding a bamboo stick, which they use to cut off a piece of the bamboo plant. The person then holds up the cut piece of bamboo to the camera.",T2V_data/label/vidgen_filter_gemini_part_0_dpo_15/B--7khvd7Ys-Scene-0102/depth.mp4,T2V_data/label/vidgen_filter_gemini_part_0_dpo_15/B--7khvd7Ys-Scene-0102/entity_40.png
T2V_data/VIDGEN-1M_unzip/B--7khvd7Ys-Scene-0102.mp4,"The video shows a close-up of a bamboo plant with green leaves and stems. A person's hand is seen holding a bamboo stick, which they use to cut off a piece of the bamboo plant. The person then holds up the cut piece of bamboo to the camera.",T2V_data/label/vidgen_filter_gemini_part_0_dpo_15/B--7khvd7Ys-Scene-0102/entity_40.mp4,T2V_data/label/vidgen_filter_gemini_part_0_dpo_15/B--7khvd7Ys-Scene-0102/entity_40.png
T2V_data/VIDGEN-1M_unzip/BO4TSb_rPkg-Scene-0027.mp4,"In the video, a person is seen wearing a white lab coat and purple gloves. The person is holding a pair of tweezers and is using them to pick up a small object. The object is then placed on a scale, and the person adjusts the scale to weigh the object. The scale is digital and has a display screen that shows the weight of the object. The person then picks up the object and places it back on the scale, presumably to weigh it again. The video does not provide any information about the purpose of the weighing or the nature of the object being weighed.",T2V_data/label/vidgen_filter_gemini_part_0_dpo_15/BO4TSb_rPkg-Scene-0027/depth.mp4,T2V_data/label/vidgen_filter_gemini_part_0_dpo_15/BO4TSb_rPkg-Scene-0027/entity_40.png
T2V_data/VIDGEN-1M_unzip/BO4TSb_rPkg-Scene-0027.mp4,"In the video, a person is seen wearing a white lab coat and purple gloves. The person is holding a pair of tweezers and is using them to pick up a small object. The object is then placed on a scale, and the person adjusts the scale to weigh the object. The scale is digital and has a display screen that shows the weight of the object. The person then picks up the object and places it back on the scale, presumably to weigh it again. The video does not provide any information about the purpose of the weighing or the nature of the object being weighed.",T2V_data/label/vidgen_filter_gemini_part_0_dpo_15/BO4TSb_rPkg-Scene-0027/entity_40.mp4,T2V_data/label/vidgen_filter_gemini_part_0_dpo_15/BO4TSb_rPkg-Scene-0027/entity_40.png
T2V_data/VIDGEN-1M_unzip/BwvIzQ4QvlA-Scene-0005.mp4,"The video shows a close-up of a person's hand holding a small piece of mesh. The person is using their fingers to bend and twist the mesh, demonstrating its flexibility and strength. The mesh appears to be made of a durable material, possibly metal or plastic, and is small enough to be held comfortably in the person's hand. The background is blurred, but it seems to be an outdoor setting with a green pot visible in the distance.",T2V_data/label/vidgen_filter_gemini_part_0_dpo_15/BwvIzQ4QvlA-Scene-0005/depth.mp4,T2V_data/label/vidgen_filter_gemini_part_0_dpo_15/BwvIzQ4QvlA-Scene-0005/entity_20.png
T2V_data/VIDGEN-1M_unzip/BwvIzQ4QvlA-Scene-0005.mp4,"The video shows a close-up of a person's hand holding a small piece of mesh. The person is using their fingers to bend and twist the mesh, demonstrating its flexibility and strength. The mesh appears to be made of a durable material, possibly metal or plastic, and is small enough to be held comfortably in the person's hand. The background is blurred, but it seems to be an outdoor setting with a green pot visible in the distance.",T2V_data/label/vidgen_filter_gemini_part_0_dpo_15/BwvIzQ4QvlA-Scene-0005/entity_20.mp4,T2V_data/label/vidgen_filter_gemini_part_0_dpo_15/BwvIzQ4QvlA-Scene-0005/entity_20.png
T2V_data/VIDGEN-1M_unzip/CEWDsoWtQfg-Scene-0050.mp4,"The video shows a man surfing on a white surfboard in the ocean. He is wearing a yellow shirt and blue shorts. The man is seen paddling on the surfboard, then standing up and riding the waves. He skillfully maneuvers the surfboard, changing direction and speed as the waves change. The ocean is a deep blue color, and the waves are white and foamy. The sky is clear with no clouds in sight.",T2V_data/label/vidgen_filter_gemini_part_0_dpo_15/CEWDsoWtQfg-Scene-0050/depth.mp4,T2V_data/label/vidgen_filter_gemini_part_0_dpo_15/CEWDsoWtQfg-Scene-0050/entity_20.png
T2V_data/VIDGEN-1M_unzip/CEWDsoWtQfg-Scene-0050.mp4,"The video shows a man surfing on a white surfboard in the ocean. He is wearing a yellow shirt and blue shorts. The man is seen paddling on the surfboard, then standing up and riding the waves. He skillfully maneuvers the surfboard, changing direction and speed as the waves change. The ocean is a deep blue color, and the waves are white and foamy. The sky is clear with no clouds in sight.",T2V_data/label/vidgen_filter_gemini_part_0_dpo_15/CEWDsoWtQfg-Scene-0050/entity_20.mp4,T2V_data/label/vidgen_filter_gemini_part_0_dpo_15/CEWDsoWtQfg-Scene-0050/entity_20.png
T2V_data/VIDGEN-1M_unzip/CF4kMyfAFOs-Scene-0026.mp4,"The video shows a football player running with the ball and being tackled by another player. The tackle is successful, and the player with the ball falls to the ground. The other player who tackled him also falls to the ground. The video is in slow motion, and it shows the moment of impact between the two players.",T2V_data/label/vidgen_filter_gemini_part_0_dpo_15/CF4kMyfAFOs-Scene-0026/depth.mp4,T2V_data/label/vidgen_filter_gemini_part_0_dpo_15/CF4kMyfAFOs-Scene-0026/entity_60.png
T2V_data/VIDGEN-1M_unzip/CF4kMyfAFOs-Scene-0026.mp4,"The video shows a football player running with the ball and being tackled by another player. The tackle is successful, and the player with the ball falls to the ground. The other player who tackled him also falls to the ground. The video is in slow motion, and it shows the moment of impact between the two players.",T2V_data/label/vidgen_filter_gemini_part_0_dpo_15/CF4kMyfAFOs-Scene-0026/entity_60.mp4,T2V_data/label/vidgen_filter_gemini_part_0_dpo_15/CF4kMyfAFOs-Scene-0026/entity_60.png
T2V_data/VIDGEN-1M_unzip/CGmyCArPfRs-Scene-0084.mp4,"In the video, a person is seen sealing three jars of pickles. The jars are filled with red and yellow pickles and are placed on a wooden surface. The person uses a metal lid to seal the jars. The background is blurred, but it appears to be a kitchen setting.",T2V_data/label/vidgen_filter_gemini_part_0_dpo_15/CGmyCArPfRs-Scene-0084/depth.mp4,T2V_data/label/vidgen_filter_gemini_part_0_dpo_15/CGmyCArPfRs-Scene-0084/entity_40.png
T2V_data/VIDGEN-1M_unzip/CGmyCArPfRs-Scene-0084.mp4,"In the video, a person is seen sealing three jars of pickles. The jars are filled with red and yellow pickles and are placed on a wooden surface. The person uses a metal lid to seal the jars. The background is blurred, but it appears to be a kitchen setting.",T2V_data/label/vidgen_filter_gemini_part_0_dpo_15/CGmyCArPfRs-Scene-0084/entity_40.mp4,T2V_data/label/vidgen_filter_gemini_part_0_dpo_15/CGmyCArPfRs-Scene-0084/entity_40.png
T2V_data/VIDGEN-1M_unzip/CYd0w06bKjE-Scene-0184.mp4,"In the video, a person is seen holding a red balloon in the dark. The balloon is attached to a string and the person is pulling on it. The background is dark and it is difficult to see any other details. The person's face is not visible and only their hand and part of their arm can be seen. The balloon appears to be inflated and is glowing in the dark. The person seems to be pulling the string upwards, possibly trying to release the balloon into the air.",T2V_data/label/vidgen_filter_gemini_part_0_dpo_15/CYd0w06bKjE-Scene-0184/depth.mp4,T2V_data/label/vidgen_filter_gemini_part_0_dpo_15/CYd0w06bKjE-Scene-0184/entity_40.png
T2V_data/VIDGEN-1M_unzip/CYd0w06bKjE-Scene-0184.mp4,"In the video, a person is seen holding a red balloon in the dark. The balloon is attached to a string and the person is pulling on it. The background is dark and it is difficult to see any other details. The person's face is not visible and only their hand and part of their arm can be seen. The balloon appears to be inflated and is glowing in the dark. The person seems to be pulling the string upwards, possibly trying to release the balloon into the air.",T2V_data/label/vidgen_filter_gemini_part_0_dpo_15/CYd0w06bKjE-Scene-0184/entity_40.mp4,T2V_data/label/vidgen_filter_gemini_part_0_dpo_15/CYd0w06bKjE-Scene-0184/entity_40.png
T2V_data/VIDGEN-1M_unzip/Cju_HyUEAZA-Scene-0115.mp4,"In the video, we see a black crow with a stick in its beak. The crow is standing on a table and appears to be using the stick to push a box. The crow's movements are deliberate and focused, as it pushes the box back and forth. The crow's feathers are sleek and shiny, and its eyes are bright and alert. The stick is thin and appears to be lightweight, allowing the crow to maneuver it with ease. The box is small and rectangular, with a clear lid that allows us to see inside. The table on which the crow is standing is made of wood and has a smooth surface. The background is blurred, but it appears to be an outdoor setting with greenery. Overall, the video captures a moment of intelligence and problem-solving in the life of a crow.",T2V_data/label/vidgen_filter_gemini_part_0_dpo_15/Cju_HyUEAZA-Scene-0115/depth.mp4,T2V_data/label/vidgen_filter_gemini_part_0_dpo_15/Cju_HyUEAZA-Scene-0115/entity_20.png
T2V_data/VIDGEN-1M_unzip/Cju_HyUEAZA-Scene-0115.mp4,"In the video, we see a black crow with a stick in its beak. The crow is standing on a table and appears to be using the stick to push a box. The crow's movements are deliberate and focused, as it pushes the box back and forth. The crow's feathers are sleek and shiny, and its eyes are bright and alert. The stick is thin and appears to be lightweight, allowing the crow to maneuver it with ease. The box is small and rectangular, with a clear lid that allows us to see inside. The table on which the crow is standing is made of wood and has a smooth surface. The background is blurred, but it appears to be an outdoor setting with greenery. Overall, the video captures a moment of intelligence and problem-solving in the life of a crow.",T2V_data/label/vidgen_filter_gemini_part_0_dpo_15/Cju_HyUEAZA-Scene-0115/entity_20.mp4,T2V_data/label/vidgen_filter_gemini_part_0_dpo_15/Cju_HyUEAZA-Scene-0115/entity_20.png
T2V_data/VIDGEN-1M_unzip/Cju_HyUEAZA-Scene-0115.mp4,"In the video, we see a black crow with a stick in its beak. The crow is standing on a table and appears to be using the stick to push a box. The crow's movements are deliberate and focused, as it pushes the box back and forth. The crow's feathers are sleek and shiny, and its eyes are bright and alert. The stick is thin and appears to be lightweight, allowing the crow to maneuver it with ease. The box is small and rectangular, with a clear lid that allows us to see inside. The table on which the crow is standing is made of wood and has a smooth surface. The background is blurred, but it appears to be an outdoor setting with greenery. Overall, the video captures a moment of intelligence and problem-solving in the life of a crow.",T2V_data/label/vidgen_filter_gemini_part_0_dpo_15/Cju_HyUEAZA-Scene-0115/depth.mp4,T2V_data/label/vidgen_filter_gemini_part_0_dpo_15/Cju_HyUEAZA-Scene-0115/entity_40.png
T2V_data/VIDGEN-1M_unzip/Cju_HyUEAZA-Scene-0115.mp4,"In the video, we see a black crow with a stick in its beak. The crow is standing on a table and appears to be using the stick to push a box. The crow's movements are deliberate and focused, as it pushes the box back and forth. The crow's feathers are sleek and shiny, and its eyes are bright and alert. The stick is thin and appears to be lightweight, allowing the crow to maneuver it with ease. The box is small and rectangular, with a clear lid that allows us to see inside. The table on which the crow is standing is made of wood and has a smooth surface. The background is blurred, but it appears to be an outdoor setting with greenery. Overall, the video captures a moment of intelligence and problem-solving in the life of a crow.",T2V_data/label/vidgen_filter_gemini_part_0_dpo_15/Cju_HyUEAZA-Scene-0115/entity_40.mp4,T2V_data/label/vidgen_filter_gemini_part_0_dpo_15/Cju_HyUEAZA-Scene-0115/entity_40.png
T2V_data/VIDGEN-1M_unzip/CpzMTcWT8o4-Scene-0026.mp4,"In the video, a person is seen holding a black Samsung phone in their hand. The phone is turned upside down, revealing the back cover. The person then uses a metal tool to pry open the back cover of the phone. The person proceeds to remove the battery from the phone. The battery is black and rectangular in shape. The person then replaces the battery with a new one. The new battery is also black and rectangular in shape. The person then closes the back cover of the phone.",T2V_data/label/vidgen_filter_gemini_part_0_dpo_15/CpzMTcWT8o4-Scene-0026/depth.mp4,T2V_data/label/vidgen_filter_gemini_part_0_dpo_15/CpzMTcWT8o4-Scene-0026/entity_60.png
T2V_data/VIDGEN-1M_unzip/CpzMTcWT8o4-Scene-0026.mp4,"In the video, a person is seen holding a black Samsung phone in their hand. The phone is turned upside down, revealing the back cover. The person then uses a metal tool to pry open the back cover of the phone. The person proceeds to remove the battery from the phone. The battery is black and rectangular in shape. The person then replaces the battery with a new one. The new battery is also black and rectangular in shape. The person then closes the back cover of the phone.",T2V_data/label/vidgen_filter_gemini_part_0_dpo_15/CpzMTcWT8o4-Scene-0026/entity_60.mp4,T2V_data/label/vidgen_filter_gemini_part_0_dpo_15/CpzMTcWT8o4-Scene-0026/entity_60.png
T2V_data/VIDGEN-1M_unzip/D16LZLGk4cM-Scene-0021.mp4,"The video shows a man in a gym preparing to lift a barbell. He is wearing a blue shirt, orange vest, and blue shorts. He has a beard and is wearing a cap. The barbell is placed on a wooden platform. The man lifts the barbell up to his chest and then lifts it over his head. He then drops the barbell on the ground and walks away. The gym is filled with various exercise equipment and weights.",T2V_data/label/vidgen_filter_gemini_part_0_dpo_15/D16LZLGk4cM-Scene-0021/depth.mp4,T2V_data/label/vidgen_filter_gemini_part_0_dpo_15/D16LZLGk4cM-Scene-0021/entity_20.png
T2V_data/VIDGEN-1M_unzip/D16LZLGk4cM-Scene-0021.mp4,"The video shows a man in a gym preparing to lift a barbell. He is wearing a blue shirt, orange vest, and blue shorts. He has a beard and is wearing a cap. The barbell is placed on a wooden platform. The man lifts the barbell up to his chest and then lifts it over his head. He then drops the barbell on the ground and walks away. The gym is filled with various exercise equipment and weights.",T2V_data/label/vidgen_filter_gemini_part_0_dpo_15/D16LZLGk4cM-Scene-0021/entity_20.mp4,T2V_data/label/vidgen_filter_gemini_part_0_dpo_15/D16LZLGk4cM-Scene-0021/entity_20.png
T2V_data/VIDGEN-1M_unzip/D1zrr_8Saac-Scene-0047.mp4,"In the video, a golden retriever is seen lying on the grass with a stuffed animal toy. The dog is biting and pulling on the toy, and then he lets go and looks at the camera. The dog then grabs the toy again and continues to play with it. The toy is white with brown ears and a black nose. The dog is wearing a collar and appears to be happy and playful. The grass is green and there are flowers in the background.",T2V_data/label/vidgen_filter_gemini_part_0_dpo_15/D1zrr_8Saac-Scene-0047/depth.mp4,T2V_data/label/vidgen_filter_gemini_part_0_dpo_15/D1zrr_8Saac-Scene-0047/entity_20.png
T2V_data/VIDGEN-1M_unzip/D1zrr_8Saac-Scene-0047.mp4,"In the video, a golden retriever is seen lying on the grass with a stuffed animal toy. The dog is biting and pulling on the toy, and then he lets go and looks at the camera. The dog then grabs the toy again and continues to play with it. The toy is white with brown ears and a black nose. The dog is wearing a collar and appears to be happy and playful. The grass is green and there are flowers in the background.",T2V_data/label/vidgen_filter_gemini_part_0_dpo_15/D1zrr_8Saac-Scene-0047/entity_20.mp4,T2V_data/label/vidgen_filter_gemini_part_0_dpo_15/D1zrr_8Saac-Scene-0047/entity_20.png
T2V_data/VIDGEN-1M_unzip/D4KKmX-QyVQ-Scene-0022.mp4,"In the video, a man is seen standing on a boat with a fishing net. He is wearing a blue shirt and white pants. The man is holding the net with both hands and appears to be struggling to lift it up. Another man is standing next to him, wearing a blue shirt and jeans. The boat has a red floor and there are white coolers on the floor. The man eventually lifts the net up and a large fish is seen inside the net. The fish is silver with black stripes and appears to be a bass. The man then lowers the net back down to the floor of the boat.",T2V_data/label/vidgen_filter_gemini_part_0_dpo_15/D4KKmX-QyVQ-Scene-0022/depth.mp4,T2V_data/label/vidgen_filter_gemini_part_0_dpo_15/D4KKmX-QyVQ-Scene-0022/entity_40.png
T2V_data/VIDGEN-1M_unzip/D4KKmX-QyVQ-Scene-0022.mp4,"In the video, a man is seen standing on a boat with a fishing net. He is wearing a blue shirt and white pants. The man is holding the net with both hands and appears to be struggling to lift it up. Another man is standing next to him, wearing a blue shirt and jeans. The boat has a red floor and there are white coolers on the floor. The man eventually lifts the net up and a large fish is seen inside the net. The fish is silver with black stripes and appears to be a bass. The man then lowers the net back down to the floor of the boat.",T2V_data/label/vidgen_filter_gemini_part_0_dpo_15/D4KKmX-QyVQ-Scene-0022/entity_40.mp4,T2V_data/label/vidgen_filter_gemini_part_0_dpo_15/D4KKmX-QyVQ-Scene-0022/entity_40.png
T2V_data/VIDGEN-1M_unzip/D8wdWM8T8Fc-Scene-0029.mp4,"The video shows a close-up of a sewing machine needle and presser foot in action. The needle is rapidly moving up and down, piercing the red fabric that is being fed through the presser foot. The fabric appears to be a quilt or a piece of clothing, with a colorful pattern visible on the edge. The machine is creating a straight stitch along the edge of the fabric. The background is blurred, but it appears to be a workspace or a sewing room.",T2V_data/label/vidgen_filter_gemini_part_0_dpo_15/D8wdWM8T8Fc-Scene-0029/depth.mp4,T2V_data/label/vidgen_filter_gemini_part_0_dpo_15/D8wdWM8T8Fc-Scene-0029/entity_40.png
T2V_data/VIDGEN-1M_unzip/D8wdWM8T8Fc-Scene-0029.mp4,"The video shows a close-up of a sewing machine needle and presser foot in action. The needle is rapidly moving up and down, piercing the red fabric that is being fed through the presser foot. The fabric appears to be a quilt or a piece of clothing, with a colorful pattern visible on the edge. The machine is creating a straight stitch along the edge of the fabric. The background is blurred, but it appears to be a workspace or a sewing room.",T2V_data/label/vidgen_filter_gemini_part_0_dpo_15/D8wdWM8T8Fc-Scene-0029/entity_40.mp4,T2V_data/label/vidgen_filter_gemini_part_0_dpo_15/D8wdWM8T8Fc-Scene-0029/entity_40.png
T2V_data/VIDGEN-1M_unzip/D9eQIlyVImc-Scene-0073.mp4,The video shows a man in a forest using an ax to chop a tree. The man is shirtless and wearing yellow shorts. He swings the ax with both hands and hits the tree with force. The tree has a large trunk and is surrounded by green foliage. The man is focused on his task and appears to be exerting a lot of effort to chop the tree. The sound of the ax hitting the tree can be heard in the background.,T2V_data/label/vidgen_filter_gemini_part_0_dpo_15/D9eQIlyVImc-Scene-0073/depth.mp4,T2V_data/label/vidgen_filter_gemini_part_0_dpo_15/D9eQIlyVImc-Scene-0073/entity_40.png
T2V_data/VIDGEN-1M_unzip/D9eQIlyVImc-Scene-0073.mp4,The video shows a man in a forest using an ax to chop a tree. The man is shirtless and wearing yellow shorts. He swings the ax with both hands and hits the tree with force. The tree has a large trunk and is surrounded by green foliage. The man is focused on his task and appears to be exerting a lot of effort to chop the tree. The sound of the ax hitting the tree can be heard in the background.,T2V_data/label/vidgen_filter_gemini_part_0_dpo_15/D9eQIlyVImc-Scene-0073/entity_40.mp4,T2V_data/label/vidgen_filter_gemini_part_0_dpo_15/D9eQIlyVImc-Scene-0073/entity_40.png
T2V_data/VIDGEN-1M_unzip/D_ELI23UGVQ-Scene-0003.mp4,"The video shows a black truck driving through a shallow stream. The truck is moving at a slow pace, causing water to splash around it. The stream is surrounded by rocks and trees, and there is a yellow vehicle visible in the background. The truck appears to be a Toyota Tacoma, and the water is clear and reflects the surrounding environment.",T2V_data/label/vidgen_filter_gemini_part_0_dpo_15/D_ELI23UGVQ-Scene-0003/depth.mp4,T2V_data/label/vidgen_filter_gemini_part_0_dpo_15/D_ELI23UGVQ-Scene-0003/entity_40.png
T2V_data/VIDGEN-1M_unzip/D_ELI23UGVQ-Scene-0003.mp4,"The video shows a black truck driving through a shallow stream. The truck is moving at a slow pace, causing water to splash around it. The stream is surrounded by rocks and trees, and there is a yellow vehicle visible in the background. The truck appears to be a Toyota Tacoma, and the water is clear and reflects the surrounding environment.",T2V_data/label/vidgen_filter_gemini_part_0_dpo_15/D_ELI23UGVQ-Scene-0003/entity_40.mp4,T2V_data/label/vidgen_filter_gemini_part_0_dpo_15/D_ELI23UGVQ-Scene-0003/entity_40.png
T2V_data/VIDGEN-1M_unzip/E5Fnffk8ApY-Scene-0026.mp4,"In this video, a man is seen working on a wooden structure. He is using a hammer to secure a piece of wood into place. The man is wearing a white shirt and blue jeans, and he is standing on a wooden floor. The video is shot from a top-down perspective, and the man's hands are the main focus of the video. The wooden structure appears to be a part of a larger construction project. The man's movements are deliberate and precise as he hammers the wood into place. The sound of the hammer hitting the wood is audible throughout the video.",T2V_data/label/vidgen_filter_gemini_part_0_dpo_15/E5Fnffk8ApY-Scene-0026/depth.mp4,T2V_data/label/vidgen_filter_gemini_part_0_dpo_15/E5Fnffk8ApY-Scene-0026/entity_60.png
T2V_data/VIDGEN-1M_unzip/E5Fnffk8ApY-Scene-0026.mp4,"In this video, a man is seen working on a wooden structure. He is using a hammer to secure a piece of wood into place. The man is wearing a white shirt and blue jeans, and he is standing on a wooden floor. The video is shot from a top-down perspective, and the man's hands are the main focus of the video. The wooden structure appears to be a part of a larger construction project. The man's movements are deliberate and precise as he hammers the wood into place. The sound of the hammer hitting the wood is audible throughout the video.",T2V_data/label/vidgen_filter_gemini_part_0_dpo_15/E5Fnffk8ApY-Scene-0026/entity_60.mp4,T2V_data/label/vidgen_filter_gemini_part_0_dpo_15/E5Fnffk8ApY-Scene-0026/entity_60.png
T2V_data/VIDGEN-1M_unzip/E5o-PVm4Hcc-Scene-0027.mp4,The video shows a red pan on a stove with oil bubbling in it. A person is seen placing seasoned chicken breasts into the pan. The chicken breasts are light pink in color and have a golden brown seasoning on top. The person uses tongs to place the chicken breasts into the pan. The video is shot in a kitchen setting and the focus is on the cooking process of the chicken.,T2V_data/label/vidgen_filter_gemini_part_0_dpo_15/E5o-PVm4Hcc-Scene-0027/depth.mp4,T2V_data/label/vidgen_filter_gemini_part_0_dpo_15/E5o-PVm4Hcc-Scene-0027/entity_20.png
T2V_data/VIDGEN-1M_unzip/E5o-PVm4Hcc-Scene-0027.mp4,The video shows a red pan on a stove with oil bubbling in it. A person is seen placing seasoned chicken breasts into the pan. The chicken breasts are light pink in color and have a golden brown seasoning on top. The person uses tongs to place the chicken breasts into the pan. The video is shot in a kitchen setting and the focus is on the cooking process of the chicken.,T2V_data/label/vidgen_filter_gemini_part_0_dpo_15/E5o-PVm4Hcc-Scene-0027/entity_20.mp4,T2V_data/label/vidgen_filter_gemini_part_0_dpo_15/E5o-PVm4Hcc-Scene-0027/entity_20.png
T2V_data/VIDGEN-1M_unzip/E6LxLvWebLY-Scene-0110.mp4,"In the video, a man is seen standing on a golf course. He is wearing an orange shirt and blue shorts. The man is holding a golf club and is preparing to swing at a golf ball. He takes a few practice swings before finally hitting the ball. The ball is seen flying through the air and landing on the green. The man then walks away from the ball.",T2V_data/label/vidgen_filter_gemini_part_0_dpo_15/E6LxLvWebLY-Scene-0110/depth.mp4,T2V_data/label/vidgen_filter_gemini_part_0_dpo_15/E6LxLvWebLY-Scene-0110/entity_40.png
T2V_data/VIDGEN-1M_unzip/E6LxLvWebLY-Scene-0110.mp4,"In the video, a man is seen standing on a golf course. He is wearing an orange shirt and blue shorts. The man is holding a golf club and is preparing to swing at a golf ball. He takes a few practice swings before finally hitting the ball. The ball is seen flying through the air and landing on the green. The man then walks away from the ball.",T2V_data/label/vidgen_filter_gemini_part_0_dpo_15/E6LxLvWebLY-Scene-0110/entity_40.mp4,T2V_data/label/vidgen_filter_gemini_part_0_dpo_15/E6LxLvWebLY-Scene-0110/entity_40.png
T2V_data/VIDGEN-1M_unzip/EAMS7KRv6mk-Scene-0052.mp4,"In the video, a person with blue nail polish is seen holding two popsicle sticks and placing them on a white surface. The person then proceeds to attach additional popsicle sticks to the original two, creating a rectangular frame. The person's hands are visible throughout the video, and the popsicle sticks are light brown in color. The video is shot from a top-down perspective, and the background is a plain white surface.",T2V_data/label/vidgen_filter_gemini_part_0_dpo_15/EAMS7KRv6mk-Scene-0052/depth.mp4,T2V_data/label/vidgen_filter_gemini_part_0_dpo_15/EAMS7KRv6mk-Scene-0052/entity_40.png
T2V_data/VIDGEN-1M_unzip/EAMS7KRv6mk-Scene-0052.mp4,"In the video, a person with blue nail polish is seen holding two popsicle sticks and placing them on a white surface. The person then proceeds to attach additional popsicle sticks to the original two, creating a rectangular frame. The person's hands are visible throughout the video, and the popsicle sticks are light brown in color. The video is shot from a top-down perspective, and the background is a plain white surface.",T2V_data/label/vidgen_filter_gemini_part_0_dpo_15/EAMS7KRv6mk-Scene-0052/entity_40.mp4,T2V_data/label/vidgen_filter_gemini_part_0_dpo_15/EAMS7KRv6mk-Scene-0052/entity_40.png
T2V_data/VIDGEN-1M_unzip/EGphNib9AE0-Scene-0014.mp4,"In the video, a man is seen working on a machine in a workshop. He is wearing a welding mask and gloves, indicating that he is performing some sort of welding or metalwork. The man is using a tool to work on the machine, and sparks are flying everywhere as he works. The workshop is filled with various tools and equipment, suggesting that this is a professional setting. The man appears to be focused and skilled in his work, carefully manipulating the tool to achieve the desired result. Overall, the video showcases the precision and expertise required in metalworking and welding.",T2V_data/label/vidgen_filter_gemini_part_0_dpo_15/EGphNib9AE0-Scene-0014/depth.mp4,T2V_data/label/vidgen_filter_gemini_part_0_dpo_15/EGphNib9AE0-Scene-0014/entity_20.png
T2V_data/VIDGEN-1M_unzip/EGphNib9AE0-Scene-0014.mp4,"In the video, a man is seen working on a machine in a workshop. He is wearing a welding mask and gloves, indicating that he is performing some sort of welding or metalwork. The man is using a tool to work on the machine, and sparks are flying everywhere as he works. The workshop is filled with various tools and equipment, suggesting that this is a professional setting. The man appears to be focused and skilled in his work, carefully manipulating the tool to achieve the desired result. Overall, the video showcases the precision and expertise required in metalworking and welding.",T2V_data/label/vidgen_filter_gemini_part_0_dpo_15/EGphNib9AE0-Scene-0014/entity_20.mp4,T2V_data/label/vidgen_filter_gemini_part_0_dpo_15/EGphNib9AE0-Scene-0014/entity_20.png
T2V_data/VIDGEN-1M_unzip/EGphNib9AE0-Scene-0014.mp4,"In the video, a man is seen working on a machine in a workshop. He is wearing a welding mask and gloves, indicating that he is performing some sort of welding or metalwork. The man is using a tool to work on the machine, and sparks are flying everywhere as he works. The workshop is filled with various tools and equipment, suggesting that this is a professional setting. The man appears to be focused and skilled in his work, carefully manipulating the tool to achieve the desired result. Overall, the video showcases the precision and expertise required in metalworking and welding.",T2V_data/label/vidgen_filter_gemini_part_0_dpo_15/EGphNib9AE0-Scene-0014/depth.mp4,T2V_data/label/vidgen_filter_gemini_part_0_dpo_15/EGphNib9AE0-Scene-0014/entity_40.png
T2V_data/VIDGEN-1M_unzip/EGphNib9AE0-Scene-0014.mp4,"In the video, a man is seen working on a machine in a workshop. He is wearing a welding mask and gloves, indicating that he is performing some sort of welding or metalwork. The man is using a tool to work on the machine, and sparks are flying everywhere as he works. The workshop is filled with various tools and equipment, suggesting that this is a professional setting. The man appears to be focused and skilled in his work, carefully manipulating the tool to achieve the desired result. Overall, the video showcases the precision and expertise required in metalworking and welding.",T2V_data/label/vidgen_filter_gemini_part_0_dpo_15/EGphNib9AE0-Scene-0014/entity_40.mp4,T2V_data/label/vidgen_filter_gemini_part_0_dpo_15/EGphNib9AE0-Scene-0014/entity_40.png
T2V_data/VIDGEN-1M_unzip/ERE4kn20yUU-Scene-0072.mp4,"In the video, a person wearing yellow rubber gloves is seen holding a plastic bag containing a white powdery substance. The person is standing in front of a pot filled with a yellowish liquid, which is placed on a stove. The person then pours the white powdery substance into the pot, and stirs it with a spoon. The person continues to stir the mixture, ensuring that the powder is evenly distributed throughout the liquid. The stove is turned on, and the mixture begins to heat up, causing the liquid to bubble and the powder to dissolve. The person continues to stir the mixture until it becomes a homogenous liquid. The video ends with the person turning off the stove and removing the pot from burner.",T2V_data/label/vidgen_filter_gemini_part_0_dpo_15/ERE4kn20yUU-Scene-0072/depth.mp4,T2V_data/label/vidgen_filter_gemini_part_0_dpo_15/ERE4kn20yUU-Scene-0072/entity_40.png
T2V_data/VIDGEN-1M_unzip/ERE4kn20yUU-Scene-0072.mp4,"In the video, a person wearing yellow rubber gloves is seen holding a plastic bag containing a white powdery substance. The person is standing in front of a pot filled with a yellowish liquid, which is placed on a stove. The person then pours the white powdery substance into the pot, and stirs it with a spoon. The person continues to stir the mixture, ensuring that the powder is evenly distributed throughout the liquid. The stove is turned on, and the mixture begins to heat up, causing the liquid to bubble and the powder to dissolve. The person continues to stir the mixture until it becomes a homogenous liquid. The video ends with the person turning off the stove and removing the pot from burner.",T2V_data/label/vidgen_filter_gemini_part_0_dpo_15/ERE4kn20yUU-Scene-0072/entity_40.mp4,T2V_data/label/vidgen_filter_gemini_part_0_dpo_15/ERE4kn20yUU-Scene-0072/entity_40.png
T2V_data/VIDGEN-1M_unzip/ETCDZuVB9xo-Scene-0027.mp4,"The video shows a yellow sports car driving on a road with mountains in the background. The car is seen driving down the road, passing other cars, and eventually crashing into a wall. The car is shown from different angles, including a rear view and a side view. The video has a realistic feel, with the car's movements and the surrounding environment appearing lifelike. The colors in the video are vibrant, with the yellow of the car contrasting against the blue sky and green mountains. The video does not contain any visible text or subtitles.",T2V_data/label/vidgen_filter_gemini_part_0_dpo_15/ETCDZuVB9xo-Scene-0027/depth.mp4,T2V_data/label/vidgen_filter_gemini_part_0_dpo_15/ETCDZuVB9xo-Scene-0027/entity_20.png
T2V_data/VIDGEN-1M_unzip/ETCDZuVB9xo-Scene-0027.mp4,"The video shows a yellow sports car driving on a road with mountains in the background. The car is seen driving down the road, passing other cars, and eventually crashing into a wall. The car is shown from different angles, including a rear view and a side view. The video has a realistic feel, with the car's movements and the surrounding environment appearing lifelike. The colors in the video are vibrant, with the yellow of the car contrasting against the blue sky and green mountains. The video does not contain any visible text or subtitles.",T2V_data/label/vidgen_filter_gemini_part_0_dpo_15/ETCDZuVB9xo-Scene-0027/entity_20.mp4,T2V_data/label/vidgen_filter_gemini_part_0_dpo_15/ETCDZuVB9xo-Scene-0027/entity_20.png
T2V_data/VIDGEN-1M_unzip/ETCDZuVB9xo-Scene-0027.mp4,"The video shows a yellow sports car driving on a road with mountains in the background. The car is seen driving down the road, passing other cars, and eventually crashing into a wall. The car is shown from different angles, including a rear view and a side view. The video has a realistic feel, with the car's movements and the surrounding environment appearing lifelike. The colors in the video are vibrant, with the yellow of the car contrasting against the blue sky and green mountains. The video does not contain any visible text or subtitles.",T2V_data/label/vidgen_filter_gemini_part_0_dpo_15/ETCDZuVB9xo-Scene-0027/depth.mp4,T2V_data/label/vidgen_filter_gemini_part_0_dpo_15/ETCDZuVB9xo-Scene-0027/entity_60.png
T2V_data/VIDGEN-1M_unzip/ETCDZuVB9xo-Scene-0027.mp4,"The video shows a yellow sports car driving on a road with mountains in the background. The car is seen driving down the road, passing other cars, and eventually crashing into a wall. The car is shown from different angles, including a rear view and a side view. The video has a realistic feel, with the car's movements and the surrounding environment appearing lifelike. The colors in the video are vibrant, with the yellow of the car contrasting against the blue sky and green mountains. The video does not contain any visible text or subtitles.",T2V_data/label/vidgen_filter_gemini_part_0_dpo_15/ETCDZuVB9xo-Scene-0027/entity_60.mp4,T2V_data/label/vidgen_filter_gemini_part_0_dpo_15/ETCDZuVB9xo-Scene-0027/entity_60.png
T2V_data/VIDGEN-1M_unzip/EflMONXMc2s-Scene-0006.mp4,"In the video, a person is using a white kitchen tool to grate a cucumber. The tool has a handle and a rotating mechanism that holds the cucumber in place while the person grates it. The person is wearing a ring on their left hand. In the background, there is a wooden cutting board and a bowl of green vegetables. The person is wearing a white shirt and has long hair. The kitchen tool is made of plastic and has a metal grating surface. The cucumber is being grated into thin strips.",T2V_data/label/vidgen_filter_gemini_part_0_dpo_15/EflMONXMc2s-Scene-0006/depth.mp4,T2V_data/label/vidgen_filter_gemini_part_0_dpo_15/EflMONXMc2s-Scene-0006/entity_60.png
T2V_data/VIDGEN-1M_unzip/EflMONXMc2s-Scene-0006.mp4,"In the video, a person is using a white kitchen tool to grate a cucumber. The tool has a handle and a rotating mechanism that holds the cucumber in place while the person grates it. The person is wearing a ring on their left hand. In the background, there is a wooden cutting board and a bowl of green vegetables. The person is wearing a white shirt and has long hair. The kitchen tool is made of plastic and has a metal grating surface. The cucumber is being grated into thin strips.",T2V_data/label/vidgen_filter_gemini_part_0_dpo_15/EflMONXMc2s-Scene-0006/entity_60.mp4,T2V_data/label/vidgen_filter_gemini_part_0_dpo_15/EflMONXMc2s-Scene-0006/entity_60.png
T2V_data/VIDGEN-1M_unzip/EgWaTtxB09U-Scene-0052.mp4,"In the video, a man is seen working on a wooden structure. He is using a drill to make holes in a piece of wood. The man is wearing a gray shirt and is standing in a workshop. The wooden structure appears to be a table or a bench. The man is focused on his work and is using a measuring tape to ensure that the holes are evenly spaced. The workshop is well-lit and there are other tools and pieces of wood visible in the background. The man's movements are precise and deliberate as he works on the project.",T2V_data/label/vidgen_filter_gemini_part_0_dpo_15/EgWaTtxB09U-Scene-0052/depth.mp4,T2V_data/label/vidgen_filter_gemini_part_0_dpo_15/EgWaTtxB09U-Scene-0052/entity_60.png
T2V_data/VIDGEN-1M_unzip/EgWaTtxB09U-Scene-0052.mp4,"In the video, a man is seen working on a wooden structure. He is using a drill to make holes in a piece of wood. The man is wearing a gray shirt and is standing in a workshop. The wooden structure appears to be a table or a bench. The man is focused on his work and is using a measuring tape to ensure that the holes are evenly spaced. The workshop is well-lit and there are other tools and pieces of wood visible in the background. The man's movements are precise and deliberate as he works on the project.",T2V_data/label/vidgen_filter_gemini_part_0_dpo_15/EgWaTtxB09U-Scene-0052/entity_60.mp4,T2V_data/label/vidgen_filter_gemini_part_0_dpo_15/EgWaTtxB09U-Scene-0052/entity_60.png
T2V_data/VIDGEN-1M_unzip/EgWaTtxB09U-Scene-0052.mp4,"In the video, a man is seen working on a wooden structure. He is using a drill to make holes in a piece of wood. The man is wearing a gray shirt and is standing in a workshop. The wooden structure appears to be a table or a bench. The man is focused on his work and is using a measuring tape to ensure that the holes are evenly spaced. The workshop is well-lit and there are other tools and pieces of wood visible in the background. The man's movements are precise and deliberate as he works on the project.",T2V_data/label/vidgen_filter_gemini_part_0_dpo_15/EgWaTtxB09U-Scene-0052/depth.mp4,T2V_data/label/vidgen_filter_gemini_part_0_dpo_15/EgWaTtxB09U-Scene-0052/entity_80.png
T2V_data/VIDGEN-1M_unzip/EgWaTtxB09U-Scene-0052.mp4,"In the video, a man is seen working on a wooden structure. He is using a drill to make holes in a piece of wood. The man is wearing a gray shirt and is standing in a workshop. The wooden structure appears to be a table or a bench. The man is focused on his work and is using a measuring tape to ensure that the holes are evenly spaced. The workshop is well-lit and there are other tools and pieces of wood visible in the background. The man's movements are precise and deliberate as he works on the project.",T2V_data/label/vidgen_filter_gemini_part_0_dpo_15/EgWaTtxB09U-Scene-0052/entity_80.mp4,T2V_data/label/vidgen_filter_gemini_part_0_dpo_15/EgWaTtxB09U-Scene-0052/entity_80.png
T2V_data/VIDGEN-1M_unzip/EhH96gGA_bg-Scene-0100.mp4,"In the video, a man is seen walking towards a garage. He is wearing a gray t-shirt and has tattoos on his arms. The garage is filled with various cars, including a black car parked in front of it. The man opens the garage door and walks towards a white car with its hood open. He then proceeds to remove the tires from the car.",T2V_data/label/vidgen_filter_gemini_part_0_dpo_15/EhH96gGA_bg-Scene-0100/depth.mp4,T2V_data/label/vidgen_filter_gemini_part_0_dpo_15/EhH96gGA_bg-Scene-0100/entity_60.png
T2V_data/VIDGEN-1M_unzip/EhH96gGA_bg-Scene-0100.mp4,"In the video, a man is seen walking towards a garage. He is wearing a gray t-shirt and has tattoos on his arms. The garage is filled with various cars, including a black car parked in front of it. The man opens the garage door and walks towards a white car with its hood open. He then proceeds to remove the tires from the car.",T2V_data/label/vidgen_filter_gemini_part_0_dpo_15/EhH96gGA_bg-Scene-0100/entity_60.mp4,T2V_data/label/vidgen_filter_gemini_part_0_dpo_15/EhH96gGA_bg-Scene-0100/entity_60.png
T2V_data/VIDGEN-1M_unzip/EjVabD3ag-U-Scene-0165.mp4,"The video shows a person driving a car on a track. The driver is wearing a yellow wristband and is holding the steering wheel with both hands. The car is moving at a high speed, and the driver is shifting gears frequently. The track is surrounded by trees and there are other cars visible in the background.",T2V_data/label/vidgen_filter_gemini_part_0_dpo_15/EjVabD3ag-U-Scene-0165/depth.mp4,T2V_data/label/vidgen_filter_gemini_part_0_dpo_15/EjVabD3ag-U-Scene-0165/entity_20.png
T2V_data/VIDGEN-1M_unzip/EjVabD3ag-U-Scene-0165.mp4,"The video shows a person driving a car on a track. The driver is wearing a yellow wristband and is holding the steering wheel with both hands. The car is moving at a high speed, and the driver is shifting gears frequently. The track is surrounded by trees and there are other cars visible in the background.",T2V_data/label/vidgen_filter_gemini_part_0_dpo_15/EjVabD3ag-U-Scene-0165/entity_20.mp4,T2V_data/label/vidgen_filter_gemini_part_0_dpo_15/EjVabD3ag-U-Scene-0165/entity_20.png
T2V_data/VIDGEN-1M_unzip/EjVabD3ag-U-Scene-0165.mp4,"The video shows a person driving a car on a track. The driver is wearing a yellow wristband and is holding the steering wheel with both hands. The car is moving at a high speed, and the driver is shifting gears frequently. The track is surrounded by trees and there are other cars visible in the background.",T2V_data/label/vidgen_filter_gemini_part_0_dpo_15/EjVabD3ag-U-Scene-0165/depth.mp4,T2V_data/label/vidgen_filter_gemini_part_0_dpo_15/EjVabD3ag-U-Scene-0165/entity_60.png
T2V_data/VIDGEN-1M_unzip/EjVabD3ag-U-Scene-0165.mp4,"The video shows a person driving a car on a track. The driver is wearing a yellow wristband and is holding the steering wheel with both hands. The car is moving at a high speed, and the driver is shifting gears frequently. The track is surrounded by trees and there are other cars visible in the background.",T2V_data/label/vidgen_filter_gemini_part_0_dpo_15/EjVabD3ag-U-Scene-0165/entity_60.mp4,T2V_data/label/vidgen_filter_gemini_part_0_dpo_15/EjVabD3ag-U-Scene-0165/entity_60.png
T2V_data/VIDGEN-1M_unzip/EjmPOrdd5b4-Scene-0010.mp4,"In the video, a person is seen performing a tire repair. The person is using a tool to cut a piece of tire and then applies a patch to the hole. The person then uses a tool to apply a patch to the hole. The video shows the process of repairing a tire in detail.",T2V_data/label/vidgen_filter_gemini_part_0_dpo_15/EjmPOrdd5b4-Scene-0010/depth.mp4,T2V_data/label/vidgen_filter_gemini_part_0_dpo_15/EjmPOrdd5b4-Scene-0010/entity_40.png
T2V_data/VIDGEN-1M_unzip/EjmPOrdd5b4-Scene-0010.mp4,"In the video, a person is seen performing a tire repair. The person is using a tool to cut a piece of tire and then applies a patch to the hole. The person then uses a tool to apply a patch to the hole. The video shows the process of repairing a tire in detail.",T2V_data/label/vidgen_filter_gemini_part_0_dpo_15/EjmPOrdd5b4-Scene-0010/entity_40.mp4,T2V_data/label/vidgen_filter_gemini_part_0_dpo_15/EjmPOrdd5b4-Scene-0010/entity_40.png
T2V_data/VIDGEN-1M_unzip/F5U-UwYFrVI-Scene-0089.mp4,"In the video, a husky puppy is seen playing with a black ball on a striped rug. The husky puppy is light brown and white and is seen biting and pawing at the ball. The rug has black and white stripes and is placed on the floor. The husky puppy seems to be enjoying playing with the ball and is focused on it.",T2V_data/label/vidgen_filter_gemini_part_0_dpo_15/F5U-UwYFrVI-Scene-0089/depth.mp4,T2V_data/label/vidgen_filter_gemini_part_0_dpo_15/F5U-UwYFrVI-Scene-0089/entity_40.png
T2V_data/VIDGEN-1M_unzip/F5U-UwYFrVI-Scene-0089.mp4,"In the video, a husky puppy is seen playing with a black ball on a striped rug. The husky puppy is light brown and white and is seen biting and pawing at the ball. The rug has black and white stripes and is placed on the floor. The husky puppy seems to be enjoying playing with the ball and is focused on it.",T2V_data/label/vidgen_filter_gemini_part_0_dpo_15/F5U-UwYFrVI-Scene-0089/entity_40.mp4,T2V_data/label/vidgen_filter_gemini_part_0_dpo_15/F5U-UwYFrVI-Scene-0089/entity_40.png
T2V_data/VIDGEN-1M_unzip/FFiArgmvCwY-Scene-0034.mp4,"The video shows a man in a camouflage uniform holding a shotgun and aiming it at a person who is hiding behind a clear plastic shield. The person behind the shield is also wearing a helmet and is holding their hands up in front of their face. The man with the shotgun is wearing sunglasses and a hat, and he appears to be aiming and shooting at the person behind the shield. The background is a grassy field with trees and a fence.",T2V_data/label/vidgen_filter_gemini_part_0_dpo_15/FFiArgmvCwY-Scene-0034/depth.mp4,T2V_data/label/vidgen_filter_gemini_part_0_dpo_15/FFiArgmvCwY-Scene-0034/entity_40.png
T2V_data/VIDGEN-1M_unzip/FFiArgmvCwY-Scene-0034.mp4,"The video shows a man in a camouflage uniform holding a shotgun and aiming it at a person who is hiding behind a clear plastic shield. The person behind the shield is also wearing a helmet and is holding their hands up in front of their face. The man with the shotgun is wearing sunglasses and a hat, and he appears to be aiming and shooting at the person behind the shield. The background is a grassy field with trees and a fence.",T2V_data/label/vidgen_filter_gemini_part_0_dpo_15/FFiArgmvCwY-Scene-0034/entity_40.mp4,T2V_data/label/vidgen_filter_gemini_part_0_dpo_15/FFiArgmvCwY-Scene-0034/entity_40.png
T2V_data/VIDGEN-1M_unzip/FKYo4XkXTGc-Scene-0010.mp4,"The video shows a man lying on his back on a gym floor, wearing a blue shirt and a watch on his left wrist. He is performing sit-ups, lifting his upper body towards his knees while keeping his hands behind his head. The man's face is focused, and he appears to be exerting effort as he completes the sit-ups. The gym floor is gray, and there is no other equipment or people visible in the video.",T2V_data/label/vidgen_filter_gemini_part_0_dpo_15/FKYo4XkXTGc-Scene-0010/depth.mp4,T2V_data/label/vidgen_filter_gemini_part_0_dpo_15/FKYo4XkXTGc-Scene-0010/entity_40.png
T2V_data/VIDGEN-1M_unzip/FKYo4XkXTGc-Scene-0010.mp4,"The video shows a man lying on his back on a gym floor, wearing a blue shirt and a watch on his left wrist. He is performing sit-ups, lifting his upper body towards his knees while keeping his hands behind his head. The man's face is focused, and he appears to be exerting effort as he completes the sit-ups. The gym floor is gray, and there is no other equipment or people visible in the video.",T2V_data/label/vidgen_filter_gemini_part_0_dpo_15/FKYo4XkXTGc-Scene-0010/entity_40.mp4,T2V_data/label/vidgen_filter_gemini_part_0_dpo_15/FKYo4XkXTGc-Scene-0010/entity_40.png
T2V_data/VIDGEN-1M_unzip/FOv7jL-Usiw-Scene-0002.mp4,"The video is a dashcam recording of a car driving down a dark street at night. The car is following a red car that is driving in front of it. The red car suddenly stops, and the car behind it crashes into the back of the red car. The impact is visible, and the red car's brake lights are on. The video is taken from the perspective of the car behind the red car, and the dashcam is recording the entire incident.",T2V_data/label/vidgen_filter_gemini_part_0_dpo_15/FOv7jL-Usiw-Scene-0002/depth.mp4,T2V_data/label/vidgen_filter_gemini_part_0_dpo_15/FOv7jL-Usiw-Scene-0002/entity_100.png
T2V_data/VIDGEN-1M_unzip/FOv7jL-Usiw-Scene-0002.mp4,"The video is a dashcam recording of a car driving down a dark street at night. The car is following a red car that is driving in front of it. The red car suddenly stops, and the car behind it crashes into the back of the red car. The impact is visible, and the red car's brake lights are on. The video is taken from the perspective of the car behind the red car, and the dashcam is recording the entire incident.",T2V_data/label/vidgen_filter_gemini_part_0_dpo_15/FOv7jL-Usiw-Scene-0002/entity_100.mp4,T2V_data/label/vidgen_filter_gemini_part_0_dpo_15/FOv7jL-Usiw-Scene-0002/entity_100.png
T2V_data/VIDGEN-1M_unzip/FOv7jL-Usiw-Scene-0002.mp4,"The video is a dashcam recording of a car driving down a dark street at night. The car is following a red car that is driving in front of it. The red car suddenly stops, and the car behind it crashes into the back of the red car. The impact is visible, and the red car's brake lights are on. The video is taken from the perspective of the car behind the red car, and the dashcam is recording the entire incident.",T2V_data/label/vidgen_filter_gemini_part_0_dpo_15/FOv7jL-Usiw-Scene-0002/depth.mp4,T2V_data/label/vidgen_filter_gemini_part_0_dpo_15/FOv7jL-Usiw-Scene-0002/entity_20.png
T2V_data/VIDGEN-1M_unzip/FOv7jL-Usiw-Scene-0002.mp4,"The video is a dashcam recording of a car driving down a dark street at night. The car is following a red car that is driving in front of it. The red car suddenly stops, and the car behind it crashes into the back of the red car. The impact is visible, and the red car's brake lights are on. The video is taken from the perspective of the car behind the red car, and the dashcam is recording the entire incident.",T2V_data/label/vidgen_filter_gemini_part_0_dpo_15/FOv7jL-Usiw-Scene-0002/entity_20.mp4,T2V_data/label/vidgen_filter_gemini_part_0_dpo_15/FOv7jL-Usiw-Scene-0002/entity_20.png
T2V_data/VIDGEN-1M_unzip/FRP0YZwzo0g-Scene-0027.mp4,"The video shows a boxing match between two men in a ring. One of the men is wearing purple shorts and the other is wearing red shorts. The man in purple shorts is throwing punches at the man in red shorts, who is defending himself. The referee is present in the ring, watching the fight closely. The crowd is visible in the background, cheering and watching the match. The video captures the intensity and physicality of the sport of boxing.",T2V_data/label/vidgen_filter_gemini_part_0_dpo_15/FRP0YZwzo0g-Scene-0027/depth.mp4,T2V_data/label/vidgen_filter_gemini_part_0_dpo_15/FRP0YZwzo0g-Scene-0027/entity_20.png
T2V_data/VIDGEN-1M_unzip/FRP0YZwzo0g-Scene-0027.mp4,"The video shows a boxing match between two men in a ring. One of the men is wearing purple shorts and the other is wearing red shorts. The man in purple shorts is throwing punches at the man in red shorts, who is defending himself. The referee is present in the ring, watching the fight closely. The crowd is visible in the background, cheering and watching the match. The video captures the intensity and physicality of the sport of boxing.",T2V_data/label/vidgen_filter_gemini_part_0_dpo_15/FRP0YZwzo0g-Scene-0027/entity_20.mp4,T2V_data/label/vidgen_filter_gemini_part_0_dpo_15/FRP0YZwzo0g-Scene-0027/entity_20.png
T2V_data/VIDGEN-1M_unzip/FkZRASE9-98-Scene-0078.mp4,"The video shows a large brown animal with horns walking around in a fenced area. The animal is surrounded by green grass and trees. The fence is made of metal and wire, and the animal is moving around the enclosure.",T2V_data/label/vidgen_filter_gemini_part_0_dpo_15/FkZRASE9-98-Scene-0078/depth.mp4,T2V_data/label/vidgen_filter_gemini_part_0_dpo_15/FkZRASE9-98-Scene-0078/entity_20.png
T2V_data/VIDGEN-1M_unzip/FkZRASE9-98-Scene-0078.mp4,"The video shows a large brown animal with horns walking around in a fenced area. The animal is surrounded by green grass and trees. The fence is made of metal and wire, and the animal is moving around the enclosure.",T2V_data/label/vidgen_filter_gemini_part_0_dpo_15/FkZRASE9-98-Scene-0078/entity_20.mp4,T2V_data/label/vidgen_filter_gemini_part_0_dpo_15/FkZRASE9-98-Scene-0078/entity_20.png
T2V_data/VIDGEN-1M_unzip/FrCui6R2Q5A-Scene-0018.mp4,"The video shows a person's hand holding a red sponge and squeezing it over a bowl of soapy water. The sponge is covered in soap suds, and the person is scrubbing it against the bowl to clean it. The background is a kitchen counter, and there is a green bottle of dish soap visible. The person's hand is wet, and the sponge is being squeezed repeatedly to remove the soap.",T2V_data/label/vidgen_filter_gemini_part_0_dpo_15/FrCui6R2Q5A-Scene-0018/depth.mp4,T2V_data/label/vidgen_filter_gemini_part_0_dpo_15/FrCui6R2Q5A-Scene-0018/entity_20.png
T2V_data/VIDGEN-1M_unzip/FrCui6R2Q5A-Scene-0018.mp4,"The video shows a person's hand holding a red sponge and squeezing it over a bowl of soapy water. The sponge is covered in soap suds, and the person is scrubbing it against the bowl to clean it. The background is a kitchen counter, and there is a green bottle of dish soap visible. The person's hand is wet, and the sponge is being squeezed repeatedly to remove the soap.",T2V_data/label/vidgen_filter_gemini_part_0_dpo_15/FrCui6R2Q5A-Scene-0018/entity_20.mp4,T2V_data/label/vidgen_filter_gemini_part_0_dpo_15/FrCui6R2Q5A-Scene-0018/entity_20.png
T2V_data/VIDGEN-1M_unzip/FrCui6R2Q5A-Scene-0018.mp4,"The video shows a person's hand holding a red sponge and squeezing it over a bowl of soapy water. The sponge is covered in soap suds, and the person is scrubbing it against the bowl to clean it. The background is a kitchen counter, and there is a green bottle of dish soap visible. The person's hand is wet, and the sponge is being squeezed repeatedly to remove the soap.",T2V_data/label/vidgen_filter_gemini_part_0_dpo_15/FrCui6R2Q5A-Scene-0018/depth.mp4,T2V_data/label/vidgen_filter_gemini_part_0_dpo_15/FrCui6R2Q5A-Scene-0018/entity_60.png
T2V_data/VIDGEN-1M_unzip/FrCui6R2Q5A-Scene-0018.mp4,"The video shows a person's hand holding a red sponge and squeezing it over a bowl of soapy water. The sponge is covered in soap suds, and the person is scrubbing it against the bowl to clean it. The background is a kitchen counter, and there is a green bottle of dish soap visible. The person's hand is wet, and the sponge is being squeezed repeatedly to remove the soap.",T2V_data/label/vidgen_filter_gemini_part_0_dpo_15/FrCui6R2Q5A-Scene-0018/entity_60.mp4,T2V_data/label/vidgen_filter_gemini_part_0_dpo_15/FrCui6R2Q5A-Scene-0018/entity_60.png
T2V_data/VIDGEN-1M_unzip/FsGqPAkhxWE-Scene-0016.mp4,"The video shows a metal lathe machine in operation. The machine is spinning a cylindrical metal piece at high speed, while a cutting tool is being applied to the metal to shape it. The metal shavings are being ejected from the cutting area, indicating the removal of material from the metal piece. The machine appears to be in a workshop or factory setting, and the focus is on the metal piece and the cutting tool.",T2V_data/label/vidgen_filter_gemini_part_0_dpo_15/FsGqPAkhxWE-Scene-0016/depth.mp4,T2V_data/label/vidgen_filter_gemini_part_0_dpo_15/FsGqPAkhxWE-Scene-0016/entity_40.png
T2V_data/VIDGEN-1M_unzip/FsGqPAkhxWE-Scene-0016.mp4,"The video shows a metal lathe machine in operation. The machine is spinning a cylindrical metal piece at high speed, while a cutting tool is being applied to the metal to shape it. The metal shavings are being ejected from the cutting area, indicating the removal of material from the metal piece. The machine appears to be in a workshop or factory setting, and the focus is on the metal piece and the cutting tool.",T2V_data/label/vidgen_filter_gemini_part_0_dpo_15/FsGqPAkhxWE-Scene-0016/entity_40.mp4,T2V_data/label/vidgen_filter_gemini_part_0_dpo_15/FsGqPAkhxWE-Scene-0016/entity_40.png
T2V_data/VIDGEN-1M_unzip/FthJj1bBZm8-Scene-0003.mp4,"The video shows a person skateboarding in an indoor skate park. The skateboarder is wearing an orange shirt and black pants, and is seen performing various tricks on the ramps and rails. The skate park has a yellow wall in the background, and the floor is made of concrete. The skateboarder is seen riding up and down ramps, doing flips and spins, and grinding on rails. The video captures the skateboarder's movements from different angles, showcasing their skills and agility.",T2V_data/label/vidgen_filter_gemini_part_0_dpo_15/FthJj1bBZm8-Scene-0003/depth.mp4,T2V_data/label/vidgen_filter_gemini_part_0_dpo_15/FthJj1bBZm8-Scene-0003/entity_60.png
T2V_data/VIDGEN-1M_unzip/FthJj1bBZm8-Scene-0003.mp4,"The video shows a person skateboarding in an indoor skate park. The skateboarder is wearing an orange shirt and black pants, and is seen performing various tricks on the ramps and rails. The skate park has a yellow wall in the background, and the floor is made of concrete. The skateboarder is seen riding up and down ramps, doing flips and spins, and grinding on rails. The video captures the skateboarder's movements from different angles, showcasing their skills and agility.",T2V_data/label/vidgen_filter_gemini_part_0_dpo_15/FthJj1bBZm8-Scene-0003/entity_60.mp4,T2V_data/label/vidgen_filter_gemini_part_0_dpo_15/FthJj1bBZm8-Scene-0003/entity_60.png
T2V_data/VIDGEN-1M_unzip/G-p_pz-JTus-Scene-0089.mp4,"In the video, a man is seen kneeling down next to a car tire. He is holding a tool in his hand and is using it to remove the rubber from the tire. The man is wearing a black shirt and blue jeans. The car is parked on a gravel road, and there are no other people or objects visible in the video. The man seems to be focused on his task, and the tire appears to be in good condition. The video does not contain any dialogue or sound other than the sound of the man working on the tire.",T2V_data/label/vidgen_filter_gemini_part_0_dpo_15/G-p_pz-JTus-Scene-0089/depth.mp4,T2V_data/label/vidgen_filter_gemini_part_0_dpo_15/G-p_pz-JTus-Scene-0089/entity_40.png
T2V_data/VIDGEN-1M_unzip/G-p_pz-JTus-Scene-0089.mp4,"In the video, a man is seen kneeling down next to a car tire. He is holding a tool in his hand and is using it to remove the rubber from the tire. The man is wearing a black shirt and blue jeans. The car is parked on a gravel road, and there are no other people or objects visible in the video. The man seems to be focused on his task, and the tire appears to be in good condition. The video does not contain any dialogue or sound other than the sound of the man working on the tire.",T2V_data/label/vidgen_filter_gemini_part_0_dpo_15/G-p_pz-JTus-Scene-0089/entity_40.mp4,T2V_data/label/vidgen_filter_gemini_part_0_dpo_15/G-p_pz-JTus-Scene-0089/entity_40.png
T2V_data/VIDGEN-1M_unzip/G-p_pz-JTus-Scene-0089.mp4,"In the video, a man is seen kneeling down next to a car tire. He is holding a tool in his hand and is using it to remove the rubber from the tire. The man is wearing a black shirt and blue jeans. The car is parked on a gravel road, and there are no other people or objects visible in the video. The man seems to be focused on his task, and the tire appears to be in good condition. The video does not contain any dialogue or sound other than the sound of the man working on the tire.",T2V_data/label/vidgen_filter_gemini_part_0_dpo_15/G-p_pz-JTus-Scene-0089/depth.mp4,T2V_data/label/vidgen_filter_gemini_part_0_dpo_15/G-p_pz-JTus-Scene-0089/entity_60.png
T2V_data/VIDGEN-1M_unzip/G-p_pz-JTus-Scene-0089.mp4,"In the video, a man is seen kneeling down next to a car tire. He is holding a tool in his hand and is using it to remove the rubber from the tire. The man is wearing a black shirt and blue jeans. The car is parked on a gravel road, and there are no other people or objects visible in the video. The man seems to be focused on his task, and the tire appears to be in good condition. The video does not contain any dialogue or sound other than the sound of the man working on the tire.",T2V_data/label/vidgen_filter_gemini_part_0_dpo_15/G-p_pz-JTus-Scene-0089/entity_60.mp4,T2V_data/label/vidgen_filter_gemini_part_0_dpo_15/G-p_pz-JTus-Scene-0089/entity_60.png
T2V_data/VIDGEN-1M_unzip/GBsIljmgm7o-Scene-0011.mp4,"This video shows a close-up of a blender in action. The blender is filled with a mixture that appears to be a smoothie or shake. The mixture is a dark color, possibly indicating the presence of fruits or vegetables. The blender is in motion, and the contents are being blended together to create a smooth consistency. The blender is placed on a white surface, and there are no visible labels or text in the video. The focus is solely on the blending process and the contents of the blender.",T2V_data/label/vidgen_filter_gemini_part_0_dpo_15/GBsIljmgm7o-Scene-0011/depth.mp4,T2V_data/label/vidgen_filter_gemini_part_0_dpo_15/GBsIljmgm7o-Scene-0011/entity_40.png
T2V_data/VIDGEN-1M_unzip/GBsIljmgm7o-Scene-0011.mp4,"This video shows a close-up of a blender in action. The blender is filled with a mixture that appears to be a smoothie or shake. The mixture is a dark color, possibly indicating the presence of fruits or vegetables. The blender is in motion, and the contents are being blended together to create a smooth consistency. The blender is placed on a white surface, and there are no visible labels or text in the video. The focus is solely on the blending process and the contents of the blender.",T2V_data/label/vidgen_filter_gemini_part_0_dpo_15/GBsIljmgm7o-Scene-0011/entity_40.mp4,T2V_data/label/vidgen_filter_gemini_part_0_dpo_15/GBsIljmgm7o-Scene-0011/entity_40.png
T2V_data/VIDGEN-1M_unzip/GE9OWpFMmaM-Scene-0011.mp4,"The video shows a person windsurfing on a body of water. The windsurfer is wearing a black wetsuit and is holding onto a red and white sail. The sail is attached to a board that the windsurfer is standing on. The windsurfer is moving across the water, leaning back and forth to control the direction of the board. The water is calm, and there are no other people or objects visible in the video.",T2V_data/label/vidgen_filter_gemini_part_0_dpo_15/GE9OWpFMmaM-Scene-0011/depth.mp4,T2V_data/label/vidgen_filter_gemini_part_0_dpo_15/GE9OWpFMmaM-Scene-0011/entity_20.png
T2V_data/VIDGEN-1M_unzip/GE9OWpFMmaM-Scene-0011.mp4,"The video shows a person windsurfing on a body of water. The windsurfer is wearing a black wetsuit and is holding onto a red and white sail. The sail is attached to a board that the windsurfer is standing on. The windsurfer is moving across the water, leaning back and forth to control the direction of the board. The water is calm, and there are no other people or objects visible in the video.",T2V_data/label/vidgen_filter_gemini_part_0_dpo_15/GE9OWpFMmaM-Scene-0011/entity_20.mp4,T2V_data/label/vidgen_filter_gemini_part_0_dpo_15/GE9OWpFMmaM-Scene-0011/entity_20.png
T2V_data/VIDGEN-1M_unzip/GPFHv5SKbZ4-Scene-0013.mp4,"In the video, a person is seen placing eggs into a pot of boiling water. The person's hand is visible as they carefully place each egg into the pot. The water is bubbling around the eggs, indicating that it is at a high temperature. The person then proceeds to move the eggs around in the pot, ensuring that they are evenly cooked. The eggs appear to be white and are of a standard size. The pot is placed on a stove, and there is a visible flame underneath it. The person's movements are deliberate and careful, suggesting that they are experienced in cooking eggs. The video provides a clear view of the cooking process, from placing the eggs into the pot to stirring them around.",T2V_data/label/vidgen_filter_gemini_part_0_dpo_15/GPFHv5SKbZ4-Scene-0013/depth.mp4,T2V_data/label/vidgen_filter_gemini_part_0_dpo_15/GPFHv5SKbZ4-Scene-0013/entity_60.png
T2V_data/VIDGEN-1M_unzip/GPFHv5SKbZ4-Scene-0013.mp4,"In the video, a person is seen placing eggs into a pot of boiling water. The person's hand is visible as they carefully place each egg into the pot. The water is bubbling around the eggs, indicating that it is at a high temperature. The person then proceeds to move the eggs around in the pot, ensuring that they are evenly cooked. The eggs appear to be white and are of a standard size. The pot is placed on a stove, and there is a visible flame underneath it. The person's movements are deliberate and careful, suggesting that they are experienced in cooking eggs. The video provides a clear view of the cooking process, from placing the eggs into the pot to stirring them around.",T2V_data/label/vidgen_filter_gemini_part_0_dpo_15/GPFHv5SKbZ4-Scene-0013/entity_60.mp4,T2V_data/label/vidgen_filter_gemini_part_0_dpo_15/GPFHv5SKbZ4-Scene-0013/entity_60.png
T2V_data/VIDGEN-1M_unzip/GSc4beCtASo-Scene-0147.mp4,"In the video, a person is seen rolling a piece of dough on a wooden surface. The dough is wrapped in plastic wrap, and the person is using their hands to roll it up. The dough appears to be soft and pliable, and the person is rolling it carefully to ensure it is evenly wrapped. The wooden surface provides a stable base for the rolling process, and the plastic wrap helps to keep the dough from sticking to the surface. The person's hands are visible in the video, and they seem to be experienced in the task, as they handle the dough with ease. The video does not provide any additional context or information about the purpose of the dough or the final product.",T2V_data/label/vidgen_filter_gemini_part_0_dpo_15/GSc4beCtASo-Scene-0147/depth.mp4,T2V_data/label/vidgen_filter_gemini_part_0_dpo_15/GSc4beCtASo-Scene-0147/entity_40.png
T2V_data/VIDGEN-1M_unzip/GSc4beCtASo-Scene-0147.mp4,"In the video, a person is seen rolling a piece of dough on a wooden surface. The dough is wrapped in plastic wrap, and the person is using their hands to roll it up. The dough appears to be soft and pliable, and the person is rolling it carefully to ensure it is evenly wrapped. The wooden surface provides a stable base for the rolling process, and the plastic wrap helps to keep the dough from sticking to the surface. The person's hands are visible in the video, and they seem to be experienced in the task, as they handle the dough with ease. The video does not provide any additional context or information about the purpose of the dough or the final product.",T2V_data/label/vidgen_filter_gemini_part_0_dpo_15/GSc4beCtASo-Scene-0147/entity_40.mp4,T2V_data/label/vidgen_filter_gemini_part_0_dpo_15/GSc4beCtASo-Scene-0147/entity_40.png
T2V_data/VIDGEN-1M_unzip/GUlmiBuQlJE-Scene-0070.mp4,"In the video, a young man is standing outside in front of a table. He is wearing a green shirt and has a fish on the table in front of him. The man is using a knife to cut the fish. The background is filled with greenery and plants.",T2V_data/label/vidgen_filter_gemini_part_0_dpo_15/GUlmiBuQlJE-Scene-0070/depth.mp4,T2V_data/label/vidgen_filter_gemini_part_0_dpo_15/GUlmiBuQlJE-Scene-0070/entity_40.png
T2V_data/VIDGEN-1M_unzip/GUlmiBuQlJE-Scene-0070.mp4,"In the video, a young man is standing outside in front of a table. He is wearing a green shirt and has a fish on the table in front of him. The man is using a knife to cut the fish. The background is filled with greenery and plants.",T2V_data/label/vidgen_filter_gemini_part_0_dpo_15/GUlmiBuQlJE-Scene-0070/entity_40.mp4,T2V_data/label/vidgen_filter_gemini_part_0_dpo_15/GUlmiBuQlJE-Scene-0070/entity_40.png
T2V_data/VIDGEN-1M_unzip/GWj1Q0_7TRo-Scene-0104.mp4,"In the video, a man is seen holding a large wooden bowl filled with coffee beans. He is standing in front of a large stone bowl and is using a wooden spatula to scoop the beans out of the wooden bowl and pour them into the stone bowl. The man is wearing a pink and white checkered shirt and appears to be in a tropical environment. The stone bowl is quite large and is placed on the ground. The man is pouring the beans with care, ensuring that they do not spill out of the stone bowl. The sound of the beans hitting the stone bowl can be heard, and there is a sense of tranquility in the scene.",T2V_data/label/vidgen_filter_gemini_part_0_dpo_15/GWj1Q0_7TRo-Scene-0104/depth.mp4,T2V_data/label/vidgen_filter_gemini_part_0_dpo_15/GWj1Q0_7TRo-Scene-0104/entity_60.png
T2V_data/VIDGEN-1M_unzip/GWj1Q0_7TRo-Scene-0104.mp4,"In the video, a man is seen holding a large wooden bowl filled with coffee beans. He is standing in front of a large stone bowl and is using a wooden spatula to scoop the beans out of the wooden bowl and pour them into the stone bowl. The man is wearing a pink and white checkered shirt and appears to be in a tropical environment. The stone bowl is quite large and is placed on the ground. The man is pouring the beans with care, ensuring that they do not spill out of the stone bowl. The sound of the beans hitting the stone bowl can be heard, and there is a sense of tranquility in the scene.",T2V_data/label/vidgen_filter_gemini_part_0_dpo_15/GWj1Q0_7TRo-Scene-0104/entity_60.mp4,T2V_data/label/vidgen_filter_gemini_part_0_dpo_15/GWj1Q0_7TRo-Scene-0104/entity_60.png
T2V_data/VIDGEN-1M_unzip/Gk3vrKc4Y1w-Scene-0035.mp4,"The video shows a person using a tool to remove the top of a battery. The person then uses a metal tool to scrape off the top of the battery. The battery is yellow and cylindrical in shape. The person's hands are visible in the video, and they are wearing a white glove on one hand. The background is blurred, but it appears to be a workshop or garage setting.",T2V_data/label/vidgen_filter_gemini_part_0_dpo_15/Gk3vrKc4Y1w-Scene-0035/depth.mp4,T2V_data/label/vidgen_filter_gemini_part_0_dpo_15/Gk3vrKc4Y1w-Scene-0035/entity_20.png
T2V_data/VIDGEN-1M_unzip/Gk3vrKc4Y1w-Scene-0035.mp4,"The video shows a person using a tool to remove the top of a battery. The person then uses a metal tool to scrape off the top of the battery. The battery is yellow and cylindrical in shape. The person's hands are visible in the video, and they are wearing a white glove on one hand. The background is blurred, but it appears to be a workshop or garage setting.",T2V_data/label/vidgen_filter_gemini_part_0_dpo_15/Gk3vrKc4Y1w-Scene-0035/entity_20.mp4,T2V_data/label/vidgen_filter_gemini_part_0_dpo_15/Gk3vrKc4Y1w-Scene-0035/entity_20.png
T2V_data/VIDGEN-1M_unzip/GunyGcIBD_M-Scene-0197.mp4,"The video shows a wooden cabinet with a glass door. Inside the cabinet, there are several wires and electronic components. The cabinet is opened and closed by a person's hand. The person's hand is visible in the video, and they are using a key to unlock the cabinet. The cabinet appears to be mounted on a wall. The video does not contain any audio.",T2V_data/label/vidgen_filter_gemini_part_0_dpo_15/GunyGcIBD_M-Scene-0197/depth.mp4,T2V_data/label/vidgen_filter_gemini_part_0_dpo_15/GunyGcIBD_M-Scene-0197/entity_20.png
T2V_data/VIDGEN-1M_unzip/GunyGcIBD_M-Scene-0197.mp4,"The video shows a wooden cabinet with a glass door. Inside the cabinet, there are several wires and electronic components. The cabinet is opened and closed by a person's hand. The person's hand is visible in the video, and they are using a key to unlock the cabinet. The cabinet appears to be mounted on a wall. The video does not contain any audio.",T2V_data/label/vidgen_filter_gemini_part_0_dpo_15/GunyGcIBD_M-Scene-0197/entity_20.mp4,T2V_data/label/vidgen_filter_gemini_part_0_dpo_15/GunyGcIBD_M-Scene-0197/entity_20.png
T2V_data/VIDGEN-1M_unzip/GunyGcIBD_M-Scene-0197.mp4,"The video shows a wooden cabinet with a glass door. Inside the cabinet, there are several wires and electronic components. The cabinet is opened and closed by a person's hand. The person's hand is visible in the video, and they are using a key to unlock the cabinet. The cabinet appears to be mounted on a wall. The video does not contain any audio.",T2V_data/label/vidgen_filter_gemini_part_0_dpo_15/GunyGcIBD_M-Scene-0197/depth.mp4,T2V_data/label/vidgen_filter_gemini_part_0_dpo_15/GunyGcIBD_M-Scene-0197/entity_40.png
T2V_data/VIDGEN-1M_unzip/GunyGcIBD_M-Scene-0197.mp4,"The video shows a wooden cabinet with a glass door. Inside the cabinet, there are several wires and electronic components. The cabinet is opened and closed by a person's hand. The person's hand is visible in the video, and they are using a key to unlock the cabinet. The cabinet appears to be mounted on a wall. The video does not contain any audio.",T2V_data/label/vidgen_filter_gemini_part_0_dpo_15/GunyGcIBD_M-Scene-0197/entity_40.mp4,T2V_data/label/vidgen_filter_gemini_part_0_dpo_15/GunyGcIBD_M-Scene-0197/entity_40.png
T2V_data/VIDGEN-1M_unzip/H5_a0G6g_Vc-Scene-0034.mp4,The video features a man wearing a yellow shirt and red boxing gloves. He is seen throwing punches at a black punching bag that is hanging from a red metal frame. The man is also wearing gray pants and blue sneakers. The gym has other punching bags and exercise equipment in the background. The man's movements are swift and precise as he throws a combination of jabs and hooks at the bag.,T2V_data/label/vidgen_filter_gemini_part_0_dpo_15/H5_a0G6g_Vc-Scene-0034/depth.mp4,T2V_data/label/vidgen_filter_gemini_part_0_dpo_15/H5_a0G6g_Vc-Scene-0034/entity_20.png
T2V_data/VIDGEN-1M_unzip/H5_a0G6g_Vc-Scene-0034.mp4,The video features a man wearing a yellow shirt and red boxing gloves. He is seen throwing punches at a black punching bag that is hanging from a red metal frame. The man is also wearing gray pants and blue sneakers. The gym has other punching bags and exercise equipment in the background. The man's movements are swift and precise as he throws a combination of jabs and hooks at the bag.,T2V_data/label/vidgen_filter_gemini_part_0_dpo_15/H5_a0G6g_Vc-Scene-0034/entity_20.mp4,T2V_data/label/vidgen_filter_gemini_part_0_dpo_15/H5_a0G6g_Vc-Scene-0034/entity_20.png
T2V_data/VIDGEN-1M_unzip/H5dS_KTk_uE-Scene-0091.mp4,"The video shows a person's hand moving a lever on a car seat. The lever is located on the side of the seat and is used to adjust the angle of the backrest. The person's hand is visible as they push the lever forward, causing the backrest to recline. The car seat is upholstered in a blue fabric, and the lever is black. The video is shot from a close-up angle, focusing on the lever and the person's hand.",T2V_data/label/vidgen_filter_gemini_part_0_dpo_15/H5dS_KTk_uE-Scene-0091/depth.mp4,T2V_data/label/vidgen_filter_gemini_part_0_dpo_15/H5dS_KTk_uE-Scene-0091/entity_40.png
T2V_data/VIDGEN-1M_unzip/H5dS_KTk_uE-Scene-0091.mp4,"The video shows a person's hand moving a lever on a car seat. The lever is located on the side of the seat and is used to adjust the angle of the backrest. The person's hand is visible as they push the lever forward, causing the backrest to recline. The car seat is upholstered in a blue fabric, and the lever is black. The video is shot from a close-up angle, focusing on the lever and the person's hand.",T2V_data/label/vidgen_filter_gemini_part_0_dpo_15/H5dS_KTk_uE-Scene-0091/entity_40.mp4,T2V_data/label/vidgen_filter_gemini_part_0_dpo_15/H5dS_KTk_uE-Scene-0091/entity_40.png
T2V_data/VIDGEN-1M_unzip/H68POF9zzW4-Scene-0029.mp4,"The video shows a baseball game in progress. The pitcher is seen throwing the ball towards the batter who is ready to hit it. The catcher is positioned behind the batter, ready to catch the ball if the batter misses. The batter swings the bat and hits the ball, sending it flying towards the outfield. The outfielders are seen running towards the ball, trying to catch it. The video captures the excitement and tension of the game as the players move quickly and strategically.",T2V_data/label/vidgen_filter_gemini_part_0_dpo_15/H68POF9zzW4-Scene-0029/depth.mp4,T2V_data/label/vidgen_filter_gemini_part_0_dpo_15/H68POF9zzW4-Scene-0029/entity_20.png
T2V_data/VIDGEN-1M_unzip/H68POF9zzW4-Scene-0029.mp4,"The video shows a baseball game in progress. The pitcher is seen throwing the ball towards the batter who is ready to hit it. The catcher is positioned behind the batter, ready to catch the ball if the batter misses. The batter swings the bat and hits the ball, sending it flying towards the outfield. The outfielders are seen running towards the ball, trying to catch it. The video captures the excitement and tension of the game as the players move quickly and strategically.",T2V_data/label/vidgen_filter_gemini_part_0_dpo_15/H68POF9zzW4-Scene-0029/entity_20.mp4,T2V_data/label/vidgen_filter_gemini_part_0_dpo_15/H68POF9zzW4-Scene-0029/entity_20.png
T2V_data/VIDGEN-1M_unzip/HErcr0v-uSs-Scene-0014.mp4,"The video shows a baseball player wearing a white uniform with the word ""Rays"" written on it. He is holding a baseball bat and appears to be preparing to hit the ball. The player is standing in the batter's box, and the background shows a crowd of spectators watching the game. The player's posture suggests that he is focused and ready to swing at the incoming pitch.",T2V_data/label/vidgen_filter_gemini_part_0_dpo_15/HErcr0v-uSs-Scene-0014/depth.mp4,T2V_data/label/vidgen_filter_gemini_part_0_dpo_15/HErcr0v-uSs-Scene-0014/entity_20.png
T2V_data/VIDGEN-1M_unzip/HErcr0v-uSs-Scene-0014.mp4,"The video shows a baseball player wearing a white uniform with the word ""Rays"" written on it. He is holding a baseball bat and appears to be preparing to hit the ball. The player is standing in the batter's box, and the background shows a crowd of spectators watching the game. The player's posture suggests that he is focused and ready to swing at the incoming pitch.",T2V_data/label/vidgen_filter_gemini_part_0_dpo_15/HErcr0v-uSs-Scene-0014/entity_20.mp4,T2V_data/label/vidgen_filter_gemini_part_0_dpo_15/HErcr0v-uSs-Scene-0014/entity_20.png
T2V_data/VIDGEN-1M_unzip/HRqdb2FQIBA-Scene-0106.mp4,"The video shows a group of children playing in an indoor play area. They are jumping and bouncing on various inflatable objects, including a large yellow and black bouncy ball. The children are having fun and laughing as they play. The play area is brightly lit and colorful, with other inflatable structures visible in the background. The children are wearing casual clothing and appear to be enjoying themselves.",T2V_data/label/vidgen_filter_gemini_part_0_dpo_15/HRqdb2FQIBA-Scene-0106/depth.mp4,T2V_data/label/vidgen_filter_gemini_part_0_dpo_15/HRqdb2FQIBA-Scene-0106/entity_20.png
T2V_data/VIDGEN-1M_unzip/HRqdb2FQIBA-Scene-0106.mp4,"The video shows a group of children playing in an indoor play area. They are jumping and bouncing on various inflatable objects, including a large yellow and black bouncy ball. The children are having fun and laughing as they play. The play area is brightly lit and colorful, with other inflatable structures visible in the background. The children are wearing casual clothing and appear to be enjoying themselves.",T2V_data/label/vidgen_filter_gemini_part_0_dpo_15/HRqdb2FQIBA-Scene-0106/entity_20.mp4,T2V_data/label/vidgen_filter_gemini_part_0_dpo_15/HRqdb2FQIBA-Scene-0106/entity_20.png
T2V_data/VIDGEN-1M_unzip/HSC9jJXm1Mc-Scene-0132.mp4,"The video shows a person cracking an egg and separating the yolk from the white. They then add the yolk to a bowl of yellow liquid, which is likely a mixture of eggs and other ingredients. Using an electric mixer, the person blends the ingredients together until they are well combined. The video focuses on the process of mixing the ingredients, highlighting the transformation of the mixture from separate components to a homogenous blend.",T2V_data/label/vidgen_filter_gemini_part_0_dpo_15/HSC9jJXm1Mc-Scene-0132/depth.mp4,T2V_data/label/vidgen_filter_gemini_part_0_dpo_15/HSC9jJXm1Mc-Scene-0132/entity_40.png
T2V_data/VIDGEN-1M_unzip/HSC9jJXm1Mc-Scene-0132.mp4,"The video shows a person cracking an egg and separating the yolk from the white. They then add the yolk to a bowl of yellow liquid, which is likely a mixture of eggs and other ingredients. Using an electric mixer, the person blends the ingredients together until they are well combined. The video focuses on the process of mixing the ingredients, highlighting the transformation of the mixture from separate components to a homogenous blend.",T2V_data/label/vidgen_filter_gemini_part_0_dpo_15/HSC9jJXm1Mc-Scene-0132/entity_40.mp4,T2V_data/label/vidgen_filter_gemini_part_0_dpo_15/HSC9jJXm1Mc-Scene-0132/entity_40.png
T2V_data/VIDGEN-1M_unzip/HSWhSYMHTiU-Scene-0004.mp4,"The video shows a small black dog with a pink collar playing with a bone on a green grassy field. The dog is seen biting and chewing on the bone, and at one point, the bone is thrown in the air. The dog appears to be enjoying itself and is focused on the bone throughout the video.",T2V_data/label/vidgen_filter_gemini_part_0_dpo_15/HSWhSYMHTiU-Scene-0004/depth.mp4,T2V_data/label/vidgen_filter_gemini_part_0_dpo_15/HSWhSYMHTiU-Scene-0004/entity_20.png
T2V_data/VIDGEN-1M_unzip/HSWhSYMHTiU-Scene-0004.mp4,"The video shows a small black dog with a pink collar playing with a bone on a green grassy field. The dog is seen biting and chewing on the bone, and at one point, the bone is thrown in the air. The dog appears to be enjoying itself and is focused on the bone throughout the video.",T2V_data/label/vidgen_filter_gemini_part_0_dpo_15/HSWhSYMHTiU-Scene-0004/entity_20.mp4,T2V_data/label/vidgen_filter_gemini_part_0_dpo_15/HSWhSYMHTiU-Scene-0004/entity_20.png
T2V_data/VIDGEN-1M_unzip/HSWhSYMHTiU-Scene-0004.mp4,"The video shows a small black dog with a pink collar playing with a bone on a green grassy field. The dog is seen biting and chewing on the bone, and at one point, the bone is thrown in the air. The dog appears to be enjoying itself and is focused on the bone throughout the video.",T2V_data/label/vidgen_filter_gemini_part_0_dpo_15/HSWhSYMHTiU-Scene-0004/depth.mp4,T2V_data/label/vidgen_filter_gemini_part_0_dpo_15/HSWhSYMHTiU-Scene-0004/entity_40.png
T2V_data/VIDGEN-1M_unzip/HSWhSYMHTiU-Scene-0004.mp4,"The video shows a small black dog with a pink collar playing with a bone on a green grassy field. The dog is seen biting and chewing on the bone, and at one point, the bone is thrown in the air. The dog appears to be enjoying itself and is focused on the bone throughout the video.",T2V_data/label/vidgen_filter_gemini_part_0_dpo_15/HSWhSYMHTiU-Scene-0004/entity_40.mp4,T2V_data/label/vidgen_filter_gemini_part_0_dpo_15/HSWhSYMHTiU-Scene-0004/entity_40.png
T2V_data/VIDGEN-1M_unzip/HT-JX94wd7E-Scene-0075.mp4,"The video shows a young boy climbing up a slide. He reaches the top and sits down, sliding down the slide. The boy appears to be having fun and enjoying himself. The slide is red and has a smooth surface. The boy is wearing a striped shirt and jeans. The video captures the boy's movements as he climbs, sits, and slides down the slide.",T2V_data/label/vidgen_filter_gemini_part_0_dpo_15/HT-JX94wd7E-Scene-0075/depth.mp4,T2V_data/label/vidgen_filter_gemini_part_0_dpo_15/HT-JX94wd7E-Scene-0075/entity_20.png
T2V_data/VIDGEN-1M_unzip/HT-JX94wd7E-Scene-0075.mp4,"The video shows a young boy climbing up a slide. He reaches the top and sits down, sliding down the slide. The boy appears to be having fun and enjoying himself. The slide is red and has a smooth surface. The boy is wearing a striped shirt and jeans. The video captures the boy's movements as he climbs, sits, and slides down the slide.",T2V_data/label/vidgen_filter_gemini_part_0_dpo_15/HT-JX94wd7E-Scene-0075/entity_20.mp4,T2V_data/label/vidgen_filter_gemini_part_0_dpo_15/HT-JX94wd7E-Scene-0075/entity_20.png
T2V_data/VIDGEN-1M_unzip/HwZbVlNqNcs-Scene-0023.mp4,"In the video, a young girl is seen sitting at a table with a toy truck in front of her. She is holding a pole attached to the truck and is pushing it back and forth across the table. The truck is white with pink accents and has a picture of a girl on the side. The girl is wearing a blue shirt and has blonde hair. The background shows a red chair and some drawings on the wall.",T2V_data/label/vidgen_filter_gemini_part_0_dpo_15/HwZbVlNqNcs-Scene-0023/depth.mp4,T2V_data/label/vidgen_filter_gemini_part_0_dpo_15/HwZbVlNqNcs-Scene-0023/entity_40.png
T2V_data/VIDGEN-1M_unzip/HwZbVlNqNcs-Scene-0023.mp4,"In the video, a young girl is seen sitting at a table with a toy truck in front of her. She is holding a pole attached to the truck and is pushing it back and forth across the table. The truck is white with pink accents and has a picture of a girl on the side. The girl is wearing a blue shirt and has blonde hair. The background shows a red chair and some drawings on the wall.",T2V_data/label/vidgen_filter_gemini_part_0_dpo_15/HwZbVlNqNcs-Scene-0023/entity_40.mp4,T2V_data/label/vidgen_filter_gemini_part_0_dpo_15/HwZbVlNqNcs-Scene-0023/entity_40.png
T2V_data/VIDGEN-1M_unzip/IHwqzKKFSZM-Scene-0493.mp4,"The video shows a black car drifting around a track at night. The car is covered in stickers and has a large spoiler on the back. It is moving at a high speed, and as it drifts around the track, it leaves a trail of smoke behind it. The track is well-lit, and the car's headlights are on, illuminating the path ahead. The driver is visible through the windshield, and they appear to be wearing a racing helmet. The car's tires are screeching against the asphalt, and the sound of the engine can be heard in the background. The video captures the car from various angles, showing the driver's skill and the car's performance capabilities.",T2V_data/label/vidgen_filter_gemini_part_0_dpo_15/IHwqzKKFSZM-Scene-0493/depth.mp4,T2V_data/label/vidgen_filter_gemini_part_0_dpo_15/IHwqzKKFSZM-Scene-0493/entity_20.png
T2V_data/VIDGEN-1M_unzip/IHwqzKKFSZM-Scene-0493.mp4,"The video shows a black car drifting around a track at night. The car is covered in stickers and has a large spoiler on the back. It is moving at a high speed, and as it drifts around the track, it leaves a trail of smoke behind it. The track is well-lit, and the car's headlights are on, illuminating the path ahead. The driver is visible through the windshield, and they appear to be wearing a racing helmet. The car's tires are screeching against the asphalt, and the sound of the engine can be heard in the background. The video captures the car from various angles, showing the driver's skill and the car's performance capabilities.",T2V_data/label/vidgen_filter_gemini_part_0_dpo_15/IHwqzKKFSZM-Scene-0493/entity_20.mp4,T2V_data/label/vidgen_filter_gemini_part_0_dpo_15/IHwqzKKFSZM-Scene-0493/entity_20.png
T2V_data/VIDGEN-1M_unzip/IbO0GPfpfgI-Scene-0047.mp4,The video shows a mermaid with red hair and a green tail swimming underwater. She is followed by a small red fish. The mermaid then sits on a rock and the fish continues to follow her.,T2V_data/label/vidgen_filter_gemini_part_0_dpo_15/IbO0GPfpfgI-Scene-0047/depth.mp4,T2V_data/label/vidgen_filter_gemini_part_0_dpo_15/IbO0GPfpfgI-Scene-0047/entity_20.png
T2V_data/VIDGEN-1M_unzip/IbO0GPfpfgI-Scene-0047.mp4,The video shows a mermaid with red hair and a green tail swimming underwater. She is followed by a small red fish. The mermaid then sits on a rock and the fish continues to follow her.,T2V_data/label/vidgen_filter_gemini_part_0_dpo_15/IbO0GPfpfgI-Scene-0047/entity_20.mp4,T2V_data/label/vidgen_filter_gemini_part_0_dpo_15/IbO0GPfpfgI-Scene-0047/entity_20.png
T2V_data/VIDGEN-1M_unzip/JN-egABYr24-Scene-0195.mp4,The video shows a person pouring a yellow liquid into a pot of soup. The person then stirs the soup with a spoon.,T2V_data/label/vidgen_filter_gemini_part_0_dpo_15/JN-egABYr24-Scene-0195/depth.mp4,T2V_data/label/vidgen_filter_gemini_part_0_dpo_15/JN-egABYr24-Scene-0195/entity_40.png
T2V_data/VIDGEN-1M_unzip/JN-egABYr24-Scene-0195.mp4,The video shows a person pouring a yellow liquid into a pot of soup. The person then stirs the soup with a spoon.,T2V_data/label/vidgen_filter_gemini_part_0_dpo_15/JN-egABYr24-Scene-0195/entity_40.mp4,T2V_data/label/vidgen_filter_gemini_part_0_dpo_15/JN-egABYr24-Scene-0195/entity_40.png
T2V_data/VIDGEN-1M_unzip/JRjI-dvK_eo-Scene-0032.mp4,"The video shows a man using a table saw to cut a piece of wood. He is wearing a black shirt and is standing in front of the saw. The saw is cutting through the wood, and the man is holding the wood with his hands. The wood is dark brown, and the saw is silver. The man is using a ruler to measure the wood before cutting it.",T2V_data/label/vidgen_filter_gemini_part_0_dpo_15/JRjI-dvK_eo-Scene-0032/depth.mp4,T2V_data/label/vidgen_filter_gemini_part_0_dpo_15/JRjI-dvK_eo-Scene-0032/entity_40.png
T2V_data/VIDGEN-1M_unzip/JRjI-dvK_eo-Scene-0032.mp4,"The video shows a man using a table saw to cut a piece of wood. He is wearing a black shirt and is standing in front of the saw. The saw is cutting through the wood, and the man is holding the wood with his hands. The wood is dark brown, and the saw is silver. The man is using a ruler to measure the wood before cutting it.",T2V_data/label/vidgen_filter_gemini_part_0_dpo_15/JRjI-dvK_eo-Scene-0032/entity_40.mp4,T2V_data/label/vidgen_filter_gemini_part_0_dpo_15/JRjI-dvK_eo-Scene-0032/entity_40.png
T2V_data/VIDGEN-1M_unzip/JUIZtstIbG0-Scene-0067.mp4,The video shows a close-up of a digital scale suspended by a chain. The scale is red and has a digital display that shows the weight in pounds. The background shows a wooden structure and a vehicle. The scale is attached to a metal hook and the chain is made of metal links. The display on the scale changes as the weight on the scale changes.,T2V_data/label/vidgen_filter_gemini_part_0_dpo_15/JUIZtstIbG0-Scene-0067/depth.mp4,T2V_data/label/vidgen_filter_gemini_part_0_dpo_15/JUIZtstIbG0-Scene-0067/entity_40.png
T2V_data/VIDGEN-1M_unzip/JUIZtstIbG0-Scene-0067.mp4,The video shows a close-up of a digital scale suspended by a chain. The scale is red and has a digital display that shows the weight in pounds. The background shows a wooden structure and a vehicle. The scale is attached to a metal hook and the chain is made of metal links. The display on the scale changes as the weight on the scale changes.,T2V_data/label/vidgen_filter_gemini_part_0_dpo_15/JUIZtstIbG0-Scene-0067/entity_40.mp4,T2V_data/label/vidgen_filter_gemini_part_0_dpo_15/JUIZtstIbG0-Scene-0067/entity_40.png
T2V_data/VIDGEN-1M_unzip/JgAner23fBI-Scene-0160.mp4,"The video shows a person's hands kneading and stretching a piece of green slime. The slime is placed on a yellow surface, and the person's hands are visible throughout the video. The slime appears to be soft and malleable, and the person's hands move in and out of the frame as they manipulate the slime.",T2V_data/label/vidgen_filter_gemini_part_0_dpo_15/JgAner23fBI-Scene-0160/depth.mp4,T2V_data/label/vidgen_filter_gemini_part_0_dpo_15/JgAner23fBI-Scene-0160/entity_60.png
T2V_data/VIDGEN-1M_unzip/JgAner23fBI-Scene-0160.mp4,"The video shows a person's hands kneading and stretching a piece of green slime. The slime is placed on a yellow surface, and the person's hands are visible throughout the video. The slime appears to be soft and malleable, and the person's hands move in and out of the frame as they manipulate the slime.",T2V_data/label/vidgen_filter_gemini_part_0_dpo_15/JgAner23fBI-Scene-0160/entity_60.mp4,T2V_data/label/vidgen_filter_gemini_part_0_dpo_15/JgAner23fBI-Scene-0160/entity_60.png
T2V_data/VIDGEN-1M_unzip/JplL_KS025U-Scene-0046.mp4,"In the video, a man is seen cutting a piece of meat on a cutting board. He is wearing a black shirt with the words ""Cooking Today"" written on it. The man is using a knife to cut the meat into smaller pieces. The meat is pink and appears to be raw. The cutting board is white and the man is standing in a kitchen with a stainless steel countertop. The man is wearing a silver watch on his left wrist.",T2V_data/label/vidgen_filter_gemini_part_0_dpo_15/JplL_KS025U-Scene-0046/depth.mp4,T2V_data/label/vidgen_filter_gemini_part_0_dpo_15/JplL_KS025U-Scene-0046/entity_40.png
T2V_data/VIDGEN-1M_unzip/JplL_KS025U-Scene-0046.mp4,"In the video, a man is seen cutting a piece of meat on a cutting board. He is wearing a black shirt with the words ""Cooking Today"" written on it. The man is using a knife to cut the meat into smaller pieces. The meat is pink and appears to be raw. The cutting board is white and the man is standing in a kitchen with a stainless steel countertop. The man is wearing a silver watch on his left wrist.",T2V_data/label/vidgen_filter_gemini_part_0_dpo_15/JplL_KS025U-Scene-0046/entity_40.mp4,T2V_data/label/vidgen_filter_gemini_part_0_dpo_15/JplL_KS025U-Scene-0046/entity_40.png
T2V_data/VIDGEN-1M_unzip/JrNbHdhATqI-Scene-0075.mp4,"The video features a yellow worm with a surprised expression, standing next to a large black tire. The worm then gets hit by a red ball, causing it to fall over. The red ball is then hit by a yellow ball, causing it to bounce away. The yellow worm then stands up and looks at the red ball, which is now lying on the ground. The video ends with the yellow worm looking at the red ball with a surprised expression.",T2V_data/label/vidgen_filter_gemini_part_0_dpo_15/JrNbHdhATqI-Scene-0075/depth.mp4,T2V_data/label/vidgen_filter_gemini_part_0_dpo_15/JrNbHdhATqI-Scene-0075/entity_60.png
T2V_data/VIDGEN-1M_unzip/JrNbHdhATqI-Scene-0075.mp4,"The video features a yellow worm with a surprised expression, standing next to a large black tire. The worm then gets hit by a red ball, causing it to fall over. The red ball is then hit by a yellow ball, causing it to bounce away. The yellow worm then stands up and looks at the red ball, which is now lying on the ground. The video ends with the yellow worm looking at the red ball with a surprised expression.",T2V_data/label/vidgen_filter_gemini_part_0_dpo_15/JrNbHdhATqI-Scene-0075/entity_60.mp4,T2V_data/label/vidgen_filter_gemini_part_0_dpo_15/JrNbHdhATqI-Scene-0075/entity_60.png
T2V_data/VIDGEN-1M_unzip/JydPj_--rhs-Scene-0026.mp4,The video shows a person climbing a rock wall. The climber is wearing a purple hoodie and black pants. They are using their hands to grip onto the rock and their feet to push themselves up. The rock wall is gray and has some green moss on it. There are some rocks and boulders at the base of the wall. The climber is wearing a pair of black and white shoes.,T2V_data/label/vidgen_filter_gemini_part_0_dpo_15/JydPj_--rhs-Scene-0026/depth.mp4,T2V_data/label/vidgen_filter_gemini_part_0_dpo_15/JydPj_--rhs-Scene-0026/entity_20.png
T2V_data/VIDGEN-1M_unzip/JydPj_--rhs-Scene-0026.mp4,The video shows a person climbing a rock wall. The climber is wearing a purple hoodie and black pants. They are using their hands to grip onto the rock and their feet to push themselves up. The rock wall is gray and has some green moss on it. There are some rocks and boulders at the base of the wall. The climber is wearing a pair of black and white shoes.,T2V_data/label/vidgen_filter_gemini_part_0_dpo_15/JydPj_--rhs-Scene-0026/entity_20.mp4,T2V_data/label/vidgen_filter_gemini_part_0_dpo_15/JydPj_--rhs-Scene-0026/entity_20.png
T2V_data/VIDGEN-1M_unzip/K32EDdiixio-Scene-0067.mp4,"The video shows a white boat with a blue stripe on the side, moving through the water. The boat is creating a large wake behind it as it moves forward. The sky is clear and blue, and there are no other boats or objects in the water around the boat. The boat appears to be moving at a high speed, and the water is splashing up around it.",T2V_data/label/vidgen_filter_gemini_part_0_dpo_15/K32EDdiixio-Scene-0067/depth.mp4,T2V_data/label/vidgen_filter_gemini_part_0_dpo_15/K32EDdiixio-Scene-0067/entity_20.png
T2V_data/VIDGEN-1M_unzip/K32EDdiixio-Scene-0067.mp4,"The video shows a white boat with a blue stripe on the side, moving through the water. The boat is creating a large wake behind it as it moves forward. The sky is clear and blue, and there are no other boats or objects in the water around the boat. The boat appears to be moving at a high speed, and the water is splashing up around it.",T2V_data/label/vidgen_filter_gemini_part_0_dpo_15/K32EDdiixio-Scene-0067/entity_20.mp4,T2V_data/label/vidgen_filter_gemini_part_0_dpo_15/K32EDdiixio-Scene-0067/entity_20.png
T2V_data/VIDGEN-1M_unzip/KNoilwTcW-4-Scene-0001.mp4,"The video shows a golf course with a green in the foreground and a cloudy sky above. A golfer is seen hitting a golf ball with a club, and a red line appears to show the trajectory of the ball. The ball is hit towards the right side of the screen, and the red line follows its path.",T2V_data/label/vidgen_filter_gemini_part_0_dpo_15/KNoilwTcW-4-Scene-0001/depth.mp4,T2V_data/label/vidgen_filter_gemini_part_0_dpo_15/KNoilwTcW-4-Scene-0001/entity_20.png
T2V_data/VIDGEN-1M_unzip/KNoilwTcW-4-Scene-0001.mp4,"The video shows a golf course with a green in the foreground and a cloudy sky above. A golfer is seen hitting a golf ball with a club, and a red line appears to show the trajectory of the ball. The ball is hit towards the right side of the screen, and the red line follows its path.",T2V_data/label/vidgen_filter_gemini_part_0_dpo_15/KNoilwTcW-4-Scene-0001/entity_20.mp4,T2V_data/label/vidgen_filter_gemini_part_0_dpo_15/KNoilwTcW-4-Scene-0001/entity_20.png
T2V_data/VIDGEN-1M_unzip/KW8OEa_8Jnw-Scene-0018.mp4,"The video shows a close-up of a glass jar filled with a powdery substance. The jar has a yellow lid and is sitting on a counter next to a box of McCormick seasoning. The person filming picks up the jar and shakes it, causing the powder to move around inside. The camera then pans to show a hand reaching for the jar.",T2V_data/label/vidgen_filter_gemini_part_0_dpo_15/KW8OEa_8Jnw-Scene-0018/depth.mp4,T2V_data/label/vidgen_filter_gemini_part_0_dpo_15/KW8OEa_8Jnw-Scene-0018/entity_40.png
T2V_data/VIDGEN-1M_unzip/KW8OEa_8Jnw-Scene-0018.mp4,"The video shows a close-up of a glass jar filled with a powdery substance. The jar has a yellow lid and is sitting on a counter next to a box of McCormick seasoning. The person filming picks up the jar and shakes it, causing the powder to move around inside. The camera then pans to show a hand reaching for the jar.",T2V_data/label/vidgen_filter_gemini_part_0_dpo_15/KW8OEa_8Jnw-Scene-0018/entity_40.mp4,T2V_data/label/vidgen_filter_gemini_part_0_dpo_15/KW8OEa_8Jnw-Scene-0018/entity_40.png
T2V_data/VIDGEN-1M_unzip/KbXRXRjJTak-Scene-0008.mp4,"The video is a recording of a baseball video game. It shows a batter in a blue uniform swinging at a pitch and hitting the ball. The pitcher, wearing a white uniform, throws the ball from the pitcher's mound. The batter hits the ball and runs towards first base. The game is set in a stadium with a crowd of spectators in the stands. The graphics are realistic, and the gameplay is smooth.",T2V_data/label/vidgen_filter_gemini_part_0_dpo_15/KbXRXRjJTak-Scene-0008/depth.mp4,T2V_data/label/vidgen_filter_gemini_part_0_dpo_15/KbXRXRjJTak-Scene-0008/entity_40.png
T2V_data/VIDGEN-1M_unzip/KbXRXRjJTak-Scene-0008.mp4,"The video is a recording of a baseball video game. It shows a batter in a blue uniform swinging at a pitch and hitting the ball. The pitcher, wearing a white uniform, throws the ball from the pitcher's mound. The batter hits the ball and runs towards first base. The game is set in a stadium with a crowd of spectators in the stands. The graphics are realistic, and the gameplay is smooth.",T2V_data/label/vidgen_filter_gemini_part_0_dpo_15/KbXRXRjJTak-Scene-0008/entity_40.mp4,T2V_data/label/vidgen_filter_gemini_part_0_dpo_15/KbXRXRjJTak-Scene-0008/entity_40.png
T2V_data/VIDGEN-1M_unzip/KiIZeyZN-uk-Scene-0005.mp4,"The video shows a person preparing a meal. The person is seen holding a small container and pouring its contents into a larger container. The contents appear to be a white substance, possibly a type of sauce or dressing. The person then proceeds to add more of the white substance to the larger container. The person's hands are visible, but their face is not shown. The background is a kitchen counter with a cutting board and other food items visible. The person is wearing a ring on their left hand.",T2V_data/label/vidgen_filter_gemini_part_0_dpo_15/KiIZeyZN-uk-Scene-0005/depth.mp4,T2V_data/label/vidgen_filter_gemini_part_0_dpo_15/KiIZeyZN-uk-Scene-0005/entity_60.png
T2V_data/VIDGEN-1M_unzip/KiIZeyZN-uk-Scene-0005.mp4,"The video shows a person preparing a meal. The person is seen holding a small container and pouring its contents into a larger container. The contents appear to be a white substance, possibly a type of sauce or dressing. The person then proceeds to add more of the white substance to the larger container. The person's hands are visible, but their face is not shown. The background is a kitchen counter with a cutting board and other food items visible. The person is wearing a ring on their left hand.",T2V_data/label/vidgen_filter_gemini_part_0_dpo_15/KiIZeyZN-uk-Scene-0005/entity_60.mp4,T2V_data/label/vidgen_filter_gemini_part_0_dpo_15/KiIZeyZN-uk-Scene-0005/entity_60.png
T2V_data/VIDGEN-1M_unzip/KovFAbDk_CI-Scene-0032.mp4,"The video shows a man performing a skateboard trick. He starts by crouching down on the skateboard, then jumps up and flips the board with his feet while in the air. He successfully lands back on the skateboard and rides away. The man is wearing a black shirt and black pants, and the skateboard has a yellow wheel. The background is a concrete floor with a metal shutter.",T2V_data/label/vidgen_filter_gemini_part_0_dpo_15/KovFAbDk_CI-Scene-0032/depth.mp4,T2V_data/label/vidgen_filter_gemini_part_0_dpo_15/KovFAbDk_CI-Scene-0032/entity_20.png
T2V_data/VIDGEN-1M_unzip/KovFAbDk_CI-Scene-0032.mp4,"The video shows a man performing a skateboard trick. He starts by crouching down on the skateboard, then jumps up and flips the board with his feet while in the air. He successfully lands back on the skateboard and rides away. The man is wearing a black shirt and black pants, and the skateboard has a yellow wheel. The background is a concrete floor with a metal shutter.",T2V_data/label/vidgen_filter_gemini_part_0_dpo_15/KovFAbDk_CI-Scene-0032/entity_20.mp4,T2V_data/label/vidgen_filter_gemini_part_0_dpo_15/KovFAbDk_CI-Scene-0032/entity_20.png
T2V_data/VIDGEN-1M_unzip/KtrRwKbLjwY-Scene-0097.mp4,"The video shows a young boy wearing a red and blue striped shirt and shorts. He is standing in a living room with a blue chair and a couch in the background. The boy is holding a green ball and throwing it on the floor. The floor has a white and blue pattern, and there is a book on the floor. The boy is barefoot and seems to be enjoying himself while playing with the ball.",T2V_data/label/vidgen_filter_gemini_part_0_dpo_15/KtrRwKbLjwY-Scene-0097/depth.mp4,T2V_data/label/vidgen_filter_gemini_part_0_dpo_15/KtrRwKbLjwY-Scene-0097/entity_20.png
T2V_data/VIDGEN-1M_unzip/KtrRwKbLjwY-Scene-0097.mp4,"The video shows a young boy wearing a red and blue striped shirt and shorts. He is standing in a living room with a blue chair and a couch in the background. The boy is holding a green ball and throwing it on the floor. The floor has a white and blue pattern, and there is a book on the floor. The boy is barefoot and seems to be enjoying himself while playing with the ball.",T2V_data/label/vidgen_filter_gemini_part_0_dpo_15/KtrRwKbLjwY-Scene-0097/entity_20.mp4,T2V_data/label/vidgen_filter_gemini_part_0_dpo_15/KtrRwKbLjwY-Scene-0097/entity_20.png
T2V_data/VIDGEN-1M_unzip/Kvvig3Mubgc-Scene-0170.mp4,"The video shows a man wearing a blue shirt and black gloves, working on a tire of a white truck. He is using a tool to loosen the lug nuts on the tire. The truck is lifted off the ground, and the man is standing on a ladder to reach the tire. The man appears to be in a garage or workshop, and there are other tires visible in the background.",T2V_data/label/vidgen_filter_gemini_part_0_dpo_15/Kvvig3Mubgc-Scene-0170/depth.mp4,T2V_data/label/vidgen_filter_gemini_part_0_dpo_15/Kvvig3Mubgc-Scene-0170/entity_20.png
T2V_data/VIDGEN-1M_unzip/Kvvig3Mubgc-Scene-0170.mp4,"The video shows a man wearing a blue shirt and black gloves, working on a tire of a white truck. He is using a tool to loosen the lug nuts on the tire. The truck is lifted off the ground, and the man is standing on a ladder to reach the tire. The man appears to be in a garage or workshop, and there are other tires visible in the background.",T2V_data/label/vidgen_filter_gemini_part_0_dpo_15/Kvvig3Mubgc-Scene-0170/entity_20.mp4,T2V_data/label/vidgen_filter_gemini_part_0_dpo_15/Kvvig3Mubgc-Scene-0170/entity_20.png
T2V_data/VIDGEN-1M_unzip/L9FFWW7fLHg-Scene-0033.mp4,"In this video, a man is seen speaking to the camera while holding a piece of wood and a strip of plastic. He is wearing a plaid shirt and is standing in a workshop with various tools and equipment visible in the background. The man appears to be demonstrating how to use the plastic strip to create a joint in the wood. He is seen stretching the plastic strip and then placing it on the wood, presumably to create a seal or bond. The man's actions are deliberate and precise, indicating that he is experienced in this task. The workshop is well-lit and organized, with the tools neatly arranged on the wall behind him. Overall, the video provides a clear and detailed demonstration of a woodworking technique.",T2V_data/label/vidgen_filter_gemini_part_0_dpo_15/L9FFWW7fLHg-Scene-0033/depth.mp4,T2V_data/label/vidgen_filter_gemini_part_0_dpo_15/L9FFWW7fLHg-Scene-0033/entity_20.png
T2V_data/VIDGEN-1M_unzip/L9FFWW7fLHg-Scene-0033.mp4,"In this video, a man is seen speaking to the camera while holding a piece of wood and a strip of plastic. He is wearing a plaid shirt and is standing in a workshop with various tools and equipment visible in the background. The man appears to be demonstrating how to use the plastic strip to create a joint in the wood. He is seen stretching the plastic strip and then placing it on the wood, presumably to create a seal or bond. The man's actions are deliberate and precise, indicating that he is experienced in this task. The workshop is well-lit and organized, with the tools neatly arranged on the wall behind him. Overall, the video provides a clear and detailed demonstration of a woodworking technique.",T2V_data/label/vidgen_filter_gemini_part_0_dpo_15/L9FFWW7fLHg-Scene-0033/entity_20.mp4,T2V_data/label/vidgen_filter_gemini_part_0_dpo_15/L9FFWW7fLHg-Scene-0033/entity_20.png
T2V_data/VIDGEN-1M_unzip/LVG8Adian8E-Scene-0073.mp4,"The video features a woman's hands as she knits a small piece of fabric. She uses two knitting needles and alternates between white and gold yarn. The woman's nails are painted blue, and she is wearing a ring on her left hand. The background is blurred, but it appears to be a neutral color. The video includes text instructions that read ""Row 5: With color A, K to end.""",T2V_data/label/vidgen_filter_gemini_part_0_dpo_15/LVG8Adian8E-Scene-0073/depth.mp4,T2V_data/label/vidgen_filter_gemini_part_0_dpo_15/LVG8Adian8E-Scene-0073/entity_40.png
T2V_data/VIDGEN-1M_unzip/LVG8Adian8E-Scene-0073.mp4,"The video features a woman's hands as she knits a small piece of fabric. She uses two knitting needles and alternates between white and gold yarn. The woman's nails are painted blue, and she is wearing a ring on her left hand. The background is blurred, but it appears to be a neutral color. The video includes text instructions that read ""Row 5: With color A, K to end.""",T2V_data/label/vidgen_filter_gemini_part_0_dpo_15/LVG8Adian8E-Scene-0073/entity_40.mp4,T2V_data/label/vidgen_filter_gemini_part_0_dpo_15/LVG8Adian8E-Scene-0073/entity_40.png
T2V_data/VIDGEN-1M_unzip/LWustk17EVM-Scene-0041.mp4,"In the video, a person is seen holding a blender and a container of peanut butter. The person opens the container and pours the peanut butter into the blender. The blender is then turned on, and the peanut butter is blended until it becomes smooth. The person then opens the blender and shows the smooth peanut butter inside.",T2V_data/label/vidgen_filter_gemini_part_0_dpo_15/LWustk17EVM-Scene-0041/depth.mp4,T2V_data/label/vidgen_filter_gemini_part_0_dpo_15/LWustk17EVM-Scene-0041/entity_20.png
T2V_data/VIDGEN-1M_unzip/LWustk17EVM-Scene-0041.mp4,"In the video, a person is seen holding a blender and a container of peanut butter. The person opens the container and pours the peanut butter into the blender. The blender is then turned on, and the peanut butter is blended until it becomes smooth. The person then opens the blender and shows the smooth peanut butter inside.",T2V_data/label/vidgen_filter_gemini_part_0_dpo_15/LWustk17EVM-Scene-0041/entity_20.mp4,T2V_data/label/vidgen_filter_gemini_part_0_dpo_15/LWustk17EVM-Scene-0041/entity_20.png
T2V_data/VIDGEN-1M_unzip/LapltkicgkE-Scene-0336.mp4,"In the video, a man is seen climbing a tall tree. He is shirtless and wearing a headband. The tree has a rough bark and is surrounded by green leaves. The man uses his hands and feet to climb up the tree, and he appears to be very skilled at it. The sky is visible in the background, and it seems to be a sunny day.",T2V_data/label/vidgen_filter_gemini_part_0_dpo_15/LapltkicgkE-Scene-0336/depth.mp4,T2V_data/label/vidgen_filter_gemini_part_0_dpo_15/LapltkicgkE-Scene-0336/entity_40.png
T2V_data/VIDGEN-1M_unzip/LapltkicgkE-Scene-0336.mp4,"In the video, a man is seen climbing a tall tree. He is shirtless and wearing a headband. The tree has a rough bark and is surrounded by green leaves. The man uses his hands and feet to climb up the tree, and he appears to be very skilled at it. The sky is visible in the background, and it seems to be a sunny day.",T2V_data/label/vidgen_filter_gemini_part_0_dpo_15/LapltkicgkE-Scene-0336/entity_40.mp4,T2V_data/label/vidgen_filter_gemini_part_0_dpo_15/LapltkicgkE-Scene-0336/entity_40.png
T2V_data/VIDGEN-1M_unzip/LhUpv4HuZ-c-Scene-0061.mp4,"In the video, a black dog is seen playing with a green frisbee. The dog is standing on a carpeted floor and is being encouraged by a person who is kneeling down next to it. The person is wearing a black shirt and green pants. The dog is jumping up and down, trying to catch the frisbee in its mouth. The frisbee is being thrown by the person, and the dog is eagerly trying to catch it. The dog seems to be enjoying the game and is very active. The person is also actively engaged in the game, encouraging the dog to catch the frisbee. The video captures a playful and joyful moment between the dog and the person.",T2V_data/label/vidgen_filter_gemini_part_0_dpo_15/LhUpv4HuZ-c-Scene-0061/depth.mp4,T2V_data/label/vidgen_filter_gemini_part_0_dpo_15/LhUpv4HuZ-c-Scene-0061/entity_20.png
T2V_data/VIDGEN-1M_unzip/LhUpv4HuZ-c-Scene-0061.mp4,"In the video, a black dog is seen playing with a green frisbee. The dog is standing on a carpeted floor and is being encouraged by a person who is kneeling down next to it. The person is wearing a black shirt and green pants. The dog is jumping up and down, trying to catch the frisbee in its mouth. The frisbee is being thrown by the person, and the dog is eagerly trying to catch it. The dog seems to be enjoying the game and is very active. The person is also actively engaged in the game, encouraging the dog to catch the frisbee. The video captures a playful and joyful moment between the dog and the person.",T2V_data/label/vidgen_filter_gemini_part_0_dpo_15/LhUpv4HuZ-c-Scene-0061/entity_20.mp4,T2V_data/label/vidgen_filter_gemini_part_0_dpo_15/LhUpv4HuZ-c-Scene-0061/entity_20.png
T2V_data/VIDGEN-1M_unzip/LhUpv4HuZ-c-Scene-0061.mp4,"In the video, a black dog is seen playing with a green frisbee. The dog is standing on a carpeted floor and is being encouraged by a person who is kneeling down next to it. The person is wearing a black shirt and green pants. The dog is jumping up and down, trying to catch the frisbee in its mouth. The frisbee is being thrown by the person, and the dog is eagerly trying to catch it. The dog seems to be enjoying the game and is very active. The person is also actively engaged in the game, encouraging the dog to catch the frisbee. The video captures a playful and joyful moment between the dog and the person.",T2V_data/label/vidgen_filter_gemini_part_0_dpo_15/LhUpv4HuZ-c-Scene-0061/depth.mp4,T2V_data/label/vidgen_filter_gemini_part_0_dpo_15/LhUpv4HuZ-c-Scene-0061/entity_40.png
T2V_data/VIDGEN-1M_unzip/LhUpv4HuZ-c-Scene-0061.mp4,"In the video, a black dog is seen playing with a green frisbee. The dog is standing on a carpeted floor and is being encouraged by a person who is kneeling down next to it. The person is wearing a black shirt and green pants. The dog is jumping up and down, trying to catch the frisbee in its mouth. The frisbee is being thrown by the person, and the dog is eagerly trying to catch it. The dog seems to be enjoying the game and is very active. The person is also actively engaged in the game, encouraging the dog to catch the frisbee. The video captures a playful and joyful moment between the dog and the person.",T2V_data/label/vidgen_filter_gemini_part_0_dpo_15/LhUpv4HuZ-c-Scene-0061/entity_40.mp4,T2V_data/label/vidgen_filter_gemini_part_0_dpo_15/LhUpv4HuZ-c-Scene-0061/entity_40.png
T2V_data/VIDGEN-1M_unzip/Lm2p4qbsaxs-Scene-0076.mp4,"The video shows a close-up of a white paper cup with a blue design on it. The cup is placed on a blue surface. A person is pouring hot water from a metal kettle into the cup, which already contains a small amount of coffee grounds. As the water is poured, the coffee begins to brew, and the color of the liquid changes from clear to a rich brown. The video captures the process of the coffee brewing, showing the gradual change in color and the formation of bubbles on the surface.",T2V_data/label/vidgen_filter_gemini_part_0_dpo_15/Lm2p4qbsaxs-Scene-0076/depth.mp4,T2V_data/label/vidgen_filter_gemini_part_0_dpo_15/Lm2p4qbsaxs-Scene-0076/entity_20.png
T2V_data/VIDGEN-1M_unzip/Lm2p4qbsaxs-Scene-0076.mp4,"The video shows a close-up of a white paper cup with a blue design on it. The cup is placed on a blue surface. A person is pouring hot water from a metal kettle into the cup, which already contains a small amount of coffee grounds. As the water is poured, the coffee begins to brew, and the color of the liquid changes from clear to a rich brown. The video captures the process of the coffee brewing, showing the gradual change in color and the formation of bubbles on the surface.",T2V_data/label/vidgen_filter_gemini_part_0_dpo_15/Lm2p4qbsaxs-Scene-0076/entity_20.mp4,T2V_data/label/vidgen_filter_gemini_part_0_dpo_15/Lm2p4qbsaxs-Scene-0076/entity_20.png
T2V_data/VIDGEN-1M_unzip/Lsu1HUXQVEs-Scene-0004.mp4,The video shows a man riding a bicycle down a road. He is wearing a black jacket and a helmet. The road is surrounded by trees and there are other cyclists in the background. The man is smiling and appears to be enjoying the ride.,T2V_data/label/vidgen_filter_gemini_part_0_dpo_15/Lsu1HUXQVEs-Scene-0004/depth.mp4,T2V_data/label/vidgen_filter_gemini_part_0_dpo_15/Lsu1HUXQVEs-Scene-0004/entity_20.png
T2V_data/VIDGEN-1M_unzip/Lsu1HUXQVEs-Scene-0004.mp4,The video shows a man riding a bicycle down a road. He is wearing a black jacket and a helmet. The road is surrounded by trees and there are other cyclists in the background. The man is smiling and appears to be enjoying the ride.,T2V_data/label/vidgen_filter_gemini_part_0_dpo_15/Lsu1HUXQVEs-Scene-0004/entity_20.mp4,T2V_data/label/vidgen_filter_gemini_part_0_dpo_15/Lsu1HUXQVEs-Scene-0004/entity_20.png
T2V_data/VIDGEN-1M_unzip/Lsu1HUXQVEs-Scene-0004.mp4,The video shows a man riding a bicycle down a road. He is wearing a black jacket and a helmet. The road is surrounded by trees and there are other cyclists in the background. The man is smiling and appears to be enjoying the ride.,T2V_data/label/vidgen_filter_gemini_part_0_dpo_15/Lsu1HUXQVEs-Scene-0004/depth.mp4,T2V_data/label/vidgen_filter_gemini_part_0_dpo_15/Lsu1HUXQVEs-Scene-0004/entity_40.png
T2V_data/VIDGEN-1M_unzip/Lsu1HUXQVEs-Scene-0004.mp4,The video shows a man riding a bicycle down a road. He is wearing a black jacket and a helmet. The road is surrounded by trees and there are other cyclists in the background. The man is smiling and appears to be enjoying the ride.,T2V_data/label/vidgen_filter_gemini_part_0_dpo_15/Lsu1HUXQVEs-Scene-0004/entity_40.mp4,T2V_data/label/vidgen_filter_gemini_part_0_dpo_15/Lsu1HUXQVEs-Scene-0004/entity_40.png
T2V_data/VIDGEN-1M_unzip/MMvPJz5_tzk-Scene-0010.mp4,"The video shows a red and white missile launching into the sky, leaving a trail of smoke behind it. The missile is shown from different angles as it ascends. The video also includes text overlays that read ""SATELLITE KILLER"" and ""INDIA'S ASAT MISSILE."" The text is in bold, capital letters, and is displayed in a red and white color scheme that matches the missile.",T2V_data/label/vidgen_filter_gemini_part_0_dpo_15/MMvPJz5_tzk-Scene-0010/depth.mp4,T2V_data/label/vidgen_filter_gemini_part_0_dpo_15/MMvPJz5_tzk-Scene-0010/entity_20.png
T2V_data/VIDGEN-1M_unzip/MMvPJz5_tzk-Scene-0010.mp4,"The video shows a red and white missile launching into the sky, leaving a trail of smoke behind it. The missile is shown from different angles as it ascends. The video also includes text overlays that read ""SATELLITE KILLER"" and ""INDIA'S ASAT MISSILE."" The text is in bold, capital letters, and is displayed in a red and white color scheme that matches the missile.",T2V_data/label/vidgen_filter_gemini_part_0_dpo_15/MMvPJz5_tzk-Scene-0010/entity_20.mp4,T2V_data/label/vidgen_filter_gemini_part_0_dpo_15/MMvPJz5_tzk-Scene-0010/entity_20.png
T2V_data/VIDGEN-1M_unzip/MQPUlTGfqhc-Scene-0026.mp4,"The video shows a person's hand holding a red and white lollipop wrapper with the word ""POP"" written on it. The hand is also holding a white yarn with a knot tied at the end. The person is using a wooden stick to poke the yarn through the knot, creating a loop. The background is a tiled floor.",T2V_data/label/vidgen_filter_gemini_part_0_dpo_15/MQPUlTGfqhc-Scene-0026/depth.mp4,T2V_data/label/vidgen_filter_gemini_part_0_dpo_15/MQPUlTGfqhc-Scene-0026/entity_20.png
T2V_data/VIDGEN-1M_unzip/MQPUlTGfqhc-Scene-0026.mp4,"The video shows a person's hand holding a red and white lollipop wrapper with the word ""POP"" written on it. The hand is also holding a white yarn with a knot tied at the end. The person is using a wooden stick to poke the yarn through the knot, creating a loop. The background is a tiled floor.",T2V_data/label/vidgen_filter_gemini_part_0_dpo_15/MQPUlTGfqhc-Scene-0026/entity_20.mp4,T2V_data/label/vidgen_filter_gemini_part_0_dpo_15/MQPUlTGfqhc-Scene-0026/entity_20.png
T2V_data/VIDGEN-1M_unzip/MST8OmBPegE-Scene-0336.mp4,"The video shows a person using a metal rod to scrape off a white substance from a red-hot metal bar. The metal bar is being held in place by a clamp, and the person is wearing gloves to protect their hands. The white substance is being scraped off in a continuous motion, revealing the shiny surface of the metal bar underneath. The background is blurred, but it appears to be a workshop or factory setting.",T2V_data/label/vidgen_filter_gemini_part_0_dpo_15/MST8OmBPegE-Scene-0336/depth.mp4,T2V_data/label/vidgen_filter_gemini_part_0_dpo_15/MST8OmBPegE-Scene-0336/entity_60.png
T2V_data/VIDGEN-1M_unzip/MST8OmBPegE-Scene-0336.mp4,"The video shows a person using a metal rod to scrape off a white substance from a red-hot metal bar. The metal bar is being held in place by a clamp, and the person is wearing gloves to protect their hands. The white substance is being scraped off in a continuous motion, revealing the shiny surface of the metal bar underneath. The background is blurred, but it appears to be a workshop or factory setting.",T2V_data/label/vidgen_filter_gemini_part_0_dpo_15/MST8OmBPegE-Scene-0336/entity_60.mp4,T2V_data/label/vidgen_filter_gemini_part_0_dpo_15/MST8OmBPegE-Scene-0336/entity_60.png
T2V_data/VIDGEN-1M_unzip/MTbL4JAoHBY-Scene-0075.mp4,"The video features a man performing skateboarding tricks in an indoor skate park. He is wearing a black shirt and grey pants, and is seen riding a skateboard with red wheels. The skate park has a wooden ramp with a blue and white wall in the background. The man is seen riding up and down the ramp, performing various tricks such as ollies and kickflips. The video captures the fluidity and skill of the skateboarder as he navigates the ramp with ease.",T2V_data/label/vidgen_filter_gemini_part_0_dpo_15/MTbL4JAoHBY-Scene-0075/depth.mp4,T2V_data/label/vidgen_filter_gemini_part_0_dpo_15/MTbL4JAoHBY-Scene-0075/entity_20.png
T2V_data/VIDGEN-1M_unzip/MTbL4JAoHBY-Scene-0075.mp4,"The video features a man performing skateboarding tricks in an indoor skate park. He is wearing a black shirt and grey pants, and is seen riding a skateboard with red wheels. The skate park has a wooden ramp with a blue and white wall in the background. The man is seen riding up and down the ramp, performing various tricks such as ollies and kickflips. The video captures the fluidity and skill of the skateboarder as he navigates the ramp with ease.",T2V_data/label/vidgen_filter_gemini_part_0_dpo_15/MTbL4JAoHBY-Scene-0075/entity_20.mp4,T2V_data/label/vidgen_filter_gemini_part_0_dpo_15/MTbL4JAoHBY-Scene-0075/entity_20.png
T2V_data/VIDGEN-1M_unzip/MXkCJilB06c-Scene-0009.mp4,"The video shows a baseball player swinging a bat at a ball. The player is wearing a blue shirt with the number 48 on the back. The catcher is crouched behind him, wearing a black shirt and a helmet. The umpire is standing behind the catcher, wearing a black shirt and a helmet. The ball is in mid-air, and the player is swinging the bat to hit it. The background shows a green field with a crowd of people watching the game.",T2V_data/label/vidgen_filter_gemini_part_0_dpo_15/MXkCJilB06c-Scene-0009/depth.mp4,T2V_data/label/vidgen_filter_gemini_part_0_dpo_15/MXkCJilB06c-Scene-0009/entity_20.png
T2V_data/VIDGEN-1M_unzip/MXkCJilB06c-Scene-0009.mp4,"The video shows a baseball player swinging a bat at a ball. The player is wearing a blue shirt with the number 48 on the back. The catcher is crouched behind him, wearing a black shirt and a helmet. The umpire is standing behind the catcher, wearing a black shirt and a helmet. The ball is in mid-air, and the player is swinging the bat to hit it. The background shows a green field with a crowd of people watching the game.",T2V_data/label/vidgen_filter_gemini_part_0_dpo_15/MXkCJilB06c-Scene-0009/entity_20.mp4,T2V_data/label/vidgen_filter_gemini_part_0_dpo_15/MXkCJilB06c-Scene-0009/entity_20.png
T2V_data/VIDGEN-1M_unzip/MXkCJilB06c-Scene-0009.mp4,"The video shows a baseball player swinging a bat at a ball. The player is wearing a blue shirt with the number 48 on the back. The catcher is crouched behind him, wearing a black shirt and a helmet. The umpire is standing behind the catcher, wearing a black shirt and a helmet. The ball is in mid-air, and the player is swinging the bat to hit it. The background shows a green field with a crowd of people watching the game.",T2V_data/label/vidgen_filter_gemini_part_0_dpo_15/MXkCJilB06c-Scene-0009/depth.mp4,T2V_data/label/vidgen_filter_gemini_part_0_dpo_15/MXkCJilB06c-Scene-0009/entity_80.png
T2V_data/VIDGEN-1M_unzip/MXkCJilB06c-Scene-0009.mp4,"The video shows a baseball player swinging a bat at a ball. The player is wearing a blue shirt with the number 48 on the back. The catcher is crouched behind him, wearing a black shirt and a helmet. The umpire is standing behind the catcher, wearing a black shirt and a helmet. The ball is in mid-air, and the player is swinging the bat to hit it. The background shows a green field with a crowd of people watching the game.",T2V_data/label/vidgen_filter_gemini_part_0_dpo_15/MXkCJilB06c-Scene-0009/entity_80.mp4,T2V_data/label/vidgen_filter_gemini_part_0_dpo_15/MXkCJilB06c-Scene-0009/entity_80.png
T2V_data/VIDGEN-1M_unzip/MdEhjRpPSlY-Scene-0063.mp4,"In the video, a person is seen holding a knife in their right hand and using it to cut a piece of wood that is placed on a metal surface. The person's left hand is holding a green pole. The knife is silver in color and has a sharp edge. The wood being cut is brown and appears to be a small piece. The background is blurred, but it seems to be an outdoor setting with trees and grass. The person's movements are deliberate and controlled as they cut through the wood with the knife.",T2V_data/label/vidgen_filter_gemini_part_0_dpo_15/MdEhjRpPSlY-Scene-0063/depth.mp4,T2V_data/label/vidgen_filter_gemini_part_0_dpo_15/MdEhjRpPSlY-Scene-0063/entity_40.png
T2V_data/VIDGEN-1M_unzip/MdEhjRpPSlY-Scene-0063.mp4,"In the video, a person is seen holding a knife in their right hand and using it to cut a piece of wood that is placed on a metal surface. The person's left hand is holding a green pole. The knife is silver in color and has a sharp edge. The wood being cut is brown and appears to be a small piece. The background is blurred, but it seems to be an outdoor setting with trees and grass. The person's movements are deliberate and controlled as they cut through the wood with the knife.",T2V_data/label/vidgen_filter_gemini_part_0_dpo_15/MdEhjRpPSlY-Scene-0063/entity_40.mp4,T2V_data/label/vidgen_filter_gemini_part_0_dpo_15/MdEhjRpPSlY-Scene-0063/entity_40.png
T2V_data/VIDGEN-1M_unzip/MkHosY7HEhU-Scene-0086.mp4,The video shows a person wearing a red rubber glove using a plunger to clean a sink. The person is holding the plunger with one hand and using the other hand to push the plunger down into the sink. The sink is made of stainless steel and has a silver color. The plunger is white with a black rubber suction cup. The person is wearing a red rubber glove on one hand and is using the other hand to push the plunger down into the sink. The sink has a silver faucet and there is a light reflection visible on the surface of the sink.,T2V_data/label/vidgen_filter_gemini_part_0_dpo_15/MkHosY7HEhU-Scene-0086/depth.mp4,T2V_data/label/vidgen_filter_gemini_part_0_dpo_15/MkHosY7HEhU-Scene-0086/entity_40.png
T2V_data/VIDGEN-1M_unzip/MkHosY7HEhU-Scene-0086.mp4,The video shows a person wearing a red rubber glove using a plunger to clean a sink. The person is holding the plunger with one hand and using the other hand to push the plunger down into the sink. The sink is made of stainless steel and has a silver color. The plunger is white with a black rubber suction cup. The person is wearing a red rubber glove on one hand and is using the other hand to push the plunger down into the sink. The sink has a silver faucet and there is a light reflection visible on the surface of the sink.,T2V_data/label/vidgen_filter_gemini_part_0_dpo_15/MkHosY7HEhU-Scene-0086/entity_40.mp4,T2V_data/label/vidgen_filter_gemini_part_0_dpo_15/MkHosY7HEhU-Scene-0086/entity_40.png
T2V_data/VIDGEN-1M_unzip/ND4LQNRbhJE-Scene-0032.mp4,"In the video, a person is seen kneeling in a forest, surrounded by trees and foliage. The person is holding a large axe and is using it to chop a log that is lying on the ground. The log is thick and appears to be hardwood. The person is wearing a beige shirt and khaki pants. The axe is black with a silver blade and a black handle. The person is swinging the axe with force, and each strike sends a small cloud of dust into the air. The forest floor is covered in pine needles and leaves, and the lighting suggests it is daytime.",T2V_data/label/vidgen_filter_gemini_part_0_dpo_15/ND4LQNRbhJE-Scene-0032/depth.mp4,T2V_data/label/vidgen_filter_gemini_part_0_dpo_15/ND4LQNRbhJE-Scene-0032/entity_60.png
T2V_data/VIDGEN-1M_unzip/ND4LQNRbhJE-Scene-0032.mp4,"In the video, a person is seen kneeling in a forest, surrounded by trees and foliage. The person is holding a large axe and is using it to chop a log that is lying on the ground. The log is thick and appears to be hardwood. The person is wearing a beige shirt and khaki pants. The axe is black with a silver blade and a black handle. The person is swinging the axe with force, and each strike sends a small cloud of dust into the air. The forest floor is covered in pine needles and leaves, and the lighting suggests it is daytime.",T2V_data/label/vidgen_filter_gemini_part_0_dpo_15/ND4LQNRbhJE-Scene-0032/entity_60.mp4,T2V_data/label/vidgen_filter_gemini_part_0_dpo_15/ND4LQNRbhJE-Scene-0032/entity_60.png
T2V_data/VIDGEN-1M_unzip/NRmadBsAsrU-Scene-0011.mp4,"In this video, a person is seen working on a machine. The machine has a red body and a black handle. The person is using a red tool to adjust a screw on the machine. The person's hand is visible in the frame, and they are wearing a white shirt. The background is blurred, but it appears to be a workshop or garage setting. The person seems to be focused on their task, carefully turning the screw with the tool. The video does not provide any audio, so it is unclear what the person is saying or what the machine is used for. However, the person's actions suggest that they are knowledgeable about the machine and its operation.",T2V_data/label/vidgen_filter_gemini_part_0_dpo_15/NRmadBsAsrU-Scene-0011/depth.mp4,T2V_data/label/vidgen_filter_gemini_part_0_dpo_15/NRmadBsAsrU-Scene-0011/entity_40.png
T2V_data/VIDGEN-1M_unzip/NRmadBsAsrU-Scene-0011.mp4,"In this video, a person is seen working on a machine. The machine has a red body and a black handle. The person is using a red tool to adjust a screw on the machine. The person's hand is visible in the frame, and they are wearing a white shirt. The background is blurred, but it appears to be a workshop or garage setting. The person seems to be focused on their task, carefully turning the screw with the tool. The video does not provide any audio, so it is unclear what the person is saying or what the machine is used for. However, the person's actions suggest that they are knowledgeable about the machine and its operation.",T2V_data/label/vidgen_filter_gemini_part_0_dpo_15/NRmadBsAsrU-Scene-0011/entity_40.mp4,T2V_data/label/vidgen_filter_gemini_part_0_dpo_15/NRmadBsAsrU-Scene-0011/entity_40.png
T2V_data/VIDGEN-1M_unzip/NXvmoXSteIE-Scene-0004.mp4,"The video shows a satellite orbiting the Earth in space. The satellite is equipped with solar panels and appears to be in motion. The Earth can be seen in the background, with the sun shining brightly. The satellite seems to be in a stable orbit, and there are no other objects in the vicinity. The video provides a clear view of the satellite and its surroundings, with the Earth's surface and the sun's rays providing a stunning backdrop.",T2V_data/label/vidgen_filter_gemini_part_0_dpo_15/NXvmoXSteIE-Scene-0004/depth.mp4,T2V_data/label/vidgen_filter_gemini_part_0_dpo_15/NXvmoXSteIE-Scene-0004/entity_20.png
T2V_data/VIDGEN-1M_unzip/NXvmoXSteIE-Scene-0004.mp4,"The video shows a satellite orbiting the Earth in space. The satellite is equipped with solar panels and appears to be in motion. The Earth can be seen in the background, with the sun shining brightly. The satellite seems to be in a stable orbit, and there are no other objects in the vicinity. The video provides a clear view of the satellite and its surroundings, with the Earth's surface and the sun's rays providing a stunning backdrop.",T2V_data/label/vidgen_filter_gemini_part_0_dpo_15/NXvmoXSteIE-Scene-0004/entity_20.mp4,T2V_data/label/vidgen_filter_gemini_part_0_dpo_15/NXvmoXSteIE-Scene-0004/entity_20.png
T2V_data/VIDGEN-1M_unzip/NaPCAGWihj4-Scene-0038.mp4,"In the video, a black cat is seen playing with a group of colorful balls on a white rug. The cat is batting at the balls with its paws, and the balls are scattered around the rug. The cat seems to be enjoying itself as it continues to play with the balls.",T2V_data/label/vidgen_filter_gemini_part_0_dpo_15/NaPCAGWihj4-Scene-0038/depth.mp4,T2V_data/label/vidgen_filter_gemini_part_0_dpo_15/NaPCAGWihj4-Scene-0038/entity_20.png
T2V_data/VIDGEN-1M_unzip/NaPCAGWihj4-Scene-0038.mp4,"In the video, a black cat is seen playing with a group of colorful balls on a white rug. The cat is batting at the balls with its paws, and the balls are scattered around the rug. The cat seems to be enjoying itself as it continues to play with the balls.",T2V_data/label/vidgen_filter_gemini_part_0_dpo_15/NaPCAGWihj4-Scene-0038/entity_20.mp4,T2V_data/label/vidgen_filter_gemini_part_0_dpo_15/NaPCAGWihj4-Scene-0038/entity_20.png
T2V_data/VIDGEN-1M_unzip/NgPuOZhKa4o-Scene-0036.mp4,"In the video, a person is seen holding a screwdriver in their hand. The screwdriver has a black handle and a silver metal head. The person is using the screwdriver to remove screws from a computer case. The computer case is black and has several screws on it. The person is wearing a ring on their left hand. The background is a green surface with a black computer case on it.",T2V_data/label/vidgen_filter_gemini_part_0_dpo_15/NgPuOZhKa4o-Scene-0036/depth.mp4,T2V_data/label/vidgen_filter_gemini_part_0_dpo_15/NgPuOZhKa4o-Scene-0036/entity_20.png
T2V_data/VIDGEN-1M_unzip/NgPuOZhKa4o-Scene-0036.mp4,"In the video, a person is seen holding a screwdriver in their hand. The screwdriver has a black handle and a silver metal head. The person is using the screwdriver to remove screws from a computer case. The computer case is black and has several screws on it. The person is wearing a ring on their left hand. The background is a green surface with a black computer case on it.",T2V_data/label/vidgen_filter_gemini_part_0_dpo_15/NgPuOZhKa4o-Scene-0036/entity_20.mp4,T2V_data/label/vidgen_filter_gemini_part_0_dpo_15/NgPuOZhKa4o-Scene-0036/entity_20.png
T2V_data/VIDGEN-1M_unzip/NgPuOZhKa4o-Scene-0036.mp4,"In the video, a person is seen holding a screwdriver in their hand. The screwdriver has a black handle and a silver metal head. The person is using the screwdriver to remove screws from a computer case. The computer case is black and has several screws on it. The person is wearing a ring on their left hand. The background is a green surface with a black computer case on it.",T2V_data/label/vidgen_filter_gemini_part_0_dpo_15/NgPuOZhKa4o-Scene-0036/depth.mp4,T2V_data/label/vidgen_filter_gemini_part_0_dpo_15/NgPuOZhKa4o-Scene-0036/entity_80.png
T2V_data/VIDGEN-1M_unzip/NgPuOZhKa4o-Scene-0036.mp4,"In the video, a person is seen holding a screwdriver in their hand. The screwdriver has a black handle and a silver metal head. The person is using the screwdriver to remove screws from a computer case. The computer case is black and has several screws on it. The person is wearing a ring on their left hand. The background is a green surface with a black computer case on it.",T2V_data/label/vidgen_filter_gemini_part_0_dpo_15/NgPuOZhKa4o-Scene-0036/entity_80.mp4,T2V_data/label/vidgen_filter_gemini_part_0_dpo_15/NgPuOZhKa4o-Scene-0036/entity_80.png
T2V_data/VIDGEN-1M_unzip/Nk57nj0fR2Y-Scene-0080.mp4,"The video shows a motorcyclist riding down a road with trees on either side. The sky is cloudy, and the road is mostly empty except for a few cars. The motorcyclist is wearing a helmet and is riding a black motorcycle. The road curves to the right, and the motorcyclist follows the curve.",T2V_data/label/vidgen_filter_gemini_part_0_dpo_15/Nk57nj0fR2Y-Scene-0080/depth.mp4,T2V_data/label/vidgen_filter_gemini_part_0_dpo_15/Nk57nj0fR2Y-Scene-0080/entity_40.png
T2V_data/VIDGEN-1M_unzip/Nk57nj0fR2Y-Scene-0080.mp4,"The video shows a motorcyclist riding down a road with trees on either side. The sky is cloudy, and the road is mostly empty except for a few cars. The motorcyclist is wearing a helmet and is riding a black motorcycle. The road curves to the right, and the motorcyclist follows the curve.",T2V_data/label/vidgen_filter_gemini_part_0_dpo_15/Nk57nj0fR2Y-Scene-0080/entity_40.mp4,T2V_data/label/vidgen_filter_gemini_part_0_dpo_15/Nk57nj0fR2Y-Scene-0080/entity_40.png
T2V_data/VIDGEN-1M_unzip/NxKBN2rtA7Y-Scene-0047.mp4,"The video shows a soccer player wearing a white uniform with green stripes and white socks. He is dribbling a soccer ball on a green field. Another player wearing a blue and red uniform is seen trying to tackle him. The player in white manages to dodge the tackle and continues to dribble the ball. The player in blue and red falls to the ground. The video is shot from the side of the field, and the scoreboard is visible in the top left corner.",T2V_data/label/vidgen_filter_gemini_part_0_dpo_15/NxKBN2rtA7Y-Scene-0047/depth.mp4,T2V_data/label/vidgen_filter_gemini_part_0_dpo_15/NxKBN2rtA7Y-Scene-0047/entity_20.png
T2V_data/VIDGEN-1M_unzip/NxKBN2rtA7Y-Scene-0047.mp4,"The video shows a soccer player wearing a white uniform with green stripes and white socks. He is dribbling a soccer ball on a green field. Another player wearing a blue and red uniform is seen trying to tackle him. The player in white manages to dodge the tackle and continues to dribble the ball. The player in blue and red falls to the ground. The video is shot from the side of the field, and the scoreboard is visible in the top left corner.",T2V_data/label/vidgen_filter_gemini_part_0_dpo_15/NxKBN2rtA7Y-Scene-0047/entity_20.mp4,T2V_data/label/vidgen_filter_gemini_part_0_dpo_15/NxKBN2rtA7Y-Scene-0047/entity_20.png
T2V_data/VIDGEN-1M_unzip/OB6mV-ZmBkk-Scene-0020.mp4,"In the video, a young man is seen riding a skateboard. He is wearing a red shirt and black pants. As he rides, he performs various tricks, including flipping the skateboard under his feet and jumping over it. The setting appears to be a park or a similar outdoor area with trees and grass in the background. The young man seems to be enjoying himself as he skates around, showcasing his skills.",T2V_data/label/vidgen_filter_gemini_part_0_dpo_15/OB6mV-ZmBkk-Scene-0020/depth.mp4,T2V_data/label/vidgen_filter_gemini_part_0_dpo_15/OB6mV-ZmBkk-Scene-0020/entity_20.png
T2V_data/VIDGEN-1M_unzip/OB6mV-ZmBkk-Scene-0020.mp4,"In the video, a young man is seen riding a skateboard. He is wearing a red shirt and black pants. As he rides, he performs various tricks, including flipping the skateboard under his feet and jumping over it. The setting appears to be a park or a similar outdoor area with trees and grass in the background. The young man seems to be enjoying himself as he skates around, showcasing his skills.",T2V_data/label/vidgen_filter_gemini_part_0_dpo_15/OB6mV-ZmBkk-Scene-0020/entity_20.mp4,T2V_data/label/vidgen_filter_gemini_part_0_dpo_15/OB6mV-ZmBkk-Scene-0020/entity_20.png
T2V_data/VIDGEN-1M_unzip/OBYJnvFaw2Y-Scene-0036.mp4,The video shows a person pouring a liquid from a metal container into a glass jar. The person then places a lid on the jar and shakes it.,T2V_data/label/vidgen_filter_gemini_part_0_dpo_15/OBYJnvFaw2Y-Scene-0036/depth.mp4,T2V_data/label/vidgen_filter_gemini_part_0_dpo_15/OBYJnvFaw2Y-Scene-0036/entity_40.png
T2V_data/VIDGEN-1M_unzip/OBYJnvFaw2Y-Scene-0036.mp4,The video shows a person pouring a liquid from a metal container into a glass jar. The person then places a lid on the jar and shakes it.,T2V_data/label/vidgen_filter_gemini_part_0_dpo_15/OBYJnvFaw2Y-Scene-0036/entity_40.mp4,T2V_data/label/vidgen_filter_gemini_part_0_dpo_15/OBYJnvFaw2Y-Scene-0036/entity_40.png
T2V_data/VIDGEN-1M_unzip/OBYJnvFaw2Y-Scene-0036.mp4,The video shows a person pouring a liquid from a metal container into a glass jar. The person then places a lid on the jar and shakes it.,T2V_data/label/vidgen_filter_gemini_part_0_dpo_15/OBYJnvFaw2Y-Scene-0036/depth.mp4,T2V_data/label/vidgen_filter_gemini_part_0_dpo_15/OBYJnvFaw2Y-Scene-0036/entity_60.png
T2V_data/VIDGEN-1M_unzip/OBYJnvFaw2Y-Scene-0036.mp4,The video shows a person pouring a liquid from a metal container into a glass jar. The person then places a lid on the jar and shakes it.,T2V_data/label/vidgen_filter_gemini_part_0_dpo_15/OBYJnvFaw2Y-Scene-0036/entity_60.mp4,T2V_data/label/vidgen_filter_gemini_part_0_dpo_15/OBYJnvFaw2Y-Scene-0036/entity_60.png
T2V_data/VIDGEN-1M_unzip/OQsEXBAPGDU-Scene-0079.mp4,"The video shows a man wearing a black helmet and a gray hoodie working on a red car. He is using a wrench to tighten a bolt on a part of the car. The man is focused on his task and appears to be knowledgeable about the process. The car is in a garage or workshop, and there are various tools and equipment visible in the background. The man's movements are deliberate and precise, indicating that he is experienced in this type of work. The lighting in the video is bright, and the colors are vivid, making it easy to see the details of the car and the man's actions.",T2V_data/label/vidgen_filter_gemini_part_0_dpo_15/OQsEXBAPGDU-Scene-0079/depth.mp4,T2V_data/label/vidgen_filter_gemini_part_0_dpo_15/OQsEXBAPGDU-Scene-0079/entity_20.png
T2V_data/VIDGEN-1M_unzip/OQsEXBAPGDU-Scene-0079.mp4,"The video shows a man wearing a black helmet and a gray hoodie working on a red car. He is using a wrench to tighten a bolt on a part of the car. The man is focused on his task and appears to be knowledgeable about the process. The car is in a garage or workshop, and there are various tools and equipment visible in the background. The man's movements are deliberate and precise, indicating that he is experienced in this type of work. The lighting in the video is bright, and the colors are vivid, making it easy to see the details of the car and the man's actions.",T2V_data/label/vidgen_filter_gemini_part_0_dpo_15/OQsEXBAPGDU-Scene-0079/entity_20.mp4,T2V_data/label/vidgen_filter_gemini_part_0_dpo_15/OQsEXBAPGDU-Scene-0079/entity_20.png
T2V_data/VIDGEN-1M_unzip/OXD7joJjpVM-Scene-0242.mp4,"The video shows a fight between two men in a ring. One man is wearing blue shorts and the other is wearing red shorts. The man in blue shorts is seen kicking the man in red shorts, causing him to fall to the ground. The man in blue shorts then stands over the man in red shorts, who is lying on the ground.",T2V_data/label/vidgen_filter_gemini_part_0_dpo_15/OXD7joJjpVM-Scene-0242/depth.mp4,T2V_data/label/vidgen_filter_gemini_part_0_dpo_15/OXD7joJjpVM-Scene-0242/entity_20.png
T2V_data/VIDGEN-1M_unzip/OXD7joJjpVM-Scene-0242.mp4,"The video shows a fight between two men in a ring. One man is wearing blue shorts and the other is wearing red shorts. The man in blue shorts is seen kicking the man in red shorts, causing him to fall to the ground. The man in blue shorts then stands over the man in red shorts, who is lying on the ground.",T2V_data/label/vidgen_filter_gemini_part_0_dpo_15/OXD7joJjpVM-Scene-0242/entity_20.mp4,T2V_data/label/vidgen_filter_gemini_part_0_dpo_15/OXD7joJjpVM-Scene-0242/entity_20.png
T2V_data/VIDGEN-1M_unzip/OXD7joJjpVM-Scene-0242.mp4,"The video shows a fight between two men in a ring. One man is wearing blue shorts and the other is wearing red shorts. The man in blue shorts is seen kicking the man in red shorts, causing him to fall to the ground. The man in blue shorts then stands over the man in red shorts, who is lying on the ground.",T2V_data/label/vidgen_filter_gemini_part_0_dpo_15/OXD7joJjpVM-Scene-0242/depth.mp4,T2V_data/label/vidgen_filter_gemini_part_0_dpo_15/OXD7joJjpVM-Scene-0242/entity_60.png
T2V_data/VIDGEN-1M_unzip/OXD7joJjpVM-Scene-0242.mp4,"The video shows a fight between two men in a ring. One man is wearing blue shorts and the other is wearing red shorts. The man in blue shorts is seen kicking the man in red shorts, causing him to fall to the ground. The man in blue shorts then stands over the man in red shorts, who is lying on the ground.",T2V_data/label/vidgen_filter_gemini_part_0_dpo_15/OXD7joJjpVM-Scene-0242/entity_60.mp4,T2V_data/label/vidgen_filter_gemini_part_0_dpo_15/OXD7joJjpVM-Scene-0242/entity_60.png
T2V_data/VIDGEN-1M_unzip/OfvAZOPNIIo-Scene-0144.mp4,The video shows a person's hands placing green leafy vegetables into a pot of boiling water. The vegetables are bright green and appear to be fresh. The pot is black and sits on a stove. The person's hands are visible as they carefully place the vegetables into the boiling water. The steam from the boiling water can be seen rising from the pot.,T2V_data/label/vidgen_filter_gemini_part_0_dpo_15/OfvAZOPNIIo-Scene-0144/depth.mp4,T2V_data/label/vidgen_filter_gemini_part_0_dpo_15/OfvAZOPNIIo-Scene-0144/entity_40.png
T2V_data/VIDGEN-1M_unzip/OfvAZOPNIIo-Scene-0144.mp4,The video shows a person's hands placing green leafy vegetables into a pot of boiling water. The vegetables are bright green and appear to be fresh. The pot is black and sits on a stove. The person's hands are visible as they carefully place the vegetables into the boiling water. The steam from the boiling water can be seen rising from the pot.,T2V_data/label/vidgen_filter_gemini_part_0_dpo_15/OfvAZOPNIIo-Scene-0144/entity_40.mp4,T2V_data/label/vidgen_filter_gemini_part_0_dpo_15/OfvAZOPNIIo-Scene-0144/entity_40.png
T2V_data/VIDGEN-1M_unzip/OfvAZOPNIIo-Scene-0144.mp4,The video shows a person's hands placing green leafy vegetables into a pot of boiling water. The vegetables are bright green and appear to be fresh. The pot is black and sits on a stove. The person's hands are visible as they carefully place the vegetables into the boiling water. The steam from the boiling water can be seen rising from the pot.,T2V_data/label/vidgen_filter_gemini_part_0_dpo_15/OfvAZOPNIIo-Scene-0144/depth.mp4,T2V_data/label/vidgen_filter_gemini_part_0_dpo_15/OfvAZOPNIIo-Scene-0144/entity_60.png
T2V_data/VIDGEN-1M_unzip/OfvAZOPNIIo-Scene-0144.mp4,The video shows a person's hands placing green leafy vegetables into a pot of boiling water. The vegetables are bright green and appear to be fresh. The pot is black and sits on a stove. The person's hands are visible as they carefully place the vegetables into the boiling water. The steam from the boiling water can be seen rising from the pot.,T2V_data/label/vidgen_filter_gemini_part_0_dpo_15/OfvAZOPNIIo-Scene-0144/entity_60.mp4,T2V_data/label/vidgen_filter_gemini_part_0_dpo_15/OfvAZOPNIIo-Scene-0144/entity_60.png
T2V_data/VIDGEN-1M_unzip/Oya9JsTC_xg-Scene-0007.mp4,"The video shows a rocket launching into the sky. The rocket is white and has a pointed nose. It is surrounded by smoke and flames as it lifts off the ground. The sky is clear and blue, and there are no clouds visible. The rocket appears to be in good condition and is the only object in the video.",T2V_data/label/vidgen_filter_gemini_part_0_dpo_15/Oya9JsTC_xg-Scene-0007/depth.mp4,T2V_data/label/vidgen_filter_gemini_part_0_dpo_15/Oya9JsTC_xg-Scene-0007/entity_20.png
T2V_data/VIDGEN-1M_unzip/Oya9JsTC_xg-Scene-0007.mp4,"The video shows a rocket launching into the sky. The rocket is white and has a pointed nose. It is surrounded by smoke and flames as it lifts off the ground. The sky is clear and blue, and there are no clouds visible. The rocket appears to be in good condition and is the only object in the video.",T2V_data/label/vidgen_filter_gemini_part_0_dpo_15/Oya9JsTC_xg-Scene-0007/entity_20.mp4,T2V_data/label/vidgen_filter_gemini_part_0_dpo_15/Oya9JsTC_xg-Scene-0007/entity_20.png
T2V_data/VIDGEN-1M_unzip/PAWRYCdT5f8-Scene-0111.mp4,"The video shows a basketball game in progress. The players are wearing white and black uniforms. One player is seen dribbling the ball and then jumping to shoot it into the basket. The other players are seen trying to block the shot. The video is shot from a distance, and the quality is not very clear.",T2V_data/label/vidgen_filter_gemini_part_0_dpo_15/PAWRYCdT5f8-Scene-0111/depth.mp4,T2V_data/label/vidgen_filter_gemini_part_0_dpo_15/PAWRYCdT5f8-Scene-0111/entity_20.png
T2V_data/VIDGEN-1M_unzip/PAWRYCdT5f8-Scene-0111.mp4,"The video shows a basketball game in progress. The players are wearing white and black uniforms. One player is seen dribbling the ball and then jumping to shoot it into the basket. The other players are seen trying to block the shot. The video is shot from a distance, and the quality is not very clear.",T2V_data/label/vidgen_filter_gemini_part_0_dpo_15/PAWRYCdT5f8-Scene-0111/entity_20.mp4,T2V_data/label/vidgen_filter_gemini_part_0_dpo_15/PAWRYCdT5f8-Scene-0111/entity_20.png
T2V_data/VIDGEN-1M_unzip/WpkjEhq_wbc-Scene-0088.mp4,"In the video, a person is seen using pliers to attach a chain to a bracelet. The bracelet is made up of small white beads and silver jewels. The person's nails are painted red, and they are wearing a ring on their left hand. The background is a wooden surface, and there is a red curtain in the background. The person's hands are steady as they work on the bracelet, and they seem to be experienced in jewelry making. The video is shot in a well-lit room, and the focus is on the person's hands and the bracelet.",T2V_data/label/vidgen_filter_gemini_part_0_dpo_15/WpkjEhq_wbc-Scene-0088/depth.mp4,T2V_data/label/vidgen_filter_gemini_part_0_dpo_15/WpkjEhq_wbc-Scene-0088/entity_40.png
T2V_data/VIDGEN-1M_unzip/WpkjEhq_wbc-Scene-0088.mp4,"In the video, a person is seen using pliers to attach a chain to a bracelet. The bracelet is made up of small white beads and silver jewels. The person's nails are painted red, and they are wearing a ring on their left hand. The background is a wooden surface, and there is a red curtain in the background. The person's hands are steady as they work on the bracelet, and they seem to be experienced in jewelry making. The video is shot in a well-lit room, and the focus is on the person's hands and the bracelet.",T2V_data/label/vidgen_filter_gemini_part_0_dpo_15/WpkjEhq_wbc-Scene-0088/entity_40.mp4,T2V_data/label/vidgen_filter_gemini_part_0_dpo_15/WpkjEhq_wbc-Scene-0088/entity_40.png
T2V_data/VIDGEN-1M_unzip/WpkjEhq_wbc-Scene-0088.mp4,"In the video, a person is seen using pliers to attach a chain to a bracelet. The bracelet is made up of small white beads and silver jewels. The person's nails are painted red, and they are wearing a ring on their left hand. The background is a wooden surface, and there is a red curtain in the background. The person's hands are steady as they work on the bracelet, and they seem to be experienced in jewelry making. The video is shot in a well-lit room, and the focus is on the person's hands and the bracelet.",T2V_data/label/vidgen_filter_gemini_part_0_dpo_15/WpkjEhq_wbc-Scene-0088/depth.mp4,T2V_data/label/vidgen_filter_gemini_part_0_dpo_15/WpkjEhq_wbc-Scene-0088/entity_80.png
T2V_data/VIDGEN-1M_unzip/WpkjEhq_wbc-Scene-0088.mp4,"In the video, a person is seen using pliers to attach a chain to a bracelet. The bracelet is made up of small white beads and silver jewels. The person's nails are painted red, and they are wearing a ring on their left hand. The background is a wooden surface, and there is a red curtain in the background. The person's hands are steady as they work on the bracelet, and they seem to be experienced in jewelry making. The video is shot in a well-lit room, and the focus is on the person's hands and the bracelet.",T2V_data/label/vidgen_filter_gemini_part_0_dpo_15/WpkjEhq_wbc-Scene-0088/entity_80.mp4,T2V_data/label/vidgen_filter_gemini_part_0_dpo_15/WpkjEhq_wbc-Scene-0088/entity_80.png
T2V_data/VIDGEN-1M_unzip/WrBHSfL5jxg-Scene-0024.mp4,"In the video, a person is seen working on a sink. The person is using a power tool to tighten the pipes under the sink. The person is wearing a yellow shirt and is holding the power tool in their right hand. The sink appears to be made of stainless steel and has a silver finish. The pipes under the sink are white and appear to be made of PVC. The person is wearing gloves and is carefully tightening the pipes to ensure they are secure. The background of the video is a dark color, possibly a wall or a cabinet.",T2V_data/label/vidgen_filter_gemini_part_0_dpo_15/WrBHSfL5jxg-Scene-0024/depth.mp4,T2V_data/label/vidgen_filter_gemini_part_0_dpo_15/WrBHSfL5jxg-Scene-0024/entity_40.png
T2V_data/VIDGEN-1M_unzip/WrBHSfL5jxg-Scene-0024.mp4,"In the video, a person is seen working on a sink. The person is using a power tool to tighten the pipes under the sink. The person is wearing a yellow shirt and is holding the power tool in their right hand. The sink appears to be made of stainless steel and has a silver finish. The pipes under the sink are white and appear to be made of PVC. The person is wearing gloves and is carefully tightening the pipes to ensure they are secure. The background of the video is a dark color, possibly a wall or a cabinet.",T2V_data/label/vidgen_filter_gemini_part_0_dpo_15/WrBHSfL5jxg-Scene-0024/entity_40.mp4,T2V_data/label/vidgen_filter_gemini_part_0_dpo_15/WrBHSfL5jxg-Scene-0024/entity_40.png
T2V_data/VIDGEN-1M_unzip/X-sr-EYQ8N8-Scene-0032.mp4,The video shows a cat playing with a white robotic vacuum cleaner. The cat is seen pawing at the vacuum cleaner and following it around the room. The vacuum cleaner has a red button on top and is moving around on the carpeted floor. The cat appears to be intrigued by the vacuum cleaner and is actively engaging with it.,T2V_data/label/vidgen_filter_gemini_part_0_dpo_15/X-sr-EYQ8N8-Scene-0032/depth.mp4,T2V_data/label/vidgen_filter_gemini_part_0_dpo_15/X-sr-EYQ8N8-Scene-0032/entity_40.png
T2V_data/VIDGEN-1M_unzip/X-sr-EYQ8N8-Scene-0032.mp4,The video shows a cat playing with a white robotic vacuum cleaner. The cat is seen pawing at the vacuum cleaner and following it around the room. The vacuum cleaner has a red button on top and is moving around on the carpeted floor. The cat appears to be intrigued by the vacuum cleaner and is actively engaging with it.,T2V_data/label/vidgen_filter_gemini_part_0_dpo_15/X-sr-EYQ8N8-Scene-0032/entity_40.mp4,T2V_data/label/vidgen_filter_gemini_part_0_dpo_15/X-sr-EYQ8N8-Scene-0032/entity_40.png
T2V_data/VIDGEN-1M_unzip/X03dq7eCB5A-Scene-0019.mp4,"The video shows a green military tank with a long barrel and a turret on top. The tank is moving across a field with tall grass and a concrete wall in the foreground. As the tank moves, it fires its cannon, and a large cloud of smoke is emitted from the barrel. The tank continues to move forward, and the smoke cloud grows larger as the video progresses.",T2V_data/label/vidgen_filter_gemini_part_0_dpo_15/X03dq7eCB5A-Scene-0019/depth.mp4,T2V_data/label/vidgen_filter_gemini_part_0_dpo_15/X03dq7eCB5A-Scene-0019/entity_20.png
T2V_data/VIDGEN-1M_unzip/X03dq7eCB5A-Scene-0019.mp4,"The video shows a green military tank with a long barrel and a turret on top. The tank is moving across a field with tall grass and a concrete wall in the foreground. As the tank moves, it fires its cannon, and a large cloud of smoke is emitted from the barrel. The tank continues to move forward, and the smoke cloud grows larger as the video progresses.",T2V_data/label/vidgen_filter_gemini_part_0_dpo_15/X03dq7eCB5A-Scene-0019/entity_20.mp4,T2V_data/label/vidgen_filter_gemini_part_0_dpo_15/X03dq7eCB5A-Scene-0019/entity_20.png
T2V_data/VIDGEN-1M_unzip/XhBS1GygFGw-Scene-0032.mp4,"The video shows a person's feet in a car. The person is wearing black shoes and is pressing down on the pedals. The car is in motion, and the person is shifting gears.",T2V_data/label/vidgen_filter_gemini_part_0_dpo_15/XhBS1GygFGw-Scene-0032/depth.mp4,T2V_data/label/vidgen_filter_gemini_part_0_dpo_15/XhBS1GygFGw-Scene-0032/entity_20.png
T2V_data/VIDGEN-1M_unzip/XhBS1GygFGw-Scene-0032.mp4,"The video shows a person's feet in a car. The person is wearing black shoes and is pressing down on the pedals. The car is in motion, and the person is shifting gears.",T2V_data/label/vidgen_filter_gemini_part_0_dpo_15/XhBS1GygFGw-Scene-0032/entity_20.mp4,T2V_data/label/vidgen_filter_gemini_part_0_dpo_15/XhBS1GygFGw-Scene-0032/entity_20.png
T2V_data/VIDGEN-1M_unzip/Y4Uz5Hijpbc-Scene-0031.mp4,"The video shows a football game in progress. The players are seen running on the field, with one player in a white jersey and another in a black jersey. The player in the white jersey is running towards the player in the black jersey, who is also running. The video is shot from a distance, making it difficult to see the details of the players' actions. The field is green with white markings, and there are no visible spectators in the stands.",T2V_data/label/vidgen_filter_gemini_part_0_dpo_15/Y4Uz5Hijpbc-Scene-0031/depth.mp4,T2V_data/label/vidgen_filter_gemini_part_0_dpo_15/Y4Uz5Hijpbc-Scene-0031/entity_20.png
T2V_data/VIDGEN-1M_unzip/Y4Uz5Hijpbc-Scene-0031.mp4,"The video shows a football game in progress. The players are seen running on the field, with one player in a white jersey and another in a black jersey. The player in the white jersey is running towards the player in the black jersey, who is also running. The video is shot from a distance, making it difficult to see the details of the players' actions. The field is green with white markings, and there are no visible spectators in the stands.",T2V_data/label/vidgen_filter_gemini_part_0_dpo_15/Y4Uz5Hijpbc-Scene-0031/entity_20.mp4,T2V_data/label/vidgen_filter_gemini_part_0_dpo_15/Y4Uz5Hijpbc-Scene-0031/entity_20.png
T2V_data/VIDGEN-1M_unzip/Y4Uz5Hijpbc-Scene-0031.mp4,"The video shows a football game in progress. The players are seen running on the field, with one player in a white jersey and another in a black jersey. The player in the white jersey is running towards the player in the black jersey, who is also running. The video is shot from a distance, making it difficult to see the details of the players' actions. The field is green with white markings, and there are no visible spectators in the stands.",T2V_data/label/vidgen_filter_gemini_part_0_dpo_15/Y4Uz5Hijpbc-Scene-0031/depth.mp4,T2V_data/label/vidgen_filter_gemini_part_0_dpo_15/Y4Uz5Hijpbc-Scene-0031/entity_60.png
T2V_data/VIDGEN-1M_unzip/Y4Uz5Hijpbc-Scene-0031.mp4,"The video shows a football game in progress. The players are seen running on the field, with one player in a white jersey and another in a black jersey. The player in the white jersey is running towards the player in the black jersey, who is also running. The video is shot from a distance, making it difficult to see the details of the players' actions. The field is green with white markings, and there are no visible spectators in the stands.",T2V_data/label/vidgen_filter_gemini_part_0_dpo_15/Y4Uz5Hijpbc-Scene-0031/entity_60.mp4,T2V_data/label/vidgen_filter_gemini_part_0_dpo_15/Y4Uz5Hijpbc-Scene-0031/entity_60.png
T2V_data/VIDGEN-1M_unzip/Yf7F4yUPpq0-Scene-0010.mp4,"In the video, a person is seen cooking in a pan. The person is holding a white box and pouring its contents into the pan. The contents of the box are not visible, but it appears to be some kind of food. The person then stirs the contents of the pan with a wooden spoon. The pan is placed on a stove, and the person is wearing a white shirt. The video is shot in a kitchen setting, and the person appears to be following a recipe.",T2V_data/label/vidgen_filter_gemini_part_0_dpo_15/Yf7F4yUPpq0-Scene-0010/depth.mp4,T2V_data/label/vidgen_filter_gemini_part_0_dpo_15/Yf7F4yUPpq0-Scene-0010/entity_60.png
T2V_data/VIDGEN-1M_unzip/Yf7F4yUPpq0-Scene-0010.mp4,"In the video, a person is seen cooking in a pan. The person is holding a white box and pouring its contents into the pan. The contents of the box are not visible, but it appears to be some kind of food. The person then stirs the contents of the pan with a wooden spoon. The pan is placed on a stove, and the person is wearing a white shirt. The video is shot in a kitchen setting, and the person appears to be following a recipe.",T2V_data/label/vidgen_filter_gemini_part_0_dpo_15/Yf7F4yUPpq0-Scene-0010/entity_60.mp4,T2V_data/label/vidgen_filter_gemini_part_0_dpo_15/Yf7F4yUPpq0-Scene-0010/entity_60.png
T2V_data/VIDGEN-1M_unzip/YgNhN2lJLdM-Scene-0021.mp4,"The video shows a person wearing gloves cutting a zucchini on a wooden cutting board. The person is using a knife to slice the zucchini into pieces. The zucchini is green and appears to be fresh. The cutting board is made of wood and has a smooth surface. The person's hands are steady as they cut the zucchini, and the knife moves smoothly through the vegetable. The video is shot from a close-up angle, focusing on the cutting action.",T2V_data/label/vidgen_filter_gemini_part_0_dpo_15/YgNhN2lJLdM-Scene-0021/depth.mp4,T2V_data/label/vidgen_filter_gemini_part_0_dpo_15/YgNhN2lJLdM-Scene-0021/entity_40.png
T2V_data/VIDGEN-1M_unzip/YgNhN2lJLdM-Scene-0021.mp4,"The video shows a person wearing gloves cutting a zucchini on a wooden cutting board. The person is using a knife to slice the zucchini into pieces. The zucchini is green and appears to be fresh. The cutting board is made of wood and has a smooth surface. The person's hands are steady as they cut the zucchini, and the knife moves smoothly through the vegetable. The video is shot from a close-up angle, focusing on the cutting action.",T2V_data/label/vidgen_filter_gemini_part_0_dpo_15/YgNhN2lJLdM-Scene-0021/entity_40.mp4,T2V_data/label/vidgen_filter_gemini_part_0_dpo_15/YgNhN2lJLdM-Scene-0021/entity_40.png
T2V_data/VIDGEN-1M_unzip/YiBOeNFsXHE-Scene-0099.mp4,"The video shows a person's hands using a pair of pliers to cut a piece of wire. The wire is multicolored and is placed on a wooden surface. The person's hands are visible, and they are wearing a blue shirt. The pliers are red and silver in color. The wire is cut into several pieces, and the person's hands are shown picking up and examining the pieces.",T2V_data/label/vidgen_filter_gemini_part_0_dpo_15/YiBOeNFsXHE-Scene-0099/depth.mp4,T2V_data/label/vidgen_filter_gemini_part_0_dpo_15/YiBOeNFsXHE-Scene-0099/entity_40.png
T2V_data/VIDGEN-1M_unzip/YiBOeNFsXHE-Scene-0099.mp4,"The video shows a person's hands using a pair of pliers to cut a piece of wire. The wire is multicolored and is placed on a wooden surface. The person's hands are visible, and they are wearing a blue shirt. The pliers are red and silver in color. The wire is cut into several pieces, and the person's hands are shown picking up and examining the pieces.",T2V_data/label/vidgen_filter_gemini_part_0_dpo_15/YiBOeNFsXHE-Scene-0099/entity_40.mp4,T2V_data/label/vidgen_filter_gemini_part_0_dpo_15/YiBOeNFsXHE-Scene-0099/entity_40.png
T2V_data/VIDGEN-1M_unzip/Z1I9ubI5aIc-Scene-0007.mp4,"The video shows a close-up of a person's hand holding a wrench and turning it on a bolt. The bolt is part of a larger machine, which is not fully visible in the frame. The person's hand is steady, and the wrench is being turned in a clockwise direction. The bolt appears to be rusted, indicating that the machine may be old or not well-maintained. The background is blurred, but it seems to be an industrial setting. There is no visible title or subtitle in the video.",T2V_data/label/vidgen_filter_gemini_part_0_dpo_15/Z1I9ubI5aIc-Scene-0007/depth.mp4,T2V_data/label/vidgen_filter_gemini_part_0_dpo_15/Z1I9ubI5aIc-Scene-0007/entity_40.png
T2V_data/VIDGEN-1M_unzip/Z1I9ubI5aIc-Scene-0007.mp4,"The video shows a close-up of a person's hand holding a wrench and turning it on a bolt. The bolt is part of a larger machine, which is not fully visible in the frame. The person's hand is steady, and the wrench is being turned in a clockwise direction. The bolt appears to be rusted, indicating that the machine may be old or not well-maintained. The background is blurred, but it seems to be an industrial setting. There is no visible title or subtitle in the video.",T2V_data/label/vidgen_filter_gemini_part_0_dpo_15/Z1I9ubI5aIc-Scene-0007/entity_40.mp4,T2V_data/label/vidgen_filter_gemini_part_0_dpo_15/Z1I9ubI5aIc-Scene-0007/entity_40.png
T2V_data/VIDGEN-1M_unzip/Z62sR7UlExc-Scene-0028.mp4,The video shows a basketball game in progress. The players are wearing blue and white uniforms. The player in the blue uniform is dribbling the ball and making a move towards the basket. The player in the white uniform is trying to block him. The player in the blue uniform is able to make a shot and score a basket. The crowd is cheering and the scoreboard is visible in the background.,T2V_data/label/vidgen_filter_gemini_part_0_dpo_15/Z62sR7UlExc-Scene-0028/depth.mp4,T2V_data/label/vidgen_filter_gemini_part_0_dpo_15/Z62sR7UlExc-Scene-0028/entity_60.png
T2V_data/VIDGEN-1M_unzip/Z62sR7UlExc-Scene-0028.mp4,The video shows a basketball game in progress. The players are wearing blue and white uniforms. The player in the blue uniform is dribbling the ball and making a move towards the basket. The player in the white uniform is trying to block him. The player in the blue uniform is able to make a shot and score a basket. The crowd is cheering and the scoreboard is visible in the background.,T2V_data/label/vidgen_filter_gemini_part_0_dpo_15/Z62sR7UlExc-Scene-0028/entity_60.mp4,T2V_data/label/vidgen_filter_gemini_part_0_dpo_15/Z62sR7UlExc-Scene-0028/entity_60.png
T2V_data/VIDGEN-1M_unzip/ZOvkUjiUL7I-Scene-0148.mp4,"The video shows a person surfing on a white surfboard with a black logo on the front. The surfer is wearing black gloves and is riding a wave in the ocean. The water is clear and the waves are moderate in size. The surfer is seen paddling and then standing up on the board to ride the wave. The camera angle is from the surfer's point of view, looking down at the board and the water.",T2V_data/label/vidgen_filter_gemini_part_0_dpo_15/ZOvkUjiUL7I-Scene-0148/depth.mp4,T2V_data/label/vidgen_filter_gemini_part_0_dpo_15/ZOvkUjiUL7I-Scene-0148/entity_20.png
T2V_data/VIDGEN-1M_unzip/ZOvkUjiUL7I-Scene-0148.mp4,"The video shows a person surfing on a white surfboard with a black logo on the front. The surfer is wearing black gloves and is riding a wave in the ocean. The water is clear and the waves are moderate in size. The surfer is seen paddling and then standing up on the board to ride the wave. The camera angle is from the surfer's point of view, looking down at the board and the water.",T2V_data/label/vidgen_filter_gemini_part_0_dpo_15/ZOvkUjiUL7I-Scene-0148/entity_20.mp4,T2V_data/label/vidgen_filter_gemini_part_0_dpo_15/ZOvkUjiUL7I-Scene-0148/entity_20.png
T2V_data/VIDGEN-1M_unzip/ZW-knv0sJ3w-Scene-0053.mp4,"The video shows a person's hands holding a loom with rubber bands. The person is using a hook to weave the bands together. The loom is made up of several rows of bands, and the person is working on the top row. The bands are clear and pink, and the loom is made of plastic. The person's hands are steady as they work on the loom.",T2V_data/label/vidgen_filter_gemini_part_0_dpo_15/ZW-knv0sJ3w-Scene-0053/depth.mp4,T2V_data/label/vidgen_filter_gemini_part_0_dpo_15/ZW-knv0sJ3w-Scene-0053/entity_40.png
T2V_data/VIDGEN-1M_unzip/ZW-knv0sJ3w-Scene-0053.mp4,"The video shows a person's hands holding a loom with rubber bands. The person is using a hook to weave the bands together. The loom is made up of several rows of bands, and the person is working on the top row. The bands are clear and pink, and the loom is made of plastic. The person's hands are steady as they work on the loom.",T2V_data/label/vidgen_filter_gemini_part_0_dpo_15/ZW-knv0sJ3w-Scene-0053/entity_40.mp4,T2V_data/label/vidgen_filter_gemini_part_0_dpo_15/ZW-knv0sJ3w-Scene-0053/entity_40.png
T2V_data/VIDGEN-1M_unzip/ZXyY_foOel0-Scene-0008.mp4,"The video begins with a close-up shot of a person's hands as they open a laptop. The laptop is silver in color and has a black keyboard. The person's hands are adorned with a ring on their left hand. They proceed to type on the keyboard, with their fingers moving quickly over the keys. The video is shot from a top-down perspective, focusing on the laptop and the person's hands. The background is blurred, but it appears to be a room with white walls.",T2V_data/label/vidgen_filter_gemini_part_0_dpo_15/ZXyY_foOel0-Scene-0008/depth.mp4,T2V_data/label/vidgen_filter_gemini_part_0_dpo_15/ZXyY_foOel0-Scene-0008/entity_100.png
T2V_data/VIDGEN-1M_unzip/ZXyY_foOel0-Scene-0008.mp4,"The video begins with a close-up shot of a person's hands as they open a laptop. The laptop is silver in color and has a black keyboard. The person's hands are adorned with a ring on their left hand. They proceed to type on the keyboard, with their fingers moving quickly over the keys. The video is shot from a top-down perspective, focusing on the laptop and the person's hands. The background is blurred, but it appears to be a room with white walls.",T2V_data/label/vidgen_filter_gemini_part_0_dpo_15/ZXyY_foOel0-Scene-0008/entity_100.mp4,T2V_data/label/vidgen_filter_gemini_part_0_dpo_15/ZXyY_foOel0-Scene-0008/entity_100.png
T2V_data/VIDGEN-1M_unzip/ZXyY_foOel0-Scene-0008.mp4,"The video begins with a close-up shot of a person's hands as they open a laptop. The laptop is silver in color and has a black keyboard. The person's hands are adorned with a ring on their left hand. They proceed to type on the keyboard, with their fingers moving quickly over the keys. The video is shot from a top-down perspective, focusing on the laptop and the person's hands. The background is blurred, but it appears to be a room with white walls.",T2V_data/label/vidgen_filter_gemini_part_0_dpo_15/ZXyY_foOel0-Scene-0008/depth.mp4,T2V_data/label/vidgen_filter_gemini_part_0_dpo_15/ZXyY_foOel0-Scene-0008/entity_80.png
T2V_data/VIDGEN-1M_unzip/ZXyY_foOel0-Scene-0008.mp4,"The video begins with a close-up shot of a person's hands as they open a laptop. The laptop is silver in color and has a black keyboard. The person's hands are adorned with a ring on their left hand. They proceed to type on the keyboard, with their fingers moving quickly over the keys. The video is shot from a top-down perspective, focusing on the laptop and the person's hands. The background is blurred, but it appears to be a room with white walls.",T2V_data/label/vidgen_filter_gemini_part_0_dpo_15/ZXyY_foOel0-Scene-0008/entity_80.mp4,T2V_data/label/vidgen_filter_gemini_part_0_dpo_15/ZXyY_foOel0-Scene-0008/entity_80.png
T2V_data/VIDGEN-1M_unzip/ZctBxr_HJV8-Scene-0054.mp4,"In the video, a person is seen using a hand mixer to mix a white substance, which appears to be some kind of batter or dough, in a large white bowl. The person's hand is visible, and they are using a metal spatula to scrape the sides of the bowl and to fold the mixture. The hand mixer has two beaters, and the person is using both of them to mix the substance. The person's hand is adorned with purple nail polish. The background is a kitchen counter with various objects, including a container of baking soda.",T2V_data/label/vidgen_filter_gemini_part_0_dpo_15/ZctBxr_HJV8-Scene-0054/depth.mp4,T2V_data/label/vidgen_filter_gemini_part_0_dpo_15/ZctBxr_HJV8-Scene-0054/entity_60.png
T2V_data/VIDGEN-1M_unzip/ZctBxr_HJV8-Scene-0054.mp4,"In the video, a person is seen using a hand mixer to mix a white substance, which appears to be some kind of batter or dough, in a large white bowl. The person's hand is visible, and they are using a metal spatula to scrape the sides of the bowl and to fold the mixture. The hand mixer has two beaters, and the person is using both of them to mix the substance. The person's hand is adorned with purple nail polish. The background is a kitchen counter with various objects, including a container of baking soda.",T2V_data/label/vidgen_filter_gemini_part_0_dpo_15/ZctBxr_HJV8-Scene-0054/entity_60.mp4,T2V_data/label/vidgen_filter_gemini_part_0_dpo_15/ZctBxr_HJV8-Scene-0054/entity_60.png
T2V_data/VIDGEN-1M_unzip/ZdteiPhvC3c-Scene-0039.mp4,"The video features a person in a pink top and a white apron standing in a kitchen. They are holding a clear glass bowl containing two eggs. The person then proceeds to pour a clear liquid, possibly water, into the bowl. After that, they use an electric mixer to blend the contents of the bowl. The mixer has two metal beaters and a light blue handle. The person uses the mixer to blend the eggs and liquid until they are well mixed.",T2V_data/label/vidgen_filter_gemini_part_0_dpo_15/ZdteiPhvC3c-Scene-0039/depth.mp4,T2V_data/label/vidgen_filter_gemini_part_0_dpo_15/ZdteiPhvC3c-Scene-0039/entity_60.png
T2V_data/VIDGEN-1M_unzip/ZdteiPhvC3c-Scene-0039.mp4,"The video features a person in a pink top and a white apron standing in a kitchen. They are holding a clear glass bowl containing two eggs. The person then proceeds to pour a clear liquid, possibly water, into the bowl. After that, they use an electric mixer to blend the contents of the bowl. The mixer has two metal beaters and a light blue handle. The person uses the mixer to blend the eggs and liquid until they are well mixed.",T2V_data/label/vidgen_filter_gemini_part_0_dpo_15/ZdteiPhvC3c-Scene-0039/entity_60.mp4,T2V_data/label/vidgen_filter_gemini_part_0_dpo_15/ZdteiPhvC3c-Scene-0039/entity_60.png
T2V_data/VIDGEN-1M_unzip/_LJrrBNRP6g-Scene-0116.mp4,"In the video, a woman is seen holding a bow and arrow, aiming at a deer target. She shoots the arrow, and it hits the target. The woman then pulls out another arrow and continues shooting at the target. The video captures the woman's archery skills as she hits the target multiple times. The setting appears to be a forest or wooded area, and the woman is dressed in casual clothing. The video is shot during the day, and the lighting is natural. The woman's movements are steady and precise as she takes aim and releases the arrows. The target is stationary, and the woman's focus is solely on hitting it.",T2V_data/label/vidgen_filter_gemini_part_0_dpo_15/_LJrrBNRP6g-Scene-0116/depth.mp4,T2V_data/label/vidgen_filter_gemini_part_0_dpo_15/_LJrrBNRP6g-Scene-0116/entity_80.png
T2V_data/VIDGEN-1M_unzip/_LJrrBNRP6g-Scene-0116.mp4,"In the video, a woman is seen holding a bow and arrow, aiming at a deer target. She shoots the arrow, and it hits the target. The woman then pulls out another arrow and continues shooting at the target. The video captures the woman's archery skills as she hits the target multiple times. The setting appears to be a forest or wooded area, and the woman is dressed in casual clothing. The video is shot during the day, and the lighting is natural. The woman's movements are steady and precise as she takes aim and releases the arrows. The target is stationary, and the woman's focus is solely on hitting it.",T2V_data/label/vidgen_filter_gemini_part_0_dpo_15/_LJrrBNRP6g-Scene-0116/entity_80.mp4,T2V_data/label/vidgen_filter_gemini_part_0_dpo_15/_LJrrBNRP6g-Scene-0116/entity_80.png
T2V_data/VIDGEN-1M_unzip/_QqB2olKHZc-Scene-0037.mp4,"The video shows a person in a white spacesuit with a backpack walking on the moon's surface. The person is planting an American flag into the ground. The flag is red, white, and blue with stars and stripes. The moon's surface is grey and rocky.",T2V_data/label/vidgen_filter_gemini_part_0_dpo_15/_QqB2olKHZc-Scene-0037/depth.mp4,T2V_data/label/vidgen_filter_gemini_part_0_dpo_15/_QqB2olKHZc-Scene-0037/entity_40.png
T2V_data/VIDGEN-1M_unzip/_QqB2olKHZc-Scene-0037.mp4,"The video shows a person in a white spacesuit with a backpack walking on the moon's surface. The person is planting an American flag into the ground. The flag is red, white, and blue with stars and stripes. The moon's surface is grey and rocky.",T2V_data/label/vidgen_filter_gemini_part_0_dpo_15/_QqB2olKHZc-Scene-0037/entity_40.mp4,T2V_data/label/vidgen_filter_gemini_part_0_dpo_15/_QqB2olKHZc-Scene-0037/entity_40.png
T2V_data/VIDGEN-1M_unzip/_RDpKm1hruA-Scene-0097.mp4,The video shows a child in a red jacket and black pants playing in the sand on a beach. The child is digging a hole in the sand and then filling it back up with sand. There are several beach chairs and towels in the background.,T2V_data/label/vidgen_filter_gemini_part_0_dpo_15/_RDpKm1hruA-Scene-0097/depth.mp4,T2V_data/label/vidgen_filter_gemini_part_0_dpo_15/_RDpKm1hruA-Scene-0097/entity_20.png
T2V_data/VIDGEN-1M_unzip/_RDpKm1hruA-Scene-0097.mp4,The video shows a child in a red jacket and black pants playing in the sand on a beach. The child is digging a hole in the sand and then filling it back up with sand. There are several beach chairs and towels in the background.,T2V_data/label/vidgen_filter_gemini_part_0_dpo_15/_RDpKm1hruA-Scene-0097/entity_20.mp4,T2V_data/label/vidgen_filter_gemini_part_0_dpo_15/_RDpKm1hruA-Scene-0097/entity_20.png
T2V_data/VIDGEN-1M_unzip/_mFfeZe9chI-Scene-0119.mp4,"In the video, there are two plastic bottles with water and goldfish inside. The bottles are connected by a tube, and the goldfish are swimming through it. The bottles are placed on a black surface, and the background is white. The goldfish are orange and white, and they are moving around in the water. The tube appears to be made of clear plastic, and the bottles are transparent. The video shows the goldfish swimming in different directions, and the water is moving around them.",T2V_data/label/vidgen_filter_gemini_part_0_dpo_15/_mFfeZe9chI-Scene-0119/depth.mp4,T2V_data/label/vidgen_filter_gemini_part_0_dpo_15/_mFfeZe9chI-Scene-0119/entity_20.png
T2V_data/VIDGEN-1M_unzip/_mFfeZe9chI-Scene-0119.mp4,"In the video, there are two plastic bottles with water and goldfish inside. The bottles are connected by a tube, and the goldfish are swimming through it. The bottles are placed on a black surface, and the background is white. The goldfish are orange and white, and they are moving around in the water. The tube appears to be made of clear plastic, and the bottles are transparent. The video shows the goldfish swimming in different directions, and the water is moving around them.",T2V_data/label/vidgen_filter_gemini_part_0_dpo_15/_mFfeZe9chI-Scene-0119/entity_20.mp4,T2V_data/label/vidgen_filter_gemini_part_0_dpo_15/_mFfeZe9chI-Scene-0119/entity_20.png
T2V_data/VIDGEN-1M_unzip/_oXx4ZkcMfQ-Scene-0074.mp4,"In the video, a person is seen using a tool to work on a piece of metal. The tool is inserted into the metal, and the person uses it to turn and adjust the metal. The person's hands are visible, and they appear to be skilled in using the tool. The metal is held in place by a vise, which is also visible in the video. The background is cluttered with various tools and equipment, indicating that the person is likely in a workshop or garage. The lighting is bright, and the colors in the video are mostly muted, with the metal and the tool being the most prominent.",T2V_data/label/vidgen_filter_gemini_part_0_dpo_15/_oXx4ZkcMfQ-Scene-0074/depth.mp4,T2V_data/label/vidgen_filter_gemini_part_0_dpo_15/_oXx4ZkcMfQ-Scene-0074/entity_40.png
T2V_data/VIDGEN-1M_unzip/_oXx4ZkcMfQ-Scene-0074.mp4,"In the video, a person is seen using a tool to work on a piece of metal. The tool is inserted into the metal, and the person uses it to turn and adjust the metal. The person's hands are visible, and they appear to be skilled in using the tool. The metal is held in place by a vise, which is also visible in the video. The background is cluttered with various tools and equipment, indicating that the person is likely in a workshop or garage. The lighting is bright, and the colors in the video are mostly muted, with the metal and the tool being the most prominent.",T2V_data/label/vidgen_filter_gemini_part_0_dpo_15/_oXx4ZkcMfQ-Scene-0074/entity_40.mp4,T2V_data/label/vidgen_filter_gemini_part_0_dpo_15/_oXx4ZkcMfQ-Scene-0074/entity_40.png
T2V_data/VIDGEN-1M_unzip/a5nZqTGS6wc-Scene-0083.mp4,"In the video, a person is seen applying a clear film to the side of a car. The person uses a tool to smooth out the film and ensure it adheres properly to the car's surface. The car appears to be parked in a garage or indoor area, and the lighting is dim. The person's hands are visible, but their face is not shown. The film is transparent and seems to be made of a thin, flexible material. The car's color is not clearly visible due to the lighting, but it appears to be a dark color. The person's movements are deliberate and careful, indicating that they are experienced in applying this type of film.",T2V_data/label/vidgen_filter_gemini_part_0_dpo_15/a5nZqTGS6wc-Scene-0083/depth.mp4,T2V_data/label/vidgen_filter_gemini_part_0_dpo_15/a5nZqTGS6wc-Scene-0083/entity_40.png
T2V_data/VIDGEN-1M_unzip/a5nZqTGS6wc-Scene-0083.mp4,"In the video, a person is seen applying a clear film to the side of a car. The person uses a tool to smooth out the film and ensure it adheres properly to the car's surface. The car appears to be parked in a garage or indoor area, and the lighting is dim. The person's hands are visible, but their face is not shown. The film is transparent and seems to be made of a thin, flexible material. The car's color is not clearly visible due to the lighting, but it appears to be a dark color. The person's movements are deliberate and careful, indicating that they are experienced in applying this type of film.",T2V_data/label/vidgen_filter_gemini_part_0_dpo_15/a5nZqTGS6wc-Scene-0083/entity_40.mp4,T2V_data/label/vidgen_filter_gemini_part_0_dpo_15/a5nZqTGS6wc-Scene-0083/entity_40.png
T2V_data/VIDGEN-1M_unzip/a6JGkjJuBqs-Scene-0009.mp4,"The video shows two men in a park doing push-ups. They are both wearing black jackets and black pants. The man on the left is wearing black gloves, while the man on the right is not wearing any gloves. They are both doing push-ups on a green grassy area with trees and a playground in the background. The sky is blue with some clouds.",T2V_data/label/vidgen_filter_gemini_part_0_dpo_15/a6JGkjJuBqs-Scene-0009/depth.mp4,T2V_data/label/vidgen_filter_gemini_part_0_dpo_15/a6JGkjJuBqs-Scene-0009/entity_20.png
T2V_data/VIDGEN-1M_unzip/a6JGkjJuBqs-Scene-0009.mp4,"The video shows two men in a park doing push-ups. They are both wearing black jackets and black pants. The man on the left is wearing black gloves, while the man on the right is not wearing any gloves. They are both doing push-ups on a green grassy area with trees and a playground in the background. The sky is blue with some clouds.",T2V_data/label/vidgen_filter_gemini_part_0_dpo_15/a6JGkjJuBqs-Scene-0009/entity_20.mp4,T2V_data/label/vidgen_filter_gemini_part_0_dpo_15/a6JGkjJuBqs-Scene-0009/entity_20.png
T2V_data/VIDGEN-1M_unzip/aJah23-gJNk-Scene-0018.mp4,"In the video, a woman is seen using a curling iron to style her hair. She starts by sectioning off a small portion of her hair and then wraps it around the barrel of the curling iron. She then twists the iron slightly to create a curl and holds it for a few seconds before releasing it to reveal a perfectly curled strand of hair. The woman repeats this process with several sections of her hair, creating a full head of bouncy curls. The video is shot in a well-lit room, and the woman's hair is blonde. The curling iron appears to be a professional-grade tool, with a black handle and a silver barrel.",T2V_data/label/vidgen_filter_gemini_part_0_dpo_15/aJah23-gJNk-Scene-0018/depth.mp4,T2V_data/label/vidgen_filter_gemini_part_0_dpo_15/aJah23-gJNk-Scene-0018/entity_40.png
T2V_data/VIDGEN-1M_unzip/aJah23-gJNk-Scene-0018.mp4,"In the video, a woman is seen using a curling iron to style her hair. She starts by sectioning off a small portion of her hair and then wraps it around the barrel of the curling iron. She then twists the iron slightly to create a curl and holds it for a few seconds before releasing it to reveal a perfectly curled strand of hair. The woman repeats this process with several sections of her hair, creating a full head of bouncy curls. The video is shot in a well-lit room, and the woman's hair is blonde. The curling iron appears to be a professional-grade tool, with a black handle and a silver barrel.",T2V_data/label/vidgen_filter_gemini_part_0_dpo_15/aJah23-gJNk-Scene-0018/entity_40.mp4,T2V_data/label/vidgen_filter_gemini_part_0_dpo_15/aJah23-gJNk-Scene-0018/entity_40.png
T2V_data/VIDGEN-1M_unzip/aJah23-gJNk-Scene-0018.mp4,"In the video, a woman is seen using a curling iron to style her hair. She starts by sectioning off a small portion of her hair and then wraps it around the barrel of the curling iron. She then twists the iron slightly to create a curl and holds it for a few seconds before releasing it to reveal a perfectly curled strand of hair. The woman repeats this process with several sections of her hair, creating a full head of bouncy curls. The video is shot in a well-lit room, and the woman's hair is blonde. The curling iron appears to be a professional-grade tool, with a black handle and a silver barrel.",T2V_data/label/vidgen_filter_gemini_part_0_dpo_15/aJah23-gJNk-Scene-0018/depth.mp4,T2V_data/label/vidgen_filter_gemini_part_0_dpo_15/aJah23-gJNk-Scene-0018/entity_60.png
T2V_data/VIDGEN-1M_unzip/aJah23-gJNk-Scene-0018.mp4,"In the video, a woman is seen using a curling iron to style her hair. She starts by sectioning off a small portion of her hair and then wraps it around the barrel of the curling iron. She then twists the iron slightly to create a curl and holds it for a few seconds before releasing it to reveal a perfectly curled strand of hair. The woman repeats this process with several sections of her hair, creating a full head of bouncy curls. The video is shot in a well-lit room, and the woman's hair is blonde. The curling iron appears to be a professional-grade tool, with a black handle and a silver barrel.",T2V_data/label/vidgen_filter_gemini_part_0_dpo_15/aJah23-gJNk-Scene-0018/entity_60.mp4,T2V_data/label/vidgen_filter_gemini_part_0_dpo_15/aJah23-gJNk-Scene-0018/entity_60.png
T2V_data/VIDGEN-1M_unzip/aLd6i0VSH2M-Scene-0041.mp4,"In the video, a young man is seen holding a clear plastic cup. He is pouring a pink liquid into the cup from a blender. The liquid appears to be a strawberry milkshake. The man is wearing a black shirt and has a name tag on his chest. The background is a kitchen with white cabinets and a window.",T2V_data/label/vidgen_filter_gemini_part_0_dpo_15/aLd6i0VSH2M-Scene-0041/depth.mp4,T2V_data/label/vidgen_filter_gemini_part_0_dpo_15/aLd6i0VSH2M-Scene-0041/entity_40.png
T2V_data/VIDGEN-1M_unzip/aLd6i0VSH2M-Scene-0041.mp4,"In the video, a young man is seen holding a clear plastic cup. He is pouring a pink liquid into the cup from a blender. The liquid appears to be a strawberry milkshake. The man is wearing a black shirt and has a name tag on his chest. The background is a kitchen with white cabinets and a window.",T2V_data/label/vidgen_filter_gemini_part_0_dpo_15/aLd6i0VSH2M-Scene-0041/entity_40.mp4,T2V_data/label/vidgen_filter_gemini_part_0_dpo_15/aLd6i0VSH2M-Scene-0041/entity_40.png
T2V_data/VIDGEN-1M_unzip/aMh5PKDi2Z4-Scene-0010.mp4,"In the video, a person is seen using a knife to cut up a carrot on a green cutting board. The person is wearing a black and white apron and is using a silver knife. The carrot is being cut into small pieces. The cutting board is placed on a countertop, and there is a piece of paper with writing on it next to the cutting board. The person's hands are visible as they hold the carrot and knife, and they are using a chopping motion to cut the carrot.",T2V_data/label/vidgen_filter_gemini_part_0_dpo_15/aMh5PKDi2Z4-Scene-0010/depth.mp4,T2V_data/label/vidgen_filter_gemini_part_0_dpo_15/aMh5PKDi2Z4-Scene-0010/entity_60.png
T2V_data/VIDGEN-1M_unzip/aMh5PKDi2Z4-Scene-0010.mp4,"In the video, a person is seen using a knife to cut up a carrot on a green cutting board. The person is wearing a black and white apron and is using a silver knife. The carrot is being cut into small pieces. The cutting board is placed on a countertop, and there is a piece of paper with writing on it next to the cutting board. The person's hands are visible as they hold the carrot and knife, and they are using a chopping motion to cut the carrot.",T2V_data/label/vidgen_filter_gemini_part_0_dpo_15/aMh5PKDi2Z4-Scene-0010/entity_60.mp4,T2V_data/label/vidgen_filter_gemini_part_0_dpo_15/aMh5PKDi2Z4-Scene-0010/entity_60.png
T2V_data/VIDGEN-1M_unzip/aN9tn1E3tDs-Scene-0015.mp4,"The video begins with a purple and a blue rectangular object placed side by side against a black background. The blue object has a pattern of yellow flowers on it. As the video progresses, the yellow flowers on the blue object start to disappear, and the purple object begins to move towards the blue object. The purple object eventually collides with the blue object, and the video ends with the two objects touching.",T2V_data/label/vidgen_filter_gemini_part_0_dpo_15/aN9tn1E3tDs-Scene-0015/depth.mp4,T2V_data/label/vidgen_filter_gemini_part_0_dpo_15/aN9tn1E3tDs-Scene-0015/entity_60.png
T2V_data/VIDGEN-1M_unzip/aN9tn1E3tDs-Scene-0015.mp4,"The video begins with a purple and a blue rectangular object placed side by side against a black background. The blue object has a pattern of yellow flowers on it. As the video progresses, the yellow flowers on the blue object start to disappear, and the purple object begins to move towards the blue object. The purple object eventually collides with the blue object, and the video ends with the two objects touching.",T2V_data/label/vidgen_filter_gemini_part_0_dpo_15/aN9tn1E3tDs-Scene-0015/entity_60.mp4,T2V_data/label/vidgen_filter_gemini_part_0_dpo_15/aN9tn1E3tDs-Scene-0015/entity_60.png
T2V_data/VIDGEN-1M_unzip/aXtM577cpTY-Scene-0024.mp4,"In the video, a person is seen pouring a dark liquid from a metal pot into a bucket. The person then dips a metal object into the bucket and begins to scrub it with a brush. The person's hands are covered in black gloves, and they are wearing a gray sweatshirt. The bucket is orange and has a white label on it. The metal object being cleaned appears to be a pan or a pot. The liquid in the bucket is dark and has a viscous consistency. The person scrubs the metal object thoroughly, ensuring that all sides are cleaned. The background is a nondescript gray surface, and there are no other objects or people visible in the video.",T2V_data/label/vidgen_filter_gemini_part_0_dpo_15/aXtM577cpTY-Scene-0024/depth.mp4,T2V_data/label/vidgen_filter_gemini_part_0_dpo_15/aXtM577cpTY-Scene-0024/entity_20.png
T2V_data/VIDGEN-1M_unzip/aXtM577cpTY-Scene-0024.mp4,"In the video, a person is seen pouring a dark liquid from a metal pot into a bucket. The person then dips a metal object into the bucket and begins to scrub it with a brush. The person's hands are covered in black gloves, and they are wearing a gray sweatshirt. The bucket is orange and has a white label on it. The metal object being cleaned appears to be a pan or a pot. The liquid in the bucket is dark and has a viscous consistency. The person scrubs the metal object thoroughly, ensuring that all sides are cleaned. The background is a nondescript gray surface, and there are no other objects or people visible in the video.",T2V_data/label/vidgen_filter_gemini_part_0_dpo_15/aXtM577cpTY-Scene-0024/entity_20.mp4,T2V_data/label/vidgen_filter_gemini_part_0_dpo_15/aXtM577cpTY-Scene-0024/entity_20.png
T2V_data/VIDGEN-1M_unzip/aXtM577cpTY-Scene-0024.mp4,"In the video, a person is seen pouring a dark liquid from a metal pot into a bucket. The person then dips a metal object into the bucket and begins to scrub it with a brush. The person's hands are covered in black gloves, and they are wearing a gray sweatshirt. The bucket is orange and has a white label on it. The metal object being cleaned appears to be a pan or a pot. The liquid in the bucket is dark and has a viscous consistency. The person scrubs the metal object thoroughly, ensuring that all sides are cleaned. The background is a nondescript gray surface, and there are no other objects or people visible in the video.",T2V_data/label/vidgen_filter_gemini_part_0_dpo_15/aXtM577cpTY-Scene-0024/depth.mp4,T2V_data/label/vidgen_filter_gemini_part_0_dpo_15/aXtM577cpTY-Scene-0024/entity_40.png
T2V_data/VIDGEN-1M_unzip/aXtM577cpTY-Scene-0024.mp4,"In the video, a person is seen pouring a dark liquid from a metal pot into a bucket. The person then dips a metal object into the bucket and begins to scrub it with a brush. The person's hands are covered in black gloves, and they are wearing a gray sweatshirt. The bucket is orange and has a white label on it. The metal object being cleaned appears to be a pan or a pot. The liquid in the bucket is dark and has a viscous consistency. The person scrubs the metal object thoroughly, ensuring that all sides are cleaned. The background is a nondescript gray surface, and there are no other objects or people visible in the video.",T2V_data/label/vidgen_filter_gemini_part_0_dpo_15/aXtM577cpTY-Scene-0024/entity_40.mp4,T2V_data/label/vidgen_filter_gemini_part_0_dpo_15/aXtM577cpTY-Scene-0024/entity_40.png
T2V_data/VIDGEN-1M_unzip/aXtM577cpTY-Scene-0024.mp4,"In the video, a person is seen pouring a dark liquid from a metal pot into a bucket. The person then dips a metal object into the bucket and begins to scrub it with a brush. The person's hands are covered in black gloves, and they are wearing a gray sweatshirt. The bucket is orange and has a white label on it. The metal object being cleaned appears to be a pan or a pot. The liquid in the bucket is dark and has a viscous consistency. The person scrubs the metal object thoroughly, ensuring that all sides are cleaned. The background is a nondescript gray surface, and there are no other objects or people visible in the video.",T2V_data/label/vidgen_filter_gemini_part_0_dpo_15/aXtM577cpTY-Scene-0024/depth.mp4,T2V_data/label/vidgen_filter_gemini_part_0_dpo_15/aXtM577cpTY-Scene-0024/entity_60.png
T2V_data/VIDGEN-1M_unzip/aXtM577cpTY-Scene-0024.mp4,"In the video, a person is seen pouring a dark liquid from a metal pot into a bucket. The person then dips a metal object into the bucket and begins to scrub it with a brush. The person's hands are covered in black gloves, and they are wearing a gray sweatshirt. The bucket is orange and has a white label on it. The metal object being cleaned appears to be a pan or a pot. The liquid in the bucket is dark and has a viscous consistency. The person scrubs the metal object thoroughly, ensuring that all sides are cleaned. The background is a nondescript gray surface, and there are no other objects or people visible in the video.",T2V_data/label/vidgen_filter_gemini_part_0_dpo_15/aXtM577cpTY-Scene-0024/entity_60.mp4,T2V_data/label/vidgen_filter_gemini_part_0_dpo_15/aXtM577cpTY-Scene-0024/entity_60.png
T2V_data/VIDGEN-1M_unzip/aZ45gw6Jkl8-Scene-0059.mp4,The video shows a man in a kayak paddling in the water. He is wearing a life jacket and is holding a paddle. The water is calm and there are trees visible in the background. The man is smiling and appears to be enjoying his time on the water.,T2V_data/label/vidgen_filter_gemini_part_0_dpo_15/aZ45gw6Jkl8-Scene-0059/depth.mp4,T2V_data/label/vidgen_filter_gemini_part_0_dpo_15/aZ45gw6Jkl8-Scene-0059/entity_20.png
T2V_data/VIDGEN-1M_unzip/aZ45gw6Jkl8-Scene-0059.mp4,The video shows a man in a kayak paddling in the water. He is wearing a life jacket and is holding a paddle. The water is calm and there are trees visible in the background. The man is smiling and appears to be enjoying his time on the water.,T2V_data/label/vidgen_filter_gemini_part_0_dpo_15/aZ45gw6Jkl8-Scene-0059/entity_20.mp4,T2V_data/label/vidgen_filter_gemini_part_0_dpo_15/aZ45gw6Jkl8-Scene-0059/entity_20.png
T2V_data/VIDGEN-1M_unzip/aohGmttVTQw-Scene-0010.mp4,"In the video, a man is using a circular saw to cut a piece of wood. He is wearing safety goggles and white gloves. The saw is yellow and black and is branded as DEWALT. The man is carefully guiding the saw through the wood, making sure to follow the line he has drawn. The wood is light brown and appears to be pine. The background is a workshop setting with various tools and equipment visible.",T2V_data/label/vidgen_filter_gemini_part_0_dpo_15/aohGmttVTQw-Scene-0010/depth.mp4,T2V_data/label/vidgen_filter_gemini_part_0_dpo_15/aohGmttVTQw-Scene-0010/entity_60.png
T2V_data/VIDGEN-1M_unzip/aohGmttVTQw-Scene-0010.mp4,"In the video, a man is using a circular saw to cut a piece of wood. He is wearing safety goggles and white gloves. The saw is yellow and black and is branded as DEWALT. The man is carefully guiding the saw through the wood, making sure to follow the line he has drawn. The wood is light brown and appears to be pine. The background is a workshop setting with various tools and equipment visible.",T2V_data/label/vidgen_filter_gemini_part_0_dpo_15/aohGmttVTQw-Scene-0010/entity_60.mp4,T2V_data/label/vidgen_filter_gemini_part_0_dpo_15/aohGmttVTQw-Scene-0010/entity_60.png
T2V_data/VIDGEN-1M_unzip/b52_0Nb5gb4-Scene-0107.mp4,"In the video, a young man is seen wearing a helmet and a pink shirt. He is standing in an indoor skate park and appears to be talking to the camera. The man is smiling and seems to be in a good mood. He then proceeds to skateboard down a ramp. The skate park is well-lit and has several ramps and obstacles. The man appears to be skilled and confident on the skateboard. The video captures the excitement and energy of the skate park.",T2V_data/label/vidgen_filter_gemini_part_0_dpo_15/b52_0Nb5gb4-Scene-0107/depth.mp4,T2V_data/label/vidgen_filter_gemini_part_0_dpo_15/b52_0Nb5gb4-Scene-0107/entity_20.png
T2V_data/VIDGEN-1M_unzip/b52_0Nb5gb4-Scene-0107.mp4,"In the video, a young man is seen wearing a helmet and a pink shirt. He is standing in an indoor skate park and appears to be talking to the camera. The man is smiling and seems to be in a good mood. He then proceeds to skateboard down a ramp. The skate park is well-lit and has several ramps and obstacles. The man appears to be skilled and confident on the skateboard. The video captures the excitement and energy of the skate park.",T2V_data/label/vidgen_filter_gemini_part_0_dpo_15/b52_0Nb5gb4-Scene-0107/entity_20.mp4,T2V_data/label/vidgen_filter_gemini_part_0_dpo_15/b52_0Nb5gb4-Scene-0107/entity_20.png
T2V_data/VIDGEN-1M_unzip/bJtz--uzttc-Scene-0001.mp4,"The video shows a man in a red shirt surfing on a large wave in the ocean. He is seen riding the wave on his surfboard, and at one point, he falls off the board and into the water. However, he quickly gets back up and continues to surf. The wave is quite large and powerful, and the man appears to be skilled at surfing as he manages to stay on the board for most of the ride. The ocean is a deep blue color, and the wave is a lighter shade of blue with white foam at the top. The man's red shirt stands out against the blue of the ocean, making him easily visible.",T2V_data/label/vidgen_filter_gemini_part_0_dpo_15/bJtz--uzttc-Scene-0001/depth.mp4,T2V_data/label/vidgen_filter_gemini_part_0_dpo_15/bJtz--uzttc-Scene-0001/entity_60.png
T2V_data/VIDGEN-1M_unzip/bJtz--uzttc-Scene-0001.mp4,"The video shows a man in a red shirt surfing on a large wave in the ocean. He is seen riding the wave on his surfboard, and at one point, he falls off the board and into the water. However, he quickly gets back up and continues to surf. The wave is quite large and powerful, and the man appears to be skilled at surfing as he manages to stay on the board for most of the ride. The ocean is a deep blue color, and the wave is a lighter shade of blue with white foam at the top. The man's red shirt stands out against the blue of the ocean, making him easily visible.",T2V_data/label/vidgen_filter_gemini_part_0_dpo_15/bJtz--uzttc-Scene-0001/entity_60.mp4,T2V_data/label/vidgen_filter_gemini_part_0_dpo_15/bJtz--uzttc-Scene-0001/entity_60.png
T2V_data/VIDGEN-1M_unzip/bKBI39XjyEw-Scene-0032.mp4,The video shows a soccer player standing on a field with a soccer ball in front of him. The player is wearing a white jersey with the number 7 on it. The player is preparing to kick the ball.,T2V_data/label/vidgen_filter_gemini_part_0_dpo_15/bKBI39XjyEw-Scene-0032/depth.mp4,T2V_data/label/vidgen_filter_gemini_part_0_dpo_15/bKBI39XjyEw-Scene-0032/entity_60.png
T2V_data/VIDGEN-1M_unzip/bKBI39XjyEw-Scene-0032.mp4,The video shows a soccer player standing on a field with a soccer ball in front of him. The player is wearing a white jersey with the number 7 on it. The player is preparing to kick the ball.,T2V_data/label/vidgen_filter_gemini_part_0_dpo_15/bKBI39XjyEw-Scene-0032/entity_60.mp4,T2V_data/label/vidgen_filter_gemini_part_0_dpo_15/bKBI39XjyEw-Scene-0032/entity_60.png
T2V_data/VIDGEN-1M_unzip/bkYuYfHjZFI-Scene-0056.mp4,"The video shows a crocodile resting on a rock, with its mouth open. A person's hand is seen holding a piece of meat and moving it towards the crocodile. The crocodile opens its mouth wider and appears to be biting the meat. The person's hand is visible throughout the video, and the crocodile is the main focus. The video is shot in daylight, and the crocodile's scales and the person's hand are clearly visible.",T2V_data/label/vidgen_filter_gemini_part_0_dpo_15/bkYuYfHjZFI-Scene-0056/depth.mp4,T2V_data/label/vidgen_filter_gemini_part_0_dpo_15/bkYuYfHjZFI-Scene-0056/entity_40.png
T2V_data/VIDGEN-1M_unzip/bkYuYfHjZFI-Scene-0056.mp4,"The video shows a crocodile resting on a rock, with its mouth open. A person's hand is seen holding a piece of meat and moving it towards the crocodile. The crocodile opens its mouth wider and appears to be biting the meat. The person's hand is visible throughout the video, and the crocodile is the main focus. The video is shot in daylight, and the crocodile's scales and the person's hand are clearly visible.",T2V_data/label/vidgen_filter_gemini_part_0_dpo_15/bkYuYfHjZFI-Scene-0056/entity_40.mp4,T2V_data/label/vidgen_filter_gemini_part_0_dpo_15/bkYuYfHjZFI-Scene-0056/entity_40.png
T2V_data/VIDGEN-1M_unzip/cLq6KFVO7Ts-Scene-0036.mp4,The video shows a person using a power tool to tighten a pipe. The person is wearing a blue jacket and is holding the tool with both hands. The tool is red and black in color and has a silver metal part that is being used to tighten the pipe. The pipe is made of copper and is attached to a wall. The wall is white and has some yellow stains on it. The person is using the tool to tighten the pipe in a clockwise direction.,T2V_data/label/vidgen_filter_gemini_part_0_dpo_15/cLq6KFVO7Ts-Scene-0036/depth.mp4,T2V_data/label/vidgen_filter_gemini_part_0_dpo_15/cLq6KFVO7Ts-Scene-0036/entity_20.png
T2V_data/VIDGEN-1M_unzip/cLq6KFVO7Ts-Scene-0036.mp4,The video shows a person using a power tool to tighten a pipe. The person is wearing a blue jacket and is holding the tool with both hands. The tool is red and black in color and has a silver metal part that is being used to tighten the pipe. The pipe is made of copper and is attached to a wall. The wall is white and has some yellow stains on it. The person is using the tool to tighten the pipe in a clockwise direction.,T2V_data/label/vidgen_filter_gemini_part_0_dpo_15/cLq6KFVO7Ts-Scene-0036/entity_20.mp4,T2V_data/label/vidgen_filter_gemini_part_0_dpo_15/cLq6KFVO7Ts-Scene-0036/entity_20.png
T2V_data/VIDGEN-1M_unzip/cLq6KFVO7Ts-Scene-0036.mp4,The video shows a person using a power tool to tighten a pipe. The person is wearing a blue jacket and is holding the tool with both hands. The tool is red and black in color and has a silver metal part that is being used to tighten the pipe. The pipe is made of copper and is attached to a wall. The wall is white and has some yellow stains on it. The person is using the tool to tighten the pipe in a clockwise direction.,T2V_data/label/vidgen_filter_gemini_part_0_dpo_15/cLq6KFVO7Ts-Scene-0036/depth.mp4,T2V_data/label/vidgen_filter_gemini_part_0_dpo_15/cLq6KFVO7Ts-Scene-0036/entity_40.png
T2V_data/VIDGEN-1M_unzip/cLq6KFVO7Ts-Scene-0036.mp4,The video shows a person using a power tool to tighten a pipe. The person is wearing a blue jacket and is holding the tool with both hands. The tool is red and black in color and has a silver metal part that is being used to tighten the pipe. The pipe is made of copper and is attached to a wall. The wall is white and has some yellow stains on it. The person is using the tool to tighten the pipe in a clockwise direction.,T2V_data/label/vidgen_filter_gemini_part_0_dpo_15/cLq6KFVO7Ts-Scene-0036/entity_40.mp4,T2V_data/label/vidgen_filter_gemini_part_0_dpo_15/cLq6KFVO7Ts-Scene-0036/entity_40.png
T2V_data/VIDGEN-1M_unzip/cdI2EHmfOp0-Scene-0152.mp4,"The video shows a person holding a yellow fish with their hands. The fish is being held over a bucket of water. The person is gently moving the fish around in the water. The fish appears to be alive and is moving its fins and tail. The person's hands are wet, and there are droplets of water on them. The bucket is white and has a black handle. The background is blurred, but it appears to be an outdoor setting with greenery.",T2V_data/label/vidgen_filter_gemini_part_0_dpo_15/cdI2EHmfOp0-Scene-0152/depth.mp4,T2V_data/label/vidgen_filter_gemini_part_0_dpo_15/cdI2EHmfOp0-Scene-0152/entity_20.png
T2V_data/VIDGEN-1M_unzip/cdI2EHmfOp0-Scene-0152.mp4,"The video shows a person holding a yellow fish with their hands. The fish is being held over a bucket of water. The person is gently moving the fish around in the water. The fish appears to be alive and is moving its fins and tail. The person's hands are wet, and there are droplets of water on them. The bucket is white and has a black handle. The background is blurred, but it appears to be an outdoor setting with greenery.",T2V_data/label/vidgen_filter_gemini_part_0_dpo_15/cdI2EHmfOp0-Scene-0152/entity_20.mp4,T2V_data/label/vidgen_filter_gemini_part_0_dpo_15/cdI2EHmfOp0-Scene-0152/entity_20.png
T2V_data/VIDGEN-1M_unzip/cewXz5lzZu8-Scene-0014.mp4,"In the video, a person is using a screwdriver to remove screws from a black object. The person is holding the object in one hand and the screwdriver in the other hand. The screws are gold-colored and there are three of them. The person is wearing a ring on their left hand. The background is dark and blurry.",T2V_data/label/vidgen_filter_gemini_part_0_dpo_15/cewXz5lzZu8-Scene-0014/depth.mp4,T2V_data/label/vidgen_filter_gemini_part_0_dpo_15/cewXz5lzZu8-Scene-0014/entity_80.png
T2V_data/VIDGEN-1M_unzip/cewXz5lzZu8-Scene-0014.mp4,"In the video, a person is using a screwdriver to remove screws from a black object. The person is holding the object in one hand and the screwdriver in the other hand. The screws are gold-colored and there are three of them. The person is wearing a ring on their left hand. The background is dark and blurry.",T2V_data/label/vidgen_filter_gemini_part_0_dpo_15/cewXz5lzZu8-Scene-0014/entity_80.mp4,T2V_data/label/vidgen_filter_gemini_part_0_dpo_15/cewXz5lzZu8-Scene-0014/entity_80.png
T2V_data/VIDGEN-1M_unzip/d4NNrMYv600-Scene-0015.mp4,"In the video, a young girl is seen working on a project in a garage. She is wearing a pink shirt and has her hair tied back in a ponytail. The girl is holding a piece of wood and appears to be using a drill to make a hole in it. The garage is filled with various tools and equipment, including a bicycle hanging on the wall. The girl seems focused on her task, carefully positioning the drill bit and applying pressure to create the hole. The lighting in the garage is bright, and the girl's movements are deliberate and precise. Overall, the video captures a moment of creativity and concentration as the girl works on her project.",T2V_data/label/vidgen_filter_gemini_part_0_dpo_15/d4NNrMYv600-Scene-0015/depth.mp4,T2V_data/label/vidgen_filter_gemini_part_0_dpo_15/d4NNrMYv600-Scene-0015/entity_20.png
T2V_data/VIDGEN-1M_unzip/d4NNrMYv600-Scene-0015.mp4,"In the video, a young girl is seen working on a project in a garage. She is wearing a pink shirt and has her hair tied back in a ponytail. The girl is holding a piece of wood and appears to be using a drill to make a hole in it. The garage is filled with various tools and equipment, including a bicycle hanging on the wall. The girl seems focused on her task, carefully positioning the drill bit and applying pressure to create the hole. The lighting in the garage is bright, and the girl's movements are deliberate and precise. Overall, the video captures a moment of creativity and concentration as the girl works on her project.",T2V_data/label/vidgen_filter_gemini_part_0_dpo_15/d4NNrMYv600-Scene-0015/entity_20.mp4,T2V_data/label/vidgen_filter_gemini_part_0_dpo_15/d4NNrMYv600-Scene-0015/entity_20.png
T2V_data/VIDGEN-1M_unzip/d4NNrMYv600-Scene-0015.mp4,"In the video, a young girl is seen working on a project in a garage. She is wearing a pink shirt and has her hair tied back in a ponytail. The girl is holding a piece of wood and appears to be using a drill to make a hole in it. The garage is filled with various tools and equipment, including a bicycle hanging on the wall. The girl seems focused on her task, carefully positioning the drill bit and applying pressure to create the hole. The lighting in the garage is bright, and the girl's movements are deliberate and precise. Overall, the video captures a moment of creativity and concentration as the girl works on her project.",T2V_data/label/vidgen_filter_gemini_part_0_dpo_15/d4NNrMYv600-Scene-0015/depth.mp4,T2V_data/label/vidgen_filter_gemini_part_0_dpo_15/d4NNrMYv600-Scene-0015/entity_40.png
T2V_data/VIDGEN-1M_unzip/d4NNrMYv600-Scene-0015.mp4,"In the video, a young girl is seen working on a project in a garage. She is wearing a pink shirt and has her hair tied back in a ponytail. The girl is holding a piece of wood and appears to be using a drill to make a hole in it. The garage is filled with various tools and equipment, including a bicycle hanging on the wall. The girl seems focused on her task, carefully positioning the drill bit and applying pressure to create the hole. The lighting in the garage is bright, and the girl's movements are deliberate and precise. Overall, the video captures a moment of creativity and concentration as the girl works on her project.",T2V_data/label/vidgen_filter_gemini_part_0_dpo_15/d4NNrMYv600-Scene-0015/entity_40.mp4,T2V_data/label/vidgen_filter_gemini_part_0_dpo_15/d4NNrMYv600-Scene-0015/entity_40.png
T2V_data/VIDGEN-1M_unzip/da9fH_FdoiQ-Scene-0022.mp4,The video shows a skier in a blue jacket and goggles skiing down a snowy mountain. The skier is wearing a backpack and is holding ski poles. The snow is powdery and the skier is creating a trail behind them as they ski. The skier is wearing a helmet and is in a crouched position as they navigate the slope. The sky is clear and the sun is shining.,T2V_data/label/vidgen_filter_gemini_part_0_dpo_15/da9fH_FdoiQ-Scene-0022/depth.mp4,T2V_data/label/vidgen_filter_gemini_part_0_dpo_15/da9fH_FdoiQ-Scene-0022/entity_20.png
T2V_data/VIDGEN-1M_unzip/da9fH_FdoiQ-Scene-0022.mp4,The video shows a skier in a blue jacket and goggles skiing down a snowy mountain. The skier is wearing a backpack and is holding ski poles. The snow is powdery and the skier is creating a trail behind them as they ski. The skier is wearing a helmet and is in a crouched position as they navigate the slope. The sky is clear and the sun is shining.,T2V_data/label/vidgen_filter_gemini_part_0_dpo_15/da9fH_FdoiQ-Scene-0022/entity_20.mp4,T2V_data/label/vidgen_filter_gemini_part_0_dpo_15/da9fH_FdoiQ-Scene-0022/entity_20.png
T2V_data/VIDGEN-1M_unzip/dmDsliNSHpo-Scene-0010.mp4,"In the video, a person is seen holding a small bag of clay. The clay is a dark gray color and is contained within a clear plastic bag. The person's hands are visible, and they are manipulating the bag, squeezing and stretching it to show the texture and consistency of the clay inside. The background is blurred, but it appears to be a table with some colorful objects on it. The person's movements are deliberate, and they seem to be demonstrating the malleability of the clay.",T2V_data/label/vidgen_filter_gemini_part_0_dpo_15/dmDsliNSHpo-Scene-0010/depth.mp4,T2V_data/label/vidgen_filter_gemini_part_0_dpo_15/dmDsliNSHpo-Scene-0010/entity_40.png
T2V_data/VIDGEN-1M_unzip/dmDsliNSHpo-Scene-0010.mp4,"In the video, a person is seen holding a small bag of clay. The clay is a dark gray color and is contained within a clear plastic bag. The person's hands are visible, and they are manipulating the bag, squeezing and stretching it to show the texture and consistency of the clay inside. The background is blurred, but it appears to be a table with some colorful objects on it. The person's movements are deliberate, and they seem to be demonstrating the malleability of the clay.",T2V_data/label/vidgen_filter_gemini_part_0_dpo_15/dmDsliNSHpo-Scene-0010/entity_40.mp4,T2V_data/label/vidgen_filter_gemini_part_0_dpo_15/dmDsliNSHpo-Scene-0010/entity_40.png
T2V_data/VIDGEN-1M_unzip/e2r7rS2kG0g-Scene-0130.mp4,"The video shows a crocodile in the water with a piece of meat in its mouth. The crocodile is seen biting and chewing on the meat while moving through the water. The crocodile's scales are dark green and its teeth are sharp and white. The water is murky and the background is blurred, but it appears to be a natural habitat for the crocodile.",T2V_data/label/vidgen_filter_gemini_part_0_dpo_15/e2r7rS2kG0g-Scene-0130/depth.mp4,T2V_data/label/vidgen_filter_gemini_part_0_dpo_15/e2r7rS2kG0g-Scene-0130/entity_20.png
T2V_data/VIDGEN-1M_unzip/e2r7rS2kG0g-Scene-0130.mp4,"The video shows a crocodile in the water with a piece of meat in its mouth. The crocodile is seen biting and chewing on the meat while moving through the water. The crocodile's scales are dark green and its teeth are sharp and white. The water is murky and the background is blurred, but it appears to be a natural habitat for the crocodile.",T2V_data/label/vidgen_filter_gemini_part_0_dpo_15/e2r7rS2kG0g-Scene-0130/entity_20.mp4,T2V_data/label/vidgen_filter_gemini_part_0_dpo_15/e2r7rS2kG0g-Scene-0130/entity_20.png
T2V_data/VIDGEN-1M_unzip/eRcPPSRhrOU-Scene-0052.mp4,"In the video, a person is using a grinder to cut a piece of metal. The grinder is producing sparks as it makes contact with the metal. The person is wearing safety gear, including a glove on one hand. The background is dark, and there are various tools and objects scattered around the workspace.",T2V_data/label/vidgen_filter_gemini_part_0_dpo_15/eRcPPSRhrOU-Scene-0052/depth.mp4,T2V_data/label/vidgen_filter_gemini_part_0_dpo_15/eRcPPSRhrOU-Scene-0052/entity_40.png
T2V_data/VIDGEN-1M_unzip/eRcPPSRhrOU-Scene-0052.mp4,"In the video, a person is using a grinder to cut a piece of metal. The grinder is producing sparks as it makes contact with the metal. The person is wearing safety gear, including a glove on one hand. The background is dark, and there are various tools and objects scattered around the workspace.",T2V_data/label/vidgen_filter_gemini_part_0_dpo_15/eRcPPSRhrOU-Scene-0052/entity_40.mp4,T2V_data/label/vidgen_filter_gemini_part_0_dpo_15/eRcPPSRhrOU-Scene-0052/entity_40.png
T2V_data/VIDGEN-1M_unzip/eRcPPSRhrOU-Scene-0052.mp4,"In the video, a person is using a grinder to cut a piece of metal. The grinder is producing sparks as it makes contact with the metal. The person is wearing safety gear, including a glove on one hand. The background is dark, and there are various tools and objects scattered around the workspace.",T2V_data/label/vidgen_filter_gemini_part_0_dpo_15/eRcPPSRhrOU-Scene-0052/depth.mp4,T2V_data/label/vidgen_filter_gemini_part_0_dpo_15/eRcPPSRhrOU-Scene-0052/entity_60.png
T2V_data/VIDGEN-1M_unzip/eRcPPSRhrOU-Scene-0052.mp4,"In the video, a person is using a grinder to cut a piece of metal. The grinder is producing sparks as it makes contact with the metal. The person is wearing safety gear, including a glove on one hand. The background is dark, and there are various tools and objects scattered around the workspace.",T2V_data/label/vidgen_filter_gemini_part_0_dpo_15/eRcPPSRhrOU-Scene-0052/entity_60.mp4,T2V_data/label/vidgen_filter_gemini_part_0_dpo_15/eRcPPSRhrOU-Scene-0052/entity_60.png
T2V_data/VIDGEN-1M_unzip/eeO9Jd6Qdv8-Scene-0002.mp4,"The video shows a close-up of a person's hand using a metal tool to dig into the soil of a potted plant. The plant has dark green leaves and is in a black pot. The person's hand is visible, and they are using a metal tool to dig into the soil. The soil is dark brown and appears to be moist. The plant has multiple stems, and the leaves are shiny and healthy-looking.",T2V_data/label/vidgen_filter_gemini_part_0_dpo_15/eeO9Jd6Qdv8-Scene-0002/depth.mp4,T2V_data/label/vidgen_filter_gemini_part_0_dpo_15/eeO9Jd6Qdv8-Scene-0002/entity_40.png
T2V_data/VIDGEN-1M_unzip/eeO9Jd6Qdv8-Scene-0002.mp4,"The video shows a close-up of a person's hand using a metal tool to dig into the soil of a potted plant. The plant has dark green leaves and is in a black pot. The person's hand is visible, and they are using a metal tool to dig into the soil. The soil is dark brown and appears to be moist. The plant has multiple stems, and the leaves are shiny and healthy-looking.",T2V_data/label/vidgen_filter_gemini_part_0_dpo_15/eeO9Jd6Qdv8-Scene-0002/entity_40.mp4,T2V_data/label/vidgen_filter_gemini_part_0_dpo_15/eeO9Jd6Qdv8-Scene-0002/entity_40.png
T2V_data/VIDGEN-1M_unzip/eeO9Jd6Qdv8-Scene-0002.mp4,"The video shows a close-up of a person's hand using a metal tool to dig into the soil of a potted plant. The plant has dark green leaves and is in a black pot. The person's hand is visible, and they are using a metal tool to dig into the soil. The soil is dark brown and appears to be moist. The plant has multiple stems, and the leaves are shiny and healthy-looking.",T2V_data/label/vidgen_filter_gemini_part_0_dpo_15/eeO9Jd6Qdv8-Scene-0002/depth.mp4,T2V_data/label/vidgen_filter_gemini_part_0_dpo_15/eeO9Jd6Qdv8-Scene-0002/entity_60.png
T2V_data/VIDGEN-1M_unzip/eeO9Jd6Qdv8-Scene-0002.mp4,"The video shows a close-up of a person's hand using a metal tool to dig into the soil of a potted plant. The plant has dark green leaves and is in a black pot. The person's hand is visible, and they are using a metal tool to dig into the soil. The soil is dark brown and appears to be moist. The plant has multiple stems, and the leaves are shiny and healthy-looking.",T2V_data/label/vidgen_filter_gemini_part_0_dpo_15/eeO9Jd6Qdv8-Scene-0002/entity_60.mp4,T2V_data/label/vidgen_filter_gemini_part_0_dpo_15/eeO9Jd6Qdv8-Scene-0002/entity_60.png
T2V_data/VIDGEN-1M_unzip/eeO9Jd6Qdv8-Scene-0002.mp4,"The video shows a close-up of a person's hand using a metal tool to dig into the soil of a potted plant. The plant has dark green leaves and is in a black pot. The person's hand is visible, and they are using a metal tool to dig into the soil. The soil is dark brown and appears to be moist. The plant has multiple stems, and the leaves are shiny and healthy-looking.",T2V_data/label/vidgen_filter_gemini_part_0_dpo_15/eeO9Jd6Qdv8-Scene-0002/depth.mp4,T2V_data/label/vidgen_filter_gemini_part_0_dpo_15/eeO9Jd6Qdv8-Scene-0002/entity_80.png
T2V_data/VIDGEN-1M_unzip/eeO9Jd6Qdv8-Scene-0002.mp4,"The video shows a close-up of a person's hand using a metal tool to dig into the soil of a potted plant. The plant has dark green leaves and is in a black pot. The person's hand is visible, and they are using a metal tool to dig into the soil. The soil is dark brown and appears to be moist. The plant has multiple stems, and the leaves are shiny and healthy-looking.",T2V_data/label/vidgen_filter_gemini_part_0_dpo_15/eeO9Jd6Qdv8-Scene-0002/entity_80.mp4,T2V_data/label/vidgen_filter_gemini_part_0_dpo_15/eeO9Jd6Qdv8-Scene-0002/entity_80.png
T2V_data/VIDGEN-1M_unzip/fNWi6u8QFBs-Scene-0037.mp4,"The video shows a person's hands holding a small, yellow, knitted object. The person is using a needle to poke holes into the object, which appears to be a small, yellow, knitted bag. The person's nails are painted with a dark polish, and the background is a plain, white surface.",T2V_data/label/vidgen_filter_gemini_part_0_dpo_15/fNWi6u8QFBs-Scene-0037/depth.mp4,T2V_data/label/vidgen_filter_gemini_part_0_dpo_15/fNWi6u8QFBs-Scene-0037/entity_20.png
T2V_data/VIDGEN-1M_unzip/fNWi6u8QFBs-Scene-0037.mp4,"The video shows a person's hands holding a small, yellow, knitted object. The person is using a needle to poke holes into the object, which appears to be a small, yellow, knitted bag. The person's nails are painted with a dark polish, and the background is a plain, white surface.",T2V_data/label/vidgen_filter_gemini_part_0_dpo_15/fNWi6u8QFBs-Scene-0037/entity_20.mp4,T2V_data/label/vidgen_filter_gemini_part_0_dpo_15/fNWi6u8QFBs-Scene-0037/entity_20.png
T2V_data/VIDGEN-1M_unzip/fPT2ij3T0_E-Scene-0028.mp4,"The video shows a white boat with a red flag on the back, moving through the water at a high speed. The boat is creating a large wake behind it, and the water is a deep blue color. The sky is clear and blue, and there are no visible landmarks or other boats in the vicinity. The boat appears to be a medium-sized motorboat, and there are no people visible on it.",T2V_data/label/vidgen_filter_gemini_part_0_dpo_15/fPT2ij3T0_E-Scene-0028/depth.mp4,T2V_data/label/vidgen_filter_gemini_part_0_dpo_15/fPT2ij3T0_E-Scene-0028/entity_20.png
T2V_data/VIDGEN-1M_unzip/fPT2ij3T0_E-Scene-0028.mp4,"The video shows a white boat with a red flag on the back, moving through the water at a high speed. The boat is creating a large wake behind it, and the water is a deep blue color. The sky is clear and blue, and there are no visible landmarks or other boats in the vicinity. The boat appears to be a medium-sized motorboat, and there are no people visible on it.",T2V_data/label/vidgen_filter_gemini_part_0_dpo_15/fPT2ij3T0_E-Scene-0028/entity_20.mp4,T2V_data/label/vidgen_filter_gemini_part_0_dpo_15/fPT2ij3T0_E-Scene-0028/entity_20.png
T2V_data/VIDGEN-1M_unzip/fPT2ij3T0_E-Scene-0028.mp4,"The video shows a white boat with a red flag on the back, moving through the water at a high speed. The boat is creating a large wake behind it, and the water is a deep blue color. The sky is clear and blue, and there are no visible landmarks or other boats in the vicinity. The boat appears to be a medium-sized motorboat, and there are no people visible on it.",T2V_data/label/vidgen_filter_gemini_part_0_dpo_15/fPT2ij3T0_E-Scene-0028/depth.mp4,T2V_data/label/vidgen_filter_gemini_part_0_dpo_15/fPT2ij3T0_E-Scene-0028/entity_60.png
T2V_data/VIDGEN-1M_unzip/fPT2ij3T0_E-Scene-0028.mp4,"The video shows a white boat with a red flag on the back, moving through the water at a high speed. The boat is creating a large wake behind it, and the water is a deep blue color. The sky is clear and blue, and there are no visible landmarks or other boats in the vicinity. The boat appears to be a medium-sized motorboat, and there are no people visible on it.",T2V_data/label/vidgen_filter_gemini_part_0_dpo_15/fPT2ij3T0_E-Scene-0028/entity_60.mp4,T2V_data/label/vidgen_filter_gemini_part_0_dpo_15/fPT2ij3T0_E-Scene-0028/entity_60.png
T2V_data/VIDGEN-1M_unzip/fjt9UhzjFzA-Scene-0027.mp4,"The video shows a close-up of a blue crab in an aquarium. The crab is moving around on the yellow gravel at the bottom of the tank. A human hand is seen reaching into the tank, and the crab moves towards the hand. The hand then picks up the crab and holds it for a few seconds before placing it back into the water. The aquarium has a blue background and a plant with purple leaves.",T2V_data/label/vidgen_filter_gemini_part_0_dpo_15/fjt9UhzjFzA-Scene-0027/depth.mp4,T2V_data/label/vidgen_filter_gemini_part_0_dpo_15/fjt9UhzjFzA-Scene-0027/entity_60.png
T2V_data/VIDGEN-1M_unzip/fjt9UhzjFzA-Scene-0027.mp4,"The video shows a close-up of a blue crab in an aquarium. The crab is moving around on the yellow gravel at the bottom of the tank. A human hand is seen reaching into the tank, and the crab moves towards the hand. The hand then picks up the crab and holds it for a few seconds before placing it back into the water. The aquarium has a blue background and a plant with purple leaves.",T2V_data/label/vidgen_filter_gemini_part_0_dpo_15/fjt9UhzjFzA-Scene-0027/entity_60.mp4,T2V_data/label/vidgen_filter_gemini_part_0_dpo_15/fjt9UhzjFzA-Scene-0027/entity_60.png
T2V_data/VIDGEN-1M_unzip/g-GK_kLJ4Tg-Scene-0022.mp4,"The video shows a person's hands kneading a piece of dough on a wooden surface. The dough is beige in color and appears soft and pliable. The person's hands are moving in a circular motion, pressing and folding the dough. The background is blurred, but it appears to be a kitchen setting.",T2V_data/label/vidgen_filter_gemini_part_0_dpo_15/g-GK_kLJ4Tg-Scene-0022/depth.mp4,T2V_data/label/vidgen_filter_gemini_part_0_dpo_15/g-GK_kLJ4Tg-Scene-0022/entity_40.png
T2V_data/VIDGEN-1M_unzip/g-GK_kLJ4Tg-Scene-0022.mp4,"The video shows a person's hands kneading a piece of dough on a wooden surface. The dough is beige in color and appears soft and pliable. The person's hands are moving in a circular motion, pressing and folding the dough. The background is blurred, but it appears to be a kitchen setting.",T2V_data/label/vidgen_filter_gemini_part_0_dpo_15/g-GK_kLJ4Tg-Scene-0022/entity_40.mp4,T2V_data/label/vidgen_filter_gemini_part_0_dpo_15/g-GK_kLJ4Tg-Scene-0022/entity_40.png
T2V_data/VIDGEN-1M_unzip/g0iUV6Zk2Vk-Scene-0040.mp4,"In the video, a person is seen wearing gloves and using a fork to dig into the soil of a garden bed. The person is also seen using a trowel to dig into the soil. The garden bed is surrounded by other plants and there is a hat and a can of soda on the ground nearby.",T2V_data/label/vidgen_filter_gemini_part_0_dpo_15/g0iUV6Zk2Vk-Scene-0040/depth.mp4,T2V_data/label/vidgen_filter_gemini_part_0_dpo_15/g0iUV6Zk2Vk-Scene-0040/entity_60.png
T2V_data/VIDGEN-1M_unzip/g0iUV6Zk2Vk-Scene-0040.mp4,"In the video, a person is seen wearing gloves and using a fork to dig into the soil of a garden bed. The person is also seen using a trowel to dig into the soil. The garden bed is surrounded by other plants and there is a hat and a can of soda on the ground nearby.",T2V_data/label/vidgen_filter_gemini_part_0_dpo_15/g0iUV6Zk2Vk-Scene-0040/entity_60.mp4,T2V_data/label/vidgen_filter_gemini_part_0_dpo_15/g0iUV6Zk2Vk-Scene-0040/entity_60.png
T2V_data/VIDGEN-1M_unzip/g7VNRWB5hXE-Scene-0041.mp4,"The video shows a close-up of a person's hands using a metal file to smooth out the edges of a wooden block. The person is wearing a ring on their left hand. The file is being moved back and forth over the wood, creating a smooth surface. The background is blurred, but it appears to be a workshop setting.",T2V_data/label/vidgen_filter_gemini_part_0_dpo_15/g7VNRWB5hXE-Scene-0041/depth.mp4,T2V_data/label/vidgen_filter_gemini_part_0_dpo_15/g7VNRWB5hXE-Scene-0041/entity_60.png
T2V_data/VIDGEN-1M_unzip/g7VNRWB5hXE-Scene-0041.mp4,"The video shows a close-up of a person's hands using a metal file to smooth out the edges of a wooden block. The person is wearing a ring on their left hand. The file is being moved back and forth over the wood, creating a smooth surface. The background is blurred, but it appears to be a workshop setting.",T2V_data/label/vidgen_filter_gemini_part_0_dpo_15/g7VNRWB5hXE-Scene-0041/entity_60.mp4,T2V_data/label/vidgen_filter_gemini_part_0_dpo_15/g7VNRWB5hXE-Scene-0041/entity_60.png
T2V_data/VIDGEN-1M_unzip/gK54vsENNew-Scene-0003.mp4,"In the video, a person is seen holding a knife in their hands. The knife is made of metal and has a sharp blade. The person is using their thumb to push the blade out of the handle, and then they use their other hand to pull the blade back into the handle. The person repeats this action several times, demonstrating how the knife can be opened and closed. The background of the video is a wooden surface with some debris scattered around. The person's hands are visible, and they appear to be wearing a ring on their left hand. The video is shot in a close-up view, focusing on the knife and the person's hands.",T2V_data/label/vidgen_filter_gemini_part_0_dpo_15/gK54vsENNew-Scene-0003/depth.mp4,T2V_data/label/vidgen_filter_gemini_part_0_dpo_15/gK54vsENNew-Scene-0003/entity_20.png
T2V_data/VIDGEN-1M_unzip/gK54vsENNew-Scene-0003.mp4,"In the video, a person is seen holding a knife in their hands. The knife is made of metal and has a sharp blade. The person is using their thumb to push the blade out of the handle, and then they use their other hand to pull the blade back into the handle. The person repeats this action several times, demonstrating how the knife can be opened and closed. The background of the video is a wooden surface with some debris scattered around. The person's hands are visible, and they appear to be wearing a ring on their left hand. The video is shot in a close-up view, focusing on the knife and the person's hands.",T2V_data/label/vidgen_filter_gemini_part_0_dpo_15/gK54vsENNew-Scene-0003/entity_20.mp4,T2V_data/label/vidgen_filter_gemini_part_0_dpo_15/gK54vsENNew-Scene-0003/entity_20.png
T2V_data/VIDGEN-1M_unzip/gUgm1owzR8c-Scene-0031.mp4,"In the video, a person is seen cutting out a piece of paper with a design on it. The person is using a pair of orange scissors to carefully cut around the design. The paper appears to be white with a black design on it. The person's hands are visible, and they are holding the paper steady while cutting. The scissors are moving back and forth as they cut through the paper. The background is a wooden surface, and there is no other visible object in the frame.",T2V_data/label/vidgen_filter_gemini_part_0_dpo_15/gUgm1owzR8c-Scene-0031/depth.mp4,T2V_data/label/vidgen_filter_gemini_part_0_dpo_15/gUgm1owzR8c-Scene-0031/entity_80.png
T2V_data/VIDGEN-1M_unzip/gUgm1owzR8c-Scene-0031.mp4,"In the video, a person is seen cutting out a piece of paper with a design on it. The person is using a pair of orange scissors to carefully cut around the design. The paper appears to be white with a black design on it. The person's hands are visible, and they are holding the paper steady while cutting. The scissors are moving back and forth as they cut through the paper. The background is a wooden surface, and there is no other visible object in the frame.",T2V_data/label/vidgen_filter_gemini_part_0_dpo_15/gUgm1owzR8c-Scene-0031/entity_80.mp4,T2V_data/label/vidgen_filter_gemini_part_0_dpo_15/gUgm1owzR8c-Scene-0031/entity_80.png
T2V_data/VIDGEN-1M_unzip/gWYcvnETorc-Scene-0062.mp4,"The video shows a soccer game in progress. A player is seen kicking the ball towards the goal, and the goalkeeper is seen diving to his right to block the ball. The goalkeeper successfully blocks the ball, preventing a goal from being scored. The video also shows the scoreboard, indicating that the game is in the penalty shootout phase with the score tied at 2-2.",T2V_data/label/vidgen_filter_gemini_part_0_dpo_15/gWYcvnETorc-Scene-0062/depth.mp4,T2V_data/label/vidgen_filter_gemini_part_0_dpo_15/gWYcvnETorc-Scene-0062/entity_20.png
T2V_data/VIDGEN-1M_unzip/gWYcvnETorc-Scene-0062.mp4,"The video shows a soccer game in progress. A player is seen kicking the ball towards the goal, and the goalkeeper is seen diving to his right to block the ball. The goalkeeper successfully blocks the ball, preventing a goal from being scored. The video also shows the scoreboard, indicating that the game is in the penalty shootout phase with the score tied at 2-2.",T2V_data/label/vidgen_filter_gemini_part_0_dpo_15/gWYcvnETorc-Scene-0062/entity_20.mp4,T2V_data/label/vidgen_filter_gemini_part_0_dpo_15/gWYcvnETorc-Scene-0062/entity_20.png
T2V_data/VIDGEN-1M_unzip/g_c6lIQfGdE-Scene-0047.mp4,"In the video, a person is seen holding a piece of meat in their hand, and a small crocodile is seen biting and eating the meat. The crocodile appears to be in a tank or enclosure, and the person is standing outside of it. The crocodile is brown and has sharp teeth, and the meat is white and appears to be raw. The person is wearing a white glove on their hand, and the crocodile is actively biting and chewing on the meat. The video is shot in close-up, and the crocodile's movements are visible as it eats the meat.",T2V_data/label/vidgen_filter_gemini_part_0_dpo_15/g_c6lIQfGdE-Scene-0047/depth.mp4,T2V_data/label/vidgen_filter_gemini_part_0_dpo_15/g_c6lIQfGdE-Scene-0047/entity_20.png
T2V_data/VIDGEN-1M_unzip/g_c6lIQfGdE-Scene-0047.mp4,"In the video, a person is seen holding a piece of meat in their hand, and a small crocodile is seen biting and eating the meat. The crocodile appears to be in a tank or enclosure, and the person is standing outside of it. The crocodile is brown and has sharp teeth, and the meat is white and appears to be raw. The person is wearing a white glove on their hand, and the crocodile is actively biting and chewing on the meat. The video is shot in close-up, and the crocodile's movements are visible as it eats the meat.",T2V_data/label/vidgen_filter_gemini_part_0_dpo_15/g_c6lIQfGdE-Scene-0047/entity_20.mp4,T2V_data/label/vidgen_filter_gemini_part_0_dpo_15/g_c6lIQfGdE-Scene-0047/entity_20.png
T2V_data/VIDGEN-1M_unzip/gpswAzAoZQE-Scene-0015.mp4,"In the video, we see a person's hands holding a green apple and inserting a popsicle stick into it. The person then proceeds to push the stick further into the apple. In the background, there are several other apples with popsicle sticks already inserted into them. The apples are of different colors, including green and red. The person's hands are visible, and they appear to be wearing a ring on their left hand. The background is a plain surface, possibly a countertop. The video does not contain any audio.",T2V_data/label/vidgen_filter_gemini_part_0_dpo_15/gpswAzAoZQE-Scene-0015/depth.mp4,T2V_data/label/vidgen_filter_gemini_part_0_dpo_15/gpswAzAoZQE-Scene-0015/entity_20.png
T2V_data/VIDGEN-1M_unzip/gpswAzAoZQE-Scene-0015.mp4,"In the video, we see a person's hands holding a green apple and inserting a popsicle stick into it. The person then proceeds to push the stick further into the apple. In the background, there are several other apples with popsicle sticks already inserted into them. The apples are of different colors, including green and red. The person's hands are visible, and they appear to be wearing a ring on their left hand. The background is a plain surface, possibly a countertop. The video does not contain any audio.",T2V_data/label/vidgen_filter_gemini_part_0_dpo_15/gpswAzAoZQE-Scene-0015/entity_20.mp4,T2V_data/label/vidgen_filter_gemini_part_0_dpo_15/gpswAzAoZQE-Scene-0015/entity_20.png
T2V_data/VIDGEN-1M_unzip/h0yWSp4BtaY-Scene-0079.mp4,"The video shows a close-up of a person's hands as they pour a large amount of rice into a green bag with a red zipper. The rice is light brown in color and appears to be uncooked. The person's hands are visible, and they are wearing a black watch on their left wrist. The bag is placed on a surface, and the rice is being poured from a height, causing some of the grains to bounce and scatter.",T2V_data/label/vidgen_filter_gemini_part_0_dpo_15/h0yWSp4BtaY-Scene-0079/depth.mp4,T2V_data/label/vidgen_filter_gemini_part_0_dpo_15/h0yWSp4BtaY-Scene-0079/entity_20.png
T2V_data/VIDGEN-1M_unzip/h0yWSp4BtaY-Scene-0079.mp4,"The video shows a close-up of a person's hands as they pour a large amount of rice into a green bag with a red zipper. The rice is light brown in color and appears to be uncooked. The person's hands are visible, and they are wearing a black watch on their left wrist. The bag is placed on a surface, and the rice is being poured from a height, causing some of the grains to bounce and scatter.",T2V_data/label/vidgen_filter_gemini_part_0_dpo_15/h0yWSp4BtaY-Scene-0079/entity_20.mp4,T2V_data/label/vidgen_filter_gemini_part_0_dpo_15/h0yWSp4BtaY-Scene-0079/entity_20.png
T2V_data/VIDGEN-1M_unzip/h6ggK478OAo-Scene-0024.mp4,"The video begins with a close-up shot of a black griddle. A person's hand is seen pouring batter onto the griddle, creating a round shape. The batter is white with black specks, and it spreads out slightly as it cooks. The person continues to pour more batter onto the griddle, creating a total of five round shapes. The pancakes are cooking and bubbling, and the person flips them over with a spatula. The pancakes are golden brown on the other side, and the person continues to cook them until they are all done.",T2V_data/label/vidgen_filter_gemini_part_0_dpo_15/h6ggK478OAo-Scene-0024/depth.mp4,T2V_data/label/vidgen_filter_gemini_part_0_dpo_15/h6ggK478OAo-Scene-0024/entity_20.png
T2V_data/VIDGEN-1M_unzip/h6ggK478OAo-Scene-0024.mp4,"The video begins with a close-up shot of a black griddle. A person's hand is seen pouring batter onto the griddle, creating a round shape. The batter is white with black specks, and it spreads out slightly as it cooks. The person continues to pour more batter onto the griddle, creating a total of five round shapes. The pancakes are cooking and bubbling, and the person flips them over with a spatula. The pancakes are golden brown on the other side, and the person continues to cook them until they are all done.",T2V_data/label/vidgen_filter_gemini_part_0_dpo_15/h6ggK478OAo-Scene-0024/entity_20.mp4,T2V_data/label/vidgen_filter_gemini_part_0_dpo_15/h6ggK478OAo-Scene-0024/entity_20.png
T2V_data/VIDGEN-1M_unzip/h7qpEmgfahQ-Scene-0003.mp4,"In the video, a person is seen using a tool to scrape off rust from a metal grate. The grate is square-shaped and has a circular pattern in the center. The person is wearing a blue glove on their right hand and is using a metal scraper to remove the rust. The grate is located on a concrete floor, and there is visible rust and dirt around the edges of the grate. The person is methodically scraping off the rust, starting from the center and moving towards the edges.",T2V_data/label/vidgen_filter_gemini_part_0_dpo_15/h7qpEmgfahQ-Scene-0003/depth.mp4,T2V_data/label/vidgen_filter_gemini_part_0_dpo_15/h7qpEmgfahQ-Scene-0003/entity_20.png
T2V_data/VIDGEN-1M_unzip/h7qpEmgfahQ-Scene-0003.mp4,"In the video, a person is seen using a tool to scrape off rust from a metal grate. The grate is square-shaped and has a circular pattern in the center. The person is wearing a blue glove on their right hand and is using a metal scraper to remove the rust. The grate is located on a concrete floor, and there is visible rust and dirt around the edges of the grate. The person is methodically scraping off the rust, starting from the center and moving towards the edges.",T2V_data/label/vidgen_filter_gemini_part_0_dpo_15/h7qpEmgfahQ-Scene-0003/entity_20.mp4,T2V_data/label/vidgen_filter_gemini_part_0_dpo_15/h7qpEmgfahQ-Scene-0003/entity_20.png
T2V_data/VIDGEN-1M_unzip/hrdTj4gGriE-Scene-0257.mp4,"In the video, a woman is seen riding a horse in a field. The horse is brown and white, and the woman is wearing a blue jacket and a black helmet. They are both moving at a fast pace, and the woman is holding the reins tightly. The field is surrounded by trees, and there is a white fence in the background. The horse is galloping, and the woman is leaning forward to maintain balance. The horse jumps over a hurdle, and the woman maintains her posture throughout the jump. The video captures the excitement and energy of the horse and rider as they move through the field.",T2V_data/label/vidgen_filter_gemini_part_0_dpo_15/hrdTj4gGriE-Scene-0257/depth.mp4,T2V_data/label/vidgen_filter_gemini_part_0_dpo_15/hrdTj4gGriE-Scene-0257/entity_20.png
T2V_data/VIDGEN-1M_unzip/hrdTj4gGriE-Scene-0257.mp4,"In the video, a woman is seen riding a horse in a field. The horse is brown and white, and the woman is wearing a blue jacket and a black helmet. They are both moving at a fast pace, and the woman is holding the reins tightly. The field is surrounded by trees, and there is a white fence in the background. The horse is galloping, and the woman is leaning forward to maintain balance. The horse jumps over a hurdle, and the woman maintains her posture throughout the jump. The video captures the excitement and energy of the horse and rider as they move through the field.",T2V_data/label/vidgen_filter_gemini_part_0_dpo_15/hrdTj4gGriE-Scene-0257/entity_20.mp4,T2V_data/label/vidgen_filter_gemini_part_0_dpo_15/hrdTj4gGriE-Scene-0257/entity_20.png
T2V_data/VIDGEN-1M_unzip/hyIQoWV-Hew-Scene-0083.mp4,"The video shows a car driving through the desert. The car is moving at a high speed and is kicking up sand as it goes. The sun is shining brightly in the background, and the car is casting a shadow on the sand. The car is a dark color, and there are no other objects or people visible in the video.",T2V_data/label/vidgen_filter_gemini_part_0_dpo_15/hyIQoWV-Hew-Scene-0083/depth.mp4,T2V_data/label/vidgen_filter_gemini_part_0_dpo_15/hyIQoWV-Hew-Scene-0083/entity_20.png
T2V_data/VIDGEN-1M_unzip/hyIQoWV-Hew-Scene-0083.mp4,"The video shows a car driving through the desert. The car is moving at a high speed and is kicking up sand as it goes. The sun is shining brightly in the background, and the car is casting a shadow on the sand. The car is a dark color, and there are no other objects or people visible in the video.",T2V_data/label/vidgen_filter_gemini_part_0_dpo_15/hyIQoWV-Hew-Scene-0083/entity_20.mp4,T2V_data/label/vidgen_filter_gemini_part_0_dpo_15/hyIQoWV-Hew-Scene-0083/entity_20.png
T2V_data/VIDGEN-1M_unzip/i4-9vk1dk-c-Scene-0071.mp4,"In the video, a person is seen kneading dough in a bowl. The person's hands are visible, and they are using a spoon to scrape the dough from the sides of the bowl and fold it into the center. The dough appears to be soft and pliable, and the person is working it with care and precision. The bowl is a light color, and the dough is a pale yellow. The person's hands move with ease and confidence, suggesting that they are experienced in this task. The video is shot from a close-up angle, focusing on the hands and the bowl, and there is no background noise or distractions. The lighting is bright and even, highlighting the texture of the dough and the person's hands.",T2V_data/label/vidgen_filter_gemini_part_0_dpo_15/i4-9vk1dk-c-Scene-0071/depth.mp4,T2V_data/label/vidgen_filter_gemini_part_0_dpo_15/i4-9vk1dk-c-Scene-0071/entity_40.png
T2V_data/VIDGEN-1M_unzip/i4-9vk1dk-c-Scene-0071.mp4,"In the video, a person is seen kneading dough in a bowl. The person's hands are visible, and they are using a spoon to scrape the dough from the sides of the bowl and fold it into the center. The dough appears to be soft and pliable, and the person is working it with care and precision. The bowl is a light color, and the dough is a pale yellow. The person's hands move with ease and confidence, suggesting that they are experienced in this task. The video is shot from a close-up angle, focusing on the hands and the bowl, and there is no background noise or distractions. The lighting is bright and even, highlighting the texture of the dough and the person's hands.",T2V_data/label/vidgen_filter_gemini_part_0_dpo_15/i4-9vk1dk-c-Scene-0071/entity_40.mp4,T2V_data/label/vidgen_filter_gemini_part_0_dpo_15/i4-9vk1dk-c-Scene-0071/entity_40.png
T2V_data/VIDGEN-1M_unzip/i8dyChBb-fw-Scene-0076.mp4,"In the video, a man is seen standing in a lush green forest. He is wearing a white long-sleeved shirt and a cap. The man is holding a blue rope in his hands and appears to be using it to climb a tree. He is looking up towards the tree and appears to be focused on his task. The forest around him is dense with various shades of green foliage, and the lighting suggests it is daytime. The man's actions are deliberate and careful as he maneuvers his way up the tree.",T2V_data/label/vidgen_filter_gemini_part_0_dpo_15/i8dyChBb-fw-Scene-0076/depth.mp4,T2V_data/label/vidgen_filter_gemini_part_0_dpo_15/i8dyChBb-fw-Scene-0076/entity_20.png
T2V_data/VIDGEN-1M_unzip/i8dyChBb-fw-Scene-0076.mp4,"In the video, a man is seen standing in a lush green forest. He is wearing a white long-sleeved shirt and a cap. The man is holding a blue rope in his hands and appears to be using it to climb a tree. He is looking up towards the tree and appears to be focused on his task. The forest around him is dense with various shades of green foliage, and the lighting suggests it is daytime. The man's actions are deliberate and careful as he maneuvers his way up the tree.",T2V_data/label/vidgen_filter_gemini_part_0_dpo_15/i8dyChBb-fw-Scene-0076/entity_20.mp4,T2V_data/label/vidgen_filter_gemini_part_0_dpo_15/i8dyChBb-fw-Scene-0076/entity_20.png
T2V_data/VIDGEN-1M_unzip/iA_b_YIeymo-Scene-0027.mp4,"In the video, a man is seen on a beach. He is wearing a white cap, a pair of shorts, and red shoes. The man is bending down to pick up a snake from the sand. He then stands up and throws the snake away from him. The background shows a calm sea and mountains in the distance.",T2V_data/label/vidgen_filter_gemini_part_0_dpo_15/iA_b_YIeymo-Scene-0027/depth.mp4,T2V_data/label/vidgen_filter_gemini_part_0_dpo_15/iA_b_YIeymo-Scene-0027/entity_20.png
T2V_data/VIDGEN-1M_unzip/iA_b_YIeymo-Scene-0027.mp4,"In the video, a man is seen on a beach. He is wearing a white cap, a pair of shorts, and red shoes. The man is bending down to pick up a snake from the sand. He then stands up and throws the snake away from him. The background shows a calm sea and mountains in the distance.",T2V_data/label/vidgen_filter_gemini_part_0_dpo_15/iA_b_YIeymo-Scene-0027/entity_20.mp4,T2V_data/label/vidgen_filter_gemini_part_0_dpo_15/iA_b_YIeymo-Scene-0027/entity_20.png
T2V_data/VIDGEN-1M_unzip/iDbu9yRVfq8-Scene-0199.mp4,"The video shows a football game in progress. The quarterback, wearing a white jersey with the number 10, is seen running with the ball. He is being chased by players from the opposing team, who are wearing yellow and blue jerseys. The quarterback manages to evade the defenders and continues running down the field. The crowd in the background is cheering and watching the game. The field is marked with white lines and has various advertisements on the sidelines.",T2V_data/label/vidgen_filter_gemini_part_0_dpo_15/iDbu9yRVfq8-Scene-0199/depth.mp4,T2V_data/label/vidgen_filter_gemini_part_0_dpo_15/iDbu9yRVfq8-Scene-0199/entity_20.png
T2V_data/VIDGEN-1M_unzip/iDbu9yRVfq8-Scene-0199.mp4,"The video shows a football game in progress. The quarterback, wearing a white jersey with the number 10, is seen running with the ball. He is being chased by players from the opposing team, who are wearing yellow and blue jerseys. The quarterback manages to evade the defenders and continues running down the field. The crowd in the background is cheering and watching the game. The field is marked with white lines and has various advertisements on the sidelines.",T2V_data/label/vidgen_filter_gemini_part_0_dpo_15/iDbu9yRVfq8-Scene-0199/entity_20.mp4,T2V_data/label/vidgen_filter_gemini_part_0_dpo_15/iDbu9yRVfq8-Scene-0199/entity_20.png
T2V_data/VIDGEN-1M_unzip/iPDIPklYLG8-Scene-0020.mp4,"The video shows a close-up of a toy dog with a white body and black nose. The dog is holding a yellow toy with brown spots in its mouth. The background is blurred, but it appears to be a colorful setting. The toy dog is moving its mouth as if it is chewing on the toy.",T2V_data/label/vidgen_filter_gemini_part_0_dpo_15/iPDIPklYLG8-Scene-0020/depth.mp4,T2V_data/label/vidgen_filter_gemini_part_0_dpo_15/iPDIPklYLG8-Scene-0020/entity_40.png
T2V_data/VIDGEN-1M_unzip/iPDIPklYLG8-Scene-0020.mp4,"The video shows a close-up of a toy dog with a white body and black nose. The dog is holding a yellow toy with brown spots in its mouth. The background is blurred, but it appears to be a colorful setting. The toy dog is moving its mouth as if it is chewing on the toy.",T2V_data/label/vidgen_filter_gemini_part_0_dpo_15/iPDIPklYLG8-Scene-0020/entity_40.mp4,T2V_data/label/vidgen_filter_gemini_part_0_dpo_15/iPDIPklYLG8-Scene-0020/entity_40.png
T2V_data/VIDGEN-1M_unzip/ij47vY6QJLQ-Scene-0022.mp4,The video shows a person riding a bicycle on a paved road. The rider is wearing black gloves and is holding onto the handlebars of the bike. The road is surrounded by trees and grass on both sides. The rider passes by a parked car and a stone pillar. The video ends with the rider crossing a bridge.,T2V_data/label/vidgen_filter_gemini_part_0_dpo_15/ij47vY6QJLQ-Scene-0022/depth.mp4,T2V_data/label/vidgen_filter_gemini_part_0_dpo_15/ij47vY6QJLQ-Scene-0022/entity_60.png
T2V_data/VIDGEN-1M_unzip/ij47vY6QJLQ-Scene-0022.mp4,The video shows a person riding a bicycle on a paved road. The rider is wearing black gloves and is holding onto the handlebars of the bike. The road is surrounded by trees and grass on both sides. The rider passes by a parked car and a stone pillar. The video ends with the rider crossing a bridge.,T2V_data/label/vidgen_filter_gemini_part_0_dpo_15/ij47vY6QJLQ-Scene-0022/entity_60.mp4,T2V_data/label/vidgen_filter_gemini_part_0_dpo_15/ij47vY6QJLQ-Scene-0022/entity_60.png
T2V_data/VIDGEN-1M_unzip/jwwmLKBGjyQ-Scene-0083.mp4,"In the video, a man is seen water skiing on a lake. He is holding onto a rope that is attached to a boat. The man is wearing a black wetsuit and is being pulled by the boat at a high speed. As he skis, he performs several tricks, including jumping and flipping in the air. The water is splashing around him, and the boat is creating a large wake behind it. The surrounding scenery includes mountains and trees in the distance. The video captures the thrill and excitement of water skiing, as well as the skill and agility required to perform such stunts.",T2V_data/label/vidgen_filter_gemini_part_0_dpo_15/jwwmLKBGjyQ-Scene-0083/depth.mp4,T2V_data/label/vidgen_filter_gemini_part_0_dpo_15/jwwmLKBGjyQ-Scene-0083/entity_60.png
T2V_data/VIDGEN-1M_unzip/jwwmLKBGjyQ-Scene-0083.mp4,"In the video, a man is seen water skiing on a lake. He is holding onto a rope that is attached to a boat. The man is wearing a black wetsuit and is being pulled by the boat at a high speed. As he skis, he performs several tricks, including jumping and flipping in the air. The water is splashing around him, and the boat is creating a large wake behind it. The surrounding scenery includes mountains and trees in the distance. The video captures the thrill and excitement of water skiing, as well as the skill and agility required to perform such stunts.",T2V_data/label/vidgen_filter_gemini_part_0_dpo_15/jwwmLKBGjyQ-Scene-0083/entity_60.mp4,T2V_data/label/vidgen_filter_gemini_part_0_dpo_15/jwwmLKBGjyQ-Scene-0083/entity_60.png
T2V_data/VIDGEN-1M_unzip/k-skE9Loauc-Scene-0002.mp4,"The video shows a person using a tool to carve a statue. The statue is of a man lying down with his arms crossed. The person is using a tool to carve the hair on the statue. The statue is made of a gray material, and the person is wearing a white shirt. The background is blurred, but there are some bottles visible.",T2V_data/label/vidgen_filter_gemini_part_0_dpo_15/k-skE9Loauc-Scene-0002/depth.mp4,T2V_data/label/vidgen_filter_gemini_part_0_dpo_15/k-skE9Loauc-Scene-0002/entity_40.png
T2V_data/VIDGEN-1M_unzip/k-skE9Loauc-Scene-0002.mp4,"The video shows a person using a tool to carve a statue. The statue is of a man lying down with his arms crossed. The person is using a tool to carve the hair on the statue. The statue is made of a gray material, and the person is wearing a white shirt. The background is blurred, but there are some bottles visible.",T2V_data/label/vidgen_filter_gemini_part_0_dpo_15/k-skE9Loauc-Scene-0002/entity_40.mp4,T2V_data/label/vidgen_filter_gemini_part_0_dpo_15/k-skE9Loauc-Scene-0002/entity_40.png
T2V_data/VIDGEN-1M_unzip/kdwFe4cmWHg-Scene-0012.mp4,"In the video, a person is cooking food in a pan. The person is using a wooden spatula to stir the food. The food appears to be onions that are being sautéed. The person then adds a spice to the pan and continues to stir the mixture. The spice appears to be a powdered spice, possibly cumin or coriander. The person stirs the mixture until the spice is well incorporated into the onions. The video ends with the person continuing to stir the mixture.",T2V_data/label/vidgen_filter_gemini_part_0_dpo_15/kdwFe4cmWHg-Scene-0012/depth.mp4,T2V_data/label/vidgen_filter_gemini_part_0_dpo_15/kdwFe4cmWHg-Scene-0012/entity_40.png
T2V_data/VIDGEN-1M_unzip/kdwFe4cmWHg-Scene-0012.mp4,"In the video, a person is cooking food in a pan. The person is using a wooden spatula to stir the food. The food appears to be onions that are being sautéed. The person then adds a spice to the pan and continues to stir the mixture. The spice appears to be a powdered spice, possibly cumin or coriander. The person stirs the mixture until the spice is well incorporated into the onions. The video ends with the person continuing to stir the mixture.",T2V_data/label/vidgen_filter_gemini_part_0_dpo_15/kdwFe4cmWHg-Scene-0012/entity_40.mp4,T2V_data/label/vidgen_filter_gemini_part_0_dpo_15/kdwFe4cmWHg-Scene-0012/entity_40.png
T2V_data/VIDGEN-1M_unzip/keq3UHeLNMM-Scene-0058.mp4,"The video shows a person's hand holding a plastic bag with a dark liquid inside. The person is holding the bag with one hand and using the other hand to squeeze the bag, causing the liquid to move around inside. The bag appears to be made of a clear plastic material, and the liquid inside is dark in color, possibly a type of sauce or dressing. The person's hand is visible, and they are wearing a gray long-sleeved shirt. The background is blurred, but it appears to be a kitchen or a similar setting with various objects and containers.",T2V_data/label/vidgen_filter_gemini_part_0_dpo_15/keq3UHeLNMM-Scene-0058/depth.mp4,T2V_data/label/vidgen_filter_gemini_part_0_dpo_15/keq3UHeLNMM-Scene-0058/entity_60.png
T2V_data/VIDGEN-1M_unzip/keq3UHeLNMM-Scene-0058.mp4,"The video shows a person's hand holding a plastic bag with a dark liquid inside. The person is holding the bag with one hand and using the other hand to squeeze the bag, causing the liquid to move around inside. The bag appears to be made of a clear plastic material, and the liquid inside is dark in color, possibly a type of sauce or dressing. The person's hand is visible, and they are wearing a gray long-sleeved shirt. The background is blurred, but it appears to be a kitchen or a similar setting with various objects and containers.",T2V_data/label/vidgen_filter_gemini_part_0_dpo_15/keq3UHeLNMM-Scene-0058/entity_60.mp4,T2V_data/label/vidgen_filter_gemini_part_0_dpo_15/keq3UHeLNMM-Scene-0058/entity_60.png
T2V_data/VIDGEN-1M_unzip/l1KIscC8VbA-Scene-0053.mp4,"In the video, a young boy is seen riding a skateboard inside a building. He is wearing a white t-shirt, black shorts, and a black helmet. The boy is riding on a ramp and performing various tricks. The building has a concrete floor and a large fan is visible in the background. The boy appears to be skilled and confident as he maneuvers the skateboard.",T2V_data/label/vidgen_filter_gemini_part_0_dpo_15/l1KIscC8VbA-Scene-0053/depth.mp4,T2V_data/label/vidgen_filter_gemini_part_0_dpo_15/l1KIscC8VbA-Scene-0053/entity_20.png
T2V_data/VIDGEN-1M_unzip/l1KIscC8VbA-Scene-0053.mp4,"In the video, a young boy is seen riding a skateboard inside a building. He is wearing a white t-shirt, black shorts, and a black helmet. The boy is riding on a ramp and performing various tricks. The building has a concrete floor and a large fan is visible in the background. The boy appears to be skilled and confident as he maneuvers the skateboard.",T2V_data/label/vidgen_filter_gemini_part_0_dpo_15/l1KIscC8VbA-Scene-0053/entity_20.mp4,T2V_data/label/vidgen_filter_gemini_part_0_dpo_15/l1KIscC8VbA-Scene-0053/entity_20.png
T2V_data/VIDGEN-1M_unzip/m2YLog9H_tI-Scene-0050.mp4,"The video shows a basketball game in progress. One team is wearing orange jerseys, and the other team is wearing blue jerseys. The player in the orange jersey with the number 14 is seen dribbling the ball towards the basket. He then jumps and performs a slam dunk, scoring a basket. The crowd in the background is cheering and clapping.",T2V_data/label/vidgen_filter_gemini_part_0_dpo_15/m2YLog9H_tI-Scene-0050/depth.mp4,T2V_data/label/vidgen_filter_gemini_part_0_dpo_15/m2YLog9H_tI-Scene-0050/entity_20.png
T2V_data/VIDGEN-1M_unzip/m2YLog9H_tI-Scene-0050.mp4,"The video shows a basketball game in progress. One team is wearing orange jerseys, and the other team is wearing blue jerseys. The player in the orange jersey with the number 14 is seen dribbling the ball towards the basket. He then jumps and performs a slam dunk, scoring a basket. The crowd in the background is cheering and clapping.",T2V_data/label/vidgen_filter_gemini_part_0_dpo_15/m2YLog9H_tI-Scene-0050/entity_20.mp4,T2V_data/label/vidgen_filter_gemini_part_0_dpo_15/m2YLog9H_tI-Scene-0050/entity_20.png
T2V_data/VIDGEN-1M_unzip/m7VuIlZXN7c-Scene-0037.mp4,"The video shows a close-up of a table saw cutting through a piece of wood. The wood is light brown in color and has a smooth surface. The saw blade is silver and sharp, and it moves back and forth as it cuts through the wood. The person operating the saw is wearing a black glove and is holding the wood steady with one hand while the other hand guides the saw. The saw is mounted on a wooden table, and there is a black cord visible in the background.",T2V_data/label/vidgen_filter_gemini_part_0_dpo_15/m7VuIlZXN7c-Scene-0037/depth.mp4,T2V_data/label/vidgen_filter_gemini_part_0_dpo_15/m7VuIlZXN7c-Scene-0037/entity_20.png
T2V_data/VIDGEN-1M_unzip/m7VuIlZXN7c-Scene-0037.mp4,"The video shows a close-up of a table saw cutting through a piece of wood. The wood is light brown in color and has a smooth surface. The saw blade is silver and sharp, and it moves back and forth as it cuts through the wood. The person operating the saw is wearing a black glove and is holding the wood steady with one hand while the other hand guides the saw. The saw is mounted on a wooden table, and there is a black cord visible in the background.",T2V_data/label/vidgen_filter_gemini_part_0_dpo_15/m7VuIlZXN7c-Scene-0037/entity_20.mp4,T2V_data/label/vidgen_filter_gemini_part_0_dpo_15/m7VuIlZXN7c-Scene-0037/entity_20.png
T2V_data/VIDGEN-1M_unzip/mShUY8UuVJM-Scene-0033.mp4,"The video shows a person in an apron tying a string around a turkey. The turkey is on a wooden table, and the person is using a needle and thread to secure the string. The turkey is seasoned and ready to be cooked.",T2V_data/label/vidgen_filter_gemini_part_0_dpo_15/mShUY8UuVJM-Scene-0033/depth.mp4,T2V_data/label/vidgen_filter_gemini_part_0_dpo_15/mShUY8UuVJM-Scene-0033/entity_20.png
T2V_data/VIDGEN-1M_unzip/mShUY8UuVJM-Scene-0033.mp4,"The video shows a person in an apron tying a string around a turkey. The turkey is on a wooden table, and the person is using a needle and thread to secure the string. The turkey is seasoned and ready to be cooked.",T2V_data/label/vidgen_filter_gemini_part_0_dpo_15/mShUY8UuVJM-Scene-0033/entity_20.mp4,T2V_data/label/vidgen_filter_gemini_part_0_dpo_15/mShUY8UuVJM-Scene-0033/entity_20.png
T2V_data/VIDGEN-1M_unzip/maNhdWxdAW4-Scene-0020.mp4,"The video shows a person using a yellow and black sander to smooth out a piece of wood. The person is wearing a red shirt and is standing in front of a wooden table. The sander is being moved back and forth over the wood, and the person's hands are visible as they hold the sander. The wood appears to be a light brown color, and there is a white paper towel on the table next to the wood. The video is shot from a close-up angle, focusing on the sander and the wood.",T2V_data/label/vidgen_filter_gemini_part_0_dpo_15/maNhdWxdAW4-Scene-0020/depth.mp4,T2V_data/label/vidgen_filter_gemini_part_0_dpo_15/maNhdWxdAW4-Scene-0020/entity_40.png
T2V_data/VIDGEN-1M_unzip/maNhdWxdAW4-Scene-0020.mp4,"The video shows a person using a yellow and black sander to smooth out a piece of wood. The person is wearing a red shirt and is standing in front of a wooden table. The sander is being moved back and forth over the wood, and the person's hands are visible as they hold the sander. The wood appears to be a light brown color, and there is a white paper towel on the table next to the wood. The video is shot from a close-up angle, focusing on the sander and the wood.",T2V_data/label/vidgen_filter_gemini_part_0_dpo_15/maNhdWxdAW4-Scene-0020/entity_40.mp4,T2V_data/label/vidgen_filter_gemini_part_0_dpo_15/maNhdWxdAW4-Scene-0020/entity_40.png
T2V_data/VIDGEN-1M_unzip/mglSinVUqi4-Scene-0011.mp4,"The video shows a firefighter in full gear, including a helmet and jacket, holding a hose and spraying water towards a building. The firefighter is standing on a snowy ground with trees in the background. The building appears to be on fire, with smoke coming out of it. The firefighter is actively engaged in extinguishing the fire, and there are other people visible in the background, possibly other firefighters or bystanders. The video is shot during the daytime, and the colors are somewhat muted due to the quality of the footage.",T2V_data/label/vidgen_filter_gemini_part_0_dpo_15/mglSinVUqi4-Scene-0011/depth.mp4,T2V_data/label/vidgen_filter_gemini_part_0_dpo_15/mglSinVUqi4-Scene-0011/entity_20.png
T2V_data/VIDGEN-1M_unzip/mglSinVUqi4-Scene-0011.mp4,"The video shows a firefighter in full gear, including a helmet and jacket, holding a hose and spraying water towards a building. The firefighter is standing on a snowy ground with trees in the background. The building appears to be on fire, with smoke coming out of it. The firefighter is actively engaged in extinguishing the fire, and there are other people visible in the background, possibly other firefighters or bystanders. The video is shot during the daytime, and the colors are somewhat muted due to the quality of the footage.",T2V_data/label/vidgen_filter_gemini_part_0_dpo_15/mglSinVUqi4-Scene-0011/entity_20.mp4,T2V_data/label/vidgen_filter_gemini_part_0_dpo_15/mglSinVUqi4-Scene-0011/entity_20.png
T2V_data/VIDGEN-1M_unzip/mglSinVUqi4-Scene-0011.mp4,"The video shows a firefighter in full gear, including a helmet and jacket, holding a hose and spraying water towards a building. The firefighter is standing on a snowy ground with trees in the background. The building appears to be on fire, with smoke coming out of it. The firefighter is actively engaged in extinguishing the fire, and there are other people visible in the background, possibly other firefighters or bystanders. The video is shot during the daytime, and the colors are somewhat muted due to the quality of the footage.",T2V_data/label/vidgen_filter_gemini_part_0_dpo_15/mglSinVUqi4-Scene-0011/depth.mp4,T2V_data/label/vidgen_filter_gemini_part_0_dpo_15/mglSinVUqi4-Scene-0011/entity_60.png
T2V_data/VIDGEN-1M_unzip/mglSinVUqi4-Scene-0011.mp4,"The video shows a firefighter in full gear, including a helmet and jacket, holding a hose and spraying water towards a building. The firefighter is standing on a snowy ground with trees in the background. The building appears to be on fire, with smoke coming out of it. The firefighter is actively engaged in extinguishing the fire, and there are other people visible in the background, possibly other firefighters or bystanders. The video is shot during the daytime, and the colors are somewhat muted due to the quality of the footage.",T2V_data/label/vidgen_filter_gemini_part_0_dpo_15/mglSinVUqi4-Scene-0011/entity_60.mp4,T2V_data/label/vidgen_filter_gemini_part_0_dpo_15/mglSinVUqi4-Scene-0011/entity_60.png
T2V_data/VIDGEN-1M_unzip/n6MkJzZuqtg-Scene-0039.mp4,"The video shows a man wearing a white shirt pouring water from a large metal pot into a larger metal basin. The basin is placed over a fire, and the man is using a stick to stir the contents of the basin. The background is a natural landscape with trees and rocks.",T2V_data/label/vidgen_filter_gemini_part_0_dpo_15/n6MkJzZuqtg-Scene-0039/depth.mp4,T2V_data/label/vidgen_filter_gemini_part_0_dpo_15/n6MkJzZuqtg-Scene-0039/entity_20.png
T2V_data/VIDGEN-1M_unzip/n6MkJzZuqtg-Scene-0039.mp4,"The video shows a man wearing a white shirt pouring water from a large metal pot into a larger metal basin. The basin is placed over a fire, and the man is using a stick to stir the contents of the basin. The background is a natural landscape with trees and rocks.",T2V_data/label/vidgen_filter_gemini_part_0_dpo_15/n6MkJzZuqtg-Scene-0039/entity_20.mp4,T2V_data/label/vidgen_filter_gemini_part_0_dpo_15/n6MkJzZuqtg-Scene-0039/entity_20.png
T2V_data/VIDGEN-1M_unzip/nElkCNbwHls-Scene-0052.mp4,"In the video, a person is seen holding a red soda can with a silver top. The person then proceeds to open the can by twisting the top. After opening the can, the person removes the top and sets it aside. The person then proceeds to pour the soda into a glass. The video ends with the person holding the now empty can.",T2V_data/label/vidgen_filter_gemini_part_0_dpo_15/nElkCNbwHls-Scene-0052/depth.mp4,T2V_data/label/vidgen_filter_gemini_part_0_dpo_15/nElkCNbwHls-Scene-0052/entity_20.png
T2V_data/VIDGEN-1M_unzip/nElkCNbwHls-Scene-0052.mp4,"In the video, a person is seen holding a red soda can with a silver top. The person then proceeds to open the can by twisting the top. After opening the can, the person removes the top and sets it aside. The person then proceeds to pour the soda into a glass. The video ends with the person holding the now empty can.",T2V_data/label/vidgen_filter_gemini_part_0_dpo_15/nElkCNbwHls-Scene-0052/entity_20.mp4,T2V_data/label/vidgen_filter_gemini_part_0_dpo_15/nElkCNbwHls-Scene-0052/entity_20.png
T2V_data/VIDGEN-1M_unzip/n_gHal6HtaQ-Scene-0019.mp4,"In the video, a man is standing in a kitchen holding a remote control. He is wearing a red cap and a brown t-shirt. The kitchen has wooden cabinets and a refrigerator. The man is looking at a drone placed on a wooden box on the floor. The drone has four propellers and is black in color. The man then picks up the remote control and starts to fly the drone. The drone takes off and hovers in the air. The man then lands the drone on the wooden box. He then picks up the drone and places it back on the box. The drone has blue lights on it.",T2V_data/label/vidgen_filter_gemini_part_0_dpo_15/n_gHal6HtaQ-Scene-0019/depth.mp4,T2V_data/label/vidgen_filter_gemini_part_0_dpo_15/n_gHal6HtaQ-Scene-0019/entity_20.png
T2V_data/VIDGEN-1M_unzip/n_gHal6HtaQ-Scene-0019.mp4,"In the video, a man is standing in a kitchen holding a remote control. He is wearing a red cap and a brown t-shirt. The kitchen has wooden cabinets and a refrigerator. The man is looking at a drone placed on a wooden box on the floor. The drone has four propellers and is black in color. The man then picks up the remote control and starts to fly the drone. The drone takes off and hovers in the air. The man then lands the drone on the wooden box. He then picks up the drone and places it back on the box. The drone has blue lights on it.",T2V_data/label/vidgen_filter_gemini_part_0_dpo_15/n_gHal6HtaQ-Scene-0019/entity_20.mp4,T2V_data/label/vidgen_filter_gemini_part_0_dpo_15/n_gHal6HtaQ-Scene-0019/entity_20.png
T2V_data/VIDGEN-1M_unzip/n_kC2EUNmac-Scene-0037.mp4,"In the video, a person is seen working on a car. The person is using a wrench to tighten a bolt on the car. The person's hands are dirty, indicating that they have been working on the car for some time. The car appears to be a sedan, and the person is working on the front end of the car. The person is wearing a blue shirt, and the car is parked in a driveway. The video is shot during the daytime, and there are no other people visible in the video.",T2V_data/label/vidgen_filter_gemini_part_0_dpo_15/n_kC2EUNmac-Scene-0037/depth.mp4,T2V_data/label/vidgen_filter_gemini_part_0_dpo_15/n_kC2EUNmac-Scene-0037/entity_40.png
T2V_data/VIDGEN-1M_unzip/n_kC2EUNmac-Scene-0037.mp4,"In the video, a person is seen working on a car. The person is using a wrench to tighten a bolt on the car. The person's hands are dirty, indicating that they have been working on the car for some time. The car appears to be a sedan, and the person is working on the front end of the car. The person is wearing a blue shirt, and the car is parked in a driveway. The video is shot during the daytime, and there are no other people visible in the video.",T2V_data/label/vidgen_filter_gemini_part_0_dpo_15/n_kC2EUNmac-Scene-0037/entity_40.mp4,T2V_data/label/vidgen_filter_gemini_part_0_dpo_15/n_kC2EUNmac-Scene-0037/entity_40.png
T2V_data/VIDGEN-1M_unzip/o3hR6NoX3ZA-Scene-0020.mp4,"The video shows a fire burning in a fireplace. The fire is bright and appears to be well-lit, with flames reaching upwards. The fireplace is made of brick and has a metal grate in front of it. The fire is the main focus of the video, and there are no other objects or people visible in the frame. The flames are dancing and flickering, creating a warm and cozy atmosphere. The video is shot from a close-up angle, allowing for a detailed view of the fire and the fireplace.",T2V_data/label/vidgen_filter_gemini_part_0_dpo_15/o3hR6NoX3ZA-Scene-0020/depth.mp4,T2V_data/label/vidgen_filter_gemini_part_0_dpo_15/o3hR6NoX3ZA-Scene-0020/entity_20.png
T2V_data/VIDGEN-1M_unzip/o3hR6NoX3ZA-Scene-0020.mp4,"The video shows a fire burning in a fireplace. The fire is bright and appears to be well-lit, with flames reaching upwards. The fireplace is made of brick and has a metal grate in front of it. The fire is the main focus of the video, and there are no other objects or people visible in the frame. The flames are dancing and flickering, creating a warm and cozy atmosphere. The video is shot from a close-up angle, allowing for a detailed view of the fire and the fireplace.",T2V_data/label/vidgen_filter_gemini_part_0_dpo_15/o3hR6NoX3ZA-Scene-0020/entity_20.mp4,T2V_data/label/vidgen_filter_gemini_part_0_dpo_15/o3hR6NoX3ZA-Scene-0020/entity_20.png
T2V_data/VIDGEN-1M_unzip/o3hR6NoX3ZA-Scene-0020.mp4,"The video shows a fire burning in a fireplace. The fire is bright and appears to be well-lit, with flames reaching upwards. The fireplace is made of brick and has a metal grate in front of it. The fire is the main focus of the video, and there are no other objects or people visible in the frame. The flames are dancing and flickering, creating a warm and cozy atmosphere. The video is shot from a close-up angle, allowing for a detailed view of the fire and the fireplace.",T2V_data/label/vidgen_filter_gemini_part_0_dpo_15/o3hR6NoX3ZA-Scene-0020/depth.mp4,T2V_data/label/vidgen_filter_gemini_part_0_dpo_15/o3hR6NoX3ZA-Scene-0020/entity_60.png
T2V_data/VIDGEN-1M_unzip/o3hR6NoX3ZA-Scene-0020.mp4,"The video shows a fire burning in a fireplace. The fire is bright and appears to be well-lit, with flames reaching upwards. The fireplace is made of brick and has a metal grate in front of it. The fire is the main focus of the video, and there are no other objects or people visible in the frame. The flames are dancing and flickering, creating a warm and cozy atmosphere. The video is shot from a close-up angle, allowing for a detailed view of the fire and the fireplace.",T2V_data/label/vidgen_filter_gemini_part_0_dpo_15/o3hR6NoX3ZA-Scene-0020/entity_60.mp4,T2V_data/label/vidgen_filter_gemini_part_0_dpo_15/o3hR6NoX3ZA-Scene-0020/entity_60.png
T2V_data/VIDGEN-1M_unzip/pnfVnuXJKOM-Scene-0048.mp4,"The video shows a person's hand holding a fish finder device. The device is black and has a screen that displays a colorful graph of the water below. The person is moving the device around, presumably to scan the water for fish. The water appears to be a deep blue color, and the graph on the screen shows different shades of blue and yellow, indicating different depths and underwater features.",T2V_data/label/vidgen_filter_gemini_part_0_dpo_15/pnfVnuXJKOM-Scene-0048/depth.mp4,T2V_data/label/vidgen_filter_gemini_part_0_dpo_15/pnfVnuXJKOM-Scene-0048/entity_40.png
T2V_data/VIDGEN-1M_unzip/pnfVnuXJKOM-Scene-0048.mp4,"The video shows a person's hand holding a fish finder device. The device is black and has a screen that displays a colorful graph of the water below. The person is moving the device around, presumably to scan the water for fish. The water appears to be a deep blue color, and the graph on the screen shows different shades of blue and yellow, indicating different depths and underwater features.",T2V_data/label/vidgen_filter_gemini_part_0_dpo_15/pnfVnuXJKOM-Scene-0048/entity_40.mp4,T2V_data/label/vidgen_filter_gemini_part_0_dpo_15/pnfVnuXJKOM-Scene-0048/entity_40.png
T2V_data/VIDGEN-1M_unzip/qR11xx8wWl4-Scene-0083.mp4,"The video shows a green car driving on a dirt road in a rocky landscape. The car is driving under a stone bridge and then crashes into a rock. The car is shown from different angles, including a close-up of the front and a side view. The landscape is green with grass and rocks, and the sky is a pale green color.",T2V_data/label/vidgen_filter_gemini_part_0_dpo_15/qR11xx8wWl4-Scene-0083/depth.mp4,T2V_data/label/vidgen_filter_gemini_part_0_dpo_15/qR11xx8wWl4-Scene-0083/entity_40.png
T2V_data/VIDGEN-1M_unzip/qR11xx8wWl4-Scene-0083.mp4,"The video shows a green car driving on a dirt road in a rocky landscape. The car is driving under a stone bridge and then crashes into a rock. The car is shown from different angles, including a close-up of the front and a side view. The landscape is green with grass and rocks, and the sky is a pale green color.",T2V_data/label/vidgen_filter_gemini_part_0_dpo_15/qR11xx8wWl4-Scene-0083/entity_40.mp4,T2V_data/label/vidgen_filter_gemini_part_0_dpo_15/qR11xx8wWl4-Scene-0083/entity_40.png
T2V_data/VIDGEN-1M_unzip/uYsgb8q2swE-Scene-0036.mp4,"The video shows a close-up of a person's hand holding a glass and pouring a liquid into a glass with ice cubes. The liquid appears to be a brown color, and the glass is placed on a table. The person's hand is steady, and the liquid is poured carefully to avoid spilling. The glass with ice cubes is clear, and the ice cubes are large and irregularly shaped. The table is wooden, and there is a blurred background that suggests the setting may be a bar or kitchen.",T2V_data/label/vidgen_filter_gemini_part_0_dpo_15/uYsgb8q2swE-Scene-0036/depth.mp4,T2V_data/label/vidgen_filter_gemini_part_0_dpo_15/uYsgb8q2swE-Scene-0036/entity_60.png
T2V_data/VIDGEN-1M_unzip/uYsgb8q2swE-Scene-0036.mp4,"The video shows a close-up of a person's hand holding a glass and pouring a liquid into a glass with ice cubes. The liquid appears to be a brown color, and the glass is placed on a table. The person's hand is steady, and the liquid is poured carefully to avoid spilling. The glass with ice cubes is clear, and the ice cubes are large and irregularly shaped. The table is wooden, and there is a blurred background that suggests the setting may be a bar or kitchen.",T2V_data/label/vidgen_filter_gemini_part_0_dpo_15/uYsgb8q2swE-Scene-0036/entity_60.mp4,T2V_data/label/vidgen_filter_gemini_part_0_dpo_15/uYsgb8q2swE-Scene-0036/entity_60.png
T2V_data/VIDGEN-1M_unzip/uqZ2ZcesYDk-Scene-0020.mp4,The video shows a cricket player in white uniform diving to catch a ball. The player is seen stretching out his body to reach the ball and then falling onto the ground. The crowd in the background is cheering and clapping. The player then gets up and walks away from the ball.,T2V_data/label/vidgen_filter_gemini_part_0_dpo_15/uqZ2ZcesYDk-Scene-0020/depth.mp4,T2V_data/label/vidgen_filter_gemini_part_0_dpo_15/uqZ2ZcesYDk-Scene-0020/entity_20.png
T2V_data/VIDGEN-1M_unzip/uqZ2ZcesYDk-Scene-0020.mp4,The video shows a cricket player in white uniform diving to catch a ball. The player is seen stretching out his body to reach the ball and then falling onto the ground. The crowd in the background is cheering and clapping. The player then gets up and walks away from the ball.,T2V_data/label/vidgen_filter_gemini_part_0_dpo_15/uqZ2ZcesYDk-Scene-0020/entity_20.mp4,T2V_data/label/vidgen_filter_gemini_part_0_dpo_15/uqZ2ZcesYDk-Scene-0020/entity_20.png
T2V_data/VIDGEN-1M_unzip/xdzI45Wb3-4-Scene-0039.mp4,"In the video, a man is seen riding a red ATV through a field of tall grass. He is wearing a black cap and a green shirt. The ATV is equipped with a black plow attachment at the back, which is being used to cut down the grass as the ATV moves forward. The man appears to be focused on his task, maneuvering the ATV with ease as he cuts through the grass. The field is vast and open, with no other objects or people visible in the video. The grass is a vibrant green color, and the sky is clear and blue. The sound of the ATV's engine can be heard in the background, adding to the overall ambiance of the scene.",T2V_data/label/vidgen_filter_gemini_part_0_dpo_15/xdzI45Wb3-4-Scene-0039/depth.mp4,T2V_data/label/vidgen_filter_gemini_part_0_dpo_15/xdzI45Wb3-4-Scene-0039/entity_40.png
T2V_data/VIDGEN-1M_unzip/xdzI45Wb3-4-Scene-0039.mp4,"In the video, a man is seen riding a red ATV through a field of tall grass. He is wearing a black cap and a green shirt. The ATV is equipped with a black plow attachment at the back, which is being used to cut down the grass as the ATV moves forward. The man appears to be focused on his task, maneuvering the ATV with ease as he cuts through the grass. The field is vast and open, with no other objects or people visible in the video. The grass is a vibrant green color, and the sky is clear and blue. The sound of the ATV's engine can be heard in the background, adding to the overall ambiance of the scene.",T2V_data/label/vidgen_filter_gemini_part_0_dpo_15/xdzI45Wb3-4-Scene-0039/entity_40.mp4,T2V_data/label/vidgen_filter_gemini_part_0_dpo_15/xdzI45Wb3-4-Scene-0039/entity_40.png
T2V_data/VIDGEN-1M_unzip/ya4bvQqn-hI-Scene-0050.mp4,"In the video, a person is seen holding a black lighter in their hand. The lighter is then placed on top of a piece of silver duct tape that is laid out on a white surface. The person then proceeds to press down on the lighter, causing it to ignite and produce a flame. The flame is then used to burn a hole in the duct tape. The video ends with the person showing the hole that was burned in the duct tape.",T2V_data/label/vidgen_filter_gemini_part_0_dpo_15/ya4bvQqn-hI-Scene-0050/depth.mp4,T2V_data/label/vidgen_filter_gemini_part_0_dpo_15/ya4bvQqn-hI-Scene-0050/entity_60.png
T2V_data/VIDGEN-1M_unzip/ya4bvQqn-hI-Scene-0050.mp4,"In the video, a person is seen holding a black lighter in their hand. The lighter is then placed on top of a piece of silver duct tape that is laid out on a white surface. The person then proceeds to press down on the lighter, causing it to ignite and produce a flame. The flame is then used to burn a hole in the duct tape. The video ends with the person showing the hole that was burned in the duct tape.",T2V_data/label/vidgen_filter_gemini_part_0_dpo_15/ya4bvQqn-hI-Scene-0050/entity_60.mp4,T2V_data/label/vidgen_filter_gemini_part_0_dpo_15/ya4bvQqn-hI-Scene-0050/entity_60.png
