video,prompt,vace_video,vace_reference_image
T2V_data/VIDGEN-1M_unzip/-84UxA1MKQs-Scene-0207.mp4,"In the video, a man is seen working on a car in a garage. He is wearing a black tank top and a cap. He is holding a blue air compressor in his hand and using it to inflate a tire. The man appears to be focused on his task, and the garage is filled with various tools and equipment. The lighting in the garage is bright, and the man's movements are deliberate and precise as he works on the tire. The video captures the man's actions in detail, showing the process of inflating the tire and the tools he uses to do so.",T2V_data/label/vidgen_filter_gemini_part_0_dpo_7/-84UxA1MKQs-Scene-0207/entity_20.mp4,T2V_data/label/vidgen_filter_gemini_part_0_dpo_7/-84UxA1MKQs-Scene-0207/aug_entity_20.png
T2V_data/VIDGEN-1M_unzip/-INLYt6geGU-Scene-0016.mp4,"In the video, a dog and a cat are seen playing together in a room. The dog is lying on the floor, and the cat is sitting next to it. The cat is pawing at the dog's face, and the dog is playfully biting back. The room is well-lit, and there are some toys scattered around. The dog is a light-colored breed, and the cat is a tabby. The interaction between the two animals is friendly and playful, and they seem to be enjoying each other's company.",T2V_data/label/vidgen_filter_gemini_part_0_dpo_7/-INLYt6geGU-Scene-0016/entity_20.mp4,T2V_data/label/vidgen_filter_gemini_part_0_dpo_7/-INLYt6geGU-Scene-0016/aug_entity_20.png
T2V_data/VIDGEN-1M_unzip/-PEJXLLPZzw-Scene-0024.mp4,The video shows a man wearing a white t-shirt and a white hard hat. He is standing next to a wooden ladder with a red paint bucket on it. The man is speaking to the camera and then proceeds to dip his finger into the paint bucket and rub it on the wall. The wall appears to be made of concrete and has some blue lines on it. The man seems to be demonstrating how to apply paint to a wall.,T2V_data/label/vidgen_filter_gemini_part_0_dpo_7/-PEJXLLPZzw-Scene-0024/entity_40.mp4,T2V_data/label/vidgen_filter_gemini_part_0_dpo_7/-PEJXLLPZzw-Scene-0024/aug_entity_40.png
T2V_data/VIDGEN-1M_unzip/-Qnf4-Ez26g-Scene-0043.mp4,"In the video, a woman is seen climbing a ladder to reach the roof of a white van. She is wearing a blue tank top and black pants. The man is already on the roof, wearing a gray shirt and black pants. The woman climbs up the ladder and joins the man on the roof. They both seem to be working on something, but it is not clear what they are doing. The van is parked in a driveway with trees in the background.",T2V_data/label/vidgen_filter_gemini_part_0_dpo_7/-Qnf4-Ez26g-Scene-0043/entity_40.mp4,T2V_data/label/vidgen_filter_gemini_part_0_dpo_7/-Qnf4-Ez26g-Scene-0043/aug_entity_40.png
T2V_data/VIDGEN-1M_unzip/-fzMDkrZO64-Scene-0002.mp4,"The video shows two black dogs playing together in a grassy field. They are seen running around, jumping on each other, and chasing after a red ball. The dogs seem to be having a great time, and their playful behavior is the main focus of the video. The grassy field provides a natural and open environment for the dogs to play in, and the red ball adds a pop of color to the scene. The dogs' black fur contrasts nicely with the green grass, making them stand out in the video. Overall, the video captures a joyful moment of two dogs enjoying each other's company and engaging in playful activity.",T2V_data/label/vidgen_filter_gemini_part_0_dpo_7/-fzMDkrZO64-Scene-0002/entity_20.mp4,T2V_data/label/vidgen_filter_gemini_part_0_dpo_7/-fzMDkrZO64-Scene-0002/aug_entity_20.png
T2V_data/VIDGEN-1M_unzip/-k209jTEGoU-Scene-0126.mp4,"The video shows a basketball game being played on a court. The players are wearing different colored jerseys, and the crowd is watching from the sidelines. One player in a yellow jersey is dribbling the ball and making a move towards the basket. The other player in a red jersey is trying to block him. The crowd is cheering and clapping as the game progresses.",T2V_data/label/vidgen_filter_gemini_part_0_dpo_7/-k209jTEGoU-Scene-0126/entity_40.mp4,T2V_data/label/vidgen_filter_gemini_part_0_dpo_7/-k209jTEGoU-Scene-0126/aug_entity_40.png
T2V_data/VIDGEN-1M_unzip/-mfbv8I3gKI-Scene-0125.mp4,"In the video, a person is holding a fish in their hand and using a pair of pliers to remove a hook from its mouth. The fish is lying on the grass, and the person is carefully removing the hook without causing any harm to the fish. The person's hands are steady, and they seem to be experienced in handling fish. The fish appears to be calm and not struggling. The grass is green and lush, indicating that the video was likely taken outdoors in a natural setting. The person's pliers are green and appear to be of a sturdy material. The hook is silver and looks to be of a medium size. The video is shot in daylight, and the person's actions are deliberate and precise.",T2V_data/label/vidgen_filter_gemini_part_0_dpo_7/-mfbv8I3gKI-Scene-0125/entity_20.mp4,T2V_data/label/vidgen_filter_gemini_part_0_dpo_7/-mfbv8I3gKI-Scene-0125/aug_entity_20.png
T2V_data/VIDGEN-1M_unzip/-pIVAd-X_Lg-Scene-0090.mp4,"In the video, a woman and a child are sitting at a table with a large pumpkin in front of them. The woman is using a knife to carve the pumpkin, while the child is watching her. The woman is wearing a black shirt and has blonde hair, while the child is wearing a green shirt. The pumpkin is orange and has a large opening in the top. The woman is carefully carving out the insides of the pumpkin, and the child is watching her closely. The table is made of wood, and there is a white chair visible in the background. The lighting in the room is bright, and there are no other objects or people visible in the video.",T2V_data/label/vidgen_filter_gemini_part_0_dpo_7/-pIVAd-X_Lg-Scene-0090/entity_20.mp4,T2V_data/label/vidgen_filter_gemini_part_0_dpo_7/-pIVAd-X_Lg-Scene-0090/aug_entity_20.png
T2V_data/VIDGEN-1M_unzip/0Jm3Vm3WUY8-Scene-0056.mp4,"The video shows a man in a gym lifting a barbell. He is wearing a black tank top and black shorts. The barbell has weights on it, and he is lifting it up and down. The gym has various equipment in the background, and the man is focused on his workout.",T2V_data/label/vidgen_filter_gemini_part_0_dpo_7/0Jm3Vm3WUY8-Scene-0056/entity_40.mp4,T2V_data/label/vidgen_filter_gemini_part_0_dpo_7/0Jm3Vm3WUY8-Scene-0056/aug_entity_40.png
T2V_data/VIDGEN-1M_unzip/0db4vwIdkyg-Scene-0006.mp4,"The video shows a man riding a bull in a rodeo ring. The man is wearing a green vest and a helmet, and he is holding onto a rope with one hand while the bull bucks wildly. The crowd in the background is cheering and clapping. The man manages to stay on the bull for a few seconds before being thrown off. The bull continues to buck around the ring, and the man is seen lying on the ground. The video ends with the man getting up and walking away from the bull.",T2V_data/label/vidgen_filter_gemini_part_0_dpo_7/0db4vwIdkyg-Scene-0006/entity_40.mp4,T2V_data/label/vidgen_filter_gemini_part_0_dpo_7/0db4vwIdkyg-Scene-0006/aug_entity_40.png
T2V_data/VIDGEN-1M_unzip/0gUS_AFxV-w-Scene-0064.mp4,"In the video, a person wearing blue gloves is kneading a large piece of dough on a marble countertop. The dough is pale yellow in color and appears to be soft and pliable. The person's hands move rhythmically, pressing and folding the dough in a repetitive motion. The marble countertop has a speckled pattern with shades of gray and white. The person's movements are deliberate and focused, indicating that they are experienced in kneading dough.",T2V_data/label/vidgen_filter_gemini_part_0_dpo_7/0gUS_AFxV-w-Scene-0064/entity_60.mp4,T2V_data/label/vidgen_filter_gemini_part_0_dpo_7/0gUS_AFxV-w-Scene-0064/aug_entity_60.png
T2V_data/VIDGEN-1M_unzip/0hYifT1vyHc-Scene-0056.mp4,"The video shows a soccer game being played on a green field with white markings. The players are wearing different colored uniforms, with one team in white and the other in black. The crowd is visible in the background, watching the game from the stands. The players are seen running, kicking the ball, and attempting to score goals. The video captures the excitement and energy of the game, with the players moving quickly and the crowd cheering them on.",T2V_data/label/vidgen_filter_gemini_part_0_dpo_7/0hYifT1vyHc-Scene-0056/entity_60.mp4,T2V_data/label/vidgen_filter_gemini_part_0_dpo_7/0hYifT1vyHc-Scene-0056/aug_entity_60.png
T2V_data/VIDGEN-1M_unzip/0u-zCwZeyUo-Scene-0064.mp4,"In the video, a person is seen working on a car engine. The person is using a wrench to turn a bolt. The engine is visible in the background. The person's hand is in focus, and they are wearing a blue shirt. The wrench is silver and appears to be made of metal. The bolt being turned is black and is located on the engine. The person's hand is steady, and they seem to be experienced in using the wrench. The engine is large and complex, with various components visible in the background. The video is shot in daylight, and the person's actions are deliberate and precise.",T2V_data/label/vidgen_filter_gemini_part_0_dpo_7/0u-zCwZeyUo-Scene-0064/entity_60.mp4,T2V_data/label/vidgen_filter_gemini_part_0_dpo_7/0u-zCwZeyUo-Scene-0064/aug_entity_60.png
T2V_data/VIDGEN-1M_unzip/1GwbXZu5UwY-Scene-0011.mp4,"In the video, a young boy is seen playing with a toy car. The car is blue and gray in color and has a ramp on the back. The boy is placing small toy cars into the ramp and then pushing them down to the bottom. He repeats this action several times, with a smile on his face. The boy is wearing a white shirt and gray pants. The background shows a brown couch and a white carpet.",T2V_data/label/vidgen_filter_gemini_part_0_dpo_7/1GwbXZu5UwY-Scene-0011/entity_20.mp4,T2V_data/label/vidgen_filter_gemini_part_0_dpo_7/1GwbXZu5UwY-Scene-0011/aug_entity_20.png
T2V_data/VIDGEN-1M_unzip/1RnLUmAcQoQ-Scene-0073.mp4,The video shows a person driving a car on a road. The person is holding the steering wheel with both hands and driving the car. The road is surrounded by green hills and trees. The sky is cloudy and the road is empty.,T2V_data/label/vidgen_filter_gemini_part_0_dpo_7/1RnLUmAcQoQ-Scene-0073/entity_40.mp4,T2V_data/label/vidgen_filter_gemini_part_0_dpo_7/1RnLUmAcQoQ-Scene-0073/aug_entity_40.png
T2V_data/VIDGEN-1M_unzip/1RnLUmAcQoQ-Scene-0073.mp4,The video shows a person driving a car on a road. The person is holding the steering wheel with both hands and driving the car. The road is surrounded by green hills and trees. The sky is cloudy and the road is empty.,T2V_data/label/vidgen_filter_gemini_part_0_dpo_7/1RnLUmAcQoQ-Scene-0073/entity_80.mp4,T2V_data/label/vidgen_filter_gemini_part_0_dpo_7/1RnLUmAcQoQ-Scene-0073/aug_entity_80.png
T2V_data/VIDGEN-1M_unzip/1lYO16hQj0s-Scene-0058.mp4,"In the video, a person is using a power drill to remove bolts from a tire. The person is wearing black gloves and is holding the drill with both hands. The tire appears to be dirty and is attached to a vehicle. The person is using a red and black power drill to remove the bolts. The video is shot in a close-up angle, focusing on the person's hands and the tire.",T2V_data/label/vidgen_filter_gemini_part_0_dpo_7/1lYO16hQj0s-Scene-0058/entity_20.mp4,T2V_data/label/vidgen_filter_gemini_part_0_dpo_7/1lYO16hQj0s-Scene-0058/aug_entity_20.png
T2V_data/VIDGEN-1M_unzip/1lYO16hQj0s-Scene-0058.mp4,"In the video, a person is using a power drill to remove bolts from a tire. The person is wearing black gloves and is holding the drill with both hands. The tire appears to be dirty and is attached to a vehicle. The person is using a red and black power drill to remove the bolts. The video is shot in a close-up angle, focusing on the person's hands and the tire.",T2V_data/label/vidgen_filter_gemini_part_0_dpo_7/1lYO16hQj0s-Scene-0058/entity_40.mp4,T2V_data/label/vidgen_filter_gemini_part_0_dpo_7/1lYO16hQj0s-Scene-0058/aug_entity_40.png
T2V_data/VIDGEN-1M_unzip/1lYO16hQj0s-Scene-0058.mp4,"In the video, a person is using a power drill to remove bolts from a tire. The person is wearing black gloves and is holding the drill with both hands. The tire appears to be dirty and is attached to a vehicle. The person is using a red and black power drill to remove the bolts. The video is shot in a close-up angle, focusing on the person's hands and the tire.",T2V_data/label/vidgen_filter_gemini_part_0_dpo_7/1lYO16hQj0s-Scene-0058/entity_60.mp4,T2V_data/label/vidgen_filter_gemini_part_0_dpo_7/1lYO16hQj0s-Scene-0058/aug_entity_60.png
T2V_data/VIDGEN-1M_unzip/1pU6Rn2GnFQ-Scene-0023.mp4,"The video shows a scuba diver in the ocean, holding a spear and a net. The diver is attempting to catch a lionfish, which is a venomous fish known for its distinctive appearance. The lionfish has long, venomous spines and is known to be a threat to coral reefs. The diver is wearing scuba gear and appears to be experienced in handling the equipment. The water is clear, and the ocean floor is visible in the background. The lionfish is seen swimming around, trying to avoid the spear and net. The diver successfully catches the lionfish and holds it up for the camera. The video provides a close-up view of the lionfish's spines and the diver's equipment.",T2V_data/label/vidgen_filter_gemini_part_0_dpo_7/1pU6Rn2GnFQ-Scene-0023/entity_40.mp4,T2V_data/label/vidgen_filter_gemini_part_0_dpo_7/1pU6Rn2GnFQ-Scene-0023/aug_entity_40.png
T2V_data/VIDGEN-1M_unzip/1yQPynUrNjU-Scene-0013.mp4,"In the video, a person is seen using a lathe to carve a piece of wood. The lathe is spinning the wood at a high speed, and the person is using a chisel to shape the wood. The person's hands are steady as they carefully carve the wood, creating a smooth and even surface. The wood is light brown in color, and the lathe is green. The person's focus is on the task at hand, and they are skilled in their craft.",T2V_data/label/vidgen_filter_gemini_part_0_dpo_7/1yQPynUrNjU-Scene-0013/entity_20.mp4,T2V_data/label/vidgen_filter_gemini_part_0_dpo_7/1yQPynUrNjU-Scene-0013/aug_entity_20.png
T2V_data/VIDGEN-1M_unzip/22FPI-6-8hM-Scene-0008.mp4,"The video shows a woman playing tennis on a court. She is wearing a blue top and a white skirt. She is holding a tennis racket and hitting a yellow tennis ball with it. The background is a blue wall with the words ""ACC TENNIS"" written on it. The woman is focused on the ball and moves around the court to hit it.",T2V_data/label/vidgen_filter_gemini_part_0_dpo_7/22FPI-6-8hM-Scene-0008/entity_20.mp4,T2V_data/label/vidgen_filter_gemini_part_0_dpo_7/22FPI-6-8hM-Scene-0008/aug_entity_20.png
T2V_data/VIDGEN-1M_unzip/2DpClMdEeiE-Scene-0054.mp4,"In the video, a woman with red hair is seen holding a man's hair. The man has a long, yellow beard and is wearing a white shirt. The woman is wearing a purple dress and a green scarf. She is holding the man's hair with both hands and appears to be pulling it. The background is a dark green color, and there are no other objects or people visible in the video.",T2V_data/label/vidgen_filter_gemini_part_0_dpo_7/2DpClMdEeiE-Scene-0054/entity_20.mp4,T2V_data/label/vidgen_filter_gemini_part_0_dpo_7/2DpClMdEeiE-Scene-0054/aug_entity_20.png
T2V_data/VIDGEN-1M_unzip/2TjNgHy5Wzg-Scene-0007.mp4,"The video shows a horse and rider in an indoor arena. The horse is brown and the rider is wearing a black helmet and white pants. They are jumping over a series of obstacles, which are made of poles and bars. The background shows a yellow curtain and a crowd of people watching the event. The horse and rider are moving at a fast pace and appear to be in sync with each other.",T2V_data/label/vidgen_filter_gemini_part_0_dpo_7/2TjNgHy5Wzg-Scene-0007/entity_20.mp4,T2V_data/label/vidgen_filter_gemini_part_0_dpo_7/2TjNgHy5Wzg-Scene-0007/aug_entity_20.png
T2V_data/VIDGEN-1M_unzip/2WXDPkCHPdg-Scene-0100.mp4,"In the video, a woman is holding a young boy in her arms. She then gently places him on the ground and stands up. The boy looks around and starts walking. The woman follows him, holding his hands and guiding him as he takes his first steps. The boy seems to be enjoying the experience, and the woman is encouraging him every step of the way. The video captures a beautiful moment of a child's first steps, with the woman's support and guidance.",T2V_data/label/vidgen_filter_gemini_part_0_dpo_7/2WXDPkCHPdg-Scene-0100/entity_40.mp4,T2V_data/label/vidgen_filter_gemini_part_0_dpo_7/2WXDPkCHPdg-Scene-0100/aug_entity_40.png
T2V_data/VIDGEN-1M_unzip/2d6K6BMiaUU-Scene-0059.mp4,"In the video, a young girl is seen sitting at a table with a large bowl of slime in front of her. She is wearing a camouflage shirt and has blonde hair. The slime is a bright green color and appears to be very stretchy. The girl is pulling and stretching the slime, demonstrating its elasticity. She seems to be enjoying herself as she plays with the slime. The background is a simple room with a blue chair and a white wall.",T2V_data/label/vidgen_filter_gemini_part_0_dpo_7/2d6K6BMiaUU-Scene-0059/entity_40.mp4,T2V_data/label/vidgen_filter_gemini_part_0_dpo_7/2d6K6BMiaUU-Scene-0059/aug_entity_40.png
T2V_data/VIDGEN-1M_unzip/2tJQylej-uI-Scene-0067.mp4,"The video shows a football game in progress. A player in an orange jersey is seen running with the ball, trying to avoid being tackled by the opposing team players in purple jerseys. The player in orange is eventually brought down by the defenders, and the ball is recovered by the purple team. The players are on a grassy field, and the stands are filled with spectators.",T2V_data/label/vidgen_filter_gemini_part_0_dpo_7/2tJQylej-uI-Scene-0067/entity_20.mp4,T2V_data/label/vidgen_filter_gemini_part_0_dpo_7/2tJQylej-uI-Scene-0067/aug_entity_20.png
T2V_data/VIDGEN-1M_unzip/2tJQylej-uI-Scene-0067.mp4,"The video shows a football game in progress. A player in an orange jersey is seen running with the ball, trying to avoid being tackled by the opposing team players in purple jerseys. The player in orange is eventually brought down by the defenders, and the ball is recovered by the purple team. The players are on a grassy field, and the stands are filled with spectators.",T2V_data/label/vidgen_filter_gemini_part_0_dpo_7/2tJQylej-uI-Scene-0067/entity_60.mp4,T2V_data/label/vidgen_filter_gemini_part_0_dpo_7/2tJQylej-uI-Scene-0067/aug_entity_60.png
T2V_data/VIDGEN-1M_unzip/2tSdG6W20rs-Scene-0016.mp4,"In the video, a man is seen sitting in the woods and talking to the camera. He is wearing a black shirt and camouflage pants. The man is holding a knife in his hand and is using it to cut a piece of fruit. He then proceeds to cut the fruit into smaller pieces. The man continues to talk to the camera while cutting the fruit. The background is filled with trees and foliage, indicating that the man is in a forest or wooded area. The lighting is natural, suggesting that the video was shot during the day. The man's actions are deliberate and precise as he cuts the fruit with the knife. The video does not contain any other objects or people, and the focus is solely on the man and his actions.",T2V_data/label/vidgen_filter_gemini_part_0_dpo_7/2tSdG6W20rs-Scene-0016/entity_20.mp4,T2V_data/label/vidgen_filter_gemini_part_0_dpo_7/2tSdG6W20rs-Scene-0016/aug_entity_20.png
T2V_data/VIDGEN-1M_unzip/33vhAT03560-Scene-0032.mp4,"In this video, a person is seen sitting in a car, with their hand on the gear shift. The gear shift has a blue button on it, which the person presses. The person then moves the gear shift into different positions, indicating that they are changing the gears of the car. The car's interior is visible in the background, and the person appears to be wearing a black shirt. The video seems to be a demonstration of how to change gears in a car.",T2V_data/label/vidgen_filter_gemini_part_0_dpo_7/33vhAT03560-Scene-0032/entity_60.mp4,T2V_data/label/vidgen_filter_gemini_part_0_dpo_7/33vhAT03560-Scene-0032/aug_entity_60.png
T2V_data/VIDGEN-1M_unzip/3fqrE0Ool58-Scene-0154.mp4,"In the video, a man is seen standing outside a wooden structure. He is wearing a red and black plaid shirt and a black cap. The man is holding a power drill in his right hand and appears to be drilling into a wooden door frame. The door frame is part of a larger wooden structure, possibly a shed or a small barn. The man is focused on his task, and the sound of the drill can be heard in the background. The sky is clear, and it appears to be a sunny day.",T2V_data/label/vidgen_filter_gemini_part_0_dpo_7/3fqrE0Ool58-Scene-0154/entity_20.mp4,T2V_data/label/vidgen_filter_gemini_part_0_dpo_7/3fqrE0Ool58-Scene-0154/aug_entity_20.png
T2V_data/VIDGEN-1M_unzip/3gs-toKyPJQ-Scene-0064.mp4,"In the video, a man is seen pouring a yellow liquid from a white container into a black tray. The liquid is thick and viscous, and it flows slowly from the container. The man is wearing a black shirt and a black cap, and he is standing in a room with white walls. The black tray is placed on a table, and there are other containers visible in the background. The man pours the liquid carefully, ensuring that it does not spill over the edges of the tray. The video is shot from a close-up angle, focusing on the man's hands and the liquid being poured.",T2V_data/label/vidgen_filter_gemini_part_0_dpo_7/3gs-toKyPJQ-Scene-0064/entity_40.mp4,T2V_data/label/vidgen_filter_gemini_part_0_dpo_7/3gs-toKyPJQ-Scene-0064/aug_entity_40.png
T2V_data/VIDGEN-1M_unzip/3rkqpUjwmzA-Scene-0032.mp4,"In the video, a man is seen in a swimming pool, wearing goggles and a black wetsuit. He is holding a yellow object in his hands, which he then proceeds to throw into the air. The object is caught by another person who is also in the pool, wearing a black wetsuit. The man and the other person appear to be practicing a specific technique or skill, possibly related to water sports or diving. The pool is surrounded by a tiled deck, and there are lounge chairs visible in the background. The water is clear and blue, and the overall atmosphere is one of leisure and recreation.",T2V_data/label/vidgen_filter_gemini_part_0_dpo_7/3rkqpUjwmzA-Scene-0032/entity_20.mp4,T2V_data/label/vidgen_filter_gemini_part_0_dpo_7/3rkqpUjwmzA-Scene-0032/aug_entity_20.png
T2V_data/VIDGEN-1M_unzip/3wuNq3dA7wA-Scene-0019.mp4,"In the video, a person is seen using a tool to sharpen a knife. The tool is made of wood and has a hole in the center. The person holds the knife in one hand and the tool in the other, and runs the knife along the edge of the tool, sharpening it. The knife has a serrated edge and the person moves it back and forth along the tool, ensuring that the entire edge is sharpened. The background is blurred, but it appears to be an outdoor setting.",T2V_data/label/vidgen_filter_gemini_part_0_dpo_7/3wuNq3dA7wA-Scene-0019/entity_40.mp4,T2V_data/label/vidgen_filter_gemini_part_0_dpo_7/3wuNq3dA7wA-Scene-0019/aug_entity_40.png
T2V_data/VIDGEN-1M_unzip/47jyjGNe6MA-Scene-0006.mp4,"The video shows a boxing match between two men in a ring. One of the men is wearing blue gloves, while the other is wearing red gloves. They are both shirtless, and the man with blue gloves is wearing black shorts, while the man with red gloves is wearing gold shorts. The man with blue gloves is seen punching the man with red gloves, and the man with red gloves is seen punching back. The referee is present in the ring, wearing a white shirt and black pants. The crowd can be heard cheering in the background.",T2V_data/label/vidgen_filter_gemini_part_0_dpo_7/47jyjGNe6MA-Scene-0006/entity_20.mp4,T2V_data/label/vidgen_filter_gemini_part_0_dpo_7/47jyjGNe6MA-Scene-0006/aug_entity_20.png
T2V_data/VIDGEN-1M_unzip/4HlNa4qkOyc-Scene-0018.mp4,"In the video, a man is seen lifting weights in a gym. He is wearing a white tank top and a black cap. The man is holding a barbell with weights on it and is performing a weightlifting exercise. He is standing in front of a mirror, and there are other people visible in the background. The man appears to be focused on his workout, and his muscles are visibly straining as he lifts the weights. The gym is well-lit, and the equipment is neatly arranged. The man's form is good, and he seems to be experienced with weightlifting.",T2V_data/label/vidgen_filter_gemini_part_0_dpo_7/4HlNa4qkOyc-Scene-0018/entity_40.mp4,T2V_data/label/vidgen_filter_gemini_part_0_dpo_7/4HlNa4qkOyc-Scene-0018/aug_entity_40.png
T2V_data/VIDGEN-1M_unzip/4YW4QSyg32o-Scene-0166.mp4,"The video shows a person wearing a helmet and goggles sitting in a tank. The tank is moving forward, and the person is holding a camera. The tank is driving on a dirt road with grass on both sides. Another tank is visible in the background.",T2V_data/label/vidgen_filter_gemini_part_0_dpo_7/4YW4QSyg32o-Scene-0166/entity_20.mp4,T2V_data/label/vidgen_filter_gemini_part_0_dpo_7/4YW4QSyg32o-Scene-0166/aug_entity_20.png
T2V_data/VIDGEN-1M_unzip/4k0qHE6RRYc-Scene-0067.mp4,"The video shows a football player running with the ball and jumping over another player. The player is wearing a green jersey with the number 12 on it. The other player is wearing a red and white jersey. The player in green jumps over the player in red and white, and then continues running down the field.",T2V_data/label/vidgen_filter_gemini_part_0_dpo_7/4k0qHE6RRYc-Scene-0067/entity_20.mp4,T2V_data/label/vidgen_filter_gemini_part_0_dpo_7/4k0qHE6RRYc-Scene-0067/aug_entity_20.png
T2V_data/VIDGEN-1M_unzip/5Bm0kMs1SjM-Scene-0007.mp4,"In the video, a person is seen cooking a dish in a black pot on a stove. The person is using a wooden spoon to stir the contents of the pot, which appears to be a mixture of ground meat and onions. The person then adds a large amount of green peas to the pot and continues to stir the mixture. The green peas are bright green and spherical in shape, and they are added to the pot in a large quantity. The person stirs the mixture thoroughly to ensure that the peas are evenly distributed throughout the dish. The video does not show any other objects or people, and the focus is solely on the cooking process.",T2V_data/label/vidgen_filter_gemini_part_0_dpo_7/5Bm0kMs1SjM-Scene-0007/entity_20.mp4,T2V_data/label/vidgen_filter_gemini_part_0_dpo_7/5Bm0kMs1SjM-Scene-0007/aug_entity_20.png
T2V_data/VIDGEN-1M_unzip/5I3WhRZz-zM-Scene-0101.mp4,"In the video, a person is seen working on a piece of machinery. The person is using a tool to remove a bolt from the machinery. The machinery appears to be made of metal and has a circular opening in the center. The person's hands are visible, and they are wearing a red shirt. The background consists of gravel and rocks. The person's actions are deliberate and careful as they work on the machinery.",T2V_data/label/vidgen_filter_gemini_part_0_dpo_7/5I3WhRZz-zM-Scene-0101/entity_20.mp4,T2V_data/label/vidgen_filter_gemini_part_0_dpo_7/5I3WhRZz-zM-Scene-0101/aug_entity_20.png
T2V_data/VIDGEN-1M_unzip/5MxG4-iX72w-Scene-0008.mp4,"The video shows a group of people riding on a vehicle that has pedals. The vehicle is moving on the road, and the people are pedaling to keep it moving. The vehicle has a yellow frame and blue seats. The people are wearing casual clothing and sneakers. The sky is clear, and it seems to be a sunny day.",T2V_data/label/vidgen_filter_gemini_part_0_dpo_7/5MxG4-iX72w-Scene-0008/entity_20.mp4,T2V_data/label/vidgen_filter_gemini_part_0_dpo_7/5MxG4-iX72w-Scene-0008/aug_entity_20.png
T2V_data/VIDGEN-1M_unzip/5S1Zh_syQdI-Scene-0022.mp4,"In the video, a person is seen using a power drill to drill a hole into a piece of wood. The drill is black and silver in color and is being held in the person's right hand. The person is wearing a gray shirt and is standing in front of a wooden workbench. The workbench has various tools and objects on it, including a bottle of glue and a hammer. The person is focused on the task at hand and appears to be experienced in using the drill. The video is shot in a well-lit workshop, and the sound of the drill can be heard throughout the video.",T2V_data/label/vidgen_filter_gemini_part_0_dpo_7/5S1Zh_syQdI-Scene-0022/entity_40.mp4,T2V_data/label/vidgen_filter_gemini_part_0_dpo_7/5S1Zh_syQdI-Scene-0022/aug_entity_40.png
T2V_data/VIDGEN-1M_unzip/5V0--K1NhTU-Scene-0016.mp4,"In the video, a person is holding a small stuffed animal in their hand and showing it to an owl. The owl is perched on a windowsill and appears to be interested in the stuffed animal. The person then places a piece of paper in front of the owl, and the owl uses its beak to press down on the paper, leaving a mark. The person then shows the paper to the camera, revealing that the owl has left a stamp-like impression on it. The video captures the interaction between the person and the owl, as well as the owl's curiosity and interest in the stuffed animal and the paper.",T2V_data/label/vidgen_filter_gemini_part_0_dpo_7/5V0--K1NhTU-Scene-0016/entity_20.mp4,T2V_data/label/vidgen_filter_gemini_part_0_dpo_7/5V0--K1NhTU-Scene-0016/aug_entity_20.png
T2V_data/VIDGEN-1M_unzip/5Xcw8PmYv8Q-Scene-0005.mp4,"In the video, a person is holding a yellow sponge in one hand and a can of spray in the other hand. The person sprays the can onto the sponge, which is then used to clean a surface. The video is shot in a close-up shot, focusing on the person's hands and the sponge. The person's movements are deliberate and careful, ensuring that the sponge is evenly coated with the spray. The spray can is silver and appears to be a cleaning product. The surface being cleaned is not visible in the video. The lighting is bright, highlighting the yellow color of the sponge and the silver color of the spray can.",T2V_data/label/vidgen_filter_gemini_part_0_dpo_7/5Xcw8PmYv8Q-Scene-0005/entity_20.mp4,T2V_data/label/vidgen_filter_gemini_part_0_dpo_7/5Xcw8PmYv8Q-Scene-0005/aug_entity_20.png
T2V_data/VIDGEN-1M_unzip/5wtkqfjzJKk-Scene-0014.mp4,"The video shows a person measuring rice using a measuring cup and then pouring the rice into a pot. The person's hand is visible, and they are holding the measuring cup with their fingers. The measuring cup is made of glass and has red measurement markings on it. The pot is made of stainless steel and is placed on a stove. The rice is white and appears to be long-grain. The person pours the rice into the pot carefully, making sure to avoid spilling any of it.",T2V_data/label/vidgen_filter_gemini_part_0_dpo_7/5wtkqfjzJKk-Scene-0014/entity_40.mp4,T2V_data/label/vidgen_filter_gemini_part_0_dpo_7/5wtkqfjzJKk-Scene-0014/aug_entity_40.png
T2V_data/VIDGEN-1M_unzip/6HBC5azwMAE-Scene-0054.mp4,"In the video, a person is seen using a buffer to polish the back of a car. The car is taped off with blue tape to protect the surrounding areas. The person is wearing a black jacket and is holding the buffer with their right hand. The buffer is spinning at a high speed, and the person is moving it back and forth across the surface of the car. The car appears to be in a garage or workshop, and there are various tools and equipment visible in the background. The lighting is bright, and the car's paint is shiny and reflective.",T2V_data/label/vidgen_filter_gemini_part_0_dpo_7/6HBC5azwMAE-Scene-0054/entity_40.mp4,T2V_data/label/vidgen_filter_gemini_part_0_dpo_7/6HBC5azwMAE-Scene-0054/aug_entity_40.png
T2V_data/VIDGEN-1M_unzip/6IZzTtIT86M-Scene-0019.mp4,"The video shows a person wearing a white glove cutting a piece of meat on a wooden cutting board. The meat has a dark brown crust on the outside and a pinkish-red color on the inside. The person uses a knife to cut the meat into thin slices. The cutting board is placed on a dark brown surface, and there is another piece of meat next to the one being cut.",T2V_data/label/vidgen_filter_gemini_part_0_dpo_7/6IZzTtIT86M-Scene-0019/entity_40.mp4,T2V_data/label/vidgen_filter_gemini_part_0_dpo_7/6IZzTtIT86M-Scene-0019/aug_entity_40.png
T2V_data/VIDGEN-1M_unzip/6Mt1eiQAf9A-Scene-0064.mp4,"The video shows a group of motorcyclists racing on a track. They are wearing helmets and racing suits, and their bikes are leaning into a turn. The track has red and white curbs, and there are green trees in the background. The motorcyclists are closely following each other, and they appear to be competing for position.",T2V_data/label/vidgen_filter_gemini_part_0_dpo_7/6Mt1eiQAf9A-Scene-0064/entity_20.mp4,T2V_data/label/vidgen_filter_gemini_part_0_dpo_7/6Mt1eiQAf9A-Scene-0064/aug_entity_20.png
T2V_data/VIDGEN-1M_unzip/6Mt1eiQAf9A-Scene-0064.mp4,"The video shows a group of motorcyclists racing on a track. They are wearing helmets and racing suits, and their bikes are leaning into a turn. The track has red and white curbs, and there are green trees in the background. The motorcyclists are closely following each other, and they appear to be competing for position.",T2V_data/label/vidgen_filter_gemini_part_0_dpo_7/6Mt1eiQAf9A-Scene-0064/entity_40.mp4,T2V_data/label/vidgen_filter_gemini_part_0_dpo_7/6Mt1eiQAf9A-Scene-0064/aug_entity_40.png
T2V_data/VIDGEN-1M_unzip/6cSi8_V2HgQ-Scene-0039.mp4,"The video shows a close-up of a black crockpot with two raw chicken breasts inside. The chicken is pinkish in color and appears to be raw. A person is pouring a white liquid, which is likely chicken broth, from a carton into the crockpot, covering the chicken breasts. The liquid is being poured in a steady stream, and the crockpot is placed on a wooden surface.",T2V_data/label/vidgen_filter_gemini_part_0_dpo_7/6cSi8_V2HgQ-Scene-0039/entity_20.mp4,T2V_data/label/vidgen_filter_gemini_part_0_dpo_7/6cSi8_V2HgQ-Scene-0039/aug_entity_20.png
T2V_data/VIDGEN-1M_unzip/6jesrbOI1X4-Scene-0010.mp4,The video shows a close-up of a blender with a yellow mixture inside. A hand is holding a pink spatula and is stirring the mixture. The blender is turned on and the mixture is blended until it becomes smooth.,T2V_data/label/vidgen_filter_gemini_part_0_dpo_7/6jesrbOI1X4-Scene-0010/entity_60.mp4,T2V_data/label/vidgen_filter_gemini_part_0_dpo_7/6jesrbOI1X4-Scene-0010/aug_entity_60.png
T2V_data/VIDGEN-1M_unzip/6z_qb9asfgg-Scene-0028.mp4,"The video shows a close-up of a red KitchenAid stand mixer with a clear glass bowl attached to it. The mixer is in motion, blending a yellowish mixture that appears to be cookie dough. The mixer's beaters are spinning rapidly, causing the dough to rise and fall in the bowl. The background is blurred, but a carton of eggs can be seen, suggesting that the dough may have been made with eggs.",T2V_data/label/vidgen_filter_gemini_part_0_dpo_7/6z_qb9asfgg-Scene-0028/entity_40.mp4,T2V_data/label/vidgen_filter_gemini_part_0_dpo_7/6z_qb9asfgg-Scene-0028/aug_entity_40.png
T2V_data/VIDGEN-1M_unzip/74xygxN7h_Q-Scene-0142.mp4,"The video features a close-up of ants crawling on a transparent surface. The ants are reddish-brown in color and vary in size. They are seen walking in a line, with some ants carrying small particles. The surface appears to be made of glass or plastic, and the background is blurred, focusing the viewer's attention on the ants.",T2V_data/label/vidgen_filter_gemini_part_0_dpo_7/74xygxN7h_Q-Scene-0142/entity_20.mp4,T2V_data/label/vidgen_filter_gemini_part_0_dpo_7/74xygxN7h_Q-Scene-0142/aug_entity_20.png
T2V_data/VIDGEN-1M_unzip/7FSdL3GS0hY-Scene-0003.mp4,"In the video, a person is using a juicer to extract juice from a cucumber. The juicer is white and green in color and is placed on a table. The person is holding the cucumber with one hand and turning the handle of the juicer with the other hand. The juice is being collected in a clear container attached to the juicer. The person is wearing a black shirt and has a tattoo on their arm. The background is blurred, but it appears to be a kitchen setting.",T2V_data/label/vidgen_filter_gemini_part_0_dpo_7/7FSdL3GS0hY-Scene-0003/entity_40.mp4,T2V_data/label/vidgen_filter_gemini_part_0_dpo_7/7FSdL3GS0hY-Scene-0003/aug_entity_40.png
T2V_data/VIDGEN-1M_unzip/7I5P1SKmc0c-Scene-0028.mp4,"The video shows a person riding a motorcycle on a road. The camera angle is from the rider's point of view, and the rider is wearing a black and red helmet. The road is lined with trees, and there is another motorcyclist visible in the distance. The rider is wearing a black jacket and is in motion.",T2V_data/label/vidgen_filter_gemini_part_0_dpo_7/7I5P1SKmc0c-Scene-0028/entity_20.mp4,T2V_data/label/vidgen_filter_gemini_part_0_dpo_7/7I5P1SKmc0c-Scene-0028/aug_entity_20.png
T2V_data/VIDGEN-1M_unzip/7M0sPFs2L7Q-Scene-0012.mp4,"The video shows a person wearing black gloves cutting a piece of raw meat on a wooden cutting board. The meat is pink and white, and the person uses a knife to cut it into smaller pieces. The cutting board has a logo on it, and the person is wearing a black apron. The video is shot in a kitchen setting, and the person is focused on cutting the meat carefully.",T2V_data/label/vidgen_filter_gemini_part_0_dpo_7/7M0sPFs2L7Q-Scene-0012/entity_40.mp4,T2V_data/label/vidgen_filter_gemini_part_0_dpo_7/7M0sPFs2L7Q-Scene-0012/aug_entity_40.png
T2V_data/VIDGEN-1M_unzip/7SB5BuUJPNU-Scene-0497.mp4,"The video shows a man driving a tractor with a cart attached to it. The tractor is red and has large black tires. The cart is wooden and has a metal frame. There are several people sitting in the cart, including a woman in a white shirt and a man in a blue shirt. The man in the blue shirt is driving the tractor, and he is looking straight ahead. The cart is moving along a dirt road, and there are trees and bushes visible in the background. The sky is overcast, and the overall color palette of the video is muted.",T2V_data/label/vidgen_filter_gemini_part_0_dpo_7/7SB5BuUJPNU-Scene-0497/entity_20.mp4,T2V_data/label/vidgen_filter_gemini_part_0_dpo_7/7SB5BuUJPNU-Scene-0497/aug_entity_20.png
T2V_data/VIDGEN-1M_unzip/7SB5BuUJPNU-Scene-0497.mp4,"The video shows a man driving a tractor with a cart attached to it. The tractor is red and has large black tires. The cart is wooden and has a metal frame. There are several people sitting in the cart, including a woman in a white shirt and a man in a blue shirt. The man in the blue shirt is driving the tractor, and he is looking straight ahead. The cart is moving along a dirt road, and there are trees and bushes visible in the background. The sky is overcast, and the overall color palette of the video is muted.",T2V_data/label/vidgen_filter_gemini_part_0_dpo_7/7SB5BuUJPNU-Scene-0497/entity_60.mp4,T2V_data/label/vidgen_filter_gemini_part_0_dpo_7/7SB5BuUJPNU-Scene-0497/aug_entity_60.png
T2V_data/VIDGEN-1M_unzip/7SB5BuUJPNU-Scene-0497.mp4,"The video shows a man driving a tractor with a cart attached to it. The tractor is red and has large black tires. The cart is wooden and has a metal frame. There are several people sitting in the cart, including a woman in a white shirt and a man in a blue shirt. The man in the blue shirt is driving the tractor, and he is looking straight ahead. The cart is moving along a dirt road, and there are trees and bushes visible in the background. The sky is overcast, and the overall color palette of the video is muted.",T2V_data/label/vidgen_filter_gemini_part_0_dpo_7/7SB5BuUJPNU-Scene-0497/entity_80.mp4,T2V_data/label/vidgen_filter_gemini_part_0_dpo_7/7SB5BuUJPNU-Scene-0497/aug_entity_80.png
T2V_data/VIDGEN-1M_unzip/7TdBD3CIRqk-Scene-0084.mp4,"The video shows a cantaloupe melon being chopped with an axe. The melon is placed on a wooden stump, and the axe is swung down to chop the melon into pieces. The background consists of a pile of wood logs.",T2V_data/label/vidgen_filter_gemini_part_0_dpo_7/7TdBD3CIRqk-Scene-0084/entity_20.mp4,T2V_data/label/vidgen_filter_gemini_part_0_dpo_7/7TdBD3CIRqk-Scene-0084/aug_entity_20.png
T2V_data/VIDGEN-1M_unzip/7qsqc2j9rAo-Scene-0032.mp4,"The video shows a news segment where a woman is demonstrating self-defense techniques on a man. The woman is wearing a blue and white striped shirt and black pants, while the man is dressed in a black suit and red tie. The demonstration takes place in a room with a blue mat on the floor, and there are various framed pictures on the wall in the background. The woman is seen grabbing the man's arm, throwing him to the ground, and pinning him down. The man is shown lying on the ground, and the woman is seen speaking to the camera. The video is shot from the perspective of a news anchor, who is wearing a blue shirt and holding a piece of paper.",T2V_data/label/vidgen_filter_gemini_part_0_dpo_7/7qsqc2j9rAo-Scene-0032/entity_20.mp4,T2V_data/label/vidgen_filter_gemini_part_0_dpo_7/7qsqc2j9rAo-Scene-0032/aug_entity_20.png
T2V_data/VIDGEN-1M_unzip/7tXse6bDCV8-Scene-0018.mp4,The video shows a dog running towards a blue inflatable pool in a backyard. The dog jumps into the pool and swims around. The pool is surrounded by a wooden fence and there are houses in the background. The dog appears to be enjoying itself as it swims in the pool.,T2V_data/label/vidgen_filter_gemini_part_0_dpo_7/7tXse6bDCV8-Scene-0018/entity_60.mp4,T2V_data/label/vidgen_filter_gemini_part_0_dpo_7/7tXse6bDCV8-Scene-0018/aug_entity_60.png
T2V_data/VIDGEN-1M_unzip/87jJbd_aEko-Scene-0074.mp4,"The video captures a small, single-engine airplane with a high-wing design and a tricycle landing gear configuration. The aircraft is painted in a combination of black and orange colors, with a white stripe running along the side of the fuselage. The registration number is visible on the side of the aircraft. The landscape below is a mix of green and brown, indicating a natural, possibly rural setting with trees and open fields. The terrain appears to be hilly, with no visible structures or roads. The sky is clear, suggesting good weather conditions for flying.",T2V_data/label/vidgen_filter_gemini_part_0_dpo_7/87jJbd_aEko-Scene-0074/entity_20.mp4,T2V_data/label/vidgen_filter_gemini_part_0_dpo_7/87jJbd_aEko-Scene-0074/aug_entity_20.png
T2V_data/VIDGEN-1M_unzip/8DqWgRbu5z4-Scene-0003.mp4,"The video shows a blender with a white base and a clear container filled with a pink liquid. The blender is turned on, and the liquid begins to splash out of the container, creating a dynamic and visually appealing effect. The background is black, which contrasts with the pink liquid and the white blender, making the action stand out. The blender appears to be on a black surface, and there are no other objects or people visible in the video.",T2V_data/label/vidgen_filter_gemini_part_0_dpo_7/8DqWgRbu5z4-Scene-0003/entity_20.mp4,T2V_data/label/vidgen_filter_gemini_part_0_dpo_7/8DqWgRbu5z4-Scene-0003/aug_entity_20.png
T2V_data/VIDGEN-1M_unzip/8DqWgRbu5z4-Scene-0003.mp4,"The video shows a blender with a white base and a clear container filled with a pink liquid. The blender is turned on, and the liquid begins to splash out of the container, creating a dynamic and visually appealing effect. The background is black, which contrasts with the pink liquid and the white blender, making the action stand out. The blender appears to be on a black surface, and there are no other objects or people visible in the video.",T2V_data/label/vidgen_filter_gemini_part_0_dpo_7/8DqWgRbu5z4-Scene-0003/entity_40.mp4,T2V_data/label/vidgen_filter_gemini_part_0_dpo_7/8DqWgRbu5z4-Scene-0003/aug_entity_40.png
T2V_data/VIDGEN-1M_unzip/8F77nL_dolw-Scene-0118.mp4,"The video features a person's hands demonstrating how to connect two pieces of wooden track together. The tracks are light brown and have a smooth finish. The person's hands are visible in the frame, and they are using a small black tool to connect the tracks. The background is a green surface with a blue border. The person's hands move quickly and with precision as they connect the tracks.",T2V_data/label/vidgen_filter_gemini_part_0_dpo_7/8F77nL_dolw-Scene-0118/entity_20.mp4,T2V_data/label/vidgen_filter_gemini_part_0_dpo_7/8F77nL_dolw-Scene-0118/aug_entity_20.png
T2V_data/VIDGEN-1M_unzip/8GN57E65CqQ-Scene-0014.mp4,"In the video, a man is riding a mountain bike in a forest. He is wearing a black helmet, a black and green jersey, black shorts, and black shoes. The bike is black with green accents. The man is riding on a dirt path surrounded by trees and greenery. He approaches a wooden picnic table and performs a wheelie, lifting the front wheel of the bike off the ground while balancing on the back wheel. The man maintains the wheelie for a few seconds before landing back on both wheels and continuing to ride down the path.",T2V_data/label/vidgen_filter_gemini_part_0_dpo_7/8GN57E65CqQ-Scene-0014/entity_20.mp4,T2V_data/label/vidgen_filter_gemini_part_0_dpo_7/8GN57E65CqQ-Scene-0014/aug_entity_20.png
T2V_data/VIDGEN-1M_unzip/8NrqPlpT8TA-Scene-0065.mp4,"The video shows a spider in a clear plastic container with wood shavings on the bottom. The spider has a yellow and black striped body and long legs. The spider is moving its legs and body in various directions, and at one point, it appears to be eating something. There is a green leaf in the container, and the spider moves around it. The video is shot in close-up, allowing for detailed observation of the spider's movements and features.",T2V_data/label/vidgen_filter_gemini_part_0_dpo_7/8NrqPlpT8TA-Scene-0065/entity_20.mp4,T2V_data/label/vidgen_filter_gemini_part_0_dpo_7/8NrqPlpT8TA-Scene-0065/aug_entity_20.png
T2V_data/VIDGEN-1M_unzip/8UU-cPd97RA-Scene-0026.mp4,"The video shows a close-up of a red mixer with a metal bowl. The mixer is in motion, and we can see a white powdery substance being mixed into a thick, beige mixture. The mixer's beaters are moving rapidly, causing the mixture to swirl and fold over itself. The lighting in the video is warm, and the background is blurred, focusing the viewer's attention on the mixing process.",T2V_data/label/vidgen_filter_gemini_part_0_dpo_7/8UU-cPd97RA-Scene-0026/entity_60.mp4,T2V_data/label/vidgen_filter_gemini_part_0_dpo_7/8UU-cPd97RA-Scene-0026/aug_entity_60.png
T2V_data/VIDGEN-1M_unzip/8nQ9AEV_ciQ-Scene-0081.mp4,"The video shows a close-up of three coffee mugs on a table. The first mug is white with the YouTube logo on it, the second mug is white with the words ""Pumpkin Spice Life"" written on it, and the third mug is shaped like an owl. A person's hand is seen pouring a yellow liquid, presumably coffee, from a blue mug into the owl-shaped mug. The background is blurred, but it appears to be a kitchen or dining area.",T2V_data/label/vidgen_filter_gemini_part_0_dpo_7/8nQ9AEV_ciQ-Scene-0081/entity_80.mp4,T2V_data/label/vidgen_filter_gemini_part_0_dpo_7/8nQ9AEV_ciQ-Scene-0081/aug_entity_80.png
T2V_data/VIDGEN-1M_unzip/8rYE9x8vqpw-Scene-0032.mp4,"In the video, a man is seen kneeling down next to a dog crate. He is trying to remove a dog from the crate. The man is wearing a green shirt and jeans. The crate is blue and has various items on top of it, including a green bowl and a blue bottle. The dog appears to be a medium-sized breed with brown fur. The man is using his hands to gently pull the dog out of the crate. The room appears to be a living room with a television and other furniture in the background.",T2V_data/label/vidgen_filter_gemini_part_0_dpo_7/8rYE9x8vqpw-Scene-0032/entity_20.mp4,T2V_data/label/vidgen_filter_gemini_part_0_dpo_7/8rYE9x8vqpw-Scene-0032/aug_entity_20.png
T2V_data/VIDGEN-1M_unzip/8zICjCmgIv0-Scene-0184.mp4,"The video shows a man working on a car engine in a garage. He is wearing a black shirt and glasses. The engine is silver and appears to be in good condition. The man is seen spraying the engine with a can of spray and then placing a metal cover on top of it. He then uses a screwdriver to secure the cover onto the engine. The garage is cluttered with various tools and equipment, including a yellow toolbox and a black tire. The man appears to be focused on his task, carefully inspecting the engine and ensuring that the cover is securely fastened.",T2V_data/label/vidgen_filter_gemini_part_0_dpo_7/8zICjCmgIv0-Scene-0184/entity_40.mp4,T2V_data/label/vidgen_filter_gemini_part_0_dpo_7/8zICjCmgIv0-Scene-0184/aug_entity_40.png
T2V_data/VIDGEN-1M_unzip/9_8BxmFEMz0-Scene-0018.mp4,"The video shows a man in a gym performing push-ups. He is wearing a gray shirt and gray shorts, and his feet are on the ground. The gym has various equipment, including tires and weights, in the background. The man is in a plank position and is pushing his body up and down off the ground. The video is shot from a side angle, and the man's movements are fluid and controlled.",T2V_data/label/vidgen_filter_gemini_part_0_dpo_7/9_8BxmFEMz0-Scene-0018/entity_40.mp4,T2V_data/label/vidgen_filter_gemini_part_0_dpo_7/9_8BxmFEMz0-Scene-0018/aug_entity_40.png
T2V_data/VIDGEN-1M_unzip/9amkWkgXlqU-Scene-0098.mp4,"The video shows a soccer player in a white and blue uniform dribbling a yellow and black soccer ball on a green field. He is being closely guarded by a player in a maroon and black uniform. The player in white and blue manages to outmaneuver the defender and kicks the ball towards the goal. The goalkeeper, wearing a yellow jersey, dives to his right in an attempt to block the shot. The ball flies past the goalkeeper and into the net, indicating a successful goal.",T2V_data/label/vidgen_filter_gemini_part_0_dpo_7/9amkWkgXlqU-Scene-0098/entity_20.mp4,T2V_data/label/vidgen_filter_gemini_part_0_dpo_7/9amkWkgXlqU-Scene-0098/aug_entity_20.png
T2V_data/VIDGEN-1M_unzip/9qYF2ogby4A-Scene-0022.mp4,"In the video, two individuals are seen mixing ingredients in a large glass bowl using a red electric mixer. The mixer is being held by one person, while the other person is assisting by holding the bowl steady. The ingredients appear to be a yellowish mixture, possibly butter and sugar, which are common in baking recipes. The individuals are working together to ensure the ingredients are well mixed, and the video captures the process from a close-up angle, focusing on the bowl and the mixer.",T2V_data/label/vidgen_filter_gemini_part_0_dpo_7/9qYF2ogby4A-Scene-0022/entity_60.mp4,T2V_data/label/vidgen_filter_gemini_part_0_dpo_7/9qYF2ogby4A-Scene-0022/aug_entity_60.png
T2V_data/VIDGEN-1M_unzip/9zVnCUrRWx0-Scene-0092.mp4,"The video shows a man standing in a garage, wearing a green sweatshirt. He is holding a remote control and appears to be operating a car lift. The lift is black and has a license plate on it. In the background, there is a white car parked on the lift. The man is speaking to the camera, but it is unclear what he is saying. The garage is well-lit, and there are no other people or objects visible in the video.",T2V_data/label/vidgen_filter_gemini_part_0_dpo_7/9zVnCUrRWx0-Scene-0092/entity_20.mp4,T2V_data/label/vidgen_filter_gemini_part_0_dpo_7/9zVnCUrRWx0-Scene-0092/aug_entity_20.png
T2V_data/VIDGEN-1M_unzip/A5KdhGOfnL0-Scene-0069.mp4,"The video shows a person kite surfing on the water. The person is wearing a red shirt and black pants. The kite surfing board is white with colorful designs on it. The person is holding onto the kite strings and maneuvering the board on the water. The water is a bit choppy, and there are small waves visible. The sky is overcast, and there are no other people or objects in the water. The person seems to be enjoying the activity and is moving at a moderate pace.",T2V_data/label/vidgen_filter_gemini_part_0_dpo_7/A5KdhGOfnL0-Scene-0069/entity_20.mp4,T2V_data/label/vidgen_filter_gemini_part_0_dpo_7/A5KdhGOfnL0-Scene-0069/aug_entity_20.png
T2V_data/VIDGEN-1M_unzip/A7-McO5fhMo-Scene-0006.mp4,"The video shows a person's hand pushing a red toy train with a black car attached to it on a wooden track. The track is set up on a table with a backdrop of a painted scene. The person's hand is visible as they push the train along the track, which has a curve and a small ramp. The toy train moves smoothly along the track, and the person's hand guides it around the curve and up the ramp. The toy train is detailed with yellow and white stripes on the front and sides, and the car attached to it is filled with a beige substance, possibly representing grain or sand. The wooden track is light brown, and the table is black. The painted scene in the background depicts a countryside landscape with trees, a river, and a bridge.",T2V_data/label/vidgen_filter_gemini_part_0_dpo_7/A7-McO5fhMo-Scene-0006/entity_20.mp4,T2V_data/label/vidgen_filter_gemini_part_0_dpo_7/A7-McO5fhMo-Scene-0006/aug_entity_20.png
T2V_data/VIDGEN-1M_unzip/A8VGVOgWPpA-Scene-0124.mp4,"The video shows a person driving a car. The driver is holding the steering wheel with both hands and appears to be focused on the road. The car's dashboard is visible, displaying various indicators and controls. The driver is wearing a watch on their left wrist. The road ahead is lined with trees and there is no visible traffic. The car seems to be moving at a steady pace.",T2V_data/label/vidgen_filter_gemini_part_0_dpo_7/A8VGVOgWPpA-Scene-0124/entity_60.mp4,T2V_data/label/vidgen_filter_gemini_part_0_dpo_7/A8VGVOgWPpA-Scene-0124/aug_entity_60.png
T2V_data/VIDGEN-1M_unzip/A8VGVOgWPpA-Scene-0124.mp4,"The video shows a person driving a car. The driver is holding the steering wheel with both hands and appears to be focused on the road. The car's dashboard is visible, displaying various indicators and controls. The driver is wearing a watch on their left wrist. The road ahead is lined with trees and there is no visible traffic. The car seems to be moving at a steady pace.",T2V_data/label/vidgen_filter_gemini_part_0_dpo_7/A8VGVOgWPpA-Scene-0124/entity_80.mp4,T2V_data/label/vidgen_filter_gemini_part_0_dpo_7/A8VGVOgWPpA-Scene-0124/aug_entity_80.png
T2V_data/VIDGEN-1M_unzip/AK-CI5CTAYc-Scene-0013.mp4,"In the video, a brown dog is seen playing with a person's hand. The dog is wearing a blue collar and is standing on a tiled floor. The person is wearing a beige coat and white shoes. The dog is jumping up and down, trying to catch the person's hand. The person is also petting the dog and encouraging it to play. The dog seems to be enjoying the interaction and is very active. The video captures the playful and joyful moment between the dog and the person.",T2V_data/label/vidgen_filter_gemini_part_0_dpo_7/AK-CI5CTAYc-Scene-0013/entity_20.mp4,T2V_data/label/vidgen_filter_gemini_part_0_dpo_7/AK-CI5CTAYc-Scene-0013/aug_entity_20.png
T2V_data/VIDGEN-1M_unzip/AK-CI5CTAYc-Scene-0013.mp4,"In the video, a brown dog is seen playing with a person's hand. The dog is wearing a blue collar and is standing on a tiled floor. The person is wearing a beige coat and white shoes. The dog is jumping up and down, trying to catch the person's hand. The person is also petting the dog and encouraging it to play. The dog seems to be enjoying the interaction and is very active. The video captures the playful and joyful moment between the dog and the person.",T2V_data/label/vidgen_filter_gemini_part_0_dpo_7/AK-CI5CTAYc-Scene-0013/entity_40.mp4,T2V_data/label/vidgen_filter_gemini_part_0_dpo_7/AK-CI5CTAYc-Scene-0013/aug_entity_40.png
T2V_data/VIDGEN-1M_unzip/ALfuhqOAqbY-Scene-0005.mp4,"In the video, a person is seen pouring water from a clear glass into a blue bowl. The bowl is placed on a white table, and there are some seashells scattered around it. The person's hand is visible, and they are wearing a ring on their finger. The water is clear and flows smoothly from the glass into the bowl. The bowl is filled with water, and the seashells are of various sizes and colors. The video is shot in natural light, and the background is blurred, focusing on the action of pouring water.",T2V_data/label/vidgen_filter_gemini_part_0_dpo_7/ALfuhqOAqbY-Scene-0005/entity_60.mp4,T2V_data/label/vidgen_filter_gemini_part_0_dpo_7/ALfuhqOAqbY-Scene-0005/aug_entity_60.png
T2V_data/VIDGEN-1M_unzip/ARzE3dJEN0g-Scene-0096.mp4,"The video depicts a skateboarder performing a trick on a ramp inside a warehouse. The skateboarder is wearing a black hoodie and black pants. The warehouse has a high ceiling with lights and a blue pillar. The skateboarder approaches the ramp, jumps, and successfully lands the trick.",T2V_data/label/vidgen_filter_gemini_part_0_dpo_7/ARzE3dJEN0g-Scene-0096/entity_40.mp4,T2V_data/label/vidgen_filter_gemini_part_0_dpo_7/ARzE3dJEN0g-Scene-0096/aug_entity_40.png
T2V_data/VIDGEN-1M_unzip/Ac01H76UtGM-Scene-0047.mp4,"The video shows a man in a gym, wearing a black tank top and gray sweatpants, performing a shoulder press exercise with a barbell. He is standing in front of a weight rack, and there is another man in the background, also working out. The man in the black tank top is lifting the barbell from shoulder height to above his head, then lowering it back down in a controlled manner. The gym is well-equipped with various exercise machines and weights. The lighting is bright, and the walls are painted in a dark color.",T2V_data/label/vidgen_filter_gemini_part_0_dpo_7/Ac01H76UtGM-Scene-0047/entity_60.mp4,T2V_data/label/vidgen_filter_gemini_part_0_dpo_7/Ac01H76UtGM-Scene-0047/aug_entity_60.png
T2V_data/VIDGEN-1M_unzip/B6h7_wCVHYY-Scene-0091.mp4,"The video shows a person's hands holding a piece of wood and then placing it on a surface. The person then uses a piece of paper to cover the wood and presses down on it. After a few seconds, the person removes the paper to reveal a clean and smooth surface on the wood.",T2V_data/label/vidgen_filter_gemini_part_0_dpo_7/B6h7_wCVHYY-Scene-0091/entity_40.mp4,T2V_data/label/vidgen_filter_gemini_part_0_dpo_7/B6h7_wCVHYY-Scene-0091/aug_entity_40.png
T2V_data/VIDGEN-1M_unzip/BQxjpm7VQko-Scene-0179.mp4,"The video shows a close-up of a person's hands as they work on a piece of metal using a machine. The person is wearing gloves and is using a tool to shape the metal. The machine appears to be a lathe or milling machine, and the metal is being shaped into a specific form. The person's hands are steady and precise as they work on the metal, indicating that they are skilled in this task. The video provides a detailed view of the process, showing the metal being shaped and smoothed out. The lighting in the video is dim, and the focus is on the hands and the metal, making it difficult to see the surrounding environment.",T2V_data/label/vidgen_filter_gemini_part_0_dpo_7/BQxjpm7VQko-Scene-0179/entity_40.mp4,T2V_data/label/vidgen_filter_gemini_part_0_dpo_7/BQxjpm7VQko-Scene-0179/aug_entity_40.png
T2V_data/VIDGEN-1M_unzip/BQxjpm7VQko-Scene-0179.mp4,"The video shows a close-up of a person's hands as they work on a piece of metal using a machine. The person is wearing gloves and is using a tool to shape the metal. The machine appears to be a lathe or milling machine, and the metal is being shaped into a specific form. The person's hands are steady and precise as they work on the metal, indicating that they are skilled in this task. The video provides a detailed view of the process, showing the metal being shaped and smoothed out. The lighting in the video is dim, and the focus is on the hands and the metal, making it difficult to see the surrounding environment.",T2V_data/label/vidgen_filter_gemini_part_0_dpo_7/BQxjpm7VQko-Scene-0179/entity_60.mp4,T2V_data/label/vidgen_filter_gemini_part_0_dpo_7/BQxjpm7VQko-Scene-0179/aug_entity_60.png
T2V_data/VIDGEN-1M_unzip/BpEdixcsZ7A-Scene-0099.mp4,"The video shows a close-up of a soccer ball being kicked into a net. The ball is red and white, and the net is white. The background is blurred, but it appears to be an indoor soccer field. The ball is in motion, and the net is shaking from the impact. The video is shot from a low angle, focusing on the ball and the net.",T2V_data/label/vidgen_filter_gemini_part_0_dpo_7/BpEdixcsZ7A-Scene-0099/entity_80.mp4,T2V_data/label/vidgen_filter_gemini_part_0_dpo_7/BpEdixcsZ7A-Scene-0099/aug_entity_80.png
T2V_data/VIDGEN-1M_unzip/Bpaf5o2MVR4-Scene-0306.mp4,The video shows a red character with white eyes and a white mouth. The character is wearing a red suit and has two white horns on its head. The character is seen holding a blue suitcase and walking towards a white door with a gold handle. The character knocks on the door and then kicks it open with its foot. The character then enters the room and closes the door behind it.,T2V_data/label/vidgen_filter_gemini_part_0_dpo_7/Bpaf5o2MVR4-Scene-0306/entity_40.mp4,T2V_data/label/vidgen_filter_gemini_part_0_dpo_7/Bpaf5o2MVR4-Scene-0306/aug_entity_40.png
T2V_data/VIDGEN-1M_unzip/Bx9omYO_WqM-Scene-0005.mp4,"In the video, a man is seen pouring a liquid from a bottle into a pot. He is wearing a brown shirt and a black cap. The pot is orange in color and is placed on a table. The man is holding the bottle with his right hand and pouring the liquid with his left hand. The background is green, indicating that the video is shot outdoors. The man seems to be focused on pouring the liquid carefully.",T2V_data/label/vidgen_filter_gemini_part_0_dpo_7/Bx9omYO_WqM-Scene-0005/entity_40.mp4,T2V_data/label/vidgen_filter_gemini_part_0_dpo_7/Bx9omYO_WqM-Scene-0005/aug_entity_40.png
T2V_data/VIDGEN-1M_unzip/C4pdhGvcFcc-Scene-0073.mp4,The video shows a monkey in a zoo enclosure. The monkey is seen reaching out for food from a person's hand. The person is holding a cup of food and the monkey is eagerly trying to grab it. The monkey is brown and has long arms. The person is wearing a blue shirt. The monkey is sitting on the ground and the enclosure has a glass wall.,T2V_data/label/vidgen_filter_gemini_part_0_dpo_7/C4pdhGvcFcc-Scene-0073/entity_20.mp4,T2V_data/label/vidgen_filter_gemini_part_0_dpo_7/C4pdhGvcFcc-Scene-0073/aug_entity_20.png
T2V_data/VIDGEN-1M_unzip/C4pdhGvcFcc-Scene-0073.mp4,The video shows a monkey in a zoo enclosure. The monkey is seen reaching out for food from a person's hand. The person is holding a cup of food and the monkey is eagerly trying to grab it. The monkey is brown and has long arms. The person is wearing a blue shirt. The monkey is sitting on the ground and the enclosure has a glass wall.,T2V_data/label/vidgen_filter_gemini_part_0_dpo_7/C4pdhGvcFcc-Scene-0073/entity_40.mp4,T2V_data/label/vidgen_filter_gemini_part_0_dpo_7/C4pdhGvcFcc-Scene-0073/aug_entity_40.png
T2V_data/VIDGEN-1M_unzip/CdST6yq99_Y-Scene-0113.mp4,"In the video, a person is seen holding a drill with a circular saw blade attached to it. The person is using the drill to spin the blade, which is causing the blade to spin rapidly. The person's hands are visible, and they are holding the drill steady while the blade spins. The background is a cluttered workshop with various tools and equipment visible. The person appears to be demonstrating the functionality of the drill and the blade.",T2V_data/label/vidgen_filter_gemini_part_0_dpo_7/CdST6yq99_Y-Scene-0113/entity_20.mp4,T2V_data/label/vidgen_filter_gemini_part_0_dpo_7/CdST6yq99_Y-Scene-0113/aug_entity_20.png
T2V_data/VIDGEN-1M_unzip/CdST6yq99_Y-Scene-0113.mp4,"In the video, a person is seen holding a drill with a circular saw blade attached to it. The person is using the drill to spin the blade, which is causing the blade to spin rapidly. The person's hands are visible, and they are holding the drill steady while the blade spins. The background is a cluttered workshop with various tools and equipment visible. The person appears to be demonstrating the functionality of the drill and the blade.",T2V_data/label/vidgen_filter_gemini_part_0_dpo_7/CdST6yq99_Y-Scene-0113/entity_40.mp4,T2V_data/label/vidgen_filter_gemini_part_0_dpo_7/CdST6yq99_Y-Scene-0113/aug_entity_40.png
T2V_data/VIDGEN-1M_unzip/CkDS3hsQ4rw-Scene-0034.mp4,"In the video, a person is seen holding a black iPhone in their hand. The person then proceeds to use a hammer to hit the phone, causing visible damage to the device. After the hammering, the person uses a knife to cut the phone, further damaging it. The video shows the destruction of the phone in detail, highlighting the impact of the hammer and the cutting of the knife. The person's actions are deliberate and intentional, and the video is likely intended to showcase the durability or lack thereof of the phone.",T2V_data/label/vidgen_filter_gemini_part_0_dpo_7/CkDS3hsQ4rw-Scene-0034/entity_60.mp4,T2V_data/label/vidgen_filter_gemini_part_0_dpo_7/CkDS3hsQ4rw-Scene-0034/aug_entity_60.png
T2V_data/VIDGEN-1M_unzip/CuT8-kCO-_g-Scene-0077.mp4,The video shows a man in a red shirt and black pants lifting a barbell in a gym. He is surrounded by other people who are watching him. The man is wearing glasses and has a beard. He is bending down to lift the barbell and then stands up straight. The gym is well-lit and has various equipment in the background.,T2V_data/label/vidgen_filter_gemini_part_0_dpo_7/CuT8-kCO-_g-Scene-0077/entity_20.mp4,T2V_data/label/vidgen_filter_gemini_part_0_dpo_7/CuT8-kCO-_g-Scene-0077/aug_entity_20.png
T2V_data/VIDGEN-1M_unzip/Dcl9L4ugm4s-Scene-0015.mp4,"The video features a man wearing a black shirt and black shorts, riding a red and black bike in a grassy field. He performs a wheelie, lifting the front wheel of the bike off the ground while pedaling. The man maintains balance while riding the bike on one wheel. The background shows houses and trees, indicating that the location is a residential area. The video captures the man's skillful bike handling and control.",T2V_data/label/vidgen_filter_gemini_part_0_dpo_7/Dcl9L4ugm4s-Scene-0015/entity_20.mp4,T2V_data/label/vidgen_filter_gemini_part_0_dpo_7/Dcl9L4ugm4s-Scene-0015/aug_entity_20.png
T2V_data/VIDGEN-1M_unzip/Df-B0g1PrVg-Scene-0118.mp4,"The video shows a close-up of a pot on a stove. Inside the pot, there are chunks of meat being cooked. A person is holding a spoon and pouring a white creamy substance, which appears to be yogurt, into the pot. The person then uses the spoon to mix the yogurt into the meat. The pot is black, and the meat has a brown color. The yogurt is white and contrasts with the color of the meat. The person's hand is visible, but their body is not shown in the video.",T2V_data/label/vidgen_filter_gemini_part_0_dpo_7/Df-B0g1PrVg-Scene-0118/entity_60.mp4,T2V_data/label/vidgen_filter_gemini_part_0_dpo_7/Df-B0g1PrVg-Scene-0118/aug_entity_60.png
T2V_data/VIDGEN-1M_unzip/DgMfTafL68s-Scene-0131.mp4,"The video shows a man standing on a boat in a lake. He is wearing a blue jacket and sunglasses and is holding a fishing rod. The man is seen reeling in a large fish, which he eventually pulls onto the boat. He holds up the fish to the camera, showing its size and color. The man then removes the hook from the fish's mouth. The lake is calm and there are trees visible in the background.",T2V_data/label/vidgen_filter_gemini_part_0_dpo_7/DgMfTafL68s-Scene-0131/entity_20.mp4,T2V_data/label/vidgen_filter_gemini_part_0_dpo_7/DgMfTafL68s-Scene-0131/aug_entity_20.png
T2V_data/VIDGEN-1M_unzip/DkTrFAq3PTI-Scene-0059.mp4,"The video shows a person driving a car on a snowy road. The driver's hand is visible on the steering wheel, and the car is moving forward. The road is surrounded by trees and snow on both sides. The sky is overcast, and the overall color scheme of the video is white and gray.",T2V_data/label/vidgen_filter_gemini_part_0_dpo_7/DkTrFAq3PTI-Scene-0059/entity_40.mp4,T2V_data/label/vidgen_filter_gemini_part_0_dpo_7/DkTrFAq3PTI-Scene-0059/aug_entity_40.png
T2V_data/VIDGEN-1M_unzip/EAKroTdjcMo-Scene-0089.mp4,"In the video, a person is seen walking on a tiled floor with a cat following them. The person is wearing black pants and is barefoot. The cat is black and white and is walking on the same floor. The person stops and bends down to pick up a yellow ball and then throws it for the cat to chase. The cat runs after the ball and brings it back to the person. The video captures the playful interaction between the person and the cat.",T2V_data/label/vidgen_filter_gemini_part_0_dpo_7/EAKroTdjcMo-Scene-0089/entity_20.mp4,T2V_data/label/vidgen_filter_gemini_part_0_dpo_7/EAKroTdjcMo-Scene-0089/aug_entity_20.png
T2V_data/VIDGEN-1M_unzip/EF8AN-d54ak-Scene-0057.mp4,"In the video, a person is seen using a tool to remove a part from a machine. The person is wearing gloves and is focused on the task at hand. The machine appears to be heavy-duty, and the part being removed is cylindrical in shape. The person's movements are deliberate and precise, indicating that they are experienced in this type of work. The environment around the person is industrial, with various tools and equipment visible in the background. The lighting is bright, and the colors in the video are muted, with the machine and the person's clothing being the most prominent features.",T2V_data/label/vidgen_filter_gemini_part_0_dpo_7/EF8AN-d54ak-Scene-0057/entity_40.mp4,T2V_data/label/vidgen_filter_gemini_part_0_dpo_7/EF8AN-d54ak-Scene-0057/aug_entity_40.png
T2V_data/VIDGEN-1M_unzip/EFRHPFxASSo-Scene-0015.mp4,"The video shows a person's hands folding a red square piece of paper into a smaller square shape. The person then folds the paper in half diagonally and continues to fold it into a smaller square shape. The video is shot from a top-down perspective, and the background is a green cutting mat with grid lines.",T2V_data/label/vidgen_filter_gemini_part_0_dpo_7/EFRHPFxASSo-Scene-0015/entity_40.mp4,T2V_data/label/vidgen_filter_gemini_part_0_dpo_7/EFRHPFxASSo-Scene-0015/aug_entity_40.png
T2V_data/VIDGEN-1M_unzip/EU-FnseBjb8-Scene-0157.mp4,"In the video, a person is seen holding a bunch of green leaves in their hand. The leaves are being picked off one by one and dropped into a wok that is placed on a stove. The person's hands are visible, and they are wearing a watch on their left wrist. The background is dark, and the focus is on the person's hands and the leaves.",T2V_data/label/vidgen_filter_gemini_part_0_dpo_7/EU-FnseBjb8-Scene-0157/entity_40.mp4,T2V_data/label/vidgen_filter_gemini_part_0_dpo_7/EU-FnseBjb8-Scene-0157/aug_entity_40.png
T2V_data/VIDGEN-1M_unzip/EZgOsKMNHpo-Scene-0034.mp4,The video shows a dog wearing an orange life jacket standing in shallow water. The dog is being pulled by a person who is holding a pink leash. The person is also holding a green ball attached to the leash. The dog is seen playing with the ball and pulling on the leash. The water is clear and there are rocks visible underneath the water. The dog appears to be enjoying the activity and is actively engaged in playing with the ball.,T2V_data/label/vidgen_filter_gemini_part_0_dpo_7/EZgOsKMNHpo-Scene-0034/entity_20.mp4,T2V_data/label/vidgen_filter_gemini_part_0_dpo_7/EZgOsKMNHpo-Scene-0034/aug_entity_20.png
T2V_data/VIDGEN-1M_unzip/EowWiloNZwk-Scene-0046.mp4,"The video shows a close-up of a piece of wood being cut with a knife. The knife is held by a person wearing a black glove, and the wood is being cut into smaller pieces. The background is blurred, but it appears to be an outdoor setting.",T2V_data/label/vidgen_filter_gemini_part_0_dpo_7/EowWiloNZwk-Scene-0046/entity_40.mp4,T2V_data/label/vidgen_filter_gemini_part_0_dpo_7/EowWiloNZwk-Scene-0046/aug_entity_40.png
T2V_data/VIDGEN-1M_unzip/F66uzKSb5AU-Scene-0002.mp4,"The video shows a toy train set on a blue track. The train is white with blue stripes and has a sleek design. The track is placed on a white surface, and the background features a cityscape with buildings and trees. The train moves smoothly along the track, and a hand occasionally appears to adjust the train's position.",T2V_data/label/vidgen_filter_gemini_part_0_dpo_7/F66uzKSb5AU-Scene-0002/entity_20.mp4,T2V_data/label/vidgen_filter_gemini_part_0_dpo_7/F66uzKSb5AU-Scene-0002/aug_entity_20.png
T2V_data/VIDGEN-1M_unzip/FBzYLgU5dy4-Scene-0062.mp4,"In the video, a man is seen wearing a black beanie and a black shirt. He is holding a roll of tape in his hand and is applying it to a cardboard box. The man is standing outside, and there are plants visible in the background. The man is focused on his task and appears to be securing the box with the tape. The video does not provide any additional context or information about the man or his actions.",T2V_data/label/vidgen_filter_gemini_part_0_dpo_7/FBzYLgU5dy4-Scene-0062/entity_80.mp4,T2V_data/label/vidgen_filter_gemini_part_0_dpo_7/FBzYLgU5dy4-Scene-0062/aug_entity_80.png
T2V_data/VIDGEN-1M_unzip/FInAtI1xeLE-Scene-0045.mp4,"In the video, a man is seen standing on a stage with a tiger. The man is holding a whip in his hand and is wearing a white shirt and black pants. The tiger is standing on its hind legs and is being held by the man. The man is holding the tiger's mouth open with his other hand, and the tiger is biting a rope that the man is holding. The background of the stage is dark, and there are no other objects or people visible in the video.",T2V_data/label/vidgen_filter_gemini_part_0_dpo_7/FInAtI1xeLE-Scene-0045/entity_20.mp4,T2V_data/label/vidgen_filter_gemini_part_0_dpo_7/FInAtI1xeLE-Scene-0045/aug_entity_20.png
T2V_data/VIDGEN-1M_unzip/FRZVA090NZ4-Scene-0008.mp4,"In the video, a man is seen rock climbing on a steep cliff. He is wearing a blue shirt and black pants, and has a rope attached to his harness. The man is using his hands and feet to find holds on the rock face, and appears to be struggling to make progress. The sky is clear and blue, and the moon is visible in the background. The man eventually reaches the top of the cliff and looks down at the camera.",T2V_data/label/vidgen_filter_gemini_part_0_dpo_7/FRZVA090NZ4-Scene-0008/entity_40.mp4,T2V_data/label/vidgen_filter_gemini_part_0_dpo_7/FRZVA090NZ4-Scene-0008/aug_entity_40.png
T2V_data/VIDGEN-1M_unzip/FfwQNXbjfrY-Scene-0042.mp4,"In the video, a person is seen cutting a mushroom on a cutting board. The person uses a knife to slice the mushroom into thin strips. The cutting board appears to be made of wood, and the knife has a silver blade with a black handle. The mushroom is dark brown in color and has a smooth texture. The person's hands are visible, and they are wearing a ring on their left hand. The video is shot in close-up, focusing on the action of cutting the mushroom.",T2V_data/label/vidgen_filter_gemini_part_0_dpo_7/FfwQNXbjfrY-Scene-0042/entity_40.mp4,T2V_data/label/vidgen_filter_gemini_part_0_dpo_7/FfwQNXbjfrY-Scene-0042/aug_entity_40.png
T2V_data/VIDGEN-1M_unzip/G7hh42AgBlQ-Scene-0027.mp4,"The video features a close-up shot of a person's hands holding a white fidget spinner with black bearings. The person is spinning the fidget spinner between their thumb and index finger. The background is blurred, but it appears to be a room with a red object. The fidget spinner is the main focus of the video, and the person's hands are steady as they spin it.",T2V_data/label/vidgen_filter_gemini_part_0_dpo_7/G7hh42AgBlQ-Scene-0027/entity_20.mp4,T2V_data/label/vidgen_filter_gemini_part_0_dpo_7/G7hh42AgBlQ-Scene-0027/aug_entity_20.png
T2V_data/VIDGEN-1M_unzip/GOuV3yMCJLk-Scene-0062.mp4,"The video shows a pickup truck driving through a rocky terrain and then driving through a muddy puddle. The truck appears to be modified for off-road driving, with a large tire and a roof rack. The terrain is uneven and rocky, and the truck maneuvers through it with ease. The muddy puddle is deep and the truck splashes through it, causing mud to fly everywhere. The truck appears to be in good condition and is able to handle the challenging terrain with ease.",T2V_data/label/vidgen_filter_gemini_part_0_dpo_7/GOuV3yMCJLk-Scene-0062/entity_20.mp4,T2V_data/label/vidgen_filter_gemini_part_0_dpo_7/GOuV3yMCJLk-Scene-0062/aug_entity_20.png
T2V_data/VIDGEN-1M_unzip/GOvumgtkB1g-Scene-0011.mp4,"The video features a close-up view of two knives with black handles and silver blades. The person's hand is seen holding the knives and pointing to different parts of them. The knives are placed on a black textured surface, and the person's hand is visible in the frame. The knives appear to be of the same make and model, with a sleek design and a pointed tip. The person's hand moves from one knife to the other, pointing out the similarities and differences between them.",T2V_data/label/vidgen_filter_gemini_part_0_dpo_7/GOvumgtkB1g-Scene-0011/entity_20.mp4,T2V_data/label/vidgen_filter_gemini_part_0_dpo_7/GOvumgtkB1g-Scene-0011/aug_entity_20.png
T2V_data/VIDGEN-1M_unzip/GOzG95EpkAc-Scene-0053.mp4,"The video shows a black and white scene of a soccer game. A player in a white jersey is seen kicking the ball towards the goal. The goalkeeper, wearing a dark jersey, dives to the right in an attempt to block the ball. The ball goes past the goalkeeper and into the net, indicating a goal has been scored. The crowd in the background can be seen cheering.",T2V_data/label/vidgen_filter_gemini_part_0_dpo_7/GOzG95EpkAc-Scene-0053/entity_40.mp4,T2V_data/label/vidgen_filter_gemini_part_0_dpo_7/GOzG95EpkAc-Scene-0053/aug_entity_40.png
T2V_data/VIDGEN-1M_unzip/GQDhnUKscJk-Scene-0144.mp4,"In the video, a person is seen holding a piece of fried chicken in their hand. The person then proceeds to pull the chicken apart, revealing the white meat inside. The chicken appears to be crispy and golden brown on the outside, while the inside is white and moist. The person continues to pull the chicken apart, stretching the meat to show its tenderness and juiciness. The video focuses solely on the chicken and the person's hands, with no other objects or background details visible.",T2V_data/label/vidgen_filter_gemini_part_0_dpo_7/GQDhnUKscJk-Scene-0144/entity_60.mp4,T2V_data/label/vidgen_filter_gemini_part_0_dpo_7/GQDhnUKscJk-Scene-0144/aug_entity_60.png
T2V_data/VIDGEN-1M_unzip/GRdS9q1RP2I-Scene-0010.mp4,"In the video, a person is seen pouring water into a glass that is filled with ice cubes. The glass is placed on a bar counter, and the person is wearing a black shirt with a green logo on it. The water is being poured from a height, causing the ice cubes to move slightly. The background is blurred, but it appears to be a bar setting with various bottles and glasses.",T2V_data/label/vidgen_filter_gemini_part_0_dpo_7/GRdS9q1RP2I-Scene-0010/entity_40.mp4,T2V_data/label/vidgen_filter_gemini_part_0_dpo_7/GRdS9q1RP2I-Scene-0010/aug_entity_40.png
T2V_data/VIDGEN-1M_unzip/GVu21UadhwM-Scene-0123.mp4,"The video shows a red truck with large tires driving over a rocky terrain. The truck is equipped with a winch on the front bumper and a sticker on the windshield that reads ""2017 ULTIMATE ADVENTURE"". The truck maneuvers over the rocks, showcasing its off-road capabilities.",T2V_data/label/vidgen_filter_gemini_part_0_dpo_7/GVu21UadhwM-Scene-0123/entity_40.mp4,T2V_data/label/vidgen_filter_gemini_part_0_dpo_7/GVu21UadhwM-Scene-0123/aug_entity_40.png
T2V_data/VIDGEN-1M_unzip/GqpRH4mIELI-Scene-0062.mp4,"In the video, a man is seen kneeling on the ground next to a concrete block. He is wearing a striped shirt, jeans, and gloves. The man is using a tool to cut a wire that is attached to the concrete block. He then picks up a hammer and uses it to break off a piece of the concrete block. The man is working in an outdoor area with trees and grass visible in the background.",T2V_data/label/vidgen_filter_gemini_part_0_dpo_7/GqpRH4mIELI-Scene-0062/entity_60.mp4,T2V_data/label/vidgen_filter_gemini_part_0_dpo_7/GqpRH4mIELI-Scene-0062/aug_entity_60.png
T2V_data/VIDGEN-1M_unzip/Gt0qMYJZ_uo-Scene-0038.mp4,"In the video, a person is seen using a food processor to grind up some food. The person is wearing a black shirt and has a red wristband on their left wrist. The food processor is placed on a kitchen counter, and there are various kitchen items in the background, including a green kettle, a white coffee maker, and a box of cereal. The person is holding the food processor with their left hand and using their right hand to push down on the lid. The food processor is grinding up the food, and the person is making sure that it is processed properly.",T2V_data/label/vidgen_filter_gemini_part_0_dpo_7/Gt0qMYJZ_uo-Scene-0038/entity_20.mp4,T2V_data/label/vidgen_filter_gemini_part_0_dpo_7/Gt0qMYJZ_uo-Scene-0038/aug_entity_20.png
T2V_data/VIDGEN-1M_unzip/Gt0qMYJZ_uo-Scene-0038.mp4,"In the video, a person is seen using a food processor to grind up some food. The person is wearing a black shirt and has a red wristband on their left wrist. The food processor is placed on a kitchen counter, and there are various kitchen items in the background, including a green kettle, a white coffee maker, and a box of cereal. The person is holding the food processor with their left hand and using their right hand to push down on the lid. The food processor is grinding up the food, and the person is making sure that it is processed properly.",T2V_data/label/vidgen_filter_gemini_part_0_dpo_7/Gt0qMYJZ_uo-Scene-0038/entity_60.mp4,T2V_data/label/vidgen_filter_gemini_part_0_dpo_7/Gt0qMYJZ_uo-Scene-0038/aug_entity_60.png
T2V_data/VIDGEN-1M_unzip/GxKGuPmfsCg-Scene-0056.mp4,"The video shows a boxing match between two men in a ring. One man is wearing red shorts and the other is wearing white shorts with red and blue stripes. The man in red shorts is throwing punches at the man in white shorts, who is defending himself. The referee is standing in the corner of the ring, watching the fight. The boxing ring has a blue floor with red and white ropes. The background shows a crowd of spectators watching the match.",T2V_data/label/vidgen_filter_gemini_part_0_dpo_7/GxKGuPmfsCg-Scene-0056/entity_20.mp4,T2V_data/label/vidgen_filter_gemini_part_0_dpo_7/GxKGuPmfsCg-Scene-0056/aug_entity_20.png
T2V_data/VIDGEN-1M_unzip/GxKGuPmfsCg-Scene-0056.mp4,"The video shows a boxing match between two men in a ring. One man is wearing red shorts and the other is wearing white shorts with red and blue stripes. The man in red shorts is throwing punches at the man in white shorts, who is defending himself. The referee is standing in the corner of the ring, watching the fight. The boxing ring has a blue floor with red and white ropes. The background shows a crowd of spectators watching the match.",T2V_data/label/vidgen_filter_gemini_part_0_dpo_7/GxKGuPmfsCg-Scene-0056/entity_40.mp4,T2V_data/label/vidgen_filter_gemini_part_0_dpo_7/GxKGuPmfsCg-Scene-0056/aug_entity_40.png
T2V_data/VIDGEN-1M_unzip/HC0Tj3ZoiuA-Scene-0041.mp4,The video features a woman with pink hair and glasses holding a light blue stress ball. The stress ball has a picture of a gingerbread man and a pink unicorn on it. The woman is seen squeezing the stress ball and then releasing it. She repeats this action several times throughout the video. The background of the video is a shelf filled with various stuffed animals.,T2V_data/label/vidgen_filter_gemini_part_0_dpo_7/HC0Tj3ZoiuA-Scene-0041/entity_40.mp4,T2V_data/label/vidgen_filter_gemini_part_0_dpo_7/HC0Tj3ZoiuA-Scene-0041/aug_entity_40.png
T2V_data/VIDGEN-1M_unzip/I-9q6px9hp0-Scene-0049.mp4,"The video shows a machine with a yellow brush attached to it, moving back and forth over a metal surface. The machine appears to be cleaning or polishing the metal, as it moves in a steady, rhythmic motion. The metal surface has a shiny, reflective quality, suggesting that it may be made of steel or another type of metal. The brush is made up of numerous bristles, and it moves in a circular motion, covering a large area of the metal surface. The machine itself is not fully visible, but it seems to be a specialized piece of equipment designed for this specific task. There is no visible title, subtitle, or other text in the video.",T2V_data/label/vidgen_filter_gemini_part_0_dpo_7/I-9q6px9hp0-Scene-0049/entity_40.mp4,T2V_data/label/vidgen_filter_gemini_part_0_dpo_7/I-9q6px9hp0-Scene-0049/aug_entity_40.png
T2V_data/VIDGEN-1M_unzip/IS3OAhOgzOQ-Scene-0028.mp4,"The video shows a person's hands working on a green electronic device. The device has a rectangular shape with a flat top and bottom. There are two black wires connected to the device, and the person is using a screwdriver to adjust the screws on the top of the device. The background is blurred, but it appears to be a workshop or garage setting.",T2V_data/label/vidgen_filter_gemini_part_0_dpo_7/IS3OAhOgzOQ-Scene-0028/entity_40.mp4,T2V_data/label/vidgen_filter_gemini_part_0_dpo_7/IS3OAhOgzOQ-Scene-0028/aug_entity_40.png
T2V_data/VIDGEN-1M_unzip/IXrzv65gWCY-Scene-0023.mp4,"In the video, a person is seen pouring a bowl of black beans into a bowl of corn. The beans are dark and shiny, and the corn is bright yellow. The person uses a spoon to mix the beans and corn together. The bowl is clear glass, and the background is a gray countertop.",T2V_data/label/vidgen_filter_gemini_part_0_dpo_7/IXrzv65gWCY-Scene-0023/entity_40.mp4,T2V_data/label/vidgen_filter_gemini_part_0_dpo_7/IXrzv65gWCY-Scene-0023/aug_entity_40.png
T2V_data/VIDGEN-1M_unzip/IXrzv65gWCY-Scene-0023.mp4,"In the video, a person is seen pouring a bowl of black beans into a bowl of corn. The beans are dark and shiny, and the corn is bright yellow. The person uses a spoon to mix the beans and corn together. The bowl is clear glass, and the background is a gray countertop.",T2V_data/label/vidgen_filter_gemini_part_0_dpo_7/IXrzv65gWCY-Scene-0023/entity_80.mp4,T2V_data/label/vidgen_filter_gemini_part_0_dpo_7/IXrzv65gWCY-Scene-0023/aug_entity_80.png
T2V_data/VIDGEN-1M_unzip/ImDDyJQnfuQ-Scene-0095.mp4,"The video features a young girl standing on a trampoline. She is wearing a blue and green plaid shirt and denim shorts. The trampoline is black and is located in a backyard with a shed in the background. The girl is seen jumping up and down on the trampoline, doing a flip, and landing back on her feet. The sky is overcast, and the grass in the background is green.",T2V_data/label/vidgen_filter_gemini_part_0_dpo_7/ImDDyJQnfuQ-Scene-0095/entity_20.mp4,T2V_data/label/vidgen_filter_gemini_part_0_dpo_7/ImDDyJQnfuQ-Scene-0095/aug_entity_20.png
T2V_data/VIDGEN-1M_unzip/IngX4-VUUBQ-Scene-0076.mp4,"The video shows a person working on a tire. The tire is placed on a machine, and the person is using a tool to remove the rubber from the rim. The person is wearing a blue shirt and a watch on their left wrist. The machine appears to be in a garage or workshop setting. The tire has a label on it, but the text is not clearly visible. The person is using a white cloth to clean the rim.",T2V_data/label/vidgen_filter_gemini_part_0_dpo_7/IngX4-VUUBQ-Scene-0076/entity_20.mp4,T2V_data/label/vidgen_filter_gemini_part_0_dpo_7/IngX4-VUUBQ-Scene-0076/aug_entity_20.png
T2V_data/VIDGEN-1M_unzip/Is1OLNTCH7s-Scene-0015.mp4,The video shows a car driving on a dirt road in a desert. The car is black and has a skull on the hood. There are rocks and mountains in the background. The car is driving at a high speed and kicking up dust.,T2V_data/label/vidgen_filter_gemini_part_0_dpo_7/Is1OLNTCH7s-Scene-0015/entity_60.mp4,T2V_data/label/vidgen_filter_gemini_part_0_dpo_7/Is1OLNTCH7s-Scene-0015/aug_entity_60.png
T2V_data/VIDGEN-1M_unzip/J45RjiAODBo-Scene-0037.mp4,"The video shows a group of people on a boat, with a man standing at the front holding a pole. The man is wearing a life jacket and appears to be steering the boat. The people on the boat are also wearing life jackets and seem to be enjoying the ride. The boat is moving through the water, and the surroundings suggest that the location is a river or lake. The man at the front is actively engaged in navigating the boat, and the passengers are seated and looking around. The colors in the video are vibrant, with the blue of the water contrasting with the greenery in the background.",T2V_data/label/vidgen_filter_gemini_part_0_dpo_7/J45RjiAODBo-Scene-0037/entity_40.mp4,T2V_data/label/vidgen_filter_gemini_part_0_dpo_7/J45RjiAODBo-Scene-0037/aug_entity_40.png
T2V_data/VIDGEN-1M_unzip/JHa58gcP-_s-Scene-0059.mp4,"In the video, a man is seen standing behind a table saw. He is wearing a white t-shirt with a red and blue logo on it. The table saw is yellow and black in color, and it has a clear plastic guard on it. The man is holding a piece of wood in his hand, and he is using the saw to cut it. The saw is moving back and forth, and the man is carefully guiding the wood to ensure a clean cut. The background of the video is a workshop, with various tools and equipment visible.",T2V_data/label/vidgen_filter_gemini_part_0_dpo_7/JHa58gcP-_s-Scene-0059/entity_60.mp4,T2V_data/label/vidgen_filter_gemini_part_0_dpo_7/JHa58gcP-_s-Scene-0059/aug_entity_60.png
T2V_data/VIDGEN-1M_unzip/JN1XKMma02c-Scene-0012.mp4,"The video shows a person cracking an egg into a clear glass bowl. The person is wearing a blue shirt and has a white apron on. The bowl is placed on a white countertop. The background is blurred, but it appears to be a kitchen setting with various bottles and jars. The person cracks the egg with their right hand and uses their left hand to hold the bowl steady. The egg yolk and white are clearly visible in the bowl.",T2V_data/label/vidgen_filter_gemini_part_0_dpo_7/JN1XKMma02c-Scene-0012/entity_60.mp4,T2V_data/label/vidgen_filter_gemini_part_0_dpo_7/JN1XKMma02c-Scene-0012/aug_entity_60.png
T2V_data/VIDGEN-1M_unzip/JeRMSBH1sio-Scene-0121.mp4,"In the video, a man is seen using a net to catch fish from a large tank. The man is wearing a black tank top and green gloves. He is holding the net with his right hand and using a long pole with his left hand to scoop the fish out of the water. The fish are dark in color and appear to be medium-sized. The man carefully maneuvers the net to catch the fish and then lifts them out of the water. The tank is filled with blue water and there are several rocks visible at the bottom. The man appears to be skilled in his task, as he catches the fish with ease.",T2V_data/label/vidgen_filter_gemini_part_0_dpo_7/JeRMSBH1sio-Scene-0121/entity_20.mp4,T2V_data/label/vidgen_filter_gemini_part_0_dpo_7/JeRMSBH1sio-Scene-0121/aug_entity_20.png
T2V_data/VIDGEN-1M_unzip/JiStaT0XLNk-Scene-0030.mp4,"The video shows a bull running around a rodeo ring while two men in cowboy hats try to control it. The bull is brown and has a rope tied around its neck. The men are wearing yellow and black shirts and white hats. The rodeo ring has a dirt floor and a fence with advertisements on it. The bull is agitated and bucks violently, throwing up dust as it moves. The men try to grab the rope and control the bull, but the bull is too strong and keeps moving around the ring.",T2V_data/label/vidgen_filter_gemini_part_0_dpo_7/JiStaT0XLNk-Scene-0030/entity_20.mp4,T2V_data/label/vidgen_filter_gemini_part_0_dpo_7/JiStaT0XLNk-Scene-0030/aug_entity_20.png
T2V_data/VIDGEN-1M_unzip/Jjl4esLXKlo-Scene-0001.mp4,"The video shows a baseball game in progress. The pitcher, wearing a gray uniform, is seen throwing the ball towards the batter who is wearing a blue uniform. The batter swings his bat and hits the ball. The catcher, also in a gray uniform, is seen behind the batter, ready to catch the ball. The umpire, wearing a black uniform, is standing behind the catcher, observing the play. The crowd in the stands is visible in the background, watching the game. The video captures the moment the ball is hit and the batter starts running towards first base.",T2V_data/label/vidgen_filter_gemini_part_0_dpo_7/Jjl4esLXKlo-Scene-0001/entity_20.mp4,T2V_data/label/vidgen_filter_gemini_part_0_dpo_7/Jjl4esLXKlo-Scene-0001/aug_entity_20.png
T2V_data/VIDGEN-1M_unzip/Jzho-mZQ6Bw-Scene-0012.mp4,"The video shows a hockey game in progress. The players are wearing blue and white uniforms and are skating on the ice. The players are seen moving the puck with their sticks, passing it to each other, and trying to score a goal. The crowd can be heard cheering in the background. The players are wearing helmets and protective gear. The ice rink is surrounded by boards and glass, and there are advertisements on the boards.",T2V_data/label/vidgen_filter_gemini_part_0_dpo_7/Jzho-mZQ6Bw-Scene-0012/entity_20.mp4,T2V_data/label/vidgen_filter_gemini_part_0_dpo_7/Jzho-mZQ6Bw-Scene-0012/aug_entity_20.png
T2V_data/VIDGEN-1M_unzip/K1QUPL_V0sI-Scene-0226.mp4,"The video shows a man working on the exhaust system of a car. He is wearing a grey shirt and has long hair. The car is lifted up, and the man is standing underneath it. He is using a tool to work on the exhaust pipes. The video is shot in a garage, and there are various tools and equipment visible in the background. The man appears to be focused on his work, and the video is shot from a side angle, showing the man and the underside of the car.",T2V_data/label/vidgen_filter_gemini_part_0_dpo_7/K1QUPL_V0sI-Scene-0226/entity_20.mp4,T2V_data/label/vidgen_filter_gemini_part_0_dpo_7/K1QUPL_V0sI-Scene-0226/aug_entity_20.png
T2V_data/VIDGEN-1M_unzip/K6ap2yRMqGs-Scene-0047.mp4,"The video shows a close-up of a white, triangular object with several screws and metal plates on it. The object is placed on a wooden surface. A person's hand is seen holding a black object with a metal plate on it, which is then placed on top of the white object. The person's hand then moves the black object around on the white object, possibly to demonstrate how it fits or functions.",T2V_data/label/vidgen_filter_gemini_part_0_dpo_7/K6ap2yRMqGs-Scene-0047/entity_40.mp4,T2V_data/label/vidgen_filter_gemini_part_0_dpo_7/K6ap2yRMqGs-Scene-0047/aug_entity_40.png
T2V_data/VIDGEN-1M_unzip/KGfGbKkd0FY-Scene-0060.mp4,"In the video, a man is seen using a power drill to drill a hole into a wooden board. The board is clamped down to a workbench using a blue clamp. The man is wearing a black cap and a white shirt. The power drill is orange and black in color. The man is holding the drill with both hands and is focused on the task at hand. The background of the video is a workshop with various tools and equipment visible.",T2V_data/label/vidgen_filter_gemini_part_0_dpo_7/KGfGbKkd0FY-Scene-0060/entity_40.mp4,T2V_data/label/vidgen_filter_gemini_part_0_dpo_7/KGfGbKkd0FY-Scene-0060/aug_entity_40.png
T2V_data/VIDGEN-1M_unzip/KekgdyGACdY-Scene-0062.mp4,"The video shows a group of people scuba diving in the ocean. They are wearing scuba gear and are accompanied by a yellow and black robotic device that is swimming alongside them. The robotic device appears to be equipped with sensors and is being used to explore the underwater environment. The divers are seen swimming in a line, with the robotic device leading the way. The water is clear, and the ocean floor is visible, covered in sand and small rocks. The divers are moving slowly and carefully, observing their surroundings. The robotic device is the main focus of the video, and it seems to be the tool of choice for this underwater exploration.",T2V_data/label/vidgen_filter_gemini_part_0_dpo_7/KekgdyGACdY-Scene-0062/entity_40.mp4,T2V_data/label/vidgen_filter_gemini_part_0_dpo_7/KekgdyGACdY-Scene-0062/aug_entity_40.png
T2V_data/VIDGEN-1M_unzip/KkvDnAzzVqo-Scene-0026.mp4,"In the video, a young boy is seen sitting on a dirt bike. He is wearing a helmet and a grey t-shirt with red shorts. The bike is yellow and black in color. The boy is holding the handlebars and looking towards the camera. He then proceeds to lift the front wheel of the bike off the ground and does a wheelie. The background consists of a residential area with houses and trees. The boy successfully maintains the wheelie for a few seconds before bringing the bike back down to the ground.",T2V_data/label/vidgen_filter_gemini_part_0_dpo_7/KkvDnAzzVqo-Scene-0026/entity_20.mp4,T2V_data/label/vidgen_filter_gemini_part_0_dpo_7/KkvDnAzzVqo-Scene-0026/aug_entity_20.png
T2V_data/VIDGEN-1M_unzip/KukYc9mc-kE-Scene-0004.mp4,The video shows a soccer game in progress. The players are wearing blue and white striped uniforms. The goalie is wearing a yellow uniform. The ball is being kicked towards the goal by a player in a blue uniform. The goalie dives to his right to block the ball. The players are running and kicking the ball on the field. The field is green with white lines marking the boundaries. The goalie successfully blocks the ball from entering the goal.,T2V_data/label/vidgen_filter_gemini_part_0_dpo_7/KukYc9mc-kE-Scene-0004/entity_60.mp4,T2V_data/label/vidgen_filter_gemini_part_0_dpo_7/KukYc9mc-kE-Scene-0004/aug_entity_60.png
T2V_data/VIDGEN-1M_unzip/L1A4pagPVTY-Scene-0004.mp4,"The video shows a close-up of a plastic bag containing two pieces of raw meat. The meat is marinated with a mixture of spices and herbs, which are visible on the surface of the meat. The bag is being held by a person's hand, which is partially visible in the frame. The hand appears to be gently shaking the bag, causing the spices to coat the meat evenly. The spices are in various colors, including red, green, and yellow, and are of different sizes and shapes. The meat is a dark red color, indicating that it is raw. The plastic bag is transparent, allowing the viewer to see the contents clearly.",T2V_data/label/vidgen_filter_gemini_part_0_dpo_7/L1A4pagPVTY-Scene-0004/entity_80.mp4,T2V_data/label/vidgen_filter_gemini_part_0_dpo_7/L1A4pagPVTY-Scene-0004/aug_entity_80.png
T2V_data/VIDGEN-1M_unzip/L1eN-SQ0puk-Scene-0119.mp4,The video shows a person using a wrench to adjust a bolt on a piece of machinery. The person is wearing a brown jacket and is holding the wrench with both hands. The machinery appears to be made of metal and has several other bolts and components visible. The background is a garage with a white wall and a blue door.,T2V_data/label/vidgen_filter_gemini_part_0_dpo_7/L1eN-SQ0puk-Scene-0119/entity_60.mp4,T2V_data/label/vidgen_filter_gemini_part_0_dpo_7/L1eN-SQ0puk-Scene-0119/aug_entity_60.png
T2V_data/VIDGEN-1M_unzip/L7orr0X_FiY-Scene-0017.mp4,"In the video, a man is seen wearing boxing gloves and practicing his punches. He is standing in a gym with various equipment in the background. The man is wearing a black shirt and shorts, and he is throwing punches at a punching bag. The gym is well-lit, and there are other people visible in the background. The man's movements are fluid and controlled, indicating that he is experienced in boxing. The punching bag is hanging from the ceiling, and it is swinging slightly with each punch. The man's focus is intense, and he appears to be fully engaged in his training. Overall, the video captures a moment of intense physical activity and dedication to the sport of boxing.",T2V_data/label/vidgen_filter_gemini_part_0_dpo_7/L7orr0X_FiY-Scene-0017/entity_20.mp4,T2V_data/label/vidgen_filter_gemini_part_0_dpo_7/L7orr0X_FiY-Scene-0017/aug_entity_20.png
T2V_data/VIDGEN-1M_unzip/LBV2kjuGGIk-Scene-0028.mp4,"In the video, a man is seen lifting weights in a gym. He is wearing a camouflage tank top and has tattoos on his arms. The man is using a barbell with weights on it, and he is performing a squat exercise. He is standing in front of a mirror, and there are other people in the background. The gym has a white wall and a red beam on the ceiling. The man is focused on his exercise, and he is breathing heavily as he lifts the weights.",T2V_data/label/vidgen_filter_gemini_part_0_dpo_7/LBV2kjuGGIk-Scene-0028/entity_20.mp4,T2V_data/label/vidgen_filter_gemini_part_0_dpo_7/LBV2kjuGGIk-Scene-0028/aug_entity_20.png
T2V_data/VIDGEN-1M_unzip/LM_a3gLvrc8-Scene-0024.mp4,"In the video, a man is seen cutting down a tree in a snowy forest. The man is wearing a plaid shirt and black pants. He is using an axe to chop the tree, which is surrounded by snow. The forest is filled with tall trees, and the ground is covered in snow. The man continues to chop the tree until it falls down.",T2V_data/label/vidgen_filter_gemini_part_0_dpo_7/LM_a3gLvrc8-Scene-0024/entity_20.mp4,T2V_data/label/vidgen_filter_gemini_part_0_dpo_7/LM_a3gLvrc8-Scene-0024/aug_entity_20.png
T2V_data/VIDGEN-1M_unzip/LQfdqf1lCvo-Scene-0029.mp4,"The video shows a close-up of a white bowl containing an egg yolk and white. A person is pouring almond milk from a carton into the bowl, causing the egg white to spread out and mix with the milk. The carton is labeled ""Almond Milk"" in green and pink text. The background is blurred, but a wooden surface is visible.",T2V_data/label/vidgen_filter_gemini_part_0_dpo_7/LQfdqf1lCvo-Scene-0029/entity_40.mp4,T2V_data/label/vidgen_filter_gemini_part_0_dpo_7/LQfdqf1lCvo-Scene-0029/aug_entity_40.png
T2V_data/VIDGEN-1M_unzip/LSkbyIcp1XQ-Scene-0009.mp4,"The video shows a person using a grinder to sharpen a knife. The person is wearing a brown shirt and is holding the knife with one hand while the other hand is holding the grinder. The grinder is spinning at a high speed, and the person is using it to sharpen the blade of the knife. The background is blurred, but it appears to be a workshop or garage setting.",T2V_data/label/vidgen_filter_gemini_part_0_dpo_7/LSkbyIcp1XQ-Scene-0009/entity_60.mp4,T2V_data/label/vidgen_filter_gemini_part_0_dpo_7/LSkbyIcp1XQ-Scene-0009/aug_entity_60.png
T2V_data/VIDGEN-1M_unzip/M-2Bv7u4V0M-Scene-0055.mp4,"In the video, a man is seen standing in a kitchen, wearing a gray t-shirt. He is holding a metal kettle in his hand and pouring hot water into a coffee filter. The filter is placed on top of a red stand. The man is speaking to the camera while pouring the water, and he points to the kettle as he continues to pour. The kitchen has black cabinets and a white countertop.",T2V_data/label/vidgen_filter_gemini_part_0_dpo_7/M-2Bv7u4V0M-Scene-0055/entity_40.mp4,T2V_data/label/vidgen_filter_gemini_part_0_dpo_7/M-2Bv7u4V0M-Scene-0055/aug_entity_40.png
T2V_data/VIDGEN-1M_unzip/M-2Bv7u4V0M-Scene-0055.mp4,"In the video, a man is seen standing in a kitchen, wearing a gray t-shirt. He is holding a metal kettle in his hand and pouring hot water into a coffee filter. The filter is placed on top of a red stand. The man is speaking to the camera while pouring the water, and he points to the kettle as he continues to pour. The kitchen has black cabinets and a white countertop.",T2V_data/label/vidgen_filter_gemini_part_0_dpo_7/M-2Bv7u4V0M-Scene-0055/entity_60.mp4,T2V_data/label/vidgen_filter_gemini_part_0_dpo_7/M-2Bv7u4V0M-Scene-0055/aug_entity_60.png
T2V_data/VIDGEN-1M_unzip/M0VAC6JDSnU-Scene-0044.mp4,"In the video, a person is seen using a sharp tool to carve a piece of wood. The person is wearing a blue shirt and is standing in front of a wooden table. The tool is being used to shave off pieces of wood from the surface of the piece being carved. The person's hand is steady, and they are focused on the task at hand. The background is blurred, but it appears to be a workshop or a garage. The lighting is bright, and the colors in the video are natural and muted.",T2V_data/label/vidgen_filter_gemini_part_0_dpo_7/M0VAC6JDSnU-Scene-0044/entity_20.mp4,T2V_data/label/vidgen_filter_gemini_part_0_dpo_7/M0VAC6JDSnU-Scene-0044/aug_entity_20.png
T2V_data/VIDGEN-1M_unzip/MBi_c9jT8g0-Scene-0052.mp4,"The video shows a wrestling match between two characters in a ring. One character is wearing green pants and the other is wearing black pants. They are both muscular and appear to be fighting each other. The ring is surrounded by a crowd of spectators. The background is a large arena with a blue and gold color scheme. The characters are seen grappling with each other, with one character lifting the other and slamming him onto the mat. The video is a loop of the same sequence of events.",T2V_data/label/vidgen_filter_gemini_part_0_dpo_7/MBi_c9jT8g0-Scene-0052/entity_20.mp4,T2V_data/label/vidgen_filter_gemini_part_0_dpo_7/MBi_c9jT8g0-Scene-0052/aug_entity_20.png
T2V_data/VIDGEN-1M_unzip/MBi_c9jT8g0-Scene-0052.mp4,"The video shows a wrestling match between two characters in a ring. One character is wearing green pants and the other is wearing black pants. They are both muscular and appear to be fighting each other. The ring is surrounded by a crowd of spectators. The background is a large arena with a blue and gold color scheme. The characters are seen grappling with each other, with one character lifting the other and slamming him onto the mat. The video is a loop of the same sequence of events.",T2V_data/label/vidgen_filter_gemini_part_0_dpo_7/MBi_c9jT8g0-Scene-0052/entity_40.mp4,T2V_data/label/vidgen_filter_gemini_part_0_dpo_7/MBi_c9jT8g0-Scene-0052/aug_entity_40.png
T2V_data/VIDGEN-1M_unzip/MBi_c9jT8g0-Scene-0052.mp4,"The video shows a wrestling match between two characters in a ring. One character is wearing green pants and the other is wearing black pants. They are both muscular and appear to be fighting each other. The ring is surrounded by a crowd of spectators. The background is a large arena with a blue and gold color scheme. The characters are seen grappling with each other, with one character lifting the other and slamming him onto the mat. The video is a loop of the same sequence of events.",T2V_data/label/vidgen_filter_gemini_part_0_dpo_7/MBi_c9jT8g0-Scene-0052/entity_60.mp4,T2V_data/label/vidgen_filter_gemini_part_0_dpo_7/MBi_c9jT8g0-Scene-0052/aug_entity_60.png
T2V_data/VIDGEN-1M_unzip/MXaLFezRzeE-Scene-0040.mp4,"The video shows a Delta Airlines plane taking off. The plane is white with blue and red accents and the Delta logo on the tail. The landing gear is still visible as the plane ascends into the sky. The sky is clear with a few clouds, and the plane is flying over a body of water.",T2V_data/label/vidgen_filter_gemini_part_0_dpo_7/MXaLFezRzeE-Scene-0040/entity_20.mp4,T2V_data/label/vidgen_filter_gemini_part_0_dpo_7/MXaLFezRzeE-Scene-0040/aug_entity_20.png
T2V_data/VIDGEN-1M_unzip/MYL64Le3DUs-Scene-0087.mp4,"In the video, a person is seen wearing a white glove and holding a clear plastic container filled with water. The container is being held over a larger container filled with blue liquid. The person then lowers the container into the blue liquid, causing the water inside to turn blue. The person then lifts the container back up, and the water inside returns to its original clear state. The video is shot in a well-lit room, and the person's movements are deliberate and controlled. The blue liquid appears to be a dye or colorant, and the clear plastic container is a standard drinking cup. The video is shot from a close-up angle, focusing on the person's hands and the containers.",T2V_data/label/vidgen_filter_gemini_part_0_dpo_7/MYL64Le3DUs-Scene-0087/entity_40.mp4,T2V_data/label/vidgen_filter_gemini_part_0_dpo_7/MYL64Le3DUs-Scene-0087/aug_entity_40.png
T2V_data/VIDGEN-1M_unzip/MlQJ3saQ66I-Scene-0101.mp4,"In the video, a man is standing in a kitchen with white cabinets and a white countertop. He is wearing a red t-shirt and has short hair. On the countertop, there is a green cutting board with a knife on it, and a blue bowl with oranges in it. The man is talking to the camera and moving his hands around. He picks up a small white object from the countertop and throws it back down. The kitchen appears to be well-lit and clean.",T2V_data/label/vidgen_filter_gemini_part_0_dpo_7/MlQJ3saQ66I-Scene-0101/entity_60.mp4,T2V_data/label/vidgen_filter_gemini_part_0_dpo_7/MlQJ3saQ66I-Scene-0101/aug_entity_60.png
T2V_data/VIDGEN-1M_unzip/NAVKt9CcRgU-Scene-0012.mp4,"The video shows a person's hand moving a toy tank on a green surface. The tank is white and has black wheels. In the background, there are small toy trees and a blue curtain. The hand moves the tank back and forth, and the camera focuses on the tank's details.",T2V_data/label/vidgen_filter_gemini_part_0_dpo_7/NAVKt9CcRgU-Scene-0012/entity_40.mp4,T2V_data/label/vidgen_filter_gemini_part_0_dpo_7/NAVKt9CcRgU-Scene-0012/aug_entity_40.png
T2V_data/VIDGEN-1M_unzip/NCRd1PMy2ag-Scene-0017.mp4,"In the video, a person is seen working on a remote-controlled car. The car is blue and black in color, with large black tires. The person is adjusting the suspension of the car, which is made up of metal rods and springs. The person's hands are visible, and they are using a tool to make adjustments to the suspension. The background is a grassy area with a few other cars visible in the distance.",T2V_data/label/vidgen_filter_gemini_part_0_dpo_7/NCRd1PMy2ag-Scene-0017/entity_40.mp4,T2V_data/label/vidgen_filter_gemini_part_0_dpo_7/NCRd1PMy2ag-Scene-0017/aug_entity_40.png
T2V_data/VIDGEN-1M_unzip/O2mslLtKzDk-Scene-0087.mp4,"In the video, a small black dog is seen playing with a stuffed panda bear toy. The dog is biting and pulling on the toy, which is lying on a beige carpet. The panda bear toy is black and white, and the dog seems to be enjoying playing with it. The dog's fur is shiny and well-groomed, and it appears to be a young puppy. The carpet is soft and plush, and there is a brown leather couch visible in the background. The lighting in the room is bright, and there are no other objects or people visible in the video.",T2V_data/label/vidgen_filter_gemini_part_0_dpo_7/O2mslLtKzDk-Scene-0087/entity_40.mp4,T2V_data/label/vidgen_filter_gemini_part_0_dpo_7/O2mslLtKzDk-Scene-0087/aug_entity_40.png
T2V_data/VIDGEN-1M_unzip/OGuYNwp1OUY-Scene-0052.mp4,"The video shows a close-up of a person pouring a brown liquid through a metal strainer into a white bucket. The liquid is flowing smoothly and appears to be a thick consistency. The strainer is held over the bucket by a metal handle, and the liquid is being poured from a black container. The background is blurred, but it appears to be a kitchen setting.",T2V_data/label/vidgen_filter_gemini_part_0_dpo_7/OGuYNwp1OUY-Scene-0052/entity_40.mp4,T2V_data/label/vidgen_filter_gemini_part_0_dpo_7/OGuYNwp1OUY-Scene-0052/aug_entity_40.png
T2V_data/VIDGEN-1M_unzip/OGuYNwp1OUY-Scene-0052.mp4,"The video shows a close-up of a person pouring a brown liquid through a metal strainer into a white bucket. The liquid is flowing smoothly and appears to be a thick consistency. The strainer is held over the bucket by a metal handle, and the liquid is being poured from a black container. The background is blurred, but it appears to be a kitchen setting.",T2V_data/label/vidgen_filter_gemini_part_0_dpo_7/OGuYNwp1OUY-Scene-0052/entity_60.mp4,T2V_data/label/vidgen_filter_gemini_part_0_dpo_7/OGuYNwp1OUY-Scene-0052/aug_entity_60.png
T2V_data/VIDGEN-1M_unzip/OQNb0C84008-Scene-0023.mp4,"The video shows a person's hands playing with a green slime on a white surface. The hands are seen stretching, squeezing, and pulling the slime, causing it to change shape and form. The slime appears to be soft and malleable, and the person's hands are the only objects interacting with it. The background is plain and white, which contrasts with the vibrant green color of the slime. The person's movements are deliberate and focused on the slime, suggesting that they are enjoying the sensory experience of playing with it.",T2V_data/label/vidgen_filter_gemini_part_0_dpo_7/OQNb0C84008-Scene-0023/entity_60.mp4,T2V_data/label/vidgen_filter_gemini_part_0_dpo_7/OQNb0C84008-Scene-0023/aug_entity_60.png
T2V_data/VIDGEN-1M_unzip/OVNWqtu1vv0-Scene-0052.mp4,"The video shows a large green and orange truck with a trailer attached to it. The trailer is green and has a large orange container on top of it. The truck is driving through a field of grass, and as it moves, it leaves behind a trail of cut grass. The truck is moving at a steady pace, and the grass is being cut evenly as the trailer moves forward. The sky is clear and blue, and there are no other vehicles or people visible in the video.",T2V_data/label/vidgen_filter_gemini_part_0_dpo_7/OVNWqtu1vv0-Scene-0052/entity_20.mp4,T2V_data/label/vidgen_filter_gemini_part_0_dpo_7/OVNWqtu1vv0-Scene-0052/aug_entity_20.png
T2V_data/VIDGEN-1M_unzip/OVNWqtu1vv0-Scene-0052.mp4,"The video shows a large green and orange truck with a trailer attached to it. The trailer is green and has a large orange container on top of it. The truck is driving through a field of grass, and as it moves, it leaves behind a trail of cut grass. The truck is moving at a steady pace, and the grass is being cut evenly as the trailer moves forward. The sky is clear and blue, and there are no other vehicles or people visible in the video.",T2V_data/label/vidgen_filter_gemini_part_0_dpo_7/OVNWqtu1vv0-Scene-0052/entity_40.mp4,T2V_data/label/vidgen_filter_gemini_part_0_dpo_7/OVNWqtu1vv0-Scene-0052/aug_entity_40.png
T2V_data/VIDGEN-1M_unzip/Oai3AcWMxnA-Scene-0034.mp4,"In the video, a person is seen cooking a variety of vegetables in a pan. The vegetables include mushrooms, bell peppers, and carrots. The person is using a spatula to stir the vegetables around the pan. The colors of the vegetables are vibrant, with the orange of the carrots, the red and yellow of the bell peppers, and the white and brown of the mushrooms creating a visually appealing dish. The person appears to be cooking the vegetables on medium heat, as they are not being browned or charred. The pan seems to be non-stick, and the vegetables are being cooked evenly. The person's movements are deliberate and careful, ensuring that the vegetables are not overcooked or undercooked. Overall, the video showcases a simple yet delicious vegetable stir-fry being prepared.",T2V_data/label/vidgen_filter_gemini_part_0_dpo_7/Oai3AcWMxnA-Scene-0034/entity_60.mp4,T2V_data/label/vidgen_filter_gemini_part_0_dpo_7/Oai3AcWMxnA-Scene-0034/aug_entity_60.png
T2V_data/VIDGEN-1M_unzip/OjYUGXePj4w-Scene-0053.mp4,"The video shows a basketball game in progress. The players are wearing blue and white uniforms. One player in a blue uniform is seen dribbling the ball and taking a shot at the basket. The ball goes in, and the crowd cheers. The player in the blue uniform then celebrates the successful shot. The court is surrounded by a crowd of spectators.",T2V_data/label/vidgen_filter_gemini_part_0_dpo_7/OjYUGXePj4w-Scene-0053/entity_20.mp4,T2V_data/label/vidgen_filter_gemini_part_0_dpo_7/OjYUGXePj4w-Scene-0053/aug_entity_20.png
T2V_data/VIDGEN-1M_unzip/OjYUGXePj4w-Scene-0053.mp4,"The video shows a basketball game in progress. The players are wearing blue and white uniforms. One player in a blue uniform is seen dribbling the ball and taking a shot at the basket. The ball goes in, and the crowd cheers. The player in the blue uniform then celebrates the successful shot. The court is surrounded by a crowd of spectators.",T2V_data/label/vidgen_filter_gemini_part_0_dpo_7/OjYUGXePj4w-Scene-0053/entity_40.mp4,T2V_data/label/vidgen_filter_gemini_part_0_dpo_7/OjYUGXePj4w-Scene-0053/aug_entity_40.png
T2V_data/VIDGEN-1M_unzip/OlHJrWEAFAQ-Scene-0080.mp4,"In the video, a person is seen holding a chocolate egg wrapped in foil. The egg is being drilled into with a drill bit. The person is wearing black gloves and the drill bit is gold in color. The chocolate egg is blue and green in color and has the words ""Cadbury Creme Egg"" written on it. The drill bit is making a hole in the egg, and the person is holding the egg steady while drilling.",T2V_data/label/vidgen_filter_gemini_part_0_dpo_7/OlHJrWEAFAQ-Scene-0080/entity_40.mp4,T2V_data/label/vidgen_filter_gemini_part_0_dpo_7/OlHJrWEAFAQ-Scene-0080/aug_entity_40.png
T2V_data/VIDGEN-1M_unzip/Ou2pg2SvRL8-Scene-0016.mp4,"The video shows a person riding a mountain bike on a dirt trail. The rider is wearing a helmet and is seen performing a wheelie, where the front wheel of the bike is lifted off the ground while the bike is in motion. The rider maintains this position for a few seconds before bringing the front wheel back down to the ground. The surrounding environment appears to be a dry, rocky landscape with sparse vegetation.",T2V_data/label/vidgen_filter_gemini_part_0_dpo_7/Ou2pg2SvRL8-Scene-0016/entity_60.mp4,T2V_data/label/vidgen_filter_gemini_part_0_dpo_7/Ou2pg2SvRL8-Scene-0016/aug_entity_60.png
T2V_data/VIDGEN-1M_unzip/P9DBb-Eng20-Scene-0065.mp4,"The video features a robotic fish swimming in a tank. The fish is predominantly red and white, with a clear plastic body that reveals its inner workings. It has a tail fin and a dorsal fin, and it moves smoothly through the water. The background of the tank is blue, and there are green plants at the bottom. The fish appears to be the only living creature in the tank.",T2V_data/label/vidgen_filter_gemini_part_0_dpo_7/P9DBb-Eng20-Scene-0065/entity_40.mp4,T2V_data/label/vidgen_filter_gemini_part_0_dpo_7/P9DBb-Eng20-Scene-0065/aug_entity_40.png
T2V_data/VIDGEN-1M_unzip/P9DBb-Eng20-Scene-0065.mp4,"The video features a robotic fish swimming in a tank. The fish is predominantly red and white, with a clear plastic body that reveals its inner workings. It has a tail fin and a dorsal fin, and it moves smoothly through the water. The background of the tank is blue, and there are green plants at the bottom. The fish appears to be the only living creature in the tank.",T2V_data/label/vidgen_filter_gemini_part_0_dpo_7/P9DBb-Eng20-Scene-0065/entity_60.mp4,T2V_data/label/vidgen_filter_gemini_part_0_dpo_7/P9DBb-Eng20-Scene-0065/aug_entity_60.png
T2V_data/VIDGEN-1M_unzip/P9DBb-Eng20-Scene-0065.mp4,"The video features a robotic fish swimming in a tank. The fish is predominantly red and white, with a clear plastic body that reveals its inner workings. It has a tail fin and a dorsal fin, and it moves smoothly through the water. The background of the tank is blue, and there are green plants at the bottom. The fish appears to be the only living creature in the tank.",T2V_data/label/vidgen_filter_gemini_part_0_dpo_7/P9DBb-Eng20-Scene-0065/entity_80.mp4,T2V_data/label/vidgen_filter_gemini_part_0_dpo_7/P9DBb-Eng20-Scene-0065/aug_entity_80.png
T2V_data/VIDGEN-1M_unzip/W_gskN9FVsY-Scene-0023.mp4,"The video shows a close-up of a stainless steel bowl with a mixer attachment spinning inside it. The mixer attachment is a flat beater that is spinning rapidly, causing the contents of the bowl to blend together. The bowl is placed on a countertop, and the mixer is turned on, causing the contents to mix and blend. The mixer attachment is made of metal and appears to be in good condition. The bowl is shiny and clean, indicating that it is well-maintained. The countertop is also clean and appears to be made of a light-colored material. There is no visible text or subtitles in the video.",T2V_data/label/vidgen_filter_gemini_part_0_dpo_7/W_gskN9FVsY-Scene-0023/entity_40.mp4,T2V_data/label/vidgen_filter_gemini_part_0_dpo_7/W_gskN9FVsY-Scene-0023/aug_entity_40.png
T2V_data/VIDGEN-1M_unzip/Wr0KPokF-rM-Scene-0034.mp4,"In the video, a man is seen skateboarding in a skate park. He is wearing a black t-shirt and khaki pants. The skate park is filled with ramps and rails, and there are other people in the background. The man is performing a trick on his skateboard, and he successfully lands it. The video captures the excitement and skill of skateboarding.",T2V_data/label/vidgen_filter_gemini_part_0_dpo_7/Wr0KPokF-rM-Scene-0034/entity_20.mp4,T2V_data/label/vidgen_filter_gemini_part_0_dpo_7/Wr0KPokF-rM-Scene-0034/aug_entity_20.png
T2V_data/VIDGEN-1M_unzip/XXOOeqIcopA-Scene-0008.mp4,"The video shows a swimmer moving through the water in a swimming pool. The swimmer is wearing a black swimsuit and is seen swimming underwater. The water is a deep blue color, and there are yellow lane dividers visible in the background. The swimmer's movements are smooth and fluid as they navigate through the water.",T2V_data/label/vidgen_filter_gemini_part_0_dpo_7/XXOOeqIcopA-Scene-0008/entity_20.mp4,T2V_data/label/vidgen_filter_gemini_part_0_dpo_7/XXOOeqIcopA-Scene-0008/aug_entity_20.png
T2V_data/VIDGEN-1M_unzip/XZOo2tOnZ9w-Scene-0025.mp4,"The video features a man wearing a black tank top, blue shorts, and white sneakers. He is standing on a basketball court with a basketball in his hands. The man is performing a basketball move where he dribbles the ball between his legs. The court is surrounded by trees and there are parked cars in the background. The man appears to be practicing his basketball skills.",T2V_data/label/vidgen_filter_gemini_part_0_dpo_7/XZOo2tOnZ9w-Scene-0025/entity_20.mp4,T2V_data/label/vidgen_filter_gemini_part_0_dpo_7/XZOo2tOnZ9w-Scene-0025/aug_entity_20.png
T2V_data/VIDGEN-1M_unzip/Xdt4IbYKoOY-Scene-0019.mp4,"In the video, a man is seen climbing a rock wall. He is wearing a black tank top and shorts, and has a bald head. The rock wall is covered in various colored holds, and the man is using his hands and feet to navigate upwards. He appears to be concentrating and exerting effort as he climbs. The video is shot from different angles, showing the man's progress as he climbs higher.",T2V_data/label/vidgen_filter_gemini_part_0_dpo_7/Xdt4IbYKoOY-Scene-0019/entity_20.mp4,T2V_data/label/vidgen_filter_gemini_part_0_dpo_7/Xdt4IbYKoOY-Scene-0019/aug_entity_20.png
T2V_data/VIDGEN-1M_unzip/YBvJVXzulAg-Scene-0080.mp4,"The video shows a sea turtle swimming underwater. The turtle is seen from different angles as it moves through the water. The turtle's shell is dark and its flippers are in motion. Bubbles are visible around the turtle, indicating its movement through the water. The background is a deep blue color, with some rocks and plants visible.",T2V_data/label/vidgen_filter_gemini_part_0_dpo_7/YBvJVXzulAg-Scene-0080/entity_20.mp4,T2V_data/label/vidgen_filter_gemini_part_0_dpo_7/YBvJVXzulAg-Scene-0080/aug_entity_20.png
T2V_data/VIDGEN-1M_unzip/YT01yjBxAk4-Scene-0010.mp4,"In the video, a young girl is seen jumping on a trampoline. She is wearing a blue shirt and black shorts. The trampoline is red and black, and there is a woman standing next to it wearing a red shirt. The girl jumps several times, and at one point, she falls down but quickly gets back up and continues jumping. The woman watches her and smiles. The background shows other gym equipment, including mats and bars.",T2V_data/label/vidgen_filter_gemini_part_0_dpo_7/YT01yjBxAk4-Scene-0010/entity_20.mp4,T2V_data/label/vidgen_filter_gemini_part_0_dpo_7/YT01yjBxAk4-Scene-0010/aug_entity_20.png
T2V_data/VIDGEN-1M_unzip/Z8IVnPhb9dg-Scene-0093.mp4,"The video shows a person using a hammer to hit a metal piece. The person is wearing a glove on one hand and is holding the hammer in the other hand. The metal piece is being hit repeatedly, causing it to bend and shape. The background is a workshop setting with various tools and equipment visible.",T2V_data/label/vidgen_filter_gemini_part_0_dpo_7/Z8IVnPhb9dg-Scene-0093/entity_20.mp4,T2V_data/label/vidgen_filter_gemini_part_0_dpo_7/Z8IVnPhb9dg-Scene-0093/aug_entity_20.png
T2V_data/VIDGEN-1M_unzip/Z8IVnPhb9dg-Scene-0093.mp4,"The video shows a person using a hammer to hit a metal piece. The person is wearing a glove on one hand and is holding the hammer in the other hand. The metal piece is being hit repeatedly, causing it to bend and shape. The background is a workshop setting with various tools and equipment visible.",T2V_data/label/vidgen_filter_gemini_part_0_dpo_7/Z8IVnPhb9dg-Scene-0093/entity_40.mp4,T2V_data/label/vidgen_filter_gemini_part_0_dpo_7/Z8IVnPhb9dg-Scene-0093/aug_entity_40.png
T2V_data/VIDGEN-1M_unzip/ZCDvOjNr9kU-Scene-0051.mp4,"In the video, a person is seen holding a raw chicken in their hands and then proceeds to cut it into pieces. The chicken is placed on a red cutting board, and the person uses a knife to cut it into smaller pieces. The person's hands are visible, and they are wearing a ring on their left hand. The background shows a white plate and a yellow object, possibly a spatula or a brush. The video is shot in a close-up view, focusing on the person's hands and the chicken.",T2V_data/label/vidgen_filter_gemini_part_0_dpo_7/ZCDvOjNr9kU-Scene-0051/entity_40.mp4,T2V_data/label/vidgen_filter_gemini_part_0_dpo_7/ZCDvOjNr9kU-Scene-0051/aug_entity_40.png
T2V_data/VIDGEN-1M_unzip/ZW5RnvFFKko-Scene-0006.mp4,"In the video, a man is standing in a room surrounded by boxes. He is wearing a red hoodie and a black cap. The man is holding a knife in his hand and is using it to open a box. He is speaking to the camera while doing so. The room appears to be cluttered with boxes and other items. The man seems to be in the process of unpacking or organizing the boxes. The video does not provide any additional context or information about the man or the location.",T2V_data/label/vidgen_filter_gemini_part_0_dpo_7/ZW5RnvFFKko-Scene-0006/entity_20.mp4,T2V_data/label/vidgen_filter_gemini_part_0_dpo_7/ZW5RnvFFKko-Scene-0006/aug_entity_20.png
T2V_data/VIDGEN-1M_unzip/ZW5RnvFFKko-Scene-0006.mp4,"In the video, a man is standing in a room surrounded by boxes. He is wearing a red hoodie and a black cap. The man is holding a knife in his hand and is using it to open a box. He is speaking to the camera while doing so. The room appears to be cluttered with boxes and other items. The man seems to be in the process of unpacking or organizing the boxes. The video does not provide any additional context or information about the man or the location.",T2V_data/label/vidgen_filter_gemini_part_0_dpo_7/ZW5RnvFFKko-Scene-0006/entity_40.mp4,T2V_data/label/vidgen_filter_gemini_part_0_dpo_7/ZW5RnvFFKko-Scene-0006/aug_entity_40.png
T2V_data/VIDGEN-1M_unzip/ZZ_I0qmSMUc-Scene-0030.mp4,"The video shows a cat inside a cage, playing with a ball. The cat is seen batting at the ball with its paws and biting it. The cage has a yellow scratching post and a red object in the background. The cat is grey with black stripes and has a white chest. The ball is orange with a yellow face on it.",T2V_data/label/vidgen_filter_gemini_part_0_dpo_7/ZZ_I0qmSMUc-Scene-0030/entity_20.mp4,T2V_data/label/vidgen_filter_gemini_part_0_dpo_7/ZZ_I0qmSMUc-Scene-0030/aug_entity_20.png
T2V_data/VIDGEN-1M_unzip/ZeOafARiVzg-Scene-0040.mp4,"The video shows a person's hands working with dough on a floured surface. The person is using their hands to knead and shape the dough. The dough appears to be soft and pliable, and the person's hands move with precision and care. The flour on the surface and the person's hands suggests that they are in the process of making something that requires dough, such as bread or pastry. The video does not contain any visible text or subtitles.",T2V_data/label/vidgen_filter_gemini_part_0_dpo_7/ZeOafARiVzg-Scene-0040/entity_20.mp4,T2V_data/label/vidgen_filter_gemini_part_0_dpo_7/ZeOafARiVzg-Scene-0040/aug_entity_20.png
T2V_data/VIDGEN-1M_unzip/Zpft9uRBwKc-Scene-0002.mp4,"The video shows a person's hands demonstrating how to tie a knot with a white string. The person is holding the string with both hands and making a loop with it. Then, the person pulls one end of the string through the loop to create a knot. The background is a yellow surface with a black clip holding the string in place.",T2V_data/label/vidgen_filter_gemini_part_0_dpo_7/Zpft9uRBwKc-Scene-0002/entity_20.mp4,T2V_data/label/vidgen_filter_gemini_part_0_dpo_7/Zpft9uRBwKc-Scene-0002/aug_entity_20.png
T2V_data/VIDGEN-1M_unzip/Zpg2XiVdYGc-Scene-0131.mp4,The video shows a close-up of a wooden board clamped down to a workbench using two metal clamps. A person's hands are seen adjusting the clamps to secure the board in place. The board is a light brown color and appears to be made of wood. The clamps have black handles and silver screws. The workbench is white and appears to be made of metal.,T2V_data/label/vidgen_filter_gemini_part_0_dpo_7/Zpg2XiVdYGc-Scene-0131/entity_40.mp4,T2V_data/label/vidgen_filter_gemini_part_0_dpo_7/Zpg2XiVdYGc-Scene-0131/aug_entity_40.png
T2V_data/VIDGEN-1M_unzip/_UsOMWPk2yY-Scene-0005.mp4,"In this video, a person is seen folding a piece of paper into a paper airplane. The person starts by folding the paper in half, then folds it again to create a smaller triangle shape. They continue to fold the paper, creating creases and shaping the airplane. The person's hands are visible throughout the video, and the background is a solid black color. The paper airplane is white and appears to be made of standard printer paper. The person's movements are precise and deliberate, indicating that they are experienced in folding paper airplanes.",T2V_data/label/vidgen_filter_gemini_part_0_dpo_7/_UsOMWPk2yY-Scene-0005/entity_40.mp4,T2V_data/label/vidgen_filter_gemini_part_0_dpo_7/_UsOMWPk2yY-Scene-0005/aug_entity_40.png
T2V_data/VIDGEN-1M_unzip/_yCoHSmZk3U-Scene-0022.mp4,"The video shows a group of soldiers in combat gear, including helmets and rifles, climbing over a rocky hillside. The soldiers are wearing camouflage uniforms and are carrying backpacks. They are using their hands and feet to navigate the rocky terrain. The sky is clear and blue, indicating good weather conditions. The soldiers appear to be working together to reach the top of the hill.",T2V_data/label/vidgen_filter_gemini_part_0_dpo_7/_yCoHSmZk3U-Scene-0022/entity_20.mp4,T2V_data/label/vidgen_filter_gemini_part_0_dpo_7/_yCoHSmZk3U-Scene-0022/aug_entity_20.png
T2V_data/VIDGEN-1M_unzip/a3N4MywulS4-Scene-0103.mp4,"The video shows a red car driving on a road. The car is moving at a high speed, and the tires are spinning rapidly, causing a lot of smoke to come out of the back of the car. The sky is blue with some clouds, and there are mountains in the background. The car appears to be a sports car, and the driver is not visible in the video. The road is empty, and there are no other vehicles or people in sight. The video is shot from the side of the car, capturing the movement and the smoke coming out of the tires.",T2V_data/label/vidgen_filter_gemini_part_0_dpo_7/a3N4MywulS4-Scene-0103/entity_20.mp4,T2V_data/label/vidgen_filter_gemini_part_0_dpo_7/a3N4MywulS4-Scene-0103/aug_entity_20.png
T2V_data/VIDGEN-1M_unzip/a3N4MywulS4-Scene-0103.mp4,"The video shows a red car driving on a road. The car is moving at a high speed, and the tires are spinning rapidly, causing a lot of smoke to come out of the back of the car. The sky is blue with some clouds, and there are mountains in the background. The car appears to be a sports car, and the driver is not visible in the video. The road is empty, and there are no other vehicles or people in sight. The video is shot from the side of the car, capturing the movement and the smoke coming out of the tires.",T2V_data/label/vidgen_filter_gemini_part_0_dpo_7/a3N4MywulS4-Scene-0103/entity_40.mp4,T2V_data/label/vidgen_filter_gemini_part_0_dpo_7/a3N4MywulS4-Scene-0103/aug_entity_40.png
T2V_data/VIDGEN-1M_unzip/a8RdCdMItyI-Scene-0017.mp4,The video shows a man wearing a black shirt and goggles on his head. He is holding a knife in his right hand and is standing in front of a white refrigerator. The man is using the knife to cut the handle off the refrigerator door. The background is a white wall with a black shelf on it.,T2V_data/label/vidgen_filter_gemini_part_0_dpo_7/a8RdCdMItyI-Scene-0017/entity_40.mp4,T2V_data/label/vidgen_filter_gemini_part_0_dpo_7/a8RdCdMItyI-Scene-0017/aug_entity_40.png
T2V_data/VIDGEN-1M_unzip/aZ_LlA2NdKo-Scene-0028.mp4,"The video shows a close-up of a car radio with a digital display. The display is green and shows the time as 9:51 PM. The radio is black and is located in the center console of the car. The display is lit up and the radio appears to be on. There is a hand that enters the frame and turns the radio dial to the right, changing the frequency. The hand is visible for a few seconds before the video ends.",T2V_data/label/vidgen_filter_gemini_part_0_dpo_7/aZ_LlA2NdKo-Scene-0028/entity_20.mp4,T2V_data/label/vidgen_filter_gemini_part_0_dpo_7/aZ_LlA2NdKo-Scene-0028/aug_entity_20.png
T2V_data/VIDGEN-1M_unzip/aoKPkuMrggg-Scene-0022.mp4,"In the video, a young man is standing in a kitchen and using a knife to chop onions on a red cutting board. He is wearing a blue shirt and has curly hair. The kitchen has white cabinets and a black countertop. The man is focused on his task and is using a large knife to chop the onions into small pieces. The cutting board is placed on the countertop, and there is a white paper towel roll next to it. The man is using a chopping motion, and the onions are piling up on the cutting board.",T2V_data/label/vidgen_filter_gemini_part_0_dpo_7/aoKPkuMrggg-Scene-0022/entity_60.mp4,T2V_data/label/vidgen_filter_gemini_part_0_dpo_7/aoKPkuMrggg-Scene-0022/aug_entity_60.png
T2V_data/VIDGEN-1M_unzip/b5AxVEEEop0-Scene-0187.mp4,"In the video, a person is seen pouring blackberries from a gray bucket into a green trailer attached to a toy tractor. The tractor is green and black with red wheels. The bucket is filled with blackberries, and the person pours them into the trailer, which is already filled with red berries. The person's hand is visible as they pour the berries, and the tractor is stationary.",T2V_data/label/vidgen_filter_gemini_part_0_dpo_7/b5AxVEEEop0-Scene-0187/entity_20.mp4,T2V_data/label/vidgen_filter_gemini_part_0_dpo_7/b5AxVEEEop0-Scene-0187/aug_entity_20.png
T2V_data/VIDGEN-1M_unzip/b5AxVEEEop0-Scene-0187.mp4,"In the video, a person is seen pouring blackberries from a gray bucket into a green trailer attached to a toy tractor. The tractor is green and black with red wheels. The bucket is filled with blackberries, and the person pours them into the trailer, which is already filled with red berries. The person's hand is visible as they pour the berries, and the tractor is stationary.",T2V_data/label/vidgen_filter_gemini_part_0_dpo_7/b5AxVEEEop0-Scene-0187/entity_60.mp4,T2V_data/label/vidgen_filter_gemini_part_0_dpo_7/b5AxVEEEop0-Scene-0187/aug_entity_60.png
T2V_data/VIDGEN-1M_unzip/b9dce5PxLNY-Scene-0003.mp4,"The video shows a man in a gym wearing a black shirt and black shorts. He is doing push-ups on a wooden floor. The man has a beard and is wearing a watch on his left wrist. The gym has a red exercise ball in the background. The man is in a plank position, with his hands on the floor and his body straight. He is doing the push-ups with his arms straight, pushing his body up and down. The lighting in the gym is bright, and the man is the only person visible in the video.",T2V_data/label/vidgen_filter_gemini_part_0_dpo_7/b9dce5PxLNY-Scene-0003/entity_40.mp4,T2V_data/label/vidgen_filter_gemini_part_0_dpo_7/b9dce5PxLNY-Scene-0003/aug_entity_40.png
T2V_data/VIDGEN-1M_unzip/bEtC7PIoWps-Scene-0004.mp4,"In the video, a woman is seen standing next to a dumpster. She is wearing a grey t-shirt and jeans. The woman is holding a cigarette in her hand and appears to be smoking it. She then points to the dumpster and throws the cigarette into it. The woman seems to be disposing of the cigarette in an environmentally friendly manner.",T2V_data/label/vidgen_filter_gemini_part_0_dpo_7/bEtC7PIoWps-Scene-0004/entity_20.mp4,T2V_data/label/vidgen_filter_gemini_part_0_dpo_7/bEtC7PIoWps-Scene-0004/aug_entity_20.png
T2V_data/VIDGEN-1M_unzip/bQXWIOVaJi0-Scene-0045.mp4,"The video shows a person climbing up a rocky cliff. The person is wearing a backpack and is using their hands to climb up the rocks. The cliff is made of large rocks and boulders, and the person is carefully making their way up. The person's movements are slow and deliberate as they navigate the challenging terrain. The video captures the person's determination and skill as they climb higher and higher up the cliff.",T2V_data/label/vidgen_filter_gemini_part_0_dpo_7/bQXWIOVaJi0-Scene-0045/entity_20.mp4,T2V_data/label/vidgen_filter_gemini_part_0_dpo_7/bQXWIOVaJi0-Scene-0045/aug_entity_20.png
T2V_data/VIDGEN-1M_unzip/bQXWIOVaJi0-Scene-0045.mp4,"The video shows a person climbing up a rocky cliff. The person is wearing a backpack and is using their hands to climb up the rocks. The cliff is made of large rocks and boulders, and the person is carefully making their way up. The person's movements are slow and deliberate as they navigate the challenging terrain. The video captures the person's determination and skill as they climb higher and higher up the cliff.",T2V_data/label/vidgen_filter_gemini_part_0_dpo_7/bQXWIOVaJi0-Scene-0045/entity_60.mp4,T2V_data/label/vidgen_filter_gemini_part_0_dpo_7/bQXWIOVaJi0-Scene-0045/aug_entity_60.png
T2V_data/VIDGEN-1M_unzip/bud00LbwLfI-Scene-0029.mp4,"In the video, a person is seen working on a piece of machinery. The person is wearing orange gloves and is using a screwdriver to work on the machine. The machine appears to be made of metal and has a cylindrical shape. The person's actions suggest that they are either repairing or adjusting the machine. The background is not clearly visible, but it seems to be a workshop or a garage. The person's movements are deliberate and precise, indicating that they are experienced in working with machinery.",T2V_data/label/vidgen_filter_gemini_part_0_dpo_7/bud00LbwLfI-Scene-0029/entity_40.mp4,T2V_data/label/vidgen_filter_gemini_part_0_dpo_7/bud00LbwLfI-Scene-0029/aug_entity_40.png
T2V_data/VIDGEN-1M_unzip/byPYM2uvdCw-Scene-0027.mp4,"In the video, a man is seen riding a dirt bike in a grassy area. He is wearing a helmet and an orange and white jumpsuit. The bike is blue and black in color. The man is performing a wheelie, which is a stunt where the front wheel of the bike is lifted off the ground while the bike is in motion. The man maintains the wheelie for a few seconds before bringing the bike back down to the ground. The video captures the man's skill and control over the bike as he performs the stunt.",T2V_data/label/vidgen_filter_gemini_part_0_dpo_7/byPYM2uvdCw-Scene-0027/entity_20.mp4,T2V_data/label/vidgen_filter_gemini_part_0_dpo_7/byPYM2uvdCw-Scene-0027/aug_entity_20.png
T2V_data/VIDGEN-1M_unzip/cnMRrYJZQqc-Scene-0009.mp4,"In the video, a man is seen holding a power tool in his right hand, and he is using it to attach a small black object to the tool. The man is wearing a brown shirt and is standing in front of a white object. He is using his left hand to hold the small black object and is carefully attaching it to the tool. The power tool appears to be a drill or a similar device, and the small black object is likely a bit or attachment for the tool. The man seems to be demonstrating how to attach the object to the tool, perhaps for a tutorial or instructional video. The video is shot in a well-lit room, and the focus is on the man's hands and the objects he is working with.",T2V_data/label/vidgen_filter_gemini_part_0_dpo_7/cnMRrYJZQqc-Scene-0009/entity_40.mp4,T2V_data/label/vidgen_filter_gemini_part_0_dpo_7/cnMRrYJZQqc-Scene-0009/aug_entity_40.png
T2V_data/VIDGEN-1M_unzip/csKiWE8aD2w-Scene-0133.mp4,The video shows a man standing on a basketball court. He is holding a basketball in his hand and is preparing to throw it. He then throws the ball towards the hoop and successfully scores. The man is wearing a camouflage shirt and black pants. The basketball court is surrounded by trees and there is a clear blue sky in the background.,T2V_data/label/vidgen_filter_gemini_part_0_dpo_7/csKiWE8aD2w-Scene-0133/entity_20.mp4,T2V_data/label/vidgen_filter_gemini_part_0_dpo_7/csKiWE8aD2w-Scene-0133/aug_entity_20.png
T2V_data/VIDGEN-1M_unzip/dJzTse9Dsaw-Scene-0058.mp4,"In the video, a man is seen in a desert setting, wearing a cowboy hat and a backpack. He is being assisted by another man who is removing cactus spines from his backpack and clothing. The man in the cowboy hat is visibly in discomfort as the spines are removed. The desert setting is dry and sandy, with cacti visible in the background. The man assisting the other is wearing a black shirt and appears to be using a tool to remove the spines. The video captures the moment of relief as the spines are removed from the man's backpack and clothing.",T2V_data/label/vidgen_filter_gemini_part_0_dpo_7/dJzTse9Dsaw-Scene-0058/entity_40.mp4,T2V_data/label/vidgen_filter_gemini_part_0_dpo_7/dJzTse9Dsaw-Scene-0058/aug_entity_40.png
T2V_data/VIDGEN-1M_unzip/dO-DDV0LmOk-Scene-0023.mp4,"In the video, a man is seen applying a clear film to the windshield of a black car. He starts by placing the film onto the windshield and then uses a squeegee to smooth it out. The man is wearing a striped shirt and appears to be working carefully to ensure that the film is applied without any bubbles or creases. The car is parked in a garage, and there is a red light visible in the background. The man's movements are deliberate and precise as he works to perfect the application of the film.",T2V_data/label/vidgen_filter_gemini_part_0_dpo_7/dO-DDV0LmOk-Scene-0023/entity_20.mp4,T2V_data/label/vidgen_filter_gemini_part_0_dpo_7/dO-DDV0LmOk-Scene-0023/aug_entity_20.png
T2V_data/VIDGEN-1M_unzip/dP_2BUWNVio-Scene-0028.mp4,"The video shows a group of children sitting on a ride at an amusement park. The ride is a yellow platform with a green bar across the front. The children are wearing casual clothing and sneakers. The ride is in motion, and the children are swinging back and forth. The background shows a clear blue sky and trees.",T2V_data/label/vidgen_filter_gemini_part_0_dpo_7/dP_2BUWNVio-Scene-0028/entity_20.mp4,T2V_data/label/vidgen_filter_gemini_part_0_dpo_7/dP_2BUWNVio-Scene-0028/aug_entity_20.png
T2V_data/VIDGEN-1M_unzip/deCSQu0G3qs-Scene-0066.mp4,"The video shows a person cutting an onion on a red cutting board. The person is using a knife with a yellow handle to chop the onion into thin slices. The background is blurred, but there are other vegetables visible, including carrots and broccoli. The focus of the video is on the action of slicing the onion, and the sound of the knife cutting through the onion can be heard.",T2V_data/label/vidgen_filter_gemini_part_0_dpo_7/deCSQu0G3qs-Scene-0066/entity_40.mp4,T2V_data/label/vidgen_filter_gemini_part_0_dpo_7/deCSQu0G3qs-Scene-0066/aug_entity_40.png
T2V_data/VIDGEN-1M_unzip/drR01ah8Cuk-Scene-0017.mp4,"In the video, a person is seen holding a white bottle with a blue label and Korean writing on it. The person unscrews the cap of the bottle and shakes it. The bottle appears to contain some kind of liquid. The person then proceeds to pour the liquid into a glass measuring cup that is placed on a table. The table also has a pink cloth and a doll's head with blue eyes on it. The person's actions suggest that they are preparing to mix or use the liquid in some way.",T2V_data/label/vidgen_filter_gemini_part_0_dpo_7/drR01ah8Cuk-Scene-0017/entity_20.mp4,T2V_data/label/vidgen_filter_gemini_part_0_dpo_7/drR01ah8Cuk-Scene-0017/aug_entity_20.png
T2V_data/VIDGEN-1M_unzip/dz0QgSQAIEs-Scene-0011.mp4,The video shows a person cutting a loaf of bread with a knife. The bread is wrapped in plastic wrap and is placed on a wooden cutting board. The person cuts the bread into four equal slices.,T2V_data/label/vidgen_filter_gemini_part_0_dpo_7/dz0QgSQAIEs-Scene-0011/entity_20.mp4,T2V_data/label/vidgen_filter_gemini_part_0_dpo_7/dz0QgSQAIEs-Scene-0011/aug_entity_20.png
T2V_data/VIDGEN-1M_unzip/e1Y7LEfIhoI-Scene-0161.mp4,"In the video, a man is seen working on a car in a garage. He is wearing a gray shirt and khaki shorts. The car is elevated on a lift, and the man is standing underneath it. He is using a wrench to work on the underside of the car, specifically on the exhaust pipe. The garage is filled with various tools and equipment, indicating that it is a professional setting. The man appears to be focused and skilled in his work, carefully adjusting the wrench to complete the task at hand.",T2V_data/label/vidgen_filter_gemini_part_0_dpo_7/e1Y7LEfIhoI-Scene-0161/entity_20.mp4,T2V_data/label/vidgen_filter_gemini_part_0_dpo_7/e1Y7LEfIhoI-Scene-0161/aug_entity_20.png
T2V_data/VIDGEN-1M_unzip/eAkoGZsEWyk-Scene-0020.mp4,"In the video, a panda is seen climbing up a wooden seesaw. The seesaw is located in an enclosure with a wooden fence in the background. The panda climbs up the seesaw and then slides down the other side. The panda appears to be enjoying itself as it plays on the seesaw. The enclosure is spacious and well-maintained, with a few trees and bushes scattered around. The panda is the only animal visible in the video, and it seems to be the main focus of the footage. The video is shot in high-definition, capturing the details of the panda's fur and the texture of the wooden seesaw.",T2V_data/label/vidgen_filter_gemini_part_0_dpo_7/eAkoGZsEWyk-Scene-0020/entity_40.mp4,T2V_data/label/vidgen_filter_gemini_part_0_dpo_7/eAkoGZsEWyk-Scene-0020/aug_entity_40.png
T2V_data/VIDGEN-1M_unzip/eKV9f0eyAnI-Scene-0016.mp4,"The video shows a close-up of a metal spring with orange plastic rings around it. The spring is attached to a metal rod with a black clamp. The background is blurred, but it appears to be a workshop or garage setting. The spring is in motion, and the orange rings are moving along with it. The focus is on the spring and the clamp, with the background being out of focus.",T2V_data/label/vidgen_filter_gemini_part_0_dpo_7/eKV9f0eyAnI-Scene-0016/entity_20.mp4,T2V_data/label/vidgen_filter_gemini_part_0_dpo_7/eKV9f0eyAnI-Scene-0016/aug_entity_20.png
T2V_data/VIDGEN-1M_unzip/eovBDOc9IOo-Scene-0129.mp4,"The video shows a house on fire with flames engulfing the roof and walls. The fire is intense and bright orange, with thick black smoke billowing into the sky. The house appears to be a single-story structure with a white exterior. In the foreground, a firefighter is visible, wearing full gear and holding a hose, trying to extinguish the fire. The firefighter is crouched down and appears to be focused on the task at hand. The surrounding area is not visible due to the smoke and fire.",T2V_data/label/vidgen_filter_gemini_part_0_dpo_7/eovBDOc9IOo-Scene-0129/entity_20.mp4,T2V_data/label/vidgen_filter_gemini_part_0_dpo_7/eovBDOc9IOo-Scene-0129/aug_entity_20.png
T2V_data/VIDGEN-1M_unzip/ew12gC8OzAU-Scene-0092.mp4,"In the video, a person is seen holding a black box with a red stripe on it. The person's hand is visible, and they are using it to push the box open. The box appears to be made of a hard material, and the person is applying pressure to open it. The background is not clearly visible, but it seems to be an indoor setting. The person's actions suggest that they are trying to open the box, possibly to retrieve something inside. The video does not provide any additional context or information about the contents of the box or the person's intentions.",T2V_data/label/vidgen_filter_gemini_part_0_dpo_7/ew12gC8OzAU-Scene-0092/entity_20.mp4,T2V_data/label/vidgen_filter_gemini_part_0_dpo_7/ew12gC8OzAU-Scene-0092/aug_entity_20.png
T2V_data/VIDGEN-1M_unzip/fMAAshZB_6I-Scene-0066.mp4,"In the video, a person is seen holding a bowl of octopus. The person is using their hands to clean the octopus by rubbing it against the bowl. The octopus is dark purple in color and has a suction cup texture. The person's hands are visible, and they are wearing a black long-sleeved shirt. The bowl is made of glass and is placed on a kitchen counter. The background shows a sink and various kitchen items. The person continues to clean the octopus by rubbing it against the bowl.",T2V_data/label/vidgen_filter_gemini_part_0_dpo_7/fMAAshZB_6I-Scene-0066/entity_60.mp4,T2V_data/label/vidgen_filter_gemini_part_0_dpo_7/fMAAshZB_6I-Scene-0066/aug_entity_60.png
T2V_data/VIDGEN-1M_unzip/fORe3gMzSyY-Scene-0074.mp4,"The video shows a black truck driving through a river. The truck is moving slowly and carefully through the water, which reaches up to the bottom of the truck. The surrounding area is lush and green, with tall grass and trees visible in the background. The sky is overcast, and the water appears to be moving at a moderate pace. The truck seems to be a sturdy, off-road vehicle, capable of handling the challenging terrain.",T2V_data/label/vidgen_filter_gemini_part_0_dpo_7/fORe3gMzSyY-Scene-0074/entity_20.mp4,T2V_data/label/vidgen_filter_gemini_part_0_dpo_7/fORe3gMzSyY-Scene-0074/aug_entity_20.png
T2V_data/VIDGEN-1M_unzip/fORe3gMzSyY-Scene-0074.mp4,"The video shows a black truck driving through a river. The truck is moving slowly and carefully through the water, which reaches up to the bottom of the truck. The surrounding area is lush and green, with tall grass and trees visible in the background. The sky is overcast, and the water appears to be moving at a moderate pace. The truck seems to be a sturdy, off-road vehicle, capable of handling the challenging terrain.",T2V_data/label/vidgen_filter_gemini_part_0_dpo_7/fORe3gMzSyY-Scene-0074/entity_40.mp4,T2V_data/label/vidgen_filter_gemini_part_0_dpo_7/fORe3gMzSyY-Scene-0074/aug_entity_40.png
T2V_data/VIDGEN-1M_unzip/fdTi2Mfq6zY-Scene-0008.mp4,The video shows a group of soccer players on a field. They are wearing black and yellow uniforms and are engaged in a warm-up exercise. One player is seen kicking a soccer ball while the others are moving around the field. The players appear to be focused and ready for a game.,T2V_data/label/vidgen_filter_gemini_part_0_dpo_7/fdTi2Mfq6zY-Scene-0008/entity_20.mp4,T2V_data/label/vidgen_filter_gemini_part_0_dpo_7/fdTi2Mfq6zY-Scene-0008/aug_entity_20.png
T2V_data/VIDGEN-1M_unzip/g3dtPLivauU-Scene-0114.mp4,"The video shows a person cooking a dish in a wok. The dish appears to be a stir-fry with noodles, vegetables, and possibly some type of protein. The person is using a large spoon to stir and mix the ingredients. The wok is on a stovetop, and the person is actively cooking, as evidenced by the movement of the spoon and the steam rising from the wok. The colors in the dish are vibrant, with the green of the vegetables contrasting against the brown of the noodles and the wok. The person's movements are quick and precise, indicating experience and skill in cooking.",T2V_data/label/vidgen_filter_gemini_part_0_dpo_7/g3dtPLivauU-Scene-0114/entity_60.mp4,T2V_data/label/vidgen_filter_gemini_part_0_dpo_7/g3dtPLivauU-Scene-0114/aug_entity_60.png
T2V_data/VIDGEN-1M_unzip/g5bfx2djvrA-Scene-0078.mp4,"In the video, a young boy is seen riding a small bicycle inside a house. The bicycle has a colorful frame and the boy is wearing a black shirt and gray pants. He is riding the bicycle in circles and seems to be enjoying himself. The house has a wooden floor and there is a black table in the background. The boy's movements are smooth and he appears to be comfortable on the bicycle.",T2V_data/label/vidgen_filter_gemini_part_0_dpo_7/g5bfx2djvrA-Scene-0078/entity_40.mp4,T2V_data/label/vidgen_filter_gemini_part_0_dpo_7/g5bfx2djvrA-Scene-0078/aug_entity_40.png
T2V_data/VIDGEN-1M_unzip/giQbbmPX_-U-Scene-0019.mp4,"In the video, a person is seen holding a metal object in their hands. They are using a tool to remove a spring from the object. The person's hands are dirty, suggesting they have been working with machinery or tools for some time. The background is blurred, but it appears to be a workshop or garage setting, with various tools and equipment visible. The person's actions are deliberate and precise, indicating a level of expertise or familiarity with the task at hand. The metal object appears to be a part of a larger machine or tool, and the spring is likely a component that needs to be replaced or adjusted. The video does not contain any audio, so the viewer is left to focus solely on the visual elements.",T2V_data/label/vidgen_filter_gemini_part_0_dpo_7/giQbbmPX_-U-Scene-0019/entity_20.mp4,T2V_data/label/vidgen_filter_gemini_part_0_dpo_7/giQbbmPX_-U-Scene-0019/aug_entity_20.png
T2V_data/VIDGEN-1M_unzip/giQbbmPX_-U-Scene-0019.mp4,"In the video, a person is seen holding a metal object in their hands. They are using a tool to remove a spring from the object. The person's hands are dirty, suggesting they have been working with machinery or tools for some time. The background is blurred, but it appears to be a workshop or garage setting, with various tools and equipment visible. The person's actions are deliberate and precise, indicating a level of expertise or familiarity with the task at hand. The metal object appears to be a part of a larger machine or tool, and the spring is likely a component that needs to be replaced or adjusted. The video does not contain any audio, so the viewer is left to focus solely on the visual elements.",T2V_data/label/vidgen_filter_gemini_part_0_dpo_7/giQbbmPX_-U-Scene-0019/entity_40.mp4,T2V_data/label/vidgen_filter_gemini_part_0_dpo_7/giQbbmPX_-U-Scene-0019/aug_entity_40.png
T2V_data/VIDGEN-1M_unzip/gstyp2ZgZ1s-Scene-0120.mp4,The video shows a close-up of a pot on a stove with a red sauce inside. A person is using a blue spatula to stir the sauce. The person then pours the sauce into a strainer and shakes it to remove any chunks. The sauce is then poured back into the pot.,T2V_data/label/vidgen_filter_gemini_part_0_dpo_7/gstyp2ZgZ1s-Scene-0120/entity_40.mp4,T2V_data/label/vidgen_filter_gemini_part_0_dpo_7/gstyp2ZgZ1s-Scene-0120/aug_entity_40.png
T2V_data/VIDGEN-1M_unzip/gsuzx3d-F8M-Scene-0015.mp4,"The video is a clip from a movie where two men are fighting in a gladiator ring. The man on the left is wearing a helmet and holding a shield, while the man on the right is shirtless and holding a sword. The man on the right jumps onto the shield of the man on the left and swings his sword down on his head. The man on the left falls to the ground, and the man on the right stands victorious. The crowd in the background is cheering and clapping.",T2V_data/label/vidgen_filter_gemini_part_0_dpo_7/gsuzx3d-F8M-Scene-0015/entity_20.mp4,T2V_data/label/vidgen_filter_gemini_part_0_dpo_7/gsuzx3d-F8M-Scene-0015/aug_entity_20.png
T2V_data/VIDGEN-1M_unzip/h8ff9SirTfs-Scene-0448.mp4,"In the video, a man is seen sweeping the floor with a broom. He is wearing a white apron with paint splatters on it. A monkey is also present in the room, and it is holding a bowl. The man is sweeping the floor, and the monkey is watching him. Suddenly, the monkey throws the bowl on the floor, and the man looks surprised. The monkey then runs away, and the man looks confused. The room has a red door, a white refrigerator, and a green wall. The floor is wooden, and there are some paint splatters on it.",T2V_data/label/vidgen_filter_gemini_part_0_dpo_7/h8ff9SirTfs-Scene-0448/entity_20.mp4,T2V_data/label/vidgen_filter_gemini_part_0_dpo_7/h8ff9SirTfs-Scene-0448/aug_entity_20.png
T2V_data/VIDGEN-1M_unzip/h8ff9SirTfs-Scene-0448.mp4,"In the video, a man is seen sweeping the floor with a broom. He is wearing a white apron with paint splatters on it. A monkey is also present in the room, and it is holding a bowl. The man is sweeping the floor, and the monkey is watching him. Suddenly, the monkey throws the bowl on the floor, and the man looks surprised. The monkey then runs away, and the man looks confused. The room has a red door, a white refrigerator, and a green wall. The floor is wooden, and there are some paint splatters on it.",T2V_data/label/vidgen_filter_gemini_part_0_dpo_7/h8ff9SirTfs-Scene-0448/entity_80.mp4,T2V_data/label/vidgen_filter_gemini_part_0_dpo_7/h8ff9SirTfs-Scene-0448/aug_entity_80.png
T2V_data/VIDGEN-1M_unzip/hGfjX1fWMP4-Scene-0022.mp4,"The video shows a close-up of a person's hand, covered in a blue glove, holding a scalpel and cutting through a piece of meat. The meat appears to be red and raw, and the person is cutting it into smaller pieces. The background is not visible, and the focus is solely on the cutting action.",T2V_data/label/vidgen_filter_gemini_part_0_dpo_7/hGfjX1fWMP4-Scene-0022/entity_40.mp4,T2V_data/label/vidgen_filter_gemini_part_0_dpo_7/hGfjX1fWMP4-Scene-0022/aug_entity_40.png
T2V_data/VIDGEN-1M_unzip/himsm4qSnkk-Scene-0102.mp4,"In the video, there are two young boys playing with a toy boxing set on a wooden deck. The boy in the foreground is wearing a black shirt and blue shorts, and he is holding a blue plastic glove. He is standing on a green and purple boxing bag with a cartoon character on it. The other boy, wearing a yellow shirt and blue shorts, is standing in the background. The boy in the foreground is swinging his blue glove at the boxing bag, while the other boy is watching. The deck is surrounded by a white railing, and there is a window with white blinds in the background.",T2V_data/label/vidgen_filter_gemini_part_0_dpo_7/himsm4qSnkk-Scene-0102/entity_40.mp4,T2V_data/label/vidgen_filter_gemini_part_0_dpo_7/himsm4qSnkk-Scene-0102/aug_entity_40.png
T2V_data/VIDGEN-1M_unzip/hqbccymFkQc-Scene-0041.mp4,"In the video, a person is seen riding a dirt bike over a large pile of dirt. The rider is wearing a blue shirt and a helmet. The bike is blue and white. The rider approaches the pile of dirt, lifts the front wheel of the bike, and jumps over the pile. The rider then lands on the other side of the pile and continues riding. The background consists of trees and a cloudy sky.",T2V_data/label/vidgen_filter_gemini_part_0_dpo_7/hqbccymFkQc-Scene-0041/entity_40.mp4,T2V_data/label/vidgen_filter_gemini_part_0_dpo_7/hqbccymFkQc-Scene-0041/aug_entity_40.png
T2V_data/VIDGEN-1M_unzip/inSkNVhSzuc-Scene-0020.mp4,"In the video, a man is seen bending over backwards with his hands on the floor. Another man is standing behind him, holding his waist and guiding him through the stretch. The man doing the stretch is wearing an orange shirt and black pants, while the man assisting him is wearing a purple shirt and black pants. The setting appears to be a room with a wooden floor and a door in the background. The man doing the stretch is slowly bending further back, with the assistance of the other man.",T2V_data/label/vidgen_filter_gemini_part_0_dpo_7/inSkNVhSzuc-Scene-0020/entity_20.mp4,T2V_data/label/vidgen_filter_gemini_part_0_dpo_7/inSkNVhSzuc-Scene-0020/aug_entity_20.png
T2V_data/VIDGEN-1M_unzip/j176cyhsi8I-Scene-0049.mp4,"In the video, a person is seen mixing soil in a blue container. The person is wearing blue gloves and has a tattoo on their arm. They are using their hands to mix the soil, and at one point, they pick up a clump of soil and squeeze it. The soil appears to be dark brown in color, and the container is large enough to hold a significant amount of soil.",T2V_data/label/vidgen_filter_gemini_part_0_dpo_7/j176cyhsi8I-Scene-0049/entity_20.mp4,T2V_data/label/vidgen_filter_gemini_part_0_dpo_7/j176cyhsi8I-Scene-0049/aug_entity_20.png
T2V_data/VIDGEN-1M_unzip/jfkhhHEdqWg-Scene-0040.mp4,"In the video, a man is seen standing in a gym. He is wearing a gray tank top and black shorts. The man is holding a pair of dumbbells in his hands and is demonstrating how to do a proper push-up. He starts by standing up straight and then bends his knees slightly. He then places his hands on the floor and pushes his body up until his chest is close to the floor. He holds this position for a moment before slowly lowering his body back down to the starting position. The man repeats this motion several times, showcasing the proper form for doing push-ups.",T2V_data/label/vidgen_filter_gemini_part_0_dpo_7/jfkhhHEdqWg-Scene-0040/entity_20.mp4,T2V_data/label/vidgen_filter_gemini_part_0_dpo_7/jfkhhHEdqWg-Scene-0040/aug_entity_20.png
T2V_data/VIDGEN-1M_unzip/jj5CsMOCFkw-Scene-0018.mp4,"The video features a purple toy train with a face on the front. The train is being pushed by a person's hand on a concrete surface. The train has a smiling face and the word ""Culdee"" written on the side. The person's hand is visible in the video, pushing the train forward.",T2V_data/label/vidgen_filter_gemini_part_0_dpo_7/jj5CsMOCFkw-Scene-0018/entity_20.mp4,T2V_data/label/vidgen_filter_gemini_part_0_dpo_7/jj5CsMOCFkw-Scene-0018/aug_entity_20.png
T2V_data/VIDGEN-1M_unzip/k3W3k7agiDo-Scene-0087.mp4,"In the video, a person is seen holding a white, cylindrical object with a string attached to it. The person is wearing a green nail polish on their fingers. The white object appears to be made of a porous material, possibly a piece of wood or a similar material. The string is tied around the object, and the person is pulling it to demonstrate its flexibility. The background is a white surface with a patterned texture.",T2V_data/label/vidgen_filter_gemini_part_0_dpo_7/k3W3k7agiDo-Scene-0087/entity_60.mp4,T2V_data/label/vidgen_filter_gemini_part_0_dpo_7/k3W3k7agiDo-Scene-0087/aug_entity_60.png
T2V_data/VIDGEN-1M_unzip/kDiOLPsSTKI-Scene-0034.mp4,"In the video, a person is seen planting a green plant in a pot. The person is using their hands to dig a hole in the soil and then carefully places the plant into the hole. They then press down on the soil around the plant to secure it in place. The plant has long green leaves and appears to be healthy. The pot is a standard size and is placed on a flat surface. The soil is dark brown and appears to be moist. The person's hands are visible in the video, and they seem to be wearing a ring on their left hand.",T2V_data/label/vidgen_filter_gemini_part_0_dpo_7/kDiOLPsSTKI-Scene-0034/entity_40.mp4,T2V_data/label/vidgen_filter_gemini_part_0_dpo_7/kDiOLPsSTKI-Scene-0034/aug_entity_40.png
T2V_data/VIDGEN-1M_unzip/kS-HjmSNo9g-Scene-0051.mp4,The video shows a blender with green leaves inside it. The blender is turned on and the leaves are blended into a green liquid.,T2V_data/label/vidgen_filter_gemini_part_0_dpo_7/kS-HjmSNo9g-Scene-0051/entity_20.mp4,T2V_data/label/vidgen_filter_gemini_part_0_dpo_7/kS-HjmSNo9g-Scene-0051/aug_entity_20.png
T2V_data/VIDGEN-1M_unzip/kUqCDxQPPVQ-Scene-0088.mp4,"In the video, a person is seen holding a fish in their hands. The person is using a knife to cut the fish into several pieces. The fish appears to be a medium-sized, silver-colored fish with a shiny, smooth texture. The person is wearing a black long-sleeved shirt and has tattoos on their arms. The background is a kitchen counter with a cutting board and a knife. The person is carefully cutting the fish, making sure to remove the bones and skin. The video is shot in a well-lit room, and the person's movements are precise and deliberate.",T2V_data/label/vidgen_filter_gemini_part_0_dpo_7/kUqCDxQPPVQ-Scene-0088/entity_60.mp4,T2V_data/label/vidgen_filter_gemini_part_0_dpo_7/kUqCDxQPPVQ-Scene-0088/aug_entity_60.png
T2V_data/VIDGEN-1M_unzip/kly6fmFbxhs-Scene-0052.mp4,The video shows a baseball game being played in a stadium. The players are wearing white uniforms with red and blue accents. The stadium is filled with spectators. The gameplay shows a player hitting a pitched ball with a bat. The video also shows a user interface with various options for gameplay.,T2V_data/label/vidgen_filter_gemini_part_0_dpo_7/kly6fmFbxhs-Scene-0052/entity_60.mp4,T2V_data/label/vidgen_filter_gemini_part_0_dpo_7/kly6fmFbxhs-Scene-0052/aug_entity_60.png
T2V_data/VIDGEN-1M_unzip/km9O7ByS9mg-Scene-0131.mp4,"In the video, a person is seen kneading a piece of slime on a table. The slime is primarily green in color, with a shiny gold substance mixed into it. The person's hands are visible, and they are wearing a pink shirt. The slime is being stretched and folded, and the person's fingers are moving quickly. The background is a plain white table, and there are no other objects visible in the video.",T2V_data/label/vidgen_filter_gemini_part_0_dpo_7/km9O7ByS9mg-Scene-0131/entity_60.mp4,T2V_data/label/vidgen_filter_gemini_part_0_dpo_7/km9O7ByS9mg-Scene-0131/aug_entity_60.png
T2V_data/VIDGEN-1M_unzip/ksgy74Frkfw-Scene-0027.mp4,"In the video, a young boy is seen sitting on a slide with a puppy in his lap. The boy is wearing a white tank top and blue pants, and the puppy is white with brown spots. The boy slides down the slide with the puppy in his lap, and they both seem to be enjoying the ride. The slide is green and appears to be made of plastic. The boy and the puppy reach the bottom of the slide, and the boy hugs the puppy tightly. The background shows a grassy area with other slides and playground equipment.",T2V_data/label/vidgen_filter_gemini_part_0_dpo_7/ksgy74Frkfw-Scene-0027/entity_40.mp4,T2V_data/label/vidgen_filter_gemini_part_0_dpo_7/ksgy74Frkfw-Scene-0027/aug_entity_40.png
T2V_data/VIDGEN-1M_unzip/ksgy74Frkfw-Scene-0027.mp4,"In the video, a young boy is seen sitting on a slide with a puppy in his lap. The boy is wearing a white tank top and blue pants, and the puppy is white with brown spots. The boy slides down the slide with the puppy in his lap, and they both seem to be enjoying the ride. The slide is green and appears to be made of plastic. The boy and the puppy reach the bottom of the slide, and the boy hugs the puppy tightly. The background shows a grassy area with other slides and playground equipment.",T2V_data/label/vidgen_filter_gemini_part_0_dpo_7/ksgy74Frkfw-Scene-0027/entity_60.mp4,T2V_data/label/vidgen_filter_gemini_part_0_dpo_7/ksgy74Frkfw-Scene-0027/aug_entity_60.png
T2V_data/VIDGEN-1M_unzip/kuh2XCpeTCg-Scene-0037.mp4,"In the video, a person is seen cutting a fish on a table covered with newspapers. The person is wearing gloves and is using a knife to cut the fish. The fish is large and has a dark-colored body with a white belly. The person is cutting the fish from the head to the tail, making sure to remove all the bones and internal organs. The table is covered with newspapers to prevent any mess from the fish. The person appears to be experienced in cutting fish, as they are doing it with ease and precision. The video is shot from a top-down perspective, allowing the viewer to see the entire process of cutting the fish.",T2V_data/label/vidgen_filter_gemini_part_0_dpo_7/kuh2XCpeTCg-Scene-0037/entity_40.mp4,T2V_data/label/vidgen_filter_gemini_part_0_dpo_7/kuh2XCpeTCg-Scene-0037/aug_entity_40.png
T2V_data/VIDGEN-1M_unzip/lEFWyjKI4Us-Scene-0008.mp4,"In the video, a man is seen standing on a beach, holding a frisbee. He is wearing a floral shirt and sunglasses, and is surrounded by other people and buildings in the background. The man then proceeds to throw the frisbee in the air and catch it again, repeating this action several times. The sky is clear and blue, and the beach is sandy with a few scattered rocks. The man's movements are smooth and controlled, and he appears to be enjoying himself.",T2V_data/label/vidgen_filter_gemini_part_0_dpo_7/lEFWyjKI4Us-Scene-0008/entity_20.mp4,T2V_data/label/vidgen_filter_gemini_part_0_dpo_7/lEFWyjKI4Us-Scene-0008/aug_entity_20.png
T2V_data/VIDGEN-1M_unzip/lSAVv6RbL-s-Scene-0033.mp4,"The video shows a person cracking eggs into a metal bowl. The bowl already contains several egg yolks and whites. The person is using their hands to crack the eggs and separate the yolks from the whites. The background is blurred, but it appears to be a kitchen setting.",T2V_data/label/vidgen_filter_gemini_part_0_dpo_7/lSAVv6RbL-s-Scene-0033/entity_20.mp4,T2V_data/label/vidgen_filter_gemini_part_0_dpo_7/lSAVv6RbL-s-Scene-0033/aug_entity_20.png
T2V_data/VIDGEN-1M_unzip/m5cZJh2njDA-Scene-0043.mp4,"The video shows a person wearing a scuba suit and flippers sitting on a sunken staircase underwater. The person is holding a flashlight in their right hand and appears to be looking around. The staircase is made of concrete and has algae growing on it. The water is clear and there are rocks and plants visible in the background. The person seems to be exploring the area, possibly looking for something or just enjoying the underwater scenery.",T2V_data/label/vidgen_filter_gemini_part_0_dpo_7/m5cZJh2njDA-Scene-0043/entity_40.mp4,T2V_data/label/vidgen_filter_gemini_part_0_dpo_7/m5cZJh2njDA-Scene-0043/aug_entity_40.png
T2V_data/VIDGEN-1M_unzip/mBpJaqGZ47s-Scene-0015.mp4,"In the video, a person is seen rolling out dough on a wooden board. The person uses a rolling pin to flatten the dough and then rolls it into a thin sheet. The board is covered with flour to prevent the dough from sticking. The person's hands are visible, and they are wearing a brown sweater. The background is a white kitchen counter with a few kitchen items visible.",T2V_data/label/vidgen_filter_gemini_part_0_dpo_7/mBpJaqGZ47s-Scene-0015/entity_40.mp4,T2V_data/label/vidgen_filter_gemini_part_0_dpo_7/mBpJaqGZ47s-Scene-0015/aug_entity_40.png
T2V_data/VIDGEN-1M_unzip/mUalezc9Fvc-Scene-0004.mp4,"The video shows a basketball game in progress. The players are wearing white and black uniforms. The player in the white uniform is dribbling the ball and is being closely guarded by a player in a black uniform. The player in the white uniform makes a move to get past the defender and then takes a shot at the basket. The ball goes in, and the player in the white uniform celebrates by throwing his arms up in the air. The other players on the court are also seen moving around and trying to get into position.",T2V_data/label/vidgen_filter_gemini_part_0_dpo_7/mUalezc9Fvc-Scene-0004/entity_20.mp4,T2V_data/label/vidgen_filter_gemini_part_0_dpo_7/mUalezc9Fvc-Scene-0004/aug_entity_20.png
T2V_data/VIDGEN-1M_unzip/mdVTrcBiJ1k-Scene-0040.mp4,"The video shows a cat playing with a toy mouse. The cat is seen batting at the toy with its paws and biting it. The toy mouse is attached to a string and is hanging from the ceiling. The cat appears to be enjoying the game and is focused on the toy. The room is well-lit, and the cat's fur is a light brown color. The toy mouse is white with pink ears and a pink nose. The cat's movements are quick and agile as it tries to catch the toy.",T2V_data/label/vidgen_filter_gemini_part_0_dpo_7/mdVTrcBiJ1k-Scene-0040/entity_20.mp4,T2V_data/label/vidgen_filter_gemini_part_0_dpo_7/mdVTrcBiJ1k-Scene-0040/aug_entity_20.png
T2V_data/VIDGEN-1M_unzip/nMwk_s1I8k0-Scene-0052.mp4,"In the video, a baseball player wearing a blue uniform is seen sliding into a base, while another player in a white uniform attempts to tag him out. The player in blue manages to touch the base before the player in white can tag him, resulting in a successful play. The players are on a baseball field with a dirt infield and grass outfield. The video is shot from a side angle, capturing the action as it unfolds.",T2V_data/label/vidgen_filter_gemini_part_0_dpo_7/nMwk_s1I8k0-Scene-0052/entity_20.mp4,T2V_data/label/vidgen_filter_gemini_part_0_dpo_7/nMwk_s1I8k0-Scene-0052/aug_entity_20.png
T2V_data/VIDGEN-1M_unzip/nMwk_s1I8k0-Scene-0052.mp4,"In the video, a baseball player wearing a blue uniform is seen sliding into a base, while another player in a white uniform attempts to tag him out. The player in blue manages to touch the base before the player in white can tag him, resulting in a successful play. The players are on a baseball field with a dirt infield and grass outfield. The video is shot from a side angle, capturing the action as it unfolds.",T2V_data/label/vidgen_filter_gemini_part_0_dpo_7/nMwk_s1I8k0-Scene-0052/entity_60.mp4,T2V_data/label/vidgen_filter_gemini_part_0_dpo_7/nMwk_s1I8k0-Scene-0052/aug_entity_60.png
T2V_data/VIDGEN-1M_unzip/nVShttg0Ouk-Scene-0044.mp4,"The video shows a yellow skid steer loader with black wheels and a black protective cage. The loader is moving forward and pushing a large pile of dirt. The sky is clear and blue, and the ground is covered with dry grass. The loader has a green light on top and the words ""CAT"" and ""242D"" are visible on its side.",T2V_data/label/vidgen_filter_gemini_part_0_dpo_7/nVShttg0Ouk-Scene-0044/entity_20.mp4,T2V_data/label/vidgen_filter_gemini_part_0_dpo_7/nVShttg0Ouk-Scene-0044/aug_entity_20.png
T2V_data/VIDGEN-1M_unzip/nVShttg0Ouk-Scene-0044.mp4,"The video shows a yellow skid steer loader with black wheels and a black protective cage. The loader is moving forward and pushing a large pile of dirt. The sky is clear and blue, and the ground is covered with dry grass. The loader has a green light on top and the words ""CAT"" and ""242D"" are visible on its side.",T2V_data/label/vidgen_filter_gemini_part_0_dpo_7/nVShttg0Ouk-Scene-0044/entity_40.mp4,T2V_data/label/vidgen_filter_gemini_part_0_dpo_7/nVShttg0Ouk-Scene-0044/aug_entity_40.png
T2V_data/VIDGEN-1M_unzip/o2s1S_GYFC0-Scene-0028.mp4,"In the video, a man wearing a yellow shirt and a black helmet is seen standing next to a black bike. He is holding the bike with one hand and appears to be speaking to the camera. The man then proceeds to lift the front wheel of the bike off the ground and begins to spin the wheel. He continues to spin the wheel while maintaining his balance and control over the bike. The man's movements are smooth and controlled, indicating that he is experienced with handling the bike. The background of the video is a wooden floor, and there is a ramp visible in the background. The lighting in the video is bright, and the colors are vivid.",T2V_data/label/vidgen_filter_gemini_part_0_dpo_7/o2s1S_GYFC0-Scene-0028/entity_20.mp4,T2V_data/label/vidgen_filter_gemini_part_0_dpo_7/o2s1S_GYFC0-Scene-0028/aug_entity_20.png
T2V_data/VIDGEN-1M_unzip/o2s1S_GYFC0-Scene-0028.mp4,"In the video, a man wearing a yellow shirt and a black helmet is seen standing next to a black bike. He is holding the bike with one hand and appears to be speaking to the camera. The man then proceeds to lift the front wheel of the bike off the ground and begins to spin the wheel. He continues to spin the wheel while maintaining his balance and control over the bike. The man's movements are smooth and controlled, indicating that he is experienced with handling the bike. The background of the video is a wooden floor, and there is a ramp visible in the background. The lighting in the video is bright, and the colors are vivid.",T2V_data/label/vidgen_filter_gemini_part_0_dpo_7/o2s1S_GYFC0-Scene-0028/entity_40.mp4,T2V_data/label/vidgen_filter_gemini_part_0_dpo_7/o2s1S_GYFC0-Scene-0028/aug_entity_40.png
T2V_data/VIDGEN-1M_unzip/oUPSHqeZ_II-Scene-0050.mp4,"The video shows a person's hand touching a large rock formation. The rock is yellowish-brown in color and has a rough texture. The person's hand is moving along the surface of the rock, touching different parts of it. The background consists of a desert landscape with sand and other rock formations.",T2V_data/label/vidgen_filter_gemini_part_0_dpo_7/oUPSHqeZ_II-Scene-0050/entity_60.mp4,T2V_data/label/vidgen_filter_gemini_part_0_dpo_7/oUPSHqeZ_II-Scene-0050/aug_entity_60.png
T2V_data/VIDGEN-1M_unzip/oiLY0Se_I24-Scene-0070.mp4,"The video shows a woman in a yellow uniform running with a rugby ball. She is wearing a yellow shirt, yellow shorts, and yellow socks with blue shoes. The woman is running on a grassy field, and there are other players in the background. The rugby ball is white with red and black stripes. The woman is running with the ball, and there are other players in the background who are also running.",T2V_data/label/vidgen_filter_gemini_part_0_dpo_7/oiLY0Se_I24-Scene-0070/entity_20.mp4,T2V_data/label/vidgen_filter_gemini_part_0_dpo_7/oiLY0Se_I24-Scene-0070/aug_entity_20.png
T2V_data/VIDGEN-1M_unzip/qg5YPGOTobw-Scene-0014.mp4,"In the video, a man is seen standing in front of a plate of food. He is wearing a gray shirt and glasses and is holding a bottle of oil in his hand. He proceeds to pour the oil onto the food on the plate. The man appears to be demonstrating how to cook or season the food using the oil. The background of the video is a kitchen with a window and a counter. The man's movements are deliberate and focused on the food in front of him. The video is shot in a well-lit room, and the man's actions are clear and easy to follow.",T2V_data/label/vidgen_filter_gemini_part_0_dpo_7/qg5YPGOTobw-Scene-0014/entity_20.mp4,T2V_data/label/vidgen_filter_gemini_part_0_dpo_7/qg5YPGOTobw-Scene-0014/aug_entity_20.png
T2V_data/VIDGEN-1M_unzip/s-M05Qc7FV0-Scene-0140.mp4,The video shows a baseball game being played in a stadium. The batter hits the ball and starts running towards first base. The catcher and the umpire are also visible in the frame. The stadium is filled with spectators and the atmosphere is lively. The players are wearing their respective team uniforms and the field is well-maintained with green grass and brown dirt. The sky is overcast and the stadium lights are on.,T2V_data/label/vidgen_filter_gemini_part_0_dpo_7/s-M05Qc7FV0-Scene-0140/entity_20.mp4,T2V_data/label/vidgen_filter_gemini_part_0_dpo_7/s-M05Qc7FV0-Scene-0140/aug_entity_20.png
T2V_data/VIDGEN-1M_unzip/s-M05Qc7FV0-Scene-0140.mp4,The video shows a baseball game being played in a stadium. The batter hits the ball and starts running towards first base. The catcher and the umpire are also visible in the frame. The stadium is filled with spectators and the atmosphere is lively. The players are wearing their respective team uniforms and the field is well-maintained with green grass and brown dirt. The sky is overcast and the stadium lights are on.,T2V_data/label/vidgen_filter_gemini_part_0_dpo_7/s-M05Qc7FV0-Scene-0140/entity_60.mp4,T2V_data/label/vidgen_filter_gemini_part_0_dpo_7/s-M05Qc7FV0-Scene-0140/aug_entity_60.png
T2V_data/VIDGEN-1M_unzip/scKLvNs0gso-Scene-0003.mp4,"The video shows a woman in a pink tank top and black shorts doing a series of exercises on a blue yoga mat. She starts by lying on her back and lifting her legs up and down, then she sits up and continues to lift her legs. The woman appears to be in a room with a white wall in the background.",T2V_data/label/vidgen_filter_gemini_part_0_dpo_7/scKLvNs0gso-Scene-0003/entity_60.mp4,T2V_data/label/vidgen_filter_gemini_part_0_dpo_7/scKLvNs0gso-Scene-0003/aug_entity_60.png
T2V_data/VIDGEN-1M_unzip/seEEFEaCzuQ-Scene-0009.mp4,"In the video, a man is standing in a kitchen and talking to the camera. He is wearing a white jersey with the number 56 on it. The man is holding a carton of eggs in one hand and a fire extinguisher in the other hand. He picks up an egg and cracks it open, letting the contents fall into a glass. The kitchen has a stove and a microwave in the background.",T2V_data/label/vidgen_filter_gemini_part_0_dpo_7/seEEFEaCzuQ-Scene-0009/entity_20.mp4,T2V_data/label/vidgen_filter_gemini_part_0_dpo_7/seEEFEaCzuQ-Scene-0009/aug_entity_20.png
T2V_data/VIDGEN-1M_unzip/t49tLJgZqFI-Scene-0001.mp4,"In the video, a green car is seen drifting around a track. The car is producing a lot of smoke from its tires as it turns around the track. The car is moving at a high speed and the driver is skillfully maneuvering the vehicle to create a spectacular display of drifting. The track appears to be made of asphalt and is surrounded by grass and trees. The sky is clear and blue, indicating good weather conditions for the drifting activity. The car's design is sleek and sporty, with a low profile and aerodynamic shape. The driver is wearing a helmet for safety and is focused on controlling the car as it drifts around the track. The video captures the excitement and thrill of drifting, showcasing the driver's skill and the car's performance capabilities.",T2V_data/label/vidgen_filter_gemini_part_0_dpo_7/t49tLJgZqFI-Scene-0001/entity_20.mp4,T2V_data/label/vidgen_filter_gemini_part_0_dpo_7/t49tLJgZqFI-Scene-0001/aug_entity_20.png
T2V_data/VIDGEN-1M_unzip/tevAQ60bGSU-Scene-0033.mp4,"The video shows a person's hands holding a black braided cord. The cord is being bent and twisted in various ways to demonstrate its flexibility and durability. The person's hands are visible throughout the video, and the background is a dark color, possibly black. The cord appears to be made of a sturdy material, and the person's movements are deliberate and controlled.",T2V_data/label/vidgen_filter_gemini_part_0_dpo_7/tevAQ60bGSU-Scene-0033/entity_40.mp4,T2V_data/label/vidgen_filter_gemini_part_0_dpo_7/tevAQ60bGSU-Scene-0033/aug_entity_40.png
T2V_data/VIDGEN-1M_unzip/y1UM_sA-i6k-Scene-0034.mp4,"The video shows a white Jeep with a roof rack and a spare tire mounted on the back driving on a rocky trail. The Jeep is driving up a steep incline and the driver is carefully maneuvering the vehicle over the uneven terrain. The surrounding landscape is rocky and barren, with no vegetation in sight. The Jeep appears to be in good condition and is equipped with off-road tires. The driver is wearing a helmet and is focused on navigating the trail.",T2V_data/label/vidgen_filter_gemini_part_0_dpo_7/y1UM_sA-i6k-Scene-0034/entity_20.mp4,T2V_data/label/vidgen_filter_gemini_part_0_dpo_7/y1UM_sA-i6k-Scene-0034/aug_entity_20.png
