video,prompt,vace_video,vace_reference_image
T2V_data/VIDGEN-1M_unzip/--JgH7OLFO8-Scene-0148.mp4,"In the video, a person is seen holding a small alligator in their hand. The alligator is struggling to get away, but the person is holding it firmly. The person then releases the alligator, and it quickly runs away into the water. The video is shot in a dark environment, and the alligator is the only visible object. The person's hand is visible, and they are wearing a watch on their wrist. The alligator is brown and has a rough texture. The water appears to be shallow, and there are some plants visible in the background.",T2V_data/label/vidgen_filter_gemini_part_0_dpo_4/--JgH7OLFO8-Scene-0148/entity_60.mp4,T2V_data/label/vidgen_filter_gemini_part_0_dpo_4/--JgH7OLFO8-Scene-0148/aug_entity_60.png
T2V_data/VIDGEN-1M_unzip/-KPDanntOlU-Scene-0011.mp4,"The video shows a close-up of a sewing machine needle and presser foot as they stitch a blue zipper onto a piece of fabric with a yellow pattern. The needle moves rapidly up and down, piercing the fabric and zipper material, while the presser foot holds the fabric in place. The background is blurred, but the focus is on the sewing action.",T2V_data/label/vidgen_filter_gemini_part_0_dpo_4/-KPDanntOlU-Scene-0011/entity_40.mp4,T2V_data/label/vidgen_filter_gemini_part_0_dpo_4/-KPDanntOlU-Scene-0011/aug_entity_40.png
T2V_data/VIDGEN-1M_unzip/-M_LgNMUdjg-Scene-0020.mp4,"In the video, a woman is standing in a kitchen and she is wearing a white apron. She is holding a piece of dough in her hands and she is kneading it. The woman is speaking to the camera as she kneads the dough. The kitchen has wooden cabinets and a sink in the background. The woman appears to be focused on her task and is demonstrating how to properly knead dough.",T2V_data/label/vidgen_filter_gemini_part_0_dpo_4/-M_LgNMUdjg-Scene-0020/entity_20.mp4,T2V_data/label/vidgen_filter_gemini_part_0_dpo_4/-M_LgNMUdjg-Scene-0020/aug_entity_20.png
T2V_data/VIDGEN-1M_unzip/-O4v_Z0YNu0-Scene-0122.mp4,"The video features a close-up of a person's foot wearing a black shoe. The shoe is covered in a yellow substance that appears to be egg yolk. The person is standing on a wooden floor, and there is a broom in the background. The person is seen stepping on the egg yolk, causing it to spread and stick to the shoe. The video is shot from a low angle, focusing on the shoe and the egg yolk.",T2V_data/label/vidgen_filter_gemini_part_0_dpo_4/-O4v_Z0YNu0-Scene-0122/entity_60.mp4,T2V_data/label/vidgen_filter_gemini_part_0_dpo_4/-O4v_Z0YNu0-Scene-0122/aug_entity_60.png
T2V_data/VIDGEN-1M_unzip/-Xx2ehfBQVM-Scene-0138.mp4,The video shows a car drifting in the dark. The car is surrounded by smoke and the headlights are on. The car is black in color and the smoke is white.,T2V_data/label/vidgen_filter_gemini_part_0_dpo_4/-Xx2ehfBQVM-Scene-0138/entity_20.mp4,T2V_data/label/vidgen_filter_gemini_part_0_dpo_4/-Xx2ehfBQVM-Scene-0138/aug_entity_20.png
T2V_data/VIDGEN-1M_unzip/-cC4tDWzbJI-Scene-0059.mp4,"In the video, a man is seen working in a workshop. He is using a tool to shave off pieces of wood from a larger piece of wood that is clamped down to a workbench. The man is wearing a gray shirt and blue jeans. The workshop is filled with various tools and equipment, including a table saw and a drill. The man is focused on his task, carefully shaving off pieces of wood to create a smooth surface. The lighting in the workshop is bright, and the colors in the video are mostly neutral, with the gray of the man's shirt and the brown of the wood being the most prominent.",T2V_data/label/vidgen_filter_gemini_part_0_dpo_4/-cC4tDWzbJI-Scene-0059/entity_60.mp4,T2V_data/label/vidgen_filter_gemini_part_0_dpo_4/-cC4tDWzbJI-Scene-0059/aug_entity_60.png
T2V_data/VIDGEN-1M_unzip/02TYu73B3jc-Scene-0024.mp4,"The video shows a 3D animation of a space station with a robotic arm. The arm is seen moving and manipulating different objects on the station. The space station is surrounded by the darkness of space. The animation is detailed and realistic, with the robotic arm moving smoothly and the objects on the station being carefully placed.",T2V_data/label/vidgen_filter_gemini_part_0_dpo_4/02TYu73B3jc-Scene-0024/entity_20.mp4,T2V_data/label/vidgen_filter_gemini_part_0_dpo_4/02TYu73B3jc-Scene-0024/aug_entity_20.png
T2V_data/VIDGEN-1M_unzip/0HPAXkHKBYo-Scene-0025.mp4,"The video shows a bull riding event where a man is riding a bull in a stadium. The bull is bucking wildly, and the rider is holding on tightly. The crowd is cheering and watching the event. The rider is wearing a helmet and protective gear. The bull is brown and has horns. The stadium is filled with people, and there are banners and signs in the background.",T2V_data/label/vidgen_filter_gemini_part_0_dpo_4/0HPAXkHKBYo-Scene-0025/entity_40.mp4,T2V_data/label/vidgen_filter_gemini_part_0_dpo_4/0HPAXkHKBYo-Scene-0025/aug_entity_40.png
T2V_data/VIDGEN-1M_unzip/0LiYLP1nP2A-Scene-0026.mp4,The video shows a man climbing an indoor rock wall. He is wearing a grey shirt and black pants. The rock wall has various colored holds and the man is using them to climb. He is seen holding onto an orange hold and then climbing up the wall. The man successfully reaches the top and then climbs back down. He is smiling and appears to be enjoying himself. The indoor climbing gym has other climbers in the background.,T2V_data/label/vidgen_filter_gemini_part_0_dpo_4/0LiYLP1nP2A-Scene-0026/entity_20.mp4,T2V_data/label/vidgen_filter_gemini_part_0_dpo_4/0LiYLP1nP2A-Scene-0026/aug_entity_20.png
T2V_data/VIDGEN-1M_unzip/0MyzdVGQXkg-Scene-0005.mp4,"In the video, a person is seen using a hammer to hit a metal bar that is clamped to a wooden table. The metal bar has a hole in it, and the person is repeatedly hitting it with the hammer. The background is blurred, but it appears to be a workshop or garage. The person's hand is visible, and they are wearing a glove. The hammer is silver and appears to be made of metal. The wooden table is brown and has some visible scratches and stains. The metal bar is dark gray and has a shiny surface. The person's actions are deliberate and focused on the metal bar.",T2V_data/label/vidgen_filter_gemini_part_0_dpo_4/0MyzdVGQXkg-Scene-0005/entity_60.mp4,T2V_data/label/vidgen_filter_gemini_part_0_dpo_4/0MyzdVGQXkg-Scene-0005/aug_entity_60.png
T2V_data/VIDGEN-1M_unzip/0SyLqFuf_SU-Scene-0069.mp4,"The video shows a person holding a circuit board in their hands. The person is using a tool to remove a piece from the circuit board. The circuit board appears to be black in color, and the tool being used is silver. The person is wearing a black shirt with red and blue text on it.",T2V_data/label/vidgen_filter_gemini_part_0_dpo_4/0SyLqFuf_SU-Scene-0069/entity_60.mp4,T2V_data/label/vidgen_filter_gemini_part_0_dpo_4/0SyLqFuf_SU-Scene-0069/aug_entity_60.png
T2V_data/VIDGEN-1M_unzip/0ZoCVX3jBac-Scene-0014.mp4,The video shows a person using a pair of scissors to cut open a white package. The package appears to be made of cardboard and is sealed with tape. The person is wearing a gold necklace and is sitting in front of a brown box. The scissors are silver and have black handles. The person cuts the tape and opens the package to reveal the contents inside.,T2V_data/label/vidgen_filter_gemini_part_0_dpo_4/0ZoCVX3jBac-Scene-0014/entity_20.mp4,T2V_data/label/vidgen_filter_gemini_part_0_dpo_4/0ZoCVX3jBac-Scene-0014/aug_entity_20.png
T2V_data/VIDGEN-1M_unzip/0ZoCVX3jBac-Scene-0014.mp4,The video shows a person using a pair of scissors to cut open a white package. The package appears to be made of cardboard and is sealed with tape. The person is wearing a gold necklace and is sitting in front of a brown box. The scissors are silver and have black handles. The person cuts the tape and opens the package to reveal the contents inside.,T2V_data/label/vidgen_filter_gemini_part_0_dpo_4/0ZoCVX3jBac-Scene-0014/entity_40.mp4,T2V_data/label/vidgen_filter_gemini_part_0_dpo_4/0ZoCVX3jBac-Scene-0014/aug_entity_40.png
T2V_data/VIDGEN-1M_unzip/0jEfGKPzQGU-Scene-0010.mp4,"In the video, a person is seen holding a black toy in their hand. The toy appears to be made of plastic and has a shiny surface. The person is manipulating the toy, twisting and turning it to show different angles. In the background, there are several boxes with images of cartoon characters on them. The person's hand movements suggest that they are demonstrating the toy's features or perhaps explaining how it works. The video does not contain any audio, so it is unclear what the person is saying or the context of the video.",T2V_data/label/vidgen_filter_gemini_part_0_dpo_4/0jEfGKPzQGU-Scene-0010/entity_60.mp4,T2V_data/label/vidgen_filter_gemini_part_0_dpo_4/0jEfGKPzQGU-Scene-0010/aug_entity_60.png
T2V_data/VIDGEN-1M_unzip/0xMy0sb3wPw-Scene-0087.mp4,"In the video, a person is seen holding a fish in a container filled with water. The person is wearing a blue long-sleeved shirt and is standing in front of the container. The fish is dark in color and appears to be alive. The person is holding the fish by its tail and is moving it around in the water. The container appears to be a large white plastic bin. The water in the container is clear, and there are no other objects visible in the video.",T2V_data/label/vidgen_filter_gemini_part_0_dpo_4/0xMy0sb3wPw-Scene-0087/entity_40.mp4,T2V_data/label/vidgen_filter_gemini_part_0_dpo_4/0xMy0sb3wPw-Scene-0087/aug_entity_40.png
T2V_data/VIDGEN-1M_unzip/1-__UPRWxiY-Scene-0136.mp4,"The video shows a tank moving through a field. The tank is painted in a camouflage pattern, with shades of green, brown, and black. It is equipped with a large cannon on top and several smaller guns on the sides. The tank is moving at a steady pace, kicking up dust as it goes. The field appears to be dry and barren, with no visible vegetation. The sky is clear and blue, indicating that the video was likely taken on a sunny day.",T2V_data/label/vidgen_filter_gemini_part_0_dpo_4/1-__UPRWxiY-Scene-0136/entity_20.mp4,T2V_data/label/vidgen_filter_gemini_part_0_dpo_4/1-__UPRWxiY-Scene-0136/aug_entity_20.png
T2V_data/VIDGEN-1M_unzip/10tlnACEhqw-Scene-0115.mp4,"The video shows a close-up of a black surface with a small hole in it. A person's finger is seen poking into the hole, and then the person pulls out a small object from the hole. The object appears to be a small piece of metal or plastic. The person then puts the object back into the hole.",T2V_data/label/vidgen_filter_gemini_part_0_dpo_4/10tlnACEhqw-Scene-0115/entity_20.mp4,T2V_data/label/vidgen_filter_gemini_part_0_dpo_4/10tlnACEhqw-Scene-0115/aug_entity_20.png
T2V_data/VIDGEN-1M_unzip/136tuGk12z4-Scene-0007.mp4,"In the video, a person is seen pouring a white substance, which appears to be salt, into a black pan. The pan is placed on a stove, and the person then pours a dark liquid, which could be oil, into the pan. The person uses a spoon to stir the contents of the pan, mixing the salt and oil together. The video does not show any other objects or actions.",T2V_data/label/vidgen_filter_gemini_part_0_dpo_4/136tuGk12z4-Scene-0007/entity_60.mp4,T2V_data/label/vidgen_filter_gemini_part_0_dpo_4/136tuGk12z4-Scene-0007/aug_entity_60.png
T2V_data/VIDGEN-1M_unzip/1K6G-5P3xo4-Scene-0018.mp4,"In the video, a person is seen mixing a bowl of food. The bowl is made of metal and is placed on a wooden surface. The person is using a fork to mix the contents of the bowl. The food in the bowl appears to be a mixture of chickpeas and some kind of yellow paste or sauce. The person is mixing the contents thoroughly, ensuring that the chickpeas are well-coated with the yellow paste or sauce. The person's hands are visible in the video, and they are wearing a pink shirt. The video is shot from a top-down perspective, and the lighting is bright, making all the details clearly visible.",T2V_data/label/vidgen_filter_gemini_part_0_dpo_4/1K6G-5P3xo4-Scene-0018/entity_20.mp4,T2V_data/label/vidgen_filter_gemini_part_0_dpo_4/1K6G-5P3xo4-Scene-0018/aug_entity_20.png
T2V_data/VIDGEN-1M_unzip/1QB9c33IO9w-Scene-0033.mp4,"In the video, there is a pot on a stove. The pot is filled with water, and a person pours oil into the pot. The person then stirs the pot with a spoon.",T2V_data/label/vidgen_filter_gemini_part_0_dpo_4/1QB9c33IO9w-Scene-0033/entity_20.mp4,T2V_data/label/vidgen_filter_gemini_part_0_dpo_4/1QB9c33IO9w-Scene-0033/aug_entity_20.png
T2V_data/VIDGEN-1M_unzip/1QB9c33IO9w-Scene-0033.mp4,"In the video, there is a pot on a stove. The pot is filled with water, and a person pours oil into the pot. The person then stirs the pot with a spoon.",T2V_data/label/vidgen_filter_gemini_part_0_dpo_4/1QB9c33IO9w-Scene-0033/entity_60.mp4,T2V_data/label/vidgen_filter_gemini_part_0_dpo_4/1QB9c33IO9w-Scene-0033/aug_entity_60.png
T2V_data/VIDGEN-1M_unzip/1YqjahYKV9A-Scene-0003.mp4,"In the video, a man is seen working on a white boat. He is wearing a red shirt and a mask for protection. The man is using a sander to smooth out the surface of the boat. The boat is placed on a stand, and the man is standing on a ladder to reach the top of the boat. The man is focused on his work, and the sander is making a loud noise as it moves across the surface of the boat.",T2V_data/label/vidgen_filter_gemini_part_0_dpo_4/1YqjahYKV9A-Scene-0003/entity_20.mp4,T2V_data/label/vidgen_filter_gemini_part_0_dpo_4/1YqjahYKV9A-Scene-0003/aug_entity_20.png
T2V_data/VIDGEN-1M_unzip/22VKWx0DX-k-Scene-0007.mp4,"In the video, a man is seen using a wrench to tighten a bolt on a piece of equipment. He is wearing a blue shirt and has a watch on his left wrist. The man is holding the wrench with his right hand and using it to turn the bolt clockwise. The equipment appears to be made of metal and has a red handle. The background is blurred, but it seems to be an industrial setting. The man's actions are deliberate and precise, indicating that he is experienced in using the wrench.",T2V_data/label/vidgen_filter_gemini_part_0_dpo_4/22VKWx0DX-k-Scene-0007/entity_40.mp4,T2V_data/label/vidgen_filter_gemini_part_0_dpo_4/22VKWx0DX-k-Scene-0007/aug_entity_40.png
T2V_data/VIDGEN-1M_unzip/272l6207rWA-Scene-0024.mp4,"The video shows a close-up of a person's hands as they use their index finger to swipe on a smartphone screen. The phone is black, and the screen displays a purple and white interface. The person's nails are short and clean, and they are wearing a pink shirt. The background is blurred, but it appears to be an indoor setting.",T2V_data/label/vidgen_filter_gemini_part_0_dpo_4/272l6207rWA-Scene-0024/entity_40.mp4,T2V_data/label/vidgen_filter_gemini_part_0_dpo_4/272l6207rWA-Scene-0024/aug_entity_40.png
T2V_data/VIDGEN-1M_unzip/27zJ9hvd2is-Scene-0028.mp4,"In the video, a black bear is seen standing on top of a blue barrel in a forest. The bear then jumps off the barrel and walks away. The bear is black in color and appears to be alone in the forest. The barrel is blue and is lying on the ground. The forest is lush with green trees and foliage. The bear seems to be in a playful mood as it jumps off the barrel.",T2V_data/label/vidgen_filter_gemini_part_0_dpo_4/27zJ9hvd2is-Scene-0028/entity_20.mp4,T2V_data/label/vidgen_filter_gemini_part_0_dpo_4/27zJ9hvd2is-Scene-0028/aug_entity_20.png
T2V_data/VIDGEN-1M_unzip/27zJ9hvd2is-Scene-0028.mp4,"In the video, a black bear is seen standing on top of a blue barrel in a forest. The bear then jumps off the barrel and walks away. The bear is black in color and appears to be alone in the forest. The barrel is blue and is lying on the ground. The forest is lush with green trees and foliage. The bear seems to be in a playful mood as it jumps off the barrel.",T2V_data/label/vidgen_filter_gemini_part_0_dpo_4/27zJ9hvd2is-Scene-0028/entity_40.mp4,T2V_data/label/vidgen_filter_gemini_part_0_dpo_4/27zJ9hvd2is-Scene-0028/aug_entity_40.png
T2V_data/VIDGEN-1M_unzip/2J9dOxTS49E-Scene-0005.mp4,The video shows a group of people riding motorcycles down a street. One of the riders is wearing a white helmet and is riding a motorcycle with a black and white design. The other riders are wearing helmets and are riding their motorcycles. The street is lined with trees and there are cars parked on the side of the road. The riders are moving at a moderate speed and are following each other closely.,T2V_data/label/vidgen_filter_gemini_part_0_dpo_4/2J9dOxTS49E-Scene-0005/entity_40.mp4,T2V_data/label/vidgen_filter_gemini_part_0_dpo_4/2J9dOxTS49E-Scene-0005/aug_entity_40.png
T2V_data/VIDGEN-1M_unzip/2t1wDhllvjc-Scene-0041.mp4,The video shows a pot of red sauce with chunks of meat in it. A person's hand is seen adding a can of beer to the pot.,T2V_data/label/vidgen_filter_gemini_part_0_dpo_4/2t1wDhllvjc-Scene-0041/entity_60.mp4,T2V_data/label/vidgen_filter_gemini_part_0_dpo_4/2t1wDhllvjc-Scene-0041/aug_entity_60.png
T2V_data/VIDGEN-1M_unzip/3O0VfD0lTuM-Scene-0091.mp4,"In the video, a man is seen lifting weights in a gym. He is wearing a white tank top and white shorts. The man is holding a barbell with weights on both ends and is performing a series of lifts. He lifts the barbell up to his chest and then over his head before bringing it back down. The gym is filled with various exercise equipment and other people can be seen working out in the background. The man appears to be focused on his workout and is exerting effort as he lifts the weights.",T2V_data/label/vidgen_filter_gemini_part_0_dpo_4/3O0VfD0lTuM-Scene-0091/entity_20.mp4,T2V_data/label/vidgen_filter_gemini_part_0_dpo_4/3O0VfD0lTuM-Scene-0091/aug_entity_20.png
T2V_data/VIDGEN-1M_unzip/3UUhkQ77mK0-Scene-0001.mp4,"The video shows a rocket being launched into space. The rocket is white and has the word ""USA"" written on it. The launch is shown from a low angle, looking up at the rocket as it ascends. The sky is clear and blue, and the rocket is surrounded by a bright light as it takes off.",T2V_data/label/vidgen_filter_gemini_part_0_dpo_4/3UUhkQ77mK0-Scene-0001/entity_20.mp4,T2V_data/label/vidgen_filter_gemini_part_0_dpo_4/3UUhkQ77mK0-Scene-0001/aug_entity_20.png
T2V_data/VIDGEN-1M_unzip/3lxFro11e7I-Scene-0003.mp4,"The video shows a person's hands submerged in a sink filled with water and green beans. The person is moving their hands around in the water, possibly washing the beans. The sink is made of stainless steel and has a faucet on the right side. The green beans are floating on the surface of the water and appear to be fresh. The person's hands are wet and are moving in a circular motion.",T2V_data/label/vidgen_filter_gemini_part_0_dpo_4/3lxFro11e7I-Scene-0003/entity_40.mp4,T2V_data/label/vidgen_filter_gemini_part_0_dpo_4/3lxFro11e7I-Scene-0003/aug_entity_40.png
T2V_data/VIDGEN-1M_unzip/3oOF7z6rnEU-Scene-0007.mp4,"The video shows a boxing match between two men in a ring. One of the men is wearing white shorts and the other is wearing black shorts. The man in white shorts is seen throwing punches at his opponent, who is defending himself. The crowd can be heard cheering in the background. The video also includes a smaller screen in the corner that shows a man talking on the phone. The video ends with the man in white shorts walking away from the ring.",T2V_data/label/vidgen_filter_gemini_part_0_dpo_4/3oOF7z6rnEU-Scene-0007/entity_40.mp4,T2V_data/label/vidgen_filter_gemini_part_0_dpo_4/3oOF7z6rnEU-Scene-0007/aug_entity_40.png
T2V_data/VIDGEN-1M_unzip/3qqTgmdbfCg-Scene-0031.mp4,"In the video, a man is seen hammering nails into a wooden frame. The man is wearing a gray shirt and black shoes. He is holding a hammer in his right hand and a nail in his left hand. The wooden frame is made of light-colored wood and is placed on a brick surface. The man is using a hammer to drive the nails into the wood. The video is shot from a low angle, focusing on the man's hands and the wooden frame.",T2V_data/label/vidgen_filter_gemini_part_0_dpo_4/3qqTgmdbfCg-Scene-0031/entity_60.mp4,T2V_data/label/vidgen_filter_gemini_part_0_dpo_4/3qqTgmdbfCg-Scene-0031/aug_entity_60.png
T2V_data/VIDGEN-1M_unzip/4BkOimKelng-Scene-0004.mp4,"The video shows a person's hands mixing a white powder in a bowl with a spoon. The person then pours a liquid from a green cup into the bowl and mixes it in. The person's nails are painted black, and they are wearing a yellow sleeve.",T2V_data/label/vidgen_filter_gemini_part_0_dpo_4/4BkOimKelng-Scene-0004/entity_60.mp4,T2V_data/label/vidgen_filter_gemini_part_0_dpo_4/4BkOimKelng-Scene-0004/aug_entity_60.png
T2V_data/VIDGEN-1M_unzip/4Blx2RUUYmY-Scene-0007.mp4,"The video shows a person wearing purple gloves cutting the leaves off of a plant. The person is using a pair of scissors to cut the leaves off of the plant. The plant is in a wheelbarrow, and there are other plants in the wheelbarrow as well. The person is cutting the leaves off of the plant with care and precision.",T2V_data/label/vidgen_filter_gemini_part_0_dpo_4/4Blx2RUUYmY-Scene-0007/entity_60.mp4,T2V_data/label/vidgen_filter_gemini_part_0_dpo_4/4Blx2RUUYmY-Scene-0007/aug_entity_60.png
T2V_data/VIDGEN-1M_unzip/4Q-w4Sf_q9U-Scene-0083.mp4,"The video shows a close-up of a pot on a stove. A person is stirring the contents of the pot with a wooden spoon. The pot appears to be filled with a liquid that is bubbling and boiling. The person's hand is visible, and they are using the spoon to stir the liquid in a circular motion. The background is not visible, but the focus is on the pot and the stirring action.",T2V_data/label/vidgen_filter_gemini_part_0_dpo_4/4Q-w4Sf_q9U-Scene-0083/entity_40.mp4,T2V_data/label/vidgen_filter_gemini_part_0_dpo_4/4Q-w4Sf_q9U-Scene-0083/aug_entity_40.png
T2V_data/VIDGEN-1M_unzip/4nkdl1iqKQA-Scene-0025.mp4,"The video features a man using a drill to create holes in a wooden box. The drill is mounted on a stand, and the man is seen adjusting the drill bit and positioning the box underneath it. The video is shot in a workshop setting, and the man is wearing a white shirt. The wooden box is light brown, and the drill is blue and black. The video is shot from a side angle, and the man is focused on his task.",T2V_data/label/vidgen_filter_gemini_part_0_dpo_4/4nkdl1iqKQA-Scene-0025/entity_40.mp4,T2V_data/label/vidgen_filter_gemini_part_0_dpo_4/4nkdl1iqKQA-Scene-0025/aug_entity_40.png
T2V_data/VIDGEN-1M_unzip/4nkdl1iqKQA-Scene-0025.mp4,"The video features a man using a drill to create holes in a wooden box. The drill is mounted on a stand, and the man is seen adjusting the drill bit and positioning the box underneath it. The video is shot in a workshop setting, and the man is wearing a white shirt. The wooden box is light brown, and the drill is blue and black. The video is shot from a side angle, and the man is focused on his task.",T2V_data/label/vidgen_filter_gemini_part_0_dpo_4/4nkdl1iqKQA-Scene-0025/entity_60.mp4,T2V_data/label/vidgen_filter_gemini_part_0_dpo_4/4nkdl1iqKQA-Scene-0025/aug_entity_60.png
T2V_data/VIDGEN-1M_unzip/5DJopmcrwJk-Scene-0052.mp4,"The video shows a first-person view from inside a fighter jet cockpit. The jet is flying through the air, and the pilot is maneuvering it to shoot down another aircraft. The cockpit is filled with various buttons and screens, and the jet is flying at a high speed. The sky is clear and blue, and the city below is visible in the background. The jet fires a missile, and the target aircraft is hit and destroyed.",T2V_data/label/vidgen_filter_gemini_part_0_dpo_4/5DJopmcrwJk-Scene-0052/entity_40.mp4,T2V_data/label/vidgen_filter_gemini_part_0_dpo_4/5DJopmcrwJk-Scene-0052/aug_entity_40.png
T2V_data/VIDGEN-1M_unzip/5DJopmcrwJk-Scene-0052.mp4,"The video shows a first-person view from inside a fighter jet cockpit. The jet is flying through the air, and the pilot is maneuvering it to shoot down another aircraft. The cockpit is filled with various buttons and screens, and the jet is flying at a high speed. The sky is clear and blue, and the city below is visible in the background. The jet fires a missile, and the target aircraft is hit and destroyed.",T2V_data/label/vidgen_filter_gemini_part_0_dpo_4/5DJopmcrwJk-Scene-0052/entity_80.mp4,T2V_data/label/vidgen_filter_gemini_part_0_dpo_4/5DJopmcrwJk-Scene-0052/aug_entity_80.png
T2V_data/VIDGEN-1M_unzip/5Zc38o_cd7A-Scene-0313.mp4,"In the video, a woman is seen standing in front of a lush green plant. She is wearing a red dress with a floral pattern and has blonde hair. The woman is holding a pair of scissors and appears to be cutting something from the plant. The plant has large green leaves and seems to be well-maintained. The woman seems to be focused on her task and is carefully cutting the plant. The background is not clearly visible, but it appears to be an outdoor setting with natural light.",T2V_data/label/vidgen_filter_gemini_part_0_dpo_4/5Zc38o_cd7A-Scene-0313/entity_20.mp4,T2V_data/label/vidgen_filter_gemini_part_0_dpo_4/5Zc38o_cd7A-Scene-0313/aug_entity_20.png
T2V_data/VIDGEN-1M_unzip/5tIrPPP2Me4-Scene-0006.mp4,"The video shows a person kayaking in a river. The kayaker is wearing a red jacket and a blue helmet. The kayak is orange in color. The person is paddling through the water, and there is a large wave behind them. The water is splashing around the kayak as the person continues to paddle through the river.",T2V_data/label/vidgen_filter_gemini_part_0_dpo_4/5tIrPPP2Me4-Scene-0006/entity_40.mp4,T2V_data/label/vidgen_filter_gemini_part_0_dpo_4/5tIrPPP2Me4-Scene-0006/aug_entity_40.png
T2V_data/VIDGEN-1M_unzip/5udHhv8y1eA-Scene-0009.mp4,"The video shows a person's hand mixing cucumber slices in a glass bowl. The cucumber slices are green and fresh, and the bowl is placed on a wooden surface. The person's hand is visible, and they are mixing the cucumber slices with a spoon. The video is shot from a top-down angle, and the focus is on the bowl and the cucumber slices.",T2V_data/label/vidgen_filter_gemini_part_0_dpo_4/5udHhv8y1eA-Scene-0009/entity_40.mp4,T2V_data/label/vidgen_filter_gemini_part_0_dpo_4/5udHhv8y1eA-Scene-0009/aug_entity_40.png
T2V_data/VIDGEN-1M_unzip/5xTAWT7--zs-Scene-0183.mp4,"The video shows a close-up of a person using a spatula to remove cookies from a baking sheet. The cookies are golden brown and appear to be chocolate chip cookies. The baking sheet is placed on a wire rack, and there are several cookies visible on the rack. The person's hand is visible as they use the spatula to lift the cookies off the sheet. The cookies have a crumbly texture and are of various sizes. The video is shot in a well-lit kitchen, and the focus is on the cookies and the spatula.",T2V_data/label/vidgen_filter_gemini_part_0_dpo_4/5xTAWT7--zs-Scene-0183/entity_20.mp4,T2V_data/label/vidgen_filter_gemini_part_0_dpo_4/5xTAWT7--zs-Scene-0183/aug_entity_20.png
T2V_data/VIDGEN-1M_unzip/6GLXnr278a8-Scene-0001.mp4,"The video shows a train station with a train stopped on the tracks. A man is seen walking towards the train, but he suddenly stops and jumps back just in time to avoid being hit by the train. The train starts moving, and the man quickly gets out of the way. The video is in slow motion, emphasizing the man's quick reflexes and the danger of the situation.",T2V_data/label/vidgen_filter_gemini_part_0_dpo_4/6GLXnr278a8-Scene-0001/entity_40.mp4,T2V_data/label/vidgen_filter_gemini_part_0_dpo_4/6GLXnr278a8-Scene-0001/aug_entity_40.png
T2V_data/VIDGEN-1M_unzip/6KfAjS6XXEQ-Scene-0006.mp4,"In the video, a person is pouring flour into a red bowl. The flour is white and appears to be of a fine texture. The red bowl is placed on a table that has a striped tablecloth. The person's hand is visible as they pour the flour, but their body is not shown in the frame. The background is blurred, but it seems to be a kitchen setting.",T2V_data/label/vidgen_filter_gemini_part_0_dpo_4/6KfAjS6XXEQ-Scene-0006/entity_60.mp4,T2V_data/label/vidgen_filter_gemini_part_0_dpo_4/6KfAjS6XXEQ-Scene-0006/aug_entity_60.png
T2V_data/VIDGEN-1M_unzip/6YlbjXw7Syw-Scene-0013.mp4,"In the video, a person is pouring a brown liquid into a glass jar. The liquid appears to be a type of syrup or sauce. The jar is placed on a white surface, and the background is also white. The person pouring the liquid is not visible in the video. The liquid is being poured from a height, causing some splashes and bubbles to form in the jar. The liquid is being poured from a brown container, which is not visible in the video. The glass jar is clear and has a handle on the side. The liquid is being poured slowly and steadily, and the level of the liquid in the jar is rising as the video progresses.",T2V_data/label/vidgen_filter_gemini_part_0_dpo_4/6YlbjXw7Syw-Scene-0013/entity_20.mp4,T2V_data/label/vidgen_filter_gemini_part_0_dpo_4/6YlbjXw7Syw-Scene-0013/aug_entity_20.png
T2V_data/VIDGEN-1M_unzip/6h3Eg2DgR-I-Scene-0026.mp4,"In the video, a person is seen kneading dough on a floured surface. The person is wearing a white watch on their left wrist. The dough is yellow in color and appears to be soft and pliable. The person's hands are pressing and folding the dough, indicating that they are in the process of making bread or pastry. The background is blurred, but it appears to be a kitchen setting.",T2V_data/label/vidgen_filter_gemini_part_0_dpo_4/6h3Eg2DgR-I-Scene-0026/entity_40.mp4,T2V_data/label/vidgen_filter_gemini_part_0_dpo_4/6h3Eg2DgR-I-Scene-0026/aug_entity_40.png
T2V_data/VIDGEN-1M_unzip/6nRw7lRxEnY-Scene-0050.mp4,"In the video, a person is using an electric mixer to mix a white creamy substance in an orange bowl. The mixer has two metal beaters that are spinning rapidly, causing the substance to become more homogenized. The person's hand is visible, and they are holding the bowl steady while the mixer is in operation. The background is a kitchen countertop, and the mixer is plugged into an outlet. The person appears to be following a recipe or cooking instructions, as they are focused on the task at hand. The sound of the mixer is audible, and the substance in the bowl appears to be thick and creamy, possibly a batter or dough. The person's hand is steady, and they seem experienced in using the mixer. The video is shot from a close-up angle, focusing on the bowl and the mixer.",T2V_data/label/vidgen_filter_gemini_part_0_dpo_4/6nRw7lRxEnY-Scene-0050/entity_60.mp4,T2V_data/label/vidgen_filter_gemini_part_0_dpo_4/6nRw7lRxEnY-Scene-0050/aug_entity_60.png
T2V_data/VIDGEN-1M_unzip/6qEN4PMQk_0-Scene-0073.mp4,"In the video, a person is seen working on a wooden object in a workshop. The person is using a pencil to mark measurements on a piece of wood, and then proceeds to cut the wood using a saw. The person is wearing a blue shirt and is surrounded by various tools and pieces of wood. The workshop is well-lit and appears to be organized. The person seems to be focused on their task, carefully measuring and cutting the wood to ensure precision. The sound of the saw and the person's movements can be heard in the background.",T2V_data/label/vidgen_filter_gemini_part_0_dpo_4/6qEN4PMQk_0-Scene-0073/entity_60.mp4,T2V_data/label/vidgen_filter_gemini_part_0_dpo_4/6qEN4PMQk_0-Scene-0073/aug_entity_60.png
T2V_data/VIDGEN-1M_unzip/6qEN4PMQk_0-Scene-0073.mp4,"In the video, a person is seen working on a wooden object in a workshop. The person is using a pencil to mark measurements on a piece of wood, and then proceeds to cut the wood using a saw. The person is wearing a blue shirt and is surrounded by various tools and pieces of wood. The workshop is well-lit and appears to be organized. The person seems to be focused on their task, carefully measuring and cutting the wood to ensure precision. The sound of the saw and the person's movements can be heard in the background.",T2V_data/label/vidgen_filter_gemini_part_0_dpo_4/6qEN4PMQk_0-Scene-0073/entity_80.mp4,T2V_data/label/vidgen_filter_gemini_part_0_dpo_4/6qEN4PMQk_0-Scene-0073/aug_entity_80.png
T2V_data/VIDGEN-1M_unzip/6y-QxI9F2-I-Scene-0017.mp4,The video shows a person riding a dirt bike on a dirt track. The rider is wearing a white helmet and a white and red suit with the number 3 on it. The bike is red and white with black tires. The rider is seen going over a jump and then falling off the bike onto the ground. The rider then gets up and walks away from the bike.,T2V_data/label/vidgen_filter_gemini_part_0_dpo_4/6y-QxI9F2-I-Scene-0017/entity_20.mp4,T2V_data/label/vidgen_filter_gemini_part_0_dpo_4/6y-QxI9F2-I-Scene-0017/aug_entity_20.png
T2V_data/VIDGEN-1M_unzip/6y-QxI9F2-I-Scene-0017.mp4,The video shows a person riding a dirt bike on a dirt track. The rider is wearing a white helmet and a white and red suit with the number 3 on it. The bike is red and white with black tires. The rider is seen going over a jump and then falling off the bike onto the ground. The rider then gets up and walks away from the bike.,T2V_data/label/vidgen_filter_gemini_part_0_dpo_4/6y-QxI9F2-I-Scene-0017/entity_40.mp4,T2V_data/label/vidgen_filter_gemini_part_0_dpo_4/6y-QxI9F2-I-Scene-0017/aug_entity_40.png
T2V_data/VIDGEN-1M_unzip/7Lzuqlo1iuI-Scene-0078.mp4,"In the video, a person is seen cutting open a coconut with a machete. The person is holding the coconut with one hand and using the machete with the other hand to cut it open. The coconut is green in color and appears to be fresh. The person is standing outside, and the background is blurred, but it looks like there is grass and trees in the distance. The machete is long and sharp, and the person is using it with precision to cut through the coconut. The video is shot in slow motion, allowing the viewer to see the details of the cutting process.",T2V_data/label/vidgen_filter_gemini_part_0_dpo_4/7Lzuqlo1iuI-Scene-0078/entity_40.mp4,T2V_data/label/vidgen_filter_gemini_part_0_dpo_4/7Lzuqlo1iuI-Scene-0078/aug_entity_40.png
T2V_data/VIDGEN-1M_unzip/7T5f7rlLYk4-Scene-0046.mp4,"The video shows a man assembling a wooden table. He is sitting on the floor and using a screwdriver to put the legs of the table together. The man is wearing a white shirt and shorts, and there is a patterned rug on the floor. The table appears to be made of light-colored wood, and there are several other wooden pieces scattered around the room. The man is focused on his task and appears to be following instructions from a piece of paper on the floor.",T2V_data/label/vidgen_filter_gemini_part_0_dpo_4/7T5f7rlLYk4-Scene-0046/entity_40.mp4,T2V_data/label/vidgen_filter_gemini_part_0_dpo_4/7T5f7rlLYk4-Scene-0046/aug_entity_40.png
T2V_data/VIDGEN-1M_unzip/7d_yrlTHJeA-Scene-0009.mp4,"The video shows a baseball player wearing a white uniform with red and black accents and the number 60 on the back. He is standing on the field with a baseball glove on his left hand and a baseball in his right hand. The player is seen throwing the baseball with his right hand, and the video captures this action from different angles. The background shows a green field and a fence with advertisements.",T2V_data/label/vidgen_filter_gemini_part_0_dpo_4/7d_yrlTHJeA-Scene-0009/entity_20.mp4,T2V_data/label/vidgen_filter_gemini_part_0_dpo_4/7d_yrlTHJeA-Scene-0009/aug_entity_20.png
T2V_data/VIDGEN-1M_unzip/7nfGbli0XHE-Scene-0030.mp4,"The video shows two people engaged in a judo match. One person is wearing a blue judo outfit, while the other is wearing a white judo outfit. They are both on a yellow mat. The person in the blue outfit is seen throwing the person in the white outfit to the ground. The person in the white outfit is seen lying on the ground, while the person in the blue outfit is seen standing over them. There is a text overlay on the video that reads, ""If I spend my time licking my wounds, I won't move forward.""",T2V_data/label/vidgen_filter_gemini_part_0_dpo_4/7nfGbli0XHE-Scene-0030/entity_40.mp4,T2V_data/label/vidgen_filter_gemini_part_0_dpo_4/7nfGbli0XHE-Scene-0030/aug_entity_40.png
T2V_data/VIDGEN-1M_unzip/83yHqAVnyuQ-Scene-0060.mp4,"In the video, a person is seen stirring a dark liquid in a blue cup. The person is wearing a brown glove on their left hand and is using a stick to stir the liquid. The background is white and there are no other objects or people visible in the frame. The person's movements are steady and deliberate as they stir the liquid.",T2V_data/label/vidgen_filter_gemini_part_0_dpo_4/83yHqAVnyuQ-Scene-0060/entity_40.mp4,T2V_data/label/vidgen_filter_gemini_part_0_dpo_4/83yHqAVnyuQ-Scene-0060/aug_entity_40.png
T2V_data/VIDGEN-1M_unzip/8BbfRdwBv0Y-Scene-0053.mp4,"In the video, a man is seen working on a car in a garage. He is using a jack to lift the car off the ground and appears to be working on the underside of the car. The man is wearing a black shirt and appears to be focused on his task. The garage is well-lit, and the car is a dark color. The man's movements are deliberate and careful as he works on the car.",T2V_data/label/vidgen_filter_gemini_part_0_dpo_4/8BbfRdwBv0Y-Scene-0053/entity_40.mp4,T2V_data/label/vidgen_filter_gemini_part_0_dpo_4/8BbfRdwBv0Y-Scene-0053/aug_entity_40.png
T2V_data/VIDGEN-1M_unzip/8C3w6zCDpk8-Scene-0030.mp4,"The video shows a person using a chainsaw to cut a large tree trunk into smaller pieces. The trunk is lying on the ground, and the person is standing on top of it. The ground is covered in snow, and there are other tree branches scattered around. The person is wearing protective gear, including a helmet and gloves. The chainsaw is making a loud noise as it cuts through the wood.",T2V_data/label/vidgen_filter_gemini_part_0_dpo_4/8C3w6zCDpk8-Scene-0030/entity_20.mp4,T2V_data/label/vidgen_filter_gemini_part_0_dpo_4/8C3w6zCDpk8-Scene-0030/aug_entity_20.png
T2V_data/VIDGEN-1M_unzip/8Gu_h-eeZmg-Scene-0017.mp4,"The video shows a person's hands as they mix a white substance in a clear plastic container. The person uses their fingers to stir the substance, which appears to be a thick liquid or gel. The container is placed on a white surface, and the person's hands are visible throughout the video. The substance is being mixed thoroughly, and the person's movements are deliberate and careful.",T2V_data/label/vidgen_filter_gemini_part_0_dpo_4/8Gu_h-eeZmg-Scene-0017/entity_60.mp4,T2V_data/label/vidgen_filter_gemini_part_0_dpo_4/8Gu_h-eeZmg-Scene-0017/aug_entity_60.png
T2V_data/VIDGEN-1M_unzip/8kzGvtX-h8g-Scene-0002.mp4,"The video shows a person using a metal tool to sharpen a knife. The person is holding the knife in one hand and the metal tool in the other. They are moving the metal tool along the blade of the knife, presumably to sharpen it. The knife has a black handle and a silver blade. The metal tool appears to be a honing steel, which is used to maintain the edge of a knife. The background is blurred, but it seems to be a workshop or kitchen setting.",T2V_data/label/vidgen_filter_gemini_part_0_dpo_4/8kzGvtX-h8g-Scene-0002/entity_20.mp4,T2V_data/label/vidgen_filter_gemini_part_0_dpo_4/8kzGvtX-h8g-Scene-0002/aug_entity_20.png
T2V_data/VIDGEN-1M_unzip/8wm8yVZ6zJM-Scene-0026.mp4,"The video shows a person's hands with blue and silver nail polish, pressing down on a red, slimy substance on a white surface. The hands press down and move around, causing the substance to spread and change shape.",T2V_data/label/vidgen_filter_gemini_part_0_dpo_4/8wm8yVZ6zJM-Scene-0026/entity_40.mp4,T2V_data/label/vidgen_filter_gemini_part_0_dpo_4/8wm8yVZ6zJM-Scene-0026/aug_entity_40.png
T2V_data/VIDGEN-1M_unzip/9-Hwxw4fgqk-Scene-0031.mp4,"In the video, a man is standing in a workshop and he is holding a ball attached to a string. He then throws the ball and it hits a wooden structure, causing it to swing. The man then catches the ball and repeats the process. The wooden structure appears to be a makeshift catapult or launcher. The man is wearing glasses and a black shirt. The workshop is filled with various tools and equipment, indicating that this may be a woodworking or mechanical workshop. The lighting in the workshop is bright, and the man seems to be enjoying himself as he plays with the ball and the wooden structure.",T2V_data/label/vidgen_filter_gemini_part_0_dpo_4/9-Hwxw4fgqk-Scene-0031/entity_40.mp4,T2V_data/label/vidgen_filter_gemini_part_0_dpo_4/9-Hwxw4fgqk-Scene-0031/aug_entity_40.png
T2V_data/VIDGEN-1M_unzip/96wmAvi4UGo-Scene-0128.mp4,"In the video, a man is seen kneeling down on the ground, working on a tire. He is using a tool to remove the tire from the rim. The man is wearing a black hoodie and a white cap. The tire is black and appears to be a standard car tire. The rim is silver and looks to be made of metal. The man is focused on his task, and the background shows a cluttered garage with various tools and equipment scattered around.",T2V_data/label/vidgen_filter_gemini_part_0_dpo_4/96wmAvi4UGo-Scene-0128/entity_40.mp4,T2V_data/label/vidgen_filter_gemini_part_0_dpo_4/96wmAvi4UGo-Scene-0128/aug_entity_40.png
T2V_data/VIDGEN-1M_unzip/9BUMA5uJ_SI-Scene-0019.mp4,"In the video, a person is seen using a pair of pliers to bend a piece of wire. The pliers are black and silver in color, and the wire is silver. The person's hands are visible, and they are wearing a ring on their left hand. The background is a gray surface with a white and yellow box of memory wire. The person is bending the wire into a circular shape, and the wire appears to be thin and flexible.",T2V_data/label/vidgen_filter_gemini_part_0_dpo_4/9BUMA5uJ_SI-Scene-0019/entity_40.mp4,T2V_data/label/vidgen_filter_gemini_part_0_dpo_4/9BUMA5uJ_SI-Scene-0019/aug_entity_40.png
T2V_data/VIDGEN-1M_unzip/9TIGZw9v528-Scene-0198.mp4,"In the video, a young boy is seen holding a large axe and a pole. He is standing in an indoor arcade, surrounded by various arcade games and machines. The boy is wearing a black t-shirt and khaki shorts. He is holding the axe with both hands and the pole with one hand. He appears to be attempting to balance the axe on the pole, but he struggles to keep it steady. The boy looks determined and focused on his task. The arcade is brightly lit, with colorful lights and decorations visible in the background. The boy's actions are the main focus of the video, as he tries to balance the axe on the pole.",T2V_data/label/vidgen_filter_gemini_part_0_dpo_4/9TIGZw9v528-Scene-0198/entity_20.mp4,T2V_data/label/vidgen_filter_gemini_part_0_dpo_4/9TIGZw9v528-Scene-0198/aug_entity_20.png
T2V_data/VIDGEN-1M_unzip/9ZWwnt3Y3NM-Scene-0009.mp4,"In the video, a person is seen preparing a dish that involves tomatoes. The person is shown cutting the tops off of several tomatoes and then stuffing them with a mixture. The tomatoes are then placed in a pan and cooked. The person is seen using a knife to cut the tops off the tomatoes and a spoon to scoop out the insides. The tomatoes are then stuffed with a mixture that appears to be a combination of cheese and other ingredients. The pan is placed in the oven, and the tomatoes are cooked until they are soft and the cheese is melted. The final dish appears to be a delicious and hearty tomato-based meal.",T2V_data/label/vidgen_filter_gemini_part_0_dpo_4/9ZWwnt3Y3NM-Scene-0009/entity_60.mp4,T2V_data/label/vidgen_filter_gemini_part_0_dpo_4/9ZWwnt3Y3NM-Scene-0009/aug_entity_60.png
T2V_data/VIDGEN-1M_unzip/9bz7zbJF2SI-Scene-0027.mp4,"In the video, a person is seen holding a metal tool underneath a car. The person is using the tool to remove a bolt from the car. The car appears to be parked in a garage or a similar indoor setting. The person's hands are visible, and they seem to be wearing a ring on their left hand. The metal tool is silver in color and has a long handle. The bolt being removed is also silver and is located near the bottom of the car. The person's movements are deliberate and careful, indicating that they are experienced in this task.",T2V_data/label/vidgen_filter_gemini_part_0_dpo_4/9bz7zbJF2SI-Scene-0027/entity_20.mp4,T2V_data/label/vidgen_filter_gemini_part_0_dpo_4/9bz7zbJF2SI-Scene-0027/aug_entity_20.png
T2V_data/VIDGEN-1M_unzip/9j52nceu40w-Scene-0096.mp4,"The video shows a person fishing on a boat. The person is holding a fishing rod and reeling it in. The water is calm and there are no other boats or people visible in the video. The sky is overcast, and the person is wearing a red shirt. The fishing rod is black and has a silver reel. The person appears to be alone and is focused on the task of reeling in the fish.",T2V_data/label/vidgen_filter_gemini_part_0_dpo_4/9j52nceu40w-Scene-0096/entity_40.mp4,T2V_data/label/vidgen_filter_gemini_part_0_dpo_4/9j52nceu40w-Scene-0096/aug_entity_40.png
T2V_data/VIDGEN-1M_unzip/AGdL1BVHYuo-Scene-0072.mp4,"The video shows a person's hand holding a red wire and inserting it into a hole in a wooden block. The block has a metal screw on it, and the person is using the wire to tighten the screw. The person's hand is visible, and the background is a wooden surface.",T2V_data/label/vidgen_filter_gemini_part_0_dpo_4/AGdL1BVHYuo-Scene-0072/entity_40.mp4,T2V_data/label/vidgen_filter_gemini_part_0_dpo_4/AGdL1BVHYuo-Scene-0072/aug_entity_40.png
T2V_data/VIDGEN-1M_unzip/AGdL1BVHYuo-Scene-0072.mp4,"The video shows a person's hand holding a red wire and inserting it into a hole in a wooden block. The block has a metal screw on it, and the person is using the wire to tighten the screw. The person's hand is visible, and the background is a wooden surface.",T2V_data/label/vidgen_filter_gemini_part_0_dpo_4/AGdL1BVHYuo-Scene-0072/entity_80.mp4,T2V_data/label/vidgen_filter_gemini_part_0_dpo_4/AGdL1BVHYuo-Scene-0072/aug_entity_80.png
T2V_data/VIDGEN-1M_unzip/AKZKYW2X_wI-Scene-0028.mp4,"The video shows a person working on a wooden project. The person is using a white tool to mark measurements on a wooden piece. They then use a ruler to measure the piece and a yellow tool to cut it. The person also uses a clamp to hold the piece in place while they work. The wooden piece has several holes in it, and the person is working on a wooden table with various tools scattered around.",T2V_data/label/vidgen_filter_gemini_part_0_dpo_4/AKZKYW2X_wI-Scene-0028/entity_60.mp4,T2V_data/label/vidgen_filter_gemini_part_0_dpo_4/AKZKYW2X_wI-Scene-0028/aug_entity_60.png
T2V_data/VIDGEN-1M_unzip/AMeDBH6TccI-Scene-0094.mp4,"The video shows a person in scuba gear, including a tank, mask, and fins, standing in a body of water. The person is wearing a black wetsuit and is surrounded by rocks and greenery. The water is clear, and the person appears to be adjusting their gear. There is no visible title or subtitle in the video.",T2V_data/label/vidgen_filter_gemini_part_0_dpo_4/AMeDBH6TccI-Scene-0094/entity_20.mp4,T2V_data/label/vidgen_filter_gemini_part_0_dpo_4/AMeDBH6TccI-Scene-0094/aug_entity_20.png
T2V_data/VIDGEN-1M_unzip/AYvurGC6pJg-Scene-0590.mp4,"The video shows a scuba diver in the ocean, surrounded by a large group of sharks. The diver is wearing a black wetsuit and is holding a metal cage in his hand. The sharks are swimming around him, and some are even touching the cage. The water is clear and blue, and the sandy ocean floor is visible in the background. The sharks vary in size and color, with some being dark grey and others being lighter in color. The diver appears to be calm and in control, despite the presence of the sharks.",T2V_data/label/vidgen_filter_gemini_part_0_dpo_4/AYvurGC6pJg-Scene-0590/entity_40.mp4,T2V_data/label/vidgen_filter_gemini_part_0_dpo_4/AYvurGC6pJg-Scene-0590/aug_entity_40.png
T2V_data/VIDGEN-1M_unzip/Ad72PcVG6KI-Scene-0008.mp4,"The video shows a man riding a bull in a rodeo ring. The man is wearing a helmet and is holding onto a rope. The bull is bucking wildly, and the man is thrown off. Two men run out to help the fallen rider.",T2V_data/label/vidgen_filter_gemini_part_0_dpo_4/Ad72PcVG6KI-Scene-0008/entity_40.mp4,T2V_data/label/vidgen_filter_gemini_part_0_dpo_4/Ad72PcVG6KI-Scene-0008/aug_entity_40.png
T2V_data/VIDGEN-1M_unzip/AhO8ba8q0nY-Scene-0003.mp4,"The video shows a toucan with a large orange beak and black feathers standing on the edge of a metal bowl filled with water. The toucan dips its beak into the water and then lifts its head up, shaking off the water. The background is a blurred image of a room with a couch and a picture frame on the wall.",T2V_data/label/vidgen_filter_gemini_part_0_dpo_4/AhO8ba8q0nY-Scene-0003/entity_20.mp4,T2V_data/label/vidgen_filter_gemini_part_0_dpo_4/AhO8ba8q0nY-Scene-0003/aug_entity_20.png
T2V_data/VIDGEN-1M_unzip/AhO8ba8q0nY-Scene-0003.mp4,"The video shows a toucan with a large orange beak and black feathers standing on the edge of a metal bowl filled with water. The toucan dips its beak into the water and then lifts its head up, shaking off the water. The background is a blurred image of a room with a couch and a picture frame on the wall.",T2V_data/label/vidgen_filter_gemini_part_0_dpo_4/AhO8ba8q0nY-Scene-0003/entity_40.mp4,T2V_data/label/vidgen_filter_gemini_part_0_dpo_4/AhO8ba8q0nY-Scene-0003/aug_entity_40.png
T2V_data/VIDGEN-1M_unzip/AhvW2kxAwbk-Scene-0044.mp4,"In the video, a man is seen working in a workshop. He is using a saw to cut a piece of wood. The man is wearing a blue shirt and black pants. The workshop is filled with various tools and equipment, including a yellow toolbox and a red tool. The man is focused on his task, carefully sawing the wood and then lifting it up to show the cut. The video captures the man's movements and the sound of the saw cutting through the wood.",T2V_data/label/vidgen_filter_gemini_part_0_dpo_4/AhvW2kxAwbk-Scene-0044/entity_60.mp4,T2V_data/label/vidgen_filter_gemini_part_0_dpo_4/AhvW2kxAwbk-Scene-0044/aug_entity_60.png
T2V_data/VIDGEN-1M_unzip/AllSiexMFF4-Scene-0032.mp4,"The video shows a person using an electric mixer to whip cream in a glass bowl. The mixer is red and is being held by a hand. The cream is white and appears to be thick and fluffy. The bowl is placed on a white surface, and there is a white cloth underneath the bowl. The mixer is turned on, and the beaters are moving rapidly, creating a swirling pattern in the cream. The person's hand is steady, and the mixer is being used with precision.",T2V_data/label/vidgen_filter_gemini_part_0_dpo_4/AllSiexMFF4-Scene-0032/entity_40.mp4,T2V_data/label/vidgen_filter_gemini_part_0_dpo_4/AllSiexMFF4-Scene-0032/aug_entity_40.png
T2V_data/VIDGEN-1M_unzip/AllSiexMFF4-Scene-0032.mp4,"The video shows a person using an electric mixer to whip cream in a glass bowl. The mixer is red and is being held by a hand. The cream is white and appears to be thick and fluffy. The bowl is placed on a white surface, and there is a white cloth underneath the bowl. The mixer is turned on, and the beaters are moving rapidly, creating a swirling pattern in the cream. The person's hand is steady, and the mixer is being used with precision.",T2V_data/label/vidgen_filter_gemini_part_0_dpo_4/AllSiexMFF4-Scene-0032/entity_60.mp4,T2V_data/label/vidgen_filter_gemini_part_0_dpo_4/AllSiexMFF4-Scene-0032/aug_entity_60.png
T2V_data/VIDGEN-1M_unzip/B-0vwwnj2wY-Scene-0115.mp4,"The video shows a lion attacking a buffalo in the wild. The lion is seen biting the buffalo's neck, and the buffalo is trying to defend itself. The lion is a tawny color, and the buffalo is dark gray. The background is a dry grassland.",T2V_data/label/vidgen_filter_gemini_part_0_dpo_4/B-0vwwnj2wY-Scene-0115/entity_20.mp4,T2V_data/label/vidgen_filter_gemini_part_0_dpo_4/B-0vwwnj2wY-Scene-0115/aug_entity_20.png
T2V_data/VIDGEN-1M_unzip/B-0vwwnj2wY-Scene-0174.mp4,"The video shows a crocodile on the shore of a river, with a group of deer standing nearby. The crocodile is seen moving towards the deer, and the deer are seen running away from the crocodile. The crocodile is large and has a rough, scaly texture, while the deer are smaller and have smooth, brown fur. The river water is murky, and the shore is muddy. The video captures the tension between the predator and the prey in their natural habitat.",T2V_data/label/vidgen_filter_gemini_part_0_dpo_4/B-0vwwnj2wY-Scene-0174/entity_20.mp4,T2V_data/label/vidgen_filter_gemini_part_0_dpo_4/B-0vwwnj2wY-Scene-0174/aug_entity_20.png
T2V_data/VIDGEN-1M_unzip/B-0vwwnj2wY-Scene-0174.mp4,"The video shows a crocodile on the shore of a river, with a group of deer standing nearby. The crocodile is seen moving towards the deer, and the deer are seen running away from the crocodile. The crocodile is large and has a rough, scaly texture, while the deer are smaller and have smooth, brown fur. The river water is murky, and the shore is muddy. The video captures the tension between the predator and the prey in their natural habitat.",T2V_data/label/vidgen_filter_gemini_part_0_dpo_4/B-0vwwnj2wY-Scene-0174/entity_40.mp4,T2V_data/label/vidgen_filter_gemini_part_0_dpo_4/B-0vwwnj2wY-Scene-0174/aug_entity_40.png
T2V_data/VIDGEN-1M_unzip/BDIRAIe-1sA-Scene-0009.mp4,The video shows a person pouring a drink from a shaker into a martini glass. The person is wearing a red shirt and has a red background. The drink is yellow in color and is being poured slowly and carefully into the glass. The martini glass is clear and has a long stem. The shaker is made of metal and has a spout on top.,T2V_data/label/vidgen_filter_gemini_part_0_dpo_4/BDIRAIe-1sA-Scene-0009/entity_20.mp4,T2V_data/label/vidgen_filter_gemini_part_0_dpo_4/BDIRAIe-1sA-Scene-0009/aug_entity_20.png
T2V_data/VIDGEN-1M_unzip/BO3gSTFe4JQ-Scene-0020.mp4,"The video shows a basketball game in progress. A player in a white jersey is seen dribbling the ball and then throwing it towards the basket. The ball goes in, and the player in the white jersey celebrates by throwing his hands up in the air. The crowd can be heard cheering in the background.",T2V_data/label/vidgen_filter_gemini_part_0_dpo_4/BO3gSTFe4JQ-Scene-0020/entity_20.mp4,T2V_data/label/vidgen_filter_gemini_part_0_dpo_4/BO3gSTFe4JQ-Scene-0020/aug_entity_20.png
T2V_data/VIDGEN-1M_unzip/BQUOzR5Yh1U-Scene-0013.mp4,"The video shows a group of basketball players on a court. One player is seen pushing another player from behind, causing him to fall to the ground. The players are wearing different colored uniforms, indicating two different teams. The court is surrounded by a crowd of spectators. The incident appears to be a physical altercation between the two players.",T2V_data/label/vidgen_filter_gemini_part_0_dpo_4/BQUOzR5Yh1U-Scene-0013/entity_40.mp4,T2V_data/label/vidgen_filter_gemini_part_0_dpo_4/BQUOzR5Yh1U-Scene-0013/aug_entity_40.png
T2V_data/VIDGEN-1M_unzip/Be4u-_FnHZk-Scene-0049.mp4,"The video shows a small boat with two people on it, moving through the water. The boat is surrounded by large waves, and the sky is dark and cloudy. The boat is moving at a fast pace, and the people on board are holding on tightly to avoid falling off. The water is a deep blue color, and the waves are white and frothy. The sky is a dark gray color, and there are no visible landmarks or other boats in the area.",T2V_data/label/vidgen_filter_gemini_part_0_dpo_4/Be4u-_FnHZk-Scene-0049/entity_20.mp4,T2V_data/label/vidgen_filter_gemini_part_0_dpo_4/Be4u-_FnHZk-Scene-0049/aug_entity_20.png
T2V_data/VIDGEN-1M_unzip/Be4u-_FnHZk-Scene-0049.mp4,"The video shows a small boat with two people on it, moving through the water. The boat is surrounded by large waves, and the sky is dark and cloudy. The boat is moving at a fast pace, and the people on board are holding on tightly to avoid falling off. The water is a deep blue color, and the waves are white and frothy. The sky is a dark gray color, and there are no visible landmarks or other boats in the area.",T2V_data/label/vidgen_filter_gemini_part_0_dpo_4/Be4u-_FnHZk-Scene-0049/entity_60.mp4,T2V_data/label/vidgen_filter_gemini_part_0_dpo_4/Be4u-_FnHZk-Scene-0049/aug_entity_60.png
T2V_data/VIDGEN-1M_unzip/Be4u-_FnHZk-Scene-0049.mp4,"The video shows a small boat with two people on it, moving through the water. The boat is surrounded by large waves, and the sky is dark and cloudy. The boat is moving at a fast pace, and the people on board are holding on tightly to avoid falling off. The water is a deep blue color, and the waves are white and frothy. The sky is a dark gray color, and there are no visible landmarks or other boats in the area.",T2V_data/label/vidgen_filter_gemini_part_0_dpo_4/Be4u-_FnHZk-Scene-0049/entity_80.mp4,T2V_data/label/vidgen_filter_gemini_part_0_dpo_4/Be4u-_FnHZk-Scene-0049/aug_entity_80.png
T2V_data/VIDGEN-1M_unzip/CHNedTDar6Q-Scene-0058.mp4,"The video shows a person's hands as they peel off a sticker from a piece of paper. The sticker is orange and the paper is white with a grid pattern. The person's hands are visible, but their face is not shown. The background is a blue surface.",T2V_data/label/vidgen_filter_gemini_part_0_dpo_4/CHNedTDar6Q-Scene-0058/entity_60.mp4,T2V_data/label/vidgen_filter_gemini_part_0_dpo_4/CHNedTDar6Q-Scene-0058/aug_entity_60.png
T2V_data/VIDGEN-1M_unzip/CODrE_h43-I-Scene-0019.mp4,The video shows a tennis match between two teams of two players each. The players are seen hitting the ball back and forth over the net. The court is purple with white lines marking the boundaries. The players are wearing athletic clothing and are using tennis rackets to play. The video captures the intensity and skill of the players as they compete against each other.,T2V_data/label/vidgen_filter_gemini_part_0_dpo_4/CODrE_h43-I-Scene-0019/entity_20.mp4,T2V_data/label/vidgen_filter_gemini_part_0_dpo_4/CODrE_h43-I-Scene-0019/aug_entity_20.png
T2V_data/VIDGEN-1M_unzip/CYrK5iQ1Jfw-Scene-0107.mp4,"The video shows a woman wearing a bikini swinging on a rope attached to a waterfall. She swings out over the water and then lets go, falling into the water below. The waterfall is surrounded by rocks and greenery.",T2V_data/label/vidgen_filter_gemini_part_0_dpo_4/CYrK5iQ1Jfw-Scene-0107/entity_40.mp4,T2V_data/label/vidgen_filter_gemini_part_0_dpo_4/CYrK5iQ1Jfw-Scene-0107/aug_entity_40.png
T2V_data/VIDGEN-1M_unzip/CpUlxZU0Sjk-Scene-0031.mp4,"The video shows a person using a chainsaw to cut through a log of wood. The chainsaw is red and silver in color, and the person is wearing a black shirt. The log is brown and appears to be quite large. The person is using the chainsaw to make a precise cut through the log, and there is sawdust flying around as the chainsaw moves through the log.",T2V_data/label/vidgen_filter_gemini_part_0_dpo_4/CpUlxZU0Sjk-Scene-0031/entity_40.mp4,T2V_data/label/vidgen_filter_gemini_part_0_dpo_4/CpUlxZU0Sjk-Scene-0031/aug_entity_40.png
T2V_data/VIDGEN-1M_unzip/CuT8-kCO-_g-Scene-0119.mp4,"In the video, a woman is seen pushing a large tire down a street. She is wearing a red tank top and black shorts. The tire is black and appears to be heavy. The woman is pushing the tire with all her might, and the tire is rolling down the street. The street is lined with houses and parked cars. The woman is focused on her task and determined to push the tire as far as she can. The video captures the intensity of her workout and the physical challenge of moving such a large object.",T2V_data/label/vidgen_filter_gemini_part_0_dpo_4/CuT8-kCO-_g-Scene-0119/entity_20.mp4,T2V_data/label/vidgen_filter_gemini_part_0_dpo_4/CuT8-kCO-_g-Scene-0119/aug_entity_20.png
T2V_data/VIDGEN-1M_unzip/CvYwxkyJYfA-Scene-0007.mp4,The video shows a man wearing a white shirt and a red hat riding a horse. The horse is brown and is walking along a fence. The man is holding a stick in his hand. The background consists of trees and greenery.,T2V_data/label/vidgen_filter_gemini_part_0_dpo_4/CvYwxkyJYfA-Scene-0007/entity_40.mp4,T2V_data/label/vidgen_filter_gemini_part_0_dpo_4/CvYwxkyJYfA-Scene-0007/aug_entity_40.png
T2V_data/VIDGEN-1M_unzip/Czkei-PD_A0-Scene-0011.mp4,"The video shows a young boy standing in a backyard, holding a stick and swinging it at a pinata. The pinata is hanging from a tree and is shaped like a cake. The boy is wearing a black t-shirt and shorts. The background includes a pool, lounge chairs, and a covered grill. The boy swings the stick several times, trying to break open the pinata.",T2V_data/label/vidgen_filter_gemini_part_0_dpo_4/Czkei-PD_A0-Scene-0011/entity_40.mp4,T2V_data/label/vidgen_filter_gemini_part_0_dpo_4/Czkei-PD_A0-Scene-0011/aug_entity_40.png
T2V_data/VIDGEN-1M_unzip/Czkei-PD_A0-Scene-0011.mp4,"The video shows a young boy standing in a backyard, holding a stick and swinging it at a pinata. The pinata is hanging from a tree and is shaped like a cake. The boy is wearing a black t-shirt and shorts. The background includes a pool, lounge chairs, and a covered grill. The boy swings the stick several times, trying to break open the pinata.",T2V_data/label/vidgen_filter_gemini_part_0_dpo_4/Czkei-PD_A0-Scene-0011/entity_60.mp4,T2V_data/label/vidgen_filter_gemini_part_0_dpo_4/Czkei-PD_A0-Scene-0011/aug_entity_60.png
T2V_data/VIDGEN-1M_unzip/D5uzNQiBsbM-Scene-0021.mp4,"This video captures a person jumping into the water from a boat. The camera is positioned underwater, and we can see the boat's hull and the person's legs as they jump in. The water is clear, and the person's legs are visible as they enter the water. The boat is stationary, and there is no visible movement other than the person jumping. The video is shot in a vertical orientation, and the colors are predominantly blue due to the water.",T2V_data/label/vidgen_filter_gemini_part_0_dpo_4/D5uzNQiBsbM-Scene-0021/entity_40.mp4,T2V_data/label/vidgen_filter_gemini_part_0_dpo_4/D5uzNQiBsbM-Scene-0021/aug_entity_40.png
T2V_data/VIDGEN-1M_unzip/DC101DeDMEQ-Scene-0111.mp4,"The video shows a close-up of a bowl of soup being strained through a metal sieve. The soup is a rich brown color and has a thick consistency. The sieve is held over a bowl, and as the soup is poured through, the solid pieces are left behind in the sieve. The liquid soup is then poured into a glass bowl, and the process is repeated several times. The soup appears to be hot, as steam can be seen rising from the bowl.",T2V_data/label/vidgen_filter_gemini_part_0_dpo_4/DC101DeDMEQ-Scene-0111/entity_20.mp4,T2V_data/label/vidgen_filter_gemini_part_0_dpo_4/DC101DeDMEQ-Scene-0111/aug_entity_20.png
T2V_data/VIDGEN-1M_unzip/DFXG-xQON-U-Scene-0015.mp4,"The video shows a man in a black and white shirt and black shorts playing soccer on a field. He is wearing green shoes and is seen kicking the ball around. The man is alone on the field, and there are no other players visible in the video. The field is surrounded by trees and there is a goalpost in the background. The man appears to be practicing his soccer skills, as he is seen dribbling the ball and making quick turns. The video is shot during the daytime, and the lighting is bright and clear.",T2V_data/label/vidgen_filter_gemini_part_0_dpo_4/DFXG-xQON-U-Scene-0015/entity_60.mp4,T2V_data/label/vidgen_filter_gemini_part_0_dpo_4/DFXG-xQON-U-Scene-0015/aug_entity_60.png
T2V_data/VIDGEN-1M_unzip/DNVWrmXPQTk-Scene-0008.mp4,"In the video, a person is seen holding a black gun. The person's hand is visible in the frame, and they are using their thumb to push the magazine release button on the gun. The magazine release button is located on the side of the gun, and the person is pushing it down with their thumb. The gun appears to be a semi-automatic pistol, and the person is demonstrating how to release the magazine from the gun. The video is shot in close-up, focusing on the person's hand and the magazine release button. The person's actions are deliberate and clear, making it easy for viewers to understand how to release the magazine from the gun.",T2V_data/label/vidgen_filter_gemini_part_0_dpo_4/DNVWrmXPQTk-Scene-0008/entity_60.mp4,T2V_data/label/vidgen_filter_gemini_part_0_dpo_4/DNVWrmXPQTk-Scene-0008/aug_entity_60.png
T2V_data/VIDGEN-1M_unzip/DNd6SRRWspQ-Scene-0022.mp4,"The video shows a boxer in a ring, wearing a helmet and gloves, throwing punches at his opponent. The boxer is wearing blue gloves and blue shorts, and the helmet has the word ""RINGSIDE"" written on it. The opponent is wearing a black helmet and gloves. The boxer is throwing punches with both hands, and the opponent is trying to block and dodge them. The ring is surrounded by ropes, and there is a crowd watching the match.",T2V_data/label/vidgen_filter_gemini_part_0_dpo_4/DNd6SRRWspQ-Scene-0022/entity_20.mp4,T2V_data/label/vidgen_filter_gemini_part_0_dpo_4/DNd6SRRWspQ-Scene-0022/aug_entity_20.png
T2V_data/VIDGEN-1M_unzip/Ds8CFQINFAo-Scene-0030.mp4,"In the video, a person is holding a white measuring spoon and pouring a dark liquid into it from a bottle. The spoon is held in the person's right hand, and the bottle is held in the left hand. The liquid is poured carefully, and the spoon fills up with the dark liquid. The background is a wooden surface, and there is a blurred object in the background.",T2V_data/label/vidgen_filter_gemini_part_0_dpo_4/Ds8CFQINFAo-Scene-0030/entity_40.mp4,T2V_data/label/vidgen_filter_gemini_part_0_dpo_4/Ds8CFQINFAo-Scene-0030/aug_entity_40.png
T2V_data/VIDGEN-1M_unzip/DxztiYFi-nU-Scene-0088.mp4,"In the video, a woman is seen holding a baby as they both go down a water slide. The woman is wearing a black swimsuit, and the baby is wearing a yellow and blue swimsuit. They both seem to be having a great time as they slide down the water slide. The water slide is made of a clear material, and water can be seen splashing around them as they slide down. The video captures the excitement and joy of the moment as the woman and baby slide down the water slide together.",T2V_data/label/vidgen_filter_gemini_part_0_dpo_4/DxztiYFi-nU-Scene-0088/entity_60.mp4,T2V_data/label/vidgen_filter_gemini_part_0_dpo_4/DxztiYFi-nU-Scene-0088/aug_entity_60.png
T2V_data/VIDGEN-1M_unzip/E-AKRc_yROE-Scene-0210.mp4,"In the video, a person is seen holding a toy in front of a cheetah. The cheetah is standing on its hind legs and appears to be reaching for the toy. The person then moves the toy away, causing the cheetah to jump and try to grab it. The cheetah is spotted and has a lean body, while the person is wearing a red shirt and black pants. The background consists of a wooden floor and a metal fence.",T2V_data/label/vidgen_filter_gemini_part_0_dpo_4/E-AKRc_yROE-Scene-0210/entity_20.mp4,T2V_data/label/vidgen_filter_gemini_part_0_dpo_4/E-AKRc_yROE-Scene-0210/aug_entity_20.png
T2V_data/VIDGEN-1M_unzip/E8FjfrhnFCU-Scene-0006.mp4,"The video shows a person pouring a green liquid into a glass jar that is filled with ice cubes. The liquid is poured from a blender, and the jar is placed on a wooden surface. The person is wearing a pink shirt and a white apron. The green liquid fills the jar, and the ice cubes float to the top.",T2V_data/label/vidgen_filter_gemini_part_0_dpo_4/E8FjfrhnFCU-Scene-0006/entity_20.mp4,T2V_data/label/vidgen_filter_gemini_part_0_dpo_4/E8FjfrhnFCU-Scene-0006/aug_entity_20.png
T2V_data/VIDGEN-1M_unzip/E8FjfrhnFCU-Scene-0006.mp4,"The video shows a person pouring a green liquid into a glass jar that is filled with ice cubes. The liquid is poured from a blender, and the jar is placed on a wooden surface. The person is wearing a pink shirt and a white apron. The green liquid fills the jar, and the ice cubes float to the top.",T2V_data/label/vidgen_filter_gemini_part_0_dpo_4/E8FjfrhnFCU-Scene-0006/entity_60.mp4,T2V_data/label/vidgen_filter_gemini_part_0_dpo_4/E8FjfrhnFCU-Scene-0006/aug_entity_60.png
T2V_data/VIDGEN-1M_unzip/EZVzVgHIhH8-Scene-0057.mp4,"The video shows a large white airplane with the word ""Qantas"" written on the side. The plane is parked on a tarmac, and a small car is pulling it with a rope. The car is black and is moving slowly, pulling the airplane backwards. The tarmac is grey and has several lines and markings on it. The sky is overcast, and there are no other objects or people visible in the video.",T2V_data/label/vidgen_filter_gemini_part_0_dpo_4/EZVzVgHIhH8-Scene-0057/entity_40.mp4,T2V_data/label/vidgen_filter_gemini_part_0_dpo_4/EZVzVgHIhH8-Scene-0057/aug_entity_40.png
T2V_data/VIDGEN-1M_unzip/EbfoJAa62Rg-Scene-0165.mp4,"The video shows a person swimming underwater with dolphins. The person is wearing a black swimsuit and a snorkel mask. The dolphins are swimming around the person, and the water is clear and blue. The person is moving slowly, and the dolphins are swimming around them.",T2V_data/label/vidgen_filter_gemini_part_0_dpo_4/EbfoJAa62Rg-Scene-0165/entity_20.mp4,T2V_data/label/vidgen_filter_gemini_part_0_dpo_4/EbfoJAa62Rg-Scene-0165/aug_entity_20.png
T2V_data/VIDGEN-1M_unzip/EjVabD3ag-U-Scene-0144.mp4,"The video shows a person driving a car with their hands on the steering wheel. The car is moving at a high speed, and the driver is shifting gears. The driver's hands are visible on the steering wheel, and the car's dashboard is also visible. The driver appears to be focused on the road and the car's performance.",T2V_data/label/vidgen_filter_gemini_part_0_dpo_4/EjVabD3ag-U-Scene-0144/entity_20.mp4,T2V_data/label/vidgen_filter_gemini_part_0_dpo_4/EjVabD3ag-U-Scene-0144/aug_entity_20.png
T2V_data/VIDGEN-1M_unzip/EvHX0JtYVAQ-Scene-0088.mp4,"The video shows a man wearing a black vest and black shorts, holding onto a pole while being pulled by a boat. He is being dragged through the water, creating a large splash. The man appears to be struggling to hold onto the pole as he is being pulled. The water is a dark blue color and the sky is overcast.",T2V_data/label/vidgen_filter_gemini_part_0_dpo_4/EvHX0JtYVAQ-Scene-0088/entity_60.mp4,T2V_data/label/vidgen_filter_gemini_part_0_dpo_4/EvHX0JtYVAQ-Scene-0088/aug_entity_60.png
T2V_data/VIDGEN-1M_unzip/F5FEj9U-CJM-Scene-0026.mp4,The video shows two crabs in a tank. The crabs are black and red in color. The crabs are fighting with each other. The crabs are moving around in the tank. The tank has a white bottom and rocks in the background.,T2V_data/label/vidgen_filter_gemini_part_0_dpo_4/F5FEj9U-CJM-Scene-0026/entity_20.mp4,T2V_data/label/vidgen_filter_gemini_part_0_dpo_4/F5FEj9U-CJM-Scene-0026/aug_entity_20.png
T2V_data/VIDGEN-1M_unzip/F8I5glR67zE-Scene-0049.mp4,"The video shows a football game being played in a stadium. The players are wearing helmets and uniforms, and the game is being played on a field with yard lines. The players are running, tackling, and throwing the ball. The crowd is cheering in the background.",T2V_data/label/vidgen_filter_gemini_part_0_dpo_4/F8I5glR67zE-Scene-0049/entity_20.mp4,T2V_data/label/vidgen_filter_gemini_part_0_dpo_4/F8I5glR67zE-Scene-0049/aug_entity_20.png
T2V_data/VIDGEN-1M_unzip/FAZTB4WM6yg-Scene-0006.mp4,"The video shows a person using a drill to carve a design into a wooden surface. The drill is making holes in the wood, and the person is using a tool to shape the holes into a specific pattern. The wooden surface appears to be a light brown color, and the drill is black and silver. The person is wearing gloves and is focused on the task at hand.",T2V_data/label/vidgen_filter_gemini_part_0_dpo_4/FAZTB4WM6yg-Scene-0006/entity_40.mp4,T2V_data/label/vidgen_filter_gemini_part_0_dpo_4/FAZTB4WM6yg-Scene-0006/aug_entity_40.png
T2V_data/VIDGEN-1M_unzip/FCXQio_fK-Y-Scene-0064.mp4,"In the video, a chef is cooking a dish in a pan on a stove. The chef is wearing a white shirt and gloves, and is using a spatula to stir the food in the pan. The chef then pours a liquid from a bowl into the pan, and continues to stir the food. The stove is black, and the pan is also black. The background is a red brick wall.",T2V_data/label/vidgen_filter_gemini_part_0_dpo_4/FCXQio_fK-Y-Scene-0064/entity_60.mp4,T2V_data/label/vidgen_filter_gemini_part_0_dpo_4/FCXQio_fK-Y-Scene-0064/aug_entity_60.png
T2V_data/VIDGEN-1M_unzip/FIM1TraQLZs-Scene-0072.mp4,The video shows a man skateboarding on a ramp. He is wearing a brown shirt and black pants. He starts by riding up the ramp and then jumps off to perform a trick in the air. He lands back on the ramp and continues to skateboard down it. The ramp is made of concrete and has graffiti on it. The background shows a yellow building.,T2V_data/label/vidgen_filter_gemini_part_0_dpo_4/FIM1TraQLZs-Scene-0072/entity_20.mp4,T2V_data/label/vidgen_filter_gemini_part_0_dpo_4/FIM1TraQLZs-Scene-0072/aug_entity_20.png
T2V_data/VIDGEN-1M_unzip/FIM1TraQLZs-Scene-0072.mp4,The video shows a man skateboarding on a ramp. He is wearing a brown shirt and black pants. He starts by riding up the ramp and then jumps off to perform a trick in the air. He lands back on the ramp and continues to skateboard down it. The ramp is made of concrete and has graffiti on it. The background shows a yellow building.,T2V_data/label/vidgen_filter_gemini_part_0_dpo_4/FIM1TraQLZs-Scene-0072/entity_40.mp4,T2V_data/label/vidgen_filter_gemini_part_0_dpo_4/FIM1TraQLZs-Scene-0072/aug_entity_40.png
T2V_data/VIDGEN-1M_unzip/FJfsD1H2z2U-Scene-0013.mp4,The video shows a large tractor with a sprayer attached to it driving across a field. The tractor is black and yellow and has large tires. The sprayer is silver and has multiple nozzles. The field is brown and appears to be dry. The sky is blue with white clouds.,T2V_data/label/vidgen_filter_gemini_part_0_dpo_4/FJfsD1H2z2U-Scene-0013/entity_20.mp4,T2V_data/label/vidgen_filter_gemini_part_0_dpo_4/FJfsD1H2z2U-Scene-0013/aug_entity_20.png
T2V_data/VIDGEN-1M_unzip/FXSdtiM-uCE-Scene-0006.mp4,"In the video, a brown and white dog is seen playing with a red toy. The dog is wearing a black leash and is standing on a stone path surrounded by snow. The dog is biting and pulling on the toy, and at one point, it jumps up on a stone to continue playing. The video captures the playful nature of the dog and its enjoyment of the toy.",T2V_data/label/vidgen_filter_gemini_part_0_dpo_4/FXSdtiM-uCE-Scene-0006/entity_20.mp4,T2V_data/label/vidgen_filter_gemini_part_0_dpo_4/FXSdtiM-uCE-Scene-0006/aug_entity_20.png
T2V_data/VIDGEN-1M_unzip/GKQk8_Terkk-Scene-0019.mp4,"The video shows a first-person view of a roller coaster ride. The camera is positioned in the front of the roller coaster cart, capturing the view of the track ahead. The cart is moving at a high speed, and the track is made of wood. The sky is clear and blue, and there are trees and other roller coasters visible in the background. The cart goes up and down on the track, with sharp turns and steep drops. The ride is thrilling and exciting, with the cart moving at a fast pace throughout the video.",T2V_data/label/vidgen_filter_gemini_part_0_dpo_4/GKQk8_Terkk-Scene-0019/entity_60.mp4,T2V_data/label/vidgen_filter_gemini_part_0_dpo_4/GKQk8_Terkk-Scene-0019/aug_entity_60.png
T2V_data/VIDGEN-1M_unzip/GKoQky4DkI0-Scene-0017.mp4,"In the video, a man is seen holding a small bottle of liquid in his hand. He is pouring the liquid into a white container that is placed on the ground. The liquid appears to be dark in color. The man is wearing a black shirt and black shoes. The container is placed on a surface that is covered with dry leaves. The man is standing next to a dog that is also present in the video. The dog is brown and appears to be watching the man as he pours the liquid. The man seems to be focused on pouring the liquid into the container. The video does not contain any dialogue or sound.",T2V_data/label/vidgen_filter_gemini_part_0_dpo_4/GKoQky4DkI0-Scene-0017/entity_60.mp4,T2V_data/label/vidgen_filter_gemini_part_0_dpo_4/GKoQky4DkI0-Scene-0017/aug_entity_60.png
T2V_data/VIDGEN-1M_unzip/GSEK1er_98A-Scene-0001.mp4,The video features a man and a woman standing behind a table with two black bears. The man is wearing a beige jacket and the woman is wearing a red dress. They are petting the bears and feeding them from metal bowls. The bears are black and seem to be enjoying the attention and food. The background is a forest scene.,T2V_data/label/vidgen_filter_gemini_part_0_dpo_4/GSEK1er_98A-Scene-0001/entity_20.mp4,T2V_data/label/vidgen_filter_gemini_part_0_dpo_4/GSEK1er_98A-Scene-0001/aug_entity_20.png
T2V_data/VIDGEN-1M_unzip/GSEK1er_98A-Scene-0001.mp4,The video features a man and a woman standing behind a table with two black bears. The man is wearing a beige jacket and the woman is wearing a red dress. They are petting the bears and feeding them from metal bowls. The bears are black and seem to be enjoying the attention and food. The background is a forest scene.,T2V_data/label/vidgen_filter_gemini_part_0_dpo_4/GSEK1er_98A-Scene-0001/entity_40.mp4,T2V_data/label/vidgen_filter_gemini_part_0_dpo_4/GSEK1er_98A-Scene-0001/aug_entity_40.png
T2V_data/VIDGEN-1M_unzip/GaPKUkIEkrI-Scene-0045.mp4,"In the video, a man is seen in a pet store aisle. He is wearing a blue shirt and white shorts. He is bending over to pick up a large bag of dog food. The man is using both hands to lift the bag, and he appears to be struggling with the weight. The aisle is lined with shelves filled with various pet food products. The lighting in the store is bright, and there are other customers visible in the background. The man successfully lifts the bag and places it in his shopping cart.",T2V_data/label/vidgen_filter_gemini_part_0_dpo_4/GaPKUkIEkrI-Scene-0045/entity_20.mp4,T2V_data/label/vidgen_filter_gemini_part_0_dpo_4/GaPKUkIEkrI-Scene-0045/aug_entity_20.png
T2V_data/VIDGEN-1M_unzip/GgfCLlZbL1o-Scene-0078.mp4,"The video shows a person riding a dirt bike. The rider is wearing a helmet and a black and yellow jacket. The bike is green and the rider is holding the handlebars. The background is blurry, but it appears to be a rural area with trees and a building. The video is shot from the rider's point of view, giving the viewer a sense of being on the bike. The rider is moving at a fast pace, and the bike is making a lot of noise. The video is shaky, indicating that it was likely shot with a handheld camera.",T2V_data/label/vidgen_filter_gemini_part_0_dpo_4/GgfCLlZbL1o-Scene-0078/entity_20.mp4,T2V_data/label/vidgen_filter_gemini_part_0_dpo_4/GgfCLlZbL1o-Scene-0078/aug_entity_20.png
T2V_data/VIDGEN-1M_unzip/GgfCLlZbL1o-Scene-0078.mp4,"The video shows a person riding a dirt bike. The rider is wearing a helmet and a black and yellow jacket. The bike is green and the rider is holding the handlebars. The background is blurry, but it appears to be a rural area with trees and a building. The video is shot from the rider's point of view, giving the viewer a sense of being on the bike. The rider is moving at a fast pace, and the bike is making a lot of noise. The video is shaky, indicating that it was likely shot with a handheld camera.",T2V_data/label/vidgen_filter_gemini_part_0_dpo_4/GgfCLlZbL1o-Scene-0078/entity_40.mp4,T2V_data/label/vidgen_filter_gemini_part_0_dpo_4/GgfCLlZbL1o-Scene-0078/aug_entity_40.png
T2V_data/VIDGEN-1M_unzip/GuvQ1lME8qo-Scene-0012.mp4,"The video shows a person's hands kneading a ball of dough on a wooden surface. The hands are covered in flour, and the dough is being folded and pressed repeatedly. The wooden surface is also dusted with flour, and the background is blurred, focusing the viewer's attention on the kneading process.",T2V_data/label/vidgen_filter_gemini_part_0_dpo_4/GuvQ1lME8qo-Scene-0012/entity_20.mp4,T2V_data/label/vidgen_filter_gemini_part_0_dpo_4/GuvQ1lME8qo-Scene-0012/aug_entity_20.png
T2V_data/VIDGEN-1M_unzip/H72gXZvh6Jg-Scene-0036.mp4,"In the video, a young boy is seen holding a drill and using it to drill into the ground. He is wearing a yellow shirt and a straw hat. The boy appears to be focused on his task, and the drill is making a loud noise as it penetrates the ground. The boy is standing in a yard with some plants and trees in the background. The ground is covered with dirt and small rocks. The boy is wearing jeans and sneakers, and he seems to be enjoying the activity. The video captures the boy's concentration and determination as he works on his project.",T2V_data/label/vidgen_filter_gemini_part_0_dpo_4/H72gXZvh6Jg-Scene-0036/entity_40.mp4,T2V_data/label/vidgen_filter_gemini_part_0_dpo_4/H72gXZvh6Jg-Scene-0036/aug_entity_40.png
T2V_data/VIDGEN-1M_unzip/HTh_5CWMSoQ-Scene-0045.mp4,"In the video, a person wearing blue gloves is seen stirring a white substance in a clear glass beaker with a metal rod. The substance appears to be a thick liquid or gel. The beaker is placed on a black surface, and the person stirs the substance in a circular motion. The substance slowly dissolves, and the person continues to stir it until it becomes a homogeneous mixture. The video is shot in close-up, focusing on the beaker and the person's hands.",T2V_data/label/vidgen_filter_gemini_part_0_dpo_4/HTh_5CWMSoQ-Scene-0045/entity_20.mp4,T2V_data/label/vidgen_filter_gemini_part_0_dpo_4/HTh_5CWMSoQ-Scene-0045/aug_entity_20.png
T2V_data/VIDGEN-1M_unzip/Hcs8HgWzKYU-Scene-0017.mp4,"The video shows a close-up of a snake on a table. The snake is white with brown spots and has a long, thin body. The person's hand reaches out and touches the snake, causing it to move its head and body. The snake's scales are visible and shiny. The table is black and has a smooth surface.",T2V_data/label/vidgen_filter_gemini_part_0_dpo_4/Hcs8HgWzKYU-Scene-0017/entity_40.mp4,T2V_data/label/vidgen_filter_gemini_part_0_dpo_4/Hcs8HgWzKYU-Scene-0017/aug_entity_40.png
T2V_data/VIDGEN-1M_unzip/HgyUW0ABq10-Scene-0054.mp4,The video shows two girls in a martial arts gym. One girl is lying on the ground while the other girl is standing over her. The standing girl then jumps onto the back of the girl on the ground and performs a move that causes the girl on the ground to tap out. The standing girl then stands up and walks away. The gym has a red mat on the floor and there are other people in the background.,T2V_data/label/vidgen_filter_gemini_part_0_dpo_4/HgyUW0ABq10-Scene-0054/entity_20.mp4,T2V_data/label/vidgen_filter_gemini_part_0_dpo_4/HgyUW0ABq10-Scene-0054/aug_entity_20.png
T2V_data/VIDGEN-1M_unzip/HpOn1qX5caE-Scene-0044.mp4,"The video shows a person holding a piece of bread in their left hand and a knife in their right hand. The person is using the knife to cut the bread into smaller pieces. The bread appears to be a whole grain variety, with a brown crust and a lighter interior. The person is wearing a white shirt and a watch on their left wrist. The background is blurred, but it appears to be a kitchen or bakery setting.",T2V_data/label/vidgen_filter_gemini_part_0_dpo_4/HpOn1qX5caE-Scene-0044/entity_40.mp4,T2V_data/label/vidgen_filter_gemini_part_0_dpo_4/HpOn1qX5caE-Scene-0044/aug_entity_40.png
T2V_data/VIDGEN-1M_unzip/HydECt-7AIc-Scene-0003.mp4,"The video shows a person riding a horse in an arena. The rider is wearing a black jacket, white pants, and a black helmet. The horse is brown with a black mane and tail. They are jumping over a white obstacle with blue and orange flowers on the sides. The arena has a dirt floor and there are people watching from the stands.",T2V_data/label/vidgen_filter_gemini_part_0_dpo_4/HydECt-7AIc-Scene-0003/entity_60.mp4,T2V_data/label/vidgen_filter_gemini_part_0_dpo_4/HydECt-7AIc-Scene-0003/aug_entity_60.png
T2V_data/VIDGEN-1M_unzip/IP4QN4QHowY-Scene-0009.mp4,"The video shows a football game in progress, with players from two teams engaged in a play. The players are wearing helmets and pads, and the field is marked with white lines. One player is seen running with the ball, dodging opponents, and eventually being tackled by a group of players from the opposing team. The crowd in the stands can be seen in the background, cheering and watching the game. The video is shot from a distance, capturing the entire play and the immediate aftermath of the tackle.",T2V_data/label/vidgen_filter_gemini_part_0_dpo_4/IP4QN4QHowY-Scene-0009/entity_80.mp4,T2V_data/label/vidgen_filter_gemini_part_0_dpo_4/IP4QN4QHowY-Scene-0009/aug_entity_80.png
T2V_data/VIDGEN-1M_unzip/Ia1j8I3vXS4-Scene-0016.mp4,"The video shows a man wearing a chef's hat and apron standing in front of a stone oven. He is holding a tray of bread and appears to be taking it out of the oven. A woman in a blue dress is standing next to him, and she takes the tray from him. The man then closes the oven door. The setting appears to be a medieval-style bakery.",T2V_data/label/vidgen_filter_gemini_part_0_dpo_4/Ia1j8I3vXS4-Scene-0016/entity_40.mp4,T2V_data/label/vidgen_filter_gemini_part_0_dpo_4/Ia1j8I3vXS4-Scene-0016/aug_entity_40.png
T2V_data/VIDGEN-1M_unzip/IeLczpPCqV8-Scene-0033.mp4,"In the video, there are two glass containers placed on a concrete surface. The container on the left is a blue-colored flask, while the one on the right is a clear mason jar. The flask is filled with a blue liquid, and the mason jar is filled with a clear liquid. The person in the video is holding a black bottle, and they are pouring the liquid from the bottle into the mason jar. The liquid from the bottle is also blue, and it is being poured in such a way that it mixes with the clear liquid in the mason jar, creating a swirling effect. The background of the video shows a grassy area with trees and a pathway.",T2V_data/label/vidgen_filter_gemini_part_0_dpo_4/IeLczpPCqV8-Scene-0033/entity_100.mp4,T2V_data/label/vidgen_filter_gemini_part_0_dpo_4/IeLczpPCqV8-Scene-0033/aug_entity_100.png
T2V_data/VIDGEN-1M_unzip/IeLczpPCqV8-Scene-0033.mp4,"In the video, there are two glass containers placed on a concrete surface. The container on the left is a blue-colored flask, while the one on the right is a clear mason jar. The flask is filled with a blue liquid, and the mason jar is filled with a clear liquid. The person in the video is holding a black bottle, and they are pouring the liquid from the bottle into the mason jar. The liquid from the bottle is also blue, and it is being poured in such a way that it mixes with the clear liquid in the mason jar, creating a swirling effect. The background of the video shows a grassy area with trees and a pathway.",T2V_data/label/vidgen_filter_gemini_part_0_dpo_4/IeLczpPCqV8-Scene-0033/entity_60.mp4,T2V_data/label/vidgen_filter_gemini_part_0_dpo_4/IeLczpPCqV8-Scene-0033/aug_entity_60.png
T2V_data/VIDGEN-1M_unzip/J0weCTBKRyY-Scene-0036.mp4,"The video shows a soccer game being played on a field. The players are wearing red and white uniforms and are seen running around the field, passing the ball to each other. The ball is kicked into the goal by one of the players, and the crowd cheers in the background. The video is shot from a high angle, showing the entire field and the players' movements.",T2V_data/label/vidgen_filter_gemini_part_0_dpo_4/J0weCTBKRyY-Scene-0036/entity_60.mp4,T2V_data/label/vidgen_filter_gemini_part_0_dpo_4/J0weCTBKRyY-Scene-0036/aug_entity_60.png
T2V_data/VIDGEN-1M_unzip/J1vUqPwkjNM-Scene-0066.mp4,"The video shows a close-up of a person's hand holding a black and orange power tool. The hand is pressing a red button on the tool, which is causing the blade to spin. The word ""SWITCH"" is visible on the screen.",T2V_data/label/vidgen_filter_gemini_part_0_dpo_4/J1vUqPwkjNM-Scene-0066/entity_60.mp4,T2V_data/label/vidgen_filter_gemini_part_0_dpo_4/J1vUqPwkjNM-Scene-0066/aug_entity_60.png
T2V_data/VIDGEN-1M_unzip/JPtWoHdlQcw-Scene-0046.mp4,"The video shows a group of cars racing on a dirt track. The cars are of different colors and models, and they are driving at high speeds, making sharp turns and maneuvers. The track is surrounded by a fence, and there are people watching from the sidelines. The cars are kicking up dust as they race, and the sound of the engines can be heard in the background. The video captures the excitement and intensity of the race, with the cars speeding past each other and competing for the lead.",T2V_data/label/vidgen_filter_gemini_part_0_dpo_4/JPtWoHdlQcw-Scene-0046/entity_20.mp4,T2V_data/label/vidgen_filter_gemini_part_0_dpo_4/JPtWoHdlQcw-Scene-0046/aug_entity_20.png
T2V_data/VIDGEN-1M_unzip/JQU6LbAx_BA-Scene-0136.mp4,"In the video, a cat is seen sitting on a rug. The cat is wearing a collar and is looking at a yellow toy. The cat then begins to play with the toy, batting it with its paws. The cat seems to be enjoying itself as it continues to play with the toy. The rug is placed on a wooden floor, and there is a desk with a computer in the background. The cat's fur is a mix of gray and white, and it has a slender build. The toy is a simple yellow ball with a black line drawn on it. The cat's eyes are focused on the toy, and its ears are perked up. The lighting in the room is natural, and there are no other objects or animals visible in the video.",T2V_data/label/vidgen_filter_gemini_part_0_dpo_4/JQU6LbAx_BA-Scene-0136/entity_80.mp4,T2V_data/label/vidgen_filter_gemini_part_0_dpo_4/JQU6LbAx_BA-Scene-0136/aug_entity_80.png
T2V_data/VIDGEN-1M_unzip/JTB9Xjip86s-Scene-0050.mp4,"The video shows a young man wearing a hat sitting in a roller coaster car. The man is holding onto the safety bars, and he looks scared. The roller coaster car is blue and has the word \""TWISTER\"" written on the side. The background shows other roller coaster cars and a colorful display of lights.",T2V_data/label/vidgen_filter_gemini_part_0_dpo_4/JTB9Xjip86s-Scene-0050/entity_20.mp4,T2V_data/label/vidgen_filter_gemini_part_0_dpo_4/JTB9Xjip86s-Scene-0050/aug_entity_20.png
T2V_data/VIDGEN-1M_unzip/K2f0CZn3Fm4-Scene-0022.mp4,"In the video, a person is seen holding a small wooden object in their hand. The object has a metal ring attached to it, and the person is using a green rubber band to tie it onto the ring. The person's hands are visible, and they appear to be working carefully to secure the rubber band in place. The background is blurred, but it seems to be an indoor setting. The person's movements are deliberate and precise, indicating that they are experienced in this task. The video provides a close-up view of the process, allowing the viewer to see the details of the rubber band and the wooden object.",T2V_data/label/vidgen_filter_gemini_part_0_dpo_4/K2f0CZn3Fm4-Scene-0022/entity_80.mp4,T2V_data/label/vidgen_filter_gemini_part_0_dpo_4/K2f0CZn3Fm4-Scene-0022/aug_entity_80.png
T2V_data/VIDGEN-1M_unzip/K3_keYLL2BE-Scene-0020.mp4,"The video shows a group of people cooking corn on the cob over an open fire. The fire is made of wood and is located in the middle of the ground. The corn is being cooked on a grill made of metal rods. The people are using long-handled tongs to turn the corn over the fire. The corn is white and appears to be in the process of being cooked. The people are wearing casual clothing and appear to be enjoying the cooking process. The environment around them is natural and green, suggesting that they are in a rural or outdoor setting.",T2V_data/label/vidgen_filter_gemini_part_0_dpo_4/K3_keYLL2BE-Scene-0020/entity_20.mp4,T2V_data/label/vidgen_filter_gemini_part_0_dpo_4/K3_keYLL2BE-Scene-0020/aug_entity_20.png
T2V_data/VIDGEN-1M_unzip/K3_keYLL2BE-Scene-0020.mp4,"The video shows a group of people cooking corn on the cob over an open fire. The fire is made of wood and is located in the middle of the ground. The corn is being cooked on a grill made of metal rods. The people are using long-handled tongs to turn the corn over the fire. The corn is white and appears to be in the process of being cooked. The people are wearing casual clothing and appear to be enjoying the cooking process. The environment around them is natural and green, suggesting that they are in a rural or outdoor setting.",T2V_data/label/vidgen_filter_gemini_part_0_dpo_4/K3_keYLL2BE-Scene-0020/entity_40.mp4,T2V_data/label/vidgen_filter_gemini_part_0_dpo_4/K3_keYLL2BE-Scene-0020/aug_entity_40.png
T2V_data/VIDGEN-1M_unzip/K3_keYLL2BE-Scene-0020.mp4,"The video shows a group of people cooking corn on the cob over an open fire. The fire is made of wood and is located in the middle of the ground. The corn is being cooked on a grill made of metal rods. The people are using long-handled tongs to turn the corn over the fire. The corn is white and appears to be in the process of being cooked. The people are wearing casual clothing and appear to be enjoying the cooking process. The environment around them is natural and green, suggesting that they are in a rural or outdoor setting.",T2V_data/label/vidgen_filter_gemini_part_0_dpo_4/K3_keYLL2BE-Scene-0020/entity_60.mp4,T2V_data/label/vidgen_filter_gemini_part_0_dpo_4/K3_keYLL2BE-Scene-0020/aug_entity_60.png
T2V_data/VIDGEN-1M_unzip/KYK17kus-Dc-Scene-0066.mp4,The video shows a sea turtle swimming underwater. The turtle is seen from different angles as it moves around in the water. The turtle has a shell with a pattern of dark spots on a lighter background. The water is clear and greenish in color. There are no other visible creatures or objects in the water.,T2V_data/label/vidgen_filter_gemini_part_0_dpo_4/KYK17kus-Dc-Scene-0066/entity_20.mp4,T2V_data/label/vidgen_filter_gemini_part_0_dpo_4/KYK17kus-Dc-Scene-0066/aug_entity_20.png
T2V_data/VIDGEN-1M_unzip/KYK17kus-Dc-Scene-0066.mp4,The video shows a sea turtle swimming underwater. The turtle is seen from different angles as it moves around in the water. The turtle has a shell with a pattern of dark spots on a lighter background. The water is clear and greenish in color. There are no other visible creatures or objects in the water.,T2V_data/label/vidgen_filter_gemini_part_0_dpo_4/KYK17kus-Dc-Scene-0066/entity_40.mp4,T2V_data/label/vidgen_filter_gemini_part_0_dpo_4/KYK17kus-Dc-Scene-0066/aug_entity_40.png
T2V_data/VIDGEN-1M_unzip/K_lTXB7cwk0-Scene-0114.mp4,"The video shows a black and red boat moving through the water, creating a large wake behind it. The boat is moving at a high speed, and the wake is spreading out in all directions. The water is a deep blue color, and the sky is clear. The boat appears to be a small to medium-sized motorboat, and there are no visible passengers on board. The wake created by the boat is white and frothy, indicating the boat's speed and power.",T2V_data/label/vidgen_filter_gemini_part_0_dpo_4/K_lTXB7cwk0-Scene-0114/entity_40.mp4,T2V_data/label/vidgen_filter_gemini_part_0_dpo_4/K_lTXB7cwk0-Scene-0114/aug_entity_40.png
T2V_data/VIDGEN-1M_unzip/KfP_LfUiwdc-Scene-0057.mp4,"The video shows a person's hands working on a small white device with wires. The person is seen placing a small plastic tube into the device, then bending it to fit inside. The person then uses a hot glue gun to secure the tube in place. The device appears to be a small fan or motor, and the person seems to be assembling or repairing it.",T2V_data/label/vidgen_filter_gemini_part_0_dpo_4/KfP_LfUiwdc-Scene-0057/entity_40.mp4,T2V_data/label/vidgen_filter_gemini_part_0_dpo_4/KfP_LfUiwdc-Scene-0057/aug_entity_40.png
T2V_data/VIDGEN-1M_unzip/Kfq6LLyCXUg-Scene-0104.mp4,The video shows a yellow toy truck with black wheels and a gray platform. The truck is positioned on a green surface. A brown toy train track is placed in front of the truck. A person's hand is seen placing a blue toy train with red and white accents on the track. The train is then pushed onto the truck's platform. The person's hand is also seen removing the train from the truck.,T2V_data/label/vidgen_filter_gemini_part_0_dpo_4/Kfq6LLyCXUg-Scene-0104/entity_60.mp4,T2V_data/label/vidgen_filter_gemini_part_0_dpo_4/Kfq6LLyCXUg-Scene-0104/aug_entity_60.png
T2V_data/VIDGEN-1M_unzip/Khh8wPHCwV0-Scene-0006.mp4,"In the video, a person is seen using a chisel to carve a piece of wood. The chisel is made of metal and has a sharp edge. The person holds the chisel with one hand and uses the other hand to push it into the wood. As the chisel is pushed into the wood, small pieces of wood are chipped away. The person then uses a metal file to smooth out the edges of the carved wood. The wood appears to be a dark brown color, and the background is blurred, but it seems to be a workshop setting.",T2V_data/label/vidgen_filter_gemini_part_0_dpo_4/Khh8wPHCwV0-Scene-0006/entity_60.mp4,T2V_data/label/vidgen_filter_gemini_part_0_dpo_4/Khh8wPHCwV0-Scene-0006/aug_entity_60.png
T2V_data/VIDGEN-1M_unzip/Kk4PdosKRZg-Scene-0062.mp4,"In the video, a man is seen standing next to a vehicle. He is wearing a green jacket and a brown cap. The man is holding a hammer in his hand and is seen hitting the window of the vehicle with it. The vehicle is a dark blue color and has a silver rack on top. The man hits the window several times, causing it to crack and break. The background shows a wooded area with trees.",T2V_data/label/vidgen_filter_gemini_part_0_dpo_4/Kk4PdosKRZg-Scene-0062/entity_60.mp4,T2V_data/label/vidgen_filter_gemini_part_0_dpo_4/Kk4PdosKRZg-Scene-0062/aug_entity_60.png
T2V_data/VIDGEN-1M_unzip/KxovJA8FDg0-Scene-0214.mp4,"In the video, a man is seen holding onto a rope that is attached to a helicopter. The helicopter is hovering above the man, and he appears to be either being lifted or lowered by the helicopter. The man is wearing a helmet and gloves, indicating that he may be engaged in some sort of rescue or maintenance operation. The sky is visible in the background, suggesting that the operation is taking place outdoors. The helicopter is red and white, and it has a large rotor on top. The man is holding onto the rope with both hands, and his body is angled towards the helicopter, indicating that he is actively participating in the operation. The video does not provide any additional context or information about the location or purpose of the operation.",T2V_data/label/vidgen_filter_gemini_part_0_dpo_4/KxovJA8FDg0-Scene-0214/entity_40.mp4,T2V_data/label/vidgen_filter_gemini_part_0_dpo_4/KxovJA8FDg0-Scene-0214/aug_entity_40.png
T2V_data/VIDGEN-1M_unzip/L44l7PTbhIg-Scene-0013.mp4,"In the video, a person is seen working on a car's brake system. The person is using a wrench to loosen the lug nuts on the brake rotor. The person then removes the rotor and replaces it with a new one. The person then uses the wrench to tighten the lug nuts back onto the rotor. The person's hands are visible in the video, and they are wearing a black shirt. The car is parked in a garage, and the person is standing underneath the car. The video is shot in a vertical orientation.",T2V_data/label/vidgen_filter_gemini_part_0_dpo_4/L44l7PTbhIg-Scene-0013/entity_60.mp4,T2V_data/label/vidgen_filter_gemini_part_0_dpo_4/L44l7PTbhIg-Scene-0013/aug_entity_60.png
T2V_data/VIDGEN-1M_unzip/L6Rx-RgIGt0-Scene-0136.mp4,"In the video, a man is seen sitting on the ground next to a bicycle. He then stands up and picks up the bicycle. After that, he mounts the bicycle and begins to ride it. The man is wearing an orange shirt and black pants. The bicycle appears to be a standard two-wheeled bicycle with a basket on the back. The setting seems to be a rural area with trees and grass in the background. The man rides the bicycle for a short distance before the video ends.",T2V_data/label/vidgen_filter_gemini_part_0_dpo_4/L6Rx-RgIGt0-Scene-0136/entity_20.mp4,T2V_data/label/vidgen_filter_gemini_part_0_dpo_4/L6Rx-RgIGt0-Scene-0136/aug_entity_20.png
T2V_data/VIDGEN-1M_unzip/L6Rx-RgIGt0-Scene-0136.mp4,"In the video, a man is seen sitting on the ground next to a bicycle. He then stands up and picks up the bicycle. After that, he mounts the bicycle and begins to ride it. The man is wearing an orange shirt and black pants. The bicycle appears to be a standard two-wheeled bicycle with a basket on the back. The setting seems to be a rural area with trees and grass in the background. The man rides the bicycle for a short distance before the video ends.",T2V_data/label/vidgen_filter_gemini_part_0_dpo_4/L6Rx-RgIGt0-Scene-0136/entity_40.mp4,T2V_data/label/vidgen_filter_gemini_part_0_dpo_4/L6Rx-RgIGt0-Scene-0136/aug_entity_40.png
T2V_data/VIDGEN-1M_unzip/LPji8ZHiHG0-Scene-0090.mp4,The video shows a space shuttle launching from a launchpad. The shuttle is white with orange and black stripes. It is surrounded by a large amount of smoke and fire. The shuttle is slowly rising into the air as the smoke and fire continue to billow out. The sky is blue with some clouds.,T2V_data/label/vidgen_filter_gemini_part_0_dpo_4/LPji8ZHiHG0-Scene-0090/entity_20.mp4,T2V_data/label/vidgen_filter_gemini_part_0_dpo_4/LPji8ZHiHG0-Scene-0090/aug_entity_20.png
T2V_data/VIDGEN-1M_unzip/LPji8ZHiHG0-Scene-0090.mp4,The video shows a space shuttle launching from a launchpad. The shuttle is white with orange and black stripes. It is surrounded by a large amount of smoke and fire. The shuttle is slowly rising into the air as the smoke and fire continue to billow out. The sky is blue with some clouds.,T2V_data/label/vidgen_filter_gemini_part_0_dpo_4/LPji8ZHiHG0-Scene-0090/entity_60.mp4,T2V_data/label/vidgen_filter_gemini_part_0_dpo_4/LPji8ZHiHG0-Scene-0090/aug_entity_60.png
T2V_data/VIDGEN-1M_unzip/LQkG_FsZcDg-Scene-0011.mp4,"In the video, a young boy is seen playing with a toy truck. The truck is yellow and has a black trailer attached to it. The boy is pushing the truck along a black ramp. There are several black tires scattered on the ground around the ramp. The boy appears to be having fun as he pushes the truck up and down the ramp.",T2V_data/label/vidgen_filter_gemini_part_0_dpo_4/LQkG_FsZcDg-Scene-0011/entity_40.mp4,T2V_data/label/vidgen_filter_gemini_part_0_dpo_4/LQkG_FsZcDg-Scene-0011/aug_entity_40.png
T2V_data/VIDGEN-1M_unzip/LTkt3hLfN6o-Scene-0040.mp4,"The video shows a football player in a black and teal uniform leaping into the air to catch a football. The player is surrounded by other players in white and blue uniforms. The football player in black and teal is wearing a helmet and gloves, and the football is visible in the air. The other players are also wearing helmets and gloves, and some are reaching out towards the football. The background shows a blue and orange field.",T2V_data/label/vidgen_filter_gemini_part_0_dpo_4/LTkt3hLfN6o-Scene-0040/entity_20.mp4,T2V_data/label/vidgen_filter_gemini_part_0_dpo_4/LTkt3hLfN6o-Scene-0040/aug_entity_20.png
T2V_data/VIDGEN-1M_unzip/LUlh3NlTFK8-Scene-0007.mp4,"The video shows a group of people gathered around a burning tire on the street. One man is seen pushing the tire away from the fire. The crowd is cheering and celebrating, with some people raising their arms in the air. The fire is intense and the smoke is thick, indicating that the tire has been burning for some time. The people in the video appear to be enjoying the spectacle, as they are smiling and laughing while watching the fire. The location of the fire is not specified, but it appears to be in a public area, possibly a street or a parking lot. The video does not provide any information about the cause of the fire or the reason for the celebration.",T2V_data/label/vidgen_filter_gemini_part_0_dpo_4/LUlh3NlTFK8-Scene-0007/entity_40.mp4,T2V_data/label/vidgen_filter_gemini_part_0_dpo_4/LUlh3NlTFK8-Scene-0007/aug_entity_40.png
T2V_data/VIDGEN-1M_unzip/L_x49fAJPb4-Scene-0028.mp4,"In the video, a person is holding a small animal in their hands. The animal is being fed a worm by the person. The animal appears to be a sugar glider, a small marsupial with large eyes and a pointed snout. The person's hands are visible, and they are wearing a green shirt. The background is a plain, solid color. The worm is being held between the person's fingers and is being fed to the sugar glider. The sugar glider is actively eating the worm.",T2V_data/label/vidgen_filter_gemini_part_0_dpo_4/L_x49fAJPb4-Scene-0028/entity_80.mp4,T2V_data/label/vidgen_filter_gemini_part_0_dpo_4/L_x49fAJPb4-Scene-0028/aug_entity_80.png
T2V_data/VIDGEN-1M_unzip/Lnq-KrtNqu8-Scene-0031.mp4,"In the video, a man is seen pushing a red shopping cart down an aisle in a grocery store. The man is leaning over the cart with his head down, and he appears to be sleeping. The aisle is lined with various grocery items, and there are refrigerators on the right side. The man is wearing a gray sweatshirt and blue jeans. The shopping cart is empty, and there are no other people visible in the video.",T2V_data/label/vidgen_filter_gemini_part_0_dpo_4/Lnq-KrtNqu8-Scene-0031/entity_40.mp4,T2V_data/label/vidgen_filter_gemini_part_0_dpo_4/Lnq-KrtNqu8-Scene-0031/aug_entity_40.png
T2V_data/VIDGEN-1M_unzip/LtdCMNP5io8-Scene-0177.mp4,"The video shows a large submarine being launched into the water. The submarine is dark gray in color and has a sleek, streamlined shape. It is being carefully lowered into the water from a ship that is docked nearby. The ship has a white superstructure and a gray hull, with several flags flying from the mast. The sky is overcast, and the water appears calm. There are several people visible on the ship and on the dock, wearing uniforms and observing the launch. The submarine is marked with the number 64 and has a large conning tower with several antennas and radar equipment on top.",T2V_data/label/vidgen_filter_gemini_part_0_dpo_4/LtdCMNP5io8-Scene-0177/entity_40.mp4,T2V_data/label/vidgen_filter_gemini_part_0_dpo_4/LtdCMNP5io8-Scene-0177/aug_entity_40.png
T2V_data/VIDGEN-1M_unzip/Lu4_Je4Rix8-Scene-0094.mp4,"In the video, we see a person's hand with red nail polish, pressing down on a white substance inside a clear plastic container. The substance appears to be a type of slime or putty. The person's hand moves in and out of the frame, pressing and pulling the substance, causing it to stretch and change shape. The background is a solid yellow color, providing a contrast to the white substance. There is no visible text or subtitles in the video.",T2V_data/label/vidgen_filter_gemini_part_0_dpo_4/Lu4_Je4Rix8-Scene-0094/entity_40.mp4,T2V_data/label/vidgen_filter_gemini_part_0_dpo_4/Lu4_Je4Rix8-Scene-0094/aug_entity_40.png
T2V_data/VIDGEN-1M_unzip/Lw_BeVSJZic-Scene-0038.mp4,"The video starts with a close-up shot of a person's hand with a black glove on it. The hand is placed on a black surface, and the person starts to dig into the surface with their fingers. As the hand digs deeper, it becomes clear that the surface is actually a pile of black sand. The person continues to dig, and eventually, a handful of black sand is lifted from the pile. The sand is then shown in the person's hand, and it appears to be fine and grainy. The person then drops the sand back onto the pile, and the video ends.",T2V_data/label/vidgen_filter_gemini_part_0_dpo_4/Lw_BeVSJZic-Scene-0038/entity_20.mp4,T2V_data/label/vidgen_filter_gemini_part_0_dpo_4/Lw_BeVSJZic-Scene-0038/aug_entity_20.png
T2V_data/VIDGEN-1M_unzip/LzLr1TFF4Z8-Scene-0057.mp4,"The video shows a man riding a bull in a rodeo arena. The bull bucks wildly, throwing the rider off its back. The rider lands on the ground, and the bull continues to buck around the arena. The video is shot from a distance, and the quality is not very clear.",T2V_data/label/vidgen_filter_gemini_part_0_dpo_4/LzLr1TFF4Z8-Scene-0057/entity_20.mp4,T2V_data/label/vidgen_filter_gemini_part_0_dpo_4/LzLr1TFF4Z8-Scene-0057/aug_entity_20.png
T2V_data/VIDGEN-1M_unzip/MB4UjqlnvqA-Scene-0009.mp4,"The video shows a man windsurfing on the ocean. He is wearing a black and white life jacket and black shorts. The windsurfing board is red and white, and the sail is yellow and black. The man is holding onto the sail with both hands and leaning back to maintain balance. The ocean is a deep blue color, and there are hills in the background. The man is moving quickly across the water, and the sail is catching the wind.",T2V_data/label/vidgen_filter_gemini_part_0_dpo_4/MB4UjqlnvqA-Scene-0009/entity_60.mp4,T2V_data/label/vidgen_filter_gemini_part_0_dpo_4/MB4UjqlnvqA-Scene-0009/aug_entity_60.png
T2V_data/VIDGEN-1M_unzip/MU4c7t0JohY-Scene-0068.mp4,"The video shows a man skateboarding in a skate park. He is wearing a black shirt, black shorts, and yellow socks. The skate park has various ramps and obstacles. The man is seen performing tricks on his skateboard, such as jumps and turns. The sky is clear and blue, and there are trees and buildings in the background.",T2V_data/label/vidgen_filter_gemini_part_0_dpo_4/MU4c7t0JohY-Scene-0068/entity_40.mp4,T2V_data/label/vidgen_filter_gemini_part_0_dpo_4/MU4c7t0JohY-Scene-0068/aug_entity_40.png
T2V_data/VIDGEN-1M_unzip/Md9vFflGALo-Scene-0019.mp4,"The video shows a person's hands holding a black rifle and demonstrating how to remove and replace the bolt. The person uses their fingers to push the bolt back and forth, showing how it fits into the rifle. The rifle is black with a matte finish, and the bolt is also black. The person's hands are steady, and they move the bolt with precision. The background is blurred, but it appears to be a workshop or garage setting.",T2V_data/label/vidgen_filter_gemini_part_0_dpo_4/Md9vFflGALo-Scene-0019/entity_20.mp4,T2V_data/label/vidgen_filter_gemini_part_0_dpo_4/Md9vFflGALo-Scene-0019/aug_entity_20.png
T2V_data/VIDGEN-1M_unzip/MgyJqwIBxX8-Scene-0102.mp4,"In the video, a man is seen standing in a room with a bookshelf behind him. He is holding a ball in his hand and appears to be juggling it. The man is wearing a blue shirt and khaki pants. The room has a wooden floor and a glass table in the foreground. The bookshelf is filled with various books and items. The man seems to be enjoying himself as he juggles the ball.",T2V_data/label/vidgen_filter_gemini_part_0_dpo_4/MgyJqwIBxX8-Scene-0102/entity_60.mp4,T2V_data/label/vidgen_filter_gemini_part_0_dpo_4/MgyJqwIBxX8-Scene-0102/aug_entity_60.png
T2V_data/VIDGEN-1M_unzip/MuNwpdKqlk8-Scene-0033.mp4,"The video shows a close-up of a white bowl filled with white powder. A pink spoon is being used to mix the powder, and as the spoon stirs, the powder begins to change color. The color change is gradual, starting from a light blue and becoming more vibrant as the mixing continues. The bowl is placed on a wooden surface, and there are small white particles scattered around the bowl.",T2V_data/label/vidgen_filter_gemini_part_0_dpo_4/MuNwpdKqlk8-Scene-0033/entity_20.mp4,T2V_data/label/vidgen_filter_gemini_part_0_dpo_4/MuNwpdKqlk8-Scene-0033/aug_entity_20.png
T2V_data/VIDGEN-1M_unzip/Mvy9mzrDnuI-Scene-0063.mp4,"In the video, a person is seen using a glue stick to apply glue to a piece of paper. The paper is then folded in half and pressed down to secure the glue. The person repeats this process several times, applying glue and folding the paper. The video is shot from a top-down perspective, and the person's hands are the only parts of them visible. The paper appears to be pink with a pattern of hearts and flowers. The glue stick is white with a yellow cap. The person's hands are steady as they work, and the video is shot in a well-lit room.",T2V_data/label/vidgen_filter_gemini_part_0_dpo_4/Mvy9mzrDnuI-Scene-0063/entity_20.mp4,T2V_data/label/vidgen_filter_gemini_part_0_dpo_4/Mvy9mzrDnuI-Scene-0063/aug_entity_20.png
T2V_data/VIDGEN-1M_unzip/Mvy9mzrDnuI-Scene-0063.mp4,"In the video, a person is seen using a glue stick to apply glue to a piece of paper. The paper is then folded in half and pressed down to secure the glue. The person repeats this process several times, applying glue and folding the paper. The video is shot from a top-down perspective, and the person's hands are the only parts of them visible. The paper appears to be pink with a pattern of hearts and flowers. The glue stick is white with a yellow cap. The person's hands are steady as they work, and the video is shot in a well-lit room.",T2V_data/label/vidgen_filter_gemini_part_0_dpo_4/Mvy9mzrDnuI-Scene-0063/entity_40.mp4,T2V_data/label/vidgen_filter_gemini_part_0_dpo_4/Mvy9mzrDnuI-Scene-0063/aug_entity_40.png
T2V_data/VIDGEN-1M_unzip/NGKnY7VIvp8-Scene-0004.mp4,"In the video, a man is seen kneeling down next to a bicycle tire. He is wearing a yellow shirt and a cap. The man is holding a wrench in his hand and appears to be working on the tire. He is using the wrench to either tighten or loosen the bolts on the tire. The man seems to be focused on his task and is working carefully. The background of the video is not clearly visible, but it appears to be an indoor setting. The lighting in the video is bright, making it easy to see the man and his actions. The video does not contain any other people or objects that can be clearly identified.",T2V_data/label/vidgen_filter_gemini_part_0_dpo_4/NGKnY7VIvp8-Scene-0004/entity_40.mp4,T2V_data/label/vidgen_filter_gemini_part_0_dpo_4/NGKnY7VIvp8-Scene-0004/aug_entity_40.png
T2V_data/VIDGEN-1M_unzip/NXJ5mJHplS8-Scene-0006.mp4,"The video shows a close-up of an hourglass with red sand. The hourglass is made of glass and has a wooden frame. The sand is flowing from the upper chamber to the lower chamber. The background is blurred, but it appears to be a room with a window.",T2V_data/label/vidgen_filter_gemini_part_0_dpo_4/NXJ5mJHplS8-Scene-0006/entity_20.mp4,T2V_data/label/vidgen_filter_gemini_part_0_dpo_4/NXJ5mJHplS8-Scene-0006/aug_entity_20.png
T2V_data/VIDGEN-1M_unzip/NXJ5mJHplS8-Scene-0006.mp4,"The video shows a close-up of an hourglass with red sand. The hourglass is made of glass and has a wooden frame. The sand is flowing from the upper chamber to the lower chamber. The background is blurred, but it appears to be a room with a window.",T2V_data/label/vidgen_filter_gemini_part_0_dpo_4/NXJ5mJHplS8-Scene-0006/entity_40.mp4,T2V_data/label/vidgen_filter_gemini_part_0_dpo_4/NXJ5mJHplS8-Scene-0006/aug_entity_40.png
T2V_data/VIDGEN-1M_unzip/NXgORDsRlEc-Scene-0001.mp4,"The video shows a volcano erupting with bright orange and red lava shooting up into the air. The sky is dark, and the lava is glowing brightly against the night. The eruption is intense, with large chunks of lava being thrown into the air. The video is shot from a distance, capturing the full scale of the eruption.",T2V_data/label/vidgen_filter_gemini_part_0_dpo_4/NXgORDsRlEc-Scene-0001/entity_20.mp4,T2V_data/label/vidgen_filter_gemini_part_0_dpo_4/NXgORDsRlEc-Scene-0001/aug_entity_20.png
T2V_data/VIDGEN-1M_unzip/NcJ7IrVnj8Q-Scene-0006.mp4,"The video features a close-up view of a car's headlight. The headlight is circular in shape and has a clear glass cover. It is attached to the front of a red car, and the video captures the headlight as it turns on and off. The headlight is bright and emits a white light. The car's body is shiny and reflects the surrounding environment. The video is shot in a well-lit area, and the focus is solely on the headlight and its operation.",T2V_data/label/vidgen_filter_gemini_part_0_dpo_4/NcJ7IrVnj8Q-Scene-0006/entity_40.mp4,T2V_data/label/vidgen_filter_gemini_part_0_dpo_4/NcJ7IrVnj8Q-Scene-0006/aug_entity_40.png
T2V_data/VIDGEN-1M_unzip/NffpVmebKDk-Scene-0108.mp4,"The video captures a black swan with a long neck and orange beak swimming in a body of water. The swan is seen moving its neck and body, creating ripples in the water. In the background, a duck is also seen swimming. The video is shot during the daytime, and the water appears calm with a slight reflection of the sunlight.",T2V_data/label/vidgen_filter_gemini_part_0_dpo_4/NffpVmebKDk-Scene-0108/entity_20.mp4,T2V_data/label/vidgen_filter_gemini_part_0_dpo_4/NffpVmebKDk-Scene-0108/aug_entity_20.png
T2V_data/VIDGEN-1M_unzip/NjzFPZIVtdI-Scene-0068.mp4,"The video shows a person's hands using a chisel to carve a piece of wood. The wood is light brown and appears to be a table or a similar piece of furniture. The person is wearing a watch on their left wrist and is using a metal chisel to carve out a section of the wood. The background is blurred, but it seems to be a workshop or a craft room.",T2V_data/label/vidgen_filter_gemini_part_0_dpo_4/NjzFPZIVtdI-Scene-0068/entity_20.mp4,T2V_data/label/vidgen_filter_gemini_part_0_dpo_4/NjzFPZIVtdI-Scene-0068/aug_entity_20.png
T2V_data/VIDGEN-1M_unzip/NszLgzWMa7A-Scene-0060.mp4,"The video shows a person using a hammer to pound a nail into a piece of wood. The nail is red and the hammer is wooden. The person is wearing a white shirt and has a ring on their finger. The wood is light brown and has a visible grain pattern. The hammering action is repeated several times, with the nail being driven deeper into the wood with each strike.",T2V_data/label/vidgen_filter_gemini_part_0_dpo_4/NszLgzWMa7A-Scene-0060/entity_20.mp4,T2V_data/label/vidgen_filter_gemini_part_0_dpo_4/NszLgzWMa7A-Scene-0060/aug_entity_20.png
T2V_data/VIDGEN-1M_unzip/NszLgzWMa7A-Scene-0060.mp4,"The video shows a person using a hammer to pound a nail into a piece of wood. The nail is red and the hammer is wooden. The person is wearing a white shirt and has a ring on their finger. The wood is light brown and has a visible grain pattern. The hammering action is repeated several times, with the nail being driven deeper into the wood with each strike.",T2V_data/label/vidgen_filter_gemini_part_0_dpo_4/NszLgzWMa7A-Scene-0060/entity_60.mp4,T2V_data/label/vidgen_filter_gemini_part_0_dpo_4/NszLgzWMa7A-Scene-0060/aug_entity_60.png
T2V_data/VIDGEN-1M_unzip/O03ZJHEq2Ck-Scene-0073.mp4,"The video shows a person's hand interacting with a touchscreen display inside a car. The display shows various options such as navigation, radio, and comfort settings. The person scrolls through the options, selecting different features such as a radio station and ambient lighting. The display is clear and bright, and the person's hand movements are smooth and precise.",T2V_data/label/vidgen_filter_gemini_part_0_dpo_4/O03ZJHEq2Ck-Scene-0073/entity_60.mp4,T2V_data/label/vidgen_filter_gemini_part_0_dpo_4/O03ZJHEq2Ck-Scene-0073/aug_entity_60.png
T2V_data/VIDGEN-1M_unzip/Oi-iY9aTyPQ-Scene-0037.mp4,"The video shows a person using tongs to pick up food from a pot. The food appears to be a mixture of vegetables and meat. The person then places the food into a jar. The jar is already filled with a similar mixture. The tongs are red and the pot is white. The person's hand is visible, but their face is not shown. The video is shot from an overhead angle.",T2V_data/label/vidgen_filter_gemini_part_0_dpo_4/Oi-iY9aTyPQ-Scene-0037/entity_60.mp4,T2V_data/label/vidgen_filter_gemini_part_0_dpo_4/Oi-iY9aTyPQ-Scene-0037/aug_entity_60.png
T2V_data/VIDGEN-1M_unzip/P089MXtFT5U-Scene-0020.mp4,"In the video, a person is using a woodworking tool to cut a piece of wood. The tool is attached to a vacuum hose and is being pushed along the wood to create a cut. The person is wearing a gray shirt and is standing in front of a workbench. The wood is light brown and the tool is black and silver. The person's hands are visible as they guide the tool along the wood.",T2V_data/label/vidgen_filter_gemini_part_0_dpo_4/P089MXtFT5U-Scene-0020/entity_20.mp4,T2V_data/label/vidgen_filter_gemini_part_0_dpo_4/P089MXtFT5U-Scene-0020/aug_entity_20.png
T2V_data/VIDGEN-1M_unzip/P089MXtFT5U-Scene-0020.mp4,"In the video, a person is using a woodworking tool to cut a piece of wood. The tool is attached to a vacuum hose and is being pushed along the wood to create a cut. The person is wearing a gray shirt and is standing in front of a workbench. The wood is light brown and the tool is black and silver. The person's hands are visible as they guide the tool along the wood.",T2V_data/label/vidgen_filter_gemini_part_0_dpo_4/P089MXtFT5U-Scene-0020/entity_40.mp4,T2V_data/label/vidgen_filter_gemini_part_0_dpo_4/P089MXtFT5U-Scene-0020/aug_entity_40.png
T2V_data/VIDGEN-1M_unzip/P089MXtFT5U-Scene-0020.mp4,"In the video, a person is using a woodworking tool to cut a piece of wood. The tool is attached to a vacuum hose and is being pushed along the wood to create a cut. The person is wearing a gray shirt and is standing in front of a workbench. The wood is light brown and the tool is black and silver. The person's hands are visible as they guide the tool along the wood.",T2V_data/label/vidgen_filter_gemini_part_0_dpo_4/P089MXtFT5U-Scene-0020/entity_60.mp4,T2V_data/label/vidgen_filter_gemini_part_0_dpo_4/P089MXtFT5U-Scene-0020/aug_entity_60.png
T2V_data/VIDGEN-1M_unzip/Wz-s7tb0ccA-Scene-0002.mp4,"In the video, a person wearing white gloves is seen holding a loaf of bread and tearing it in half. The bread appears to be soft and fluffy, with a golden brown crust. The person then proceeds to pull the two halves apart, stretching the bread to show its elasticity and texture. The video is shot in a close-up angle, focusing on the bread and the person's hands.",T2V_data/label/vidgen_filter_gemini_part_0_dpo_4/Wz-s7tb0ccA-Scene-0002/entity_40.mp4,T2V_data/label/vidgen_filter_gemini_part_0_dpo_4/Wz-s7tb0ccA-Scene-0002/aug_entity_40.png
T2V_data/VIDGEN-1M_unzip/X8c-ycr78Gc-Scene-0085.mp4,"In the video, a young boy is standing in a field of dirt, holding a clump of dirt in his hands. He is wearing a black shirt and blue shorts. Another boy, wearing a yellow shirt and black shorts, walks up to him and takes the clump of dirt from his hands. The boy in the yellow shirt then proceeds to squeeze the dirt in his hands, causing it to fall to the ground. The boy in the black shirt watches as the dirt falls. The field is surrounded by green grass and there are no other objects or people visible in the video.",T2V_data/label/vidgen_filter_gemini_part_0_dpo_4/X8c-ycr78Gc-Scene-0085/entity_20.mp4,T2V_data/label/vidgen_filter_gemini_part_0_dpo_4/X8c-ycr78Gc-Scene-0085/aug_entity_20.png
T2V_data/VIDGEN-1M_unzip/XS4ofBfXzRQ-Scene-0020.mp4,"In the video, a person is seen holding a piece of metal in their hand. They are using a tool to scrape off the top layer of the metal, revealing a shiny surface underneath. The person's hand is steady, and they appear to be experienced in using the tool. The metal piece is rectangular in shape, and the tool is small and handheld. The background is blurred, but it appears to be an outdoor setting. The person's movements are deliberate and precise, indicating that they are focused on the task at hand.",T2V_data/label/vidgen_filter_gemini_part_0_dpo_4/XS4ofBfXzRQ-Scene-0020/entity_80.mp4,T2V_data/label/vidgen_filter_gemini_part_0_dpo_4/XS4ofBfXzRQ-Scene-0020/aug_entity_80.png
T2V_data/VIDGEN-1M_unzip/Xb1GGNBlTE8-Scene-0012.mp4,"The video shows a man working on a car's exhaust system. He is wearing a black cap and a black wristband. The man is using a wrench to remove a bolt from the exhaust pipe. The exhaust pipe is made of metal and has a silver color. The man is standing under the car, and the exhaust pipe is located on the underside of the vehicle. The background shows a garage with various tools and equipment.",T2V_data/label/vidgen_filter_gemini_part_0_dpo_4/Xb1GGNBlTE8-Scene-0012/entity_40.mp4,T2V_data/label/vidgen_filter_gemini_part_0_dpo_4/Xb1GGNBlTE8-Scene-0012/aug_entity_40.png
T2V_data/VIDGEN-1M_unzip/YB6iQGxcowY-Scene-0024.mp4,"The video shows a person using a hand mixer to mix eggs in a glass bowl. The person is wearing a purple shirt and has a bracelet on their wrist. The bowl is placed on a wooden table, and there are other ingredients visible in the background. The person starts by cracking the eggs into the bowl and then uses the hand mixer to blend them together. The mixer has two metal beaters and a white handle. The person's hands are visible as they operate the mixer.",T2V_data/label/vidgen_filter_gemini_part_0_dpo_4/YB6iQGxcowY-Scene-0024/entity_80.mp4,T2V_data/label/vidgen_filter_gemini_part_0_dpo_4/YB6iQGxcowY-Scene-0024/aug_entity_80.png
T2V_data/VIDGEN-1M_unzip/YR24nnGNDDA-Scene-0258.mp4,"In the video, a person is seen holding a yellow cup with a yellow lid. The person then proceeds to pour the contents of the cup into a bucket that already contains a mixture of various colors of paint. The bucket is placed on a tiled floor, and the person's actions are deliberate and careful as they pour the contents of the cup. The paint in the bucket appears to be in the process of being mixed, as the colors are swirling together to create a new color. The person's hands are visible as they hold the cup, and their movements are steady and controlled. The video does not contain any visible text or subtitles.",T2V_data/label/vidgen_filter_gemini_part_0_dpo_4/YR24nnGNDDA-Scene-0258/entity_20.mp4,T2V_data/label/vidgen_filter_gemini_part_0_dpo_4/YR24nnGNDDA-Scene-0258/aug_entity_20.png
T2V_data/VIDGEN-1M_unzip/Yadzpwv10Y4-Scene-0194.mp4,"The video shows a military tank driving down a dirt road. The tank is painted in a camouflage pattern and has a large gun mounted on top. As the tank moves, it kicks up a cloud of dust behind it. The surrounding area is green with trees and bushes, and there is a power line visible in the background.",T2V_data/label/vidgen_filter_gemini_part_0_dpo_4/Yadzpwv10Y4-Scene-0194/entity_20.mp4,T2V_data/label/vidgen_filter_gemini_part_0_dpo_4/Yadzpwv10Y4-Scene-0194/aug_entity_20.png
T2V_data/VIDGEN-1M_unzip/Yadzpwv10Y4-Scene-0194.mp4,"The video shows a military tank driving down a dirt road. The tank is painted in a camouflage pattern and has a large gun mounted on top. As the tank moves, it kicks up a cloud of dust behind it. The surrounding area is green with trees and bushes, and there is a power line visible in the background.",T2V_data/label/vidgen_filter_gemini_part_0_dpo_4/Yadzpwv10Y4-Scene-0194/entity_40.mp4,T2V_data/label/vidgen_filter_gemini_part_0_dpo_4/Yadzpwv10Y4-Scene-0194/aug_entity_40.png
T2V_data/VIDGEN-1M_unzip/YcNFqt904j8-Scene-0032.mp4,"In the video, a person is seen rolling out dough on a table. The person is wearing a white shirt and is using a rolling pin to flatten the dough. The table is covered with flour to prevent the dough from sticking. The person rolls the dough back and forth, gradually making it thinner. The dough is circular in shape and appears to be soft and pliable. The person's movements are steady and controlled, indicating experience in handling dough. The video focuses solely on the rolling process, with no other objects or people visible in the frame.",T2V_data/label/vidgen_filter_gemini_part_0_dpo_4/YcNFqt904j8-Scene-0032/entity_20.mp4,T2V_data/label/vidgen_filter_gemini_part_0_dpo_4/YcNFqt904j8-Scene-0032/aug_entity_20.png
T2V_data/VIDGEN-1M_unzip/YcNFqt904j8-Scene-0032.mp4,"In the video, a person is seen rolling out dough on a table. The person is wearing a white shirt and is using a rolling pin to flatten the dough. The table is covered with flour to prevent the dough from sticking. The person rolls the dough back and forth, gradually making it thinner. The dough is circular in shape and appears to be soft and pliable. The person's movements are steady and controlled, indicating experience in handling dough. The video focuses solely on the rolling process, with no other objects or people visible in the frame.",T2V_data/label/vidgen_filter_gemini_part_0_dpo_4/YcNFqt904j8-Scene-0032/entity_40.mp4,T2V_data/label/vidgen_filter_gemini_part_0_dpo_4/YcNFqt904j8-Scene-0032/aug_entity_40.png
T2V_data/VIDGEN-1M_unzip/Yp51fJD0NjA-Scene-0015.mp4,"In the video, a man is seen holding a large snake by its tail. The snake is moving around, trying to escape, but the man is holding it firmly. Another man is standing nearby, watching the situation. The man holding the snake is wearing a blue shirt and shorts, while the other man is wearing a grey shirt and shorts. The snake is brown and black in color, with a long body and a slender tail. The background shows a grassy area with trees and a clear sky.",T2V_data/label/vidgen_filter_gemini_part_0_dpo_4/Yp51fJD0NjA-Scene-0015/entity_20.mp4,T2V_data/label/vidgen_filter_gemini_part_0_dpo_4/Yp51fJD0NjA-Scene-0015/aug_entity_20.png
T2V_data/VIDGEN-1M_unzip/Yp51fJD0NjA-Scene-0015.mp4,"In the video, a man is seen holding a large snake by its tail. The snake is moving around, trying to escape, but the man is holding it firmly. Another man is standing nearby, watching the situation. The man holding the snake is wearing a blue shirt and shorts, while the other man is wearing a grey shirt and shorts. The snake is brown and black in color, with a long body and a slender tail. The background shows a grassy area with trees and a clear sky.",T2V_data/label/vidgen_filter_gemini_part_0_dpo_4/Yp51fJD0NjA-Scene-0015/entity_40.mp4,T2V_data/label/vidgen_filter_gemini_part_0_dpo_4/Yp51fJD0NjA-Scene-0015/aug_entity_40.png
T2V_data/VIDGEN-1M_unzip/Yu3_PtNB1h8-Scene-0008.mp4,The video shows a goalkeeper wearing a purple jersey and black pants with neon green gloves. He is practicing diving to save soccer balls on a field. The goalkeeper is seen diving to his right and left to save the balls. The field has white lines and there are several soccer balls on the ground. The background shows a building with people watching from the balcony.,T2V_data/label/vidgen_filter_gemini_part_0_dpo_4/Yu3_PtNB1h8-Scene-0008/entity_20.mp4,T2V_data/label/vidgen_filter_gemini_part_0_dpo_4/Yu3_PtNB1h8-Scene-0008/aug_entity_20.png
T2V_data/VIDGEN-1M_unzip/Yy2JWTCmnFQ-Scene-0009.mp4,"In the video, a young girl is climbing a rock wall. She is wearing a white shirt and has blonde hair. The rock wall is blue and has various colored handholds and footholds attached to it. The girl is using her hands and feet to climb up the wall, carefully selecting each hold and foothold. She appears to be concentrating and determined as she makes her way up the wall. The video captures her progress as she climbs higher and higher.",T2V_data/label/vidgen_filter_gemini_part_0_dpo_4/Yy2JWTCmnFQ-Scene-0009/entity_60.mp4,T2V_data/label/vidgen_filter_gemini_part_0_dpo_4/Yy2JWTCmnFQ-Scene-0009/aug_entity_60.png
T2V_data/VIDGEN-1M_unzip/Z5K99D7RPoY-Scene-0018.mp4,"The video shows a large bird with black and white feathers standing over a red basket. The bird is tearing apart a small animal, which appears to be a chicken, with its sharp talons. The bird's beak is visible as it rips into the chicken's flesh, and its feathers are ruffled from the struggle. The basket is filled with feathers and other debris from the bird's feeding.",T2V_data/label/vidgen_filter_gemini_part_0_dpo_4/Z5K99D7RPoY-Scene-0018/entity_40.mp4,T2V_data/label/vidgen_filter_gemini_part_0_dpo_4/Z5K99D7RPoY-Scene-0018/aug_entity_40.png
T2V_data/VIDGEN-1M_unzip/ZdEJXOSQ63c-Scene-0002.mp4,"The video shows a close-up of a metal tube filled with wood pellets on a grill. A person uses a lighter to ignite the pellets, which then catch fire and start burning. The flames grow larger and more intense as the video progresses.",T2V_data/label/vidgen_filter_gemini_part_0_dpo_4/ZdEJXOSQ63c-Scene-0002/entity_20.mp4,T2V_data/label/vidgen_filter_gemini_part_0_dpo_4/ZdEJXOSQ63c-Scene-0002/aug_entity_20.png
T2V_data/VIDGEN-1M_unzip/ZiffbTKK8m4-Scene-0090.mp4,"The video shows a close-up of a car's tire and wheel as it drives down a road. The camera angle is low, focusing on the tire and the road ahead. The car appears to be moving at a steady pace, and the road is surrounded by a desert landscape. The tire is black with a silver rim, and the road is a light grey color. There are no other vehicles or people visible in the video.",T2V_data/label/vidgen_filter_gemini_part_0_dpo_4/ZiffbTKK8m4-Scene-0090/entity_60.mp4,T2V_data/label/vidgen_filter_gemini_part_0_dpo_4/ZiffbTKK8m4-Scene-0090/aug_entity_60.png
T2V_data/VIDGEN-1M_unzip/Zq8wA_OYwFM-Scene-0154.mp4,"The video shows a man driving a Land Rover through a muddy path. The car is covered in mud and has a license plate that reads ""T549 XE77"". The man is wearing a black jacket and is seen driving the car with caution. The surrounding area is covered in trees and the ground is wet and muddy.",T2V_data/label/vidgen_filter_gemini_part_0_dpo_4/Zq8wA_OYwFM-Scene-0154/entity_20.mp4,T2V_data/label/vidgen_filter_gemini_part_0_dpo_4/Zq8wA_OYwFM-Scene-0154/aug_entity_20.png
T2V_data/VIDGEN-1M_unzip/Zq8wA_OYwFM-Scene-0154.mp4,"The video shows a man driving a Land Rover through a muddy path. The car is covered in mud and has a license plate that reads ""T549 XE77"". The man is wearing a black jacket and is seen driving the car with caution. The surrounding area is covered in trees and the ground is wet and muddy.",T2V_data/label/vidgen_filter_gemini_part_0_dpo_4/Zq8wA_OYwFM-Scene-0154/entity_60.mp4,T2V_data/label/vidgen_filter_gemini_part_0_dpo_4/Zq8wA_OYwFM-Scene-0154/aug_entity_60.png
T2V_data/VIDGEN-1M_unzip/Zvm2o4hpt20-Scene-0065.mp4,"In the video, a man is seen playing with a dog in a room. The man is holding a blue ball and teasing the dog by moving it around. The dog is excited and jumps up to try and catch the ball. The man continues to play with the dog, moving the ball around and encouraging the dog to jump and catch it. The room is well-lit, and the walls are painted white. There is a guitar leaning against the wall in the background. The man is wearing a blue shirt and jeans, while the dog is a small, light-colored breed with a short coat. The dog seems to be enjoying the game and is very active and playful.",T2V_data/label/vidgen_filter_gemini_part_0_dpo_4/Zvm2o4hpt20-Scene-0065/entity_20.mp4,T2V_data/label/vidgen_filter_gemini_part_0_dpo_4/Zvm2o4hpt20-Scene-0065/aug_entity_20.png
T2V_data/VIDGEN-1M_unzip/Zvm2o4hpt20-Scene-0065.mp4,"In the video, a man is seen playing with a dog in a room. The man is holding a blue ball and teasing the dog by moving it around. The dog is excited and jumps up to try and catch the ball. The man continues to play with the dog, moving the ball around and encouraging the dog to jump and catch it. The room is well-lit, and the walls are painted white. There is a guitar leaning against the wall in the background. The man is wearing a blue shirt and jeans, while the dog is a small, light-colored breed with a short coat. The dog seems to be enjoying the game and is very active and playful.",T2V_data/label/vidgen_filter_gemini_part_0_dpo_4/Zvm2o4hpt20-Scene-0065/entity_60.mp4,T2V_data/label/vidgen_filter_gemini_part_0_dpo_4/Zvm2o4hpt20-Scene-0065/aug_entity_60.png
T2V_data/VIDGEN-1M_unzip/_7XUEzJBBaE-Scene-0113.mp4,"This video is a recording of a baseball video game. The gameplay shows a batter hitting the ball, which is then caught by an outfielder. The outfielder then throws the ball to the infield, and the game shows the scoreboard.",T2V_data/label/vidgen_filter_gemini_part_0_dpo_4/_7XUEzJBBaE-Scene-0113/entity_60.mp4,T2V_data/label/vidgen_filter_gemini_part_0_dpo_4/_7XUEzJBBaE-Scene-0113/aug_entity_60.png
T2V_data/VIDGEN-1M_unzip/_BMA6grzFZs-Scene-0031.mp4,"The video shows a brown cow standing on a dirt road with trees in the background. The cow is wearing a harness and is attached to a wooden cart. The cart is loaded with logs and is being pulled by the cow. The cow is walking slowly and steadily, pulling the cart behind it. The scene is peaceful and serene, with the sound of the cow's hooves on the dirt road and the rustling of leaves in the trees.",T2V_data/label/vidgen_filter_gemini_part_0_dpo_4/_BMA6grzFZs-Scene-0031/entity_20.mp4,T2V_data/label/vidgen_filter_gemini_part_0_dpo_4/_BMA6grzFZs-Scene-0031/aug_entity_20.png
T2V_data/VIDGEN-1M_unzip/_LJ4xxOmHKQ-Scene-0008.mp4,"The video shows a person mixing ingredients in a bowl with a red spatula. The ingredients include a white creamy substance and a yellow powder. The person mixes the ingredients together, creating a homogenous mixture. The bowl is white, and the spatula is red. The person's hand is visible, and they are wearing a blue glove.",T2V_data/label/vidgen_filter_gemini_part_0_dpo_4/_LJ4xxOmHKQ-Scene-0008/entity_80.mp4,T2V_data/label/vidgen_filter_gemini_part_0_dpo_4/_LJ4xxOmHKQ-Scene-0008/aug_entity_80.png
T2V_data/VIDGEN-1M_unzip/_QLYvx3CH9o-Scene-0002.mp4,"In the video, a person is seen cooking a dish in a pan. The person is holding a boiled egg in their hand and is about to add it to the pan. The pan contains a red sauce, and the person is using a knife to cut the egg into small pieces. The person then adds the egg to the pan and stirs it in with the sauce. The video is shot from a close-up angle, focusing on the person's hand and the pan. The colors in the video are vibrant, with the red sauce contrasting against the black pan. The person's hand is steady as they cut the egg, and the knife moves smoothly through the egg. The video ends with the person stirring the egg into the sauce.",T2V_data/label/vidgen_filter_gemini_part_0_dpo_4/_QLYvx3CH9o-Scene-0002/entity_40.mp4,T2V_data/label/vidgen_filter_gemini_part_0_dpo_4/_QLYvx3CH9o-Scene-0002/aug_entity_40.png
T2V_data/VIDGEN-1M_unzip/_TTojY8MihU-Scene-0041.mp4,"The video shows a man dressed in black performing soccer drills on a field. He is seen running towards a soccer ball, kicking it, and then running back to retrieve it. The man is wearing black pants, a black shirt, and black shoes with yellow accents. The field is green with white boundary lines, and there are buildings and trees visible in the background. The sky is overcast, and the man appears to be focused and determined as he performs the drills.",T2V_data/label/vidgen_filter_gemini_part_0_dpo_4/_TTojY8MihU-Scene-0041/entity_20.mp4,T2V_data/label/vidgen_filter_gemini_part_0_dpo_4/_TTojY8MihU-Scene-0041/aug_entity_20.png
T2V_data/VIDGEN-1M_unzip/_YH564rtyg0-Scene-0007.mp4,"In the video, a person is seen holding a piece of soap in their hand. The soap has a wavy pattern on the top and is placed on a wooden surface. The person then proceeds to cut the soap with a knife. The knife is seen moving back and forth as it cuts through the soap. The person's hand is steady as they hold the soap in place while cutting it. The soap appears to be of a light green color, and the knife has a black handle. The wooden surface has a natural brown color and is made of wood. The video is shot in a well-lit room, and the person's actions are deliberate and careful as they cut the soap.",T2V_data/label/vidgen_filter_gemini_part_0_dpo_4/_YH564rtyg0-Scene-0007/entity_20.mp4,T2V_data/label/vidgen_filter_gemini_part_0_dpo_4/_YH564rtyg0-Scene-0007/aug_entity_20.png
T2V_data/VIDGEN-1M_unzip/_j_xxQ274zg-Scene-0205.mp4,"The video shows a black Jeep with a spare tire on the back driving through a muddy road. The Jeep is splashing through the mud, and the tires are covered in mud. The road is surrounded by snow and trees.",T2V_data/label/vidgen_filter_gemini_part_0_dpo_4/_j_xxQ274zg-Scene-0205/entity_20.mp4,T2V_data/label/vidgen_filter_gemini_part_0_dpo_4/_j_xxQ274zg-Scene-0205/aug_entity_20.png
T2V_data/VIDGEN-1M_unzip/_n1oTchnRv0-Scene-0042.mp4,"The video shows a hockey game in progress. The players are wearing white and red jerseys and are seen skating on the ice. One player in a white jersey is seen skating towards the goal with the puck and then shooting it into the net. The goalie, wearing a red jersey, is seen falling down while trying to block the shot. The crowd can be heard cheering in the background.",T2V_data/label/vidgen_filter_gemini_part_0_dpo_4/_n1oTchnRv0-Scene-0042/entity_40.mp4,T2V_data/label/vidgen_filter_gemini_part_0_dpo_4/_n1oTchnRv0-Scene-0042/aug_entity_40.png
T2V_data/VIDGEN-1M_unzip/_o5simayWSk-Scene-0013.mp4,"In the video, a person wearing gloves is seen examining a dog's teeth. The dog is lying down on a brown carpet, and the person is using a tool to inspect the dog's teeth. The dog appears to be calm and cooperative during the examination. The person's movements are gentle and careful, indicating that they are likely a veterinarian or a dental professional. The video provides a close-up view of the dog's mouth, allowing for a detailed examination of the teeth. The lighting in the video is bright, and the colors are clear, making it easy to see the details of the dog's teeth and the person's gloves.",T2V_data/label/vidgen_filter_gemini_part_0_dpo_4/_o5simayWSk-Scene-0013/entity_20.mp4,T2V_data/label/vidgen_filter_gemini_part_0_dpo_4/_o5simayWSk-Scene-0013/aug_entity_20.png
T2V_data/VIDGEN-1M_unzip/a3oSX3DRizw-Scene-0006.mp4,"In the video, a chef is seen seasoning a pot of food on a stove. The chef is wearing a white chef's coat and has a watch on his left wrist. He is using a pepper grinder to season the food. The pot is made of copper and has a golden handle. The food in the pot appears to be a mix of vegetables and possibly some meat. The chef is standing in front of a stove with a blue flame under the pot. There are other pots and pans on the stove, and a bottle of olive oil is visible in the background. The chef is focused on the task at hand, and the kitchen appears to be well-equipped and organized.",T2V_data/label/vidgen_filter_gemini_part_0_dpo_4/a3oSX3DRizw-Scene-0006/entity_20.mp4,T2V_data/label/vidgen_filter_gemini_part_0_dpo_4/a3oSX3DRizw-Scene-0006/aug_entity_20.png
T2V_data/VIDGEN-1M_unzip/a8zvQBIWA1k-Scene-0037.mp4,"The video shows a rugby game in progress. A player wearing a black jersey with the number 8 on it is seen running with the ball. He is followed by other players from both teams, who are wearing black and white jerseys. The player with the ball is trying to avoid being tackled by the opposing team members. The field is green, and the players are running on it. The video captures the intensity and physicality of the game, with players pushing and shoving each other to gain possession of the ball.",T2V_data/label/vidgen_filter_gemini_part_0_dpo_4/a8zvQBIWA1k-Scene-0037/entity_20.mp4,T2V_data/label/vidgen_filter_gemini_part_0_dpo_4/a8zvQBIWA1k-Scene-0037/aug_entity_20.png
T2V_data/VIDGEN-1M_unzip/b9CJT8Z6R2E-Scene-0016.mp4,"The video shows a person's hands opening a package. The package is brown and has the word ""amazon"" written on it. The person uses a pair of blue scissors to cut the tape and open the package.",T2V_data/label/vidgen_filter_gemini_part_0_dpo_4/b9CJT8Z6R2E-Scene-0016/entity_40.mp4,T2V_data/label/vidgen_filter_gemini_part_0_dpo_4/b9CJT8Z6R2E-Scene-0016/aug_entity_40.png
T2V_data/VIDGEN-1M_unzip/bjJU26qcfuU-Scene-0019.mp4,"In the video, a person is seen working on a craft project. The person is using a piece of burlap fabric to create a decoration. The fabric is being wrapped around a wire frame, and the person is using a needle and thread to secure the fabric in place. The person's hands are visible, and they are wearing a ring on their left hand. The background is plain and white, which makes the burlap fabric stand out. The person's movements are precise and deliberate, indicating that they are experienced in this type of craft. The video does not contain any audio, so the viewer can focus solely on the visual aspects of the crafting process.",T2V_data/label/vidgen_filter_gemini_part_0_dpo_4/bjJU26qcfuU-Scene-0019/entity_60.mp4,T2V_data/label/vidgen_filter_gemini_part_0_dpo_4/bjJU26qcfuU-Scene-0019/aug_entity_60.png
T2V_data/VIDGEN-1M_unzip/bnUF4ZA1Eqg-Scene-0081.mp4,The video shows a person riding a motorcycle on a road. The rider is wearing a black helmet and a black jacket. The motorcycle is black and white. The road is surrounded by trees and mountains. The rider is seen leaning into a turn and accelerating down the road.,T2V_data/label/vidgen_filter_gemini_part_0_dpo_4/bnUF4ZA1Eqg-Scene-0081/entity_40.mp4,T2V_data/label/vidgen_filter_gemini_part_0_dpo_4/bnUF4ZA1Eqg-Scene-0081/aug_entity_40.png
T2V_data/VIDGEN-1M_unzip/bnytZ3DRf6s-Scene-0250.mp4,The video shows two crabs in a tank. One crab is sitting on a rock while the other is climbing up the side of the tank. The crabs are brown in color and have long legs. The tank appears to be made of glass and has a dark background.,T2V_data/label/vidgen_filter_gemini_part_0_dpo_4/bnytZ3DRf6s-Scene-0250/entity_20.mp4,T2V_data/label/vidgen_filter_gemini_part_0_dpo_4/bnytZ3DRf6s-Scene-0250/aug_entity_20.png
T2V_data/VIDGEN-1M_unzip/cWeT8Vm22Y4-Scene-0001.mp4,"In the video, a large black and tan dog is lying on the floor with a small white dog. The large dog is playfully biting and pawing at the small dog, who is also playfully biting back. The two dogs seem to be having a friendly tussle, with the large dog occasionally rolling over and the small dog jumping up and down. The background is a simple room with a wooden floor, and there are no other objects or people visible in the video. The dogs appear to be well-cared for and happy, enjoying each other's company.",T2V_data/label/vidgen_filter_gemini_part_0_dpo_4/cWeT8Vm22Y4-Scene-0001/entity_60.mp4,T2V_data/label/vidgen_filter_gemini_part_0_dpo_4/cWeT8Vm22Y4-Scene-0001/aug_entity_60.png
T2V_data/VIDGEN-1M_unzip/cazQt5oleo4-Scene-0026.mp4,"The video shows a person using a lathe to carve a piece of metal. The lathe is spinning the metal at a high speed, and the person is using a tool to shape it. The metal is being shaved off in thin layers, creating a pile of metal shavings on the floor. The person's hands are steady as they guide the tool along the metal, and the lathe is producing a consistent and smooth surface. The lighting in the video is bright, highlighting the shiny metal and the sparkling metal shavings.",T2V_data/label/vidgen_filter_gemini_part_0_dpo_4/cazQt5oleo4-Scene-0026/entity_60.mp4,T2V_data/label/vidgen_filter_gemini_part_0_dpo_4/cazQt5oleo4-Scene-0026/aug_entity_60.png
T2V_data/VIDGEN-1M_unzip/cvnydZkP-vg-Scene-0002.mp4,"The video shows a man sitting in front of a computer screen, holding a remote control in his hands. He is wearing a black shirt and has a ring on his finger. The remote control is black with two joysticks and several buttons. The man is demonstrating how to attach and detach a small antenna from the remote control. He points to the antenna and shows how it fits into a slot on the remote. The video is shot in a well-lit room with a green wall in the background.",T2V_data/label/vidgen_filter_gemini_part_0_dpo_4/cvnydZkP-vg-Scene-0002/entity_40.mp4,T2V_data/label/vidgen_filter_gemini_part_0_dpo_4/cvnydZkP-vg-Scene-0002/aug_entity_40.png
T2V_data/VIDGEN-1M_unzip/cvnydZkP-vg-Scene-0002.mp4,"The video shows a man sitting in front of a computer screen, holding a remote control in his hands. He is wearing a black shirt and has a ring on his finger. The remote control is black with two joysticks and several buttons. The man is demonstrating how to attach and detach a small antenna from the remote control. He points to the antenna and shows how it fits into a slot on the remote. The video is shot in a well-lit room with a green wall in the background.",T2V_data/label/vidgen_filter_gemini_part_0_dpo_4/cvnydZkP-vg-Scene-0002/entity_60.mp4,T2V_data/label/vidgen_filter_gemini_part_0_dpo_4/cvnydZkP-vg-Scene-0002/aug_entity_60.png
T2V_data/VIDGEN-1M_unzip/d8hnIwfC4jo-Scene-0081.mp4,The video shows a person using a drill to make holes in a wooden cutting board. The person is wearing a black shirt and has a silver ring on their left hand. The cutting board is round and has a dark brown color with visible wood grain. The drill is black and silver and is being used to make holes in the center of the cutting board. The person's hand is steady as they guide the drill through the wood.,T2V_data/label/vidgen_filter_gemini_part_0_dpo_4/d8hnIwfC4jo-Scene-0081/entity_80.mp4,T2V_data/label/vidgen_filter_gemini_part_0_dpo_4/d8hnIwfC4jo-Scene-0081/aug_entity_80.png
T2V_data/VIDGEN-1M_unzip/dXjqvQ_Wq40-Scene-0055.mp4,"In the video, we see a man standing on a beach holding a fishing rod. The rod is bent, indicating that he has caught a fish. The man is wearing a gray shirt and black shorts. The beach is sandy with the ocean in the background. The sky is cloudy, and there are no other people visible in the video. The man appears to be alone, and he seems to be enjoying his time fishing.",T2V_data/label/vidgen_filter_gemini_part_0_dpo_4/dXjqvQ_Wq40-Scene-0055/entity_20.mp4,T2V_data/label/vidgen_filter_gemini_part_0_dpo_4/dXjqvQ_Wq40-Scene-0055/aug_entity_20.png
T2V_data/VIDGEN-1M_unzip/dZSE6w5zEz4-Scene-0039.mp4,"The video shows a man lying on a blue mat in a gym, lifting two dumbbells above his head. He is wearing a black tank top and black shorts. The man is performing a chest exercise, lifting the dumbbells up and down in a controlled manner. The gym has various exercise equipment in the background, including weight racks and other dumbbells. The man's form is good, and he appears to be focused on his workout. The lighting in the gym is bright, and the colors in the video are vibrant.",T2V_data/label/vidgen_filter_gemini_part_0_dpo_4/dZSE6w5zEz4-Scene-0039/entity_20.mp4,T2V_data/label/vidgen_filter_gemini_part_0_dpo_4/dZSE6w5zEz4-Scene-0039/aug_entity_20.png
T2V_data/VIDGEN-1M_unzip/ddenqErLL0Q-Scene-0047.mp4,"In the video, a man is seen holding a piece of wood in his hands. He is wearing yellow gloves and a black and yellow shirt. The man is standing in front of a workbench, and there are various tools and equipment visible in the background. He is holding a clamp in his hands, which he uses to hold the piece of wood in place. The man appears to be demonstrating how to use the clamp to secure the wood. He speaks to the camera as he adjusts the clamp, ensuring that the wood is held firmly. The video seems to be a tutorial or demonstration of how to use a clamp to hold wood in place.",T2V_data/label/vidgen_filter_gemini_part_0_dpo_4/ddenqErLL0Q-Scene-0047/entity_20.mp4,T2V_data/label/vidgen_filter_gemini_part_0_dpo_4/ddenqErLL0Q-Scene-0047/aug_entity_20.png
T2V_data/VIDGEN-1M_unzip/dh9QWPuxZoE-Scene-0227.mp4,"In the video, there is a large orange truck with large tires driving on a rocky terrain. The truck is driving over a large rock and appears to be struggling to maintain balance. The truck is covered in mud and has a roll cage on top. There are people standing around watching the truck as it drives over the rock. The terrain is uneven and rocky, and the truck is making a lot of noise as it drives over the rock. The truck appears to be a modified off-road vehicle, and the driver is wearing a helmet for safety. The people watching the truck are wearing casual clothing and appear to be spectators. The video is shot during the daytime, and the lighting is natural.",T2V_data/label/vidgen_filter_gemini_part_0_dpo_4/dh9QWPuxZoE-Scene-0227/entity_20.mp4,T2V_data/label/vidgen_filter_gemini_part_0_dpo_4/dh9QWPuxZoE-Scene-0227/aug_entity_20.png
T2V_data/VIDGEN-1M_unzip/dh9QWPuxZoE-Scene-0227.mp4,"In the video, there is a large orange truck with large tires driving on a rocky terrain. The truck is driving over a large rock and appears to be struggling to maintain balance. The truck is covered in mud and has a roll cage on top. There are people standing around watching the truck as it drives over the rock. The terrain is uneven and rocky, and the truck is making a lot of noise as it drives over the rock. The truck appears to be a modified off-road vehicle, and the driver is wearing a helmet for safety. The people watching the truck are wearing casual clothing and appear to be spectators. The video is shot during the daytime, and the lighting is natural.",T2V_data/label/vidgen_filter_gemini_part_0_dpo_4/dh9QWPuxZoE-Scene-0227/entity_40.mp4,T2V_data/label/vidgen_filter_gemini_part_0_dpo_4/dh9QWPuxZoE-Scene-0227/aug_entity_40.png
T2V_data/VIDGEN-1M_unzip/diyrHyRKlSg-Scene-0037.mp4,"The video shows a person's hand holding a toy monster truck and moving it along a toy track. The truck has large black wheels and a silver body with a red stripe on the side. The track is made of plastic and has a beige color with a textured surface. The person moves the truck over a small ramp and onto a rocky surface, simulating off-road driving. The background includes other toy vehicles and a blue wall.",T2V_data/label/vidgen_filter_gemini_part_0_dpo_4/diyrHyRKlSg-Scene-0037/entity_20.mp4,T2V_data/label/vidgen_filter_gemini_part_0_dpo_4/diyrHyRKlSg-Scene-0037/aug_entity_20.png
T2V_data/VIDGEN-1M_unzip/dwMVcxgelPo-Scene-0019.mp4,"The video shows a soccer game being played in a stadium. The players are wearing red and white jerseys. One player in a red jersey is seen kicking the ball towards the goal. The goalkeeper, wearing a yellow jersey, dives to his left to block the ball. The crowd in the stadium is cheering and clapping. The scoreboard shows the game is tied at 1-1.",T2V_data/label/vidgen_filter_gemini_part_0_dpo_4/dwMVcxgelPo-Scene-0019/entity_80.mp4,T2V_data/label/vidgen_filter_gemini_part_0_dpo_4/dwMVcxgelPo-Scene-0019/aug_entity_80.png
T2V_data/VIDGEN-1M_unzip/dwkhc5N1LMQ-Scene-0031.mp4,"In the video, a person is seen holding a green bottle and pouring its contents into a glass filled with ice. The glass already contains a yellow liquid and slices of lime. The person pours the green liquid carefully, ensuring that it does not spill over the ice. The background is blurred, but it appears to be a bar or restaurant setting. The person's hands are visible, and they are wearing a black shirt. The green liquid is poured from a height, causing some of the liquid to splash over the ice. The video ends with the person continuing to pour the green liquid into the glass.",T2V_data/label/vidgen_filter_gemini_part_0_dpo_4/dwkhc5N1LMQ-Scene-0031/entity_60.mp4,T2V_data/label/vidgen_filter_gemini_part_0_dpo_4/dwkhc5N1LMQ-Scene-0031/aug_entity_60.png
T2V_data/VIDGEN-1M_unzip/dyMM8bdI504-Scene-0054.mp4,"In the video, a man is seen standing in a gym, wearing a gray t-shirt and a red cap. He is standing next to a piece of gym equipment, which appears to be a leg press machine. The man is holding onto the machine, and another man is lying on the machine, performing leg presses. The gym has red walls and various other pieces of equipment in the background. The man standing is watching the other man work out, and there is no visible title or subtitle in the video.",T2V_data/label/vidgen_filter_gemini_part_0_dpo_4/dyMM8bdI504-Scene-0054/entity_20.mp4,T2V_data/label/vidgen_filter_gemini_part_0_dpo_4/dyMM8bdI504-Scene-0054/aug_entity_20.png
T2V_data/VIDGEN-1M_unzip/e-pcbh1J0yw-Scene-0040.mp4,"In the video, a person is seen pouring ice cream into a popsicle mold. The mold is orange and has three compartments. The person is using a spoon to pour the ice cream into the first compartment. The ice cream is white and appears to be vanilla flavored. The person is wearing a white shirt and is standing in front of a gray countertop. The video is shot from a close-up angle, focusing on the mold and the person's hand.",T2V_data/label/vidgen_filter_gemini_part_0_dpo_4/e-pcbh1J0yw-Scene-0040/entity_60.mp4,T2V_data/label/vidgen_filter_gemini_part_0_dpo_4/e-pcbh1J0yw-Scene-0040/aug_entity_60.png
T2V_data/VIDGEN-1M_unzip/eNoxcgdVb58-Scene-0084.mp4,"In the video, a group of children are gathered around a table with a large snowman cutout on it. The snowman has three circles representing its body, and the children are throwing balls of snow at the snowman's body. The children are having fun and laughing as they play. The snowman cutout is placed on a red tablecloth, and there are other people in the background watching the children play. The children are wearing winter clothes, and the room appears to be warm and cozy. The snowman cutout is white with a red scarf and black eyes, and the balls of snow are white and fluffy. The children are throwing the balls of snow with their hands, and some of them are hitting the snowman's body. The video captures the joy and excitement of the children as they play.",T2V_data/label/vidgen_filter_gemini_part_0_dpo_4/eNoxcgdVb58-Scene-0084/entity_40.mp4,T2V_data/label/vidgen_filter_gemini_part_0_dpo_4/eNoxcgdVb58-Scene-0084/aug_entity_40.png
T2V_data/VIDGEN-1M_unzip/ee7rbbfdd6M-Scene-0059.mp4,"The video shows a group of motorcyclists riding down a winding road. The riders are wearing helmets and are riding in a staggered formation. The road is surrounded by trees and there is a guardrail on the side. The sky is overcast and the road appears to be wet, suggesting recent rain.",T2V_data/label/vidgen_filter_gemini_part_0_dpo_4/ee7rbbfdd6M-Scene-0059/entity_20.mp4,T2V_data/label/vidgen_filter_gemini_part_0_dpo_4/ee7rbbfdd6M-Scene-0059/aug_entity_20.png
T2V_data/VIDGEN-1M_unzip/eh8ns7w1GDo-Scene-0040.mp4,"In the video, a man is seen walking on a sidewalk in a park. He is wearing a black shirt, blue pants, and a baseball cap. The man is holding a frisbee in his hand and appears to be preparing to throw it. The park is surrounded by trees and there is a building visible in the background. The man takes a few steps and then throws the frisbee with a strong arm motion. The frisbee is thrown with precision and lands on the grass in the park. The man then turns around and walks back in the direction he came from. The video captures the man's movements and the frisbee's trajectory in detail.",T2V_data/label/vidgen_filter_gemini_part_0_dpo_4/eh8ns7w1GDo-Scene-0040/entity_20.mp4,T2V_data/label/vidgen_filter_gemini_part_0_dpo_4/eh8ns7w1GDo-Scene-0040/aug_entity_20.png
T2V_data/VIDGEN-1M_unzip/eu7nm1tyKoY-Scene-0084.mp4,"In the video, a woman is seen walking through a garden at night. She is wearing a black leather jacket and has long hair. The garden is surrounded by a wooden fence and there are trees and bushes in the background. The woman is holding a stick in her hand and she uses it to hit a plant. The lighting in the video is dim, but the woman and the garden are clearly visible. The woman's movements are slow and deliberate as she walks through the garden and hits the plant with the stick. The sound of the stick hitting the plant can be heard in the background. The video ends with the woman walking away from the camera, still holding the stick in her hand.",T2V_data/label/vidgen_filter_gemini_part_0_dpo_4/eu7nm1tyKoY-Scene-0084/entity_20.mp4,T2V_data/label/vidgen_filter_gemini_part_0_dpo_4/eu7nm1tyKoY-Scene-0084/aug_entity_20.png
T2V_data/VIDGEN-1M_unzip/eyxM8QbJ0bU-Scene-0106.mp4,The video shows a man in a Spider-Man costume fighting with another man in a dark room. The man in the Spider-Man costume throws the other man to the ground and then stands over him.,T2V_data/label/vidgen_filter_gemini_part_0_dpo_4/eyxM8QbJ0bU-Scene-0106/entity_40.mp4,T2V_data/label/vidgen_filter_gemini_part_0_dpo_4/eyxM8QbJ0bU-Scene-0106/aug_entity_40.png
T2V_data/VIDGEN-1M_unzip/f1etIlK47bY-Scene-0002.mp4,"The video shows a man in a workshop setting, where he is using a circular saw to cut a piece of wood. He is wearing a gray shirt and blue jeans. The workshop is filled with various tools and machinery, including a table saw and a drill press. The man is carefully measuring and marking the wood before making the cut, ensuring precision in his work. The circular saw is green and black, and the wood is a light brown color. The man is focused on his task, and the video captures the process of woodworking in a detailed and precise manner.",T2V_data/label/vidgen_filter_gemini_part_0_dpo_4/f1etIlK47bY-Scene-0002/entity_40.mp4,T2V_data/label/vidgen_filter_gemini_part_0_dpo_4/f1etIlK47bY-Scene-0002/aug_entity_40.png
T2V_data/VIDGEN-1M_unzip/fE2WhUS6Bls-Scene-0079.mp4,"The video features a woman sitting on a skateboard and moving down a path. She is wearing a white sweater and blue jeans. The skateboard has a colorful design on the bottom. The woman is smiling and appears to be enjoying the ride. The path is surrounded by grass and trees, and there is a sign visible in the background.",T2V_data/label/vidgen_filter_gemini_part_0_dpo_4/fE2WhUS6Bls-Scene-0079/entity_20.mp4,T2V_data/label/vidgen_filter_gemini_part_0_dpo_4/fE2WhUS6Bls-Scene-0079/aug_entity_20.png
T2V_data/VIDGEN-1M_unzip/fFqgHK9ISo4-Scene-0016.mp4,"In the video, a man is seen walking towards a cow that is tied up to a pole. The man is wearing a black shirt and a white hat. The cow is brown and is standing in a pen. The man then proceeds to milk the cow. The cow is calm and cooperative throughout the process. The man seems to be experienced in milking the cow as he handles the cow's udder with ease. The pen is made of metal bars and there is a roof above the pen. The ground is covered with hay. The video is shot during the daytime and the lighting is natural.",T2V_data/label/vidgen_filter_gemini_part_0_dpo_4/fFqgHK9ISo4-Scene-0016/entity_40.mp4,T2V_data/label/vidgen_filter_gemini_part_0_dpo_4/fFqgHK9ISo4-Scene-0016/aug_entity_40.png
T2V_data/VIDGEN-1M_unzip/fLs8LKO_rVs-Scene-0074.mp4,"In the video, a young girl is seen climbing a rope with the help of a man. The girl is wearing a pink top and grey shorts, while the man is wearing a green top and black pants. The man is holding the rope steady for the girl as she climbs up and down. The background shows a gym with various equipment and colorful mats on the floor. The girl appears to be focused and determined as she climbs, and the man is supportive and encouraging. The video captures the physical activity and teamwork between the two individuals.",T2V_data/label/vidgen_filter_gemini_part_0_dpo_4/fLs8LKO_rVs-Scene-0074/entity_20.mp4,T2V_data/label/vidgen_filter_gemini_part_0_dpo_4/fLs8LKO_rVs-Scene-0074/aug_entity_20.png
T2V_data/VIDGEN-1M_unzip/g-KQfezriXs-Scene-0110.mp4,"The video shows a baseball game in progress. The pitcher is standing on the mound, ready to throw the ball. The batter is in position, waiting for the pitch. The catcher is crouched behind the batter, ready to catch the ball. The umpire is standing behind the catcher, watching the play closely. The crowd is visible in the background, cheering and watching the game. The pitcher throws the ball, and the batter swings and hits it. The catcher catches the ball, and the umpire signals the batter out. The video ends with the players and umpire walking away from the play.",T2V_data/label/vidgen_filter_gemini_part_0_dpo_4/g-KQfezriXs-Scene-0110/entity_20.mp4,T2V_data/label/vidgen_filter_gemini_part_0_dpo_4/g-KQfezriXs-Scene-0110/aug_entity_20.png
T2V_data/VIDGEN-1M_unzip/g-KQfezriXs-Scene-0110.mp4,"The video shows a baseball game in progress. The pitcher is standing on the mound, ready to throw the ball. The batter is in position, waiting for the pitch. The catcher is crouched behind the batter, ready to catch the ball. The umpire is standing behind the catcher, watching the play closely. The crowd is visible in the background, cheering and watching the game. The pitcher throws the ball, and the batter swings and hits it. The catcher catches the ball, and the umpire signals the batter out. The video ends with the players and umpire walking away from the play.",T2V_data/label/vidgen_filter_gemini_part_0_dpo_4/g-KQfezriXs-Scene-0110/entity_40.mp4,T2V_data/label/vidgen_filter_gemini_part_0_dpo_4/g-KQfezriXs-Scene-0110/aug_entity_40.png
T2V_data/VIDGEN-1M_unzip/g-KQfezriXs-Scene-0110.mp4,"The video shows a baseball game in progress. The pitcher is standing on the mound, ready to throw the ball. The batter is in position, waiting for the pitch. The catcher is crouched behind the batter, ready to catch the ball. The umpire is standing behind the catcher, watching the play closely. The crowd is visible in the background, cheering and watching the game. The pitcher throws the ball, and the batter swings and hits it. The catcher catches the ball, and the umpire signals the batter out. The video ends with the players and umpire walking away from the play.",T2V_data/label/vidgen_filter_gemini_part_0_dpo_4/g-KQfezriXs-Scene-0110/entity_80.mp4,T2V_data/label/vidgen_filter_gemini_part_0_dpo_4/g-KQfezriXs-Scene-0110/aug_entity_80.png
T2V_data/VIDGEN-1M_unzip/g4eLW2liFHI-Scene-0005.mp4,The video shows a close-up of a pan on a stove with hot dogs being cooked. The hot dogs are sizzling in the pan and a person is using tongs to turn them over. The pan appears to be non-stick and the hot dogs are browning as they cook. The person is wearing a black glove on one hand while using the tongs.,T2V_data/label/vidgen_filter_gemini_part_0_dpo_4/g4eLW2liFHI-Scene-0005/entity_20.mp4,T2V_data/label/vidgen_filter_gemini_part_0_dpo_4/g4eLW2liFHI-Scene-0005/aug_entity_20.png
T2V_data/VIDGEN-1M_unzip/gMGAqFXoqUA-Scene-0042.mp4,"The video shows a close-up of a yellow excavator's bucket as it moves down and digs into the dirt. The bucket is made of metal and has a sharp edge that cuts through the dirt as it moves. The excavator's arm is visible in the background, and the bucket is attached to it. The dirt is brown and appears to be loose and dry. The excavator's bucket moves down slowly and deliberately, digging into the dirt and lifting it up.",T2V_data/label/vidgen_filter_gemini_part_0_dpo_4/gMGAqFXoqUA-Scene-0042/entity_40.mp4,T2V_data/label/vidgen_filter_gemini_part_0_dpo_4/gMGAqFXoqUA-Scene-0042/aug_entity_40.png
T2V_data/VIDGEN-1M_unzip/gVyRoc9Tmos-Scene-0027.mp4,"In the video, a person is seen working on a car's engine. The person is using a screwdriver to remove a component from the engine. The engine is open, and the person is focused on the task at hand. The person's hands are visible, and they appear to be wearing a black shirt. The engine is black and metallic, and there are various components visible inside. The person is using a silver screwdriver to remove the component, which is a yellow box. The person's movements are deliberate and careful, indicating that they are experienced in working on engines. The video does not show the person's face, so their identity is not revealed. The background is not visible, so it is unclear where the video was recorded.",T2V_data/label/vidgen_filter_gemini_part_0_dpo_4/gVyRoc9Tmos-Scene-0027/entity_40.mp4,T2V_data/label/vidgen_filter_gemini_part_0_dpo_4/gVyRoc9Tmos-Scene-0027/aug_entity_40.png
T2V_data/VIDGEN-1M_unzip/h8iWgs2EIXY-Scene-0013.mp4,"The video shows a close-up of a person's hands as they hold a shrimp and use a knife to cut it. The person is wearing a red wristband on their left wrist. The shrimp is being cut on a white cutting board, and there is a glass bowl with other shrimp in it. The person's hands are steady as they cut the shrimp, and the knife moves smoothly through the flesh of the shrimp.",T2V_data/label/vidgen_filter_gemini_part_0_dpo_4/h8iWgs2EIXY-Scene-0013/entity_40.mp4,T2V_data/label/vidgen_filter_gemini_part_0_dpo_4/h8iWgs2EIXY-Scene-0013/aug_entity_40.png
T2V_data/VIDGEN-1M_unzip/hJ9uteMOF-k-Scene-0009.mp4,"In the video, a group of people are playing soccer on a field. One of the players is seen kicking the ball towards the goal. The goalkeeper, dressed in green, attempts to block the ball but fails. The ball goes into the net, and the goalkeeper is seen running towards the camera in disappointment. The players are wearing different colored jerseys, and the field is surrounded by a fence. The sky is clear, and it appears to be a sunny day.",T2V_data/label/vidgen_filter_gemini_part_0_dpo_4/hJ9uteMOF-k-Scene-0009/entity_20.mp4,T2V_data/label/vidgen_filter_gemini_part_0_dpo_4/hJ9uteMOF-k-Scene-0009/aug_entity_20.png
T2V_data/VIDGEN-1M_unzip/hJ9uteMOF-k-Scene-0009.mp4,"In the video, a group of people are playing soccer on a field. One of the players is seen kicking the ball towards the goal. The goalkeeper, dressed in green, attempts to block the ball but fails. The ball goes into the net, and the goalkeeper is seen running towards the camera in disappointment. The players are wearing different colored jerseys, and the field is surrounded by a fence. The sky is clear, and it appears to be a sunny day.",T2V_data/label/vidgen_filter_gemini_part_0_dpo_4/hJ9uteMOF-k-Scene-0009/entity_80.mp4,T2V_data/label/vidgen_filter_gemini_part_0_dpo_4/hJ9uteMOF-k-Scene-0009/aug_entity_80.png
T2V_data/VIDGEN-1M_unzip/hLs4yXlty8Q-Scene-0036.mp4,"In the video, a man is seen sitting at a table with a camera set up in front of him. He is holding a plastic bottle and appears to be demonstrating how to make a homemade air gun. He shows the plastic bottle and then proceeds to cut it open and attach a tube to it. The man then loads the air gun with a small object and proceeds to shoot it across the room. The video is shot in a well-lit room with a window in the background.",T2V_data/label/vidgen_filter_gemini_part_0_dpo_4/hLs4yXlty8Q-Scene-0036/entity_60.mp4,T2V_data/label/vidgen_filter_gemini_part_0_dpo_4/hLs4yXlty8Q-Scene-0036/aug_entity_60.png
T2V_data/VIDGEN-1M_unzip/hvqeljhK7As-Scene-0040.mp4,"The video shows a person driving a car with their hands on the steering wheel. The car is moving at a high speed, and the driver is navigating a winding road with trees on either side. The dashboard of the car is visible, and the speedometer is showing the speed of the car. The driver's hands are steady on the wheel, and they appear to be focused on the road ahead. The scenery outside the car is lush and green, indicating that the video was likely taken during the summer or spring. The car seems to be in good condition, and the driver is wearing a seatbelt, indicating that they are following safety protocols. Overall, the video captures the thrill of driving at high speeds on a beautiful day.",T2V_data/label/vidgen_filter_gemini_part_0_dpo_4/hvqeljhK7As-Scene-0040/entity_20.mp4,T2V_data/label/vidgen_filter_gemini_part_0_dpo_4/hvqeljhK7As-Scene-0040/aug_entity_20.png
T2V_data/VIDGEN-1M_unzip/hyHeXJ30iMc-Scene-0020.mp4,The video shows a person planting small plants in red plastic cups in the soil. The person is wearing gloves and is seen digging the soil with a small shovel. The plants are green and appear to be young. The soil is dark brown and appears to be moist. The background shows a grassy field with some houses in the distance.,T2V_data/label/vidgen_filter_gemini_part_0_dpo_4/hyHeXJ30iMc-Scene-0020/entity_20.mp4,T2V_data/label/vidgen_filter_gemini_part_0_dpo_4/hyHeXJ30iMc-Scene-0020/aug_entity_20.png
T2V_data/VIDGEN-1M_unzip/hyHeXJ30iMc-Scene-0020.mp4,The video shows a person planting small plants in red plastic cups in the soil. The person is wearing gloves and is seen digging the soil with a small shovel. The plants are green and appear to be young. The soil is dark brown and appears to be moist. The background shows a grassy field with some houses in the distance.,T2V_data/label/vidgen_filter_gemini_part_0_dpo_4/hyHeXJ30iMc-Scene-0020/entity_40.mp4,T2V_data/label/vidgen_filter_gemini_part_0_dpo_4/hyHeXJ30iMc-Scene-0020/aug_entity_40.png
T2V_data/VIDGEN-1M_unzip/i-KDqEdPado-Scene-0039.mp4,"The video shows two toy figures, one green and one yellow, standing on a green surface with small flowers and grass. The green figure is being pushed over by the yellow figure, who is standing upright. The yellow figure has a white patch on its chest. The green figure falls to the ground and lies on its back. The yellow figure remains standing.",T2V_data/label/vidgen_filter_gemini_part_0_dpo_4/i-KDqEdPado-Scene-0039/entity_20.mp4,T2V_data/label/vidgen_filter_gemini_part_0_dpo_4/i-KDqEdPado-Scene-0039/aug_entity_20.png
T2V_data/VIDGEN-1M_unzip/i-r-puu3ALc-Scene-0019.mp4,"In the video, a woman is standing in a kitchen and is opening a bottle of wine. She is wearing a black shirt and has her hair tied back. The kitchen has orange cabinets and a wooden countertop. There are several other bottles and jars on the countertop. The woman is holding the bottle with her left hand and using a corkscrew in her right hand to open the bottle. She is talking to someone off-camera while she is opening the bottle.",T2V_data/label/vidgen_filter_gemini_part_0_dpo_4/i-r-puu3ALc-Scene-0019/entity_20.mp4,T2V_data/label/vidgen_filter_gemini_part_0_dpo_4/i-r-puu3ALc-Scene-0019/aug_entity_20.png
T2V_data/VIDGEN-1M_unzip/i0jGGX1Xh8s-Scene-0012.mp4,"The video shows a white tiger in a pool of water. The tiger is standing on its hind legs and appears to be looking at something in the water. The tiger then jumps into the water and grabs a piece of meat with its mouth. The tiger then turns around and walks away with the meat in its mouth. The video is shot in a close-up angle, focusing on the tiger's actions. The water in the pool is clear and the tiger's fur is white with black stripes. The background shows a crowd of people watching the tiger.",T2V_data/label/vidgen_filter_gemini_part_0_dpo_4/i0jGGX1Xh8s-Scene-0012/entity_20.mp4,T2V_data/label/vidgen_filter_gemini_part_0_dpo_4/i0jGGX1Xh8s-Scene-0012/aug_entity_20.png
T2V_data/VIDGEN-1M_unzip/i4BfcEi-apw-Scene-0078.mp4,"In the video, a person is seen working on a motorcycle. The person is wearing black gloves and is holding a tool in their hand. They are using the tool to adjust the motorcycle's parts. The motorcycle is parked on a stand, and the person is standing next to it. The background is a cluttered garage with various tools and equipment scattered around. The person appears to be focused on their task, and the video captures the intricate process of motorcycle maintenance.",T2V_data/label/vidgen_filter_gemini_part_0_dpo_4/i4BfcEi-apw-Scene-0078/entity_40.mp4,T2V_data/label/vidgen_filter_gemini_part_0_dpo_4/i4BfcEi-apw-Scene-0078/aug_entity_40.png
T2V_data/VIDGEN-1M_unzip/iogjPsCceqc-Scene-0048.mp4,"In the video, a person is seen holding a yellow paper clip between their fingers. The person then proceeds to bend the paper clip into a shape that resembles a bridge. The person's nails are painted pink, and the background is white. The video is shot in close-up, focusing on the person's hands and the paper clip. The person's movements are deliberate and precise as they manipulate the paper clip. The video does not contain any text or subtitles.",T2V_data/label/vidgen_filter_gemini_part_0_dpo_4/iogjPsCceqc-Scene-0048/entity_80.mp4,T2V_data/label/vidgen_filter_gemini_part_0_dpo_4/iogjPsCceqc-Scene-0048/aug_entity_80.png
T2V_data/VIDGEN-1M_unzip/jfz65_0JNV8-Scene-0020.mp4,The video shows a basketball game being played in a stadium. A player in a red jersey is seen dribbling the ball while a player in a green jersey is trying to block him. The player in the red jersey is wearing a red and white jersey with the number 20 on it. The player in the green jersey is wearing a green and white jersey with the number 20 on it. The stadium is filled with spectators and the court is surrounded by advertisements. The players are moving quickly and the ball is being passed between them.,T2V_data/label/vidgen_filter_gemini_part_0_dpo_4/jfz65_0JNV8-Scene-0020/entity_20.mp4,T2V_data/label/vidgen_filter_gemini_part_0_dpo_4/jfz65_0JNV8-Scene-0020/aug_entity_20.png
T2V_data/VIDGEN-1M_unzip/jj621tv2UUo-Scene-0010.mp4,"The video shows a close-up of a person's hands as they sew a piece of white fabric with a sewing machine. The person's hands are visible, and they are using their fingers to guide the fabric through the machine. The sewing machine needle moves rapidly up and down, stitching the fabric together. The person's hands are steady, and they appear to be experienced in sewing. The fabric is white and appears to be a lightweight material, possibly cotton or polyester. The sewing machine is not visible in the video, but the sound of the machine can be heard.",T2V_data/label/vidgen_filter_gemini_part_0_dpo_4/jj621tv2UUo-Scene-0010/entity_60.mp4,T2V_data/label/vidgen_filter_gemini_part_0_dpo_4/jj621tv2UUo-Scene-0010/aug_entity_60.png
T2V_data/VIDGEN-1M_unzip/k3W3k7agiDo-Scene-0067.mp4,"In the video, a person is seen holding a piece of twine in their hands. They then proceed to cut the twine with a pair of scissors. After cutting, they take a piece of twine and tie it around the other piece, creating a knot. The person then ties another knot with the twine, and finally, they cut the twine with the scissors.",T2V_data/label/vidgen_filter_gemini_part_0_dpo_4/k3W3k7agiDo-Scene-0067/entity_60.mp4,T2V_data/label/vidgen_filter_gemini_part_0_dpo_4/k3W3k7agiDo-Scene-0067/aug_entity_60.png
T2V_data/VIDGEN-1M_unzip/kNVXJJQXNVo-Scene-0065.mp4,The video shows a man with long hair and a beard wearing a camouflage shirt and pants. He is holding a long stick and is using it to move a large rock. The man is in a rocky area with cacti in the background. He is pushing the rock with his stick and appears to be exerting a lot of effort. The rock is quite large and seems to be heavy. The man is wearing a hat and is focused on the task at hand. The video is shot during the daytime and the lighting is bright.,T2V_data/label/vidgen_filter_gemini_part_0_dpo_4/kNVXJJQXNVo-Scene-0065/entity_20.mp4,T2V_data/label/vidgen_filter_gemini_part_0_dpo_4/kNVXJJQXNVo-Scene-0065/aug_entity_20.png
T2V_data/VIDGEN-1M_unzip/kQYQAfNVcLM-Scene-0142.mp4,"The video shows a toy train set with a yellow platform and a green pipe. There are two monkey figurines on the platform, and a blue train with a picture of a monkey on it is moving on the tracks. The monkey figurines are attached to the green pipe, and as the train passes underneath, the pipe is lifted, causing the monkeys to swing back and forth. The train continues to move along the tracks, and the monkeys continue to swing.",T2V_data/label/vidgen_filter_gemini_part_0_dpo_4/kQYQAfNVcLM-Scene-0142/entity_20.mp4,T2V_data/label/vidgen_filter_gemini_part_0_dpo_4/kQYQAfNVcLM-Scene-0142/aug_entity_20.png
T2V_data/VIDGEN-1M_unzip/kQYQAfNVcLM-Scene-0142.mp4,"The video shows a toy train set with a yellow platform and a green pipe. There are two monkey figurines on the platform, and a blue train with a picture of a monkey on it is moving on the tracks. The monkey figurines are attached to the green pipe, and as the train passes underneath, the pipe is lifted, causing the monkeys to swing back and forth. The train continues to move along the tracks, and the monkeys continue to swing.",T2V_data/label/vidgen_filter_gemini_part_0_dpo_4/kQYQAfNVcLM-Scene-0142/entity_40.mp4,T2V_data/label/vidgen_filter_gemini_part_0_dpo_4/kQYQAfNVcLM-Scene-0142/aug_entity_40.png
T2V_data/VIDGEN-1M_unzip/kTRC4RqXj7M-Scene-0031.mp4,"The video shows a group of soccer players on a field. They are wearing white uniforms and are seen running around the field. Some of the players are shirtless, while others are wearing jerseys. The players are engaged in a game of soccer, and they are seen kicking the ball around. The field is surrounded by a crowd of spectators, who are watching the game from the stands. The lighting in the video is bright, and the colors are vibrant. The players are moving quickly, and the ball is being passed between them. The video captures the energy and excitement of the game, with the players showing their skills and competitiveness.",T2V_data/label/vidgen_filter_gemini_part_0_dpo_4/kTRC4RqXj7M-Scene-0031/entity_20.mp4,T2V_data/label/vidgen_filter_gemini_part_0_dpo_4/kTRC4RqXj7M-Scene-0031/aug_entity_20.png
T2V_data/VIDGEN-1M_unzip/l6ZJzJbr5cI-Scene-0033.mp4,"The video shows a close-up of a person's hands picking a red apple from a tree. The apple is bright red with small white specks on its surface. The person's hands are gently grasping the apple, and they twist it slightly to detach it from the tree. The background is blurred, but it appears to be an orchard with other trees and apples visible.",T2V_data/label/vidgen_filter_gemini_part_0_dpo_4/l6ZJzJbr5cI-Scene-0033/entity_20.mp4,T2V_data/label/vidgen_filter_gemini_part_0_dpo_4/l6ZJzJbr5cI-Scene-0033/aug_entity_20.png
T2V_data/VIDGEN-1M_unzip/lSuhVmYC-cE-Scene-0141.mp4,"The video shows a close-up of a person's hands as they work on a piece of jewelry. The person is using a pair of pliers to manipulate a small piece of metal. The metal is being bent and shaped into a specific form. The person's hands are steady and precise as they work on the piece. The background is blurred, but it appears to be a workshop or crafting area. The lighting is bright, and the focus is on the hands and the metal piece. The person's fingernails are short and clean, and they are wearing no jewelry. The video does not contain any sound.",T2V_data/label/vidgen_filter_gemini_part_0_dpo_4/lSuhVmYC-cE-Scene-0141/entity_60.mp4,T2V_data/label/vidgen_filter_gemini_part_0_dpo_4/lSuhVmYC-cE-Scene-0141/aug_entity_60.png
T2V_data/VIDGEN-1M_unzip/lSuhVmYC-cE-Scene-0141.mp4,"The video shows a close-up of a person's hands as they work on a piece of jewelry. The person is using a pair of pliers to manipulate a small piece of metal. The metal is being bent and shaped into a specific form. The person's hands are steady and precise as they work on the piece. The background is blurred, but it appears to be a workshop or crafting area. The lighting is bright, and the focus is on the hands and the metal piece. The person's fingernails are short and clean, and they are wearing no jewelry. The video does not contain any sound.",T2V_data/label/vidgen_filter_gemini_part_0_dpo_4/lSuhVmYC-cE-Scene-0141/entity_80.mp4,T2V_data/label/vidgen_filter_gemini_part_0_dpo_4/lSuhVmYC-cE-Scene-0141/aug_entity_80.png
T2V_data/VIDGEN-1M_unzip/lUdg8sCBenU-Scene-0055.mp4,"In the video, a man is seen driving a green tractor with large tires through a muddy field. The tractor is moving towards a rusty car that is stuck in the mud. The car appears to be an old model with a rusted exterior and a missing front bumper. The man on the tractor is wearing a black shirt and a cap, and he seems to be trying to help the car out of the mud. The surroundings are a wooded area with trees and dirt visible in the background.",T2V_data/label/vidgen_filter_gemini_part_0_dpo_4/lUdg8sCBenU-Scene-0055/entity_40.mp4,T2V_data/label/vidgen_filter_gemini_part_0_dpo_4/lUdg8sCBenU-Scene-0055/aug_entity_40.png
T2V_data/VIDGEN-1M_unzip/mKNAL05_R44-Scene-0003.mp4,"The video shows a soldier jumping off a building with a gun in his hand. He is wearing a helmet and a bulletproof vest. The soldier is falling towards the ground, and there are trees and buildings visible in the background. The soldier then pulls his parachute and lands safely on the ground.",T2V_data/label/vidgen_filter_gemini_part_0_dpo_4/mKNAL05_R44-Scene-0003/entity_20.mp4,T2V_data/label/vidgen_filter_gemini_part_0_dpo_4/mKNAL05_R44-Scene-0003/aug_entity_20.png
T2V_data/VIDGEN-1M_unzip/mSAKI93FLJ4-Scene-0159.mp4,"The video shows a woman in a yellow top and blue jeans crouching down next to a blue car. She is holding a yellow hose and a blue device in her hands, which she is using to inflate the tire of the car. The woman is smiling and appears to be enjoying the process. The car is parked on the side of the road, and there are other cars visible in the background.",T2V_data/label/vidgen_filter_gemini_part_0_dpo_4/mSAKI93FLJ4-Scene-0159/entity_20.mp4,T2V_data/label/vidgen_filter_gemini_part_0_dpo_4/mSAKI93FLJ4-Scene-0159/aug_entity_20.png
T2V_data/VIDGEN-1M_unzip/meiLTgm66aI-Scene-0006.mp4,"The video shows a red bucket placed on a table. A person is pouring water from a silver pot into the red bucket. The water is clear and the bucket is empty at the beginning. The person pours the water in a steady stream, filling the bucket gradually. The water level rises until the bucket is full.",T2V_data/label/vidgen_filter_gemini_part_0_dpo_4/meiLTgm66aI-Scene-0006/entity_40.mp4,T2V_data/label/vidgen_filter_gemini_part_0_dpo_4/meiLTgm66aI-Scene-0006/aug_entity_40.png
T2V_data/VIDGEN-1M_unzip/n_Qz9R7qu5U-Scene-0020.mp4,"In the video, a man is seen in a garage with a wooden board on wheels. He is using a tool to scrape the surface of the board. The man is wearing a black shirt and shorts, and the garage is filled with various items. The wooden board is brown and appears to be made of plywood. The man is focused on his task and is working diligently to smooth out the surface of the board. The garage is well-lit, and the man's movements are deliberate and precise. The video provides a clear view of the man's actions and the environment in which he is working.",T2V_data/label/vidgen_filter_gemini_part_0_dpo_4/n_Qz9R7qu5U-Scene-0020/entity_20.mp4,T2V_data/label/vidgen_filter_gemini_part_0_dpo_4/n_Qz9R7qu5U-Scene-0020/aug_entity_20.png
T2V_data/VIDGEN-1M_unzip/o9edN4J55Rs-Scene-0035.mp4,"The video shows a close-up of a person's hand. The person is holding their thumb and index finger and squeezing the skin between them. The skin is pink and appears to be slightly inflamed. The person is applying pressure to the skin, causing it to bulge out between their fingers. The background is blurred, but it appears to be a neutral color.",T2V_data/label/vidgen_filter_gemini_part_0_dpo_4/o9edN4J55Rs-Scene-0035/entity_40.mp4,T2V_data/label/vidgen_filter_gemini_part_0_dpo_4/o9edN4J55Rs-Scene-0035/aug_entity_40.png
T2V_data/VIDGEN-1M_unzip/pF9XyGFyfiM-Scene-0011.mp4,"In the video, a person is holding a red plastic cup with soil in it. The person is using their thumb to push the soil up and down. The background is a wooden surface.",T2V_data/label/vidgen_filter_gemini_part_0_dpo_4/pF9XyGFyfiM-Scene-0011/entity_40.mp4,T2V_data/label/vidgen_filter_gemini_part_0_dpo_4/pF9XyGFyfiM-Scene-0011/aug_entity_40.png
T2V_data/VIDGEN-1M_unzip/p_2bc8P-zyk-Scene-0053.mp4,"The video shows a man wearing an orange shirt and black shorts playing golf. He is standing on a green field with a golf club in his hand, preparing to hit a golf ball. The man is wearing a white glove on his left hand and a white sock on his left foot. He takes a swing at the ball and then watches it fly through the air. The background shows a body of water and a rocky shore.",T2V_data/label/vidgen_filter_gemini_part_0_dpo_4/p_2bc8P-zyk-Scene-0053/entity_20.mp4,T2V_data/label/vidgen_filter_gemini_part_0_dpo_4/p_2bc8P-zyk-Scene-0053/aug_entity_20.png
T2V_data/VIDGEN-1M_unzip/rAcsC_DbXwk-Scene-0030.mp4,"The video shows a conveyor belt filled with yellow corn flakes. The belt is moving from left to right, and the flakes are being transported to the right side of the screen. The belt is made of metal and has a shiny surface. The corn flakes are small, irregularly shaped, and have a bright yellow color. There are no other objects or people visible in the video.",T2V_data/label/vidgen_filter_gemini_part_0_dpo_4/rAcsC_DbXwk-Scene-0030/entity_20.mp4,T2V_data/label/vidgen_filter_gemini_part_0_dpo_4/rAcsC_DbXwk-Scene-0030/aug_entity_20.png
T2V_data/VIDGEN-1M_unzip/ruF90OGW6WI-Scene-0013.mp4,"The video shows a close-up of a piece of wood being cut by a table saw. The wood is marked with a red line, indicating where it will be cut. As the saw blade moves back and forth, it cuts through the wood, creating sawdust. The wood appears to be a light brown color, and the saw blade is silver. The video is shot from a side angle, showing the saw blade and the wood in detail.",T2V_data/label/vidgen_filter_gemini_part_0_dpo_4/ruF90OGW6WI-Scene-0013/entity_40.mp4,T2V_data/label/vidgen_filter_gemini_part_0_dpo_4/ruF90OGW6WI-Scene-0013/aug_entity_40.png
T2V_data/VIDGEN-1M_unzip/skaJrbEqEI0-Scene-0027.mp4,"In the video, a man is seen riding a bike on a dirt track. He is wearing a white shirt and black pants. The track has several ramps and the man is seen going up and down them. He is also seen jumping over a ramp and landing on the other side. The track is located indoors and there are several other ramps in the background.",T2V_data/label/vidgen_filter_gemini_part_0_dpo_4/skaJrbEqEI0-Scene-0027/entity_40.mp4,T2V_data/label/vidgen_filter_gemini_part_0_dpo_4/skaJrbEqEI0-Scene-0027/aug_entity_40.png
T2V_data/VIDGEN-1M_unzip/tGVR7PHIlA0-Scene-0087.mp4,"The video shows a baseball game being played in a stadium filled with spectators. The game is being played between two teams, one in white uniforms and the other in blue. The batter from the blue team hits the ball and starts running towards first base. The first baseman from the white team tries to catch the ball but misses it. The batter successfully reaches first base, and the crowd cheers. The video is shot from the perspective of the audience, and the players are computer-generated.",T2V_data/label/vidgen_filter_gemini_part_0_dpo_4/tGVR7PHIlA0-Scene-0087/entity_40.mp4,T2V_data/label/vidgen_filter_gemini_part_0_dpo_4/tGVR7PHIlA0-Scene-0087/aug_entity_40.png
T2V_data/VIDGEN-1M_unzip/u0j3ePI90_g-Scene-0110.mp4,"The video shows a waterfall cascading down a rocky cliff into a river below. The waterfall is surrounded by trees and rocks. The water is white and frothy as it crashes into the river, creating a misty spray. The trees are green and appear to be coniferous, with needle-like leaves. The rocks are gray and jagged, and there are many of them scattered throughout the scene. The waterfall is the main focus of the video, and it is the only water source visible. The video does not contain any people or animals.",T2V_data/label/vidgen_filter_gemini_part_0_dpo_4/u0j3ePI90_g-Scene-0110/entity_20.mp4,T2V_data/label/vidgen_filter_gemini_part_0_dpo_4/u0j3ePI90_g-Scene-0110/aug_entity_20.png
T2V_data/VIDGEN-1M_unzip/u0j3ePI90_g-Scene-0110.mp4,"The video shows a waterfall cascading down a rocky cliff into a river below. The waterfall is surrounded by trees and rocks. The water is white and frothy as it crashes into the river, creating a misty spray. The trees are green and appear to be coniferous, with needle-like leaves. The rocks are gray and jagged, and there are many of them scattered throughout the scene. The waterfall is the main focus of the video, and it is the only water source visible. The video does not contain any people or animals.",T2V_data/label/vidgen_filter_gemini_part_0_dpo_4/u0j3ePI90_g-Scene-0110/entity_40.mp4,T2V_data/label/vidgen_filter_gemini_part_0_dpo_4/u0j3ePI90_g-Scene-0110/aug_entity_40.png
T2V_data/VIDGEN-1M_unzip/uCi6c_uxGkM-Scene-0032.mp4,"The video shows a person using a table saw to cut a piece of wood. The saw has a red circular blade and a silver metal frame. The person's hands are visible as they guide the wood through the saw, making precise cuts. The wood appears to be light brown in color, and the person is wearing a blue shirt. The background is a workshop setting with various tools and equipment visible.",T2V_data/label/vidgen_filter_gemini_part_0_dpo_4/uCi6c_uxGkM-Scene-0032/entity_20.mp4,T2V_data/label/vidgen_filter_gemini_part_0_dpo_4/uCi6c_uxGkM-Scene-0032/aug_entity_20.png
T2V_data/VIDGEN-1M_unzip/uCi6c_uxGkM-Scene-0032.mp4,"The video shows a person using a table saw to cut a piece of wood. The saw has a red circular blade and a silver metal frame. The person's hands are visible as they guide the wood through the saw, making precise cuts. The wood appears to be light brown in color, and the person is wearing a blue shirt. The background is a workshop setting with various tools and equipment visible.",T2V_data/label/vidgen_filter_gemini_part_0_dpo_4/uCi6c_uxGkM-Scene-0032/entity_40.mp4,T2V_data/label/vidgen_filter_gemini_part_0_dpo_4/uCi6c_uxGkM-Scene-0032/aug_entity_40.png
T2V_data/VIDGEN-1M_unzip/uWr7XaQ7dRA-Scene-0173.mp4,"In the video, a man is seen standing on a rocky surface near a waterfall. He is wearing a white shirt and black shorts. The waterfall is tall and powerful, with water cascading down into a pool below. The man jumps off the rock and into the water, creating a large splash. The surrounding area is lush and green, with trees and foliage visible in the background. The water is clear and blue, and the sound of the waterfall can be heard in the background.",T2V_data/label/vidgen_filter_gemini_part_0_dpo_4/uWr7XaQ7dRA-Scene-0173/entity_40.mp4,T2V_data/label/vidgen_filter_gemini_part_0_dpo_4/uWr7XaQ7dRA-Scene-0173/aug_entity_40.png
T2V_data/VIDGEN-1M_unzip/uhB8-vigEm0-Scene-0024.mp4,"In the video, a person is operating a large machine that is dispensing a large amount of coffee beans into a container. The machine is made of metal and has a lever on the side that the person is using to control the flow of the beans. The container is also made of metal and has a handle on the side. The coffee beans are dark brown and are flowing out of the machine in a steady stream. The person is wearing a white shirt and is standing in front of the machine, watching as the beans pour out. The background is dark and there are no other objects or people visible in the video.",T2V_data/label/vidgen_filter_gemini_part_0_dpo_4/uhB8-vigEm0-Scene-0024/entity_40.mp4,T2V_data/label/vidgen_filter_gemini_part_0_dpo_4/uhB8-vigEm0-Scene-0024/aug_entity_40.png
T2V_data/VIDGEN-1M_unzip/uhB8-vigEm0-Scene-0024.mp4,"In the video, a person is operating a large machine that is dispensing a large amount of coffee beans into a container. The machine is made of metal and has a lever on the side that the person is using to control the flow of the beans. The container is also made of metal and has a handle on the side. The coffee beans are dark brown and are flowing out of the machine in a steady stream. The person is wearing a white shirt and is standing in front of the machine, watching as the beans pour out. The background is dark and there are no other objects or people visible in the video.",T2V_data/label/vidgen_filter_gemini_part_0_dpo_4/uhB8-vigEm0-Scene-0024/entity_60.mp4,T2V_data/label/vidgen_filter_gemini_part_0_dpo_4/uhB8-vigEm0-Scene-0024/aug_entity_60.png
T2V_data/VIDGEN-1M_unzip/vRVRgt7ou9w-Scene-0105.mp4,"The video shows a close-up of a person's hand as they press down on a green leafy substance that is placed on a white surface. The substance appears to be a gelatinous material that retains the shape of the leaf it is pressed against. The person's hand is visible in the frame, and they seem to be pressing down on the substance with their fingertip. The white surface underneath the substance appears to be a flat, smooth surface, possibly a table or countertop. The green substance is bright and vibrant, and it seems to have a shiny, slightly translucent quality. The person's hand is steady, and they apply pressure to the substance in a controlled manner. There is no visible text or subtitles in the video.",T2V_data/label/vidgen_filter_gemini_part_0_dpo_4/vRVRgt7ou9w-Scene-0105/entity_20.mp4,T2V_data/label/vidgen_filter_gemini_part_0_dpo_4/vRVRgt7ou9w-Scene-0105/aug_entity_20.png
T2V_data/VIDGEN-1M_unzip/vqn2hfne6os-Scene-0010.mp4,"In the video, a person is seen holding a knife and cutting an onion on a cutting board. The person is wearing a white sweater and has a ring on their finger. The onion is white and round, and the knife is silver with a black handle. The person cuts the onion into slices and then into smaller pieces. The cutting board is green and placed on a white countertop. There is a white wire on the countertop in the background.",T2V_data/label/vidgen_filter_gemini_part_0_dpo_4/vqn2hfne6os-Scene-0010/entity_60.mp4,T2V_data/label/vidgen_filter_gemini_part_0_dpo_4/vqn2hfne6os-Scene-0010/aug_entity_60.png
T2V_data/VIDGEN-1M_unzip/vs4ctoiPENg-Scene-0122.mp4,"The video shows a satellite moving in space with the Earth in the background. The satellite is made up of several panels and appears to be in motion. The Earth is visible in the background, and it seems to be rotating. The colors in the video are predominantly dark, with the Earth showing shades of blue and green. The satellite is mostly metallic with some parts reflecting light. There are no other objects or landmarks visible in the video.",T2V_data/label/vidgen_filter_gemini_part_0_dpo_4/vs4ctoiPENg-Scene-0122/entity_20.mp4,T2V_data/label/vidgen_filter_gemini_part_0_dpo_4/vs4ctoiPENg-Scene-0122/aug_entity_20.png
T2V_data/VIDGEN-1M_unzip/vs4ctoiPENg-Scene-0122.mp4,"The video shows a satellite moving in space with the Earth in the background. The satellite is made up of several panels and appears to be in motion. The Earth is visible in the background, and it seems to be rotating. The colors in the video are predominantly dark, with the Earth showing shades of blue and green. The satellite is mostly metallic with some parts reflecting light. There are no other objects or landmarks visible in the video.",T2V_data/label/vidgen_filter_gemini_part_0_dpo_4/vs4ctoiPENg-Scene-0122/entity_40.mp4,T2V_data/label/vidgen_filter_gemini_part_0_dpo_4/vs4ctoiPENg-Scene-0122/aug_entity_40.png
T2V_data/VIDGEN-1M_unzip/w1_yjOqzj3g-Scene-0013.mp4,"In the video, a man is seen standing in an indoor golfing area. He is wearing a blue shirt and black pants. The man is holding a golf club and is preparing to hit a golf ball that is placed on the ground in front of him. He takes a few practice swings before hitting the ball. The indoor golfing area has a green carpet and there are several golf bags and clubs visible in the background. The man appears to be focused on his swing and is demonstrating good form.",T2V_data/label/vidgen_filter_gemini_part_0_dpo_4/w1_yjOqzj3g-Scene-0013/entity_20.mp4,T2V_data/label/vidgen_filter_gemini_part_0_dpo_4/w1_yjOqzj3g-Scene-0013/aug_entity_20.png
T2V_data/VIDGEN-1M_unzip/wQgzDwoQpRA-Scene-0016.mp4,"In the video, a man is seen working on a wooden project. He is using a jigsaw to cut a piece of wood. The man is wearing a blue shirt and is standing in front of a workbench. The workbench is covered with sawdust, indicating that he has been working for some time. The jigsaw is black and appears to be in good condition. The man is focused on his work, carefully guiding the jigsaw to make precise cuts. The piece of wood he is cutting is light brown and appears to be a softwood. The background is blurred, but it seems to be a workshop or garage.",T2V_data/label/vidgen_filter_gemini_part_0_dpo_4/wQgzDwoQpRA-Scene-0016/entity_60.mp4,T2V_data/label/vidgen_filter_gemini_part_0_dpo_4/wQgzDwoQpRA-Scene-0016/aug_entity_60.png
T2V_data/VIDGEN-1M_unzip/wvPstbOsTsQ-Scene-0007.mp4,"The video shows a satellite orbiting around the Earth. The Earth is shown in a dark space with stars visible in the background. The satellite is white and is shown moving around the Earth in a circular motion. The Earth is shown in great detail, with visible continents and oceans. The video is shot from a distance, showing the Earth and the satellite in their entirety.",T2V_data/label/vidgen_filter_gemini_part_0_dpo_4/wvPstbOsTsQ-Scene-0007/entity_20.mp4,T2V_data/label/vidgen_filter_gemini_part_0_dpo_4/wvPstbOsTsQ-Scene-0007/aug_entity_20.png
T2V_data/VIDGEN-1M_unzip/yIuobyqtZw4-Scene-0035.mp4,"In the video, a man is seen in a garage with various tools and equipment. He is wearing a black shirt and has headphones on. He is using a tool to work on a piece of metal that is clamped in a vise. The man is focused on his work and appears to be skilled at what he is doing. The garage is well-organized, with tools neatly arranged on shelves and in drawers. The lighting is bright, and the overall atmosphere is one of productivity and efficiency. The man's movements are precise and deliberate, indicating that he is experienced in his craft. The video provides a glimpse into the world of mechanical work and the skill and attention to detail required to do it well.",T2V_data/label/vidgen_filter_gemini_part_0_dpo_4/yIuobyqtZw4-Scene-0035/entity_40.mp4,T2V_data/label/vidgen_filter_gemini_part_0_dpo_4/yIuobyqtZw4-Scene-0035/aug_entity_40.png
T2V_data/VIDGEN-1M_unzip/zbTVWjoXuG4-Scene-0019.mp4,The video shows a person using a table saw to cut a piece of wood. The person is wearing a black shirt and is standing in front of the saw. The wood is light brown and has several holes in it. The person is using a white ruler to measure the wood and a white block to push the wood through the saw. The saw is red and black and is placed on a table. The person is cutting the wood into smaller pieces.,T2V_data/label/vidgen_filter_gemini_part_0_dpo_4/zbTVWjoXuG4-Scene-0019/entity_60.mp4,T2V_data/label/vidgen_filter_gemini_part_0_dpo_4/zbTVWjoXuG4-Scene-0019/aug_entity_60.png
T2V_data/VIDGEN-1M_unzip/ztZbPvsALyc-Scene-0080.mp4,"In the video, a man is seen using a power tool to carve a piece of wood. The man is wearing a red shirt and a black cap. The power tool is orange and black in color. The man is holding the tool with his left hand and using it to carve the wood with his right hand. The wood is light brown in color and has a rough texture. The man is carving a design into the wood, and as he works, wood shavings can be seen falling to the ground. The man is focused on his work and appears to be skilled in using the power tool. The background of the video is a plain white wall.",T2V_data/label/vidgen_filter_gemini_part_0_dpo_4/ztZbPvsALyc-Scene-0080/entity_80.mp4,T2V_data/label/vidgen_filter_gemini_part_0_dpo_4/ztZbPvsALyc-Scene-0080/aug_entity_80.png
