video,prompt,vace_video,vace_reference_image
T2V_data/VIDGEN-1M_unzip/-4cBjtNBctA-Scene-0032.mp4,"In the video, a person is seen preparing a hot chocolate drink. The person is holding a metal mug in one hand and a white bowl in the other. They are pouring a white powdery substance, which appears to be sugar, into the metal mug. After that, they pour a dark brown powdery substance, which appears to be cocoa powder, into the same mug. The person then pours hot milk into the mug, which causes the powders to mix and create a hot chocolate drink. The video is shot in a kitchen setting, and the person is wearing a black shirt.",T2V_data/label/vidgen_filter_gemini_part_0_dpo_5/-4cBjtNBctA-Scene-0032/depth.mp4,T2V_data/label/vidgen_filter_gemini_part_0_dpo_5/-4cBjtNBctA-Scene-0032/aug_entity_60.png
T2V_data/VIDGEN-1M_unzip/-4cBjtNBctA-Scene-0032.mp4,"In the video, a person is seen preparing a hot chocolate drink. The person is holding a metal mug in one hand and a white bowl in the other. They are pouring a white powdery substance, which appears to be sugar, into the metal mug. After that, they pour a dark brown powdery substance, which appears to be cocoa powder, into the same mug. The person then pours hot milk into the mug, which causes the powders to mix and create a hot chocolate drink. The video is shot in a kitchen setting, and the person is wearing a black shirt.",T2V_data/label/vidgen_filter_gemini_part_0_dpo_5/-4cBjtNBctA-Scene-0032/entity_60.mp4,T2V_data/label/vidgen_filter_gemini_part_0_dpo_5/-4cBjtNBctA-Scene-0032/aug_entity_60.png
T2V_data/VIDGEN-1M_unzip/-6TTf2inbK4-Scene-0008.mp4,The video shows a person's hands removing a black box from a green box. The black box has a silver latch on the front. The person opens the black box to reveal a black bag inside. The person then removes the black bag from the box.,T2V_data/label/vidgen_filter_gemini_part_0_dpo_5/-6TTf2inbK4-Scene-0008/depth.mp4,T2V_data/label/vidgen_filter_gemini_part_0_dpo_5/-6TTf2inbK4-Scene-0008/aug_entity_40.png
T2V_data/VIDGEN-1M_unzip/-6TTf2inbK4-Scene-0008.mp4,The video shows a person's hands removing a black box from a green box. The black box has a silver latch on the front. The person opens the black box to reveal a black bag inside. The person then removes the black bag from the box.,T2V_data/label/vidgen_filter_gemini_part_0_dpo_5/-6TTf2inbK4-Scene-0008/entity_40.mp4,T2V_data/label/vidgen_filter_gemini_part_0_dpo_5/-6TTf2inbK4-Scene-0008/aug_entity_40.png
T2V_data/VIDGEN-1M_unzip/-CAXkbdb5vY-Scene-0052.mp4,"The video shows a tennis player on a clay court, wearing a grey shirt and pink wristbands. He is seen throwing a tennis ball up in the air and hitting it with his racket. The player then proceeds to walk around the court, holding his head in his hands, appearing to be in deep thought or frustration. The court is surrounded by blue walls with various logos and advertisements.",T2V_data/label/vidgen_filter_gemini_part_0_dpo_5/-CAXkbdb5vY-Scene-0052/depth.mp4,T2V_data/label/vidgen_filter_gemini_part_0_dpo_5/-CAXkbdb5vY-Scene-0052/aug_entity_20.png
T2V_data/VIDGEN-1M_unzip/-CAXkbdb5vY-Scene-0052.mp4,"The video shows a tennis player on a clay court, wearing a grey shirt and pink wristbands. He is seen throwing a tennis ball up in the air and hitting it with his racket. The player then proceeds to walk around the court, holding his head in his hands, appearing to be in deep thought or frustration. The court is surrounded by blue walls with various logos and advertisements.",T2V_data/label/vidgen_filter_gemini_part_0_dpo_5/-CAXkbdb5vY-Scene-0052/entity_20.mp4,T2V_data/label/vidgen_filter_gemini_part_0_dpo_5/-CAXkbdb5vY-Scene-0052/aug_entity_20.png
T2V_data/VIDGEN-1M_unzip/-Uj_9oSLkfU-Scene-0070.mp4,"The video shows a person's hand squeezing a yellow, viscous substance out of a small plastic bottle onto a white plate. The substance appears to be thick and glossy, with a slightly translucent quality. The person's hand is visible, and they are using a white plastic spoon to spread the substance around on the plate. The plate is round and white, and the background is not visible.",T2V_data/label/vidgen_filter_gemini_part_0_dpo_5/-Uj_9oSLkfU-Scene-0070/depth.mp4,T2V_data/label/vidgen_filter_gemini_part_0_dpo_5/-Uj_9oSLkfU-Scene-0070/aug_entity_40.png
T2V_data/VIDGEN-1M_unzip/-Uj_9oSLkfU-Scene-0070.mp4,"The video shows a person's hand squeezing a yellow, viscous substance out of a small plastic bottle onto a white plate. The substance appears to be thick and glossy, with a slightly translucent quality. The person's hand is visible, and they are using a white plastic spoon to spread the substance around on the plate. The plate is round and white, and the background is not visible.",T2V_data/label/vidgen_filter_gemini_part_0_dpo_5/-Uj_9oSLkfU-Scene-0070/entity_40.mp4,T2V_data/label/vidgen_filter_gemini_part_0_dpo_5/-Uj_9oSLkfU-Scene-0070/aug_entity_40.png
T2V_data/VIDGEN-1M_unzip/-_roi9tsUyg-Scene-0081.mp4,"The video shows a baseball player wearing a purple jersey with the number 97 on it. The player is standing on a baseball field, and the camera angle is from behind him, looking towards the pitcher's mound. The player is holding a baseball glove and appears to be waiting for the ball to be thrown to him. The stadium is filled with spectators, and there are other players on the field. The video is in slow motion, and the player is seen catching the ball and throwing it back. The graphics are realistic, and the colors are vibrant.",T2V_data/label/vidgen_filter_gemini_part_0_dpo_5/-_roi9tsUyg-Scene-0081/depth.mp4,T2V_data/label/vidgen_filter_gemini_part_0_dpo_5/-_roi9tsUyg-Scene-0081/aug_entity_20.png
T2V_data/VIDGEN-1M_unzip/-_roi9tsUyg-Scene-0081.mp4,"The video shows a baseball player wearing a purple jersey with the number 97 on it. The player is standing on a baseball field, and the camera angle is from behind him, looking towards the pitcher's mound. The player is holding a baseball glove and appears to be waiting for the ball to be thrown to him. The stadium is filled with spectators, and there are other players on the field. The video is in slow motion, and the player is seen catching the ball and throwing it back. The graphics are realistic, and the colors are vibrant.",T2V_data/label/vidgen_filter_gemini_part_0_dpo_5/-_roi9tsUyg-Scene-0081/entity_20.mp4,T2V_data/label/vidgen_filter_gemini_part_0_dpo_5/-_roi9tsUyg-Scene-0081/aug_entity_20.png
T2V_data/VIDGEN-1M_unzip/-_roi9tsUyg-Scene-0081.mp4,"The video shows a baseball player wearing a purple jersey with the number 97 on it. The player is standing on a baseball field, and the camera angle is from behind him, looking towards the pitcher's mound. The player is holding a baseball glove and appears to be waiting for the ball to be thrown to him. The stadium is filled with spectators, and there are other players on the field. The video is in slow motion, and the player is seen catching the ball and throwing it back. The graphics are realistic, and the colors are vibrant.",T2V_data/label/vidgen_filter_gemini_part_0_dpo_5/-_roi9tsUyg-Scene-0081/depth.mp4,T2V_data/label/vidgen_filter_gemini_part_0_dpo_5/-_roi9tsUyg-Scene-0081/aug_entity_80.png
T2V_data/VIDGEN-1M_unzip/-_roi9tsUyg-Scene-0081.mp4,"The video shows a baseball player wearing a purple jersey with the number 97 on it. The player is standing on a baseball field, and the camera angle is from behind him, looking towards the pitcher's mound. The player is holding a baseball glove and appears to be waiting for the ball to be thrown to him. The stadium is filled with spectators, and there are other players on the field. The video is in slow motion, and the player is seen catching the ball and throwing it back. The graphics are realistic, and the colors are vibrant.",T2V_data/label/vidgen_filter_gemini_part_0_dpo_5/-_roi9tsUyg-Scene-0081/entity_80.mp4,T2V_data/label/vidgen_filter_gemini_part_0_dpo_5/-_roi9tsUyg-Scene-0081/aug_entity_80.png
T2V_data/VIDGEN-1M_unzip/-bVd7AnRr7Q-Scene-0099.mp4,"The video shows a person's hand playing with a piece of blue slime. The slime is stretchy and malleable, and the person is seen stretching, squeezing, and folding it in various ways. The background is a solid pink color, which contrasts with the blue slime. The person's hand is visible throughout the video, and they appear to be enjoying the sensory experience of playing with the slime.",T2V_data/label/vidgen_filter_gemini_part_0_dpo_5/-bVd7AnRr7Q-Scene-0099/depth.mp4,T2V_data/label/vidgen_filter_gemini_part_0_dpo_5/-bVd7AnRr7Q-Scene-0099/aug_entity_60.png
T2V_data/VIDGEN-1M_unzip/-bVd7AnRr7Q-Scene-0099.mp4,"The video shows a person's hand playing with a piece of blue slime. The slime is stretchy and malleable, and the person is seen stretching, squeezing, and folding it in various ways. The background is a solid pink color, which contrasts with the blue slime. The person's hand is visible throughout the video, and they appear to be enjoying the sensory experience of playing with the slime.",T2V_data/label/vidgen_filter_gemini_part_0_dpo_5/-bVd7AnRr7Q-Scene-0099/entity_60.mp4,T2V_data/label/vidgen_filter_gemini_part_0_dpo_5/-bVd7AnRr7Q-Scene-0099/aug_entity_60.png
T2V_data/VIDGEN-1M_unzip/-vBP5vlrxP0-Scene-0003.mp4,"In the video, a small dog is seen playing with a tennis ball on a carpeted floor. The dog is holding the ball in its mouth and moving around, trying to shake it off. The dog appears to be a Yorkshire Terrier, with long, silky fur that is predominantly gray and brown. The tennis ball is bright green, providing a stark contrast to the dog's fur. The dog's movements are playful and energetic, as it tries to get rid of the ball. The carpet is a light beige color, and the background is blurred, focusing the viewer's attention on the dog and the ball.",T2V_data/label/vidgen_filter_gemini_part_0_dpo_5/-vBP5vlrxP0-Scene-0003/depth.mp4,T2V_data/label/vidgen_filter_gemini_part_0_dpo_5/-vBP5vlrxP0-Scene-0003/aug_entity_20.png
T2V_data/VIDGEN-1M_unzip/-vBP5vlrxP0-Scene-0003.mp4,"In the video, a small dog is seen playing with a tennis ball on a carpeted floor. The dog is holding the ball in its mouth and moving around, trying to shake it off. The dog appears to be a Yorkshire Terrier, with long, silky fur that is predominantly gray and brown. The tennis ball is bright green, providing a stark contrast to the dog's fur. The dog's movements are playful and energetic, as it tries to get rid of the ball. The carpet is a light beige color, and the background is blurred, focusing the viewer's attention on the dog and the ball.",T2V_data/label/vidgen_filter_gemini_part_0_dpo_5/-vBP5vlrxP0-Scene-0003/entity_20.mp4,T2V_data/label/vidgen_filter_gemini_part_0_dpo_5/-vBP5vlrxP0-Scene-0003/aug_entity_20.png
T2V_data/VIDGEN-1M_unzip/-wL40shQsqE-Scene-0004.mp4,"The video shows a yellow sports car with a black stripe on the hood driving on a dirt road in a desert setting. The car is followed by a pink sports car. As the yellow car drives, it hits a rock and flips over, landing upside down. The driver, who is wearing a red shirt, is thrown out of the car and lands on the ground. The video ends with the yellow car still upside down and the driver lying on the ground.",T2V_data/label/vidgen_filter_gemini_part_0_dpo_5/-wL40shQsqE-Scene-0004/depth.mp4,T2V_data/label/vidgen_filter_gemini_part_0_dpo_5/-wL40shQsqE-Scene-0004/aug_entity_20.png
T2V_data/VIDGEN-1M_unzip/-wL40shQsqE-Scene-0004.mp4,"The video shows a yellow sports car with a black stripe on the hood driving on a dirt road in a desert setting. The car is followed by a pink sports car. As the yellow car drives, it hits a rock and flips over, landing upside down. The driver, who is wearing a red shirt, is thrown out of the car and lands on the ground. The video ends with the yellow car still upside down and the driver lying on the ground.",T2V_data/label/vidgen_filter_gemini_part_0_dpo_5/-wL40shQsqE-Scene-0004/entity_20.mp4,T2V_data/label/vidgen_filter_gemini_part_0_dpo_5/-wL40shQsqE-Scene-0004/aug_entity_20.png
T2V_data/VIDGEN-1M_unzip/-wL40shQsqE-Scene-0004.mp4,"The video shows a yellow sports car with a black stripe on the hood driving on a dirt road in a desert setting. The car is followed by a pink sports car. As the yellow car drives, it hits a rock and flips over, landing upside down. The driver, who is wearing a red shirt, is thrown out of the car and lands on the ground. The video ends with the yellow car still upside down and the driver lying on the ground.",T2V_data/label/vidgen_filter_gemini_part_0_dpo_5/-wL40shQsqE-Scene-0004/depth.mp4,T2V_data/label/vidgen_filter_gemini_part_0_dpo_5/-wL40shQsqE-Scene-0004/aug_entity_60.png
T2V_data/VIDGEN-1M_unzip/-wL40shQsqE-Scene-0004.mp4,"The video shows a yellow sports car with a black stripe on the hood driving on a dirt road in a desert setting. The car is followed by a pink sports car. As the yellow car drives, it hits a rock and flips over, landing upside down. The driver, who is wearing a red shirt, is thrown out of the car and lands on the ground. The video ends with the yellow car still upside down and the driver lying on the ground.",T2V_data/label/vidgen_filter_gemini_part_0_dpo_5/-wL40shQsqE-Scene-0004/entity_60.mp4,T2V_data/label/vidgen_filter_gemini_part_0_dpo_5/-wL40shQsqE-Scene-0004/aug_entity_60.png
T2V_data/VIDGEN-1M_unzip/00TT1saKsBo-Scene-0016.mp4,"The video shows a person using a miter saw to cut a piece of wood. The person is seen adjusting the saw and then cutting the wood. The saw is placed on a table, and the person is wearing a black shirt. The wood is light brown in color and appears to be a 2x4. The saw has a red circular logo on it.",T2V_data/label/vidgen_filter_gemini_part_0_dpo_5/00TT1saKsBo-Scene-0016/depth.mp4,T2V_data/label/vidgen_filter_gemini_part_0_dpo_5/00TT1saKsBo-Scene-0016/aug_entity_40.png
T2V_data/VIDGEN-1M_unzip/00TT1saKsBo-Scene-0016.mp4,"The video shows a person using a miter saw to cut a piece of wood. The person is seen adjusting the saw and then cutting the wood. The saw is placed on a table, and the person is wearing a black shirt. The wood is light brown in color and appears to be a 2x4. The saw has a red circular logo on it.",T2V_data/label/vidgen_filter_gemini_part_0_dpo_5/00TT1saKsBo-Scene-0016/entity_40.mp4,T2V_data/label/vidgen_filter_gemini_part_0_dpo_5/00TT1saKsBo-Scene-0016/aug_entity_40.png
T2V_data/VIDGEN-1M_unzip/00TT1saKsBo-Scene-0016.mp4,"The video shows a person using a miter saw to cut a piece of wood. The person is seen adjusting the saw and then cutting the wood. The saw is placed on a table, and the person is wearing a black shirt. The wood is light brown in color and appears to be a 2x4. The saw has a red circular logo on it.",T2V_data/label/vidgen_filter_gemini_part_0_dpo_5/00TT1saKsBo-Scene-0016/depth.mp4,T2V_data/label/vidgen_filter_gemini_part_0_dpo_5/00TT1saKsBo-Scene-0016/aug_entity_60.png
T2V_data/VIDGEN-1M_unzip/00TT1saKsBo-Scene-0016.mp4,"The video shows a person using a miter saw to cut a piece of wood. The person is seen adjusting the saw and then cutting the wood. The saw is placed on a table, and the person is wearing a black shirt. The wood is light brown in color and appears to be a 2x4. The saw has a red circular logo on it.",T2V_data/label/vidgen_filter_gemini_part_0_dpo_5/00TT1saKsBo-Scene-0016/entity_60.mp4,T2V_data/label/vidgen_filter_gemini_part_0_dpo_5/00TT1saKsBo-Scene-0016/aug_entity_60.png
T2V_data/VIDGEN-1M_unzip/0_DtQgBDlIk-Scene-0013.mp4,"In the video, a man is seen lying on his side on the floor of a gym. He is wearing a purple tank top, black pants, and a black cap. His right hand is placed on a blue foam roller, which is being used to stretch his back. The man is performing a series of movements, including rolling the foam roller under his lower back and lifting his hips off the ground. The gym is equipped with various exercise equipment, including weight racks and barbells. The floor is covered with black rubber mats, and a trash can is visible in the background. The lighting in the gym is bright, and the walls are painted white.",T2V_data/label/vidgen_filter_gemini_part_0_dpo_5/0_DtQgBDlIk-Scene-0013/depth.mp4,T2V_data/label/vidgen_filter_gemini_part_0_dpo_5/0_DtQgBDlIk-Scene-0013/aug_entity_20.png
T2V_data/VIDGEN-1M_unzip/0_DtQgBDlIk-Scene-0013.mp4,"In the video, a man is seen lying on his side on the floor of a gym. He is wearing a purple tank top, black pants, and a black cap. His right hand is placed on a blue foam roller, which is being used to stretch his back. The man is performing a series of movements, including rolling the foam roller under his lower back and lifting his hips off the ground. The gym is equipped with various exercise equipment, including weight racks and barbells. The floor is covered with black rubber mats, and a trash can is visible in the background. The lighting in the gym is bright, and the walls are painted white.",T2V_data/label/vidgen_filter_gemini_part_0_dpo_5/0_DtQgBDlIk-Scene-0013/entity_20.mp4,T2V_data/label/vidgen_filter_gemini_part_0_dpo_5/0_DtQgBDlIk-Scene-0013/aug_entity_20.png
T2V_data/VIDGEN-1M_unzip/0bJJBh8DtdQ-Scene-0095.mp4,"In the video, a person is seen holding a small piece of jewelry in their hand. The jewelry appears to be a ring or a bracelet with a small gemstone on it. The person is using a pair of pliers to adjust the position of the gemstone on the jewelry. The background is a solid blue color, and the person's hand is visible throughout the video. The pliers are silver in color and appear to be made of metal. The person's movements are precise and careful as they adjust the gemstone.",T2V_data/label/vidgen_filter_gemini_part_0_dpo_5/0bJJBh8DtdQ-Scene-0095/depth.mp4,T2V_data/label/vidgen_filter_gemini_part_0_dpo_5/0bJJBh8DtdQ-Scene-0095/aug_entity_60.png
T2V_data/VIDGEN-1M_unzip/0bJJBh8DtdQ-Scene-0095.mp4,"In the video, a person is seen holding a small piece of jewelry in their hand. The jewelry appears to be a ring or a bracelet with a small gemstone on it. The person is using a pair of pliers to adjust the position of the gemstone on the jewelry. The background is a solid blue color, and the person's hand is visible throughout the video. The pliers are silver in color and appear to be made of metal. The person's movements are precise and careful as they adjust the gemstone.",T2V_data/label/vidgen_filter_gemini_part_0_dpo_5/0bJJBh8DtdQ-Scene-0095/entity_60.mp4,T2V_data/label/vidgen_filter_gemini_part_0_dpo_5/0bJJBh8DtdQ-Scene-0095/aug_entity_60.png
T2V_data/VIDGEN-1M_unzip/0gUS_AFxV-w-Scene-0106.mp4,"In the video, a person is seen peeling an orange carrot with a peeler. The person is wearing a black apron and blue gloves. The carrot is placed on a black table, and the person is peeling it from one end to the other. The peeler is silver and appears to be sharp as it easily removes the skin from the carrot. The person's movements are steady and precise, indicating that they are experienced in using the peeler. The video is shot in a well-lit room, and the focus is solely on the person and the carrot.",T2V_data/label/vidgen_filter_gemini_part_0_dpo_5/0gUS_AFxV-w-Scene-0106/depth.mp4,T2V_data/label/vidgen_filter_gemini_part_0_dpo_5/0gUS_AFxV-w-Scene-0106/aug_entity_40.png
T2V_data/VIDGEN-1M_unzip/0gUS_AFxV-w-Scene-0106.mp4,"In the video, a person is seen peeling an orange carrot with a peeler. The person is wearing a black apron and blue gloves. The carrot is placed on a black table, and the person is peeling it from one end to the other. The peeler is silver and appears to be sharp as it easily removes the skin from the carrot. The person's movements are steady and precise, indicating that they are experienced in using the peeler. The video is shot in a well-lit room, and the focus is solely on the person and the carrot.",T2V_data/label/vidgen_filter_gemini_part_0_dpo_5/0gUS_AFxV-w-Scene-0106/entity_40.mp4,T2V_data/label/vidgen_filter_gemini_part_0_dpo_5/0gUS_AFxV-w-Scene-0106/aug_entity_40.png
T2V_data/VIDGEN-1M_unzip/0vm5WPfjcxI-Scene-0047.mp4,"In the video, a person is seen holding a piece of fabric with a floral pattern. The fabric is folded in half, and the person is using a sewing needle to poke holes into the fabric. The person's hands are visible, and they are wearing a ring on their left hand. The background is a pink grid pattern.",T2V_data/label/vidgen_filter_gemini_part_0_dpo_5/0vm5WPfjcxI-Scene-0047/depth.mp4,T2V_data/label/vidgen_filter_gemini_part_0_dpo_5/0vm5WPfjcxI-Scene-0047/aug_entity_40.png
T2V_data/VIDGEN-1M_unzip/0vm5WPfjcxI-Scene-0047.mp4,"In the video, a person is seen holding a piece of fabric with a floral pattern. The fabric is folded in half, and the person is using a sewing needle to poke holes into the fabric. The person's hands are visible, and they are wearing a ring on their left hand. The background is a pink grid pattern.",T2V_data/label/vidgen_filter_gemini_part_0_dpo_5/0vm5WPfjcxI-Scene-0047/entity_40.mp4,T2V_data/label/vidgen_filter_gemini_part_0_dpo_5/0vm5WPfjcxI-Scene-0047/aug_entity_40.png
T2V_data/VIDGEN-1M_unzip/0wsBwXSxzXE-Scene-0070.mp4,"In the video, a person is seen working in a workshop. The person is wearing a blue mask and overalls, and is using a table saw to cut a piece of wood. The person is standing in front of the saw, holding the wood with both hands, and pushing it through the saw to make a cut. The workshop is filled with various tools and equipment, and the person appears to be focused on the task at hand. The video captures the process of cutting the wood, from start to finish.",T2V_data/label/vidgen_filter_gemini_part_0_dpo_5/0wsBwXSxzXE-Scene-0070/depth.mp4,T2V_data/label/vidgen_filter_gemini_part_0_dpo_5/0wsBwXSxzXE-Scene-0070/aug_entity_20.png
T2V_data/VIDGEN-1M_unzip/0wsBwXSxzXE-Scene-0070.mp4,"In the video, a person is seen working in a workshop. The person is wearing a blue mask and overalls, and is using a table saw to cut a piece of wood. The person is standing in front of the saw, holding the wood with both hands, and pushing it through the saw to make a cut. The workshop is filled with various tools and equipment, and the person appears to be focused on the task at hand. The video captures the process of cutting the wood, from start to finish.",T2V_data/label/vidgen_filter_gemini_part_0_dpo_5/0wsBwXSxzXE-Scene-0070/entity_20.mp4,T2V_data/label/vidgen_filter_gemini_part_0_dpo_5/0wsBwXSxzXE-Scene-0070/aug_entity_20.png
T2V_data/VIDGEN-1M_unzip/0wsBwXSxzXE-Scene-0070.mp4,"In the video, a person is seen working in a workshop. The person is wearing a blue mask and overalls, and is using a table saw to cut a piece of wood. The person is standing in front of the saw, holding the wood with both hands, and pushing it through the saw to make a cut. The workshop is filled with various tools and equipment, and the person appears to be focused on the task at hand. The video captures the process of cutting the wood, from start to finish.",T2V_data/label/vidgen_filter_gemini_part_0_dpo_5/0wsBwXSxzXE-Scene-0070/depth.mp4,T2V_data/label/vidgen_filter_gemini_part_0_dpo_5/0wsBwXSxzXE-Scene-0070/aug_entity_40.png
T2V_data/VIDGEN-1M_unzip/0wsBwXSxzXE-Scene-0070.mp4,"In the video, a person is seen working in a workshop. The person is wearing a blue mask and overalls, and is using a table saw to cut a piece of wood. The person is standing in front of the saw, holding the wood with both hands, and pushing it through the saw to make a cut. The workshop is filled with various tools and equipment, and the person appears to be focused on the task at hand. The video captures the process of cutting the wood, from start to finish.",T2V_data/label/vidgen_filter_gemini_part_0_dpo_5/0wsBwXSxzXE-Scene-0070/entity_40.mp4,T2V_data/label/vidgen_filter_gemini_part_0_dpo_5/0wsBwXSxzXE-Scene-0070/aug_entity_40.png
T2V_data/VIDGEN-1M_unzip/136icChKqNc-Scene-0063.mp4,"In the video, a person is seen holding a toy car in their hand. The car is black in color and has four silver wheels. The person is pushing the car along a log that is lying on the ground. The log is covered in moss and surrounded by leaves and twigs. The person's hand is visible, and they are wearing a blue shirt. The background is a forest with trees and foliage.",T2V_data/label/vidgen_filter_gemini_part_0_dpo_5/136icChKqNc-Scene-0063/depth.mp4,T2V_data/label/vidgen_filter_gemini_part_0_dpo_5/136icChKqNc-Scene-0063/aug_entity_20.png
T2V_data/VIDGEN-1M_unzip/136icChKqNc-Scene-0063.mp4,"In the video, a person is seen holding a toy car in their hand. The car is black in color and has four silver wheels. The person is pushing the car along a log that is lying on the ground. The log is covered in moss and surrounded by leaves and twigs. The person's hand is visible, and they are wearing a blue shirt. The background is a forest with trees and foliage.",T2V_data/label/vidgen_filter_gemini_part_0_dpo_5/136icChKqNc-Scene-0063/entity_20.mp4,T2V_data/label/vidgen_filter_gemini_part_0_dpo_5/136icChKqNc-Scene-0063/aug_entity_20.png
T2V_data/VIDGEN-1M_unzip/1CVdJHZCtbo-Scene-0048.mp4,"The video shows a close-up of a car wheel. The wheel is made of metal and has a shiny, silver finish. The tire is black and appears to be in good condition. The wheel is spinning, indicating that the car is in motion. There is no visible damage to the wheel or tire. The background is blurred, but it appears to be a concrete surface. There are no other objects or people visible in the video.",T2V_data/label/vidgen_filter_gemini_part_0_dpo_5/1CVdJHZCtbo-Scene-0048/depth.mp4,T2V_data/label/vidgen_filter_gemini_part_0_dpo_5/1CVdJHZCtbo-Scene-0048/aug_entity_20.png
T2V_data/VIDGEN-1M_unzip/1CVdJHZCtbo-Scene-0048.mp4,"The video shows a close-up of a car wheel. The wheel is made of metal and has a shiny, silver finish. The tire is black and appears to be in good condition. The wheel is spinning, indicating that the car is in motion. There is no visible damage to the wheel or tire. The background is blurred, but it appears to be a concrete surface. There are no other objects or people visible in the video.",T2V_data/label/vidgen_filter_gemini_part_0_dpo_5/1CVdJHZCtbo-Scene-0048/entity_20.mp4,T2V_data/label/vidgen_filter_gemini_part_0_dpo_5/1CVdJHZCtbo-Scene-0048/aug_entity_20.png
T2V_data/VIDGEN-1M_unzip/1Pb01T3Ew4Y-Scene-0005.mp4,"The video shows a man wearing an orange uniform and a face mask, holding a hose and spraying water onto a white vehicle. The man is standing in front of the vehicle, and the water is being sprayed from the hose onto the vehicle's surface. The vehicle appears to be a van or a small truck, and there is Chinese writing on the side of it. The man is focused on his task, and the water can be seen splashing off the vehicle's surface. The background is not clearly visible, but it seems to be an outdoor setting with some trees and buildings in the distance.",T2V_data/label/vidgen_filter_gemini_part_0_dpo_5/1Pb01T3Ew4Y-Scene-0005/depth.mp4,T2V_data/label/vidgen_filter_gemini_part_0_dpo_5/1Pb01T3Ew4Y-Scene-0005/aug_entity_20.png
T2V_data/VIDGEN-1M_unzip/1Pb01T3Ew4Y-Scene-0005.mp4,"The video shows a man wearing an orange uniform and a face mask, holding a hose and spraying water onto a white vehicle. The man is standing in front of the vehicle, and the water is being sprayed from the hose onto the vehicle's surface. The vehicle appears to be a van or a small truck, and there is Chinese writing on the side of it. The man is focused on his task, and the water can be seen splashing off the vehicle's surface. The background is not clearly visible, but it seems to be an outdoor setting with some trees and buildings in the distance.",T2V_data/label/vidgen_filter_gemini_part_0_dpo_5/1Pb01T3Ew4Y-Scene-0005/entity_20.mp4,T2V_data/label/vidgen_filter_gemini_part_0_dpo_5/1Pb01T3Ew4Y-Scene-0005/aug_entity_20.png
T2V_data/VIDGEN-1M_unzip/1R-16IzoAPw-Scene-0013.mp4,"In the video, a man is seen standing in a warehouse filled with green crates. He is holding a green crate filled with green apples and is positioned over a conveyor belt. The man then tilts the crate, allowing the apples to fall onto the conveyor belt. The conveyor belt then carries the apples away, presumably for sorting or packaging. The man appears to be wearing a blue shirt and jeans, and the warehouse is well-lit with bright lights. The green crates are stacked neatly in rows, and the conveyor belt is made of metal. The apples are all uniform in color, suggesting they are of the same variety.",T2V_data/label/vidgen_filter_gemini_part_0_dpo_5/1R-16IzoAPw-Scene-0013/depth.mp4,T2V_data/label/vidgen_filter_gemini_part_0_dpo_5/1R-16IzoAPw-Scene-0013/aug_entity_40.png
T2V_data/VIDGEN-1M_unzip/1R-16IzoAPw-Scene-0013.mp4,"In the video, a man is seen standing in a warehouse filled with green crates. He is holding a green crate filled with green apples and is positioned over a conveyor belt. The man then tilts the crate, allowing the apples to fall onto the conveyor belt. The conveyor belt then carries the apples away, presumably for sorting or packaging. The man appears to be wearing a blue shirt and jeans, and the warehouse is well-lit with bright lights. The green crates are stacked neatly in rows, and the conveyor belt is made of metal. The apples are all uniform in color, suggesting they are of the same variety.",T2V_data/label/vidgen_filter_gemini_part_0_dpo_5/1R-16IzoAPw-Scene-0013/entity_40.mp4,T2V_data/label/vidgen_filter_gemini_part_0_dpo_5/1R-16IzoAPw-Scene-0013/aug_entity_40.png
T2V_data/VIDGEN-1M_unzip/1lfvvQb9PPs-Scene-0004.mp4,"In the video, a person is seen holding a silver padlock in their hands. The padlock appears to be locked, and the person is using a small metal tool to pick the lock. The tool is inserted into the keyhole of the padlock, and the person is seen turning it back and forth, attempting to unlock the padlock. The padlock has a shiny finish and appears to be made of metal. The person's hands are visible, and they seem to be experienced in picking locks, as they handle the tool with precision. The background is blurred, but it appears to be a neutral color.",T2V_data/label/vidgen_filter_gemini_part_0_dpo_5/1lfvvQb9PPs-Scene-0004/depth.mp4,T2V_data/label/vidgen_filter_gemini_part_0_dpo_5/1lfvvQb9PPs-Scene-0004/aug_entity_40.png
T2V_data/VIDGEN-1M_unzip/1lfvvQb9PPs-Scene-0004.mp4,"In the video, a person is seen holding a silver padlock in their hands. The padlock appears to be locked, and the person is using a small metal tool to pick the lock. The tool is inserted into the keyhole of the padlock, and the person is seen turning it back and forth, attempting to unlock the padlock. The padlock has a shiny finish and appears to be made of metal. The person's hands are visible, and they seem to be experienced in picking locks, as they handle the tool with precision. The background is blurred, but it appears to be a neutral color.",T2V_data/label/vidgen_filter_gemini_part_0_dpo_5/1lfvvQb9PPs-Scene-0004/entity_40.mp4,T2V_data/label/vidgen_filter_gemini_part_0_dpo_5/1lfvvQb9PPs-Scene-0004/aug_entity_40.png
T2V_data/VIDGEN-1M_unzip/1p59j1RzMfk-Scene-0054.mp4,"The video shows a close-up of a wooden surface with a metal device attached to it. The device has a metal rod that is connected to a yellow and black drill. The drill is turned on, causing the rod to move back and forth. The device appears to be some sort of mechanical contraption, possibly used for drilling or cutting. The wooden surface has some writing on it, but it is not legible. The drill is the only moving object in the video, and it is in constant motion throughout the clip.",T2V_data/label/vidgen_filter_gemini_part_0_dpo_5/1p59j1RzMfk-Scene-0054/depth.mp4,T2V_data/label/vidgen_filter_gemini_part_0_dpo_5/1p59j1RzMfk-Scene-0054/aug_entity_60.png
T2V_data/VIDGEN-1M_unzip/1p59j1RzMfk-Scene-0054.mp4,"The video shows a close-up of a wooden surface with a metal device attached to it. The device has a metal rod that is connected to a yellow and black drill. The drill is turned on, causing the rod to move back and forth. The device appears to be some sort of mechanical contraption, possibly used for drilling or cutting. The wooden surface has some writing on it, but it is not legible. The drill is the only moving object in the video, and it is in constant motion throughout the clip.",T2V_data/label/vidgen_filter_gemini_part_0_dpo_5/1p59j1RzMfk-Scene-0054/entity_60.mp4,T2V_data/label/vidgen_filter_gemini_part_0_dpo_5/1p59j1RzMfk-Scene-0054/aug_entity_60.png
T2V_data/VIDGEN-1M_unzip/1qS86DIG7f0-Scene-0105.mp4,"In the video, a woman is seen standing in a forest, holding a paddle. She is wearing a black tank top and a yellow life jacket. The woman is using the paddle to push herself along the water. The forest around her is lush and green, with tall trees and bushes visible in the background. The water appears calm, and the woman seems to be enjoying her time on the water. The video captures the serene beauty of the forest and the peacefulness of the water.",T2V_data/label/vidgen_filter_gemini_part_0_dpo_5/1qS86DIG7f0-Scene-0105/depth.mp4,T2V_data/label/vidgen_filter_gemini_part_0_dpo_5/1qS86DIG7f0-Scene-0105/aug_entity_40.png
T2V_data/VIDGEN-1M_unzip/1qS86DIG7f0-Scene-0105.mp4,"In the video, a woman is seen standing in a forest, holding a paddle. She is wearing a black tank top and a yellow life jacket. The woman is using the paddle to push herself along the water. The forest around her is lush and green, with tall trees and bushes visible in the background. The water appears calm, and the woman seems to be enjoying her time on the water. The video captures the serene beauty of the forest and the peacefulness of the water.",T2V_data/label/vidgen_filter_gemini_part_0_dpo_5/1qS86DIG7f0-Scene-0105/entity_40.mp4,T2V_data/label/vidgen_filter_gemini_part_0_dpo_5/1qS86DIG7f0-Scene-0105/aug_entity_40.png
T2V_data/VIDGEN-1M_unzip/1rBq2yh3DXU-Scene-0060.mp4,The video shows two men in yellow shirts playing ping pong. They are both holding paddles and hitting the ball back and forth over the net. The men are smiling and seem to be enjoying the game. The background is a green wall with a scoreboard.,T2V_data/label/vidgen_filter_gemini_part_0_dpo_5/1rBq2yh3DXU-Scene-0060/depth.mp4,T2V_data/label/vidgen_filter_gemini_part_0_dpo_5/1rBq2yh3DXU-Scene-0060/aug_entity_20.png
T2V_data/VIDGEN-1M_unzip/1rBq2yh3DXU-Scene-0060.mp4,The video shows two men in yellow shirts playing ping pong. They are both holding paddles and hitting the ball back and forth over the net. The men are smiling and seem to be enjoying the game. The background is a green wall with a scoreboard.,T2V_data/label/vidgen_filter_gemini_part_0_dpo_5/1rBq2yh3DXU-Scene-0060/entity_20.mp4,T2V_data/label/vidgen_filter_gemini_part_0_dpo_5/1rBq2yh3DXU-Scene-0060/aug_entity_20.png
T2V_data/VIDGEN-1M_unzip/2FbxksPf_zg-Scene-0074.mp4,"The video shows a person's hand interacting with a car's touchscreen display. The display shows a parking lot with a car parked in a spot. The person's hand is shown pressing a button on the screen, which causes the car to move forward and backward. The car is shown from different angles, including the front, side, and rear. The display also shows the car's speed and other information. The person's hand is shown pressing the button again, causing the car to move forward and backward. The video ends with the car parked in the spot.",T2V_data/label/vidgen_filter_gemini_part_0_dpo_5/2FbxksPf_zg-Scene-0074/depth.mp4,T2V_data/label/vidgen_filter_gemini_part_0_dpo_5/2FbxksPf_zg-Scene-0074/aug_entity_40.png
T2V_data/VIDGEN-1M_unzip/2FbxksPf_zg-Scene-0074.mp4,"The video shows a person's hand interacting with a car's touchscreen display. The display shows a parking lot with a car parked in a spot. The person's hand is shown pressing a button on the screen, which causes the car to move forward and backward. The car is shown from different angles, including the front, side, and rear. The display also shows the car's speed and other information. The person's hand is shown pressing the button again, causing the car to move forward and backward. The video ends with the car parked in the spot.",T2V_data/label/vidgen_filter_gemini_part_0_dpo_5/2FbxksPf_zg-Scene-0074/entity_40.mp4,T2V_data/label/vidgen_filter_gemini_part_0_dpo_5/2FbxksPf_zg-Scene-0074/aug_entity_40.png
T2V_data/VIDGEN-1M_unzip/2QYNqFWHQ-M-Scene-0006.mp4,"In the video, a group of people are seen pushing a large log across a road. They are all dressed in casual clothing, and some of them are shirtless. The log is quite long and appears to be heavy, as the people are struggling to move it. There are several cars parked on the side of the road, and a person in a blue raincoat is standing nearby, watching the group. The environment looks like a rural area with trees and greenery in the background. The people are working together to move the log, and their efforts seem to be paying off as they make progress across the road.",T2V_data/label/vidgen_filter_gemini_part_0_dpo_5/2QYNqFWHQ-M-Scene-0006/depth.mp4,T2V_data/label/vidgen_filter_gemini_part_0_dpo_5/2QYNqFWHQ-M-Scene-0006/aug_entity_20.png
T2V_data/VIDGEN-1M_unzip/2QYNqFWHQ-M-Scene-0006.mp4,"In the video, a group of people are seen pushing a large log across a road. They are all dressed in casual clothing, and some of them are shirtless. The log is quite long and appears to be heavy, as the people are struggling to move it. There are several cars parked on the side of the road, and a person in a blue raincoat is standing nearby, watching the group. The environment looks like a rural area with trees and greenery in the background. The people are working together to move the log, and their efforts seem to be paying off as they make progress across the road.",T2V_data/label/vidgen_filter_gemini_part_0_dpo_5/2QYNqFWHQ-M-Scene-0006/entity_20.mp4,T2V_data/label/vidgen_filter_gemini_part_0_dpo_5/2QYNqFWHQ-M-Scene-0006/aug_entity_20.png
T2V_data/VIDGEN-1M_unzip/2YH3u86VQFY-Scene-0017.mp4,"The video shows a flooded street with several cars partially submerged in muddy water. The water level is high enough to reach the windows of the cars. There are buildings on either side of the street, and the water appears to be moving slowly. The sky is overcast, suggesting recent or ongoing rainfall.",T2V_data/label/vidgen_filter_gemini_part_0_dpo_5/2YH3u86VQFY-Scene-0017/depth.mp4,T2V_data/label/vidgen_filter_gemini_part_0_dpo_5/2YH3u86VQFY-Scene-0017/aug_entity_20.png
T2V_data/VIDGEN-1M_unzip/2YH3u86VQFY-Scene-0017.mp4,"The video shows a flooded street with several cars partially submerged in muddy water. The water level is high enough to reach the windows of the cars. There are buildings on either side of the street, and the water appears to be moving slowly. The sky is overcast, suggesting recent or ongoing rainfall.",T2V_data/label/vidgen_filter_gemini_part_0_dpo_5/2YH3u86VQFY-Scene-0017/entity_20.mp4,T2V_data/label/vidgen_filter_gemini_part_0_dpo_5/2YH3u86VQFY-Scene-0017/aug_entity_20.png
T2V_data/VIDGEN-1M_unzip/2gTiluwxxXk-Scene-0061.mp4,"The video shows a large sailboat with two sails, one white and one blue, sailing through the ocean. The boat is filled with people wearing yellow life jackets. The sails are billowing in the wind, and the boat is moving quickly through the water. The ocean is a deep blue color, and the sky is clear with a few clouds.",T2V_data/label/vidgen_filter_gemini_part_0_dpo_5/2gTiluwxxXk-Scene-0061/depth.mp4,T2V_data/label/vidgen_filter_gemini_part_0_dpo_5/2gTiluwxxXk-Scene-0061/aug_entity_20.png
T2V_data/VIDGEN-1M_unzip/2gTiluwxxXk-Scene-0061.mp4,"The video shows a large sailboat with two sails, one white and one blue, sailing through the ocean. The boat is filled with people wearing yellow life jackets. The sails are billowing in the wind, and the boat is moving quickly through the water. The ocean is a deep blue color, and the sky is clear with a few clouds.",T2V_data/label/vidgen_filter_gemini_part_0_dpo_5/2gTiluwxxXk-Scene-0061/entity_20.mp4,T2V_data/label/vidgen_filter_gemini_part_0_dpo_5/2gTiluwxxXk-Scene-0061/aug_entity_20.png
T2V_data/VIDGEN-1M_unzip/2oKrcVlPY3s-Scene-0154.mp4,"In the video, a person is seen using a pressure washer to clean a motorcycle. The motorcycle is parked on a concrete surface, and the person is using the pressure washer to spray water onto the motorcycle. The water is being sprayed from the left side of the motorcycle, and it is creating a lot of foam and bubbles as it hits the surface of the motorcycle. The person is wearing a white shirt and is standing to the left of the motorcycle. The motorcycle is black and has a windshield. The pressure washer is orange and black in color. The video is shot during the daytime, and there are no other objects or people visible in the frame.",T2V_data/label/vidgen_filter_gemini_part_0_dpo_5/2oKrcVlPY3s-Scene-0154/depth.mp4,T2V_data/label/vidgen_filter_gemini_part_0_dpo_5/2oKrcVlPY3s-Scene-0154/aug_entity_60.png
T2V_data/VIDGEN-1M_unzip/2oKrcVlPY3s-Scene-0154.mp4,"In the video, a person is seen using a pressure washer to clean a motorcycle. The motorcycle is parked on a concrete surface, and the person is using the pressure washer to spray water onto the motorcycle. The water is being sprayed from the left side of the motorcycle, and it is creating a lot of foam and bubbles as it hits the surface of the motorcycle. The person is wearing a white shirt and is standing to the left of the motorcycle. The motorcycle is black and has a windshield. The pressure washer is orange and black in color. The video is shot during the daytime, and there are no other objects or people visible in the frame.",T2V_data/label/vidgen_filter_gemini_part_0_dpo_5/2oKrcVlPY3s-Scene-0154/entity_60.mp4,T2V_data/label/vidgen_filter_gemini_part_0_dpo_5/2oKrcVlPY3s-Scene-0154/aug_entity_60.png
T2V_data/VIDGEN-1M_unzip/2vDUfBdwcG0-Scene-0246.mp4,"The video shows a baseball game in progress. The pitcher throws the ball, and the batter hits it. The ball is then caught by the catcher, and the pitcher walks away.",T2V_data/label/vidgen_filter_gemini_part_0_dpo_5/2vDUfBdwcG0-Scene-0246/depth.mp4,T2V_data/label/vidgen_filter_gemini_part_0_dpo_5/2vDUfBdwcG0-Scene-0246/aug_entity_20.png
T2V_data/VIDGEN-1M_unzip/2vDUfBdwcG0-Scene-0246.mp4,"The video shows a baseball game in progress. The pitcher throws the ball, and the batter hits it. The ball is then caught by the catcher, and the pitcher walks away.",T2V_data/label/vidgen_filter_gemini_part_0_dpo_5/2vDUfBdwcG0-Scene-0246/entity_20.mp4,T2V_data/label/vidgen_filter_gemini_part_0_dpo_5/2vDUfBdwcG0-Scene-0246/aug_entity_20.png
T2V_data/VIDGEN-1M_unzip/3-zPcM3Zwcw-Scene-0064.mp4,"The video shows a person cutting an apple on a cutting board. The person uses a knife to cut the apple into two halves. The apple is red and has a green stem. The cutting board is made of wood and is placed on a table. The background is blurred, but there are some plants and flowers visible.",T2V_data/label/vidgen_filter_gemini_part_0_dpo_5/3-zPcM3Zwcw-Scene-0064/depth.mp4,T2V_data/label/vidgen_filter_gemini_part_0_dpo_5/3-zPcM3Zwcw-Scene-0064/aug_entity_40.png
T2V_data/VIDGEN-1M_unzip/3-zPcM3Zwcw-Scene-0064.mp4,"The video shows a person cutting an apple on a cutting board. The person uses a knife to cut the apple into two halves. The apple is red and has a green stem. The cutting board is made of wood and is placed on a table. The background is blurred, but there are some plants and flowers visible.",T2V_data/label/vidgen_filter_gemini_part_0_dpo_5/3-zPcM3Zwcw-Scene-0064/entity_40.mp4,T2V_data/label/vidgen_filter_gemini_part_0_dpo_5/3-zPcM3Zwcw-Scene-0064/aug_entity_40.png
T2V_data/VIDGEN-1M_unzip/35yussxyr2w-Scene-0233.mp4,The video shows a person stirring a cup of tea with a spoon. The cup is placed on a pot filled with coal. The tea is a golden brown color and is bubbling. The person stirs the tea with the spoon and then picks up the cup.,T2V_data/label/vidgen_filter_gemini_part_0_dpo_5/35yussxyr2w-Scene-0233/depth.mp4,T2V_data/label/vidgen_filter_gemini_part_0_dpo_5/35yussxyr2w-Scene-0233/aug_entity_60.png
T2V_data/VIDGEN-1M_unzip/35yussxyr2w-Scene-0233.mp4,The video shows a person stirring a cup of tea with a spoon. The cup is placed on a pot filled with coal. The tea is a golden brown color and is bubbling. The person stirs the tea with the spoon and then picks up the cup.,T2V_data/label/vidgen_filter_gemini_part_0_dpo_5/35yussxyr2w-Scene-0233/entity_60.mp4,T2V_data/label/vidgen_filter_gemini_part_0_dpo_5/35yussxyr2w-Scene-0233/aug_entity_60.png
T2V_data/VIDGEN-1M_unzip/3BZmuP3gyQA-Scene-0241.mp4,"In the video, a tabby cat is seen playing with a scratching board. The scratching board is heart-shaped and has a white border. The cat is standing on the board and scratching it with its front paws. A person is sitting next to the cat, petting it and watching it play. The cat seems to be enjoying the interaction and the scratching board.",T2V_data/label/vidgen_filter_gemini_part_0_dpo_5/3BZmuP3gyQA-Scene-0241/depth.mp4,T2V_data/label/vidgen_filter_gemini_part_0_dpo_5/3BZmuP3gyQA-Scene-0241/aug_entity_40.png
T2V_data/VIDGEN-1M_unzip/3BZmuP3gyQA-Scene-0241.mp4,"In the video, a tabby cat is seen playing with a scratching board. The scratching board is heart-shaped and has a white border. The cat is standing on the board and scratching it with its front paws. A person is sitting next to the cat, petting it and watching it play. The cat seems to be enjoying the interaction and the scratching board.",T2V_data/label/vidgen_filter_gemini_part_0_dpo_5/3BZmuP3gyQA-Scene-0241/entity_40.mp4,T2V_data/label/vidgen_filter_gemini_part_0_dpo_5/3BZmuP3gyQA-Scene-0241/aug_entity_40.png
T2V_data/VIDGEN-1M_unzip/3E09UU8d-yg-Scene-0025.mp4,"The video shows a brown dog standing on the edge of a swimming pool. The dog is wearing a red collar and is looking at the water. The pool is surrounded by a concrete patio and a brown fence. There is a person in the pool, and the dog seems to be hesitant to jump in. The dog then jumps into the pool and swims to the person. The video is titled ""Afraid of water.""",T2V_data/label/vidgen_filter_gemini_part_0_dpo_5/3E09UU8d-yg-Scene-0025/depth.mp4,T2V_data/label/vidgen_filter_gemini_part_0_dpo_5/3E09UU8d-yg-Scene-0025/aug_entity_20.png
T2V_data/VIDGEN-1M_unzip/3E09UU8d-yg-Scene-0025.mp4,"The video shows a brown dog standing on the edge of a swimming pool. The dog is wearing a red collar and is looking at the water. The pool is surrounded by a concrete patio and a brown fence. There is a person in the pool, and the dog seems to be hesitant to jump in. The dog then jumps into the pool and swims to the person. The video is titled ""Afraid of water.""",T2V_data/label/vidgen_filter_gemini_part_0_dpo_5/3E09UU8d-yg-Scene-0025/entity_20.mp4,T2V_data/label/vidgen_filter_gemini_part_0_dpo_5/3E09UU8d-yg-Scene-0025/aug_entity_20.png
T2V_data/VIDGEN-1M_unzip/3FIJSd6Xd3k-Scene-0067.mp4,"The video shows a man in a pink shirt and black shorts standing on a golf course. He is holding a golf club and is preparing to hit a golf ball. The man takes a swing and hits the ball. The video is shot from a side angle, and the man is standing on a sandy area with a green grassy field in the background.",T2V_data/label/vidgen_filter_gemini_part_0_dpo_5/3FIJSd6Xd3k-Scene-0067/depth.mp4,T2V_data/label/vidgen_filter_gemini_part_0_dpo_5/3FIJSd6Xd3k-Scene-0067/aug_entity_20.png
T2V_data/VIDGEN-1M_unzip/3FIJSd6Xd3k-Scene-0067.mp4,"The video shows a man in a pink shirt and black shorts standing on a golf course. He is holding a golf club and is preparing to hit a golf ball. The man takes a swing and hits the ball. The video is shot from a side angle, and the man is standing on a sandy area with a green grassy field in the background.",T2V_data/label/vidgen_filter_gemini_part_0_dpo_5/3FIJSd6Xd3k-Scene-0067/entity_20.mp4,T2V_data/label/vidgen_filter_gemini_part_0_dpo_5/3FIJSd6Xd3k-Scene-0067/aug_entity_20.png
T2V_data/VIDGEN-1M_unzip/3I-CBapBIek-Scene-0052.mp4,"The video shows a large shark with sharp teeth and a pointed nose swimming in the ocean. It is dark blue in color and has a streamlined body. The shark is seen attacking a smaller fish, which is light blue and has a slender body. The shark's mouth is wide open, revealing its sharp teeth, and it appears to be biting down on the smaller fish. The ocean water is a deep blue color, and there are no other visible creatures or objects in the video.",T2V_data/label/vidgen_filter_gemini_part_0_dpo_5/3I-CBapBIek-Scene-0052/depth.mp4,T2V_data/label/vidgen_filter_gemini_part_0_dpo_5/3I-CBapBIek-Scene-0052/aug_entity_20.png
T2V_data/VIDGEN-1M_unzip/3I-CBapBIek-Scene-0052.mp4,"The video shows a large shark with sharp teeth and a pointed nose swimming in the ocean. It is dark blue in color and has a streamlined body. The shark is seen attacking a smaller fish, which is light blue and has a slender body. The shark's mouth is wide open, revealing its sharp teeth, and it appears to be biting down on the smaller fish. The ocean water is a deep blue color, and there are no other visible creatures or objects in the video.",T2V_data/label/vidgen_filter_gemini_part_0_dpo_5/3I-CBapBIek-Scene-0052/entity_20.mp4,T2V_data/label/vidgen_filter_gemini_part_0_dpo_5/3I-CBapBIek-Scene-0052/aug_entity_20.png
T2V_data/VIDGEN-1M_unzip/3owihZkV0wI-Scene-0036.mp4,"In the video, a person is seen cutting pieces of raw salmon into smaller pieces on a blue cutting board. The salmon is bright orange in color and appears to be fresh. The person is using a large knife to make precise cuts, and there are already several pieces of salmon cut into small cubes on the board. The background is blurred, but it appears to be a kitchen setting.",T2V_data/label/vidgen_filter_gemini_part_0_dpo_5/3owihZkV0wI-Scene-0036/depth.mp4,T2V_data/label/vidgen_filter_gemini_part_0_dpo_5/3owihZkV0wI-Scene-0036/aug_entity_20.png
T2V_data/VIDGEN-1M_unzip/3owihZkV0wI-Scene-0036.mp4,"In the video, a person is seen cutting pieces of raw salmon into smaller pieces on a blue cutting board. The salmon is bright orange in color and appears to be fresh. The person is using a large knife to make precise cuts, and there are already several pieces of salmon cut into small cubes on the board. The background is blurred, but it appears to be a kitchen setting.",T2V_data/label/vidgen_filter_gemini_part_0_dpo_5/3owihZkV0wI-Scene-0036/entity_20.mp4,T2V_data/label/vidgen_filter_gemini_part_0_dpo_5/3owihZkV0wI-Scene-0036/aug_entity_20.png
T2V_data/VIDGEN-1M_unzip/3owihZkV0wI-Scene-0036.mp4,"In the video, a person is seen cutting pieces of raw salmon into smaller pieces on a blue cutting board. The salmon is bright orange in color and appears to be fresh. The person is using a large knife to make precise cuts, and there are already several pieces of salmon cut into small cubes on the board. The background is blurred, but it appears to be a kitchen setting.",T2V_data/label/vidgen_filter_gemini_part_0_dpo_5/3owihZkV0wI-Scene-0036/depth.mp4,T2V_data/label/vidgen_filter_gemini_part_0_dpo_5/3owihZkV0wI-Scene-0036/aug_entity_40.png
T2V_data/VIDGEN-1M_unzip/3owihZkV0wI-Scene-0036.mp4,"In the video, a person is seen cutting pieces of raw salmon into smaller pieces on a blue cutting board. The salmon is bright orange in color and appears to be fresh. The person is using a large knife to make precise cuts, and there are already several pieces of salmon cut into small cubes on the board. The background is blurred, but it appears to be a kitchen setting.",T2V_data/label/vidgen_filter_gemini_part_0_dpo_5/3owihZkV0wI-Scene-0036/entity_40.mp4,T2V_data/label/vidgen_filter_gemini_part_0_dpo_5/3owihZkV0wI-Scene-0036/aug_entity_40.png
T2V_data/VIDGEN-1M_unzip/3wmPhUILiCQ-Scene-0044.mp4,"In the video, a man is seen standing next to a red car. He is holding a tool in his hand and appears to be using it to remove something from the car. The man is wearing a gray shirt and khaki shorts, and he is standing in front of a green car. The background consists of trees and a clear sky. The man seems to be focused on his task and is using the tool with precision. The red car is parked on the side of the road, and there is no one else visible in the video. The man's actions suggest that he is performing some kind of maintenance or repair on the car.",T2V_data/label/vidgen_filter_gemini_part_0_dpo_5/3wmPhUILiCQ-Scene-0044/depth.mp4,T2V_data/label/vidgen_filter_gemini_part_0_dpo_5/3wmPhUILiCQ-Scene-0044/aug_entity_20.png
T2V_data/VIDGEN-1M_unzip/3wmPhUILiCQ-Scene-0044.mp4,"In the video, a man is seen standing next to a red car. He is holding a tool in his hand and appears to be using it to remove something from the car. The man is wearing a gray shirt and khaki shorts, and he is standing in front of a green car. The background consists of trees and a clear sky. The man seems to be focused on his task and is using the tool with precision. The red car is parked on the side of the road, and there is no one else visible in the video. The man's actions suggest that he is performing some kind of maintenance or repair on the car.",T2V_data/label/vidgen_filter_gemini_part_0_dpo_5/3wmPhUILiCQ-Scene-0044/entity_20.mp4,T2V_data/label/vidgen_filter_gemini_part_0_dpo_5/3wmPhUILiCQ-Scene-0044/aug_entity_20.png
T2V_data/VIDGEN-1M_unzip/42OijV7ri-I-Scene-0013.mp4,"In the video, a leopard is seen behind a fence, and a person is holding a piece of meat on a stick. The leopard is seen eating the meat, and the person is moving the stick around to tease the leopard. The leopard is seen biting and grabbing the meat with its mouth. The person is wearing a white glove, and the leopard is seen licking the meat. The video is shot in a natural setting, and the leopard is seen in its enclosure.",T2V_data/label/vidgen_filter_gemini_part_0_dpo_5/42OijV7ri-I-Scene-0013/depth.mp4,T2V_data/label/vidgen_filter_gemini_part_0_dpo_5/42OijV7ri-I-Scene-0013/aug_entity_20.png
T2V_data/VIDGEN-1M_unzip/42OijV7ri-I-Scene-0013.mp4,"In the video, a leopard is seen behind a fence, and a person is holding a piece of meat on a stick. The leopard is seen eating the meat, and the person is moving the stick around to tease the leopard. The leopard is seen biting and grabbing the meat with its mouth. The person is wearing a white glove, and the leopard is seen licking the meat. The video is shot in a natural setting, and the leopard is seen in its enclosure.",T2V_data/label/vidgen_filter_gemini_part_0_dpo_5/42OijV7ri-I-Scene-0013/entity_20.mp4,T2V_data/label/vidgen_filter_gemini_part_0_dpo_5/42OijV7ri-I-Scene-0013/aug_entity_20.png
T2V_data/VIDGEN-1M_unzip/42OijV7ri-I-Scene-0013.mp4,"In the video, a leopard is seen behind a fence, and a person is holding a piece of meat on a stick. The leopard is seen eating the meat, and the person is moving the stick around to tease the leopard. The leopard is seen biting and grabbing the meat with its mouth. The person is wearing a white glove, and the leopard is seen licking the meat. The video is shot in a natural setting, and the leopard is seen in its enclosure.",T2V_data/label/vidgen_filter_gemini_part_0_dpo_5/42OijV7ri-I-Scene-0013/depth.mp4,T2V_data/label/vidgen_filter_gemini_part_0_dpo_5/42OijV7ri-I-Scene-0013/aug_entity_60.png
T2V_data/VIDGEN-1M_unzip/42OijV7ri-I-Scene-0013.mp4,"In the video, a leopard is seen behind a fence, and a person is holding a piece of meat on a stick. The leopard is seen eating the meat, and the person is moving the stick around to tease the leopard. The leopard is seen biting and grabbing the meat with its mouth. The person is wearing a white glove, and the leopard is seen licking the meat. The video is shot in a natural setting, and the leopard is seen in its enclosure.",T2V_data/label/vidgen_filter_gemini_part_0_dpo_5/42OijV7ri-I-Scene-0013/entity_60.mp4,T2V_data/label/vidgen_filter_gemini_part_0_dpo_5/42OijV7ri-I-Scene-0013/aug_entity_60.png
T2V_data/VIDGEN-1M_unzip/46BDg3OvY6g-Scene-0145.mp4,"The video shows a pan on a stove with chickpeas being cooked. The chickpeas are light brown in color and are being stirred with a spatula. The pan appears to be non-stick and is placed on a gas stove. The chickpeas are being cooked in oil, and there is a visible sizzle as they are being stirred. The spatula used to stir the chickpeas is black and appears to be made of plastic. The stove has a blue flame indicating that it is on.",T2V_data/label/vidgen_filter_gemini_part_0_dpo_5/46BDg3OvY6g-Scene-0145/depth.mp4,T2V_data/label/vidgen_filter_gemini_part_0_dpo_5/46BDg3OvY6g-Scene-0145/aug_entity_20.png
T2V_data/VIDGEN-1M_unzip/46BDg3OvY6g-Scene-0145.mp4,"The video shows a pan on a stove with chickpeas being cooked. The chickpeas are light brown in color and are being stirred with a spatula. The pan appears to be non-stick and is placed on a gas stove. The chickpeas are being cooked in oil, and there is a visible sizzle as they are being stirred. The spatula used to stir the chickpeas is black and appears to be made of plastic. The stove has a blue flame indicating that it is on.",T2V_data/label/vidgen_filter_gemini_part_0_dpo_5/46BDg3OvY6g-Scene-0145/entity_20.mp4,T2V_data/label/vidgen_filter_gemini_part_0_dpo_5/46BDg3OvY6g-Scene-0145/aug_entity_20.png
T2V_data/VIDGEN-1M_unzip/4rZsVxSocBw-Scene-0129.mp4,"In the video, a man is seen standing outside a small wooden hut. He is wearing a black t-shirt and beige shorts. The hut has a blue tarp on the ground and a pile of wood stacked on top of it. The man is holding a stick in his hand and appears to be throwing it at the wood. He then bends down to pick up another stick. The background shows a grassy area with trees and a body of water.",T2V_data/label/vidgen_filter_gemini_part_0_dpo_5/4rZsVxSocBw-Scene-0129/depth.mp4,T2V_data/label/vidgen_filter_gemini_part_0_dpo_5/4rZsVxSocBw-Scene-0129/aug_entity_40.png
T2V_data/VIDGEN-1M_unzip/4rZsVxSocBw-Scene-0129.mp4,"In the video, a man is seen standing outside a small wooden hut. He is wearing a black t-shirt and beige shorts. The hut has a blue tarp on the ground and a pile of wood stacked on top of it. The man is holding a stick in his hand and appears to be throwing it at the wood. He then bends down to pick up another stick. The background shows a grassy area with trees and a body of water.",T2V_data/label/vidgen_filter_gemini_part_0_dpo_5/4rZsVxSocBw-Scene-0129/entity_40.mp4,T2V_data/label/vidgen_filter_gemini_part_0_dpo_5/4rZsVxSocBw-Scene-0129/aug_entity_40.png
T2V_data/VIDGEN-1M_unzip/590q68byBaM-Scene-0017.mp4,The video shows a basketball player in a white and red uniform dribbling a basketball on a court. The player is wearing a white jersey with the number 3 and red lettering. The basketball is orange with black lines. The player is holding the ball with both hands and appears to be preparing to make a move or pass. The background shows a blurred audience and a basketball hoop.,T2V_data/label/vidgen_filter_gemini_part_0_dpo_5/590q68byBaM-Scene-0017/depth.mp4,T2V_data/label/vidgen_filter_gemini_part_0_dpo_5/590q68byBaM-Scene-0017/aug_entity_20.png
T2V_data/VIDGEN-1M_unzip/590q68byBaM-Scene-0017.mp4,The video shows a basketball player in a white and red uniform dribbling a basketball on a court. The player is wearing a white jersey with the number 3 and red lettering. The basketball is orange with black lines. The player is holding the ball with both hands and appears to be preparing to make a move or pass. The background shows a blurred audience and a basketball hoop.,T2V_data/label/vidgen_filter_gemini_part_0_dpo_5/590q68byBaM-Scene-0017/entity_20.mp4,T2V_data/label/vidgen_filter_gemini_part_0_dpo_5/590q68byBaM-Scene-0017/aug_entity_20.png
T2V_data/VIDGEN-1M_unzip/5AC-oe00Crs-Scene-0005.mp4,"In the video, a man is seen pouring a yellow liquid into a large glass jar. The jar is placed on top of a scale, which is used to measure the amount of liquid being poured. The man carefully pours the liquid, ensuring that it is evenly distributed within the jar. Once the jar is filled to the desired level, the man screws on a lid and shakes the jar to settle the contents. The man's actions are deliberate and precise, indicating that he is likely following a specific recipe or procedure. The video provides a clear view of the process, allowing viewers to observe the man's technique and the final product.",T2V_data/label/vidgen_filter_gemini_part_0_dpo_5/5AC-oe00Crs-Scene-0005/depth.mp4,T2V_data/label/vidgen_filter_gemini_part_0_dpo_5/5AC-oe00Crs-Scene-0005/aug_entity_40.png
T2V_data/VIDGEN-1M_unzip/5AC-oe00Crs-Scene-0005.mp4,"In the video, a man is seen pouring a yellow liquid into a large glass jar. The jar is placed on top of a scale, which is used to measure the amount of liquid being poured. The man carefully pours the liquid, ensuring that it is evenly distributed within the jar. Once the jar is filled to the desired level, the man screws on a lid and shakes the jar to settle the contents. The man's actions are deliberate and precise, indicating that he is likely following a specific recipe or procedure. The video provides a clear view of the process, allowing viewers to observe the man's technique and the final product.",T2V_data/label/vidgen_filter_gemini_part_0_dpo_5/5AC-oe00Crs-Scene-0005/entity_40.mp4,T2V_data/label/vidgen_filter_gemini_part_0_dpo_5/5AC-oe00Crs-Scene-0005/aug_entity_40.png
T2V_data/VIDGEN-1M_unzip/5mGYZjf96do-Scene-0005.mp4,"In the video, a man is seen standing in front of a window with a view of a stadium. He is wearing a blue shirt and black shorts and is holding a kettlebell in his right hand. The man is demonstrating how to perform a kettlebell swing exercise. He starts by standing upright and then bends down to pick up the kettlebell from the ground. He then swings the kettlebell between his legs and up to his chest, while keeping his back straight and his core engaged. The man repeats this motion several times, showcasing the proper technique for the exercise. The video provides a clear view of the exercise and the man's form, making it easy to follow along.",T2V_data/label/vidgen_filter_gemini_part_0_dpo_5/5mGYZjf96do-Scene-0005/depth.mp4,T2V_data/label/vidgen_filter_gemini_part_0_dpo_5/5mGYZjf96do-Scene-0005/aug_entity_20.png
T2V_data/VIDGEN-1M_unzip/5mGYZjf96do-Scene-0005.mp4,"In the video, a man is seen standing in front of a window with a view of a stadium. He is wearing a blue shirt and black shorts and is holding a kettlebell in his right hand. The man is demonstrating how to perform a kettlebell swing exercise. He starts by standing upright and then bends down to pick up the kettlebell from the ground. He then swings the kettlebell between his legs and up to his chest, while keeping his back straight and his core engaged. The man repeats this motion several times, showcasing the proper technique for the exercise. The video provides a clear view of the exercise and the man's form, making it easy to follow along.",T2V_data/label/vidgen_filter_gemini_part_0_dpo_5/5mGYZjf96do-Scene-0005/entity_20.mp4,T2V_data/label/vidgen_filter_gemini_part_0_dpo_5/5mGYZjf96do-Scene-0005/aug_entity_20.png
T2V_data/VIDGEN-1M_unzip/6169rPmB7f8-Scene-0024.mp4,"In the video, a man is seen standing on a diving board, preparing to dive into a pool. He bends his knees and then pushes off the board, diving into the water. The video is a simulation of the dive, with the man's movements being analyzed and evaluated. The video shows the man's arm angle and the optimum dive, indicating the proper technique for diving. The man's form and execution are analyzed in detail, with the video providing a clear view of the dive from different angles. The video is shot in a well-lit indoor pool, with the man wearing a black swimsuit. The water is clear and blue, and the pool is surrounded by red and white lane markers. The video provides a detailed analysis of the dive, highlighting the man's technique and form.",T2V_data/label/vidgen_filter_gemini_part_0_dpo_5/6169rPmB7f8-Scene-0024/depth.mp4,T2V_data/label/vidgen_filter_gemini_part_0_dpo_5/6169rPmB7f8-Scene-0024/aug_entity_20.png
T2V_data/VIDGEN-1M_unzip/6169rPmB7f8-Scene-0024.mp4,"In the video, a man is seen standing on a diving board, preparing to dive into a pool. He bends his knees and then pushes off the board, diving into the water. The video is a simulation of the dive, with the man's movements being analyzed and evaluated. The video shows the man's arm angle and the optimum dive, indicating the proper technique for diving. The man's form and execution are analyzed in detail, with the video providing a clear view of the dive from different angles. The video is shot in a well-lit indoor pool, with the man wearing a black swimsuit. The water is clear and blue, and the pool is surrounded by red and white lane markers. The video provides a detailed analysis of the dive, highlighting the man's technique and form.",T2V_data/label/vidgen_filter_gemini_part_0_dpo_5/6169rPmB7f8-Scene-0024/entity_20.mp4,T2V_data/label/vidgen_filter_gemini_part_0_dpo_5/6169rPmB7f8-Scene-0024/aug_entity_20.png
T2V_data/VIDGEN-1M_unzip/6169rPmB7f8-Scene-0024.mp4,"In the video, a man is seen standing on a diving board, preparing to dive into a pool. He bends his knees and then pushes off the board, diving into the water. The video is a simulation of the dive, with the man's movements being analyzed and evaluated. The video shows the man's arm angle and the optimum dive, indicating the proper technique for diving. The man's form and execution are analyzed in detail, with the video providing a clear view of the dive from different angles. The video is shot in a well-lit indoor pool, with the man wearing a black swimsuit. The water is clear and blue, and the pool is surrounded by red and white lane markers. The video provides a detailed analysis of the dive, highlighting the man's technique and form.",T2V_data/label/vidgen_filter_gemini_part_0_dpo_5/6169rPmB7f8-Scene-0024/depth.mp4,T2V_data/label/vidgen_filter_gemini_part_0_dpo_5/6169rPmB7f8-Scene-0024/aug_entity_40.png
T2V_data/VIDGEN-1M_unzip/6169rPmB7f8-Scene-0024.mp4,"In the video, a man is seen standing on a diving board, preparing to dive into a pool. He bends his knees and then pushes off the board, diving into the water. The video is a simulation of the dive, with the man's movements being analyzed and evaluated. The video shows the man's arm angle and the optimum dive, indicating the proper technique for diving. The man's form and execution are analyzed in detail, with the video providing a clear view of the dive from different angles. The video is shot in a well-lit indoor pool, with the man wearing a black swimsuit. The water is clear and blue, and the pool is surrounded by red and white lane markers. The video provides a detailed analysis of the dive, highlighting the man's technique and form.",T2V_data/label/vidgen_filter_gemini_part_0_dpo_5/6169rPmB7f8-Scene-0024/entity_40.mp4,T2V_data/label/vidgen_filter_gemini_part_0_dpo_5/6169rPmB7f8-Scene-0024/aug_entity_40.png
T2V_data/VIDGEN-1M_unzip/6D7ip93DljM-Scene-0082.mp4,The video shows a man riding a bicycle on a road. The man is wearing a helmet and an orange shirt. The bicycle has black tires and a white frame. The man is riding the bicycle with one wheel on the ground and the other wheel in the air. The road is empty and there are no other vehicles or people visible in the video. The man appears to be skilled at riding the bicycle in this manner.,T2V_data/label/vidgen_filter_gemini_part_0_dpo_5/6D7ip93DljM-Scene-0082/depth.mp4,T2V_data/label/vidgen_filter_gemini_part_0_dpo_5/6D7ip93DljM-Scene-0082/aug_entity_20.png
T2V_data/VIDGEN-1M_unzip/6D7ip93DljM-Scene-0082.mp4,The video shows a man riding a bicycle on a road. The man is wearing a helmet and an orange shirt. The bicycle has black tires and a white frame. The man is riding the bicycle with one wheel on the ground and the other wheel in the air. The road is empty and there are no other vehicles or people visible in the video. The man appears to be skilled at riding the bicycle in this manner.,T2V_data/label/vidgen_filter_gemini_part_0_dpo_5/6D7ip93DljM-Scene-0082/entity_20.mp4,T2V_data/label/vidgen_filter_gemini_part_0_dpo_5/6D7ip93DljM-Scene-0082/aug_entity_20.png
T2V_data/VIDGEN-1M_unzip/6FBe7PkTqTE-Scene-0287.mp4,"The video shows a person's hand holding a metal hook with a yellow string attached to it. The person is moving the hook up and down, and the string is also moving in the same way. The background is a brown wall.",T2V_data/label/vidgen_filter_gemini_part_0_dpo_5/6FBe7PkTqTE-Scene-0287/depth.mp4,T2V_data/label/vidgen_filter_gemini_part_0_dpo_5/6FBe7PkTqTE-Scene-0287/aug_entity_60.png
T2V_data/VIDGEN-1M_unzip/6FBe7PkTqTE-Scene-0287.mp4,"The video shows a person's hand holding a metal hook with a yellow string attached to it. The person is moving the hook up and down, and the string is also moving in the same way. The background is a brown wall.",T2V_data/label/vidgen_filter_gemini_part_0_dpo_5/6FBe7PkTqTE-Scene-0287/entity_60.mp4,T2V_data/label/vidgen_filter_gemini_part_0_dpo_5/6FBe7PkTqTE-Scene-0287/aug_entity_60.png
T2V_data/VIDGEN-1M_unzip/6HXlLx-ZBoE-Scene-0025.mp4,"The video shows a man in a black shirt and shorts dribbling a basketball on a court. He is wearing black and white shoes and is dribbling the ball between his legs. The court has a black and white design, and there is a wall with the words ""SPORT"" visible in the background.",T2V_data/label/vidgen_filter_gemini_part_0_dpo_5/6HXlLx-ZBoE-Scene-0025/depth.mp4,T2V_data/label/vidgen_filter_gemini_part_0_dpo_5/6HXlLx-ZBoE-Scene-0025/aug_entity_20.png
T2V_data/VIDGEN-1M_unzip/6HXlLx-ZBoE-Scene-0025.mp4,"The video shows a man in a black shirt and shorts dribbling a basketball on a court. He is wearing black and white shoes and is dribbling the ball between his legs. The court has a black and white design, and there is a wall with the words ""SPORT"" visible in the background.",T2V_data/label/vidgen_filter_gemini_part_0_dpo_5/6HXlLx-ZBoE-Scene-0025/entity_20.mp4,T2V_data/label/vidgen_filter_gemini_part_0_dpo_5/6HXlLx-ZBoE-Scene-0025/aug_entity_20.png
T2V_data/VIDGEN-1M_unzip/6Vpo6YdJKog-Scene-0005.mp4,"In the video, a person is seen using their hand to remove a piece of drywall from a wall. The person's hand is visible in the frame, and they are using their fingers to pull the drywall away from the wall. The drywall appears to be a light color, possibly white or beige, and the wall is a similar color. The person's hand is moving in a pulling motion, and the drywall is being removed in large pieces. There is no visible title, subtitle, or other text in the video.",T2V_data/label/vidgen_filter_gemini_part_0_dpo_5/6Vpo6YdJKog-Scene-0005/depth.mp4,T2V_data/label/vidgen_filter_gemini_part_0_dpo_5/6Vpo6YdJKog-Scene-0005/aug_entity_20.png
T2V_data/VIDGEN-1M_unzip/6Vpo6YdJKog-Scene-0005.mp4,"In the video, a person is seen using their hand to remove a piece of drywall from a wall. The person's hand is visible in the frame, and they are using their fingers to pull the drywall away from the wall. The drywall appears to be a light color, possibly white or beige, and the wall is a similar color. The person's hand is moving in a pulling motion, and the drywall is being removed in large pieces. There is no visible title, subtitle, or other text in the video.",T2V_data/label/vidgen_filter_gemini_part_0_dpo_5/6Vpo6YdJKog-Scene-0005/entity_20.mp4,T2V_data/label/vidgen_filter_gemini_part_0_dpo_5/6Vpo6YdJKog-Scene-0005/aug_entity_20.png
T2V_data/VIDGEN-1M_unzip/6blGcO2vTlA-Scene-0005.mp4,The video shows a person using a hammer to chip away at a hole in the ceiling. The person is wearing a red shirt and is standing on a ladder. The ceiling is covered with newspaper and there is a blue wall in the background. The person is using the hammer to break up the material in the hole and is making progress in removing it.,T2V_data/label/vidgen_filter_gemini_part_0_dpo_5/6blGcO2vTlA-Scene-0005/depth.mp4,T2V_data/label/vidgen_filter_gemini_part_0_dpo_5/6blGcO2vTlA-Scene-0005/aug_entity_40.png
T2V_data/VIDGEN-1M_unzip/6blGcO2vTlA-Scene-0005.mp4,The video shows a person using a hammer to chip away at a hole in the ceiling. The person is wearing a red shirt and is standing on a ladder. The ceiling is covered with newspaper and there is a blue wall in the background. The person is using the hammer to break up the material in the hole and is making progress in removing it.,T2V_data/label/vidgen_filter_gemini_part_0_dpo_5/6blGcO2vTlA-Scene-0005/entity_40.mp4,T2V_data/label/vidgen_filter_gemini_part_0_dpo_5/6blGcO2vTlA-Scene-0005/aug_entity_40.png
T2V_data/VIDGEN-1M_unzip/6dfFwagmklk-Scene-0021.mp4,"In the video, a man is seen in a workshop. He is wearing a black cap and a plaid shirt. The man is holding a piece of cardboard and a nail. He is using a tool to hammer the nail into the cardboard. The workshop is well-lit and appears to be organized. The man seems to be focused on his task, and the sound of the hammering can be heard in the background. The video provides a clear view of the man's actions and the tools he is using.",T2V_data/label/vidgen_filter_gemini_part_0_dpo_5/6dfFwagmklk-Scene-0021/depth.mp4,T2V_data/label/vidgen_filter_gemini_part_0_dpo_5/6dfFwagmklk-Scene-0021/aug_entity_20.png
T2V_data/VIDGEN-1M_unzip/6dfFwagmklk-Scene-0021.mp4,"In the video, a man is seen in a workshop. He is wearing a black cap and a plaid shirt. The man is holding a piece of cardboard and a nail. He is using a tool to hammer the nail into the cardboard. The workshop is well-lit and appears to be organized. The man seems to be focused on his task, and the sound of the hammering can be heard in the background. The video provides a clear view of the man's actions and the tools he is using.",T2V_data/label/vidgen_filter_gemini_part_0_dpo_5/6dfFwagmklk-Scene-0021/entity_20.mp4,T2V_data/label/vidgen_filter_gemini_part_0_dpo_5/6dfFwagmklk-Scene-0021/aug_entity_20.png
T2V_data/VIDGEN-1M_unzip/75YUVwYzaB4-Scene-0081.mp4,"In the video, we see a panda bear in a zoo enclosure. The panda is standing on its hind legs and appears to be trying to climb a wall. The wall is made of concrete and has a small opening at the top. The panda is holding onto the wall with its front paws and seems to be struggling to get up. The enclosure is surrounded by a fence and there are trees and bushes in the background. The panda is black and white and appears to be healthy. There are no other animals or people visible in the video.",T2V_data/label/vidgen_filter_gemini_part_0_dpo_5/75YUVwYzaB4-Scene-0081/depth.mp4,T2V_data/label/vidgen_filter_gemini_part_0_dpo_5/75YUVwYzaB4-Scene-0081/aug_entity_80.png
T2V_data/VIDGEN-1M_unzip/75YUVwYzaB4-Scene-0081.mp4,"In the video, we see a panda bear in a zoo enclosure. The panda is standing on its hind legs and appears to be trying to climb a wall. The wall is made of concrete and has a small opening at the top. The panda is holding onto the wall with its front paws and seems to be struggling to get up. The enclosure is surrounded by a fence and there are trees and bushes in the background. The panda is black and white and appears to be healthy. There are no other animals or people visible in the video.",T2V_data/label/vidgen_filter_gemini_part_0_dpo_5/75YUVwYzaB4-Scene-0081/entity_80.mp4,T2V_data/label/vidgen_filter_gemini_part_0_dpo_5/75YUVwYzaB4-Scene-0081/aug_entity_80.png
T2V_data/VIDGEN-1M_unzip/7DqDX8IFAao-Scene-0006.mp4,"The video shows a hockey game in progress. The goalie is seen standing in front of the net, ready to defend it. The players are skating around the rink, trying to score a goal. The crowd is cheering and shouting, adding to the excitement of the game. The players are wearing their respective team uniforms, and the goalie is wearing protective gear. The rink is surrounded by boards and glass, and there are ads on the boards. The game is being played in a large arena with a large audience.",T2V_data/label/vidgen_filter_gemini_part_0_dpo_5/7DqDX8IFAao-Scene-0006/depth.mp4,T2V_data/label/vidgen_filter_gemini_part_0_dpo_5/7DqDX8IFAao-Scene-0006/aug_entity_20.png
T2V_data/VIDGEN-1M_unzip/7DqDX8IFAao-Scene-0006.mp4,"The video shows a hockey game in progress. The goalie is seen standing in front of the net, ready to defend it. The players are skating around the rink, trying to score a goal. The crowd is cheering and shouting, adding to the excitement of the game. The players are wearing their respective team uniforms, and the goalie is wearing protective gear. The rink is surrounded by boards and glass, and there are ads on the boards. The game is being played in a large arena with a large audience.",T2V_data/label/vidgen_filter_gemini_part_0_dpo_5/7DqDX8IFAao-Scene-0006/entity_20.mp4,T2V_data/label/vidgen_filter_gemini_part_0_dpo_5/7DqDX8IFAao-Scene-0006/aug_entity_20.png
T2V_data/VIDGEN-1M_unzip/7F8NfCnTK80-Scene-0013.mp4,"In the video, a person is seen using a white object to clean a tooth. The tooth appears to be a model of a human tooth, and the white object is being used to scrape off the plaque from the tooth. The person is wearing a pink glove, and the background is blurred, but it seems to be a dental office. The person is using a back and forth motion to clean the tooth thoroughly.",T2V_data/label/vidgen_filter_gemini_part_0_dpo_5/7F8NfCnTK80-Scene-0013/depth.mp4,T2V_data/label/vidgen_filter_gemini_part_0_dpo_5/7F8NfCnTK80-Scene-0013/aug_entity_60.png
T2V_data/VIDGEN-1M_unzip/7F8NfCnTK80-Scene-0013.mp4,"In the video, a person is seen using a white object to clean a tooth. The tooth appears to be a model of a human tooth, and the white object is being used to scrape off the plaque from the tooth. The person is wearing a pink glove, and the background is blurred, but it seems to be a dental office. The person is using a back and forth motion to clean the tooth thoroughly.",T2V_data/label/vidgen_filter_gemini_part_0_dpo_5/7F8NfCnTK80-Scene-0013/entity_60.mp4,T2V_data/label/vidgen_filter_gemini_part_0_dpo_5/7F8NfCnTK80-Scene-0013/aug_entity_60.png
T2V_data/VIDGEN-1M_unzip/7JBAKZr4izU-Scene-0229.mp4,"The video shows a man in a white lab coat working in a laboratory. He is standing in front of a row of glasses filled with a white liquid. The man is using a machine to fill the glasses with the liquid. The machine has several nozzles, and the man is adjusting the settings on the machine to control the amount of liquid being dispensed into each glass. The laboratory appears to be well-equipped, with various scientific equipment visible in the background. The man is focused on his task, carefully monitoring the process to ensure accuracy.",T2V_data/label/vidgen_filter_gemini_part_0_dpo_5/7JBAKZr4izU-Scene-0229/depth.mp4,T2V_data/label/vidgen_filter_gemini_part_0_dpo_5/7JBAKZr4izU-Scene-0229/aug_entity_40.png
T2V_data/VIDGEN-1M_unzip/7JBAKZr4izU-Scene-0229.mp4,"The video shows a man in a white lab coat working in a laboratory. He is standing in front of a row of glasses filled with a white liquid. The man is using a machine to fill the glasses with the liquid. The machine has several nozzles, and the man is adjusting the settings on the machine to control the amount of liquid being dispensed into each glass. The laboratory appears to be well-equipped, with various scientific equipment visible in the background. The man is focused on his task, carefully monitoring the process to ensure accuracy.",T2V_data/label/vidgen_filter_gemini_part_0_dpo_5/7JBAKZr4izU-Scene-0229/entity_40.mp4,T2V_data/label/vidgen_filter_gemini_part_0_dpo_5/7JBAKZr4izU-Scene-0229/aug_entity_40.png
T2V_data/VIDGEN-1M_unzip/7Q5wKEvAY7M-Scene-0004.mp4,"In the video, a person is seen cutting a piece of meat on a yellow cutting board. The person is wearing a gold ring with an engraved design on their left hand. The knife used for cutting is large and sharp, and it is being held in the person's right hand. The meat appears to be a cut of pork or ham, and it is being sliced into thin pieces. The person's movements are precise and controlled, indicating that they are experienced in handling a knife. The background is blurred, but it appears to be a kitchen setting.",T2V_data/label/vidgen_filter_gemini_part_0_dpo_5/7Q5wKEvAY7M-Scene-0004/depth.mp4,T2V_data/label/vidgen_filter_gemini_part_0_dpo_5/7Q5wKEvAY7M-Scene-0004/aug_entity_40.png
T2V_data/VIDGEN-1M_unzip/7Q5wKEvAY7M-Scene-0004.mp4,"In the video, a person is seen cutting a piece of meat on a yellow cutting board. The person is wearing a gold ring with an engraved design on their left hand. The knife used for cutting is large and sharp, and it is being held in the person's right hand. The meat appears to be a cut of pork or ham, and it is being sliced into thin pieces. The person's movements are precise and controlled, indicating that they are experienced in handling a knife. The background is blurred, but it appears to be a kitchen setting.",T2V_data/label/vidgen_filter_gemini_part_0_dpo_5/7Q5wKEvAY7M-Scene-0004/entity_40.mp4,T2V_data/label/vidgen_filter_gemini_part_0_dpo_5/7Q5wKEvAY7M-Scene-0004/aug_entity_40.png
T2V_data/VIDGEN-1M_unzip/7ebqivUqZqE-Scene-0018.mp4,"In the video, a person is seen pouring a liquid into a blender. The liquid is bright orange in color, and it fills the blender up to the top. The person's hand is visible, and they are wearing a tattoo on their wrist. The blender is made of glass and has a black lid. The background is blurred, but it appears to be a kitchen setting.",T2V_data/label/vidgen_filter_gemini_part_0_dpo_5/7ebqivUqZqE-Scene-0018/depth.mp4,T2V_data/label/vidgen_filter_gemini_part_0_dpo_5/7ebqivUqZqE-Scene-0018/aug_entity_40.png
T2V_data/VIDGEN-1M_unzip/7ebqivUqZqE-Scene-0018.mp4,"In the video, a person is seen pouring a liquid into a blender. The liquid is bright orange in color, and it fills the blender up to the top. The person's hand is visible, and they are wearing a tattoo on their wrist. The blender is made of glass and has a black lid. The background is blurred, but it appears to be a kitchen setting.",T2V_data/label/vidgen_filter_gemini_part_0_dpo_5/7ebqivUqZqE-Scene-0018/entity_40.mp4,T2V_data/label/vidgen_filter_gemini_part_0_dpo_5/7ebqivUqZqE-Scene-0018/aug_entity_40.png
T2V_data/VIDGEN-1M_unzip/7f0QAS99uFU-Scene-0014.mp4,"The video shows a close-up of a person's hand holding a rolling pin over a plastic bag of ground meat. The rolling pin is made of wood and has a cylindrical shape. The plastic bag is transparent and has a white label on it. The ground meat inside the bag is pinkish-red in color. The person's hand is moving the rolling pin back and forth over the bag, presumably to flatten or spread the meat inside.",T2V_data/label/vidgen_filter_gemini_part_0_dpo_5/7f0QAS99uFU-Scene-0014/depth.mp4,T2V_data/label/vidgen_filter_gemini_part_0_dpo_5/7f0QAS99uFU-Scene-0014/aug_entity_20.png
T2V_data/VIDGEN-1M_unzip/7f0QAS99uFU-Scene-0014.mp4,"The video shows a close-up of a person's hand holding a rolling pin over a plastic bag of ground meat. The rolling pin is made of wood and has a cylindrical shape. The plastic bag is transparent and has a white label on it. The ground meat inside the bag is pinkish-red in color. The person's hand is moving the rolling pin back and forth over the bag, presumably to flatten or spread the meat inside.",T2V_data/label/vidgen_filter_gemini_part_0_dpo_5/7f0QAS99uFU-Scene-0014/entity_20.mp4,T2V_data/label/vidgen_filter_gemini_part_0_dpo_5/7f0QAS99uFU-Scene-0014/aug_entity_20.png
T2V_data/VIDGEN-1M_unzip/7f0QAS99uFU-Scene-0014.mp4,"The video shows a close-up of a person's hand holding a rolling pin over a plastic bag of ground meat. The rolling pin is made of wood and has a cylindrical shape. The plastic bag is transparent and has a white label on it. The ground meat inside the bag is pinkish-red in color. The person's hand is moving the rolling pin back and forth over the bag, presumably to flatten or spread the meat inside.",T2V_data/label/vidgen_filter_gemini_part_0_dpo_5/7f0QAS99uFU-Scene-0014/depth.mp4,T2V_data/label/vidgen_filter_gemini_part_0_dpo_5/7f0QAS99uFU-Scene-0014/aug_entity_40.png
T2V_data/VIDGEN-1M_unzip/7f0QAS99uFU-Scene-0014.mp4,"The video shows a close-up of a person's hand holding a rolling pin over a plastic bag of ground meat. The rolling pin is made of wood and has a cylindrical shape. The plastic bag is transparent and has a white label on it. The ground meat inside the bag is pinkish-red in color. The person's hand is moving the rolling pin back and forth over the bag, presumably to flatten or spread the meat inside.",T2V_data/label/vidgen_filter_gemini_part_0_dpo_5/7f0QAS99uFU-Scene-0014/entity_40.mp4,T2V_data/label/vidgen_filter_gemini_part_0_dpo_5/7f0QAS99uFU-Scene-0014/aug_entity_40.png
T2V_data/VIDGEN-1M_unzip/8ASDlyI44vc-Scene-0022.mp4,The video shows a young boy blowing up a red balloon. The balloon is inflated to a large size and appears to be made of a shiny material. The boy is wearing a white shirt and has short hair. The background is a plain white wall.,T2V_data/label/vidgen_filter_gemini_part_0_dpo_5/8ASDlyI44vc-Scene-0022/depth.mp4,T2V_data/label/vidgen_filter_gemini_part_0_dpo_5/8ASDlyI44vc-Scene-0022/aug_entity_40.png
T2V_data/VIDGEN-1M_unzip/8ASDlyI44vc-Scene-0022.mp4,The video shows a young boy blowing up a red balloon. The balloon is inflated to a large size and appears to be made of a shiny material. The boy is wearing a white shirt and has short hair. The background is a plain white wall.,T2V_data/label/vidgen_filter_gemini_part_0_dpo_5/8ASDlyI44vc-Scene-0022/entity_40.mp4,T2V_data/label/vidgen_filter_gemini_part_0_dpo_5/8ASDlyI44vc-Scene-0022/aug_entity_40.png
T2V_data/VIDGEN-1M_unzip/8V0QrlDvnuE-Scene-0055.mp4,"In the video, a man is seen standing in a pond, holding a red bowl. He is using a green cloth to scoop fish out of the water and place them in the bowl. The man is wearing a blue shirt and black pants. The pond is surrounded by trees and there is a wooden structure visible in the background. The water is clear and the fish are small and silver in color. The man seems to be focused on his task and is moving the cloth in a circular motion to catch the fish.",T2V_data/label/vidgen_filter_gemini_part_0_dpo_5/8V0QrlDvnuE-Scene-0055/depth.mp4,T2V_data/label/vidgen_filter_gemini_part_0_dpo_5/8V0QrlDvnuE-Scene-0055/aug_entity_60.png
T2V_data/VIDGEN-1M_unzip/8V0QrlDvnuE-Scene-0055.mp4,"In the video, a man is seen standing in a pond, holding a red bowl. He is using a green cloth to scoop fish out of the water and place them in the bowl. The man is wearing a blue shirt and black pants. The pond is surrounded by trees and there is a wooden structure visible in the background. The water is clear and the fish are small and silver in color. The man seems to be focused on his task and is moving the cloth in a circular motion to catch the fish.",T2V_data/label/vidgen_filter_gemini_part_0_dpo_5/8V0QrlDvnuE-Scene-0055/entity_60.mp4,T2V_data/label/vidgen_filter_gemini_part_0_dpo_5/8V0QrlDvnuE-Scene-0055/aug_entity_60.png
T2V_data/VIDGEN-1M_unzip/8d-JeUpr9sk-Scene-0049.mp4,"The video shows a boxing match between two men in a ring. One man is wearing black shorts with the word ""SUGAR"" written on them, while the other is wearing blue shorts. The man in black shorts is throwing punches at the man in blue shorts, who is defending himself. The crowd is visible in the background, and there is a scoreboard showing the round and time. The man in black shorts lands a punch on the man in blue shorts, causing him to fall to the ground. The referee steps in to stop the fight.",T2V_data/label/vidgen_filter_gemini_part_0_dpo_5/8d-JeUpr9sk-Scene-0049/depth.mp4,T2V_data/label/vidgen_filter_gemini_part_0_dpo_5/8d-JeUpr9sk-Scene-0049/aug_entity_40.png
T2V_data/VIDGEN-1M_unzip/8d-JeUpr9sk-Scene-0049.mp4,"The video shows a boxing match between two men in a ring. One man is wearing black shorts with the word ""SUGAR"" written on them, while the other is wearing blue shorts. The man in black shorts is throwing punches at the man in blue shorts, who is defending himself. The crowd is visible in the background, and there is a scoreboard showing the round and time. The man in black shorts lands a punch on the man in blue shorts, causing him to fall to the ground. The referee steps in to stop the fight.",T2V_data/label/vidgen_filter_gemini_part_0_dpo_5/8d-JeUpr9sk-Scene-0049/entity_40.mp4,T2V_data/label/vidgen_filter_gemini_part_0_dpo_5/8d-JeUpr9sk-Scene-0049/aug_entity_40.png
T2V_data/VIDGEN-1M_unzip/98bRmutWgaQ-Scene-0039.mp4,"The video features two men in a boxing ring. One man is wearing black shorts with a yellow star on the side, while the other man is wearing black shorts. They are both shirtless and appear to be engaged in a boxing training session. The man in the black shorts with the yellow star is throwing punches at the other man, who is blocking and dodging. The background shows a boxing ring with ropes and other people in the distance. The lighting is dim, and the focus is on the two men in the foreground.",T2V_data/label/vidgen_filter_gemini_part_0_dpo_5/98bRmutWgaQ-Scene-0039/depth.mp4,T2V_data/label/vidgen_filter_gemini_part_0_dpo_5/98bRmutWgaQ-Scene-0039/aug_entity_20.png
T2V_data/VIDGEN-1M_unzip/98bRmutWgaQ-Scene-0039.mp4,"The video features two men in a boxing ring. One man is wearing black shorts with a yellow star on the side, while the other man is wearing black shorts. They are both shirtless and appear to be engaged in a boxing training session. The man in the black shorts with the yellow star is throwing punches at the other man, who is blocking and dodging. The background shows a boxing ring with ropes and other people in the distance. The lighting is dim, and the focus is on the two men in the foreground.",T2V_data/label/vidgen_filter_gemini_part_0_dpo_5/98bRmutWgaQ-Scene-0039/entity_20.mp4,T2V_data/label/vidgen_filter_gemini_part_0_dpo_5/98bRmutWgaQ-Scene-0039/aug_entity_20.png
T2V_data/VIDGEN-1M_unzip/9Kv-r6VmSFc-Scene-0002.mp4,"The video shows a close-up of a pot on a stove with two pieces of meat boiling in water. The meat is pink and white in color and is surrounded by bubbles and steam. The pot is made of stainless steel and is placed on a black stove. The video is shot from a side angle, and the camera moves slightly to show the boiling meat from different angles.",T2V_data/label/vidgen_filter_gemini_part_0_dpo_5/9Kv-r6VmSFc-Scene-0002/depth.mp4,T2V_data/label/vidgen_filter_gemini_part_0_dpo_5/9Kv-r6VmSFc-Scene-0002/aug_entity_20.png
T2V_data/VIDGEN-1M_unzip/9Kv-r6VmSFc-Scene-0002.mp4,"The video shows a close-up of a pot on a stove with two pieces of meat boiling in water. The meat is pink and white in color and is surrounded by bubbles and steam. The pot is made of stainless steel and is placed on a black stove. The video is shot from a side angle, and the camera moves slightly to show the boiling meat from different angles.",T2V_data/label/vidgen_filter_gemini_part_0_dpo_5/9Kv-r6VmSFc-Scene-0002/entity_20.mp4,T2V_data/label/vidgen_filter_gemini_part_0_dpo_5/9Kv-r6VmSFc-Scene-0002/aug_entity_20.png
T2V_data/VIDGEN-1M_unzip/9Rs4zpmtQ5o-Scene-0031.mp4,"The video shows an elderly man wearing a green shirt and a black hat, working on a stone wall. He is using a trowel to spread cement on the wall and then placing a stone on top of it. The man is smiling and appears to be enjoying his work. The background shows a dry field with trees and mountains in the distance.",T2V_data/label/vidgen_filter_gemini_part_0_dpo_5/9Rs4zpmtQ5o-Scene-0031/depth.mp4,T2V_data/label/vidgen_filter_gemini_part_0_dpo_5/9Rs4zpmtQ5o-Scene-0031/aug_entity_20.png
T2V_data/VIDGEN-1M_unzip/9Rs4zpmtQ5o-Scene-0031.mp4,"The video shows an elderly man wearing a green shirt and a black hat, working on a stone wall. He is using a trowel to spread cement on the wall and then placing a stone on top of it. The man is smiling and appears to be enjoying his work. The background shows a dry field with trees and mountains in the distance.",T2V_data/label/vidgen_filter_gemini_part_0_dpo_5/9Rs4zpmtQ5o-Scene-0031/entity_20.mp4,T2V_data/label/vidgen_filter_gemini_part_0_dpo_5/9Rs4zpmtQ5o-Scene-0031/aug_entity_20.png
T2V_data/VIDGEN-1M_unzip/9X86wEG4auc-Scene-0043.mp4,"In the video, a person is holding a green bowl filled with water and some dirt. The person is shaking the bowl back and forth, presumably to clean the dirt out of the water. The bowl appears to be made of plastic and has a circular shape. The water in the bowl is murky and there are bubbles visible on the surface, indicating that the water is being agitated. The background of the video is not clearly visible, but it appears to be an outdoor setting.",T2V_data/label/vidgen_filter_gemini_part_0_dpo_5/9X86wEG4auc-Scene-0043/depth.mp4,T2V_data/label/vidgen_filter_gemini_part_0_dpo_5/9X86wEG4auc-Scene-0043/aug_entity_40.png
T2V_data/VIDGEN-1M_unzip/9X86wEG4auc-Scene-0043.mp4,"In the video, a person is holding a green bowl filled with water and some dirt. The person is shaking the bowl back and forth, presumably to clean the dirt out of the water. The bowl appears to be made of plastic and has a circular shape. The water in the bowl is murky and there are bubbles visible on the surface, indicating that the water is being agitated. The background of the video is not clearly visible, but it appears to be an outdoor setting.",T2V_data/label/vidgen_filter_gemini_part_0_dpo_5/9X86wEG4auc-Scene-0043/entity_40.mp4,T2V_data/label/vidgen_filter_gemini_part_0_dpo_5/9X86wEG4auc-Scene-0043/aug_entity_40.png
T2V_data/VIDGEN-1M_unzip/9qwb2v8DyuA-Scene-0004.mp4,"The video shows a man in a gym preparing to lift a barbell. He is wearing a gray tracksuit and is barefoot. The barbell is loaded with weights, and there is another person standing next to him, wearing a white shirt and black pants. The man is seen bending down and gripping the barbell, ready to lift it. The gym has various equipment in the background, and the floor is covered with black mats.",T2V_data/label/vidgen_filter_gemini_part_0_dpo_5/9qwb2v8DyuA-Scene-0004/depth.mp4,T2V_data/label/vidgen_filter_gemini_part_0_dpo_5/9qwb2v8DyuA-Scene-0004/aug_entity_40.png
T2V_data/VIDGEN-1M_unzip/9qwb2v8DyuA-Scene-0004.mp4,"The video shows a man in a gym preparing to lift a barbell. He is wearing a gray tracksuit and is barefoot. The barbell is loaded with weights, and there is another person standing next to him, wearing a white shirt and black pants. The man is seen bending down and gripping the barbell, ready to lift it. The gym has various equipment in the background, and the floor is covered with black mats.",T2V_data/label/vidgen_filter_gemini_part_0_dpo_5/9qwb2v8DyuA-Scene-0004/entity_40.mp4,T2V_data/label/vidgen_filter_gemini_part_0_dpo_5/9qwb2v8DyuA-Scene-0004/aug_entity_40.png
T2V_data/VIDGEN-1M_unzip/9qwb2v8DyuA-Scene-0004.mp4,"The video shows a man in a gym preparing to lift a barbell. He is wearing a gray tracksuit and is barefoot. The barbell is loaded with weights, and there is another person standing next to him, wearing a white shirt and black pants. The man is seen bending down and gripping the barbell, ready to lift it. The gym has various equipment in the background, and the floor is covered with black mats.",T2V_data/label/vidgen_filter_gemini_part_0_dpo_5/9qwb2v8DyuA-Scene-0004/depth.mp4,T2V_data/label/vidgen_filter_gemini_part_0_dpo_5/9qwb2v8DyuA-Scene-0004/aug_entity_60.png
T2V_data/VIDGEN-1M_unzip/9qwb2v8DyuA-Scene-0004.mp4,"The video shows a man in a gym preparing to lift a barbell. He is wearing a gray tracksuit and is barefoot. The barbell is loaded with weights, and there is another person standing next to him, wearing a white shirt and black pants. The man is seen bending down and gripping the barbell, ready to lift it. The gym has various equipment in the background, and the floor is covered with black mats.",T2V_data/label/vidgen_filter_gemini_part_0_dpo_5/9qwb2v8DyuA-Scene-0004/entity_60.mp4,T2V_data/label/vidgen_filter_gemini_part_0_dpo_5/9qwb2v8DyuA-Scene-0004/aug_entity_60.png
T2V_data/VIDGEN-1M_unzip/A3xxem-3EfE-Scene-0026.mp4,"In the video, a young girl is seen holding an orange stress ball in her hands. She squeezes the ball and then opens it up to reveal a white substance inside. The girl then proceeds to squeeze the stress ball again, this time showing the white substance more clearly. She continues to squeeze the ball, and the white substance becomes more visible. The girl then opens up the stress ball once more, revealing the white substance inside. Throughout the video, the girl seems to be playing with the stress ball and the white substance inside it.",T2V_data/label/vidgen_filter_gemini_part_0_dpo_5/A3xxem-3EfE-Scene-0026/depth.mp4,T2V_data/label/vidgen_filter_gemini_part_0_dpo_5/A3xxem-3EfE-Scene-0026/aug_entity_40.png
T2V_data/VIDGEN-1M_unzip/A3xxem-3EfE-Scene-0026.mp4,"In the video, a young girl is seen holding an orange stress ball in her hands. She squeezes the ball and then opens it up to reveal a white substance inside. The girl then proceeds to squeeze the stress ball again, this time showing the white substance more clearly. She continues to squeeze the ball, and the white substance becomes more visible. The girl then opens up the stress ball once more, revealing the white substance inside. Throughout the video, the girl seems to be playing with the stress ball and the white substance inside it.",T2V_data/label/vidgen_filter_gemini_part_0_dpo_5/A3xxem-3EfE-Scene-0026/entity_40.mp4,T2V_data/label/vidgen_filter_gemini_part_0_dpo_5/A3xxem-3EfE-Scene-0026/aug_entity_40.png
T2V_data/VIDGEN-1M_unzip/A4qQ9ON-Ve4-Scene-0080.mp4,"The video shows a close-up of a machine with a metal plate. The plate has several holes and slots, and there are metal rods with circular ends that move up and down. The machine appears to be in operation, as the rods are moving. The metal plate is shiny and reflects light, indicating that it is made of a metallic material. The color of the metal plate is silver, and the rods are a darker shade of metal. The video does not show any other objects or people.",T2V_data/label/vidgen_filter_gemini_part_0_dpo_5/A4qQ9ON-Ve4-Scene-0080/depth.mp4,T2V_data/label/vidgen_filter_gemini_part_0_dpo_5/A4qQ9ON-Ve4-Scene-0080/aug_entity_40.png
T2V_data/VIDGEN-1M_unzip/A4qQ9ON-Ve4-Scene-0080.mp4,"The video shows a close-up of a machine with a metal plate. The plate has several holes and slots, and there are metal rods with circular ends that move up and down. The machine appears to be in operation, as the rods are moving. The metal plate is shiny and reflects light, indicating that it is made of a metallic material. The color of the metal plate is silver, and the rods are a darker shade of metal. The video does not show any other objects or people.",T2V_data/label/vidgen_filter_gemini_part_0_dpo_5/A4qQ9ON-Ve4-Scene-0080/entity_40.mp4,T2V_data/label/vidgen_filter_gemini_part_0_dpo_5/A4qQ9ON-Ve4-Scene-0080/aug_entity_40.png
T2V_data/VIDGEN-1M_unzip/A6Gx3pP2cUM-Scene-0026.mp4,"The video shows a close-up of a person's hand using a tool to remove a bolt from a piece of machinery. The person is wearing a white glove, and the tool is silver in color. The machinery appears to be made of metal and has a black surface. The bolt is round and silver, and the person is using a wrench to turn it counterclockwise.",T2V_data/label/vidgen_filter_gemini_part_0_dpo_5/A6Gx3pP2cUM-Scene-0026/depth.mp4,T2V_data/label/vidgen_filter_gemini_part_0_dpo_5/A6Gx3pP2cUM-Scene-0026/aug_entity_20.png
T2V_data/VIDGEN-1M_unzip/A6Gx3pP2cUM-Scene-0026.mp4,"The video shows a close-up of a person's hand using a tool to remove a bolt from a piece of machinery. The person is wearing a white glove, and the tool is silver in color. The machinery appears to be made of metal and has a black surface. The bolt is round and silver, and the person is using a wrench to turn it counterclockwise.",T2V_data/label/vidgen_filter_gemini_part_0_dpo_5/A6Gx3pP2cUM-Scene-0026/entity_20.mp4,T2V_data/label/vidgen_filter_gemini_part_0_dpo_5/A6Gx3pP2cUM-Scene-0026/aug_entity_20.png
T2V_data/VIDGEN-1M_unzip/ADgtDAcUd44-Scene-0091.mp4,"In the video, a small white dog is seen standing on a carpeted floor. The dog is facing a purple stuffed animal that is lying on the floor. A person is standing behind the dog, wearing black shoes and gray pants. The person is moving their feet in a way that makes the dog jump up and down. The dog seems to be enjoying the interaction and is jumping with excitement. The room appears to be a living room with a couch and a cabinet in the background.",T2V_data/label/vidgen_filter_gemini_part_0_dpo_5/ADgtDAcUd44-Scene-0091/depth.mp4,T2V_data/label/vidgen_filter_gemini_part_0_dpo_5/ADgtDAcUd44-Scene-0091/aug_entity_20.png
T2V_data/VIDGEN-1M_unzip/ADgtDAcUd44-Scene-0091.mp4,"In the video, a small white dog is seen standing on a carpeted floor. The dog is facing a purple stuffed animal that is lying on the floor. A person is standing behind the dog, wearing black shoes and gray pants. The person is moving their feet in a way that makes the dog jump up and down. The dog seems to be enjoying the interaction and is jumping with excitement. The room appears to be a living room with a couch and a cabinet in the background.",T2V_data/label/vidgen_filter_gemini_part_0_dpo_5/ADgtDAcUd44-Scene-0091/entity_20.mp4,T2V_data/label/vidgen_filter_gemini_part_0_dpo_5/ADgtDAcUd44-Scene-0091/aug_entity_20.png
T2V_data/VIDGEN-1M_unzip/AEpNamkyqNU-Scene-0006.mp4,"The video shows a space shuttle launching into the sky. The shuttle is white with a black nose cone and is attached to a large rocket booster. As the shuttle lifts off, flames and smoke can be seen coming from the bottom of the booster. The sky is blue with some clouds.",T2V_data/label/vidgen_filter_gemini_part_0_dpo_5/AEpNamkyqNU-Scene-0006/depth.mp4,T2V_data/label/vidgen_filter_gemini_part_0_dpo_5/AEpNamkyqNU-Scene-0006/aug_entity_40.png
T2V_data/VIDGEN-1M_unzip/AEpNamkyqNU-Scene-0006.mp4,"The video shows a space shuttle launching into the sky. The shuttle is white with a black nose cone and is attached to a large rocket booster. As the shuttle lifts off, flames and smoke can be seen coming from the bottom of the booster. The sky is blue with some clouds.",T2V_data/label/vidgen_filter_gemini_part_0_dpo_5/AEpNamkyqNU-Scene-0006/entity_40.mp4,T2V_data/label/vidgen_filter_gemini_part_0_dpo_5/AEpNamkyqNU-Scene-0006/aug_entity_40.png
T2V_data/VIDGEN-1M_unzip/AMULeY8JMEs-Scene-0024.mp4,"The video shows a black jeep driving on a sandy terrain. The jeep is moving at a moderate speed and is kicking up sand behind it. The vehicle is equipped with a roof rack and a light bar on top. There are two people in the jeep, one in the driver's seat and the other in the passenger seat. The driver is wearing a black helmet and the passenger is wearing a red shirt. The background consists of sand dunes and sparse vegetation.",T2V_data/label/vidgen_filter_gemini_part_0_dpo_5/AMULeY8JMEs-Scene-0024/depth.mp4,T2V_data/label/vidgen_filter_gemini_part_0_dpo_5/AMULeY8JMEs-Scene-0024/aug_entity_20.png
T2V_data/VIDGEN-1M_unzip/AMULeY8JMEs-Scene-0024.mp4,"The video shows a black jeep driving on a sandy terrain. The jeep is moving at a moderate speed and is kicking up sand behind it. The vehicle is equipped with a roof rack and a light bar on top. There are two people in the jeep, one in the driver's seat and the other in the passenger seat. The driver is wearing a black helmet and the passenger is wearing a red shirt. The background consists of sand dunes and sparse vegetation.",T2V_data/label/vidgen_filter_gemini_part_0_dpo_5/AMULeY8JMEs-Scene-0024/entity_20.mp4,T2V_data/label/vidgen_filter_gemini_part_0_dpo_5/AMULeY8JMEs-Scene-0024/aug_entity_20.png
T2V_data/VIDGEN-1M_unzip/Avk79OWant0-Scene-0012.mp4,"The video shows a yellow bulldozer in the process of removing a large tree from a yard. The tree is being lifted and moved by the bulldozer, which is positioned on the ground. The yard is scattered with debris, including pieces of wood and other materials. There is a man standing nearby, watching the process. The video is shot from an aerial perspective, providing a clear view of the entire scene. The bulldozer is the main focus of the video, with its powerful arm and bucket used to lift and move the tree. The man standing nearby is wearing a white shirt and dark pants, and he appears to be observing the process. The yard is surrounded by a fence, and there are trees and other vegetation visible in the background. The video is shot during the daytime, and the weather appears to be clear.",T2V_data/label/vidgen_filter_gemini_part_0_dpo_5/Avk79OWant0-Scene-0012/depth.mp4,T2V_data/label/vidgen_filter_gemini_part_0_dpo_5/Avk79OWant0-Scene-0012/aug_entity_40.png
T2V_data/VIDGEN-1M_unzip/Avk79OWant0-Scene-0012.mp4,"The video shows a yellow bulldozer in the process of removing a large tree from a yard. The tree is being lifted and moved by the bulldozer, which is positioned on the ground. The yard is scattered with debris, including pieces of wood and other materials. There is a man standing nearby, watching the process. The video is shot from an aerial perspective, providing a clear view of the entire scene. The bulldozer is the main focus of the video, with its powerful arm and bucket used to lift and move the tree. The man standing nearby is wearing a white shirt and dark pants, and he appears to be observing the process. The yard is surrounded by a fence, and there are trees and other vegetation visible in the background. The video is shot during the daytime, and the weather appears to be clear.",T2V_data/label/vidgen_filter_gemini_part_0_dpo_5/Avk79OWant0-Scene-0012/entity_40.mp4,T2V_data/label/vidgen_filter_gemini_part_0_dpo_5/Avk79OWant0-Scene-0012/aug_entity_40.png
T2V_data/VIDGEN-1M_unzip/BR-1UclKy1E-Scene-0017.mp4,"The video shows a man working on the underside of a car. He is using a wrench to tighten the bolts on the car's suspension system. The man is wearing a black shirt and is standing in a garage. The car is elevated on a lift, and the man is standing on the ground. The suspension system is red, and there are several other tools and equipment visible in the background. The man appears to be focused on his task, and the video provides a clear view of the suspension system and the man's actions.",T2V_data/label/vidgen_filter_gemini_part_0_dpo_5/BR-1UclKy1E-Scene-0017/depth.mp4,T2V_data/label/vidgen_filter_gemini_part_0_dpo_5/BR-1UclKy1E-Scene-0017/aug_entity_60.png
T2V_data/VIDGEN-1M_unzip/BR-1UclKy1E-Scene-0017.mp4,"The video shows a man working on the underside of a car. He is using a wrench to tighten the bolts on the car's suspension system. The man is wearing a black shirt and is standing in a garage. The car is elevated on a lift, and the man is standing on the ground. The suspension system is red, and there are several other tools and equipment visible in the background. The man appears to be focused on his task, and the video provides a clear view of the suspension system and the man's actions.",T2V_data/label/vidgen_filter_gemini_part_0_dpo_5/BR-1UclKy1E-Scene-0017/entity_60.mp4,T2V_data/label/vidgen_filter_gemini_part_0_dpo_5/BR-1UclKy1E-Scene-0017/aug_entity_60.png
T2V_data/VIDGEN-1M_unzip/BWMXyXibCxU-Scene-0009.mp4,"In the video, a person is seen applying a sticker to the cover of a laptop. The person's hands are visible, and they are wearing a ring on their left hand. The laptop is black, and the sticker is white with blue text. The person applies the sticker carefully, ensuring it is straight and free of air bubbles. Once the sticker is applied, the person presses down on it with their hand to smooth it out and remove any excess air. The laptop cover is then closed, and the person's hand is seen resting on top of it.",T2V_data/label/vidgen_filter_gemini_part_0_dpo_5/BWMXyXibCxU-Scene-0009/depth.mp4,T2V_data/label/vidgen_filter_gemini_part_0_dpo_5/BWMXyXibCxU-Scene-0009/aug_entity_40.png
T2V_data/VIDGEN-1M_unzip/BWMXyXibCxU-Scene-0009.mp4,"In the video, a person is seen applying a sticker to the cover of a laptop. The person's hands are visible, and they are wearing a ring on their left hand. The laptop is black, and the sticker is white with blue text. The person applies the sticker carefully, ensuring it is straight and free of air bubbles. Once the sticker is applied, the person presses down on it with their hand to smooth it out and remove any excess air. The laptop cover is then closed, and the person's hand is seen resting on top of it.",T2V_data/label/vidgen_filter_gemini_part_0_dpo_5/BWMXyXibCxU-Scene-0009/entity_40.mp4,T2V_data/label/vidgen_filter_gemini_part_0_dpo_5/BWMXyXibCxU-Scene-0009/aug_entity_40.png
T2V_data/VIDGEN-1M_unzip/BaO4fTVaTl4-Scene-0019.mp4,"The video shows a man in a gym, wearing a black t-shirt, grey shorts, and yellow shoes. He is performing squats with a barbell loaded with weights. The gym is equipped with various exercise machines and equipment. The man is wearing a weightlifting belt around his waist and has a red bag on the floor next to him. In the background, other gym-goers can be seen working out. The man completes his squats and stands up, wiping sweat from his face with his hand.",T2V_data/label/vidgen_filter_gemini_part_0_dpo_5/BaO4fTVaTl4-Scene-0019/depth.mp4,T2V_data/label/vidgen_filter_gemini_part_0_dpo_5/BaO4fTVaTl4-Scene-0019/aug_entity_20.png
T2V_data/VIDGEN-1M_unzip/BaO4fTVaTl4-Scene-0019.mp4,"The video shows a man in a gym, wearing a black t-shirt, grey shorts, and yellow shoes. He is performing squats with a barbell loaded with weights. The gym is equipped with various exercise machines and equipment. The man is wearing a weightlifting belt around his waist and has a red bag on the floor next to him. In the background, other gym-goers can be seen working out. The man completes his squats and stands up, wiping sweat from his face with his hand.",T2V_data/label/vidgen_filter_gemini_part_0_dpo_5/BaO4fTVaTl4-Scene-0019/entity_20.mp4,T2V_data/label/vidgen_filter_gemini_part_0_dpo_5/BaO4fTVaTl4-Scene-0019/aug_entity_20.png
T2V_data/VIDGEN-1M_unzip/BnfoNHmfRt8-Scene-0024.mp4,"The video shows a person using a circular saw to cut a piece of wood. The saw is placed on a table, and the person is holding the wood with one hand while guiding the saw with the other. The person's arm is visible, and they are wearing a black shirt. The saw is silver and yellow, and the wood is brown. The person is measuring the wood with a yellow measuring tape before cutting it.",T2V_data/label/vidgen_filter_gemini_part_0_dpo_5/BnfoNHmfRt8-Scene-0024/depth.mp4,T2V_data/label/vidgen_filter_gemini_part_0_dpo_5/BnfoNHmfRt8-Scene-0024/aug_entity_40.png
T2V_data/VIDGEN-1M_unzip/BnfoNHmfRt8-Scene-0024.mp4,"The video shows a person using a circular saw to cut a piece of wood. The saw is placed on a table, and the person is holding the wood with one hand while guiding the saw with the other. The person's arm is visible, and they are wearing a black shirt. The saw is silver and yellow, and the wood is brown. The person is measuring the wood with a yellow measuring tape before cutting it.",T2V_data/label/vidgen_filter_gemini_part_0_dpo_5/BnfoNHmfRt8-Scene-0024/entity_40.mp4,T2V_data/label/vidgen_filter_gemini_part_0_dpo_5/BnfoNHmfRt8-Scene-0024/aug_entity_40.png
T2V_data/VIDGEN-1M_unzip/BnfoNHmfRt8-Scene-0024.mp4,"The video shows a person using a circular saw to cut a piece of wood. The saw is placed on a table, and the person is holding the wood with one hand while guiding the saw with the other. The person's arm is visible, and they are wearing a black shirt. The saw is silver and yellow, and the wood is brown. The person is measuring the wood with a yellow measuring tape before cutting it.",T2V_data/label/vidgen_filter_gemini_part_0_dpo_5/BnfoNHmfRt8-Scene-0024/depth.mp4,T2V_data/label/vidgen_filter_gemini_part_0_dpo_5/BnfoNHmfRt8-Scene-0024/aug_entity_60.png
T2V_data/VIDGEN-1M_unzip/BnfoNHmfRt8-Scene-0024.mp4,"The video shows a person using a circular saw to cut a piece of wood. The saw is placed on a table, and the person is holding the wood with one hand while guiding the saw with the other. The person's arm is visible, and they are wearing a black shirt. The saw is silver and yellow, and the wood is brown. The person is measuring the wood with a yellow measuring tape before cutting it.",T2V_data/label/vidgen_filter_gemini_part_0_dpo_5/BnfoNHmfRt8-Scene-0024/entity_60.mp4,T2V_data/label/vidgen_filter_gemini_part_0_dpo_5/BnfoNHmfRt8-Scene-0024/aug_entity_60.png
T2V_data/VIDGEN-1M_unzip/BoxgeFRigq4-Scene-0065.mp4,"The video shows two toy ponies, one pink and one green, standing on a purple platform. The pink pony is being moved around by a hand with blue glittery nail polish. The background is a green surface with colorful plates.",T2V_data/label/vidgen_filter_gemini_part_0_dpo_5/BoxgeFRigq4-Scene-0065/depth.mp4,T2V_data/label/vidgen_filter_gemini_part_0_dpo_5/BoxgeFRigq4-Scene-0065/aug_entity_20.png
T2V_data/VIDGEN-1M_unzip/BoxgeFRigq4-Scene-0065.mp4,"The video shows two toy ponies, one pink and one green, standing on a purple platform. The pink pony is being moved around by a hand with blue glittery nail polish. The background is a green surface with colorful plates.",T2V_data/label/vidgen_filter_gemini_part_0_dpo_5/BoxgeFRigq4-Scene-0065/entity_20.mp4,T2V_data/label/vidgen_filter_gemini_part_0_dpo_5/BoxgeFRigq4-Scene-0065/aug_entity_20.png
T2V_data/VIDGEN-1M_unzip/C1WuiO8SngM-Scene-0082.mp4,"The video shows a cat lying on a carpeted floor, playing with a string toy. The cat is white with black spots and is wearing a collar. It is batting at the toy with its paws and biting it with its mouth. The toy is attached to a string that is being pulled by someone off-camera. The cat seems to be enjoying the game, as it is actively engaging with the toy and following it with its eyes. The background is blurred, but it appears to be a living room with furniture.",T2V_data/label/vidgen_filter_gemini_part_0_dpo_5/C1WuiO8SngM-Scene-0082/depth.mp4,T2V_data/label/vidgen_filter_gemini_part_0_dpo_5/C1WuiO8SngM-Scene-0082/aug_entity_20.png
T2V_data/VIDGEN-1M_unzip/C1WuiO8SngM-Scene-0082.mp4,"The video shows a cat lying on a carpeted floor, playing with a string toy. The cat is white with black spots and is wearing a collar. It is batting at the toy with its paws and biting it with its mouth. The toy is attached to a string that is being pulled by someone off-camera. The cat seems to be enjoying the game, as it is actively engaging with the toy and following it with its eyes. The background is blurred, but it appears to be a living room with furniture.",T2V_data/label/vidgen_filter_gemini_part_0_dpo_5/C1WuiO8SngM-Scene-0082/entity_20.mp4,T2V_data/label/vidgen_filter_gemini_part_0_dpo_5/C1WuiO8SngM-Scene-0082/aug_entity_20.png
T2V_data/VIDGEN-1M_unzip/C85iUl-udGg-Scene-0067.mp4,"In the video, a person is seen stirring a pot of soup with a blue spoon. The soup appears to be thick and creamy, with chunks of meat and vegetables visible in it. The person stirs the soup in a circular motion, ensuring that all the ingredients are well-blended and cooked evenly. The pot is placed on a stove, and the person continues to stir the soup until it reaches the desired consistency. The steam rising from the pot indicates that the soup is hot and cooking. The person's movements are smooth and deliberate, suggesting that they are experienced in cooking. The video provides a close-up view of the soup, allowing the viewer to see the texture and ingredients clearly.",T2V_data/label/vidgen_filter_gemini_part_0_dpo_5/C85iUl-udGg-Scene-0067/depth.mp4,T2V_data/label/vidgen_filter_gemini_part_0_dpo_5/C85iUl-udGg-Scene-0067/aug_entity_20.png
T2V_data/VIDGEN-1M_unzip/C85iUl-udGg-Scene-0067.mp4,"In the video, a person is seen stirring a pot of soup with a blue spoon. The soup appears to be thick and creamy, with chunks of meat and vegetables visible in it. The person stirs the soup in a circular motion, ensuring that all the ingredients are well-blended and cooked evenly. The pot is placed on a stove, and the person continues to stir the soup until it reaches the desired consistency. The steam rising from the pot indicates that the soup is hot and cooking. The person's movements are smooth and deliberate, suggesting that they are experienced in cooking. The video provides a close-up view of the soup, allowing the viewer to see the texture and ingredients clearly.",T2V_data/label/vidgen_filter_gemini_part_0_dpo_5/C85iUl-udGg-Scene-0067/entity_20.mp4,T2V_data/label/vidgen_filter_gemini_part_0_dpo_5/C85iUl-udGg-Scene-0067/aug_entity_20.png
T2V_data/VIDGEN-1M_unzip/C8oaQFUdAqo-Scene-0013.mp4,"The video shows a close-up of a metal object being heated by a torch. The metal object is placed on a metal stand, and the torch is being held by a person who is not visible in the frame. The metal object is glowing red hot as the torch is applied to it, indicating that it is being heated to a high temperature. The flames from the torch are bright orange and yellow, and the metal object is being heated evenly on all sides. The background is dark, focusing the viewer's attention on the heating process.",T2V_data/label/vidgen_filter_gemini_part_0_dpo_5/C8oaQFUdAqo-Scene-0013/depth.mp4,T2V_data/label/vidgen_filter_gemini_part_0_dpo_5/C8oaQFUdAqo-Scene-0013/aug_entity_20.png
T2V_data/VIDGEN-1M_unzip/C8oaQFUdAqo-Scene-0013.mp4,"The video shows a close-up of a metal object being heated by a torch. The metal object is placed on a metal stand, and the torch is being held by a person who is not visible in the frame. The metal object is glowing red hot as the torch is applied to it, indicating that it is being heated to a high temperature. The flames from the torch are bright orange and yellow, and the metal object is being heated evenly on all sides. The background is dark, focusing the viewer's attention on the heating process.",T2V_data/label/vidgen_filter_gemini_part_0_dpo_5/C8oaQFUdAqo-Scene-0013/entity_20.mp4,T2V_data/label/vidgen_filter_gemini_part_0_dpo_5/C8oaQFUdAqo-Scene-0013/aug_entity_20.png
T2V_data/VIDGEN-1M_unzip/CF9iWebuOvc-Scene-0004.mp4,"The video shows a tennis player in a yellow shirt and black shorts, holding a tennis racket and hitting a tennis ball. The player is on a tennis court, and there is a large Kia logo visible in the background. The player is shown from different angles, including a side view and a back view. The video also includes a news ticker at the bottom of the screen, which reads ""AUSTRALIAN OPEN Tsonga Beats Shapovalov 3-6, 6-3, 6-3, 1-6, 7-5.""",T2V_data/label/vidgen_filter_gemini_part_0_dpo_5/CF9iWebuOvc-Scene-0004/depth.mp4,T2V_data/label/vidgen_filter_gemini_part_0_dpo_5/CF9iWebuOvc-Scene-0004/aug_entity_80.png
T2V_data/VIDGEN-1M_unzip/CF9iWebuOvc-Scene-0004.mp4,"The video shows a tennis player in a yellow shirt and black shorts, holding a tennis racket and hitting a tennis ball. The player is on a tennis court, and there is a large Kia logo visible in the background. The player is shown from different angles, including a side view and a back view. The video also includes a news ticker at the bottom of the screen, which reads ""AUSTRALIAN OPEN Tsonga Beats Shapovalov 3-6, 6-3, 6-3, 1-6, 7-5.""",T2V_data/label/vidgen_filter_gemini_part_0_dpo_5/CF9iWebuOvc-Scene-0004/entity_80.mp4,T2V_data/label/vidgen_filter_gemini_part_0_dpo_5/CF9iWebuOvc-Scene-0004/aug_entity_80.png
T2V_data/VIDGEN-1M_unzip/CIWxpH9Qz0Q-Scene-0606.mp4,The video shows a man riding a horse in a field. The man is wearing a blue cap and a green shirt. The horse is white and has a red rope tied around its head. The man is holding the rope and appears to be controlling the horse. The field is green and there are trees in the background. The sky is cloudy.,T2V_data/label/vidgen_filter_gemini_part_0_dpo_5/CIWxpH9Qz0Q-Scene-0606/depth.mp4,T2V_data/label/vidgen_filter_gemini_part_0_dpo_5/CIWxpH9Qz0Q-Scene-0606/aug_entity_20.png
T2V_data/VIDGEN-1M_unzip/CIWxpH9Qz0Q-Scene-0606.mp4,The video shows a man riding a horse in a field. The man is wearing a blue cap and a green shirt. The horse is white and has a red rope tied around its head. The man is holding the rope and appears to be controlling the horse. The field is green and there are trees in the background. The sky is cloudy.,T2V_data/label/vidgen_filter_gemini_part_0_dpo_5/CIWxpH9Qz0Q-Scene-0606/entity_20.mp4,T2V_data/label/vidgen_filter_gemini_part_0_dpo_5/CIWxpH9Qz0Q-Scene-0606/aug_entity_20.png
T2V_data/VIDGEN-1M_unzip/CLKI23eHmlk-Scene-0050.mp4,"In the video, a man is seen lifting a barbell. He is wearing a blue shirt and black shorts. The barbell is loaded with weights on both ends. The man is standing in front of a crowd of people who are watching him. He appears to be exerting a lot of effort to lift the barbell. The crowd is cheering him on. The man successfully lifts the barbell over his head and then drops it to the ground. The people in the crowd applaud him for his strength and effort. The man appears to be happy with his performance.",T2V_data/label/vidgen_filter_gemini_part_0_dpo_5/CLKI23eHmlk-Scene-0050/depth.mp4,T2V_data/label/vidgen_filter_gemini_part_0_dpo_5/CLKI23eHmlk-Scene-0050/aug_entity_20.png
T2V_data/VIDGEN-1M_unzip/CLKI23eHmlk-Scene-0050.mp4,"In the video, a man is seen lifting a barbell. He is wearing a blue shirt and black shorts. The barbell is loaded with weights on both ends. The man is standing in front of a crowd of people who are watching him. He appears to be exerting a lot of effort to lift the barbell. The crowd is cheering him on. The man successfully lifts the barbell over his head and then drops it to the ground. The people in the crowd applaud him for his strength and effort. The man appears to be happy with his performance.",T2V_data/label/vidgen_filter_gemini_part_0_dpo_5/CLKI23eHmlk-Scene-0050/entity_20.mp4,T2V_data/label/vidgen_filter_gemini_part_0_dpo_5/CLKI23eHmlk-Scene-0050/aug_entity_20.png
T2V_data/VIDGEN-1M_unzip/CLKI23eHmlk-Scene-0050.mp4,"In the video, a man is seen lifting a barbell. He is wearing a blue shirt and black shorts. The barbell is loaded with weights on both ends. The man is standing in front of a crowd of people who are watching him. He appears to be exerting a lot of effort to lift the barbell. The crowd is cheering him on. The man successfully lifts the barbell over his head and then drops it to the ground. The people in the crowd applaud him for his strength and effort. The man appears to be happy with his performance.",T2V_data/label/vidgen_filter_gemini_part_0_dpo_5/CLKI23eHmlk-Scene-0050/depth.mp4,T2V_data/label/vidgen_filter_gemini_part_0_dpo_5/CLKI23eHmlk-Scene-0050/aug_entity_40.png
T2V_data/VIDGEN-1M_unzip/CLKI23eHmlk-Scene-0050.mp4,"In the video, a man is seen lifting a barbell. He is wearing a blue shirt and black shorts. The barbell is loaded with weights on both ends. The man is standing in front of a crowd of people who are watching him. He appears to be exerting a lot of effort to lift the barbell. The crowd is cheering him on. The man successfully lifts the barbell over his head and then drops it to the ground. The people in the crowd applaud him for his strength and effort. The man appears to be happy with his performance.",T2V_data/label/vidgen_filter_gemini_part_0_dpo_5/CLKI23eHmlk-Scene-0050/entity_40.mp4,T2V_data/label/vidgen_filter_gemini_part_0_dpo_5/CLKI23eHmlk-Scene-0050/aug_entity_40.png
T2V_data/VIDGEN-1M_unzip/CkAp7hi1FkM-Scene-0043.mp4,"In the video, a man is standing in a kitchen and cutting up a head of cauliflower. He is using a knife to chop the cauliflower into small pieces. The man is wearing a black apron with the words ""Vegan Cooking"" written on it. The kitchen has a wooden cutting board on the counter, and there is a piece of paper next to it. The man is focused on cutting the cauliflower, and there is no one else in the kitchen.",T2V_data/label/vidgen_filter_gemini_part_0_dpo_5/CkAp7hi1FkM-Scene-0043/depth.mp4,T2V_data/label/vidgen_filter_gemini_part_0_dpo_5/CkAp7hi1FkM-Scene-0043/aug_entity_20.png
T2V_data/VIDGEN-1M_unzip/CkAp7hi1FkM-Scene-0043.mp4,"In the video, a man is standing in a kitchen and cutting up a head of cauliflower. He is using a knife to chop the cauliflower into small pieces. The man is wearing a black apron with the words ""Vegan Cooking"" written on it. The kitchen has a wooden cutting board on the counter, and there is a piece of paper next to it. The man is focused on cutting the cauliflower, and there is no one else in the kitchen.",T2V_data/label/vidgen_filter_gemini_part_0_dpo_5/CkAp7hi1FkM-Scene-0043/entity_20.mp4,T2V_data/label/vidgen_filter_gemini_part_0_dpo_5/CkAp7hi1FkM-Scene-0043/aug_entity_20.png
T2V_data/VIDGEN-1M_unzip/CkAp7hi1FkM-Scene-0043.mp4,"In the video, a man is standing in a kitchen and cutting up a head of cauliflower. He is using a knife to chop the cauliflower into small pieces. The man is wearing a black apron with the words ""Vegan Cooking"" written on it. The kitchen has a wooden cutting board on the counter, and there is a piece of paper next to it. The man is focused on cutting the cauliflower, and there is no one else in the kitchen.",T2V_data/label/vidgen_filter_gemini_part_0_dpo_5/CkAp7hi1FkM-Scene-0043/depth.mp4,T2V_data/label/vidgen_filter_gemini_part_0_dpo_5/CkAp7hi1FkM-Scene-0043/aug_entity_60.png
T2V_data/VIDGEN-1M_unzip/CkAp7hi1FkM-Scene-0043.mp4,"In the video, a man is standing in a kitchen and cutting up a head of cauliflower. He is using a knife to chop the cauliflower into small pieces. The man is wearing a black apron with the words ""Vegan Cooking"" written on it. The kitchen has a wooden cutting board on the counter, and there is a piece of paper next to it. The man is focused on cutting the cauliflower, and there is no one else in the kitchen.",T2V_data/label/vidgen_filter_gemini_part_0_dpo_5/CkAp7hi1FkM-Scene-0043/entity_60.mp4,T2V_data/label/vidgen_filter_gemini_part_0_dpo_5/CkAp7hi1FkM-Scene-0043/aug_entity_60.png
T2V_data/VIDGEN-1M_unzip/CkAp7hi1FkM-Scene-0043.mp4,"In the video, a man is standing in a kitchen and cutting up a head of cauliflower. He is using a knife to chop the cauliflower into small pieces. The man is wearing a black apron with the words ""Vegan Cooking"" written on it. The kitchen has a wooden cutting board on the counter, and there is a piece of paper next to it. The man is focused on cutting the cauliflower, and there is no one else in the kitchen.",T2V_data/label/vidgen_filter_gemini_part_0_dpo_5/CkAp7hi1FkM-Scene-0043/depth.mp4,T2V_data/label/vidgen_filter_gemini_part_0_dpo_5/CkAp7hi1FkM-Scene-0043/aug_entity_80.png
T2V_data/VIDGEN-1M_unzip/CkAp7hi1FkM-Scene-0043.mp4,"In the video, a man is standing in a kitchen and cutting up a head of cauliflower. He is using a knife to chop the cauliflower into small pieces. The man is wearing a black apron with the words ""Vegan Cooking"" written on it. The kitchen has a wooden cutting board on the counter, and there is a piece of paper next to it. The man is focused on cutting the cauliflower, and there is no one else in the kitchen.",T2V_data/label/vidgen_filter_gemini_part_0_dpo_5/CkAp7hi1FkM-Scene-0043/entity_80.mp4,T2V_data/label/vidgen_filter_gemini_part_0_dpo_5/CkAp7hi1FkM-Scene-0043/aug_entity_80.png
T2V_data/VIDGEN-1M_unzip/D1iPHoSHbck-Scene-0080.mp4,"In the video, a man is standing in a kitchen and talking to the camera. He is wearing a blue shirt and has a bag of bread in his hand. He is holding the bag over a counter and is squeezing the bag to get the bread out. The counter has several slices of bread on it. The man is speaking and appears to be demonstrating how to get the bread out of the bag. The kitchen has a window in the background and there is a lot of natural light coming in.",T2V_data/label/vidgen_filter_gemini_part_0_dpo_5/D1iPHoSHbck-Scene-0080/depth.mp4,T2V_data/label/vidgen_filter_gemini_part_0_dpo_5/D1iPHoSHbck-Scene-0080/aug_entity_20.png
T2V_data/VIDGEN-1M_unzip/D1iPHoSHbck-Scene-0080.mp4,"In the video, a man is standing in a kitchen and talking to the camera. He is wearing a blue shirt and has a bag of bread in his hand. He is holding the bag over a counter and is squeezing the bag to get the bread out. The counter has several slices of bread on it. The man is speaking and appears to be demonstrating how to get the bread out of the bag. The kitchen has a window in the background and there is a lot of natural light coming in.",T2V_data/label/vidgen_filter_gemini_part_0_dpo_5/D1iPHoSHbck-Scene-0080/entity_20.mp4,T2V_data/label/vidgen_filter_gemini_part_0_dpo_5/D1iPHoSHbck-Scene-0080/aug_entity_20.png
T2V_data/VIDGEN-1M_unzip/D6NDDnQU2Q4-Scene-0021.mp4,"A person is shown sanding down a wooden cabinet door. The person is wearing black gloves and is using a white cloth to sand the door. The cabinet door is brown and is placed on a plastic sheet. The person is moving the cloth back and forth over the surface of the door, sanding it down.",T2V_data/label/vidgen_filter_gemini_part_0_dpo_5/D6NDDnQU2Q4-Scene-0021/depth.mp4,T2V_data/label/vidgen_filter_gemini_part_0_dpo_5/D6NDDnQU2Q4-Scene-0021/aug_entity_40.png
T2V_data/VIDGEN-1M_unzip/D6NDDnQU2Q4-Scene-0021.mp4,"A person is shown sanding down a wooden cabinet door. The person is wearing black gloves and is using a white cloth to sand the door. The cabinet door is brown and is placed on a plastic sheet. The person is moving the cloth back and forth over the surface of the door, sanding it down.",T2V_data/label/vidgen_filter_gemini_part_0_dpo_5/D6NDDnQU2Q4-Scene-0021/entity_40.mp4,T2V_data/label/vidgen_filter_gemini_part_0_dpo_5/D6NDDnQU2Q4-Scene-0021/aug_entity_40.png
T2V_data/VIDGEN-1M_unzip/DC76uISkhyw-Scene-0004.mp4,"The video shows a person's hands holding a silver can of spray paint and a yellow sponge. The person is demonstrating how to use the spray paint by spraying it onto the sponge. The background is white, and the person is wearing a black long-sleeved shirt. The spray paint can has black text on it, and the sponge is rectangular with a rough texture.",T2V_data/label/vidgen_filter_gemini_part_0_dpo_5/DC76uISkhyw-Scene-0004/depth.mp4,T2V_data/label/vidgen_filter_gemini_part_0_dpo_5/DC76uISkhyw-Scene-0004/aug_entity_20.png
T2V_data/VIDGEN-1M_unzip/DC76uISkhyw-Scene-0004.mp4,"The video shows a person's hands holding a silver can of spray paint and a yellow sponge. The person is demonstrating how to use the spray paint by spraying it onto the sponge. The background is white, and the person is wearing a black long-sleeved shirt. The spray paint can has black text on it, and the sponge is rectangular with a rough texture.",T2V_data/label/vidgen_filter_gemini_part_0_dpo_5/DC76uISkhyw-Scene-0004/entity_20.mp4,T2V_data/label/vidgen_filter_gemini_part_0_dpo_5/DC76uISkhyw-Scene-0004/aug_entity_20.png
T2V_data/VIDGEN-1M_unzip/DC76uISkhyw-Scene-0004.mp4,"The video shows a person's hands holding a silver can of spray paint and a yellow sponge. The person is demonstrating how to use the spray paint by spraying it onto the sponge. The background is white, and the person is wearing a black long-sleeved shirt. The spray paint can has black text on it, and the sponge is rectangular with a rough texture.",T2V_data/label/vidgen_filter_gemini_part_0_dpo_5/DC76uISkhyw-Scene-0004/depth.mp4,T2V_data/label/vidgen_filter_gemini_part_0_dpo_5/DC76uISkhyw-Scene-0004/aug_entity_40.png
T2V_data/VIDGEN-1M_unzip/DC76uISkhyw-Scene-0004.mp4,"The video shows a person's hands holding a silver can of spray paint and a yellow sponge. The person is demonstrating how to use the spray paint by spraying it onto the sponge. The background is white, and the person is wearing a black long-sleeved shirt. The spray paint can has black text on it, and the sponge is rectangular with a rough texture.",T2V_data/label/vidgen_filter_gemini_part_0_dpo_5/DC76uISkhyw-Scene-0004/entity_40.mp4,T2V_data/label/vidgen_filter_gemini_part_0_dpo_5/DC76uISkhyw-Scene-0004/aug_entity_40.png
T2V_data/VIDGEN-1M_unzip/DDULeH-7k28-Scene-0043.mp4,The video shows a woman and a man bungee jumping off a bridge. The woman is wearing a red jacket and the man is wearing a black jacket. They are both smiling and appear to be enjoying the experience. The background shows a river flowing below the bridge and a rocky cliff face. The sky is clear and blue.,T2V_data/label/vidgen_filter_gemini_part_0_dpo_5/DDULeH-7k28-Scene-0043/depth.mp4,T2V_data/label/vidgen_filter_gemini_part_0_dpo_5/DDULeH-7k28-Scene-0043/aug_entity_40.png
T2V_data/VIDGEN-1M_unzip/DDULeH-7k28-Scene-0043.mp4,The video shows a woman and a man bungee jumping off a bridge. The woman is wearing a red jacket and the man is wearing a black jacket. They are both smiling and appear to be enjoying the experience. The background shows a river flowing below the bridge and a rocky cliff face. The sky is clear and blue.,T2V_data/label/vidgen_filter_gemini_part_0_dpo_5/DDULeH-7k28-Scene-0043/entity_40.mp4,T2V_data/label/vidgen_filter_gemini_part_0_dpo_5/DDULeH-7k28-Scene-0043/aug_entity_40.png
T2V_data/VIDGEN-1M_unzip/DZ0wV9TRKVs-Scene-0010.mp4,"The video shows a close-up of a fishing reel. The reel is black and has a red spool of fishing line. The person holding the reel is wearing a black glove. The reel is being held in the person's left hand, and the right hand is holding the handle of the reel. The person is slowly turning the handle, winding the fishing line onto the spool. The background is blurred, but it appears to be an outdoor setting.",T2V_data/label/vidgen_filter_gemini_part_0_dpo_5/DZ0wV9TRKVs-Scene-0010/depth.mp4,T2V_data/label/vidgen_filter_gemini_part_0_dpo_5/DZ0wV9TRKVs-Scene-0010/aug_entity_60.png
T2V_data/VIDGEN-1M_unzip/DZ0wV9TRKVs-Scene-0010.mp4,"The video shows a close-up of a fishing reel. The reel is black and has a red spool of fishing line. The person holding the reel is wearing a black glove. The reel is being held in the person's left hand, and the right hand is holding the handle of the reel. The person is slowly turning the handle, winding the fishing line onto the spool. The background is blurred, but it appears to be an outdoor setting.",T2V_data/label/vidgen_filter_gemini_part_0_dpo_5/DZ0wV9TRKVs-Scene-0010/entity_60.mp4,T2V_data/label/vidgen_filter_gemini_part_0_dpo_5/DZ0wV9TRKVs-Scene-0010/aug_entity_60.png
T2V_data/VIDGEN-1M_unzip/DzKtBgmUpFA-Scene-0001.mp4,"The video shows a scuba diver swimming underwater and encountering a whale shark. The diver is wearing a black wetsuit, flippers, and a yellow oxygen tank. The whale shark is large and spotted, with a long tail and a wide mouth. The water is a deep blue color, and the light from the surface creates a shimmering effect. The whale shark swims gracefully around the diver, who appears to be in awe of the encounter.",T2V_data/label/vidgen_filter_gemini_part_0_dpo_5/DzKtBgmUpFA-Scene-0001/depth.mp4,T2V_data/label/vidgen_filter_gemini_part_0_dpo_5/DzKtBgmUpFA-Scene-0001/aug_entity_20.png
T2V_data/VIDGEN-1M_unzip/DzKtBgmUpFA-Scene-0001.mp4,"The video shows a scuba diver swimming underwater and encountering a whale shark. The diver is wearing a black wetsuit, flippers, and a yellow oxygen tank. The whale shark is large and spotted, with a long tail and a wide mouth. The water is a deep blue color, and the light from the surface creates a shimmering effect. The whale shark swims gracefully around the diver, who appears to be in awe of the encounter.",T2V_data/label/vidgen_filter_gemini_part_0_dpo_5/DzKtBgmUpFA-Scene-0001/entity_20.mp4,T2V_data/label/vidgen_filter_gemini_part_0_dpo_5/DzKtBgmUpFA-Scene-0001/aug_entity_20.png
T2V_data/VIDGEN-1M_unzip/EHQ2Kbsz7EI-Scene-0070.mp4,The video shows a person using a heat gun to apply heat to a phone screen. The person is using a clear plastic screen protector to cover the screen of the phone. The heat gun is being used to smooth out the protector and ensure it adheres properly to the screen. The person's hand is visible as they hold the protector and the heat gun. The background is a plain white surface.,T2V_data/label/vidgen_filter_gemini_part_0_dpo_5/EHQ2Kbsz7EI-Scene-0070/depth.mp4,T2V_data/label/vidgen_filter_gemini_part_0_dpo_5/EHQ2Kbsz7EI-Scene-0070/aug_entity_80.png
T2V_data/VIDGEN-1M_unzip/EHQ2Kbsz7EI-Scene-0070.mp4,The video shows a person using a heat gun to apply heat to a phone screen. The person is using a clear plastic screen protector to cover the screen of the phone. The heat gun is being used to smooth out the protector and ensure it adheres properly to the screen. The person's hand is visible as they hold the protector and the heat gun. The background is a plain white surface.,T2V_data/label/vidgen_filter_gemini_part_0_dpo_5/EHQ2Kbsz7EI-Scene-0070/entity_80.mp4,T2V_data/label/vidgen_filter_gemini_part_0_dpo_5/EHQ2Kbsz7EI-Scene-0070/aug_entity_80.png
T2V_data/VIDGEN-1M_unzip/EkT5y-2ie94-Scene-0016.mp4,"In the video, a man is seen working on a lathe. He is wearing a red apron and is using a tool to shape a piece of wood. The man is focused on his work and is carefully shaping the wood. The lathe is spinning, and the man is using his tool to carve the wood into a specific shape. The video is shot in a workshop setting, and the man appears to be skilled in his craft. The wood is a light brown color, and the man's tool is silver. The lathe is black and appears to be well-maintained. The man's movements are precise and deliberate, indicating that he is experienced in his work.",T2V_data/label/vidgen_filter_gemini_part_0_dpo_5/EkT5y-2ie94-Scene-0016/depth.mp4,T2V_data/label/vidgen_filter_gemini_part_0_dpo_5/EkT5y-2ie94-Scene-0016/aug_entity_60.png
T2V_data/VIDGEN-1M_unzip/EkT5y-2ie94-Scene-0016.mp4,"In the video, a man is seen working on a lathe. He is wearing a red apron and is using a tool to shape a piece of wood. The man is focused on his work and is carefully shaping the wood. The lathe is spinning, and the man is using his tool to carve the wood into a specific shape. The video is shot in a workshop setting, and the man appears to be skilled in his craft. The wood is a light brown color, and the man's tool is silver. The lathe is black and appears to be well-maintained. The man's movements are precise and deliberate, indicating that he is experienced in his work.",T2V_data/label/vidgen_filter_gemini_part_0_dpo_5/EkT5y-2ie94-Scene-0016/entity_60.mp4,T2V_data/label/vidgen_filter_gemini_part_0_dpo_5/EkT5y-2ie94-Scene-0016/aug_entity_60.png
T2V_data/VIDGEN-1M_unzip/EuUIYNZXZMg-Scene-0112.mp4,"The video shows a group of men working together to move a large metal frame. They are in a warehouse with shelves of supplies in the background. The men are wearing casual clothing and gloves, and they are using teamwork to lift and move the heavy object. The metal frame is long and appears to be made of steel or a similar material. The men are carefully coordinating their movements to ensure that the frame is not damaged or dropped. The warehouse is well-lit, and the floor is concrete. There are no visible titles or subtitles in the video.",T2V_data/label/vidgen_filter_gemini_part_0_dpo_5/EuUIYNZXZMg-Scene-0112/depth.mp4,T2V_data/label/vidgen_filter_gemini_part_0_dpo_5/EuUIYNZXZMg-Scene-0112/aug_entity_40.png
T2V_data/VIDGEN-1M_unzip/EuUIYNZXZMg-Scene-0112.mp4,"The video shows a group of men working together to move a large metal frame. They are in a warehouse with shelves of supplies in the background. The men are wearing casual clothing and gloves, and they are using teamwork to lift and move the heavy object. The metal frame is long and appears to be made of steel or a similar material. The men are carefully coordinating their movements to ensure that the frame is not damaged or dropped. The warehouse is well-lit, and the floor is concrete. There are no visible titles or subtitles in the video.",T2V_data/label/vidgen_filter_gemini_part_0_dpo_5/EuUIYNZXZMg-Scene-0112/entity_40.mp4,T2V_data/label/vidgen_filter_gemini_part_0_dpo_5/EuUIYNZXZMg-Scene-0112/aug_entity_40.png
T2V_data/VIDGEN-1M_unzip/F0YZ0rYOnds-Scene-0003.mp4,"The video shows a person's hands holding a pink bar of soap and using a metal tool to carve a rose design into it. The person's nails are painted pink, and the soap has a textured surface. The metal tool is used to carve out petals and leaves of the rose design.",T2V_data/label/vidgen_filter_gemini_part_0_dpo_5/F0YZ0rYOnds-Scene-0003/depth.mp4,T2V_data/label/vidgen_filter_gemini_part_0_dpo_5/F0YZ0rYOnds-Scene-0003/aug_entity_40.png
T2V_data/VIDGEN-1M_unzip/F0YZ0rYOnds-Scene-0003.mp4,"The video shows a person's hands holding a pink bar of soap and using a metal tool to carve a rose design into it. The person's nails are painted pink, and the soap has a textured surface. The metal tool is used to carve out petals and leaves of the rose design.",T2V_data/label/vidgen_filter_gemini_part_0_dpo_5/F0YZ0rYOnds-Scene-0003/entity_40.mp4,T2V_data/label/vidgen_filter_gemini_part_0_dpo_5/F0YZ0rYOnds-Scene-0003/aug_entity_40.png
T2V_data/VIDGEN-1M_unzip/FA6R7HHYzAM-Scene-0015.mp4,"The video features a man in a red shirt and black shorts performing push-ups on a mat. He starts in a plank position and then lowers his body towards the mat, pushing back up to the starting position. The man repeats this motion several times. The background is a white garage door. The video also includes text overlays that read ""TRADITIONAL"" and ""MODERN"" to indicate the different push-up variations being demonstrated.",T2V_data/label/vidgen_filter_gemini_part_0_dpo_5/FA6R7HHYzAM-Scene-0015/depth.mp4,T2V_data/label/vidgen_filter_gemini_part_0_dpo_5/FA6R7HHYzAM-Scene-0015/aug_entity_20.png
T2V_data/VIDGEN-1M_unzip/FA6R7HHYzAM-Scene-0015.mp4,"The video features a man in a red shirt and black shorts performing push-ups on a mat. He starts in a plank position and then lowers his body towards the mat, pushing back up to the starting position. The man repeats this motion several times. The background is a white garage door. The video also includes text overlays that read ""TRADITIONAL"" and ""MODERN"" to indicate the different push-up variations being demonstrated.",T2V_data/label/vidgen_filter_gemini_part_0_dpo_5/FA6R7HHYzAM-Scene-0015/entity_20.mp4,T2V_data/label/vidgen_filter_gemini_part_0_dpo_5/FA6R7HHYzAM-Scene-0015/aug_entity_20.png
T2V_data/VIDGEN-1M_unzip/FAeb7PQEo0I-Scene-0065.mp4,"The video shows a basketball game in progress. One player is holding the ball and is about to make a move. The other player is trying to block him. The crowd is cheering in the background. The players are wearing their respective team uniforms. The video is shot from the sidelines, giving a clear view of the action.",T2V_data/label/vidgen_filter_gemini_part_0_dpo_5/FAeb7PQEo0I-Scene-0065/depth.mp4,T2V_data/label/vidgen_filter_gemini_part_0_dpo_5/FAeb7PQEo0I-Scene-0065/aug_entity_40.png
T2V_data/VIDGEN-1M_unzip/FAeb7PQEo0I-Scene-0065.mp4,"The video shows a basketball game in progress. One player is holding the ball and is about to make a move. The other player is trying to block him. The crowd is cheering in the background. The players are wearing their respective team uniforms. The video is shot from the sidelines, giving a clear view of the action.",T2V_data/label/vidgen_filter_gemini_part_0_dpo_5/FAeb7PQEo0I-Scene-0065/entity_40.mp4,T2V_data/label/vidgen_filter_gemini_part_0_dpo_5/FAeb7PQEo0I-Scene-0065/aug_entity_40.png
T2V_data/VIDGEN-1M_unzip/FFk-2VZWelA-Scene-0158.mp4,"In the video, a man is seen climbing a rocky cliff using a rope. He is wearing a black jacket and brown pants, and has a harness on. The cliff is covered in green vegetation, and the man is using his hands and feet to find a foothold. The rope is attached to a harness around his waist, and he is slowly making his way up the cliff. The man appears to be experienced in climbing, as he moves with confidence and determination. The video captures the man's ascent from different angles, showcasing the challenging nature of the climb. The sound of the wind and the man's breathing can be heard in the background, adding to the overall atmosphere of the video.",T2V_data/label/vidgen_filter_gemini_part_0_dpo_5/FFk-2VZWelA-Scene-0158/depth.mp4,T2V_data/label/vidgen_filter_gemini_part_0_dpo_5/FFk-2VZWelA-Scene-0158/aug_entity_60.png
T2V_data/VIDGEN-1M_unzip/FFk-2VZWelA-Scene-0158.mp4,"In the video, a man is seen climbing a rocky cliff using a rope. He is wearing a black jacket and brown pants, and has a harness on. The cliff is covered in green vegetation, and the man is using his hands and feet to find a foothold. The rope is attached to a harness around his waist, and he is slowly making his way up the cliff. The man appears to be experienced in climbing, as he moves with confidence and determination. The video captures the man's ascent from different angles, showcasing the challenging nature of the climb. The sound of the wind and the man's breathing can be heard in the background, adding to the overall atmosphere of the video.",T2V_data/label/vidgen_filter_gemini_part_0_dpo_5/FFk-2VZWelA-Scene-0158/entity_60.mp4,T2V_data/label/vidgen_filter_gemini_part_0_dpo_5/FFk-2VZWelA-Scene-0158/aug_entity_60.png
T2V_data/VIDGEN-1M_unzip/FOmxbKL8cJ0-Scene-0005.mp4,"The video shows a large ship sailing on the ocean. The ship is moving through the water, and the waves are crashing against the side of the ship. The ship appears to be a large, old-fashioned sailing vessel with multiple sails. The ocean is a deep blue color, and the waves are white and frothy. The sky is not visible in the video.",T2V_data/label/vidgen_filter_gemini_part_0_dpo_5/FOmxbKL8cJ0-Scene-0005/depth.mp4,T2V_data/label/vidgen_filter_gemini_part_0_dpo_5/FOmxbKL8cJ0-Scene-0005/aug_entity_40.png
T2V_data/VIDGEN-1M_unzip/FOmxbKL8cJ0-Scene-0005.mp4,"The video shows a large ship sailing on the ocean. The ship is moving through the water, and the waves are crashing against the side of the ship. The ship appears to be a large, old-fashioned sailing vessel with multiple sails. The ocean is a deep blue color, and the waves are white and frothy. The sky is not visible in the video.",T2V_data/label/vidgen_filter_gemini_part_0_dpo_5/FOmxbKL8cJ0-Scene-0005/entity_40.mp4,T2V_data/label/vidgen_filter_gemini_part_0_dpo_5/FOmxbKL8cJ0-Scene-0005/aug_entity_40.png
T2V_data/VIDGEN-1M_unzip/FYe5EcVe3bQ-Scene-0023.mp4,"In the video, a person is seen chopping an avocado on a white cutting board. The avocado is being cut into small pieces using a large knife. The person's hands are visible, and they are wearing a black shirt. The background is not clearly visible, but it appears to be a kitchen setting. The avocado pieces are scattered on the cutting board, and some of them are being moved around with the knife. The video is shot from a close-up angle, focusing on the person's hands and the avocado.",T2V_data/label/vidgen_filter_gemini_part_0_dpo_5/FYe5EcVe3bQ-Scene-0023/depth.mp4,T2V_data/label/vidgen_filter_gemini_part_0_dpo_5/FYe5EcVe3bQ-Scene-0023/aug_entity_60.png
T2V_data/VIDGEN-1M_unzip/FYe5EcVe3bQ-Scene-0023.mp4,"In the video, a person is seen chopping an avocado on a white cutting board. The avocado is being cut into small pieces using a large knife. The person's hands are visible, and they are wearing a black shirt. The background is not clearly visible, but it appears to be a kitchen setting. The avocado pieces are scattered on the cutting board, and some of them are being moved around with the knife. The video is shot from a close-up angle, focusing on the person's hands and the avocado.",T2V_data/label/vidgen_filter_gemini_part_0_dpo_5/FYe5EcVe3bQ-Scene-0023/entity_60.mp4,T2V_data/label/vidgen_filter_gemini_part_0_dpo_5/FYe5EcVe3bQ-Scene-0023/aug_entity_60.png
T2V_data/VIDGEN-1M_unzip/FowzKp-8Udw-Scene-0106.mp4,"The video shows a close-up of a blue bucket filled with a dark liquid. The liquid is slowly dripping from a hole in the bucket, creating a small puddle on the ground. The bucket appears to be made of plastic and has a white handle on one side. The liquid is thick and has a glossy sheen, suggesting it may be oil or some other type of viscous fluid. The background is not clearly visible, but it appears to be an outdoor setting with natural light.",T2V_data/label/vidgen_filter_gemini_part_0_dpo_5/FowzKp-8Udw-Scene-0106/depth.mp4,T2V_data/label/vidgen_filter_gemini_part_0_dpo_5/FowzKp-8Udw-Scene-0106/aug_entity_20.png
T2V_data/VIDGEN-1M_unzip/FowzKp-8Udw-Scene-0106.mp4,"The video shows a close-up of a blue bucket filled with a dark liquid. The liquid is slowly dripping from a hole in the bucket, creating a small puddle on the ground. The bucket appears to be made of plastic and has a white handle on one side. The liquid is thick and has a glossy sheen, suggesting it may be oil or some other type of viscous fluid. The background is not clearly visible, but it appears to be an outdoor setting with natural light.",T2V_data/label/vidgen_filter_gemini_part_0_dpo_5/FowzKp-8Udw-Scene-0106/entity_20.mp4,T2V_data/label/vidgen_filter_gemini_part_0_dpo_5/FowzKp-8Udw-Scene-0106/aug_entity_20.png
T2V_data/VIDGEN-1M_unzip/Fv4zl-OtNnA-Scene-0032.mp4,"The video shows a person's hands holding a purple object shaped like a butterfly. The person then uses a blue tool to cut the object in half, creating two separate pieces. The person then proceeds to push the two pieces together, creating a seam that connects them. The video ends with the person holding the two pieces together, showing the seam.",T2V_data/label/vidgen_filter_gemini_part_0_dpo_5/Fv4zl-OtNnA-Scene-0032/depth.mp4,T2V_data/label/vidgen_filter_gemini_part_0_dpo_5/Fv4zl-OtNnA-Scene-0032/aug_entity_60.png
T2V_data/VIDGEN-1M_unzip/Fv4zl-OtNnA-Scene-0032.mp4,"The video shows a person's hands holding a purple object shaped like a butterfly. The person then uses a blue tool to cut the object in half, creating two separate pieces. The person then proceeds to push the two pieces together, creating a seam that connects them. The video ends with the person holding the two pieces together, showing the seam.",T2V_data/label/vidgen_filter_gemini_part_0_dpo_5/Fv4zl-OtNnA-Scene-0032/entity_60.mp4,T2V_data/label/vidgen_filter_gemini_part_0_dpo_5/Fv4zl-OtNnA-Scene-0032/aug_entity_60.png
T2V_data/VIDGEN-1M_unzip/G8tCKYngYKU-Scene-0022.mp4,"The video shows a train traveling on a track through a forest. The train is silver in color and has several cars attached to it. The track is surrounded by trees and rocks, and the train is moving at a steady pace. The sky is clear and blue, and there are no other vehicles or people visible in the video.",T2V_data/label/vidgen_filter_gemini_part_0_dpo_5/G8tCKYngYKU-Scene-0022/depth.mp4,T2V_data/label/vidgen_filter_gemini_part_0_dpo_5/G8tCKYngYKU-Scene-0022/aug_entity_20.png
T2V_data/VIDGEN-1M_unzip/G8tCKYngYKU-Scene-0022.mp4,"The video shows a train traveling on a track through a forest. The train is silver in color and has several cars attached to it. The track is surrounded by trees and rocks, and the train is moving at a steady pace. The sky is clear and blue, and there are no other vehicles or people visible in the video.",T2V_data/label/vidgen_filter_gemini_part_0_dpo_5/G8tCKYngYKU-Scene-0022/entity_20.mp4,T2V_data/label/vidgen_filter_gemini_part_0_dpo_5/G8tCKYngYKU-Scene-0022/aug_entity_20.png
T2V_data/VIDGEN-1M_unzip/GPMtahoDXm4-Scene-0043.mp4,"The video shows a close-up of a puddle of slime on a tiled floor. The slime is a mix of white and purple colors, and it appears to be sticky and gooey. A person's foot, wearing a black shoe, steps into the slime, causing it to stretch and ooze between their toes. The person then lifts their foot, leaving a trail of slime on the floor. The video is shot in slow motion, emphasizing the stretchiness and texture of the slime.",T2V_data/label/vidgen_filter_gemini_part_0_dpo_5/GPMtahoDXm4-Scene-0043/depth.mp4,T2V_data/label/vidgen_filter_gemini_part_0_dpo_5/GPMtahoDXm4-Scene-0043/aug_entity_20.png
T2V_data/VIDGEN-1M_unzip/GPMtahoDXm4-Scene-0043.mp4,"The video shows a close-up of a puddle of slime on a tiled floor. The slime is a mix of white and purple colors, and it appears to be sticky and gooey. A person's foot, wearing a black shoe, steps into the slime, causing it to stretch and ooze between their toes. The person then lifts their foot, leaving a trail of slime on the floor. The video is shot in slow motion, emphasizing the stretchiness and texture of the slime.",T2V_data/label/vidgen_filter_gemini_part_0_dpo_5/GPMtahoDXm4-Scene-0043/entity_20.mp4,T2V_data/label/vidgen_filter_gemini_part_0_dpo_5/GPMtahoDXm4-Scene-0043/aug_entity_20.png
T2V_data/VIDGEN-1M_unzip/GZ1IfI6KBCk-Scene-0051.mp4,"In the video, a person is seen cutting a piece of meat on a cutting board. The meat appears to be a rack of ribs, and the person is using a knife to cut it into smaller pieces. The cutting board is placed on a countertop, and there is a tray of aluminum foil in the background. The person's hands are visible as they hold the meat and knife, and they are wearing a ring on their left hand. The meat has a dark, cooked exterior, and the knife is silver with a black handle. The person cuts the meat with precision, and the video ends before the meat is fully cut.",T2V_data/label/vidgen_filter_gemini_part_0_dpo_5/GZ1IfI6KBCk-Scene-0051/depth.mp4,T2V_data/label/vidgen_filter_gemini_part_0_dpo_5/GZ1IfI6KBCk-Scene-0051/aug_entity_60.png
T2V_data/VIDGEN-1M_unzip/GZ1IfI6KBCk-Scene-0051.mp4,"In the video, a person is seen cutting a piece of meat on a cutting board. The meat appears to be a rack of ribs, and the person is using a knife to cut it into smaller pieces. The cutting board is placed on a countertop, and there is a tray of aluminum foil in the background. The person's hands are visible as they hold the meat and knife, and they are wearing a ring on their left hand. The meat has a dark, cooked exterior, and the knife is silver with a black handle. The person cuts the meat with precision, and the video ends before the meat is fully cut.",T2V_data/label/vidgen_filter_gemini_part_0_dpo_5/GZ1IfI6KBCk-Scene-0051/entity_60.mp4,T2V_data/label/vidgen_filter_gemini_part_0_dpo_5/GZ1IfI6KBCk-Scene-0051/aug_entity_60.png
T2V_data/VIDGEN-1M_unzip/Gl0EN9Fg15Q-Scene-0004.mp4,"In the video, a man is seen riding a bull in a rodeo ring. The bull is bucking wildly, and the man is holding on tightly with one hand while the other hand is in the air. The man is wearing a cowboy hat and a red shirt. The bull is brown with a white face and horns. The rodeo ring is surrounded by a fence, and there are spectators watching the event. The man eventually falls off the bull, and the bull continues to buck. Two other men in cowboy hats and shirts run towards the bull to distract it.",T2V_data/label/vidgen_filter_gemini_part_0_dpo_5/Gl0EN9Fg15Q-Scene-0004/depth.mp4,T2V_data/label/vidgen_filter_gemini_part_0_dpo_5/Gl0EN9Fg15Q-Scene-0004/aug_entity_40.png
T2V_data/VIDGEN-1M_unzip/Gl0EN9Fg15Q-Scene-0004.mp4,"In the video, a man is seen riding a bull in a rodeo ring. The bull is bucking wildly, and the man is holding on tightly with one hand while the other hand is in the air. The man is wearing a cowboy hat and a red shirt. The bull is brown with a white face and horns. The rodeo ring is surrounded by a fence, and there are spectators watching the event. The man eventually falls off the bull, and the bull continues to buck. Two other men in cowboy hats and shirts run towards the bull to distract it.",T2V_data/label/vidgen_filter_gemini_part_0_dpo_5/Gl0EN9Fg15Q-Scene-0004/entity_40.mp4,T2V_data/label/vidgen_filter_gemini_part_0_dpo_5/Gl0EN9Fg15Q-Scene-0004/aug_entity_40.png
T2V_data/VIDGEN-1M_unzip/H7U4UycUZh0-Scene-0028.mp4,"In the video, a woman is seen kneeling down next to a fire pit. She is wearing glasses and a brown shirt. She is holding a stick in her hand and appears to be poking at the fire. The fire pit is surrounded by rocks and there are logs and sticks scattered around it. The woman seems to be focused on the fire, perhaps trying to keep it going or start a new one. The background is a forest, with trees and foliage visible. The woman's actions suggest that she is engaged in some sort of outdoor activity, possibly camping or survival training.",T2V_data/label/vidgen_filter_gemini_part_0_dpo_5/H7U4UycUZh0-Scene-0028/depth.mp4,T2V_data/label/vidgen_filter_gemini_part_0_dpo_5/H7U4UycUZh0-Scene-0028/aug_entity_40.png
T2V_data/VIDGEN-1M_unzip/H7U4UycUZh0-Scene-0028.mp4,"In the video, a woman is seen kneeling down next to a fire pit. She is wearing glasses and a brown shirt. She is holding a stick in her hand and appears to be poking at the fire. The fire pit is surrounded by rocks and there are logs and sticks scattered around it. The woman seems to be focused on the fire, perhaps trying to keep it going or start a new one. The background is a forest, with trees and foliage visible. The woman's actions suggest that she is engaged in some sort of outdoor activity, possibly camping or survival training.",T2V_data/label/vidgen_filter_gemini_part_0_dpo_5/H7U4UycUZh0-Scene-0028/entity_40.mp4,T2V_data/label/vidgen_filter_gemini_part_0_dpo_5/H7U4UycUZh0-Scene-0028/aug_entity_40.png
T2V_data/VIDGEN-1M_unzip/HFwJurXfNeQ-Scene-0005.mp4,"The video shows a man running on a track. He is wearing a white tank top and black shorts. The man is running towards a pole that is standing on the track. The pole is white and has a blue and white striped umbrella attached to it. The man jumps over the pole and lands on the other side. The background shows a large crowd of people watching the event. The man's jump is smooth and he clears the pole with ease. The video is shot in slow motion, allowing the viewer to see the details of the man's jump.",T2V_data/label/vidgen_filter_gemini_part_0_dpo_5/HFwJurXfNeQ-Scene-0005/depth.mp4,T2V_data/label/vidgen_filter_gemini_part_0_dpo_5/HFwJurXfNeQ-Scene-0005/aug_entity_20.png
T2V_data/VIDGEN-1M_unzip/HFwJurXfNeQ-Scene-0005.mp4,"The video shows a man running on a track. He is wearing a white tank top and black shorts. The man is running towards a pole that is standing on the track. The pole is white and has a blue and white striped umbrella attached to it. The man jumps over the pole and lands on the other side. The background shows a large crowd of people watching the event. The man's jump is smooth and he clears the pole with ease. The video is shot in slow motion, allowing the viewer to see the details of the man's jump.",T2V_data/label/vidgen_filter_gemini_part_0_dpo_5/HFwJurXfNeQ-Scene-0005/entity_20.mp4,T2V_data/label/vidgen_filter_gemini_part_0_dpo_5/HFwJurXfNeQ-Scene-0005/aug_entity_20.png
T2V_data/VIDGEN-1M_unzip/HFwJurXfNeQ-Scene-0005.mp4,"The video shows a man running on a track. He is wearing a white tank top and black shorts. The man is running towards a pole that is standing on the track. The pole is white and has a blue and white striped umbrella attached to it. The man jumps over the pole and lands on the other side. The background shows a large crowd of people watching the event. The man's jump is smooth and he clears the pole with ease. The video is shot in slow motion, allowing the viewer to see the details of the man's jump.",T2V_data/label/vidgen_filter_gemini_part_0_dpo_5/HFwJurXfNeQ-Scene-0005/depth.mp4,T2V_data/label/vidgen_filter_gemini_part_0_dpo_5/HFwJurXfNeQ-Scene-0005/aug_entity_40.png
T2V_data/VIDGEN-1M_unzip/HFwJurXfNeQ-Scene-0005.mp4,"The video shows a man running on a track. He is wearing a white tank top and black shorts. The man is running towards a pole that is standing on the track. The pole is white and has a blue and white striped umbrella attached to it. The man jumps over the pole and lands on the other side. The background shows a large crowd of people watching the event. The man's jump is smooth and he clears the pole with ease. The video is shot in slow motion, allowing the viewer to see the details of the man's jump.",T2V_data/label/vidgen_filter_gemini_part_0_dpo_5/HFwJurXfNeQ-Scene-0005/entity_40.mp4,T2V_data/label/vidgen_filter_gemini_part_0_dpo_5/HFwJurXfNeQ-Scene-0005/aug_entity_40.png
T2V_data/VIDGEN-1M_unzip/HFwJurXfNeQ-Scene-0005.mp4,"The video shows a man running on a track. He is wearing a white tank top and black shorts. The man is running towards a pole that is standing on the track. The pole is white and has a blue and white striped umbrella attached to it. The man jumps over the pole and lands on the other side. The background shows a large crowd of people watching the event. The man's jump is smooth and he clears the pole with ease. The video is shot in slow motion, allowing the viewer to see the details of the man's jump.",T2V_data/label/vidgen_filter_gemini_part_0_dpo_5/HFwJurXfNeQ-Scene-0005/depth.mp4,T2V_data/label/vidgen_filter_gemini_part_0_dpo_5/HFwJurXfNeQ-Scene-0005/aug_entity_60.png
T2V_data/VIDGEN-1M_unzip/HFwJurXfNeQ-Scene-0005.mp4,"The video shows a man running on a track. He is wearing a white tank top and black shorts. The man is running towards a pole that is standing on the track. The pole is white and has a blue and white striped umbrella attached to it. The man jumps over the pole and lands on the other side. The background shows a large crowd of people watching the event. The man's jump is smooth and he clears the pole with ease. The video is shot in slow motion, allowing the viewer to see the details of the man's jump.",T2V_data/label/vidgen_filter_gemini_part_0_dpo_5/HFwJurXfNeQ-Scene-0005/entity_60.mp4,T2V_data/label/vidgen_filter_gemini_part_0_dpo_5/HFwJurXfNeQ-Scene-0005/aug_entity_60.png
T2V_data/VIDGEN-1M_unzip/HKg8QcUj7UA-Scene-0099.mp4,"The video features a man riding a bike in an indoor skate park. He starts by riding on a ramp and then moves on to a half-pipe. The man performs various tricks, including jumps and spins, while riding the bike. The skate park has a blue and yellow color scheme, with ramps and rails for performing tricks. The man is wearing a black shirt, black pants, and a black cap. The video captures the man's movements and the bike's motion as he navigates the skate park.",T2V_data/label/vidgen_filter_gemini_part_0_dpo_5/HKg8QcUj7UA-Scene-0099/depth.mp4,T2V_data/label/vidgen_filter_gemini_part_0_dpo_5/HKg8QcUj7UA-Scene-0099/aug_entity_20.png
T2V_data/VIDGEN-1M_unzip/HKg8QcUj7UA-Scene-0099.mp4,"The video features a man riding a bike in an indoor skate park. He starts by riding on a ramp and then moves on to a half-pipe. The man performs various tricks, including jumps and spins, while riding the bike. The skate park has a blue and yellow color scheme, with ramps and rails for performing tricks. The man is wearing a black shirt, black pants, and a black cap. The video captures the man's movements and the bike's motion as he navigates the skate park.",T2V_data/label/vidgen_filter_gemini_part_0_dpo_5/HKg8QcUj7UA-Scene-0099/entity_20.mp4,T2V_data/label/vidgen_filter_gemini_part_0_dpo_5/HKg8QcUj7UA-Scene-0099/aug_entity_20.png
T2V_data/VIDGEN-1M_unzip/HPjZoz5rb04-Scene-0029.mp4,"The video shows a man in a gym lifting weights on a bench press. He is wearing a white shirt and blue jeans. The man is lying on his back on the bench, holding a barbell with weights on each end. He is lifting the barbell up and down in a controlled manner, focusing on his form and breathing. The gym is equipped with various exercise machines and weights, and there are other people visible in the background. The lighting is bright, and the walls are painted in a neutral color.",T2V_data/label/vidgen_filter_gemini_part_0_dpo_5/HPjZoz5rb04-Scene-0029/depth.mp4,T2V_data/label/vidgen_filter_gemini_part_0_dpo_5/HPjZoz5rb04-Scene-0029/aug_entity_20.png
T2V_data/VIDGEN-1M_unzip/HPjZoz5rb04-Scene-0029.mp4,"The video shows a man in a gym lifting weights on a bench press. He is wearing a white shirt and blue jeans. The man is lying on his back on the bench, holding a barbell with weights on each end. He is lifting the barbell up and down in a controlled manner, focusing on his form and breathing. The gym is equipped with various exercise machines and weights, and there are other people visible in the background. The lighting is bright, and the walls are painted in a neutral color.",T2V_data/label/vidgen_filter_gemini_part_0_dpo_5/HPjZoz5rb04-Scene-0029/entity_20.mp4,T2V_data/label/vidgen_filter_gemini_part_0_dpo_5/HPjZoz5rb04-Scene-0029/aug_entity_20.png
T2V_data/VIDGEN-1M_unzip/HQ5oDseRq7c-Scene-0009.mp4,"In the video, a person is seen holding a green sponge in their hands. They press their finger into the center of the sponge, creating a hole. The person then uses their fingers to dig out the sponge from the hole, revealing a cavity. The person continues to dig out more of the sponge until the cavity is deep enough. The video is shot against a blue background, and the person's hands are visible throughout the video.",T2V_data/label/vidgen_filter_gemini_part_0_dpo_5/HQ5oDseRq7c-Scene-0009/depth.mp4,T2V_data/label/vidgen_filter_gemini_part_0_dpo_5/HQ5oDseRq7c-Scene-0009/aug_entity_40.png
T2V_data/VIDGEN-1M_unzip/HQ5oDseRq7c-Scene-0009.mp4,"In the video, a person is seen holding a green sponge in their hands. They press their finger into the center of the sponge, creating a hole. The person then uses their fingers to dig out the sponge from the hole, revealing a cavity. The person continues to dig out more of the sponge until the cavity is deep enough. The video is shot against a blue background, and the person's hands are visible throughout the video.",T2V_data/label/vidgen_filter_gemini_part_0_dpo_5/HQ5oDseRq7c-Scene-0009/entity_40.mp4,T2V_data/label/vidgen_filter_gemini_part_0_dpo_5/HQ5oDseRq7c-Scene-0009/aug_entity_40.png
T2V_data/VIDGEN-1M_unzip/HY5OgCpu1s8-Scene-0240.mp4,"The video shows a group of people working together to move a person. The person is lying on a stretcher and is being carefully lifted by the group. The individuals are wearing protective gear, including helmets and reflective clothing. The environment appears to be dimly lit, suggesting that the event is taking place at night or in a low-light setting. The group is coordinating their efforts to transport the person to a safer location.",T2V_data/label/vidgen_filter_gemini_part_0_dpo_5/HY5OgCpu1s8-Scene-0240/depth.mp4,T2V_data/label/vidgen_filter_gemini_part_0_dpo_5/HY5OgCpu1s8-Scene-0240/aug_entity_20.png
T2V_data/VIDGEN-1M_unzip/HY5OgCpu1s8-Scene-0240.mp4,"The video shows a group of people working together to move a person. The person is lying on a stretcher and is being carefully lifted by the group. The individuals are wearing protective gear, including helmets and reflective clothing. The environment appears to be dimly lit, suggesting that the event is taking place at night or in a low-light setting. The group is coordinating their efforts to transport the person to a safer location.",T2V_data/label/vidgen_filter_gemini_part_0_dpo_5/HY5OgCpu1s8-Scene-0240/entity_20.mp4,T2V_data/label/vidgen_filter_gemini_part_0_dpo_5/HY5OgCpu1s8-Scene-0240/aug_entity_20.png
T2V_data/VIDGEN-1M_unzip/HkbQXmIFeFg-Scene-0130.mp4,"The video shows a first-person view of a person riding a water slide. The slide is made of blue material and is surrounded by trees. The person is moving at a fast pace, and the water is splashing around. The video captures the excitement and thrill of the ride.",T2V_data/label/vidgen_filter_gemini_part_0_dpo_5/HkbQXmIFeFg-Scene-0130/depth.mp4,T2V_data/label/vidgen_filter_gemini_part_0_dpo_5/HkbQXmIFeFg-Scene-0130/aug_entity_20.png
T2V_data/VIDGEN-1M_unzip/HkbQXmIFeFg-Scene-0130.mp4,"The video shows a first-person view of a person riding a water slide. The slide is made of blue material and is surrounded by trees. The person is moving at a fast pace, and the water is splashing around. The video captures the excitement and thrill of the ride.",T2V_data/label/vidgen_filter_gemini_part_0_dpo_5/HkbQXmIFeFg-Scene-0130/entity_20.mp4,T2V_data/label/vidgen_filter_gemini_part_0_dpo_5/HkbQXmIFeFg-Scene-0130/aug_entity_20.png
T2V_data/VIDGEN-1M_unzip/HmSWrP0NpyU-Scene-0007.mp4,"The video shows a person's hands folding a piece of fabric with a yellow background and white polka dots. The person folds the fabric in half lengthwise and then presses down on the fold with their hands. Next, they use an iron to press down on the fabric, ensuring that the fold is secure.",T2V_data/label/vidgen_filter_gemini_part_0_dpo_5/HmSWrP0NpyU-Scene-0007/depth.mp4,T2V_data/label/vidgen_filter_gemini_part_0_dpo_5/HmSWrP0NpyU-Scene-0007/aug_entity_40.png
T2V_data/VIDGEN-1M_unzip/HmSWrP0NpyU-Scene-0007.mp4,"The video shows a person's hands folding a piece of fabric with a yellow background and white polka dots. The person folds the fabric in half lengthwise and then presses down on the fold with their hands. Next, they use an iron to press down on the fabric, ensuring that the fold is secure.",T2V_data/label/vidgen_filter_gemini_part_0_dpo_5/HmSWrP0NpyU-Scene-0007/entity_40.mp4,T2V_data/label/vidgen_filter_gemini_part_0_dpo_5/HmSWrP0NpyU-Scene-0007/aug_entity_40.png
T2V_data/VIDGEN-1M_unzip/HmSWrP0NpyU-Scene-0007.mp4,"The video shows a person's hands folding a piece of fabric with a yellow background and white polka dots. The person folds the fabric in half lengthwise and then presses down on the fold with their hands. Next, they use an iron to press down on the fabric, ensuring that the fold is secure.",T2V_data/label/vidgen_filter_gemini_part_0_dpo_5/HmSWrP0NpyU-Scene-0007/depth.mp4,T2V_data/label/vidgen_filter_gemini_part_0_dpo_5/HmSWrP0NpyU-Scene-0007/aug_entity_60.png
T2V_data/VIDGEN-1M_unzip/HmSWrP0NpyU-Scene-0007.mp4,"The video shows a person's hands folding a piece of fabric with a yellow background and white polka dots. The person folds the fabric in half lengthwise and then presses down on the fold with their hands. Next, they use an iron to press down on the fabric, ensuring that the fold is secure.",T2V_data/label/vidgen_filter_gemini_part_0_dpo_5/HmSWrP0NpyU-Scene-0007/entity_60.mp4,T2V_data/label/vidgen_filter_gemini_part_0_dpo_5/HmSWrP0NpyU-Scene-0007/aug_entity_60.png
T2V_data/VIDGEN-1M_unzip/Hq6OcwCOpl0-Scene-0006.mp4,"In the video, an older man is seen wearing a black shirt and glasses, and he is using a table saw to cut a piece of wood. He is wearing a mask and headphones for safety. The man is standing in front of the table saw and pushing the wood through it to cut it. The saw is on a table, and there is a vacuum hose attached to it. The man is focused on his task and appears to be experienced in using the saw. The video is shot in a workshop environment, and the man seems to be working alone.",T2V_data/label/vidgen_filter_gemini_part_0_dpo_5/Hq6OcwCOpl0-Scene-0006/depth.mp4,T2V_data/label/vidgen_filter_gemini_part_0_dpo_5/Hq6OcwCOpl0-Scene-0006/aug_entity_20.png
T2V_data/VIDGEN-1M_unzip/Hq6OcwCOpl0-Scene-0006.mp4,"In the video, an older man is seen wearing a black shirt and glasses, and he is using a table saw to cut a piece of wood. He is wearing a mask and headphones for safety. The man is standing in front of the table saw and pushing the wood through it to cut it. The saw is on a table, and there is a vacuum hose attached to it. The man is focused on his task and appears to be experienced in using the saw. The video is shot in a workshop environment, and the man seems to be working alone.",T2V_data/label/vidgen_filter_gemini_part_0_dpo_5/Hq6OcwCOpl0-Scene-0006/entity_20.mp4,T2V_data/label/vidgen_filter_gemini_part_0_dpo_5/Hq6OcwCOpl0-Scene-0006/aug_entity_20.png
T2V_data/VIDGEN-1M_unzip/Hq6OcwCOpl0-Scene-0006.mp4,"In the video, an older man is seen wearing a black shirt and glasses, and he is using a table saw to cut a piece of wood. He is wearing a mask and headphones for safety. The man is standing in front of the table saw and pushing the wood through it to cut it. The saw is on a table, and there is a vacuum hose attached to it. The man is focused on his task and appears to be experienced in using the saw. The video is shot in a workshop environment, and the man seems to be working alone.",T2V_data/label/vidgen_filter_gemini_part_0_dpo_5/Hq6OcwCOpl0-Scene-0006/depth.mp4,T2V_data/label/vidgen_filter_gemini_part_0_dpo_5/Hq6OcwCOpl0-Scene-0006/aug_entity_40.png
T2V_data/VIDGEN-1M_unzip/Hq6OcwCOpl0-Scene-0006.mp4,"In the video, an older man is seen wearing a black shirt and glasses, and he is using a table saw to cut a piece of wood. He is wearing a mask and headphones for safety. The man is standing in front of the table saw and pushing the wood through it to cut it. The saw is on a table, and there is a vacuum hose attached to it. The man is focused on his task and appears to be experienced in using the saw. The video is shot in a workshop environment, and the man seems to be working alone.",T2V_data/label/vidgen_filter_gemini_part_0_dpo_5/Hq6OcwCOpl0-Scene-0006/entity_40.mp4,T2V_data/label/vidgen_filter_gemini_part_0_dpo_5/Hq6OcwCOpl0-Scene-0006/aug_entity_40.png
T2V_data/VIDGEN-1M_unzip/HtdApWbAOfU-Scene-0045.mp4,The video shows a person pouring orange juice from a black pitcher into a silver strainer. The strainer is placed on top of a glass bowl. There are several halved oranges in the bowl. The person's hand is visible as they hold the orange and squeeze it to extract the juice. The orange juice is a vibrant orange color and the strainer is filled with it. The background is a gray countertop.,T2V_data/label/vidgen_filter_gemini_part_0_dpo_5/HtdApWbAOfU-Scene-0045/depth.mp4,T2V_data/label/vidgen_filter_gemini_part_0_dpo_5/HtdApWbAOfU-Scene-0045/aug_entity_20.png
T2V_data/VIDGEN-1M_unzip/HtdApWbAOfU-Scene-0045.mp4,The video shows a person pouring orange juice from a black pitcher into a silver strainer. The strainer is placed on top of a glass bowl. There are several halved oranges in the bowl. The person's hand is visible as they hold the orange and squeeze it to extract the juice. The orange juice is a vibrant orange color and the strainer is filled with it. The background is a gray countertop.,T2V_data/label/vidgen_filter_gemini_part_0_dpo_5/HtdApWbAOfU-Scene-0045/entity_20.mp4,T2V_data/label/vidgen_filter_gemini_part_0_dpo_5/HtdApWbAOfU-Scene-0045/aug_entity_20.png
T2V_data/VIDGEN-1M_unzip/HxHVdd4Rw9E-Scene-0009.mp4,"The video shows a woman in a gym performing a handstand. She starts by placing her hands on an orange mat and then lifts her legs up into the air. The woman maintains the handstand for a few seconds before slowly lowering her legs back down to the mat. The gym has a mirrored wall, and there are other people visible in the background. The woman is wearing black leggings and a black tank top.",T2V_data/label/vidgen_filter_gemini_part_0_dpo_5/HxHVdd4Rw9E-Scene-0009/depth.mp4,T2V_data/label/vidgen_filter_gemini_part_0_dpo_5/HxHVdd4Rw9E-Scene-0009/aug_entity_40.png
T2V_data/VIDGEN-1M_unzip/HxHVdd4Rw9E-Scene-0009.mp4,"The video shows a woman in a gym performing a handstand. She starts by placing her hands on an orange mat and then lifts her legs up into the air. The woman maintains the handstand for a few seconds before slowly lowering her legs back down to the mat. The gym has a mirrored wall, and there are other people visible in the background. The woman is wearing black leggings and a black tank top.",T2V_data/label/vidgen_filter_gemini_part_0_dpo_5/HxHVdd4Rw9E-Scene-0009/entity_40.mp4,T2V_data/label/vidgen_filter_gemini_part_0_dpo_5/HxHVdd4Rw9E-Scene-0009/aug_entity_40.png
T2V_data/VIDGEN-1M_unzip/I2ioiuMjL-E-Scene-0091.mp4,"In the video, a man is seen working on a bicycle wheel. He is wearing a black sweater and a watch on his left wrist. The bicycle wheel is black and has a silver disc brake attached to it. The man is using a tool to adjust the brake, and he is seen making several adjustments to ensure that it is properly aligned. The background is blurred, but it appears to be an indoor setting.",T2V_data/label/vidgen_filter_gemini_part_0_dpo_5/I2ioiuMjL-E-Scene-0091/depth.mp4,T2V_data/label/vidgen_filter_gemini_part_0_dpo_5/I2ioiuMjL-E-Scene-0091/aug_entity_40.png
T2V_data/VIDGEN-1M_unzip/I2ioiuMjL-E-Scene-0091.mp4,"In the video, a man is seen working on a bicycle wheel. He is wearing a black sweater and a watch on his left wrist. The bicycle wheel is black and has a silver disc brake attached to it. The man is using a tool to adjust the brake, and he is seen making several adjustments to ensure that it is properly aligned. The background is blurred, but it appears to be an indoor setting.",T2V_data/label/vidgen_filter_gemini_part_0_dpo_5/I2ioiuMjL-E-Scene-0091/entity_40.mp4,T2V_data/label/vidgen_filter_gemini_part_0_dpo_5/I2ioiuMjL-E-Scene-0091/aug_entity_40.png
T2V_data/VIDGEN-1M_unzip/IDt2MNDJuao-Scene-0074.mp4,"The video features a person's hands holding a knife and a screwdriver. The knife has a silver blade and a black handle, and the screwdriver has a black handle and a silver tip. The person uses the screwdriver to unscrew the screws on the handle of the knife, and then removes the handle to reveal the inner mechanism of the knife. The person then uses the screwdriver to adjust the inner mechanism of the knife.",T2V_data/label/vidgen_filter_gemini_part_0_dpo_5/IDt2MNDJuao-Scene-0074/depth.mp4,T2V_data/label/vidgen_filter_gemini_part_0_dpo_5/IDt2MNDJuao-Scene-0074/aug_entity_20.png
T2V_data/VIDGEN-1M_unzip/IDt2MNDJuao-Scene-0074.mp4,"The video features a person's hands holding a knife and a screwdriver. The knife has a silver blade and a black handle, and the screwdriver has a black handle and a silver tip. The person uses the screwdriver to unscrew the screws on the handle of the knife, and then removes the handle to reveal the inner mechanism of the knife. The person then uses the screwdriver to adjust the inner mechanism of the knife.",T2V_data/label/vidgen_filter_gemini_part_0_dpo_5/IDt2MNDJuao-Scene-0074/entity_20.mp4,T2V_data/label/vidgen_filter_gemini_part_0_dpo_5/IDt2MNDJuao-Scene-0074/aug_entity_20.png
T2V_data/VIDGEN-1M_unzip/IGY_I6eSudM-Scene-0043.mp4,"In the video, two men are playing pool in a room with a red pool table. One man is wearing a black shirt and glasses, while the other is wearing a black shirt and jeans. The man in the black shirt and glasses is seen taking a shot, and the man in the black shirt and jeans is watching him. The room has a modern look with a white wall and a black shelf with various items on it. The pool table has several balls on it, and there is a white cue ball and a yellow ball in the foreground. The man in the black shirt and glasses is holding a cue stick and is seen taking a shot at the yellow ball. The man in the black shirt and jeans is standing on the other side of the table, watching the shot. The video ends with the man in the black shirt and glasses taking another shot.",T2V_data/label/vidgen_filter_gemini_part_0_dpo_5/IGY_I6eSudM-Scene-0043/depth.mp4,T2V_data/label/vidgen_filter_gemini_part_0_dpo_5/IGY_I6eSudM-Scene-0043/aug_entity_20.png
T2V_data/VIDGEN-1M_unzip/IGY_I6eSudM-Scene-0043.mp4,"In the video, two men are playing pool in a room with a red pool table. One man is wearing a black shirt and glasses, while the other is wearing a black shirt and jeans. The man in the black shirt and glasses is seen taking a shot, and the man in the black shirt and jeans is watching him. The room has a modern look with a white wall and a black shelf with various items on it. The pool table has several balls on it, and there is a white cue ball and a yellow ball in the foreground. The man in the black shirt and glasses is holding a cue stick and is seen taking a shot at the yellow ball. The man in the black shirt and jeans is standing on the other side of the table, watching the shot. The video ends with the man in the black shirt and glasses taking another shot.",T2V_data/label/vidgen_filter_gemini_part_0_dpo_5/IGY_I6eSudM-Scene-0043/entity_20.mp4,T2V_data/label/vidgen_filter_gemini_part_0_dpo_5/IGY_I6eSudM-Scene-0043/aug_entity_20.png
T2V_data/VIDGEN-1M_unzip/ILGloVWDe_g-Scene-0023.mp4,"In the video, a person is using a hand mixer to mix a large bowl of dough. The mixer is white and has a metal whisk attachment that is spinning rapidly, causing the dough to become more aerated and fluffy. The person's hand is visible, holding the mixer and guiding it through the dough. The dough appears to be thick and sticky, and the mixer is making it smoother and more evenly mixed. The background is a kitchen counter, and there are no other objects or people visible in the frame.",T2V_data/label/vidgen_filter_gemini_part_0_dpo_5/ILGloVWDe_g-Scene-0023/depth.mp4,T2V_data/label/vidgen_filter_gemini_part_0_dpo_5/ILGloVWDe_g-Scene-0023/aug_entity_60.png
T2V_data/VIDGEN-1M_unzip/ILGloVWDe_g-Scene-0023.mp4,"In the video, a person is using a hand mixer to mix a large bowl of dough. The mixer is white and has a metal whisk attachment that is spinning rapidly, causing the dough to become more aerated and fluffy. The person's hand is visible, holding the mixer and guiding it through the dough. The dough appears to be thick and sticky, and the mixer is making it smoother and more evenly mixed. The background is a kitchen counter, and there are no other objects or people visible in the frame.",T2V_data/label/vidgen_filter_gemini_part_0_dpo_5/ILGloVWDe_g-Scene-0023/entity_60.mp4,T2V_data/label/vidgen_filter_gemini_part_0_dpo_5/ILGloVWDe_g-Scene-0023/aug_entity_60.png
T2V_data/VIDGEN-1M_unzip/IMS3zAXZJLE-Scene-0053.mp4,"In the video, a person is seen using a syringe to fill a toy ice cream cone with pink liquid. The person is wearing a grey shirt with a pineapple design on it. The toy ice cream cone is placed on a table, and there is a blue toy bucket next to it. The person squeezes the syringe, and the pink liquid fills the ice cream cone. The person then removes the syringe and places it on the table.",T2V_data/label/vidgen_filter_gemini_part_0_dpo_5/IMS3zAXZJLE-Scene-0053/depth.mp4,T2V_data/label/vidgen_filter_gemini_part_0_dpo_5/IMS3zAXZJLE-Scene-0053/aug_entity_80.png
T2V_data/VIDGEN-1M_unzip/IMS3zAXZJLE-Scene-0053.mp4,"In the video, a person is seen using a syringe to fill a toy ice cream cone with pink liquid. The person is wearing a grey shirt with a pineapple design on it. The toy ice cream cone is placed on a table, and there is a blue toy bucket next to it. The person squeezes the syringe, and the pink liquid fills the ice cream cone. The person then removes the syringe and places it on the table.",T2V_data/label/vidgen_filter_gemini_part_0_dpo_5/IMS3zAXZJLE-Scene-0053/entity_80.mp4,T2V_data/label/vidgen_filter_gemini_part_0_dpo_5/IMS3zAXZJLE-Scene-0053/aug_entity_80.png
T2V_data/VIDGEN-1M_unzip/ISI6kw650W0-Scene-0050.mp4,The video shows a person driving a car on a race track. The driver is seen steering the car around a corner and then straightening up. The car is black and the driver is wearing a black shirt. The race track is surrounded by green grass and trees. The sky is clear and blue.,T2V_data/label/vidgen_filter_gemini_part_0_dpo_5/ISI6kw650W0-Scene-0050/depth.mp4,T2V_data/label/vidgen_filter_gemini_part_0_dpo_5/ISI6kw650W0-Scene-0050/aug_entity_40.png
T2V_data/VIDGEN-1M_unzip/ISI6kw650W0-Scene-0050.mp4,The video shows a person driving a car on a race track. The driver is seen steering the car around a corner and then straightening up. The car is black and the driver is wearing a black shirt. The race track is surrounded by green grass and trees. The sky is clear and blue.,T2V_data/label/vidgen_filter_gemini_part_0_dpo_5/ISI6kw650W0-Scene-0050/entity_40.mp4,T2V_data/label/vidgen_filter_gemini_part_0_dpo_5/ISI6kw650W0-Scene-0050/aug_entity_40.png
T2V_data/VIDGEN-1M_unzip/ITQLIKr3z2g-Scene-0035.mp4,"The video shows a refrigerator with a bottle of Canada Dry and a box of Smirnoff on the door. A hand opens the freezer drawer, revealing a cat inside. The cat is then removed from the freezer and placed back on the floor.",T2V_data/label/vidgen_filter_gemini_part_0_dpo_5/ITQLIKr3z2g-Scene-0035/depth.mp4,T2V_data/label/vidgen_filter_gemini_part_0_dpo_5/ITQLIKr3z2g-Scene-0035/aug_entity_60.png
T2V_data/VIDGEN-1M_unzip/ITQLIKr3z2g-Scene-0035.mp4,"The video shows a refrigerator with a bottle of Canada Dry and a box of Smirnoff on the door. A hand opens the freezer drawer, revealing a cat inside. The cat is then removed from the freezer and placed back on the floor.",T2V_data/label/vidgen_filter_gemini_part_0_dpo_5/ITQLIKr3z2g-Scene-0035/entity_60.mp4,T2V_data/label/vidgen_filter_gemini_part_0_dpo_5/ITQLIKr3z2g-Scene-0035/aug_entity_60.png
T2V_data/VIDGEN-1M_unzip/ITQLIKr3z2g-Scene-0035.mp4,"The video shows a refrigerator with a bottle of Canada Dry and a box of Smirnoff on the door. A hand opens the freezer drawer, revealing a cat inside. The cat is then removed from the freezer and placed back on the floor.",T2V_data/label/vidgen_filter_gemini_part_0_dpo_5/ITQLIKr3z2g-Scene-0035/depth.mp4,T2V_data/label/vidgen_filter_gemini_part_0_dpo_5/ITQLIKr3z2g-Scene-0035/aug_entity_80.png
T2V_data/VIDGEN-1M_unzip/ITQLIKr3z2g-Scene-0035.mp4,"The video shows a refrigerator with a bottle of Canada Dry and a box of Smirnoff on the door. A hand opens the freezer drawer, revealing a cat inside. The cat is then removed from the freezer and placed back on the floor.",T2V_data/label/vidgen_filter_gemini_part_0_dpo_5/ITQLIKr3z2g-Scene-0035/entity_80.mp4,T2V_data/label/vidgen_filter_gemini_part_0_dpo_5/ITQLIKr3z2g-Scene-0035/aug_entity_80.png
T2V_data/VIDGEN-1M_unzip/IYj4d208p7w-Scene-0010.mp4,"The video shows two skiers preparing to race down a snowy slope. They are dressed in ski gear and are standing at the starting line, ready to begin their descent. The skiers are holding their ski poles and appear to be in a competitive stance. The snowy slope is surrounded by trees and mountains, indicating that the race is taking place in a mountainous area. The skiers then begin to race down the slope, showcasing their skiing skills as they navigate the snowy terrain.",T2V_data/label/vidgen_filter_gemini_part_0_dpo_5/IYj4d208p7w-Scene-0010/depth.mp4,T2V_data/label/vidgen_filter_gemini_part_0_dpo_5/IYj4d208p7w-Scene-0010/aug_entity_20.png
T2V_data/VIDGEN-1M_unzip/IYj4d208p7w-Scene-0010.mp4,"The video shows two skiers preparing to race down a snowy slope. They are dressed in ski gear and are standing at the starting line, ready to begin their descent. The skiers are holding their ski poles and appear to be in a competitive stance. The snowy slope is surrounded by trees and mountains, indicating that the race is taking place in a mountainous area. The skiers then begin to race down the slope, showcasing their skiing skills as they navigate the snowy terrain.",T2V_data/label/vidgen_filter_gemini_part_0_dpo_5/IYj4d208p7w-Scene-0010/entity_20.mp4,T2V_data/label/vidgen_filter_gemini_part_0_dpo_5/IYj4d208p7w-Scene-0010/aug_entity_20.png
T2V_data/VIDGEN-1M_unzip/IbYG7q9OO18-Scene-0022.mp4,The video shows a person's hands holding a small green circuit board with a black component attached to it. The person is holding a small black component in their other hand and is seen placing it onto the circuit board. The background is a wooden table with a black object and a pen on it.,T2V_data/label/vidgen_filter_gemini_part_0_dpo_5/IbYG7q9OO18-Scene-0022/depth.mp4,T2V_data/label/vidgen_filter_gemini_part_0_dpo_5/IbYG7q9OO18-Scene-0022/aug_entity_60.png
T2V_data/VIDGEN-1M_unzip/IbYG7q9OO18-Scene-0022.mp4,The video shows a person's hands holding a small green circuit board with a black component attached to it. The person is holding a small black component in their other hand and is seen placing it onto the circuit board. The background is a wooden table with a black object and a pen on it.,T2V_data/label/vidgen_filter_gemini_part_0_dpo_5/IbYG7q9OO18-Scene-0022/entity_60.mp4,T2V_data/label/vidgen_filter_gemini_part_0_dpo_5/IbYG7q9OO18-Scene-0022/aug_entity_60.png
T2V_data/VIDGEN-1M_unzip/IlB9_FN6F9U-Scene-0106.mp4,"The video shows a person's hand holding a small blue container with a net inside it. The container is filled with water and several small fish are swimming inside it. The person's hand is moving the container around, allowing the fish to swim around freely. The fish are small, with a mix of colors including yellow, green, and blue. The container appears to be made of plastic and is transparent, allowing a clear view of the fish inside. The person's hand is steady, and they seem to be carefully handling the container to avoid harming the fish.",T2V_data/label/vidgen_filter_gemini_part_0_dpo_5/IlB9_FN6F9U-Scene-0106/depth.mp4,T2V_data/label/vidgen_filter_gemini_part_0_dpo_5/IlB9_FN6F9U-Scene-0106/aug_entity_40.png
T2V_data/VIDGEN-1M_unzip/IlB9_FN6F9U-Scene-0106.mp4,"The video shows a person's hand holding a small blue container with a net inside it. The container is filled with water and several small fish are swimming inside it. The person's hand is moving the container around, allowing the fish to swim around freely. The fish are small, with a mix of colors including yellow, green, and blue. The container appears to be made of plastic and is transparent, allowing a clear view of the fish inside. The person's hand is steady, and they seem to be carefully handling the container to avoid harming the fish.",T2V_data/label/vidgen_filter_gemini_part_0_dpo_5/IlB9_FN6F9U-Scene-0106/entity_40.mp4,T2V_data/label/vidgen_filter_gemini_part_0_dpo_5/IlB9_FN6F9U-Scene-0106/aug_entity_40.png
T2V_data/VIDGEN-1M_unzip/Ioy79kfgL4k-Scene-0002.mp4,The video shows a person's hands washing an egg under a running faucet. The person is wearing a colorful shirt and has a watch on their wrist. The sink is made of stainless steel and there is a white faucet above it. The person holds the egg in their left hand and rubs it with their right hand under the water.,T2V_data/label/vidgen_filter_gemini_part_0_dpo_5/Ioy79kfgL4k-Scene-0002/depth.mp4,T2V_data/label/vidgen_filter_gemini_part_0_dpo_5/Ioy79kfgL4k-Scene-0002/aug_entity_40.png
T2V_data/VIDGEN-1M_unzip/Ioy79kfgL4k-Scene-0002.mp4,The video shows a person's hands washing an egg under a running faucet. The person is wearing a colorful shirt and has a watch on their wrist. The sink is made of stainless steel and there is a white faucet above it. The person holds the egg in their left hand and rubs it with their right hand under the water.,T2V_data/label/vidgen_filter_gemini_part_0_dpo_5/Ioy79kfgL4k-Scene-0002/entity_40.mp4,T2V_data/label/vidgen_filter_gemini_part_0_dpo_5/Ioy79kfgL4k-Scene-0002/aug_entity_40.png
T2V_data/VIDGEN-1M_unzip/IyV7Uxts_YE-Scene-0016.mp4,"The video shows a purple balloon being inflated by a plastic bottle. The balloon is attached to the mouth of the bottle, and as the person pumps air into the balloon, it inflates. The balloon is fully inflated and appears to be quite large. The background is a wooden surface with some scattered debris.",T2V_data/label/vidgen_filter_gemini_part_0_dpo_5/IyV7Uxts_YE-Scene-0016/depth.mp4,T2V_data/label/vidgen_filter_gemini_part_0_dpo_5/IyV7Uxts_YE-Scene-0016/aug_entity_40.png
T2V_data/VIDGEN-1M_unzip/IyV7Uxts_YE-Scene-0016.mp4,"The video shows a purple balloon being inflated by a plastic bottle. The balloon is attached to the mouth of the bottle, and as the person pumps air into the balloon, it inflates. The balloon is fully inflated and appears to be quite large. The background is a wooden surface with some scattered debris.",T2V_data/label/vidgen_filter_gemini_part_0_dpo_5/IyV7Uxts_YE-Scene-0016/entity_40.mp4,T2V_data/label/vidgen_filter_gemini_part_0_dpo_5/IyV7Uxts_YE-Scene-0016/aug_entity_40.png
T2V_data/VIDGEN-1M_unzip/JFjupgX3Cnc-Scene-0050.mp4,"In the video, a man is sitting in the driver's seat of a car. He is wearing a black jacket and gray pants. The car has a black interior with a steering wheel and dashboard. The man is talking to the camera and gesturing with his hands. He then puts his hands on the steering wheel and starts driving the car. The car is moving on a road with trees on the side.",T2V_data/label/vidgen_filter_gemini_part_0_dpo_5/JFjupgX3Cnc-Scene-0050/depth.mp4,T2V_data/label/vidgen_filter_gemini_part_0_dpo_5/JFjupgX3Cnc-Scene-0050/aug_entity_20.png
T2V_data/VIDGEN-1M_unzip/JFjupgX3Cnc-Scene-0050.mp4,"In the video, a man is sitting in the driver's seat of a car. He is wearing a black jacket and gray pants. The car has a black interior with a steering wheel and dashboard. The man is talking to the camera and gesturing with his hands. He then puts his hands on the steering wheel and starts driving the car. The car is moving on a road with trees on the side.",T2V_data/label/vidgen_filter_gemini_part_0_dpo_5/JFjupgX3Cnc-Scene-0050/entity_20.mp4,T2V_data/label/vidgen_filter_gemini_part_0_dpo_5/JFjupgX3Cnc-Scene-0050/aug_entity_20.png
T2V_data/VIDGEN-1M_unzip/JFjupgX3Cnc-Scene-0050.mp4,"In the video, a man is sitting in the driver's seat of a car. He is wearing a black jacket and gray pants. The car has a black interior with a steering wheel and dashboard. The man is talking to the camera and gesturing with his hands. He then puts his hands on the steering wheel and starts driving the car. The car is moving on a road with trees on the side.",T2V_data/label/vidgen_filter_gemini_part_0_dpo_5/JFjupgX3Cnc-Scene-0050/depth.mp4,T2V_data/label/vidgen_filter_gemini_part_0_dpo_5/JFjupgX3Cnc-Scene-0050/aug_entity_40.png
T2V_data/VIDGEN-1M_unzip/JFjupgX3Cnc-Scene-0050.mp4,"In the video, a man is sitting in the driver's seat of a car. He is wearing a black jacket and gray pants. The car has a black interior with a steering wheel and dashboard. The man is talking to the camera and gesturing with his hands. He then puts his hands on the steering wheel and starts driving the car. The car is moving on a road with trees on the side.",T2V_data/label/vidgen_filter_gemini_part_0_dpo_5/JFjupgX3Cnc-Scene-0050/entity_40.mp4,T2V_data/label/vidgen_filter_gemini_part_0_dpo_5/JFjupgX3Cnc-Scene-0050/aug_entity_40.png
T2V_data/VIDGEN-1M_unzip/JM48P3smtfo-Scene-0028.mp4,"In the video, a man is seen working on a wooden table. He is using a caulking gun to apply a white substance, presumably glue, onto the table. The man is wearing a black shirt and glasses, and he is working in a workshop with various tools and equipment visible in the background. After applying the glue, he places a wooden plank on top of the glue and uses a nail gun to secure it in place. The man's actions are deliberate and precise, indicating that he is experienced in this type of work. The video provides a clear view of the man's work process, from applying the glue to securing the plank.",T2V_data/label/vidgen_filter_gemini_part_0_dpo_5/JM48P3smtfo-Scene-0028/depth.mp4,T2V_data/label/vidgen_filter_gemini_part_0_dpo_5/JM48P3smtfo-Scene-0028/aug_entity_40.png
T2V_data/VIDGEN-1M_unzip/JM48P3smtfo-Scene-0028.mp4,"In the video, a man is seen working on a wooden table. He is using a caulking gun to apply a white substance, presumably glue, onto the table. The man is wearing a black shirt and glasses, and he is working in a workshop with various tools and equipment visible in the background. After applying the glue, he places a wooden plank on top of the glue and uses a nail gun to secure it in place. The man's actions are deliberate and precise, indicating that he is experienced in this type of work. The video provides a clear view of the man's work process, from applying the glue to securing the plank.",T2V_data/label/vidgen_filter_gemini_part_0_dpo_5/JM48P3smtfo-Scene-0028/entity_40.mp4,T2V_data/label/vidgen_filter_gemini_part_0_dpo_5/JM48P3smtfo-Scene-0028/aug_entity_40.png
T2V_data/VIDGEN-1M_unzip/JQEM019UvPs-Scene-0045.mp4,"In the video, a person is seen sealing a jar of salsa. The jar is filled with a reddish-brown salsa and is placed on a white towel. The person uses a metal lid to seal the jar. They first place the lid on top of the jar and then twist it to secure it tightly. The person's hands are visible in the video, and they appear to be wearing a black shirt. The background is not clearly visible, but it seems to be a kitchen setting.",T2V_data/label/vidgen_filter_gemini_part_0_dpo_5/JQEM019UvPs-Scene-0045/depth.mp4,T2V_data/label/vidgen_filter_gemini_part_0_dpo_5/JQEM019UvPs-Scene-0045/aug_entity_40.png
T2V_data/VIDGEN-1M_unzip/JQEM019UvPs-Scene-0045.mp4,"In the video, a person is seen sealing a jar of salsa. The jar is filled with a reddish-brown salsa and is placed on a white towel. The person uses a metal lid to seal the jar. They first place the lid on top of the jar and then twist it to secure it tightly. The person's hands are visible in the video, and they appear to be wearing a black shirt. The background is not clearly visible, but it seems to be a kitchen setting.",T2V_data/label/vidgen_filter_gemini_part_0_dpo_5/JQEM019UvPs-Scene-0045/entity_40.mp4,T2V_data/label/vidgen_filter_gemini_part_0_dpo_5/JQEM019UvPs-Scene-0045/aug_entity_40.png
T2V_data/VIDGEN-1M_unzip/JdN197KBKQE-Scene-0019.mp4,"In the video, a person is holding a jar with a lid. The person is using their thumb to push the lid down. The jar appears to be made of glass and has a metal lid. The person's thumb is visible in the video, and they are pushing down on the lid with some force. The background is not visible in the video, so it is unclear where the person is located. The video does not provide any additional context or information about the person or the contents of the jar.",T2V_data/label/vidgen_filter_gemini_part_0_dpo_5/JdN197KBKQE-Scene-0019/depth.mp4,T2V_data/label/vidgen_filter_gemini_part_0_dpo_5/JdN197KBKQE-Scene-0019/aug_entity_60.png
T2V_data/VIDGEN-1M_unzip/JdN197KBKQE-Scene-0019.mp4,"In the video, a person is holding a jar with a lid. The person is using their thumb to push the lid down. The jar appears to be made of glass and has a metal lid. The person's thumb is visible in the video, and they are pushing down on the lid with some force. The background is not visible in the video, so it is unclear where the person is located. The video does not provide any additional context or information about the person or the contents of the jar.",T2V_data/label/vidgen_filter_gemini_part_0_dpo_5/JdN197KBKQE-Scene-0019/entity_60.mp4,T2V_data/label/vidgen_filter_gemini_part_0_dpo_5/JdN197KBKQE-Scene-0019/aug_entity_60.png
T2V_data/VIDGEN-1M_unzip/Jt3RthtG4Yc-Scene-0020.mp4,"The video shows a character dressed in a Spider-Man costume in a city environment. The character is seen walking on the street, and then he jumps over a fence and onto a building. The city has tall buildings, trees, and a clear sky. The character's movements are fluid and agile, and the animation is smooth.",T2V_data/label/vidgen_filter_gemini_part_0_dpo_5/Jt3RthtG4Yc-Scene-0020/depth.mp4,T2V_data/label/vidgen_filter_gemini_part_0_dpo_5/Jt3RthtG4Yc-Scene-0020/aug_entity_20.png
T2V_data/VIDGEN-1M_unzip/Jt3RthtG4Yc-Scene-0020.mp4,"The video shows a character dressed in a Spider-Man costume in a city environment. The character is seen walking on the street, and then he jumps over a fence and onto a building. The city has tall buildings, trees, and a clear sky. The character's movements are fluid and agile, and the animation is smooth.",T2V_data/label/vidgen_filter_gemini_part_0_dpo_5/Jt3RthtG4Yc-Scene-0020/entity_20.mp4,T2V_data/label/vidgen_filter_gemini_part_0_dpo_5/Jt3RthtG4Yc-Scene-0020/aug_entity_20.png
T2V_data/VIDGEN-1M_unzip/Jt3RthtG4Yc-Scene-0020.mp4,"The video shows a character dressed in a Spider-Man costume in a city environment. The character is seen walking on the street, and then he jumps over a fence and onto a building. The city has tall buildings, trees, and a clear sky. The character's movements are fluid and agile, and the animation is smooth.",T2V_data/label/vidgen_filter_gemini_part_0_dpo_5/Jt3RthtG4Yc-Scene-0020/depth.mp4,T2V_data/label/vidgen_filter_gemini_part_0_dpo_5/Jt3RthtG4Yc-Scene-0020/aug_entity_80.png
T2V_data/VIDGEN-1M_unzip/Jt3RthtG4Yc-Scene-0020.mp4,"The video shows a character dressed in a Spider-Man costume in a city environment. The character is seen walking on the street, and then he jumps over a fence and onto a building. The city has tall buildings, trees, and a clear sky. The character's movements are fluid and agile, and the animation is smooth.",T2V_data/label/vidgen_filter_gemini_part_0_dpo_5/Jt3RthtG4Yc-Scene-0020/entity_80.mp4,T2V_data/label/vidgen_filter_gemini_part_0_dpo_5/Jt3RthtG4Yc-Scene-0020/aug_entity_80.png
T2V_data/VIDGEN-1M_unzip/K7pc6HPJ1WQ-Scene-0055.mp4,"The video shows a Pokemon ball rolling on the ground in a grassy area with trees in the background. The ball is green with a red band around it. The video is in slow motion, and the ball is rolling at a slow pace. The grass is a bright green color, and the trees are a darker shade of green. The sky is blue with white clouds. There is no other object or character in the video.",T2V_data/label/vidgen_filter_gemini_part_0_dpo_5/K7pc6HPJ1WQ-Scene-0055/depth.mp4,T2V_data/label/vidgen_filter_gemini_part_0_dpo_5/K7pc6HPJ1WQ-Scene-0055/aug_entity_20.png
T2V_data/VIDGEN-1M_unzip/K7pc6HPJ1WQ-Scene-0055.mp4,"The video shows a Pokemon ball rolling on the ground in a grassy area with trees in the background. The ball is green with a red band around it. The video is in slow motion, and the ball is rolling at a slow pace. The grass is a bright green color, and the trees are a darker shade of green. The sky is blue with white clouds. There is no other object or character in the video.",T2V_data/label/vidgen_filter_gemini_part_0_dpo_5/K7pc6HPJ1WQ-Scene-0055/entity_20.mp4,T2V_data/label/vidgen_filter_gemini_part_0_dpo_5/K7pc6HPJ1WQ-Scene-0055/aug_entity_20.png
T2V_data/VIDGEN-1M_unzip/K7pc6HPJ1WQ-Scene-0055.mp4,"The video shows a Pokemon ball rolling on the ground in a grassy area with trees in the background. The ball is green with a red band around it. The video is in slow motion, and the ball is rolling at a slow pace. The grass is a bright green color, and the trees are a darker shade of green. The sky is blue with white clouds. There is no other object or character in the video.",T2V_data/label/vidgen_filter_gemini_part_0_dpo_5/K7pc6HPJ1WQ-Scene-0055/depth.mp4,T2V_data/label/vidgen_filter_gemini_part_0_dpo_5/K7pc6HPJ1WQ-Scene-0055/aug_entity_40.png
T2V_data/VIDGEN-1M_unzip/K7pc6HPJ1WQ-Scene-0055.mp4,"The video shows a Pokemon ball rolling on the ground in a grassy area with trees in the background. The ball is green with a red band around it. The video is in slow motion, and the ball is rolling at a slow pace. The grass is a bright green color, and the trees are a darker shade of green. The sky is blue with white clouds. There is no other object or character in the video.",T2V_data/label/vidgen_filter_gemini_part_0_dpo_5/K7pc6HPJ1WQ-Scene-0055/entity_40.mp4,T2V_data/label/vidgen_filter_gemini_part_0_dpo_5/K7pc6HPJ1WQ-Scene-0055/aug_entity_40.png
T2V_data/VIDGEN-1M_unzip/KGMFz7XZV_Y-Scene-0233.mp4,"In the video, a person is seen holding a pink plastic bag with a toy inside it. The person is wearing a silver ring on their finger. They are holding the bag over a clear glass bowl and pouring water into it. The water is clear and the bowl is placed on a white surface. The person continues to pour water into the bowl until it is full.",T2V_data/label/vidgen_filter_gemini_part_0_dpo_5/KGMFz7XZV_Y-Scene-0233/depth.mp4,T2V_data/label/vidgen_filter_gemini_part_0_dpo_5/KGMFz7XZV_Y-Scene-0233/aug_entity_60.png
T2V_data/VIDGEN-1M_unzip/KGMFz7XZV_Y-Scene-0233.mp4,"In the video, a person is seen holding a pink plastic bag with a toy inside it. The person is wearing a silver ring on their finger. They are holding the bag over a clear glass bowl and pouring water into it. The water is clear and the bowl is placed on a white surface. The person continues to pour water into the bowl until it is full.",T2V_data/label/vidgen_filter_gemini_part_0_dpo_5/KGMFz7XZV_Y-Scene-0233/entity_60.mp4,T2V_data/label/vidgen_filter_gemini_part_0_dpo_5/KGMFz7XZV_Y-Scene-0233/aug_entity_60.png
T2V_data/VIDGEN-1M_unzip/KPF2hgMFO9s-Scene-0118.mp4,"In the video, a bald man is seen working on a car engine. He is using a hammer to remove a bolt from the engine. The car is red in color, and the engine is visible through the open hood. The man is wearing a black shirt and is focused on his task. The background shows a parking lot with other cars parked.",T2V_data/label/vidgen_filter_gemini_part_0_dpo_5/KPF2hgMFO9s-Scene-0118/depth.mp4,T2V_data/label/vidgen_filter_gemini_part_0_dpo_5/KPF2hgMFO9s-Scene-0118/aug_entity_40.png
T2V_data/VIDGEN-1M_unzip/KPF2hgMFO9s-Scene-0118.mp4,"In the video, a bald man is seen working on a car engine. He is using a hammer to remove a bolt from the engine. The car is red in color, and the engine is visible through the open hood. The man is wearing a black shirt and is focused on his task. The background shows a parking lot with other cars parked.",T2V_data/label/vidgen_filter_gemini_part_0_dpo_5/KPF2hgMFO9s-Scene-0118/entity_40.mp4,T2V_data/label/vidgen_filter_gemini_part_0_dpo_5/KPF2hgMFO9s-Scene-0118/aug_entity_40.png
T2V_data/VIDGEN-1M_unzip/KsgEDnQrRYw-Scene-0013.mp4,"In the video, a man is seen standing on a golf course. He is wearing a white shirt and red pants. The man is holding a golf club and appears to be preparing to swing at a ball. As he swings, he raises his arms up in the air, and the crowd around him cheers. The man seems to be celebrating a successful shot. The golf course is surrounded by trees, and there are several people watching the man play. The video captures the excitement and energy of the moment.",T2V_data/label/vidgen_filter_gemini_part_0_dpo_5/KsgEDnQrRYw-Scene-0013/depth.mp4,T2V_data/label/vidgen_filter_gemini_part_0_dpo_5/KsgEDnQrRYw-Scene-0013/aug_entity_20.png
T2V_data/VIDGEN-1M_unzip/KsgEDnQrRYw-Scene-0013.mp4,"In the video, a man is seen standing on a golf course. He is wearing a white shirt and red pants. The man is holding a golf club and appears to be preparing to swing at a ball. As he swings, he raises his arms up in the air, and the crowd around him cheers. The man seems to be celebrating a successful shot. The golf course is surrounded by trees, and there are several people watching the man play. The video captures the excitement and energy of the moment.",T2V_data/label/vidgen_filter_gemini_part_0_dpo_5/KsgEDnQrRYw-Scene-0013/entity_20.mp4,T2V_data/label/vidgen_filter_gemini_part_0_dpo_5/KsgEDnQrRYw-Scene-0013/aug_entity_20.png
T2V_data/VIDGEN-1M_unzip/KtIPN2hu5Cs-Scene-0045.mp4,"The video shows a person wearing black gloves using a wrench to tighten a bolt on a car. The car is red and black, and the person is working on the engine. The person's hand is visible, and they are using a wrench to tighten the bolt. The video is shot from a top-down perspective, and the person's hand is the main focus.",T2V_data/label/vidgen_filter_gemini_part_0_dpo_5/KtIPN2hu5Cs-Scene-0045/depth.mp4,T2V_data/label/vidgen_filter_gemini_part_0_dpo_5/KtIPN2hu5Cs-Scene-0045/aug_entity_80.png
T2V_data/VIDGEN-1M_unzip/KtIPN2hu5Cs-Scene-0045.mp4,"The video shows a person wearing black gloves using a wrench to tighten a bolt on a car. The car is red and black, and the person is working on the engine. The person's hand is visible, and they are using a wrench to tighten the bolt. The video is shot from a top-down perspective, and the person's hand is the main focus.",T2V_data/label/vidgen_filter_gemini_part_0_dpo_5/KtIPN2hu5Cs-Scene-0045/entity_80.mp4,T2V_data/label/vidgen_filter_gemini_part_0_dpo_5/KtIPN2hu5Cs-Scene-0045/aug_entity_80.png
T2V_data/VIDGEN-1M_unzip/L-gmO1ztHXI-Scene-0009.mp4,"In the video, a man is seen standing in a kitchen. He is wearing a white cap and glasses, and is holding a bottle of soda. He opens the bottle and pours the soda into a red cup. The kitchen is decorated with various items, including a red coffee maker and a red blender. The man appears to be enjoying the process of pouring the soda and seems to be in a good mood.",T2V_data/label/vidgen_filter_gemini_part_0_dpo_5/L-gmO1ztHXI-Scene-0009/depth.mp4,T2V_data/label/vidgen_filter_gemini_part_0_dpo_5/L-gmO1ztHXI-Scene-0009/aug_entity_40.png
T2V_data/VIDGEN-1M_unzip/L-gmO1ztHXI-Scene-0009.mp4,"In the video, a man is seen standing in a kitchen. He is wearing a white cap and glasses, and is holding a bottle of soda. He opens the bottle and pours the soda into a red cup. The kitchen is decorated with various items, including a red coffee maker and a red blender. The man appears to be enjoying the process of pouring the soda and seems to be in a good mood.",T2V_data/label/vidgen_filter_gemini_part_0_dpo_5/L-gmO1ztHXI-Scene-0009/entity_40.mp4,T2V_data/label/vidgen_filter_gemini_part_0_dpo_5/L-gmO1ztHXI-Scene-0009/aug_entity_40.png
T2V_data/VIDGEN-1M_unzip/L0PndDlO8n8-Scene-0073.mp4,"In the video, a man is seen standing in front of a large metal pot that is placed over a fire. He is wearing a white robe and a white turban on his head. The man is speaking to the camera while gesturing with his hands. The fire under the pot is bright orange and appears to be burning wood. The pot is silver in color and has a lid on top. The man seems to be cooking something in the pot, as he is stirring it with a long wooden spoon. The background is a grassy area with trees and a clear sky.",T2V_data/label/vidgen_filter_gemini_part_0_dpo_5/L0PndDlO8n8-Scene-0073/depth.mp4,T2V_data/label/vidgen_filter_gemini_part_0_dpo_5/L0PndDlO8n8-Scene-0073/aug_entity_20.png
T2V_data/VIDGEN-1M_unzip/L0PndDlO8n8-Scene-0073.mp4,"In the video, a man is seen standing in front of a large metal pot that is placed over a fire. He is wearing a white robe and a white turban on his head. The man is speaking to the camera while gesturing with his hands. The fire under the pot is bright orange and appears to be burning wood. The pot is silver in color and has a lid on top. The man seems to be cooking something in the pot, as he is stirring it with a long wooden spoon. The background is a grassy area with trees and a clear sky.",T2V_data/label/vidgen_filter_gemini_part_0_dpo_5/L0PndDlO8n8-Scene-0073/entity_20.mp4,T2V_data/label/vidgen_filter_gemini_part_0_dpo_5/L0PndDlO8n8-Scene-0073/aug_entity_20.png
T2V_data/VIDGEN-1M_unzip/L0PndDlO8n8-Scene-0073.mp4,"In the video, a man is seen standing in front of a large metal pot that is placed over a fire. He is wearing a white robe and a white turban on his head. The man is speaking to the camera while gesturing with his hands. The fire under the pot is bright orange and appears to be burning wood. The pot is silver in color and has a lid on top. The man seems to be cooking something in the pot, as he is stirring it with a long wooden spoon. The background is a grassy area with trees and a clear sky.",T2V_data/label/vidgen_filter_gemini_part_0_dpo_5/L0PndDlO8n8-Scene-0073/depth.mp4,T2V_data/label/vidgen_filter_gemini_part_0_dpo_5/L0PndDlO8n8-Scene-0073/aug_entity_40.png
T2V_data/VIDGEN-1M_unzip/L0PndDlO8n8-Scene-0073.mp4,"In the video, a man is seen standing in front of a large metal pot that is placed over a fire. He is wearing a white robe and a white turban on his head. The man is speaking to the camera while gesturing with his hands. The fire under the pot is bright orange and appears to be burning wood. The pot is silver in color and has a lid on top. The man seems to be cooking something in the pot, as he is stirring it with a long wooden spoon. The background is a grassy area with trees and a clear sky.",T2V_data/label/vidgen_filter_gemini_part_0_dpo_5/L0PndDlO8n8-Scene-0073/entity_40.mp4,T2V_data/label/vidgen_filter_gemini_part_0_dpo_5/L0PndDlO8n8-Scene-0073/aug_entity_40.png
T2V_data/VIDGEN-1M_unzip/LIxuCH4g0Jg-Scene-0073.mp4,"The video shows a close-up shot of a wooden stick and a metal pole in a body of water. The stick is being pushed against the pole, causing it to move. The water is clear, and the bottom of the body of water is visible. The stick and pole are the main objects in the video, and their interaction is the focus of the shot.",T2V_data/label/vidgen_filter_gemini_part_0_dpo_5/LIxuCH4g0Jg-Scene-0073/depth.mp4,T2V_data/label/vidgen_filter_gemini_part_0_dpo_5/LIxuCH4g0Jg-Scene-0073/aug_entity_40.png
T2V_data/VIDGEN-1M_unzip/LIxuCH4g0Jg-Scene-0073.mp4,"The video shows a close-up shot of a wooden stick and a metal pole in a body of water. The stick is being pushed against the pole, causing it to move. The water is clear, and the bottom of the body of water is visible. The stick and pole are the main objects in the video, and their interaction is the focus of the shot.",T2V_data/label/vidgen_filter_gemini_part_0_dpo_5/LIxuCH4g0Jg-Scene-0073/entity_40.mp4,T2V_data/label/vidgen_filter_gemini_part_0_dpo_5/LIxuCH4g0Jg-Scene-0073/aug_entity_40.png
T2V_data/VIDGEN-1M_unzip/LP3VnYHq7lQ-Scene-0140.mp4,"In the video, a man is seen driving a forklift and moving boxes from the back of a truck. The man is wearing a white hat and a black shirt. The truck is parked on the side of the road, and the boxes are wrapped in plastic. The forklift is black and has a green tag on it. The man is carefully maneuvering the forklift to lift the boxes and place them in a different location. The background shows a clear blue sky and some greenery.",T2V_data/label/vidgen_filter_gemini_part_0_dpo_5/LP3VnYHq7lQ-Scene-0140/depth.mp4,T2V_data/label/vidgen_filter_gemini_part_0_dpo_5/LP3VnYHq7lQ-Scene-0140/aug_entity_60.png
T2V_data/VIDGEN-1M_unzip/LP3VnYHq7lQ-Scene-0140.mp4,"In the video, a man is seen driving a forklift and moving boxes from the back of a truck. The man is wearing a white hat and a black shirt. The truck is parked on the side of the road, and the boxes are wrapped in plastic. The forklift is black and has a green tag on it. The man is carefully maneuvering the forklift to lift the boxes and place them in a different location. The background shows a clear blue sky and some greenery.",T2V_data/label/vidgen_filter_gemini_part_0_dpo_5/LP3VnYHq7lQ-Scene-0140/entity_60.mp4,T2V_data/label/vidgen_filter_gemini_part_0_dpo_5/LP3VnYHq7lQ-Scene-0140/aug_entity_60.png
T2V_data/VIDGEN-1M_unzip/LW9sHo4anfI-Scene-0065.mp4,The video shows a close-up of a spider crawling on a rock. The spider has a black body with orange markings on its back. It has long legs and is moving slowly across the rock's surface. The rock is gray and has some small pebbles on it. The spider's movements are deliberate and careful as it navigates the uneven terrain.,T2V_data/label/vidgen_filter_gemini_part_0_dpo_5/LW9sHo4anfI-Scene-0065/depth.mp4,T2V_data/label/vidgen_filter_gemini_part_0_dpo_5/LW9sHo4anfI-Scene-0065/aug_entity_20.png
T2V_data/VIDGEN-1M_unzip/LW9sHo4anfI-Scene-0065.mp4,The video shows a close-up of a spider crawling on a rock. The spider has a black body with orange markings on its back. It has long legs and is moving slowly across the rock's surface. The rock is gray and has some small pebbles on it. The spider's movements are deliberate and careful as it navigates the uneven terrain.,T2V_data/label/vidgen_filter_gemini_part_0_dpo_5/LW9sHo4anfI-Scene-0065/entity_20.mp4,T2V_data/label/vidgen_filter_gemini_part_0_dpo_5/LW9sHo4anfI-Scene-0065/aug_entity_20.png
T2V_data/VIDGEN-1M_unzip/LWlafDHuwHo-Scene-0028.mp4,"The video shows a close-up of a person's hand holding a knife and cutting through a piece of meat on a wooden cutting board. The knife is silver and has a sharp blade, and the meat is pink with white fatty areas. The person's hand is steady as they slice through the meat, and the cutting board is brown with visible grain.",T2V_data/label/vidgen_filter_gemini_part_0_dpo_5/LWlafDHuwHo-Scene-0028/depth.mp4,T2V_data/label/vidgen_filter_gemini_part_0_dpo_5/LWlafDHuwHo-Scene-0028/aug_entity_40.png
T2V_data/VIDGEN-1M_unzip/LWlafDHuwHo-Scene-0028.mp4,"The video shows a close-up of a person's hand holding a knife and cutting through a piece of meat on a wooden cutting board. The knife is silver and has a sharp blade, and the meat is pink with white fatty areas. The person's hand is steady as they slice through the meat, and the cutting board is brown with visible grain.",T2V_data/label/vidgen_filter_gemini_part_0_dpo_5/LWlafDHuwHo-Scene-0028/entity_40.mp4,T2V_data/label/vidgen_filter_gemini_part_0_dpo_5/LWlafDHuwHo-Scene-0028/aug_entity_40.png
T2V_data/VIDGEN-1M_unzip/LgGfDceJnm8-Scene-0003.mp4,"In the video, a person is seen cooking in a pan. The pan is placed on a stove, and the person is using a wooden spatula to stir the contents. The person then adds chopped onions to the pan and continues to stir them. The onions are being cooked in oil, and the person stirs them continuously to ensure even cooking. The person's movements are deliberate and careful, ensuring that the onions do not stick to the pan or burn. The sound of sizzling can be heard as the onions cook, indicating that the pan is hot. The person's focus is on the task at hand, and they appear to be experienced in cooking. The video provides a clear view of the cooking process, and the viewer can see the onions turning translucent as they cook.",T2V_data/label/vidgen_filter_gemini_part_0_dpo_5/LgGfDceJnm8-Scene-0003/depth.mp4,T2V_data/label/vidgen_filter_gemini_part_0_dpo_5/LgGfDceJnm8-Scene-0003/aug_entity_40.png
T2V_data/VIDGEN-1M_unzip/LgGfDceJnm8-Scene-0003.mp4,"In the video, a person is seen cooking in a pan. The pan is placed on a stove, and the person is using a wooden spatula to stir the contents. The person then adds chopped onions to the pan and continues to stir them. The onions are being cooked in oil, and the person stirs them continuously to ensure even cooking. The person's movements are deliberate and careful, ensuring that the onions do not stick to the pan or burn. The sound of sizzling can be heard as the onions cook, indicating that the pan is hot. The person's focus is on the task at hand, and they appear to be experienced in cooking. The video provides a clear view of the cooking process, and the viewer can see the onions turning translucent as they cook.",T2V_data/label/vidgen_filter_gemini_part_0_dpo_5/LgGfDceJnm8-Scene-0003/entity_40.mp4,T2V_data/label/vidgen_filter_gemini_part_0_dpo_5/LgGfDceJnm8-Scene-0003/aug_entity_40.png
T2V_data/VIDGEN-1M_unzip/LgUqaIOcHGE-Scene-0048.mp4,"The video is a compilation of clips from a mixed martial arts fight. The fighter, a muscular man with short hair, is seen in various stages of the fight. He is shirtless, wearing only gloves and shorts, and appears to be in a caged ring with a crowd in the background. The fighter is shown punching and kicking his opponent, who is also a muscular man. The fighter's movements are aggressive and focused, and he appears to be winning the fight. The crowd is cheering and reacting to the action in the ring. The video captures the intensity and excitement of the fight, with the fighter's movements and the crowd's reactions being the main focus.",T2V_data/label/vidgen_filter_gemini_part_0_dpo_5/LgUqaIOcHGE-Scene-0048/depth.mp4,T2V_data/label/vidgen_filter_gemini_part_0_dpo_5/LgUqaIOcHGE-Scene-0048/aug_entity_20.png
T2V_data/VIDGEN-1M_unzip/LgUqaIOcHGE-Scene-0048.mp4,"The video is a compilation of clips from a mixed martial arts fight. The fighter, a muscular man with short hair, is seen in various stages of the fight. He is shirtless, wearing only gloves and shorts, and appears to be in a caged ring with a crowd in the background. The fighter is shown punching and kicking his opponent, who is also a muscular man. The fighter's movements are aggressive and focused, and he appears to be winning the fight. The crowd is cheering and reacting to the action in the ring. The video captures the intensity and excitement of the fight, with the fighter's movements and the crowd's reactions being the main focus.",T2V_data/label/vidgen_filter_gemini_part_0_dpo_5/LgUqaIOcHGE-Scene-0048/entity_20.mp4,T2V_data/label/vidgen_filter_gemini_part_0_dpo_5/LgUqaIOcHGE-Scene-0048/aug_entity_20.png
T2V_data/VIDGEN-1M_unzip/M5O0300mzks-Scene-0016.mp4,"In the video, a person is holding a metal clasp in their hands. The clasp is silver in color and has a curved shape. The person is using their fingers to bend and twist the clasp, demonstrating its flexibility. The background is blurred, but it appears to be a neutral color. The focus is on the clasp and the person's hands, which are visible in the foreground.",T2V_data/label/vidgen_filter_gemini_part_0_dpo_5/M5O0300mzks-Scene-0016/depth.mp4,T2V_data/label/vidgen_filter_gemini_part_0_dpo_5/M5O0300mzks-Scene-0016/aug_entity_40.png
T2V_data/VIDGEN-1M_unzip/M5O0300mzks-Scene-0016.mp4,"In the video, a person is holding a metal clasp in their hands. The clasp is silver in color and has a curved shape. The person is using their fingers to bend and twist the clasp, demonstrating its flexibility. The background is blurred, but it appears to be a neutral color. The focus is on the clasp and the person's hands, which are visible in the foreground.",T2V_data/label/vidgen_filter_gemini_part_0_dpo_5/M5O0300mzks-Scene-0016/entity_40.mp4,T2V_data/label/vidgen_filter_gemini_part_0_dpo_5/M5O0300mzks-Scene-0016/aug_entity_40.png
T2V_data/VIDGEN-1M_unzip/MG-MCxCPr4M-Scene-0089.mp4,"The video features a person kneading an orange slime on a white surface. The person's hands are visible, and they are wearing a blue dress with a purple bracelet on their wrist. The slime appears to be soft and stretchy, and the person is using their hands to fold and press it. The background is not visible, and the focus is solely on the slime and the person's hands.",T2V_data/label/vidgen_filter_gemini_part_0_dpo_5/MG-MCxCPr4M-Scene-0089/depth.mp4,T2V_data/label/vidgen_filter_gemini_part_0_dpo_5/MG-MCxCPr4M-Scene-0089/aug_entity_40.png
T2V_data/VIDGEN-1M_unzip/MG-MCxCPr4M-Scene-0089.mp4,"The video features a person kneading an orange slime on a white surface. The person's hands are visible, and they are wearing a blue dress with a purple bracelet on their wrist. The slime appears to be soft and stretchy, and the person is using their hands to fold and press it. The background is not visible, and the focus is solely on the slime and the person's hands.",T2V_data/label/vidgen_filter_gemini_part_0_dpo_5/MG-MCxCPr4M-Scene-0089/entity_40.mp4,T2V_data/label/vidgen_filter_gemini_part_0_dpo_5/MG-MCxCPr4M-Scene-0089/aug_entity_40.png
T2V_data/VIDGEN-1M_unzip/MWJenjiy2Vo-Scene-0024.mp4,"In the video, a person is holding two pencils in their hands. The pencils are orange in color and have a pink rubber band tied around them. The person is using their fingers to stretch the rubber band and then releases it, causing the pencils to bounce up and down. The background is a plain white wall.",T2V_data/label/vidgen_filter_gemini_part_0_dpo_5/MWJenjiy2Vo-Scene-0024/depth.mp4,T2V_data/label/vidgen_filter_gemini_part_0_dpo_5/MWJenjiy2Vo-Scene-0024/aug_entity_40.png
T2V_data/VIDGEN-1M_unzip/MWJenjiy2Vo-Scene-0024.mp4,"In the video, a person is holding two pencils in their hands. The pencils are orange in color and have a pink rubber band tied around them. The person is using their fingers to stretch the rubber band and then releases it, causing the pencils to bounce up and down. The background is a plain white wall.",T2V_data/label/vidgen_filter_gemini_part_0_dpo_5/MWJenjiy2Vo-Scene-0024/entity_40.mp4,T2V_data/label/vidgen_filter_gemini_part_0_dpo_5/MWJenjiy2Vo-Scene-0024/aug_entity_40.png
T2V_data/VIDGEN-1M_unzip/NFvi7ngpsb4-Scene-0005.mp4,"The video shows a calico cat playing with a toy. The cat is lying on the floor and is seen biting and pawing at the toy. The toy appears to be a rope with a blue handle. The cat is focused on the toy and seems to be enjoying playing with it. The floor is carpeted and there is a window in the background. The lighting in the room is natural, suggesting that the video was taken during the day. The cat's fur is a mix of black, orange, and white, and it has a long tail. The toy is made of a natural fiber material and has a white tag attached to it.",T2V_data/label/vidgen_filter_gemini_part_0_dpo_5/NFvi7ngpsb4-Scene-0005/depth.mp4,T2V_data/label/vidgen_filter_gemini_part_0_dpo_5/NFvi7ngpsb4-Scene-0005/aug_entity_40.png
T2V_data/VIDGEN-1M_unzip/NFvi7ngpsb4-Scene-0005.mp4,"The video shows a calico cat playing with a toy. The cat is lying on the floor and is seen biting and pawing at the toy. The toy appears to be a rope with a blue handle. The cat is focused on the toy and seems to be enjoying playing with it. The floor is carpeted and there is a window in the background. The lighting in the room is natural, suggesting that the video was taken during the day. The cat's fur is a mix of black, orange, and white, and it has a long tail. The toy is made of a natural fiber material and has a white tag attached to it.",T2V_data/label/vidgen_filter_gemini_part_0_dpo_5/NFvi7ngpsb4-Scene-0005/entity_40.mp4,T2V_data/label/vidgen_filter_gemini_part_0_dpo_5/NFvi7ngpsb4-Scene-0005/aug_entity_40.png
T2V_data/VIDGEN-1M_unzip/NH0VjjC5jbg-Scene-0048.mp4,"The video shows a person using a blue tool to remove the glass from a smartphone. The person is wearing gloves and carefully peels off the glass from the phone's screen. The video also includes a caption that reads ""Removing the Glass. Make sure the surface is clean before affixing.""",T2V_data/label/vidgen_filter_gemini_part_0_dpo_5/NH0VjjC5jbg-Scene-0048/depth.mp4,T2V_data/label/vidgen_filter_gemini_part_0_dpo_5/NH0VjjC5jbg-Scene-0048/aug_entity_80.png
T2V_data/VIDGEN-1M_unzip/NH0VjjC5jbg-Scene-0048.mp4,"The video shows a person using a blue tool to remove the glass from a smartphone. The person is wearing gloves and carefully peels off the glass from the phone's screen. The video also includes a caption that reads ""Removing the Glass. Make sure the surface is clean before affixing.""",T2V_data/label/vidgen_filter_gemini_part_0_dpo_5/NH0VjjC5jbg-Scene-0048/entity_80.mp4,T2V_data/label/vidgen_filter_gemini_part_0_dpo_5/NH0VjjC5jbg-Scene-0048/aug_entity_80.png
T2V_data/VIDGEN-1M_unzip/NHcRfCdcso4-Scene-0058.mp4,"This video features a central circular object that appears to be a black hole, surrounded by a bright light. The background is dark, and there are sparks and light particles moving around the black hole. The light particles vary in color, including yellow, orange, and white. The sparks are primarily white and yellow, and they move in a way that suggests they are being pulled towards the black hole. The video has a cosmic feel to it, with the black hole at the center being the main focus.",T2V_data/label/vidgen_filter_gemini_part_0_dpo_5/NHcRfCdcso4-Scene-0058/depth.mp4,T2V_data/label/vidgen_filter_gemini_part_0_dpo_5/NHcRfCdcso4-Scene-0058/aug_entity_20.png
T2V_data/VIDGEN-1M_unzip/NHcRfCdcso4-Scene-0058.mp4,"This video features a central circular object that appears to be a black hole, surrounded by a bright light. The background is dark, and there are sparks and light particles moving around the black hole. The light particles vary in color, including yellow, orange, and white. The sparks are primarily white and yellow, and they move in a way that suggests they are being pulled towards the black hole. The video has a cosmic feel to it, with the black hole at the center being the main focus.",T2V_data/label/vidgen_filter_gemini_part_0_dpo_5/NHcRfCdcso4-Scene-0058/entity_20.mp4,T2V_data/label/vidgen_filter_gemini_part_0_dpo_5/NHcRfCdcso4-Scene-0058/aug_entity_20.png
T2V_data/VIDGEN-1M_unzip/NHcRfCdcso4-Scene-0058.mp4,"This video features a central circular object that appears to be a black hole, surrounded by a bright light. The background is dark, and there are sparks and light particles moving around the black hole. The light particles vary in color, including yellow, orange, and white. The sparks are primarily white and yellow, and they move in a way that suggests they are being pulled towards the black hole. The video has a cosmic feel to it, with the black hole at the center being the main focus.",T2V_data/label/vidgen_filter_gemini_part_0_dpo_5/NHcRfCdcso4-Scene-0058/depth.mp4,T2V_data/label/vidgen_filter_gemini_part_0_dpo_5/NHcRfCdcso4-Scene-0058/aug_entity_40.png
T2V_data/VIDGEN-1M_unzip/NHcRfCdcso4-Scene-0058.mp4,"This video features a central circular object that appears to be a black hole, surrounded by a bright light. The background is dark, and there are sparks and light particles moving around the black hole. The light particles vary in color, including yellow, orange, and white. The sparks are primarily white and yellow, and they move in a way that suggests they are being pulled towards the black hole. The video has a cosmic feel to it, with the black hole at the center being the main focus.",T2V_data/label/vidgen_filter_gemini_part_0_dpo_5/NHcRfCdcso4-Scene-0058/entity_40.mp4,T2V_data/label/vidgen_filter_gemini_part_0_dpo_5/NHcRfCdcso4-Scene-0058/aug_entity_40.png
T2V_data/VIDGEN-1M_unzip/NK0GH4Qovyw-Scene-0007.mp4,"In the video, a person is seen holding a red wire and a black wire in their hands. The person then proceeds to flip a light switch on the wall, causing the light to turn on. The person then flips the switch off, and the light turns off. The person repeats this action several times, flipping the switch on and off. The light switch is a standard two-way switch, and the wall is painted white. The person's hand is visible in the frame, and they are wearing a gray long-sleeved shirt. The video is shot in a well-lit room, and the sound of the switch being flipped on and off can be heard.",T2V_data/label/vidgen_filter_gemini_part_0_dpo_5/NK0GH4Qovyw-Scene-0007/depth.mp4,T2V_data/label/vidgen_filter_gemini_part_0_dpo_5/NK0GH4Qovyw-Scene-0007/aug_entity_40.png
T2V_data/VIDGEN-1M_unzip/NK0GH4Qovyw-Scene-0007.mp4,"In the video, a person is seen holding a red wire and a black wire in their hands. The person then proceeds to flip a light switch on the wall, causing the light to turn on. The person then flips the switch off, and the light turns off. The person repeats this action several times, flipping the switch on and off. The light switch is a standard two-way switch, and the wall is painted white. The person's hand is visible in the frame, and they are wearing a gray long-sleeved shirt. The video is shot in a well-lit room, and the sound of the switch being flipped on and off can be heard.",T2V_data/label/vidgen_filter_gemini_part_0_dpo_5/NK0GH4Qovyw-Scene-0007/entity_40.mp4,T2V_data/label/vidgen_filter_gemini_part_0_dpo_5/NK0GH4Qovyw-Scene-0007/aug_entity_40.png
T2V_data/VIDGEN-1M_unzip/NQ6M5hfmNkU-Scene-0042.mp4,"In the video, a person's hand is shown digging into the soil. The hand is covered in dirt and the soil is dark brown. The person is holding a clump of soil in their hand and then releases it, letting the dirt fall back into the ground. The background is a field with green grass and the sun is shining brightly.",T2V_data/label/vidgen_filter_gemini_part_0_dpo_5/NQ6M5hfmNkU-Scene-0042/depth.mp4,T2V_data/label/vidgen_filter_gemini_part_0_dpo_5/NQ6M5hfmNkU-Scene-0042/aug_entity_40.png
T2V_data/VIDGEN-1M_unzip/NQ6M5hfmNkU-Scene-0042.mp4,"In the video, a person's hand is shown digging into the soil. The hand is covered in dirt and the soil is dark brown. The person is holding a clump of soil in their hand and then releases it, letting the dirt fall back into the ground. The background is a field with green grass and the sun is shining brightly.",T2V_data/label/vidgen_filter_gemini_part_0_dpo_5/NQ6M5hfmNkU-Scene-0042/entity_40.mp4,T2V_data/label/vidgen_filter_gemini_part_0_dpo_5/NQ6M5hfmNkU-Scene-0042/aug_entity_40.png
T2V_data/VIDGEN-1M_unzip/NY5MzGxTKZA-Scene-0142.mp4,"The video shows a man wearing shorts and no shirt, pushing a white caravan with the word ""Scamp"" written on it. The caravan is parked on a dirt road surrounded by trees. The man is using a tool to push the caravan, and he appears to be exerting effort. The caravan has a red stripe on the side and a black bumper. The man has a beard and is wearing brown shoes.",T2V_data/label/vidgen_filter_gemini_part_0_dpo_5/NY5MzGxTKZA-Scene-0142/depth.mp4,T2V_data/label/vidgen_filter_gemini_part_0_dpo_5/NY5MzGxTKZA-Scene-0142/aug_entity_40.png
T2V_data/VIDGEN-1M_unzip/NY5MzGxTKZA-Scene-0142.mp4,"The video shows a man wearing shorts and no shirt, pushing a white caravan with the word ""Scamp"" written on it. The caravan is parked on a dirt road surrounded by trees. The man is using a tool to push the caravan, and he appears to be exerting effort. The caravan has a red stripe on the side and a black bumper. The man has a beard and is wearing brown shoes.",T2V_data/label/vidgen_filter_gemini_part_0_dpo_5/NY5MzGxTKZA-Scene-0142/entity_40.mp4,T2V_data/label/vidgen_filter_gemini_part_0_dpo_5/NY5MzGxTKZA-Scene-0142/aug_entity_40.png
T2V_data/VIDGEN-1M_unzip/NZqHi5AAtzA-Scene-0033.mp4,"The video shows a close-up of a person's hand holding a knife. The person is holding the knife with their thumb on one side and their index finger on the other side. The person then flips the knife open, revealing the blade. The blade is silver and appears to be sharp. The handle of the knife is black and has a textured grip. The person then closes the knife by flipping it back to its original position. The background is a solid blue color.",T2V_data/label/vidgen_filter_gemini_part_0_dpo_5/NZqHi5AAtzA-Scene-0033/depth.mp4,T2V_data/label/vidgen_filter_gemini_part_0_dpo_5/NZqHi5AAtzA-Scene-0033/aug_entity_60.png
T2V_data/VIDGEN-1M_unzip/NZqHi5AAtzA-Scene-0033.mp4,"The video shows a close-up of a person's hand holding a knife. The person is holding the knife with their thumb on one side and their index finger on the other side. The person then flips the knife open, revealing the blade. The blade is silver and appears to be sharp. The handle of the knife is black and has a textured grip. The person then closes the knife by flipping it back to its original position. The background is a solid blue color.",T2V_data/label/vidgen_filter_gemini_part_0_dpo_5/NZqHi5AAtzA-Scene-0033/entity_60.mp4,T2V_data/label/vidgen_filter_gemini_part_0_dpo_5/NZqHi5AAtzA-Scene-0033/aug_entity_60.png
T2V_data/VIDGEN-1M_unzip/Ne6Vb3YIjl8-Scene-0041.mp4,"The video shows a boxing match between two boxers in a ring. One of the boxers is wearing blue gloves and is throwing a punch at the other boxer, who is wearing green gloves. The boxer with blue gloves is also wearing a pair of blue shorts with a white stripe on the side. The boxer with green gloves is wearing a pair of black shorts. The boxing ring has a blue rope around it, and there are spectators in the background.",T2V_data/label/vidgen_filter_gemini_part_0_dpo_5/Ne6Vb3YIjl8-Scene-0041/depth.mp4,T2V_data/label/vidgen_filter_gemini_part_0_dpo_5/Ne6Vb3YIjl8-Scene-0041/aug_entity_20.png
T2V_data/VIDGEN-1M_unzip/Ne6Vb3YIjl8-Scene-0041.mp4,"The video shows a boxing match between two boxers in a ring. One of the boxers is wearing blue gloves and is throwing a punch at the other boxer, who is wearing green gloves. The boxer with blue gloves is also wearing a pair of blue shorts with a white stripe on the side. The boxer with green gloves is wearing a pair of black shorts. The boxing ring has a blue rope around it, and there are spectators in the background.",T2V_data/label/vidgen_filter_gemini_part_0_dpo_5/Ne6Vb3YIjl8-Scene-0041/entity_20.mp4,T2V_data/label/vidgen_filter_gemini_part_0_dpo_5/Ne6Vb3YIjl8-Scene-0041/aug_entity_20.png
T2V_data/VIDGEN-1M_unzip/Ne6Vb3YIjl8-Scene-0041.mp4,"The video shows a boxing match between two boxers in a ring. One of the boxers is wearing blue gloves and is throwing a punch at the other boxer, who is wearing green gloves. The boxer with blue gloves is also wearing a pair of blue shorts with a white stripe on the side. The boxer with green gloves is wearing a pair of black shorts. The boxing ring has a blue rope around it, and there are spectators in the background.",T2V_data/label/vidgen_filter_gemini_part_0_dpo_5/Ne6Vb3YIjl8-Scene-0041/depth.mp4,T2V_data/label/vidgen_filter_gemini_part_0_dpo_5/Ne6Vb3YIjl8-Scene-0041/aug_entity_60.png
T2V_data/VIDGEN-1M_unzip/Ne6Vb3YIjl8-Scene-0041.mp4,"The video shows a boxing match between two boxers in a ring. One of the boxers is wearing blue gloves and is throwing a punch at the other boxer, who is wearing green gloves. The boxer with blue gloves is also wearing a pair of blue shorts with a white stripe on the side. The boxer with green gloves is wearing a pair of black shorts. The boxing ring has a blue rope around it, and there are spectators in the background.",T2V_data/label/vidgen_filter_gemini_part_0_dpo_5/Ne6Vb3YIjl8-Scene-0041/entity_60.mp4,T2V_data/label/vidgen_filter_gemini_part_0_dpo_5/Ne6Vb3YIjl8-Scene-0041/aug_entity_60.png
T2V_data/VIDGEN-1M_unzip/NeYffCXgfR8-Scene-0008.mp4,"The video shows a man riding a skateboard on a street. He is wearing a black shirt and grey pants. The skateboard has orange wheels and a black deck with the word ""THRASHER"" written on it. The man is seen performing a trick where he jumps and flips the skateboard under his feet before landing back on it. The background shows parked cars and green bushes.",T2V_data/label/vidgen_filter_gemini_part_0_dpo_5/NeYffCXgfR8-Scene-0008/depth.mp4,T2V_data/label/vidgen_filter_gemini_part_0_dpo_5/NeYffCXgfR8-Scene-0008/aug_entity_20.png
T2V_data/VIDGEN-1M_unzip/NeYffCXgfR8-Scene-0008.mp4,"The video shows a man riding a skateboard on a street. He is wearing a black shirt and grey pants. The skateboard has orange wheels and a black deck with the word ""THRASHER"" written on it. The man is seen performing a trick where he jumps and flips the skateboard under his feet before landing back on it. The background shows parked cars and green bushes.",T2V_data/label/vidgen_filter_gemini_part_0_dpo_5/NeYffCXgfR8-Scene-0008/entity_20.mp4,T2V_data/label/vidgen_filter_gemini_part_0_dpo_5/NeYffCXgfR8-Scene-0008/aug_entity_20.png
T2V_data/VIDGEN-1M_unzip/Nvr_zVkXjWA-Scene-0034.mp4,"The video shows a baseball player in a white uniform with blue and yellow accents, and blue and yellow shoes, swinging a bat at a baseball. The player is wearing a helmet and is positioned in the batter's box. The catcher, wearing a dark uniform with blue and gray accents, is crouched behind the batter, ready to catch the ball. The umpire, dressed in black, is standing behind the catcher, observing the play. The background shows a baseball field with a red dirt infield and green grass outfield. The video captures the moment the player swings the bat and hits the ball, which is then caught by the catcher.",T2V_data/label/vidgen_filter_gemini_part_0_dpo_5/Nvr_zVkXjWA-Scene-0034/depth.mp4,T2V_data/label/vidgen_filter_gemini_part_0_dpo_5/Nvr_zVkXjWA-Scene-0034/aug_entity_60.png
T2V_data/VIDGEN-1M_unzip/Nvr_zVkXjWA-Scene-0034.mp4,"The video shows a baseball player in a white uniform with blue and yellow accents, and blue and yellow shoes, swinging a bat at a baseball. The player is wearing a helmet and is positioned in the batter's box. The catcher, wearing a dark uniform with blue and gray accents, is crouched behind the batter, ready to catch the ball. The umpire, dressed in black, is standing behind the catcher, observing the play. The background shows a baseball field with a red dirt infield and green grass outfield. The video captures the moment the player swings the bat and hits the ball, which is then caught by the catcher.",T2V_data/label/vidgen_filter_gemini_part_0_dpo_5/Nvr_zVkXjWA-Scene-0034/entity_60.mp4,T2V_data/label/vidgen_filter_gemini_part_0_dpo_5/Nvr_zVkXjWA-Scene-0034/aug_entity_60.png
T2V_data/VIDGEN-1M_unzip/Nvr_zVkXjWA-Scene-0034.mp4,"The video shows a baseball player in a white uniform with blue and yellow accents, and blue and yellow shoes, swinging a bat at a baseball. The player is wearing a helmet and is positioned in the batter's box. The catcher, wearing a dark uniform with blue and gray accents, is crouched behind the batter, ready to catch the ball. The umpire, dressed in black, is standing behind the catcher, observing the play. The background shows a baseball field with a red dirt infield and green grass outfield. The video captures the moment the player swings the bat and hits the ball, which is then caught by the catcher.",T2V_data/label/vidgen_filter_gemini_part_0_dpo_5/Nvr_zVkXjWA-Scene-0034/depth.mp4,T2V_data/label/vidgen_filter_gemini_part_0_dpo_5/Nvr_zVkXjWA-Scene-0034/aug_entity_80.png
T2V_data/VIDGEN-1M_unzip/Nvr_zVkXjWA-Scene-0034.mp4,"The video shows a baseball player in a white uniform with blue and yellow accents, and blue and yellow shoes, swinging a bat at a baseball. The player is wearing a helmet and is positioned in the batter's box. The catcher, wearing a dark uniform with blue and gray accents, is crouched behind the batter, ready to catch the ball. The umpire, dressed in black, is standing behind the catcher, observing the play. The background shows a baseball field with a red dirt infield and green grass outfield. The video captures the moment the player swings the bat and hits the ball, which is then caught by the catcher.",T2V_data/label/vidgen_filter_gemini_part_0_dpo_5/Nvr_zVkXjWA-Scene-0034/entity_80.mp4,T2V_data/label/vidgen_filter_gemini_part_0_dpo_5/Nvr_zVkXjWA-Scene-0034/aug_entity_80.png
T2V_data/VIDGEN-1M_unzip/O3Mx1aVTnyU-Scene-0010.mp4,The video shows a baseball player wearing a black and red uniform with the number 3 on the back. The player is standing on a baseball field with a crowd in the background. The player is seen throwing the ball towards the outfield. The ball is then caught by another player wearing a white uniform with the number 13. The video is shot from the perspective of the player throwing the ball.,T2V_data/label/vidgen_filter_gemini_part_0_dpo_5/O3Mx1aVTnyU-Scene-0010/depth.mp4,T2V_data/label/vidgen_filter_gemini_part_0_dpo_5/O3Mx1aVTnyU-Scene-0010/aug_entity_20.png
T2V_data/VIDGEN-1M_unzip/O3Mx1aVTnyU-Scene-0010.mp4,The video shows a baseball player wearing a black and red uniform with the number 3 on the back. The player is standing on a baseball field with a crowd in the background. The player is seen throwing the ball towards the outfield. The ball is then caught by another player wearing a white uniform with the number 13. The video is shot from the perspective of the player throwing the ball.,T2V_data/label/vidgen_filter_gemini_part_0_dpo_5/O3Mx1aVTnyU-Scene-0010/entity_20.mp4,T2V_data/label/vidgen_filter_gemini_part_0_dpo_5/O3Mx1aVTnyU-Scene-0010/aug_entity_20.png
T2V_data/VIDGEN-1M_unzip/O5odQY0ktOU-Scene-0037.mp4,"In the video, a person is seen using a rolling pin to flatten a piece of dough on a countertop. The countertop is dusted with flour, and the person is wearing a pink shirt. The rolling pin is black and cylindrical, and the dough is a light yellow color. The person rolls the pin back and forth over the dough, gradually flattening it out. The video is shot from a side angle, and the person's hands are visible as they work on the dough.",T2V_data/label/vidgen_filter_gemini_part_0_dpo_5/O5odQY0ktOU-Scene-0037/depth.mp4,T2V_data/label/vidgen_filter_gemini_part_0_dpo_5/O5odQY0ktOU-Scene-0037/aug_entity_60.png
T2V_data/VIDGEN-1M_unzip/O5odQY0ktOU-Scene-0037.mp4,"In the video, a person is seen using a rolling pin to flatten a piece of dough on a countertop. The countertop is dusted with flour, and the person is wearing a pink shirt. The rolling pin is black and cylindrical, and the dough is a light yellow color. The person rolls the pin back and forth over the dough, gradually flattening it out. The video is shot from a side angle, and the person's hands are visible as they work on the dough.",T2V_data/label/vidgen_filter_gemini_part_0_dpo_5/O5odQY0ktOU-Scene-0037/entity_60.mp4,T2V_data/label/vidgen_filter_gemini_part_0_dpo_5/O5odQY0ktOU-Scene-0037/aug_entity_60.png
T2V_data/VIDGEN-1M_unzip/O9xfUh2KOso-Scene-0029.mp4,"In the video, a woman is seen standing in front of a blue bucket. She is holding a bottle of Coca-Cola in her hand and pouring it over her head. The woman has long, dark hair and is wearing a white and pink striped shirt. She is smiling and appears to be enjoying the experience. The background is a plain white wall with a computer monitor and some decorations hanging on it.",T2V_data/label/vidgen_filter_gemini_part_0_dpo_5/O9xfUh2KOso-Scene-0029/depth.mp4,T2V_data/label/vidgen_filter_gemini_part_0_dpo_5/O9xfUh2KOso-Scene-0029/aug_entity_20.png
T2V_data/VIDGEN-1M_unzip/O9xfUh2KOso-Scene-0029.mp4,"In the video, a woman is seen standing in front of a blue bucket. She is holding a bottle of Coca-Cola in her hand and pouring it over her head. The woman has long, dark hair and is wearing a white and pink striped shirt. She is smiling and appears to be enjoying the experience. The background is a plain white wall with a computer monitor and some decorations hanging on it.",T2V_data/label/vidgen_filter_gemini_part_0_dpo_5/O9xfUh2KOso-Scene-0029/entity_20.mp4,T2V_data/label/vidgen_filter_gemini_part_0_dpo_5/O9xfUh2KOso-Scene-0029/aug_entity_20.png
T2V_data/VIDGEN-1M_unzip/O9xfUh2KOso-Scene-0029.mp4,"In the video, a woman is seen standing in front of a blue bucket. She is holding a bottle of Coca-Cola in her hand and pouring it over her head. The woman has long, dark hair and is wearing a white and pink striped shirt. She is smiling and appears to be enjoying the experience. The background is a plain white wall with a computer monitor and some decorations hanging on it.",T2V_data/label/vidgen_filter_gemini_part_0_dpo_5/O9xfUh2KOso-Scene-0029/depth.mp4,T2V_data/label/vidgen_filter_gemini_part_0_dpo_5/O9xfUh2KOso-Scene-0029/aug_entity_40.png
T2V_data/VIDGEN-1M_unzip/O9xfUh2KOso-Scene-0029.mp4,"In the video, a woman is seen standing in front of a blue bucket. She is holding a bottle of Coca-Cola in her hand and pouring it over her head. The woman has long, dark hair and is wearing a white and pink striped shirt. She is smiling and appears to be enjoying the experience. The background is a plain white wall with a computer monitor and some decorations hanging on it.",T2V_data/label/vidgen_filter_gemini_part_0_dpo_5/O9xfUh2KOso-Scene-0029/entity_40.mp4,T2V_data/label/vidgen_filter_gemini_part_0_dpo_5/O9xfUh2KOso-Scene-0029/aug_entity_40.png
T2V_data/VIDGEN-1M_unzip/O9xfUh2KOso-Scene-0029.mp4,"In the video, a woman is seen standing in front of a blue bucket. She is holding a bottle of Coca-Cola in her hand and pouring it over her head. The woman has long, dark hair and is wearing a white and pink striped shirt. She is smiling and appears to be enjoying the experience. The background is a plain white wall with a computer monitor and some decorations hanging on it.",T2V_data/label/vidgen_filter_gemini_part_0_dpo_5/O9xfUh2KOso-Scene-0029/depth.mp4,T2V_data/label/vidgen_filter_gemini_part_0_dpo_5/O9xfUh2KOso-Scene-0029/aug_entity_60.png
T2V_data/VIDGEN-1M_unzip/O9xfUh2KOso-Scene-0029.mp4,"In the video, a woman is seen standing in front of a blue bucket. She is holding a bottle of Coca-Cola in her hand and pouring it over her head. The woman has long, dark hair and is wearing a white and pink striped shirt. She is smiling and appears to be enjoying the experience. The background is a plain white wall with a computer monitor and some decorations hanging on it.",T2V_data/label/vidgen_filter_gemini_part_0_dpo_5/O9xfUh2KOso-Scene-0029/entity_60.mp4,T2V_data/label/vidgen_filter_gemini_part_0_dpo_5/O9xfUh2KOso-Scene-0029/aug_entity_60.png
T2V_data/VIDGEN-1M_unzip/Odc0Q91LiU4-Scene-0006.mp4,"In the video, a person is seen cutting green peppers on a wooden cutting board. The person is using a large knife to chop the peppers into small pieces. The cutting board is placed on a kitchen counter, and there is a bowl of chopped onions in the background. The person's hands are visible, and they are wearing a black bracelet on their left wrist. The peppers are bright green, and the knife is silver with a black handle. The person is chopping the peppers with precision and care, making sure each piece is even. The kitchen counter is made of a light-colored material, and there is a tile backsplash behind the cutting board.",T2V_data/label/vidgen_filter_gemini_part_0_dpo_5/Odc0Q91LiU4-Scene-0006/depth.mp4,T2V_data/label/vidgen_filter_gemini_part_0_dpo_5/Odc0Q91LiU4-Scene-0006/aug_entity_60.png
T2V_data/VIDGEN-1M_unzip/Odc0Q91LiU4-Scene-0006.mp4,"In the video, a person is seen cutting green peppers on a wooden cutting board. The person is using a large knife to chop the peppers into small pieces. The cutting board is placed on a kitchen counter, and there is a bowl of chopped onions in the background. The person's hands are visible, and they are wearing a black bracelet on their left wrist. The peppers are bright green, and the knife is silver with a black handle. The person is chopping the peppers with precision and care, making sure each piece is even. The kitchen counter is made of a light-colored material, and there is a tile backsplash behind the cutting board.",T2V_data/label/vidgen_filter_gemini_part_0_dpo_5/Odc0Q91LiU4-Scene-0006/entity_60.mp4,T2V_data/label/vidgen_filter_gemini_part_0_dpo_5/Odc0Q91LiU4-Scene-0006/aug_entity_60.png
T2V_data/VIDGEN-1M_unzip/Om9Ab8NsCFU-Scene-0020.mp4,"The video shows a man in a gym. He is wearing a black hoodie and black shorts. He is lying on his back on the floor, holding a barbell with green weights on it. The man is doing a sit-up exercise with the barbell. The gym has other equipment and people in the background.",T2V_data/label/vidgen_filter_gemini_part_0_dpo_5/Om9Ab8NsCFU-Scene-0020/depth.mp4,T2V_data/label/vidgen_filter_gemini_part_0_dpo_5/Om9Ab8NsCFU-Scene-0020/aug_entity_20.png
T2V_data/VIDGEN-1M_unzip/Om9Ab8NsCFU-Scene-0020.mp4,"The video shows a man in a gym. He is wearing a black hoodie and black shorts. He is lying on his back on the floor, holding a barbell with green weights on it. The man is doing a sit-up exercise with the barbell. The gym has other equipment and people in the background.",T2V_data/label/vidgen_filter_gemini_part_0_dpo_5/Om9Ab8NsCFU-Scene-0020/entity_20.mp4,T2V_data/label/vidgen_filter_gemini_part_0_dpo_5/Om9Ab8NsCFU-Scene-0020/aug_entity_20.png
T2V_data/VIDGEN-1M_unzip/Oy9DAfdgxPY-Scene-0038.mp4,"In the video, a man is seen standing outside a house, holding a bicycle wheel in his hands. He is wearing a tie-dye shirt and a black cap. The man is speaking to the camera, and it appears that he is demonstrating how to fix a flat tire on a bicycle. The bicycle is propped up on a stand, and the man is holding the wheel in his hands, showing the viewer how to replace the tube. The background of the video shows a brick house with a window and a door. The man seems to be knowledgeable about bicycle repair and is explaining the process in a clear and concise manner.",T2V_data/label/vidgen_filter_gemini_part_0_dpo_5/Oy9DAfdgxPY-Scene-0038/depth.mp4,T2V_data/label/vidgen_filter_gemini_part_0_dpo_5/Oy9DAfdgxPY-Scene-0038/aug_entity_60.png
T2V_data/VIDGEN-1M_unzip/Oy9DAfdgxPY-Scene-0038.mp4,"In the video, a man is seen standing outside a house, holding a bicycle wheel in his hands. He is wearing a tie-dye shirt and a black cap. The man is speaking to the camera, and it appears that he is demonstrating how to fix a flat tire on a bicycle. The bicycle is propped up on a stand, and the man is holding the wheel in his hands, showing the viewer how to replace the tube. The background of the video shows a brick house with a window and a door. The man seems to be knowledgeable about bicycle repair and is explaining the process in a clear and concise manner.",T2V_data/label/vidgen_filter_gemini_part_0_dpo_5/Oy9DAfdgxPY-Scene-0038/entity_60.mp4,T2V_data/label/vidgen_filter_gemini_part_0_dpo_5/Oy9DAfdgxPY-Scene-0038/aug_entity_60.png
T2V_data/VIDGEN-1M_unzip/PADZv6XcP2Q-Scene-0206.mp4,"In the video, a person is seen holding a blue and green marbled ball in their hand. The ball is being squeezed, and as it is squeezed, it changes shape. The person continues to squeeze the ball, and it appears to be made of a soft, malleable material. The background is blurred, but it seems to be an outdoor setting. The person's hand is visible, and they are wearing a blue shirt. The ball is the main focus of the video, and the person's actions are the main activity.",T2V_data/label/vidgen_filter_gemini_part_0_dpo_5/PADZv6XcP2Q-Scene-0206/depth.mp4,T2V_data/label/vidgen_filter_gemini_part_0_dpo_5/PADZv6XcP2Q-Scene-0206/aug_entity_20.png
T2V_data/VIDGEN-1M_unzip/PADZv6XcP2Q-Scene-0206.mp4,"In the video, a person is seen holding a blue and green marbled ball in their hand. The ball is being squeezed, and as it is squeezed, it changes shape. The person continues to squeeze the ball, and it appears to be made of a soft, malleable material. The background is blurred, but it seems to be an outdoor setting. The person's hand is visible, and they are wearing a blue shirt. The ball is the main focus of the video, and the person's actions are the main activity.",T2V_data/label/vidgen_filter_gemini_part_0_dpo_5/PADZv6XcP2Q-Scene-0206/entity_20.mp4,T2V_data/label/vidgen_filter_gemini_part_0_dpo_5/PADZv6XcP2Q-Scene-0206/aug_entity_20.png
T2V_data/VIDGEN-1M_unzip/PADZv6XcP2Q-Scene-0206.mp4,"In the video, a person is seen holding a blue and green marbled ball in their hand. The ball is being squeezed, and as it is squeezed, it changes shape. The person continues to squeeze the ball, and it appears to be made of a soft, malleable material. The background is blurred, but it seems to be an outdoor setting. The person's hand is visible, and they are wearing a blue shirt. The ball is the main focus of the video, and the person's actions are the main activity.",T2V_data/label/vidgen_filter_gemini_part_0_dpo_5/PADZv6XcP2Q-Scene-0206/depth.mp4,T2V_data/label/vidgen_filter_gemini_part_0_dpo_5/PADZv6XcP2Q-Scene-0206/aug_entity_40.png
T2V_data/VIDGEN-1M_unzip/PADZv6XcP2Q-Scene-0206.mp4,"In the video, a person is seen holding a blue and green marbled ball in their hand. The ball is being squeezed, and as it is squeezed, it changes shape. The person continues to squeeze the ball, and it appears to be made of a soft, malleable material. The background is blurred, but it seems to be an outdoor setting. The person's hand is visible, and they are wearing a blue shirt. The ball is the main focus of the video, and the person's actions are the main activity.",T2V_data/label/vidgen_filter_gemini_part_0_dpo_5/PADZv6XcP2Q-Scene-0206/entity_40.mp4,T2V_data/label/vidgen_filter_gemini_part_0_dpo_5/PADZv6XcP2Q-Scene-0206/aug_entity_40.png
T2V_data/VIDGEN-1M_unzip/WdWoHhcbwDM-Scene-0036.mp4,"The video shows a person pouring a dressing over a bowl of lettuce. The person is wearing a red shirt and is standing in a kitchen. The dressing is being poured from a glass jar and is a yellowish-green color. The lettuce is in a white bowl and is green in color. The person pours the dressing in a steady stream, covering the lettuce evenly.",T2V_data/label/vidgen_filter_gemini_part_0_dpo_5/WdWoHhcbwDM-Scene-0036/depth.mp4,T2V_data/label/vidgen_filter_gemini_part_0_dpo_5/WdWoHhcbwDM-Scene-0036/aug_entity_60.png
T2V_data/VIDGEN-1M_unzip/WdWoHhcbwDM-Scene-0036.mp4,"The video shows a person pouring a dressing over a bowl of lettuce. The person is wearing a red shirt and is standing in a kitchen. The dressing is being poured from a glass jar and is a yellowish-green color. The lettuce is in a white bowl and is green in color. The person pours the dressing in a steady stream, covering the lettuce evenly.",T2V_data/label/vidgen_filter_gemini_part_0_dpo_5/WdWoHhcbwDM-Scene-0036/entity_60.mp4,T2V_data/label/vidgen_filter_gemini_part_0_dpo_5/WdWoHhcbwDM-Scene-0036/aug_entity_60.png
T2V_data/VIDGEN-1M_unzip/WxgVr-zfhZ4-Scene-0029.mp4,"In the video, a woman is seen walking her dog on a leash. The dog is white and appears to be a pit bull. The woman is wearing a blue sweatshirt and jeans. They are walking on a sidewalk with trees and bushes in the background. The woman is holding the leash in her right hand and appears to be talking to the dog as they walk. The dog is walking calmly next to her, and there are no other people or animals visible in the video.",T2V_data/label/vidgen_filter_gemini_part_0_dpo_5/WxgVr-zfhZ4-Scene-0029/depth.mp4,T2V_data/label/vidgen_filter_gemini_part_0_dpo_5/WxgVr-zfhZ4-Scene-0029/aug_entity_20.png
T2V_data/VIDGEN-1M_unzip/WxgVr-zfhZ4-Scene-0029.mp4,"In the video, a woman is seen walking her dog on a leash. The dog is white and appears to be a pit bull. The woman is wearing a blue sweatshirt and jeans. They are walking on a sidewalk with trees and bushes in the background. The woman is holding the leash in her right hand and appears to be talking to the dog as they walk. The dog is walking calmly next to her, and there are no other people or animals visible in the video.",T2V_data/label/vidgen_filter_gemini_part_0_dpo_5/WxgVr-zfhZ4-Scene-0029/entity_20.mp4,T2V_data/label/vidgen_filter_gemini_part_0_dpo_5/WxgVr-zfhZ4-Scene-0029/aug_entity_20.png
T2V_data/VIDGEN-1M_unzip/X0uNIndOyMk-Scene-0044.mp4,"The video shows a large black and white whale swimming in the ocean. The whale is seen spraying water out of its blowhole, creating a large splash. The surrounding water is calm, and there are trees visible in the background. The whale appears to be alone, and there are no other animals or people in the video. The whale's skin is smooth and shiny, and it moves gracefully through the water. The video is shot during the day, and the lighting is natural, highlighting the whale's features and the surrounding environment.",T2V_data/label/vidgen_filter_gemini_part_0_dpo_5/X0uNIndOyMk-Scene-0044/depth.mp4,T2V_data/label/vidgen_filter_gemini_part_0_dpo_5/X0uNIndOyMk-Scene-0044/aug_entity_20.png
T2V_data/VIDGEN-1M_unzip/X0uNIndOyMk-Scene-0044.mp4,"The video shows a large black and white whale swimming in the ocean. The whale is seen spraying water out of its blowhole, creating a large splash. The surrounding water is calm, and there are trees visible in the background. The whale appears to be alone, and there are no other animals or people in the video. The whale's skin is smooth and shiny, and it moves gracefully through the water. The video is shot during the day, and the lighting is natural, highlighting the whale's features and the surrounding environment.",T2V_data/label/vidgen_filter_gemini_part_0_dpo_5/X0uNIndOyMk-Scene-0044/entity_20.mp4,T2V_data/label/vidgen_filter_gemini_part_0_dpo_5/X0uNIndOyMk-Scene-0044/aug_entity_20.png
T2V_data/VIDGEN-1M_unzip/X1YNQW9dL9g-Scene-0180.mp4,"The video shows a silver Audi car being towed on a trailer. The car is in the center of the frame and is being pulled by a tow truck. The trailer is black and has a metal ramp at the back. The car is in good condition, with no visible damage. The surroundings are not clearly visible, but it appears to be a sunny day.",T2V_data/label/vidgen_filter_gemini_part_0_dpo_5/X1YNQW9dL9g-Scene-0180/depth.mp4,T2V_data/label/vidgen_filter_gemini_part_0_dpo_5/X1YNQW9dL9g-Scene-0180/aug_entity_20.png
T2V_data/VIDGEN-1M_unzip/X1YNQW9dL9g-Scene-0180.mp4,"The video shows a silver Audi car being towed on a trailer. The car is in the center of the frame and is being pulled by a tow truck. The trailer is black and has a metal ramp at the back. The car is in good condition, with no visible damage. The surroundings are not clearly visible, but it appears to be a sunny day.",T2V_data/label/vidgen_filter_gemini_part_0_dpo_5/X1YNQW9dL9g-Scene-0180/entity_20.mp4,T2V_data/label/vidgen_filter_gemini_part_0_dpo_5/X1YNQW9dL9g-Scene-0180/aug_entity_20.png
T2V_data/VIDGEN-1M_unzip/X4iEx2ezgrc-Scene-1180.mp4,"The video shows a large waterfall flowing down a rocky cliff. The cliff is covered in green vegetation, and the waterfall is white and frothy as it plummets down the rock face. The surrounding area is lush and green, and there are no visible people or man-made structures in the video. The waterfall appears to be in a remote location, surrounded by dense forest.",T2V_data/label/vidgen_filter_gemini_part_0_dpo_5/X4iEx2ezgrc-Scene-1180/depth.mp4,T2V_data/label/vidgen_filter_gemini_part_0_dpo_5/X4iEx2ezgrc-Scene-1180/aug_entity_40.png
T2V_data/VIDGEN-1M_unzip/X4iEx2ezgrc-Scene-1180.mp4,"The video shows a large waterfall flowing down a rocky cliff. The cliff is covered in green vegetation, and the waterfall is white and frothy as it plummets down the rock face. The surrounding area is lush and green, and there are no visible people or man-made structures in the video. The waterfall appears to be in a remote location, surrounded by dense forest.",T2V_data/label/vidgen_filter_gemini_part_0_dpo_5/X4iEx2ezgrc-Scene-1180/entity_40.mp4,T2V_data/label/vidgen_filter_gemini_part_0_dpo_5/X4iEx2ezgrc-Scene-1180/aug_entity_40.png
T2V_data/VIDGEN-1M_unzip/X8cO5-qaGS4-Scene-0012.mp4,"In the video, a chef is seen using a sieve to sift flour into a bowl. The chef is wearing a white chef's coat and is standing in a kitchen. The sieve is made of metal and has a fine mesh. The flour is white and appears to be of a fine texture. The bowl is also made of metal and is placed on a countertop. The chef is using a spoon to scoop the flour from the sieve into the bowl. The kitchen has a modern look with stainless steel appliances in the background.",T2V_data/label/vidgen_filter_gemini_part_0_dpo_5/X8cO5-qaGS4-Scene-0012/depth.mp4,T2V_data/label/vidgen_filter_gemini_part_0_dpo_5/X8cO5-qaGS4-Scene-0012/aug_entity_60.png
T2V_data/VIDGEN-1M_unzip/X8cO5-qaGS4-Scene-0012.mp4,"In the video, a chef is seen using a sieve to sift flour into a bowl. The chef is wearing a white chef's coat and is standing in a kitchen. The sieve is made of metal and has a fine mesh. The flour is white and appears to be of a fine texture. The bowl is also made of metal and is placed on a countertop. The chef is using a spoon to scoop the flour from the sieve into the bowl. The kitchen has a modern look with stainless steel appliances in the background.",T2V_data/label/vidgen_filter_gemini_part_0_dpo_5/X8cO5-qaGS4-Scene-0012/entity_60.mp4,T2V_data/label/vidgen_filter_gemini_part_0_dpo_5/X8cO5-qaGS4-Scene-0012/aug_entity_60.png
T2V_data/VIDGEN-1M_unzip/XX1BbqBovkI-Scene-0046.mp4,"In the video, a young boy is seen kneeling on the floor with his hands on the ground. He is wearing a gray shirt and black shorts. The boy is playing with a blue toy car, which is moving on the floor. The boy is laughing and appears to be having fun. The floor is tiled, and there is a door in the background. The boy continues to play with the toy car, moving it back and forth on the floor.",T2V_data/label/vidgen_filter_gemini_part_0_dpo_5/XX1BbqBovkI-Scene-0046/depth.mp4,T2V_data/label/vidgen_filter_gemini_part_0_dpo_5/XX1BbqBovkI-Scene-0046/aug_entity_20.png
T2V_data/VIDGEN-1M_unzip/XX1BbqBovkI-Scene-0046.mp4,"In the video, a young boy is seen kneeling on the floor with his hands on the ground. He is wearing a gray shirt and black shorts. The boy is playing with a blue toy car, which is moving on the floor. The boy is laughing and appears to be having fun. The floor is tiled, and there is a door in the background. The boy continues to play with the toy car, moving it back and forth on the floor.",T2V_data/label/vidgen_filter_gemini_part_0_dpo_5/XX1BbqBovkI-Scene-0046/entity_20.mp4,T2V_data/label/vidgen_filter_gemini_part_0_dpo_5/XX1BbqBovkI-Scene-0046/aug_entity_20.png
T2V_data/VIDGEN-1M_unzip/XX7EOMd2b3Y-Scene-0043.mp4,"The video shows a man skiing down a snowy hill. He is wearing a green and yellow ski suit and a white hat. The man is holding ski poles and is skiing in a zigzag pattern. A red ski lift with the word ""Heavenly"" written on it is visible in the background. The sky is clear and blue.",T2V_data/label/vidgen_filter_gemini_part_0_dpo_5/XX7EOMd2b3Y-Scene-0043/depth.mp4,T2V_data/label/vidgen_filter_gemini_part_0_dpo_5/XX7EOMd2b3Y-Scene-0043/aug_entity_20.png
T2V_data/VIDGEN-1M_unzip/XX7EOMd2b3Y-Scene-0043.mp4,"The video shows a man skiing down a snowy hill. He is wearing a green and yellow ski suit and a white hat. The man is holding ski poles and is skiing in a zigzag pattern. A red ski lift with the word ""Heavenly"" written on it is visible in the background. The sky is clear and blue.",T2V_data/label/vidgen_filter_gemini_part_0_dpo_5/XX7EOMd2b3Y-Scene-0043/entity_20.mp4,T2V_data/label/vidgen_filter_gemini_part_0_dpo_5/XX7EOMd2b3Y-Scene-0043/aug_entity_20.png
T2V_data/VIDGEN-1M_unzip/XX7EOMd2b3Y-Scene-0043.mp4,"The video shows a man skiing down a snowy hill. He is wearing a green and yellow ski suit and a white hat. The man is holding ski poles and is skiing in a zigzag pattern. A red ski lift with the word ""Heavenly"" written on it is visible in the background. The sky is clear and blue.",T2V_data/label/vidgen_filter_gemini_part_0_dpo_5/XX7EOMd2b3Y-Scene-0043/depth.mp4,T2V_data/label/vidgen_filter_gemini_part_0_dpo_5/XX7EOMd2b3Y-Scene-0043/aug_entity_40.png
T2V_data/VIDGEN-1M_unzip/XX7EOMd2b3Y-Scene-0043.mp4,"The video shows a man skiing down a snowy hill. He is wearing a green and yellow ski suit and a white hat. The man is holding ski poles and is skiing in a zigzag pattern. A red ski lift with the word ""Heavenly"" written on it is visible in the background. The sky is clear and blue.",T2V_data/label/vidgen_filter_gemini_part_0_dpo_5/XX7EOMd2b3Y-Scene-0043/entity_40.mp4,T2V_data/label/vidgen_filter_gemini_part_0_dpo_5/XX7EOMd2b3Y-Scene-0043/aug_entity_40.png
T2V_data/VIDGEN-1M_unzip/XXO9XlBw99Y-Scene-0067.mp4,"In the video, a person is seen holding a pair of scissors and cutting the stem of a pink rose. The rose has a green stem and leaves, and the person is cutting the stem at the base of the flower. The background is a plain surface, and the person's hands are visible as they hold the rose and scissors. The scissors are silver in color, and the rose is a soft pink color. The person's nails are painted with a clear polish, and they are wearing a ring on their left hand. The video is shot in close-up, focusing on the person's hands and the rose.",T2V_data/label/vidgen_filter_gemini_part_0_dpo_5/XXO9XlBw99Y-Scene-0067/depth.mp4,T2V_data/label/vidgen_filter_gemini_part_0_dpo_5/XXO9XlBw99Y-Scene-0067/aug_entity_40.png
T2V_data/VIDGEN-1M_unzip/XXO9XlBw99Y-Scene-0067.mp4,"In the video, a person is seen holding a pair of scissors and cutting the stem of a pink rose. The rose has a green stem and leaves, and the person is cutting the stem at the base of the flower. The background is a plain surface, and the person's hands are visible as they hold the rose and scissors. The scissors are silver in color, and the rose is a soft pink color. The person's nails are painted with a clear polish, and they are wearing a ring on their left hand. The video is shot in close-up, focusing on the person's hands and the rose.",T2V_data/label/vidgen_filter_gemini_part_0_dpo_5/XXO9XlBw99Y-Scene-0067/entity_40.mp4,T2V_data/label/vidgen_filter_gemini_part_0_dpo_5/XXO9XlBw99Y-Scene-0067/aug_entity_40.png
T2V_data/VIDGEN-1M_unzip/XfS3erhR0Ac-Scene-0012.mp4,"In the video, a person is seen assembling a wooden frame on a wooden surface. The person is wearing a red sweater and is using a hammer to secure the pieces of the frame together. The frame appears to be made of white wood, and the person is using black screws to hold the pieces in place. The video is shot from a top-down perspective, and the person's hands are the only parts of them that are visible.",T2V_data/label/vidgen_filter_gemini_part_0_dpo_5/XfS3erhR0Ac-Scene-0012/depth.mp4,T2V_data/label/vidgen_filter_gemini_part_0_dpo_5/XfS3erhR0Ac-Scene-0012/aug_entity_60.png
T2V_data/VIDGEN-1M_unzip/XfS3erhR0Ac-Scene-0012.mp4,"In the video, a person is seen assembling a wooden frame on a wooden surface. The person is wearing a red sweater and is using a hammer to secure the pieces of the frame together. The frame appears to be made of white wood, and the person is using black screws to hold the pieces in place. The video is shot from a top-down perspective, and the person's hands are the only parts of them that are visible.",T2V_data/label/vidgen_filter_gemini_part_0_dpo_5/XfS3erhR0Ac-Scene-0012/entity_60.mp4,T2V_data/label/vidgen_filter_gemini_part_0_dpo_5/XfS3erhR0Ac-Scene-0012/aug_entity_60.png
T2V_data/VIDGEN-1M_unzip/XiOmH6QSblo-Scene-0102.mp4,"The video shows a group of race cars driving on a track. The cars are moving at a high speed and are closely following each other. The track is surrounded by a large crowd of spectators who are watching the race. The cars are sleek and aerodynamic, designed for high-speed racing. The colors of the cars vary, with some having a single color and others having a combination of colors. The track itself is made of asphalt and has several curves and turns. The spectators are standing behind barriers and are cheering and clapping as the cars pass by. The weather appears to be sunny and clear, making it a perfect day for a race.",T2V_data/label/vidgen_filter_gemini_part_0_dpo_5/XiOmH6QSblo-Scene-0102/depth.mp4,T2V_data/label/vidgen_filter_gemini_part_0_dpo_5/XiOmH6QSblo-Scene-0102/aug_entity_20.png
T2V_data/VIDGEN-1M_unzip/XiOmH6QSblo-Scene-0102.mp4,"The video shows a group of race cars driving on a track. The cars are moving at a high speed and are closely following each other. The track is surrounded by a large crowd of spectators who are watching the race. The cars are sleek and aerodynamic, designed for high-speed racing. The colors of the cars vary, with some having a single color and others having a combination of colors. The track itself is made of asphalt and has several curves and turns. The spectators are standing behind barriers and are cheering and clapping as the cars pass by. The weather appears to be sunny and clear, making it a perfect day for a race.",T2V_data/label/vidgen_filter_gemini_part_0_dpo_5/XiOmH6QSblo-Scene-0102/entity_20.mp4,T2V_data/label/vidgen_filter_gemini_part_0_dpo_5/XiOmH6QSblo-Scene-0102/aug_entity_20.png
T2V_data/VIDGEN-1M_unzip/XtfozgCEji4-Scene-0014.mp4,"The video shows a person holding a can of milk and pouring it into an orange bowl. The milk is white and fills the bowl as it is poured. The person's hand is visible, and they are wearing a pink rubber glove. The background is a kitchen counter with a speckled pattern.",T2V_data/label/vidgen_filter_gemini_part_0_dpo_5/XtfozgCEji4-Scene-0014/depth.mp4,T2V_data/label/vidgen_filter_gemini_part_0_dpo_5/XtfozgCEji4-Scene-0014/aug_entity_20.png
T2V_data/VIDGEN-1M_unzip/XtfozgCEji4-Scene-0014.mp4,"The video shows a person holding a can of milk and pouring it into an orange bowl. The milk is white and fills the bowl as it is poured. The person's hand is visible, and they are wearing a pink rubber glove. The background is a kitchen counter with a speckled pattern.",T2V_data/label/vidgen_filter_gemini_part_0_dpo_5/XtfozgCEji4-Scene-0014/entity_20.mp4,T2V_data/label/vidgen_filter_gemini_part_0_dpo_5/XtfozgCEji4-Scene-0014/aug_entity_20.png
T2V_data/VIDGEN-1M_unzip/XyZGmOPhKTo-Scene-0044.mp4,"In the video, a black and white dog is seen standing on a blue ball. The dog is moving around on the ball, trying to balance itself. The ball is placed on a white floor, and there is a white fan in the background. The dog appears to be having fun while trying to balance on the ball.",T2V_data/label/vidgen_filter_gemini_part_0_dpo_5/XyZGmOPhKTo-Scene-0044/depth.mp4,T2V_data/label/vidgen_filter_gemini_part_0_dpo_5/XyZGmOPhKTo-Scene-0044/aug_entity_20.png
T2V_data/VIDGEN-1M_unzip/XyZGmOPhKTo-Scene-0044.mp4,"In the video, a black and white dog is seen standing on a blue ball. The dog is moving around on the ball, trying to balance itself. The ball is placed on a white floor, and there is a white fan in the background. The dog appears to be having fun while trying to balance on the ball.",T2V_data/label/vidgen_filter_gemini_part_0_dpo_5/XyZGmOPhKTo-Scene-0044/entity_20.mp4,T2V_data/label/vidgen_filter_gemini_part_0_dpo_5/XyZGmOPhKTo-Scene-0044/aug_entity_20.png
T2V_data/VIDGEN-1M_unzip/XyZGmOPhKTo-Scene-0044.mp4,"In the video, a black and white dog is seen standing on a blue ball. The dog is moving around on the ball, trying to balance itself. The ball is placed on a white floor, and there is a white fan in the background. The dog appears to be having fun while trying to balance on the ball.",T2V_data/label/vidgen_filter_gemini_part_0_dpo_5/XyZGmOPhKTo-Scene-0044/depth.mp4,T2V_data/label/vidgen_filter_gemini_part_0_dpo_5/XyZGmOPhKTo-Scene-0044/aug_entity_40.png
T2V_data/VIDGEN-1M_unzip/XyZGmOPhKTo-Scene-0044.mp4,"In the video, a black and white dog is seen standing on a blue ball. The dog is moving around on the ball, trying to balance itself. The ball is placed on a white floor, and there is a white fan in the background. The dog appears to be having fun while trying to balance on the ball.",T2V_data/label/vidgen_filter_gemini_part_0_dpo_5/XyZGmOPhKTo-Scene-0044/entity_40.mp4,T2V_data/label/vidgen_filter_gemini_part_0_dpo_5/XyZGmOPhKTo-Scene-0044/aug_entity_40.png
T2V_data/VIDGEN-1M_unzip/Y2D3JHT7rFE-Scene-0022.mp4,"The video shows a basketball game in progress. The players are wearing white and black uniforms. The ball is being dribbled by a player in a white uniform, and he is being guarded by a player in a black uniform. The player in the white uniform makes a quick move and passes the ball to a teammate who is also in a white uniform. The teammate then takes a shot and scores a basket. The crowd can be heard cheering in the background.",T2V_data/label/vidgen_filter_gemini_part_0_dpo_5/Y2D3JHT7rFE-Scene-0022/depth.mp4,T2V_data/label/vidgen_filter_gemini_part_0_dpo_5/Y2D3JHT7rFE-Scene-0022/aug_entity_60.png
T2V_data/VIDGEN-1M_unzip/Y2D3JHT7rFE-Scene-0022.mp4,"The video shows a basketball game in progress. The players are wearing white and black uniforms. The ball is being dribbled by a player in a white uniform, and he is being guarded by a player in a black uniform. The player in the white uniform makes a quick move and passes the ball to a teammate who is also in a white uniform. The teammate then takes a shot and scores a basket. The crowd can be heard cheering in the background.",T2V_data/label/vidgen_filter_gemini_part_0_dpo_5/Y2D3JHT7rFE-Scene-0022/entity_60.mp4,T2V_data/label/vidgen_filter_gemini_part_0_dpo_5/Y2D3JHT7rFE-Scene-0022/aug_entity_60.png
T2V_data/VIDGEN-1M_unzip/YJqvN4_2rxE-Scene-0053.mp4,"In the video, a person wearing gloves is holding a blue bucket and pouring a liquid into a row of white cups. The liquid is being poured in such a way that it creates a lot of smoke, which is visible in the air. The person is wearing a white lab coat, suggesting that they may be conducting a scientific experiment or demonstration. The cups are arranged neatly on a table, and the person is pouring the liquid with precision and care. The blue bucket appears to be made of plastic and has a handle on top for easy pouring. The liquid being poured is not clearly visible, but it is creating a significant amount of smoke, indicating that it may be a chemical reaction or a demonstration of some sort. The video does not provide any additional context or information about the experiment or demonstration.",T2V_data/label/vidgen_filter_gemini_part_0_dpo_5/YJqvN4_2rxE-Scene-0053/depth.mp4,T2V_data/label/vidgen_filter_gemini_part_0_dpo_5/YJqvN4_2rxE-Scene-0053/aug_entity_40.png
T2V_data/VIDGEN-1M_unzip/YJqvN4_2rxE-Scene-0053.mp4,"In the video, a person wearing gloves is holding a blue bucket and pouring a liquid into a row of white cups. The liquid is being poured in such a way that it creates a lot of smoke, which is visible in the air. The person is wearing a white lab coat, suggesting that they may be conducting a scientific experiment or demonstration. The cups are arranged neatly on a table, and the person is pouring the liquid with precision and care. The blue bucket appears to be made of plastic and has a handle on top for easy pouring. The liquid being poured is not clearly visible, but it is creating a significant amount of smoke, indicating that it may be a chemical reaction or a demonstration of some sort. The video does not provide any additional context or information about the experiment or demonstration.",T2V_data/label/vidgen_filter_gemini_part_0_dpo_5/YJqvN4_2rxE-Scene-0053/entity_40.mp4,T2V_data/label/vidgen_filter_gemini_part_0_dpo_5/YJqvN4_2rxE-Scene-0053/aug_entity_40.png
T2V_data/VIDGEN-1M_unzip/YoZndn8Q0Y8-Scene-0004.mp4,"In the video, a man is seen using a tool to shape a piece of metal. He is wearing an orange shirt and has tattoos on his arms. The tool he is using appears to be a hammer, and he is using it to bend the metal into a specific shape. The man is focused on his work and appears to be skilled in his craft. The background is blurred, but it seems to be a workshop or garage setting. The lighting is bright, and the colors in the video are vibrant.",T2V_data/label/vidgen_filter_gemini_part_0_dpo_5/YoZndn8Q0Y8-Scene-0004/depth.mp4,T2V_data/label/vidgen_filter_gemini_part_0_dpo_5/YoZndn8Q0Y8-Scene-0004/aug_entity_60.png
T2V_data/VIDGEN-1M_unzip/YoZndn8Q0Y8-Scene-0004.mp4,"In the video, a man is seen using a tool to shape a piece of metal. He is wearing an orange shirt and has tattoos on his arms. The tool he is using appears to be a hammer, and he is using it to bend the metal into a specific shape. The man is focused on his work and appears to be skilled in his craft. The background is blurred, but it seems to be a workshop or garage setting. The lighting is bright, and the colors in the video are vibrant.",T2V_data/label/vidgen_filter_gemini_part_0_dpo_5/YoZndn8Q0Y8-Scene-0004/entity_60.mp4,T2V_data/label/vidgen_filter_gemini_part_0_dpo_5/YoZndn8Q0Y8-Scene-0004/aug_entity_60.png
T2V_data/VIDGEN-1M_unzip/Z8Gp-ff92cI-Scene-0218.mp4,"In the video, there are three people standing on a sandy hill. One of them is wearing a red jacket and a white helmet, while the other two are wearing black jackets and black helmets. They are holding onto a parachute that is attached to a frame. The person in the red jacket is running towards the edge of the hill, while the other two are holding onto the parachute. The sky is clear and blue, and there are no clouds visible. The sandy hill appears to be quite steep, and the people seem to be preparing for a parachute jump.",T2V_data/label/vidgen_filter_gemini_part_0_dpo_5/Z8Gp-ff92cI-Scene-0218/depth.mp4,T2V_data/label/vidgen_filter_gemini_part_0_dpo_5/Z8Gp-ff92cI-Scene-0218/aug_entity_20.png
T2V_data/VIDGEN-1M_unzip/Z8Gp-ff92cI-Scene-0218.mp4,"In the video, there are three people standing on a sandy hill. One of them is wearing a red jacket and a white helmet, while the other two are wearing black jackets and black helmets. They are holding onto a parachute that is attached to a frame. The person in the red jacket is running towards the edge of the hill, while the other two are holding onto the parachute. The sky is clear and blue, and there are no clouds visible. The sandy hill appears to be quite steep, and the people seem to be preparing for a parachute jump.",T2V_data/label/vidgen_filter_gemini_part_0_dpo_5/Z8Gp-ff92cI-Scene-0218/entity_20.mp4,T2V_data/label/vidgen_filter_gemini_part_0_dpo_5/Z8Gp-ff92cI-Scene-0218/aug_entity_20.png
T2V_data/VIDGEN-1M_unzip/Z9K7dpOKH5k-Scene-0100.mp4,The video features a race car driving on a track. The car is predominantly white with blue and red stripes on the sides. It has a large rear wing and is seen driving around a corner on the track. The track has a blue and green striped curb on the inside of the turn. The car is shown from various angles as it navigates the turn.,T2V_data/label/vidgen_filter_gemini_part_0_dpo_5/Z9K7dpOKH5k-Scene-0100/depth.mp4,T2V_data/label/vidgen_filter_gemini_part_0_dpo_5/Z9K7dpOKH5k-Scene-0100/aug_entity_20.png
T2V_data/VIDGEN-1M_unzip/Z9K7dpOKH5k-Scene-0100.mp4,The video features a race car driving on a track. The car is predominantly white with blue and red stripes on the sides. It has a large rear wing and is seen driving around a corner on the track. The track has a blue and green striped curb on the inside of the turn. The car is shown from various angles as it navigates the turn.,T2V_data/label/vidgen_filter_gemini_part_0_dpo_5/Z9K7dpOKH5k-Scene-0100/entity_20.mp4,T2V_data/label/vidgen_filter_gemini_part_0_dpo_5/Z9K7dpOKH5k-Scene-0100/aug_entity_20.png
T2V_data/VIDGEN-1M_unzip/ZPlwfED4tdo-Scene-0105.mp4,The video shows a green car driving on a dirt road. The car is moving at a high speed and kicking up a lot of dust. The car is a sports car with a roll cage and off-road tires. The road is surrounded by grassy hills and there are no other vehicles or people visible in the video.,T2V_data/label/vidgen_filter_gemini_part_0_dpo_5/ZPlwfED4tdo-Scene-0105/depth.mp4,T2V_data/label/vidgen_filter_gemini_part_0_dpo_5/ZPlwfED4tdo-Scene-0105/aug_entity_20.png
T2V_data/VIDGEN-1M_unzip/ZPlwfED4tdo-Scene-0105.mp4,The video shows a green car driving on a dirt road. The car is moving at a high speed and kicking up a lot of dust. The car is a sports car with a roll cage and off-road tires. The road is surrounded by grassy hills and there are no other vehicles or people visible in the video.,T2V_data/label/vidgen_filter_gemini_part_0_dpo_5/ZPlwfED4tdo-Scene-0105/entity_20.mp4,T2V_data/label/vidgen_filter_gemini_part_0_dpo_5/ZPlwfED4tdo-Scene-0105/aug_entity_20.png
T2V_data/VIDGEN-1M_unzip/ZSy7uAhzt1Y-Scene-0046.mp4,"The video shows a man sitting on a chair in a gym. He is wearing a white t-shirt, black shorts, and white socks. He is tying his shoes and then stands up to put them on. The gym has wooden floors and walls.",T2V_data/label/vidgen_filter_gemini_part_0_dpo_5/ZSy7uAhzt1Y-Scene-0046/depth.mp4,T2V_data/label/vidgen_filter_gemini_part_0_dpo_5/ZSy7uAhzt1Y-Scene-0046/aug_entity_40.png
T2V_data/VIDGEN-1M_unzip/ZSy7uAhzt1Y-Scene-0046.mp4,"The video shows a man sitting on a chair in a gym. He is wearing a white t-shirt, black shorts, and white socks. He is tying his shoes and then stands up to put them on. The gym has wooden floors and walls.",T2V_data/label/vidgen_filter_gemini_part_0_dpo_5/ZSy7uAhzt1Y-Scene-0046/entity_40.mp4,T2V_data/label/vidgen_filter_gemini_part_0_dpo_5/ZSy7uAhzt1Y-Scene-0046/aug_entity_40.png
T2V_data/VIDGEN-1M_unzip/Zh6u22njHLE-Scene-0021.mp4,"In the video, a person is seen kneading a piece of dough on a yellow surface. The person's hands are visible, and they are using their fingers to press and fold the dough. The dough appears to be soft and pliable, and the person is working it with care and precision. The yellow surface provides a contrasting background that highlights the dough and the person's hands. The video captures the process of kneading, which is an essential step in making bread or pastry. The person's movements are deliberate and focused, indicating their experience and skill in handling the dough. Overall, the video provides a close-up view of the kneading process, showcasing the texture and consistency of the dough and the technique used by the person.",T2V_data/label/vidgen_filter_gemini_part_0_dpo_5/Zh6u22njHLE-Scene-0021/depth.mp4,T2V_data/label/vidgen_filter_gemini_part_0_dpo_5/Zh6u22njHLE-Scene-0021/aug_entity_40.png
T2V_data/VIDGEN-1M_unzip/Zh6u22njHLE-Scene-0021.mp4,"In the video, a person is seen kneading a piece of dough on a yellow surface. The person's hands are visible, and they are using their fingers to press and fold the dough. The dough appears to be soft and pliable, and the person is working it with care and precision. The yellow surface provides a contrasting background that highlights the dough and the person's hands. The video captures the process of kneading, which is an essential step in making bread or pastry. The person's movements are deliberate and focused, indicating their experience and skill in handling the dough. Overall, the video provides a close-up view of the kneading process, showcasing the texture and consistency of the dough and the technique used by the person.",T2V_data/label/vidgen_filter_gemini_part_0_dpo_5/Zh6u22njHLE-Scene-0021/entity_40.mp4,T2V_data/label/vidgen_filter_gemini_part_0_dpo_5/Zh6u22njHLE-Scene-0021/aug_entity_40.png
T2V_data/VIDGEN-1M_unzip/Zw7NAI-THms-Scene-0037.mp4,"The video shows a person working on a wooden structure on a hardwood floor. The person is using a power tool to create a groove in the wood. They are wearing a red cap and a blue shirt. The wooden structure appears to be a long, narrow piece of wood. The person is using a green and black power tool to create the groove. The hardwood floor is a light brown color and the walls in the background are white.",T2V_data/label/vidgen_filter_gemini_part_0_dpo_5/Zw7NAI-THms-Scene-0037/depth.mp4,T2V_data/label/vidgen_filter_gemini_part_0_dpo_5/Zw7NAI-THms-Scene-0037/aug_entity_60.png
T2V_data/VIDGEN-1M_unzip/Zw7NAI-THms-Scene-0037.mp4,"The video shows a person working on a wooden structure on a hardwood floor. The person is using a power tool to create a groove in the wood. They are wearing a red cap and a blue shirt. The wooden structure appears to be a long, narrow piece of wood. The person is using a green and black power tool to create the groove. The hardwood floor is a light brown color and the walls in the background are white.",T2V_data/label/vidgen_filter_gemini_part_0_dpo_5/Zw7NAI-THms-Scene-0037/entity_60.mp4,T2V_data/label/vidgen_filter_gemini_part_0_dpo_5/Zw7NAI-THms-Scene-0037/aug_entity_60.png
T2V_data/VIDGEN-1M_unzip/ZzshUIrobIM-Scene-0008.mp4,"The video shows a woman in a gym lifting a barbell. She is wearing a black tank top and black shorts with a pink belt. The barbell has black weights on it. The gym has a white wall with pictures and the word ""ONS"" written on it. There is a large tire and wooden crates in the background. The woman lifts the barbell from the ground to her chest and then over her head before dropping it back to the ground.",T2V_data/label/vidgen_filter_gemini_part_0_dpo_5/ZzshUIrobIM-Scene-0008/depth.mp4,T2V_data/label/vidgen_filter_gemini_part_0_dpo_5/ZzshUIrobIM-Scene-0008/aug_entity_20.png
T2V_data/VIDGEN-1M_unzip/ZzshUIrobIM-Scene-0008.mp4,"The video shows a woman in a gym lifting a barbell. She is wearing a black tank top and black shorts with a pink belt. The barbell has black weights on it. The gym has a white wall with pictures and the word ""ONS"" written on it. There is a large tire and wooden crates in the background. The woman lifts the barbell from the ground to her chest and then over her head before dropping it back to the ground.",T2V_data/label/vidgen_filter_gemini_part_0_dpo_5/ZzshUIrobIM-Scene-0008/entity_20.mp4,T2V_data/label/vidgen_filter_gemini_part_0_dpo_5/ZzshUIrobIM-Scene-0008/aug_entity_20.png
T2V_data/VIDGEN-1M_unzip/_HvAC8EcOHc-Scene-0152.mp4,"In the video, a person is seen using a tool to remove the screen protector from a smartphone. The person's hands are visible, and they are using a tool to peel off the screen protector from the phone's screen. The smartphone appears to be a modern model with a black screen. The person's hands are steady and precise as they work to remove the screen protector without damaging the phone's screen. The video is shot from a top-down perspective, allowing viewers to see the entire process clearly. The person's movements are smooth and deliberate, indicating that they are experienced in this task. The video is shot in high-definition, allowing viewers to see the details of the screen protector and the smartphone's screen.",T2V_data/label/vidgen_filter_gemini_part_0_dpo_5/_HvAC8EcOHc-Scene-0152/depth.mp4,T2V_data/label/vidgen_filter_gemini_part_0_dpo_5/_HvAC8EcOHc-Scene-0152/aug_entity_60.png
T2V_data/VIDGEN-1M_unzip/_HvAC8EcOHc-Scene-0152.mp4,"In the video, a person is seen using a tool to remove the screen protector from a smartphone. The person's hands are visible, and they are using a tool to peel off the screen protector from the phone's screen. The smartphone appears to be a modern model with a black screen. The person's hands are steady and precise as they work to remove the screen protector without damaging the phone's screen. The video is shot from a top-down perspective, allowing viewers to see the entire process clearly. The person's movements are smooth and deliberate, indicating that they are experienced in this task. The video is shot in high-definition, allowing viewers to see the details of the screen protector and the smartphone's screen.",T2V_data/label/vidgen_filter_gemini_part_0_dpo_5/_HvAC8EcOHc-Scene-0152/entity_60.mp4,T2V_data/label/vidgen_filter_gemini_part_0_dpo_5/_HvAC8EcOHc-Scene-0152/aug_entity_60.png
T2V_data/VIDGEN-1M_unzip/_JmUvnGZIdk-Scene-0006.mp4,"The video shows a basketball game in progress, with two players in the foreground. The player in the white shirt is defending against the player in the gray shirt, who is dribbling the ball. The player in the gray shirt is attempting to score a basket, while the player in the white shirt is trying to block him. The background shows other players and spectators watching the game. The gymnasium has a green and white color scheme, with a scoreboard visible in the background.",T2V_data/label/vidgen_filter_gemini_part_0_dpo_5/_JmUvnGZIdk-Scene-0006/depth.mp4,T2V_data/label/vidgen_filter_gemini_part_0_dpo_5/_JmUvnGZIdk-Scene-0006/aug_entity_20.png
T2V_data/VIDGEN-1M_unzip/_JmUvnGZIdk-Scene-0006.mp4,"The video shows a basketball game in progress, with two players in the foreground. The player in the white shirt is defending against the player in the gray shirt, who is dribbling the ball. The player in the gray shirt is attempting to score a basket, while the player in the white shirt is trying to block him. The background shows other players and spectators watching the game. The gymnasium has a green and white color scheme, with a scoreboard visible in the background.",T2V_data/label/vidgen_filter_gemini_part_0_dpo_5/_JmUvnGZIdk-Scene-0006/entity_20.mp4,T2V_data/label/vidgen_filter_gemini_part_0_dpo_5/_JmUvnGZIdk-Scene-0006/aug_entity_20.png
T2V_data/VIDGEN-1M_unzip/_JmUvnGZIdk-Scene-0006.mp4,"The video shows a basketball game in progress, with two players in the foreground. The player in the white shirt is defending against the player in the gray shirt, who is dribbling the ball. The player in the gray shirt is attempting to score a basket, while the player in the white shirt is trying to block him. The background shows other players and spectators watching the game. The gymnasium has a green and white color scheme, with a scoreboard visible in the background.",T2V_data/label/vidgen_filter_gemini_part_0_dpo_5/_JmUvnGZIdk-Scene-0006/depth.mp4,T2V_data/label/vidgen_filter_gemini_part_0_dpo_5/_JmUvnGZIdk-Scene-0006/aug_entity_40.png
T2V_data/VIDGEN-1M_unzip/_JmUvnGZIdk-Scene-0006.mp4,"The video shows a basketball game in progress, with two players in the foreground. The player in the white shirt is defending against the player in the gray shirt, who is dribbling the ball. The player in the gray shirt is attempting to score a basket, while the player in the white shirt is trying to block him. The background shows other players and spectators watching the game. The gymnasium has a green and white color scheme, with a scoreboard visible in the background.",T2V_data/label/vidgen_filter_gemini_part_0_dpo_5/_JmUvnGZIdk-Scene-0006/entity_40.mp4,T2V_data/label/vidgen_filter_gemini_part_0_dpo_5/_JmUvnGZIdk-Scene-0006/aug_entity_40.png
T2V_data/VIDGEN-1M_unzip/_mr_z-1u8SQ-Scene-0014.mp4,"In the video, a woman is standing in a kitchen and talking to the camera. She is wearing a green shirt and glasses and has a flower in her hair. She is holding a piece of paper with ingredients written on it. She is also holding a blender and a cup of flour. She pours the flour into the blender and then adds some water from the cup. She then blends the ingredients together in the blender.",T2V_data/label/vidgen_filter_gemini_part_0_dpo_5/_mr_z-1u8SQ-Scene-0014/depth.mp4,T2V_data/label/vidgen_filter_gemini_part_0_dpo_5/_mr_z-1u8SQ-Scene-0014/aug_entity_20.png
T2V_data/VIDGEN-1M_unzip/_mr_z-1u8SQ-Scene-0014.mp4,"In the video, a woman is standing in a kitchen and talking to the camera. She is wearing a green shirt and glasses and has a flower in her hair. She is holding a piece of paper with ingredients written on it. She is also holding a blender and a cup of flour. She pours the flour into the blender and then adds some water from the cup. She then blends the ingredients together in the blender.",T2V_data/label/vidgen_filter_gemini_part_0_dpo_5/_mr_z-1u8SQ-Scene-0014/entity_20.mp4,T2V_data/label/vidgen_filter_gemini_part_0_dpo_5/_mr_z-1u8SQ-Scene-0014/aug_entity_20.png
T2V_data/VIDGEN-1M_unzip/a1rr5z0mUkk-Scene-0027.mp4,"In the video, a man is seen sitting at a table with various objects in front of him. He is wearing a black shirt and has a beard. The man is using bubble wrap to wrap a box. He is seen cutting the bubble wrap with scissors and then wrapping it around the box. The table also has other objects on it, including a cardboard box and a piece of paper. The man seems to be focused on his task and is carefully wrapping the box with the bubble wrap.",T2V_data/label/vidgen_filter_gemini_part_0_dpo_5/a1rr5z0mUkk-Scene-0027/depth.mp4,T2V_data/label/vidgen_filter_gemini_part_0_dpo_5/a1rr5z0mUkk-Scene-0027/aug_entity_20.png
T2V_data/VIDGEN-1M_unzip/a1rr5z0mUkk-Scene-0027.mp4,"In the video, a man is seen sitting at a table with various objects in front of him. He is wearing a black shirt and has a beard. The man is using bubble wrap to wrap a box. He is seen cutting the bubble wrap with scissors and then wrapping it around the box. The table also has other objects on it, including a cardboard box and a piece of paper. The man seems to be focused on his task and is carefully wrapping the box with the bubble wrap.",T2V_data/label/vidgen_filter_gemini_part_0_dpo_5/a1rr5z0mUkk-Scene-0027/entity_20.mp4,T2V_data/label/vidgen_filter_gemini_part_0_dpo_5/a1rr5z0mUkk-Scene-0027/aug_entity_20.png
T2V_data/VIDGEN-1M_unzip/a1rr5z0mUkk-Scene-0027.mp4,"In the video, a man is seen sitting at a table with various objects in front of him. He is wearing a black shirt and has a beard. The man is using bubble wrap to wrap a box. He is seen cutting the bubble wrap with scissors and then wrapping it around the box. The table also has other objects on it, including a cardboard box and a piece of paper. The man seems to be focused on his task and is carefully wrapping the box with the bubble wrap.",T2V_data/label/vidgen_filter_gemini_part_0_dpo_5/a1rr5z0mUkk-Scene-0027/depth.mp4,T2V_data/label/vidgen_filter_gemini_part_0_dpo_5/a1rr5z0mUkk-Scene-0027/aug_entity_40.png
T2V_data/VIDGEN-1M_unzip/a1rr5z0mUkk-Scene-0027.mp4,"In the video, a man is seen sitting at a table with various objects in front of him. He is wearing a black shirt and has a beard. The man is using bubble wrap to wrap a box. He is seen cutting the bubble wrap with scissors and then wrapping it around the box. The table also has other objects on it, including a cardboard box and a piece of paper. The man seems to be focused on his task and is carefully wrapping the box with the bubble wrap.",T2V_data/label/vidgen_filter_gemini_part_0_dpo_5/a1rr5z0mUkk-Scene-0027/entity_40.mp4,T2V_data/label/vidgen_filter_gemini_part_0_dpo_5/a1rr5z0mUkk-Scene-0027/aug_entity_40.png
T2V_data/VIDGEN-1M_unzip/aL6nxVZ51UY-Scene-0048.mp4,"The video shows a football player wearing a blue jersey with the number 11 on it, catching a football and running towards the end zone. He is being pursued by a player in a yellow and green jersey, who is trying to tackle him. The blue-jerseyed player manages to avoid the tackle and continues running towards the end zone. As he approaches the end zone, he is finally tackled by the yellow and green-jerseyed player, who brings him down to the ground. The blue-jerseyed player's teammates can be seen in the background, cheering and celebrating the successful play.",T2V_data/label/vidgen_filter_gemini_part_0_dpo_5/aL6nxVZ51UY-Scene-0048/depth.mp4,T2V_data/label/vidgen_filter_gemini_part_0_dpo_5/aL6nxVZ51UY-Scene-0048/aug_entity_20.png
T2V_data/VIDGEN-1M_unzip/aL6nxVZ51UY-Scene-0048.mp4,"The video shows a football player wearing a blue jersey with the number 11 on it, catching a football and running towards the end zone. He is being pursued by a player in a yellow and green jersey, who is trying to tackle him. The blue-jerseyed player manages to avoid the tackle and continues running towards the end zone. As he approaches the end zone, he is finally tackled by the yellow and green-jerseyed player, who brings him down to the ground. The blue-jerseyed player's teammates can be seen in the background, cheering and celebrating the successful play.",T2V_data/label/vidgen_filter_gemini_part_0_dpo_5/aL6nxVZ51UY-Scene-0048/entity_20.mp4,T2V_data/label/vidgen_filter_gemini_part_0_dpo_5/aL6nxVZ51UY-Scene-0048/aug_entity_20.png
T2V_data/VIDGEN-1M_unzip/aPgwUh1XXfU-Scene-0175.mp4,"The video shows a close-up of a car engine with a person's hand using a tool to loosen a bolt. The engine is dirty and has various pipes and components visible. The person's hand is wearing a black glove, and the tool used is a wrench. The bolt being loosened is located on a rusted part of the engine.",T2V_data/label/vidgen_filter_gemini_part_0_dpo_5/aPgwUh1XXfU-Scene-0175/depth.mp4,T2V_data/label/vidgen_filter_gemini_part_0_dpo_5/aPgwUh1XXfU-Scene-0175/aug_entity_40.png
T2V_data/VIDGEN-1M_unzip/aPgwUh1XXfU-Scene-0175.mp4,"The video shows a close-up of a car engine with a person's hand using a tool to loosen a bolt. The engine is dirty and has various pipes and components visible. The person's hand is wearing a black glove, and the tool used is a wrench. The bolt being loosened is located on a rusted part of the engine.",T2V_data/label/vidgen_filter_gemini_part_0_dpo_5/aPgwUh1XXfU-Scene-0175/entity_40.mp4,T2V_data/label/vidgen_filter_gemini_part_0_dpo_5/aPgwUh1XXfU-Scene-0175/aug_entity_40.png
T2V_data/VIDGEN-1M_unzip/aQOTA-Lc6Ts-Scene-0035.mp4,"The video shows a person working on a car's engine. The person is using a tool to remove a bolt from a battery. The battery is black and has a yellow tag attached to it. The person's hands are visible in the video, and they are wearing a ring on their left hand. The car's engine is visible in the background, and there are various other components and wires around the battery. The person appears to be experienced in handling the tool and the battery, as they work carefully and efficiently. The video provides a clear view of the process of removing the bolt from the battery, and the person's actions are deliberate and precise.",T2V_data/label/vidgen_filter_gemini_part_0_dpo_5/aQOTA-Lc6Ts-Scene-0035/depth.mp4,T2V_data/label/vidgen_filter_gemini_part_0_dpo_5/aQOTA-Lc6Ts-Scene-0035/aug_entity_20.png
T2V_data/VIDGEN-1M_unzip/aQOTA-Lc6Ts-Scene-0035.mp4,"The video shows a person working on a car's engine. The person is using a tool to remove a bolt from a battery. The battery is black and has a yellow tag attached to it. The person's hands are visible in the video, and they are wearing a ring on their left hand. The car's engine is visible in the background, and there are various other components and wires around the battery. The person appears to be experienced in handling the tool and the battery, as they work carefully and efficiently. The video provides a clear view of the process of removing the bolt from the battery, and the person's actions are deliberate and precise.",T2V_data/label/vidgen_filter_gemini_part_0_dpo_5/aQOTA-Lc6Ts-Scene-0035/entity_20.mp4,T2V_data/label/vidgen_filter_gemini_part_0_dpo_5/aQOTA-Lc6Ts-Scene-0035/aug_entity_20.png
T2V_data/VIDGEN-1M_unzip/aeG8rHuCIDQ-Scene-0007.mp4,"The video shows a large sailboat sailing on the ocean. The boat has a white hull and a large white sail with a blue logo on it. There are several people on the boat, wearing red and yellow life jackets. The water is choppy, and the boat is moving quickly. The sky is clear and blue, indicating good weather conditions.",T2V_data/label/vidgen_filter_gemini_part_0_dpo_5/aeG8rHuCIDQ-Scene-0007/depth.mp4,T2V_data/label/vidgen_filter_gemini_part_0_dpo_5/aeG8rHuCIDQ-Scene-0007/aug_entity_60.png
T2V_data/VIDGEN-1M_unzip/aeG8rHuCIDQ-Scene-0007.mp4,"The video shows a large sailboat sailing on the ocean. The boat has a white hull and a large white sail with a blue logo on it. There are several people on the boat, wearing red and yellow life jackets. The water is choppy, and the boat is moving quickly. The sky is clear and blue, indicating good weather conditions.",T2V_data/label/vidgen_filter_gemini_part_0_dpo_5/aeG8rHuCIDQ-Scene-0007/entity_60.mp4,T2V_data/label/vidgen_filter_gemini_part_0_dpo_5/aeG8rHuCIDQ-Scene-0007/aug_entity_60.png
T2V_data/VIDGEN-1M_unzip/akWKUGFT1x4-Scene-0041.mp4,"The video shows a red car driving on a road. The car is a Ford Mondeo, and it is driving on a two-lane road with a grassy field on the left side. The car is driving at a moderate speed, and there are no other vehicles or people visible in the video. The sky is clear, and it appears to be a sunny day.",T2V_data/label/vidgen_filter_gemini_part_0_dpo_5/akWKUGFT1x4-Scene-0041/depth.mp4,T2V_data/label/vidgen_filter_gemini_part_0_dpo_5/akWKUGFT1x4-Scene-0041/aug_entity_20.png
T2V_data/VIDGEN-1M_unzip/akWKUGFT1x4-Scene-0041.mp4,"The video shows a red car driving on a road. The car is a Ford Mondeo, and it is driving on a two-lane road with a grassy field on the left side. The car is driving at a moderate speed, and there are no other vehicles or people visible in the video. The sky is clear, and it appears to be a sunny day.",T2V_data/label/vidgen_filter_gemini_part_0_dpo_5/akWKUGFT1x4-Scene-0041/entity_20.mp4,T2V_data/label/vidgen_filter_gemini_part_0_dpo_5/akWKUGFT1x4-Scene-0041/aug_entity_20.png
T2V_data/VIDGEN-1M_unzip/an7sJcPwr3Q-Scene-0006.mp4,"In the video, a woman is seen exercising in a gym. She is lying on a yellow exercise ball and performing sit-ups. The gym is equipped with various exercise machines and equipment. The woman is wearing a purple top and black pants. She is focused on her workout, and her movements are controlled and deliberate. The gym appears to be well-lit and spacious, with mirrors on the walls. The woman's form is good, and she seems to be experienced with this type of exercise.",T2V_data/label/vidgen_filter_gemini_part_0_dpo_5/an7sJcPwr3Q-Scene-0006/depth.mp4,T2V_data/label/vidgen_filter_gemini_part_0_dpo_5/an7sJcPwr3Q-Scene-0006/aug_entity_20.png
T2V_data/VIDGEN-1M_unzip/an7sJcPwr3Q-Scene-0006.mp4,"In the video, a woman is seen exercising in a gym. She is lying on a yellow exercise ball and performing sit-ups. The gym is equipped with various exercise machines and equipment. The woman is wearing a purple top and black pants. She is focused on her workout, and her movements are controlled and deliberate. The gym appears to be well-lit and spacious, with mirrors on the walls. The woman's form is good, and she seems to be experienced with this type of exercise.",T2V_data/label/vidgen_filter_gemini_part_0_dpo_5/an7sJcPwr3Q-Scene-0006/entity_20.mp4,T2V_data/label/vidgen_filter_gemini_part_0_dpo_5/an7sJcPwr3Q-Scene-0006/aug_entity_20.png
T2V_data/VIDGEN-1M_unzip/avMioX0J4-I-Scene-0084.mp4,"In the video, a person is seen cutting a sandwich with a knife. The sandwich appears to be made of bread, lettuce, and bacon. The person is cutting the sandwich into smaller pieces. The knife is silver and appears to be sharp as it cuts through the sandwich with ease. The bread is light brown and appears to be toasted. The lettuce is green and fresh, and the bacon is crispy and brown. The person is wearing a white shirt and is using their right hand to hold the sandwich while cutting it with their left hand. The background is not visible in the video.",T2V_data/label/vidgen_filter_gemini_part_0_dpo_5/avMioX0J4-I-Scene-0084/depth.mp4,T2V_data/label/vidgen_filter_gemini_part_0_dpo_5/avMioX0J4-I-Scene-0084/aug_entity_20.png
T2V_data/VIDGEN-1M_unzip/avMioX0J4-I-Scene-0084.mp4,"In the video, a person is seen cutting a sandwich with a knife. The sandwich appears to be made of bread, lettuce, and bacon. The person is cutting the sandwich into smaller pieces. The knife is silver and appears to be sharp as it cuts through the sandwich with ease. The bread is light brown and appears to be toasted. The lettuce is green and fresh, and the bacon is crispy and brown. The person is wearing a white shirt and is using their right hand to hold the sandwich while cutting it with their left hand. The background is not visible in the video.",T2V_data/label/vidgen_filter_gemini_part_0_dpo_5/avMioX0J4-I-Scene-0084/entity_20.mp4,T2V_data/label/vidgen_filter_gemini_part_0_dpo_5/avMioX0J4-I-Scene-0084/aug_entity_20.png
T2V_data/VIDGEN-1M_unzip/axoAr6hmbJI-Scene-0017.mp4,"In the video, a man is seen standing in a gym, holding onto a rope attached to a pulley machine. He is wearing a black tank top and gray shorts. The man is performing a tricep extension exercise, pulling the rope down towards his body and then extending his arms back out. The gym is equipped with various exercise machines and weights, and there is another man visible in the background. The lighting in the gym is bright, and the walls are painted white. The man's form is correct, and he appears to be exerting effort as he performs the exercise.",T2V_data/label/vidgen_filter_gemini_part_0_dpo_5/axoAr6hmbJI-Scene-0017/depth.mp4,T2V_data/label/vidgen_filter_gemini_part_0_dpo_5/axoAr6hmbJI-Scene-0017/aug_entity_20.png
T2V_data/VIDGEN-1M_unzip/axoAr6hmbJI-Scene-0017.mp4,"In the video, a man is seen standing in a gym, holding onto a rope attached to a pulley machine. He is wearing a black tank top and gray shorts. The man is performing a tricep extension exercise, pulling the rope down towards his body and then extending his arms back out. The gym is equipped with various exercise machines and weights, and there is another man visible in the background. The lighting in the gym is bright, and the walls are painted white. The man's form is correct, and he appears to be exerting effort as he performs the exercise.",T2V_data/label/vidgen_filter_gemini_part_0_dpo_5/axoAr6hmbJI-Scene-0017/entity_20.mp4,T2V_data/label/vidgen_filter_gemini_part_0_dpo_5/axoAr6hmbJI-Scene-0017/aug_entity_20.png
T2V_data/VIDGEN-1M_unzip/b-GTKlmynCo-Scene-0012.mp4,"In the video, a man is standing in a kitchen and holding a plate with some food on it. He is wearing a blue shirt and has short black hair. The kitchen has wooden cabinets and a white stove in the background. The man is speaking to the camera and pointing to the plate of food. He then picks up a mortar and pestle and begins to grind the food in the mortar. The man is smiling and appears to be enjoying the process of preparing the food.",T2V_data/label/vidgen_filter_gemini_part_0_dpo_5/b-GTKlmynCo-Scene-0012/depth.mp4,T2V_data/label/vidgen_filter_gemini_part_0_dpo_5/b-GTKlmynCo-Scene-0012/aug_entity_20.png
T2V_data/VIDGEN-1M_unzip/b-GTKlmynCo-Scene-0012.mp4,"In the video, a man is standing in a kitchen and holding a plate with some food on it. He is wearing a blue shirt and has short black hair. The kitchen has wooden cabinets and a white stove in the background. The man is speaking to the camera and pointing to the plate of food. He then picks up a mortar and pestle and begins to grind the food in the mortar. The man is smiling and appears to be enjoying the process of preparing the food.",T2V_data/label/vidgen_filter_gemini_part_0_dpo_5/b-GTKlmynCo-Scene-0012/entity_20.mp4,T2V_data/label/vidgen_filter_gemini_part_0_dpo_5/b-GTKlmynCo-Scene-0012/aug_entity_20.png
T2V_data/VIDGEN-1M_unzip/bFYnZCXrZBs-Scene-0028.mp4,"The video features a person wearing blue gloves and a white shirt. They are holding a clear plastic bag filled with a green liquid. The person is using a small stick to poke holes in the bag. The background is blurred, but it appears to be a kitchen or laboratory setting.",T2V_data/label/vidgen_filter_gemini_part_0_dpo_5/bFYnZCXrZBs-Scene-0028/depth.mp4,T2V_data/label/vidgen_filter_gemini_part_0_dpo_5/bFYnZCXrZBs-Scene-0028/aug_entity_80.png
T2V_data/VIDGEN-1M_unzip/bFYnZCXrZBs-Scene-0028.mp4,"The video features a person wearing blue gloves and a white shirt. They are holding a clear plastic bag filled with a green liquid. The person is using a small stick to poke holes in the bag. The background is blurred, but it appears to be a kitchen or laboratory setting.",T2V_data/label/vidgen_filter_gemini_part_0_dpo_5/bFYnZCXrZBs-Scene-0028/entity_80.mp4,T2V_data/label/vidgen_filter_gemini_part_0_dpo_5/bFYnZCXrZBs-Scene-0028/aug_entity_80.png
T2V_data/VIDGEN-1M_unzip/bLp1lKrm54g-Scene-0217.mp4,"The video starts with a white cat standing on the edge of a well. The cat is looking down at the water and appears to be scared. The well is made of stone and has a red rope hanging down into the water. The cat then jumps into the water and disappears from view. The water splashes as the cat hits it, and then the cat resurfaces, looking wet and disheveled. The cat then climbs out of the well, looking relieved.",T2V_data/label/vidgen_filter_gemini_part_0_dpo_5/bLp1lKrm54g-Scene-0217/depth.mp4,T2V_data/label/vidgen_filter_gemini_part_0_dpo_5/bLp1lKrm54g-Scene-0217/aug_entity_40.png
T2V_data/VIDGEN-1M_unzip/bLp1lKrm54g-Scene-0217.mp4,"The video starts with a white cat standing on the edge of a well. The cat is looking down at the water and appears to be scared. The well is made of stone and has a red rope hanging down into the water. The cat then jumps into the water and disappears from view. The water splashes as the cat hits it, and then the cat resurfaces, looking wet and disheveled. The cat then climbs out of the well, looking relieved.",T2V_data/label/vidgen_filter_gemini_part_0_dpo_5/bLp1lKrm54g-Scene-0217/entity_40.mp4,T2V_data/label/vidgen_filter_gemini_part_0_dpo_5/bLp1lKrm54g-Scene-0217/aug_entity_40.png
T2V_data/VIDGEN-1M_unzip/b_q8vHXipOs-Scene-0006.mp4,"In the video, a person is seen wrapping a box with white paper. The person is using tape to secure the paper around the box. The box appears to be of medium size, and the person is wrapping it carefully to ensure that it is neatly covered. The person's hands are visible, and they seem to be experienced in wrapping boxes, as they handle the paper and tape with ease. The background is not clearly visible, but it appears to be an indoor setting. The video does not contain any dialogue or sound, and there are no other objects or people visible in the frame.",T2V_data/label/vidgen_filter_gemini_part_0_dpo_5/b_q8vHXipOs-Scene-0006/depth.mp4,T2V_data/label/vidgen_filter_gemini_part_0_dpo_5/b_q8vHXipOs-Scene-0006/aug_entity_40.png
T2V_data/VIDGEN-1M_unzip/b_q8vHXipOs-Scene-0006.mp4,"In the video, a person is seen wrapping a box with white paper. The person is using tape to secure the paper around the box. The box appears to be of medium size, and the person is wrapping it carefully to ensure that it is neatly covered. The person's hands are visible, and they seem to be experienced in wrapping boxes, as they handle the paper and tape with ease. The background is not clearly visible, but it appears to be an indoor setting. The video does not contain any dialogue or sound, and there are no other objects or people visible in the frame.",T2V_data/label/vidgen_filter_gemini_part_0_dpo_5/b_q8vHXipOs-Scene-0006/entity_40.mp4,T2V_data/label/vidgen_filter_gemini_part_0_dpo_5/b_q8vHXipOs-Scene-0006/aug_entity_40.png
T2V_data/VIDGEN-1M_unzip/bh3vbXoa-w0-Scene-0028.mp4,"In the video, a person is seen working on a piece of wood. The person is using a pencil to draw a line on the wood, and then they use a tool to cut along the line. The person's hands are visible, and they are wearing a ring on their left hand. The wood is placed on a yellow surface, and there is a hammer visible in the background. The person appears to be skilled in woodworking, as they handle the tools with precision. The video does not contain any text or subtitles.",T2V_data/label/vidgen_filter_gemini_part_0_dpo_5/bh3vbXoa-w0-Scene-0028/depth.mp4,T2V_data/label/vidgen_filter_gemini_part_0_dpo_5/bh3vbXoa-w0-Scene-0028/aug_entity_40.png
T2V_data/VIDGEN-1M_unzip/bh3vbXoa-w0-Scene-0028.mp4,"In the video, a person is seen working on a piece of wood. The person is using a pencil to draw a line on the wood, and then they use a tool to cut along the line. The person's hands are visible, and they are wearing a ring on their left hand. The wood is placed on a yellow surface, and there is a hammer visible in the background. The person appears to be skilled in woodworking, as they handle the tools with precision. The video does not contain any text or subtitles.",T2V_data/label/vidgen_filter_gemini_part_0_dpo_5/bh3vbXoa-w0-Scene-0028/entity_40.mp4,T2V_data/label/vidgen_filter_gemini_part_0_dpo_5/bh3vbXoa-w0-Scene-0028/aug_entity_40.png
T2V_data/VIDGEN-1M_unzip/bqHO10Opg8c-Scene-0115.mp4,The video shows a person riding a motorcycle on a road. The rider is wearing a helmet and is seen from the rider's point of view. The road is lined with trees and buildings on both sides. The sky is clear and the sun is shining brightly. The rider is moving at a moderate speed and there are no other vehicles or people visible in the video.,T2V_data/label/vidgen_filter_gemini_part_0_dpo_5/bqHO10Opg8c-Scene-0115/depth.mp4,T2V_data/label/vidgen_filter_gemini_part_0_dpo_5/bqHO10Opg8c-Scene-0115/aug_entity_20.png
T2V_data/VIDGEN-1M_unzip/bqHO10Opg8c-Scene-0115.mp4,The video shows a person riding a motorcycle on a road. The rider is wearing a helmet and is seen from the rider's point of view. The road is lined with trees and buildings on both sides. The sky is clear and the sun is shining brightly. The rider is moving at a moderate speed and there are no other vehicles or people visible in the video.,T2V_data/label/vidgen_filter_gemini_part_0_dpo_5/bqHO10Opg8c-Scene-0115/entity_20.mp4,T2V_data/label/vidgen_filter_gemini_part_0_dpo_5/bqHO10Opg8c-Scene-0115/aug_entity_20.png
T2V_data/VIDGEN-1M_unzip/bxJyd2Xjccs-Scene-0028.mp4,"In the video, a person is seen holding a can of seasoning in their hand. The can has a blue lid with holes in it, which the person is using to sprinkle the seasoning onto the food. The person's hand is visible, and they are using their fingers to shake the can and dispense the seasoning. The background is a kitchen counter with various items on it, including a jar and a cutting board. The person's movements are deliberate and careful as they season the food.",T2V_data/label/vidgen_filter_gemini_part_0_dpo_5/bxJyd2Xjccs-Scene-0028/depth.mp4,T2V_data/label/vidgen_filter_gemini_part_0_dpo_5/bxJyd2Xjccs-Scene-0028/aug_entity_40.png
T2V_data/VIDGEN-1M_unzip/bxJyd2Xjccs-Scene-0028.mp4,"In the video, a person is seen holding a can of seasoning in their hand. The can has a blue lid with holes in it, which the person is using to sprinkle the seasoning onto the food. The person's hand is visible, and they are using their fingers to shake the can and dispense the seasoning. The background is a kitchen counter with various items on it, including a jar and a cutting board. The person's movements are deliberate and careful as they season the food.",T2V_data/label/vidgen_filter_gemini_part_0_dpo_5/bxJyd2Xjccs-Scene-0028/entity_40.mp4,T2V_data/label/vidgen_filter_gemini_part_0_dpo_5/bxJyd2Xjccs-Scene-0028/aug_entity_40.png
T2V_data/VIDGEN-1M_unzip/bxJyd2Xjccs-Scene-0028.mp4,"In the video, a person is seen holding a can of seasoning in their hand. The can has a blue lid with holes in it, which the person is using to sprinkle the seasoning onto the food. The person's hand is visible, and they are using their fingers to shake the can and dispense the seasoning. The background is a kitchen counter with various items on it, including a jar and a cutting board. The person's movements are deliberate and careful as they season the food.",T2V_data/label/vidgen_filter_gemini_part_0_dpo_5/bxJyd2Xjccs-Scene-0028/depth.mp4,T2V_data/label/vidgen_filter_gemini_part_0_dpo_5/bxJyd2Xjccs-Scene-0028/aug_entity_80.png
T2V_data/VIDGEN-1M_unzip/bxJyd2Xjccs-Scene-0028.mp4,"In the video, a person is seen holding a can of seasoning in their hand. The can has a blue lid with holes in it, which the person is using to sprinkle the seasoning onto the food. The person's hand is visible, and they are using their fingers to shake the can and dispense the seasoning. The background is a kitchen counter with various items on it, including a jar and a cutting board. The person's movements are deliberate and careful as they season the food.",T2V_data/label/vidgen_filter_gemini_part_0_dpo_5/bxJyd2Xjccs-Scene-0028/entity_80.mp4,T2V_data/label/vidgen_filter_gemini_part_0_dpo_5/bxJyd2Xjccs-Scene-0028/aug_entity_80.png
T2V_data/VIDGEN-1M_unzip/cBQPGAmaEY8-Scene-0064.mp4,"The video shows a baseball game being played in a stadium. The batter hits the ball, and it is caught by the outfielder. The outfielder then throws the ball to the infield.",T2V_data/label/vidgen_filter_gemini_part_0_dpo_5/cBQPGAmaEY8-Scene-0064/depth.mp4,T2V_data/label/vidgen_filter_gemini_part_0_dpo_5/cBQPGAmaEY8-Scene-0064/aug_entity_20.png
T2V_data/VIDGEN-1M_unzip/cBQPGAmaEY8-Scene-0064.mp4,"The video shows a baseball game being played in a stadium. The batter hits the ball, and it is caught by the outfielder. The outfielder then throws the ball to the infield.",T2V_data/label/vidgen_filter_gemini_part_0_dpo_5/cBQPGAmaEY8-Scene-0064/entity_20.mp4,T2V_data/label/vidgen_filter_gemini_part_0_dpo_5/cBQPGAmaEY8-Scene-0064/aug_entity_20.png
T2V_data/VIDGEN-1M_unzip/cLMWynAq3fk-Scene-0046.mp4,"The video shows a man in a ball pit. He is wearing a black shirt and is surrounded by white balls. The man is smiling and appears to be enjoying himself. The lighting in the room is dim, with blue lights illuminating the area. The man is partially submerged in the balls, and he seems to be moving around in them. The video captures the playful and joyful atmosphere of the scene.",T2V_data/label/vidgen_filter_gemini_part_0_dpo_5/cLMWynAq3fk-Scene-0046/depth.mp4,T2V_data/label/vidgen_filter_gemini_part_0_dpo_5/cLMWynAq3fk-Scene-0046/aug_entity_20.png
T2V_data/VIDGEN-1M_unzip/cLMWynAq3fk-Scene-0046.mp4,"The video shows a man in a ball pit. He is wearing a black shirt and is surrounded by white balls. The man is smiling and appears to be enjoying himself. The lighting in the room is dim, with blue lights illuminating the area. The man is partially submerged in the balls, and he seems to be moving around in them. The video captures the playful and joyful atmosphere of the scene.",T2V_data/label/vidgen_filter_gemini_part_0_dpo_5/cLMWynAq3fk-Scene-0046/entity_20.mp4,T2V_data/label/vidgen_filter_gemini_part_0_dpo_5/cLMWynAq3fk-Scene-0046/aug_entity_20.png
T2V_data/VIDGEN-1M_unzip/cLcWWHFHhv0-Scene-0034.mp4,"The video shows a man riding a motorcycle and performing a wheelie, which is a maneuver where the front wheel is lifted off the ground and the bike is balanced on the rear wheel. The man is wearing a helmet and a jacket for safety. The road is surrounded by a desert landscape with power lines visible in the background. The sky is cloudy, and the road has a double yellow line down the middle. The motorcycle is black and appears to be a sportbike. The man maintains the wheelie for a few seconds before bringing the front wheel back down to the ground and continuing to ride down the road.",T2V_data/label/vidgen_filter_gemini_part_0_dpo_5/cLcWWHFHhv0-Scene-0034/depth.mp4,T2V_data/label/vidgen_filter_gemini_part_0_dpo_5/cLcWWHFHhv0-Scene-0034/aug_entity_20.png
T2V_data/VIDGEN-1M_unzip/cLcWWHFHhv0-Scene-0034.mp4,"The video shows a man riding a motorcycle and performing a wheelie, which is a maneuver where the front wheel is lifted off the ground and the bike is balanced on the rear wheel. The man is wearing a helmet and a jacket for safety. The road is surrounded by a desert landscape with power lines visible in the background. The sky is cloudy, and the road has a double yellow line down the middle. The motorcycle is black and appears to be a sportbike. The man maintains the wheelie for a few seconds before bringing the front wheel back down to the ground and continuing to ride down the road.",T2V_data/label/vidgen_filter_gemini_part_0_dpo_5/cLcWWHFHhv0-Scene-0034/entity_20.mp4,T2V_data/label/vidgen_filter_gemini_part_0_dpo_5/cLcWWHFHhv0-Scene-0034/aug_entity_20.png
T2V_data/VIDGEN-1M_unzip/cQyoDpQuDpI-Scene-0180.mp4,"The video shows a person dipping a piece of chicken into a small white bowl filled with sauce. The chicken is then lifted out of the bowl, and the sauce is seen dripping off of it. The background is blurred, but it appears to be a kitchen setting with a plate of raw chicken.",T2V_data/label/vidgen_filter_gemini_part_0_dpo_5/cQyoDpQuDpI-Scene-0180/depth.mp4,T2V_data/label/vidgen_filter_gemini_part_0_dpo_5/cQyoDpQuDpI-Scene-0180/aug_entity_20.png
T2V_data/VIDGEN-1M_unzip/cQyoDpQuDpI-Scene-0180.mp4,"The video shows a person dipping a piece of chicken into a small white bowl filled with sauce. The chicken is then lifted out of the bowl, and the sauce is seen dripping off of it. The background is blurred, but it appears to be a kitchen setting with a plate of raw chicken.",T2V_data/label/vidgen_filter_gemini_part_0_dpo_5/cQyoDpQuDpI-Scene-0180/entity_20.mp4,T2V_data/label/vidgen_filter_gemini_part_0_dpo_5/cQyoDpQuDpI-Scene-0180/aug_entity_20.png
T2V_data/VIDGEN-1M_unzip/cQyoDpQuDpI-Scene-0180.mp4,"The video shows a person dipping a piece of chicken into a small white bowl filled with sauce. The chicken is then lifted out of the bowl, and the sauce is seen dripping off of it. The background is blurred, but it appears to be a kitchen setting with a plate of raw chicken.",T2V_data/label/vidgen_filter_gemini_part_0_dpo_5/cQyoDpQuDpI-Scene-0180/depth.mp4,T2V_data/label/vidgen_filter_gemini_part_0_dpo_5/cQyoDpQuDpI-Scene-0180/aug_entity_60.png
T2V_data/VIDGEN-1M_unzip/cQyoDpQuDpI-Scene-0180.mp4,"The video shows a person dipping a piece of chicken into a small white bowl filled with sauce. The chicken is then lifted out of the bowl, and the sauce is seen dripping off of it. The background is blurred, but it appears to be a kitchen setting with a plate of raw chicken.",T2V_data/label/vidgen_filter_gemini_part_0_dpo_5/cQyoDpQuDpI-Scene-0180/entity_60.mp4,T2V_data/label/vidgen_filter_gemini_part_0_dpo_5/cQyoDpQuDpI-Scene-0180/aug_entity_60.png
T2V_data/VIDGEN-1M_unzip/cUpOfXnF0Dk-Scene-0030.mp4,"The video shows a person's hands working on a craft project. The person is using a circular frame to create a design with fabric strips. The fabric strips are arranged in a circular pattern, with alternating colors of purple and yellow. The person is seen tying the fabric strips together with a knot, and then adjusting the strips to create a symmetrical design. The person's hands move quickly and with precision, indicating that they are experienced in this craft. The background is a plain white surface, which helps to highlight the vibrant colors of the fabric.",T2V_data/label/vidgen_filter_gemini_part_0_dpo_5/cUpOfXnF0Dk-Scene-0030/depth.mp4,T2V_data/label/vidgen_filter_gemini_part_0_dpo_5/cUpOfXnF0Dk-Scene-0030/aug_entity_60.png
T2V_data/VIDGEN-1M_unzip/cUpOfXnF0Dk-Scene-0030.mp4,"The video shows a person's hands working on a craft project. The person is using a circular frame to create a design with fabric strips. The fabric strips are arranged in a circular pattern, with alternating colors of purple and yellow. The person is seen tying the fabric strips together with a knot, and then adjusting the strips to create a symmetrical design. The person's hands move quickly and with precision, indicating that they are experienced in this craft. The background is a plain white surface, which helps to highlight the vibrant colors of the fabric.",T2V_data/label/vidgen_filter_gemini_part_0_dpo_5/cUpOfXnF0Dk-Scene-0030/entity_60.mp4,T2V_data/label/vidgen_filter_gemini_part_0_dpo_5/cUpOfXnF0Dk-Scene-0030/aug_entity_60.png
T2V_data/VIDGEN-1M_unzip/cczqZMJZEtY-Scene-0056.mp4,"The video shows a person pouring milk from a container into a white mug. The milk is flowing smoothly and steadily, and the container is held at a slight angle to ensure the milk is poured evenly. The mug is placed on a surface, and the background shows a kitchen setting with a stove and other kitchen items. The milk appears to be cold, and the container is made of plastic. The person's hand is steady, and they seem to be pouring the milk with care.",T2V_data/label/vidgen_filter_gemini_part_0_dpo_5/cczqZMJZEtY-Scene-0056/depth.mp4,T2V_data/label/vidgen_filter_gemini_part_0_dpo_5/cczqZMJZEtY-Scene-0056/aug_entity_20.png
T2V_data/VIDGEN-1M_unzip/cczqZMJZEtY-Scene-0056.mp4,"The video shows a person pouring milk from a container into a white mug. The milk is flowing smoothly and steadily, and the container is held at a slight angle to ensure the milk is poured evenly. The mug is placed on a surface, and the background shows a kitchen setting with a stove and other kitchen items. The milk appears to be cold, and the container is made of plastic. The person's hand is steady, and they seem to be pouring the milk with care.",T2V_data/label/vidgen_filter_gemini_part_0_dpo_5/cczqZMJZEtY-Scene-0056/entity_20.mp4,T2V_data/label/vidgen_filter_gemini_part_0_dpo_5/cczqZMJZEtY-Scene-0056/aug_entity_20.png
T2V_data/VIDGEN-1M_unzip/cczqZMJZEtY-Scene-0056.mp4,"The video shows a person pouring milk from a container into a white mug. The milk is flowing smoothly and steadily, and the container is held at a slight angle to ensure the milk is poured evenly. The mug is placed on a surface, and the background shows a kitchen setting with a stove and other kitchen items. The milk appears to be cold, and the container is made of plastic. The person's hand is steady, and they seem to be pouring the milk with care.",T2V_data/label/vidgen_filter_gemini_part_0_dpo_5/cczqZMJZEtY-Scene-0056/depth.mp4,T2V_data/label/vidgen_filter_gemini_part_0_dpo_5/cczqZMJZEtY-Scene-0056/aug_entity_60.png
T2V_data/VIDGEN-1M_unzip/cczqZMJZEtY-Scene-0056.mp4,"The video shows a person pouring milk from a container into a white mug. The milk is flowing smoothly and steadily, and the container is held at a slight angle to ensure the milk is poured evenly. The mug is placed on a surface, and the background shows a kitchen setting with a stove and other kitchen items. The milk appears to be cold, and the container is made of plastic. The person's hand is steady, and they seem to be pouring the milk with care.",T2V_data/label/vidgen_filter_gemini_part_0_dpo_5/cczqZMJZEtY-Scene-0056/entity_60.mp4,T2V_data/label/vidgen_filter_gemini_part_0_dpo_5/cczqZMJZEtY-Scene-0056/aug_entity_60.png
T2V_data/VIDGEN-1M_unzip/chlllchzch0-Scene-0044.mp4,"The video features a close-up shot of a raw steak on a wooden cutting board. A person wearing a black glove is seen pressing down on the steak with their index finger, causing the meat to compress and then slowly spring back to its original shape. The steak has a deep red color with white marbling throughout. The person repeats this action several times, demonstrating the tenderness and quality of the meat.",T2V_data/label/vidgen_filter_gemini_part_0_dpo_5/chlllchzch0-Scene-0044/depth.mp4,T2V_data/label/vidgen_filter_gemini_part_0_dpo_5/chlllchzch0-Scene-0044/aug_entity_20.png
T2V_data/VIDGEN-1M_unzip/chlllchzch0-Scene-0044.mp4,"The video features a close-up shot of a raw steak on a wooden cutting board. A person wearing a black glove is seen pressing down on the steak with their index finger, causing the meat to compress and then slowly spring back to its original shape. The steak has a deep red color with white marbling throughout. The person repeats this action several times, demonstrating the tenderness and quality of the meat.",T2V_data/label/vidgen_filter_gemini_part_0_dpo_5/chlllchzch0-Scene-0044/entity_20.mp4,T2V_data/label/vidgen_filter_gemini_part_0_dpo_5/chlllchzch0-Scene-0044/aug_entity_20.png
T2V_data/VIDGEN-1M_unzip/crpa3s4gGCQ-Scene-0028.mp4,"The video shows a man in a black jacket standing in front of a large iceberg. He is speaking to the camera and making hand gestures. In the background, there is a seal lying on the iceberg. The seal suddenly opens its mouth and appears to be biting the man's hand. The man looks surprised and pulls his hand back quickly. The video is shot in a cold, icy environment, and the man and the seal are the only two visible characters.",T2V_data/label/vidgen_filter_gemini_part_0_dpo_5/crpa3s4gGCQ-Scene-0028/depth.mp4,T2V_data/label/vidgen_filter_gemini_part_0_dpo_5/crpa3s4gGCQ-Scene-0028/aug_entity_40.png
T2V_data/VIDGEN-1M_unzip/crpa3s4gGCQ-Scene-0028.mp4,"The video shows a man in a black jacket standing in front of a large iceberg. He is speaking to the camera and making hand gestures. In the background, there is a seal lying on the iceberg. The seal suddenly opens its mouth and appears to be biting the man's hand. The man looks surprised and pulls his hand back quickly. The video is shot in a cold, icy environment, and the man and the seal are the only two visible characters.",T2V_data/label/vidgen_filter_gemini_part_0_dpo_5/crpa3s4gGCQ-Scene-0028/entity_40.mp4,T2V_data/label/vidgen_filter_gemini_part_0_dpo_5/crpa3s4gGCQ-Scene-0028/aug_entity_40.png
T2V_data/VIDGEN-1M_unzip/crpa3s4gGCQ-Scene-0028.mp4,"The video shows a man in a black jacket standing in front of a large iceberg. He is speaking to the camera and making hand gestures. In the background, there is a seal lying on the iceberg. The seal suddenly opens its mouth and appears to be biting the man's hand. The man looks surprised and pulls his hand back quickly. The video is shot in a cold, icy environment, and the man and the seal are the only two visible characters.",T2V_data/label/vidgen_filter_gemini_part_0_dpo_5/crpa3s4gGCQ-Scene-0028/depth.mp4,T2V_data/label/vidgen_filter_gemini_part_0_dpo_5/crpa3s4gGCQ-Scene-0028/aug_entity_60.png
T2V_data/VIDGEN-1M_unzip/crpa3s4gGCQ-Scene-0028.mp4,"The video shows a man in a black jacket standing in front of a large iceberg. He is speaking to the camera and making hand gestures. In the background, there is a seal lying on the iceberg. The seal suddenly opens its mouth and appears to be biting the man's hand. The man looks surprised and pulls his hand back quickly. The video is shot in a cold, icy environment, and the man and the seal are the only two visible characters.",T2V_data/label/vidgen_filter_gemini_part_0_dpo_5/crpa3s4gGCQ-Scene-0028/entity_60.mp4,T2V_data/label/vidgen_filter_gemini_part_0_dpo_5/crpa3s4gGCQ-Scene-0028/aug_entity_60.png
T2V_data/VIDGEN-1M_unzip/dGLzpytb7b0-Scene-0101.mp4,"The video shows a person cooking meat on a grill. The person is using tongs to turn the meat over to ensure it is cooked evenly on both sides. The meat appears to be thick cuts, possibly steaks or chops. The grill marks are visible on the meat, indicating that it has been cooking for some time. The person appears to be experienced in handling the meat, as they are able to turn it over without any difficulty. The video does not show any other objects or people, and the focus is solely on the cooking process.",T2V_data/label/vidgen_filter_gemini_part_0_dpo_5/dGLzpytb7b0-Scene-0101/depth.mp4,T2V_data/label/vidgen_filter_gemini_part_0_dpo_5/dGLzpytb7b0-Scene-0101/aug_entity_20.png
T2V_data/VIDGEN-1M_unzip/dGLzpytb7b0-Scene-0101.mp4,"The video shows a person cooking meat on a grill. The person is using tongs to turn the meat over to ensure it is cooked evenly on both sides. The meat appears to be thick cuts, possibly steaks or chops. The grill marks are visible on the meat, indicating that it has been cooking for some time. The person appears to be experienced in handling the meat, as they are able to turn it over without any difficulty. The video does not show any other objects or people, and the focus is solely on the cooking process.",T2V_data/label/vidgen_filter_gemini_part_0_dpo_5/dGLzpytb7b0-Scene-0101/entity_20.mp4,T2V_data/label/vidgen_filter_gemini_part_0_dpo_5/dGLzpytb7b0-Scene-0101/aug_entity_20.png
T2V_data/VIDGEN-1M_unzip/dHqgiM5r0u8-Scene-0067.mp4,"In the video, a person's hand is seen rolling two dice on a white surface. The dice are yellow with different symbols on them. One die has a plus sign on it, while the other has a thumbs-up symbol. The person rolls the dice several times, and the thumbs-up die is always on top.",T2V_data/label/vidgen_filter_gemini_part_0_dpo_5/dHqgiM5r0u8-Scene-0067/depth.mp4,T2V_data/label/vidgen_filter_gemini_part_0_dpo_5/dHqgiM5r0u8-Scene-0067/aug_entity_20.png
T2V_data/VIDGEN-1M_unzip/dHqgiM5r0u8-Scene-0067.mp4,"In the video, a person's hand is seen rolling two dice on a white surface. The dice are yellow with different symbols on them. One die has a plus sign on it, while the other has a thumbs-up symbol. The person rolls the dice several times, and the thumbs-up die is always on top.",T2V_data/label/vidgen_filter_gemini_part_0_dpo_5/dHqgiM5r0u8-Scene-0067/entity_20.mp4,T2V_data/label/vidgen_filter_gemini_part_0_dpo_5/dHqgiM5r0u8-Scene-0067/aug_entity_20.png
T2V_data/VIDGEN-1M_unzip/dS5k3zPhJqo-Scene-0101.mp4,"The video shows a man in a barn, wearing a black shirt and pants, using a rake to move hay. There is a cow standing next to him, and a pig lying on the hay. The barn has a brick wall and a metal roof. The man is raking the hay towards the wall, creating a pile.",T2V_data/label/vidgen_filter_gemini_part_0_dpo_5/dS5k3zPhJqo-Scene-0101/depth.mp4,T2V_data/label/vidgen_filter_gemini_part_0_dpo_5/dS5k3zPhJqo-Scene-0101/aug_entity_60.png
T2V_data/VIDGEN-1M_unzip/dS5k3zPhJqo-Scene-0101.mp4,"The video shows a man in a barn, wearing a black shirt and pants, using a rake to move hay. There is a cow standing next to him, and a pig lying on the hay. The barn has a brick wall and a metal roof. The man is raking the hay towards the wall, creating a pile.",T2V_data/label/vidgen_filter_gemini_part_0_dpo_5/dS5k3zPhJqo-Scene-0101/entity_60.mp4,T2V_data/label/vidgen_filter_gemini_part_0_dpo_5/dS5k3zPhJqo-Scene-0101/aug_entity_60.png
T2V_data/VIDGEN-1M_unzip/dqyo_HwWYm8-Scene-0069.mp4,"The video shows a woman performing a gymnastics routine on a balance beam. She is wearing a pink and black leotard and has her hair tied up in a ponytail. The gym is equipped with various gymnastics apparatuses, including rings and bars in the background. The woman is executing a series of moves, including handstands and flips, with precision and control. The lighting in the gym is bright, and the focus is on the woman's movements.",T2V_data/label/vidgen_filter_gemini_part_0_dpo_5/dqyo_HwWYm8-Scene-0069/depth.mp4,T2V_data/label/vidgen_filter_gemini_part_0_dpo_5/dqyo_HwWYm8-Scene-0069/aug_entity_20.png
T2V_data/VIDGEN-1M_unzip/dqyo_HwWYm8-Scene-0069.mp4,"The video shows a woman performing a gymnastics routine on a balance beam. She is wearing a pink and black leotard and has her hair tied up in a ponytail. The gym is equipped with various gymnastics apparatuses, including rings and bars in the background. The woman is executing a series of moves, including handstands and flips, with precision and control. The lighting in the gym is bright, and the focus is on the woman's movements.",T2V_data/label/vidgen_filter_gemini_part_0_dpo_5/dqyo_HwWYm8-Scene-0069/entity_20.mp4,T2V_data/label/vidgen_filter_gemini_part_0_dpo_5/dqyo_HwWYm8-Scene-0069/aug_entity_20.png
T2V_data/VIDGEN-1M_unzip/dvkdy7G1Q7Q-Scene-0001.mp4,The video shows a man in a kayak holding a crossbow. He is wearing a white hat and an orange life jacket. The man is demonstrating how to use the crossbow. He is seen pulling the string back and then releasing it. The background shows a foggy river with other kayakers in the distance.,T2V_data/label/vidgen_filter_gemini_part_0_dpo_5/dvkdy7G1Q7Q-Scene-0001/depth.mp4,T2V_data/label/vidgen_filter_gemini_part_0_dpo_5/dvkdy7G1Q7Q-Scene-0001/aug_entity_20.png
T2V_data/VIDGEN-1M_unzip/dvkdy7G1Q7Q-Scene-0001.mp4,The video shows a man in a kayak holding a crossbow. He is wearing a white hat and an orange life jacket. The man is demonstrating how to use the crossbow. He is seen pulling the string back and then releasing it. The background shows a foggy river with other kayakers in the distance.,T2V_data/label/vidgen_filter_gemini_part_0_dpo_5/dvkdy7G1Q7Q-Scene-0001/entity_20.mp4,T2V_data/label/vidgen_filter_gemini_part_0_dpo_5/dvkdy7G1Q7Q-Scene-0001/aug_entity_20.png
T2V_data/VIDGEN-1M_unzip/dzHURCqvDrc-Scene-0037.mp4,"In the video, a person is seen cutting meat on a cutting board. The person is using a knife to cut the meat into smaller pieces. The cutting board is placed on a table, and there are other pieces of meat on the board. The person is wearing a white shirt and a watch on their left wrist. The knife used for cutting is black in color. The meat being cut is red in color. The person is cutting the meat with precision and care.",T2V_data/label/vidgen_filter_gemini_part_0_dpo_5/dzHURCqvDrc-Scene-0037/depth.mp4,T2V_data/label/vidgen_filter_gemini_part_0_dpo_5/dzHURCqvDrc-Scene-0037/aug_entity_40.png
T2V_data/VIDGEN-1M_unzip/dzHURCqvDrc-Scene-0037.mp4,"In the video, a person is seen cutting meat on a cutting board. The person is using a knife to cut the meat into smaller pieces. The cutting board is placed on a table, and there are other pieces of meat on the board. The person is wearing a white shirt and a watch on their left wrist. The knife used for cutting is black in color. The meat being cut is red in color. The person is cutting the meat with precision and care.",T2V_data/label/vidgen_filter_gemini_part_0_dpo_5/dzHURCqvDrc-Scene-0037/entity_40.mp4,T2V_data/label/vidgen_filter_gemini_part_0_dpo_5/dzHURCqvDrc-Scene-0037/aug_entity_40.png
T2V_data/VIDGEN-1M_unzip/ejlfcOwFpFY-Scene-0027.mp4,The video shows a close-up of a sewing machine's needle and presser foot area. A person's hands are seen removing the needle and then replacing it. The hands are wearing a blue glove on the left hand and no glove on the right hand. The sewing machine is white with black and silver accents. The needle and presser foot are made of metal and are shown in detail as the person works on them.,T2V_data/label/vidgen_filter_gemini_part_0_dpo_5/ejlfcOwFpFY-Scene-0027/depth.mp4,T2V_data/label/vidgen_filter_gemini_part_0_dpo_5/ejlfcOwFpFY-Scene-0027/aug_entity_40.png
T2V_data/VIDGEN-1M_unzip/ejlfcOwFpFY-Scene-0027.mp4,The video shows a close-up of a sewing machine's needle and presser foot area. A person's hands are seen removing the needle and then replacing it. The hands are wearing a blue glove on the left hand and no glove on the right hand. The sewing machine is white with black and silver accents. The needle and presser foot are made of metal and are shown in detail as the person works on them.,T2V_data/label/vidgen_filter_gemini_part_0_dpo_5/ejlfcOwFpFY-Scene-0027/entity_40.mp4,T2V_data/label/vidgen_filter_gemini_part_0_dpo_5/ejlfcOwFpFY-Scene-0027/aug_entity_40.png
T2V_data/VIDGEN-1M_unzip/f6ugnBfoqGA-Scene-0035.mp4,"The video features a bright green sports car with black rims and a black interior. The car is shown driving on a runway, passing by a small airplane and a hangar. The car then approaches a ramp and performs a jump, landing smoothly on the other side. The sky is clear with a few clouds, and the runway is surrounded by buildings and palm trees.",T2V_data/label/vidgen_filter_gemini_part_0_dpo_5/f6ugnBfoqGA-Scene-0035/depth.mp4,T2V_data/label/vidgen_filter_gemini_part_0_dpo_5/f6ugnBfoqGA-Scene-0035/aug_entity_20.png
T2V_data/VIDGEN-1M_unzip/f6ugnBfoqGA-Scene-0035.mp4,"The video features a bright green sports car with black rims and a black interior. The car is shown driving on a runway, passing by a small airplane and a hangar. The car then approaches a ramp and performs a jump, landing smoothly on the other side. The sky is clear with a few clouds, and the runway is surrounded by buildings and palm trees.",T2V_data/label/vidgen_filter_gemini_part_0_dpo_5/f6ugnBfoqGA-Scene-0035/entity_20.mp4,T2V_data/label/vidgen_filter_gemini_part_0_dpo_5/f6ugnBfoqGA-Scene-0035/aug_entity_20.png
T2V_data/VIDGEN-1M_unzip/fALn-Fi0Qds-Scene-0009.mp4,"In the video, a young man is sitting at a table with a pink stuffed pig in front of him. He is wearing a striped shirt and has short hair. The pig has a red tag on its ear. The man is speaking to the camera and then he throws the pig across the table. The pig bounces off the table and lands on the floor. The man then picks up the pig and puts it back on the table. He continues to speak to the camera.",T2V_data/label/vidgen_filter_gemini_part_0_dpo_5/fALn-Fi0Qds-Scene-0009/depth.mp4,T2V_data/label/vidgen_filter_gemini_part_0_dpo_5/fALn-Fi0Qds-Scene-0009/aug_entity_20.png
T2V_data/VIDGEN-1M_unzip/fALn-Fi0Qds-Scene-0009.mp4,"In the video, a young man is sitting at a table with a pink stuffed pig in front of him. He is wearing a striped shirt and has short hair. The pig has a red tag on its ear. The man is speaking to the camera and then he throws the pig across the table. The pig bounces off the table and lands on the floor. The man then picks up the pig and puts it back on the table. He continues to speak to the camera.",T2V_data/label/vidgen_filter_gemini_part_0_dpo_5/fALn-Fi0Qds-Scene-0009/entity_20.mp4,T2V_data/label/vidgen_filter_gemini_part_0_dpo_5/fALn-Fi0Qds-Scene-0009/aug_entity_20.png
T2V_data/VIDGEN-1M_unzip/fE3SOlBuI9E-Scene-0038.mp4,"In the video, a man is seen holding a knife and cutting a snake that is wrapped around a towel. The man is wearing a black shirt and brown pants. The snake is brown and appears to be quite large. The man is standing on a wooden floor and there is a yellow caution sign visible in the background. The man seems to be cutting the snake with care, and the snake does not appear to be moving much.",T2V_data/label/vidgen_filter_gemini_part_0_dpo_5/fE3SOlBuI9E-Scene-0038/depth.mp4,T2V_data/label/vidgen_filter_gemini_part_0_dpo_5/fE3SOlBuI9E-Scene-0038/aug_entity_20.png
T2V_data/VIDGEN-1M_unzip/fE3SOlBuI9E-Scene-0038.mp4,"In the video, a man is seen holding a knife and cutting a snake that is wrapped around a towel. The man is wearing a black shirt and brown pants. The snake is brown and appears to be quite large. The man is standing on a wooden floor and there is a yellow caution sign visible in the background. The man seems to be cutting the snake with care, and the snake does not appear to be moving much.",T2V_data/label/vidgen_filter_gemini_part_0_dpo_5/fE3SOlBuI9E-Scene-0038/entity_20.mp4,T2V_data/label/vidgen_filter_gemini_part_0_dpo_5/fE3SOlBuI9E-Scene-0038/aug_entity_20.png
T2V_data/VIDGEN-1M_unzip/fE3SOlBuI9E-Scene-0038.mp4,"In the video, a man is seen holding a knife and cutting a snake that is wrapped around a towel. The man is wearing a black shirt and brown pants. The snake is brown and appears to be quite large. The man is standing on a wooden floor and there is a yellow caution sign visible in the background. The man seems to be cutting the snake with care, and the snake does not appear to be moving much.",T2V_data/label/vidgen_filter_gemini_part_0_dpo_5/fE3SOlBuI9E-Scene-0038/depth.mp4,T2V_data/label/vidgen_filter_gemini_part_0_dpo_5/fE3SOlBuI9E-Scene-0038/aug_entity_40.png
T2V_data/VIDGEN-1M_unzip/fE3SOlBuI9E-Scene-0038.mp4,"In the video, a man is seen holding a knife and cutting a snake that is wrapped around a towel. The man is wearing a black shirt and brown pants. The snake is brown and appears to be quite large. The man is standing on a wooden floor and there is a yellow caution sign visible in the background. The man seems to be cutting the snake with care, and the snake does not appear to be moving much.",T2V_data/label/vidgen_filter_gemini_part_0_dpo_5/fE3SOlBuI9E-Scene-0038/entity_40.mp4,T2V_data/label/vidgen_filter_gemini_part_0_dpo_5/fE3SOlBuI9E-Scene-0038/aug_entity_40.png
T2V_data/VIDGEN-1M_unzip/fXvbW3Dj9fg-Scene-0006.mp4,"The video shows a soccer game in progress. A player is seen kicking the ball towards the goal, and the goalkeeper is attempting to block it. The goalkeeper is wearing a blue shirt and black shorts, while the player is wearing a black shirt and shorts. The ball is white and is seen moving towards the goal. The goalkeeper is diving to his right in an attempt to block the ball. The background shows a green field with white lines marking the soccer field and a crowd of spectators in the stands.",T2V_data/label/vidgen_filter_gemini_part_0_dpo_5/fXvbW3Dj9fg-Scene-0006/depth.mp4,T2V_data/label/vidgen_filter_gemini_part_0_dpo_5/fXvbW3Dj9fg-Scene-0006/aug_entity_40.png
T2V_data/VIDGEN-1M_unzip/fXvbW3Dj9fg-Scene-0006.mp4,"The video shows a soccer game in progress. A player is seen kicking the ball towards the goal, and the goalkeeper is attempting to block it. The goalkeeper is wearing a blue shirt and black shorts, while the player is wearing a black shirt and shorts. The ball is white and is seen moving towards the goal. The goalkeeper is diving to his right in an attempt to block the ball. The background shows a green field with white lines marking the soccer field and a crowd of spectators in the stands.",T2V_data/label/vidgen_filter_gemini_part_0_dpo_5/fXvbW3Dj9fg-Scene-0006/entity_40.mp4,T2V_data/label/vidgen_filter_gemini_part_0_dpo_5/fXvbW3Dj9fg-Scene-0006/aug_entity_40.png
T2V_data/VIDGEN-1M_unzip/fd9D_glw2Yo-Scene-0051.mp4,"In the video, a man is seen working on a wooden structure. He is wearing a black shirt and beige pants. The structure appears to be a wooden box or a similar object. The man is using a power drill to make holes in the wood. He is also using a blue tape to secure the wood pieces together. The man seems to be focused on his work, and he is using the power drill with precision. The background of the video is a workshop, with various tools and equipment visible. The lighting in the video is bright, and the colors are clear and vibrant. The man's actions are deliberate and careful, indicating that he is experienced in woodworking.",T2V_data/label/vidgen_filter_gemini_part_0_dpo_5/fd9D_glw2Yo-Scene-0051/depth.mp4,T2V_data/label/vidgen_filter_gemini_part_0_dpo_5/fd9D_glw2Yo-Scene-0051/aug_entity_60.png
T2V_data/VIDGEN-1M_unzip/fd9D_glw2Yo-Scene-0051.mp4,"In the video, a man is seen working on a wooden structure. He is wearing a black shirt and beige pants. The structure appears to be a wooden box or a similar object. The man is using a power drill to make holes in the wood. He is also using a blue tape to secure the wood pieces together. The man seems to be focused on his work, and he is using the power drill with precision. The background of the video is a workshop, with various tools and equipment visible. The lighting in the video is bright, and the colors are clear and vibrant. The man's actions are deliberate and careful, indicating that he is experienced in woodworking.",T2V_data/label/vidgen_filter_gemini_part_0_dpo_5/fd9D_glw2Yo-Scene-0051/entity_60.mp4,T2V_data/label/vidgen_filter_gemini_part_0_dpo_5/fd9D_glw2Yo-Scene-0051/aug_entity_60.png
T2V_data/VIDGEN-1M_unzip/fycArUSAKN4-Scene-0011.mp4,"The video shows a close-up of a person's hands as they use a small knife to cut open a white eggshell. The eggshell is cracked open to reveal a small chick inside. The person carefully removes the top part of the shell to fully expose the chick. The background is filled with other cracked eggshells, suggesting that this is part of a larger process, possibly a hatching operation. The video is shot in a way that focuses on the action of cutting the eggshell and the reveal of the chick.",T2V_data/label/vidgen_filter_gemini_part_0_dpo_5/fycArUSAKN4-Scene-0011/depth.mp4,T2V_data/label/vidgen_filter_gemini_part_0_dpo_5/fycArUSAKN4-Scene-0011/aug_entity_60.png
T2V_data/VIDGEN-1M_unzip/fycArUSAKN4-Scene-0011.mp4,"The video shows a close-up of a person's hands as they use a small knife to cut open a white eggshell. The eggshell is cracked open to reveal a small chick inside. The person carefully removes the top part of the shell to fully expose the chick. The background is filled with other cracked eggshells, suggesting that this is part of a larger process, possibly a hatching operation. The video is shot in a way that focuses on the action of cutting the eggshell and the reveal of the chick.",T2V_data/label/vidgen_filter_gemini_part_0_dpo_5/fycArUSAKN4-Scene-0011/entity_60.mp4,T2V_data/label/vidgen_filter_gemini_part_0_dpo_5/fycArUSAKN4-Scene-0011/aug_entity_60.png
T2V_data/VIDGEN-1M_unzip/g6snXv92tHE-Scene-0047.mp4,"In the video, a man is riding a bull in a rodeo. The bull is bucking wildly, trying to throw the man off its back. The man is holding on tightly with one hand, while the other hand is in the air. The bull is brown and has a saddle on its back. The man is wearing a cowboy hat and a blue shirt. The rodeo arena is surrounded by a crowd of spectators, who are watching the event. The man successfully stays on the bull for a few seconds before being thrown off. The video ends with the man lying on the ground and the bull running away.",T2V_data/label/vidgen_filter_gemini_part_0_dpo_5/g6snXv92tHE-Scene-0047/depth.mp4,T2V_data/label/vidgen_filter_gemini_part_0_dpo_5/g6snXv92tHE-Scene-0047/aug_entity_20.png
T2V_data/VIDGEN-1M_unzip/g6snXv92tHE-Scene-0047.mp4,"In the video, a man is riding a bull in a rodeo. The bull is bucking wildly, trying to throw the man off its back. The man is holding on tightly with one hand, while the other hand is in the air. The bull is brown and has a saddle on its back. The man is wearing a cowboy hat and a blue shirt. The rodeo arena is surrounded by a crowd of spectators, who are watching the event. The man successfully stays on the bull for a few seconds before being thrown off. The video ends with the man lying on the ground and the bull running away.",T2V_data/label/vidgen_filter_gemini_part_0_dpo_5/g6snXv92tHE-Scene-0047/entity_20.mp4,T2V_data/label/vidgen_filter_gemini_part_0_dpo_5/g6snXv92tHE-Scene-0047/aug_entity_20.png
T2V_data/VIDGEN-1M_unzip/g76TeMMjxpQ-Scene-0014.mp4,"In this video, a person is holding a small brown insect between their fingers. The insect has long antennae and is moving its legs. The person then uses a needle to poke the insect, causing it to move its legs and antennae. The background is white, and the focus is on the insect and the person's hand.",T2V_data/label/vidgen_filter_gemini_part_0_dpo_5/g76TeMMjxpQ-Scene-0014/depth.mp4,T2V_data/label/vidgen_filter_gemini_part_0_dpo_5/g76TeMMjxpQ-Scene-0014/aug_entity_40.png
T2V_data/VIDGEN-1M_unzip/g76TeMMjxpQ-Scene-0014.mp4,"In this video, a person is holding a small brown insect between their fingers. The insect has long antennae and is moving its legs. The person then uses a needle to poke the insect, causing it to move its legs and antennae. The background is white, and the focus is on the insect and the person's hand.",T2V_data/label/vidgen_filter_gemini_part_0_dpo_5/g76TeMMjxpQ-Scene-0014/entity_40.mp4,T2V_data/label/vidgen_filter_gemini_part_0_dpo_5/g76TeMMjxpQ-Scene-0014/aug_entity_40.png
T2V_data/VIDGEN-1M_unzip/gAnoWXUaVoY-Scene-0314.mp4,"In the video, a man is seen standing on a platform attached to a tree. He is holding onto a rope that is attached to the platform. Another man is standing on the ground, holding onto the rope and assisting the man on the platform. The man on the platform is carefully stepping onto a red platform that is attached to the tree. The man on the ground is guiding him and ensuring his safety. The platform is made of metal and is securely attached to the tree. The man on the platform is wearing a black shirt and shorts, while the man on the ground is wearing a white shirt and black pants. The background consists of trees and greenery, indicating that the location is in a forest or a park.",T2V_data/label/vidgen_filter_gemini_part_0_dpo_5/gAnoWXUaVoY-Scene-0314/depth.mp4,T2V_data/label/vidgen_filter_gemini_part_0_dpo_5/gAnoWXUaVoY-Scene-0314/aug_entity_20.png
T2V_data/VIDGEN-1M_unzip/gAnoWXUaVoY-Scene-0314.mp4,"In the video, a man is seen standing on a platform attached to a tree. He is holding onto a rope that is attached to the platform. Another man is standing on the ground, holding onto the rope and assisting the man on the platform. The man on the platform is carefully stepping onto a red platform that is attached to the tree. The man on the ground is guiding him and ensuring his safety. The platform is made of metal and is securely attached to the tree. The man on the platform is wearing a black shirt and shorts, while the man on the ground is wearing a white shirt and black pants. The background consists of trees and greenery, indicating that the location is in a forest or a park.",T2V_data/label/vidgen_filter_gemini_part_0_dpo_5/gAnoWXUaVoY-Scene-0314/entity_20.mp4,T2V_data/label/vidgen_filter_gemini_part_0_dpo_5/gAnoWXUaVoY-Scene-0314/aug_entity_20.png
T2V_data/VIDGEN-1M_unzip/gPyBLa8dmaw-Scene-0072.mp4,"In the video, a person is seen riding a horse in a field. The horse is black and white and is wearing a pink saddle. The rider is dressed in black and is wearing a helmet. They are jumping over blue poles that are placed on the ground. The background consists of trees and a fence. The video is shot from a side angle, and the horse and rider are moving from left to right.",T2V_data/label/vidgen_filter_gemini_part_0_dpo_5/gPyBLa8dmaw-Scene-0072/depth.mp4,T2V_data/label/vidgen_filter_gemini_part_0_dpo_5/gPyBLa8dmaw-Scene-0072/aug_entity_40.png
T2V_data/VIDGEN-1M_unzip/gPyBLa8dmaw-Scene-0072.mp4,"In the video, a person is seen riding a horse in a field. The horse is black and white and is wearing a pink saddle. The rider is dressed in black and is wearing a helmet. They are jumping over blue poles that are placed on the ground. The background consists of trees and a fence. The video is shot from a side angle, and the horse and rider are moving from left to right.",T2V_data/label/vidgen_filter_gemini_part_0_dpo_5/gPyBLa8dmaw-Scene-0072/entity_40.mp4,T2V_data/label/vidgen_filter_gemini_part_0_dpo_5/gPyBLa8dmaw-Scene-0072/aug_entity_40.png
T2V_data/VIDGEN-1M_unzip/gZ2YH9m9yp8-Scene-0018.mp4,The video shows a person using a machine to heat up a piece of metal. The person is wearing a glove on one hand and holding a tool in the other hand. The machine is producing sparks as it heats the metal. The person then uses the tool to shape the metal.,T2V_data/label/vidgen_filter_gemini_part_0_dpo_5/gZ2YH9m9yp8-Scene-0018/depth.mp4,T2V_data/label/vidgen_filter_gemini_part_0_dpo_5/gZ2YH9m9yp8-Scene-0018/aug_entity_60.png
T2V_data/VIDGEN-1M_unzip/gZ2YH9m9yp8-Scene-0018.mp4,The video shows a person using a machine to heat up a piece of metal. The person is wearing a glove on one hand and holding a tool in the other hand. The machine is producing sparks as it heats the metal. The person then uses the tool to shape the metal.,T2V_data/label/vidgen_filter_gemini_part_0_dpo_5/gZ2YH9m9yp8-Scene-0018/entity_60.mp4,T2V_data/label/vidgen_filter_gemini_part_0_dpo_5/gZ2YH9m9yp8-Scene-0018/aug_entity_60.png
T2V_data/VIDGEN-1M_unzip/g_uHHLaCt4k-Scene-0268.mp4,"The video shows a group of motorcyclists racing on a track. One of the riders, wearing a red and blue suit, loses control of his bike and crashes into the grass. The other riders continue on the track, leaving the crashed rider behind. The video captures the moment of the crash and the aftermath, with the rider lying on the ground next to his bike.",T2V_data/label/vidgen_filter_gemini_part_0_dpo_5/g_uHHLaCt4k-Scene-0268/depth.mp4,T2V_data/label/vidgen_filter_gemini_part_0_dpo_5/g_uHHLaCt4k-Scene-0268/aug_entity_20.png
T2V_data/VIDGEN-1M_unzip/g_uHHLaCt4k-Scene-0268.mp4,"The video shows a group of motorcyclists racing on a track. One of the riders, wearing a red and blue suit, loses control of his bike and crashes into the grass. The other riders continue on the track, leaving the crashed rider behind. The video captures the moment of the crash and the aftermath, with the rider lying on the ground next to his bike.",T2V_data/label/vidgen_filter_gemini_part_0_dpo_5/g_uHHLaCt4k-Scene-0268/entity_20.mp4,T2V_data/label/vidgen_filter_gemini_part_0_dpo_5/g_uHHLaCt4k-Scene-0268/aug_entity_20.png
T2V_data/VIDGEN-1M_unzip/gupxX8omNYg-Scene-0067.mp4,"The video shows a car driving on a dirt road. The car is a grey SUV with a black grille and black rims. The car is driving at a high speed, and the driver is wearing a black shirt. The car is kicking up dust as it drives, and there are no other cars or people visible in the video. The video is shot from a side angle, and the car is driving towards the right side of the frame.",T2V_data/label/vidgen_filter_gemini_part_0_dpo_5/gupxX8omNYg-Scene-0067/depth.mp4,T2V_data/label/vidgen_filter_gemini_part_0_dpo_5/gupxX8omNYg-Scene-0067/aug_entity_20.png
T2V_data/VIDGEN-1M_unzip/gupxX8omNYg-Scene-0067.mp4,"The video shows a car driving on a dirt road. The car is a grey SUV with a black grille and black rims. The car is driving at a high speed, and the driver is wearing a black shirt. The car is kicking up dust as it drives, and there are no other cars or people visible in the video. The video is shot from a side angle, and the car is driving towards the right side of the frame.",T2V_data/label/vidgen_filter_gemini_part_0_dpo_5/gupxX8omNYg-Scene-0067/entity_20.mp4,T2V_data/label/vidgen_filter_gemini_part_0_dpo_5/gupxX8omNYg-Scene-0067/aug_entity_20.png
T2V_data/VIDGEN-1M_unzip/hDNe8qDXGHY-Scene-0008.mp4,"In the video, a man is using a chainsaw to cut a log of wood. The log is secured in a red metal stand, and the man is wearing green gloves and black shoes. The chainsaw is silver and black, and the man is cutting the wood from the top down. The background is a sandy area with no other objects or people visible.",T2V_data/label/vidgen_filter_gemini_part_0_dpo_5/hDNe8qDXGHY-Scene-0008/depth.mp4,T2V_data/label/vidgen_filter_gemini_part_0_dpo_5/hDNe8qDXGHY-Scene-0008/aug_entity_80.png
T2V_data/VIDGEN-1M_unzip/hDNe8qDXGHY-Scene-0008.mp4,"In the video, a man is using a chainsaw to cut a log of wood. The log is secured in a red metal stand, and the man is wearing green gloves and black shoes. The chainsaw is silver and black, and the man is cutting the wood from the top down. The background is a sandy area with no other objects or people visible.",T2V_data/label/vidgen_filter_gemini_part_0_dpo_5/hDNe8qDXGHY-Scene-0008/entity_80.mp4,T2V_data/label/vidgen_filter_gemini_part_0_dpo_5/hDNe8qDXGHY-Scene-0008/aug_entity_80.png
T2V_data/VIDGEN-1M_unzip/hi8sJi4FRMI-Scene-0014.mp4,"In the video, we see a man standing at a pool table with a cue stick in his hand. He is wearing a plaid shirt and jeans. The pool table has a blue felt surface with several balls scattered on it. The man takes a shot at the balls, and they scatter across the table. Another man, wearing a black shirt and shorts, is standing next to the pool table, watching the game. The room has white walls with various posters and decorations hanging on them. The lighting is bright, and the overall atmosphere seems casual and relaxed.",T2V_data/label/vidgen_filter_gemini_part_0_dpo_5/hi8sJi4FRMI-Scene-0014/depth.mp4,T2V_data/label/vidgen_filter_gemini_part_0_dpo_5/hi8sJi4FRMI-Scene-0014/aug_entity_40.png
T2V_data/VIDGEN-1M_unzip/hi8sJi4FRMI-Scene-0014.mp4,"In the video, we see a man standing at a pool table with a cue stick in his hand. He is wearing a plaid shirt and jeans. The pool table has a blue felt surface with several balls scattered on it. The man takes a shot at the balls, and they scatter across the table. Another man, wearing a black shirt and shorts, is standing next to the pool table, watching the game. The room has white walls with various posters and decorations hanging on them. The lighting is bright, and the overall atmosphere seems casual and relaxed.",T2V_data/label/vidgen_filter_gemini_part_0_dpo_5/hi8sJi4FRMI-Scene-0014/entity_40.mp4,T2V_data/label/vidgen_filter_gemini_part_0_dpo_5/hi8sJi4FRMI-Scene-0014/aug_entity_40.png
T2V_data/VIDGEN-1M_unzip/i3gSIeKONVQ-Scene-0016.mp4,"In the video, a man is seen sitting in a red kayak on the water. He is wearing a blue jacket and a black hat. The man is holding a paddle with the word ""Werner"" written on it. A large whale is swimming next to the kayak, and its tail is visible in the water. The man appears to be calmly observing the whale as it swims by. The water is calm, and the sky is overcast.",T2V_data/label/vidgen_filter_gemini_part_0_dpo_5/i3gSIeKONVQ-Scene-0016/depth.mp4,T2V_data/label/vidgen_filter_gemini_part_0_dpo_5/i3gSIeKONVQ-Scene-0016/aug_entity_20.png
T2V_data/VIDGEN-1M_unzip/i3gSIeKONVQ-Scene-0016.mp4,"In the video, a man is seen sitting in a red kayak on the water. He is wearing a blue jacket and a black hat. The man is holding a paddle with the word ""Werner"" written on it. A large whale is swimming next to the kayak, and its tail is visible in the water. The man appears to be calmly observing the whale as it swims by. The water is calm, and the sky is overcast.",T2V_data/label/vidgen_filter_gemini_part_0_dpo_5/i3gSIeKONVQ-Scene-0016/entity_20.mp4,T2V_data/label/vidgen_filter_gemini_part_0_dpo_5/i3gSIeKONVQ-Scene-0016/aug_entity_20.png
T2V_data/VIDGEN-1M_unzip/i4VoDRF-ok0-Scene-0027.mp4,"The video shows a group of cars racing on a track. The cars are moving at a high speed, and the camera follows them as they navigate the track. The cars are of different colors, and they are closely following each other. The track is surrounded by a large crowd of spectators, who are cheering and watching the race. The cars are making sharp turns and accelerating down the straightaways. The sound of the engines is loud and powerful, and the tires screech as they make contact with the track. The video captures the excitement and intensity of the race, as the cars battle for position and speed.",T2V_data/label/vidgen_filter_gemini_part_0_dpo_5/i4VoDRF-ok0-Scene-0027/depth.mp4,T2V_data/label/vidgen_filter_gemini_part_0_dpo_5/i4VoDRF-ok0-Scene-0027/aug_entity_20.png
T2V_data/VIDGEN-1M_unzip/i4VoDRF-ok0-Scene-0027.mp4,"The video shows a group of cars racing on a track. The cars are moving at a high speed, and the camera follows them as they navigate the track. The cars are of different colors, and they are closely following each other. The track is surrounded by a large crowd of spectators, who are cheering and watching the race. The cars are making sharp turns and accelerating down the straightaways. The sound of the engines is loud and powerful, and the tires screech as they make contact with the track. The video captures the excitement and intensity of the race, as the cars battle for position and speed.",T2V_data/label/vidgen_filter_gemini_part_0_dpo_5/i4VoDRF-ok0-Scene-0027/entity_20.mp4,T2V_data/label/vidgen_filter_gemini_part_0_dpo_5/i4VoDRF-ok0-Scene-0027/aug_entity_20.png
T2V_data/VIDGEN-1M_unzip/iRy4PlOVfAk-Scene-0031.mp4,"The video shows a soccer game in progress. A player in a red jersey is seen kicking the ball towards the goal. The goalkeeper, wearing a blue jersey, jumps up to block the ball. The ball is then seen in the air, and the goalkeeper successfully blocks it. The crowd in the background is cheering and clapping.",T2V_data/label/vidgen_filter_gemini_part_0_dpo_5/iRy4PlOVfAk-Scene-0031/depth.mp4,T2V_data/label/vidgen_filter_gemini_part_0_dpo_5/iRy4PlOVfAk-Scene-0031/aug_entity_40.png
T2V_data/VIDGEN-1M_unzip/iRy4PlOVfAk-Scene-0031.mp4,"The video shows a soccer game in progress. A player in a red jersey is seen kicking the ball towards the goal. The goalkeeper, wearing a blue jersey, jumps up to block the ball. The ball is then seen in the air, and the goalkeeper successfully blocks it. The crowd in the background is cheering and clapping.",T2V_data/label/vidgen_filter_gemini_part_0_dpo_5/iRy4PlOVfAk-Scene-0031/entity_40.mp4,T2V_data/label/vidgen_filter_gemini_part_0_dpo_5/iRy4PlOVfAk-Scene-0031/aug_entity_40.png
T2V_data/VIDGEN-1M_unzip/iWOsUmSdYUc-Scene-0013.mp4,"The video shows a man wearing a pink shirt and white pants playing golf. He is standing on a green field and is holding a golf club. He swings the club and hits the ball, then watches the ball fly through the air. The man then walks towards the ball, picks it up, and walks away.",T2V_data/label/vidgen_filter_gemini_part_0_dpo_5/iWOsUmSdYUc-Scene-0013/depth.mp4,T2V_data/label/vidgen_filter_gemini_part_0_dpo_5/iWOsUmSdYUc-Scene-0013/aug_entity_20.png
T2V_data/VIDGEN-1M_unzip/iWOsUmSdYUc-Scene-0013.mp4,"The video shows a man wearing a pink shirt and white pants playing golf. He is standing on a green field and is holding a golf club. He swings the club and hits the ball, then watches the ball fly through the air. The man then walks towards the ball, picks it up, and walks away.",T2V_data/label/vidgen_filter_gemini_part_0_dpo_5/iWOsUmSdYUc-Scene-0013/entity_20.mp4,T2V_data/label/vidgen_filter_gemini_part_0_dpo_5/iWOsUmSdYUc-Scene-0013/aug_entity_20.png
T2V_data/VIDGEN-1M_unzip/im4AD2HtTfo-Scene-0085.mp4,"The video shows a close-up of a large pan of food being cooked over an open flame. The food appears to be a mix of meat and vegetables, with the meat being cooked to a dark red color. The vegetables are a mix of greens and other colors, indicating a variety of ingredients. The flames are bright orange and yellow, and the pan is black, contrasting with the food. The food is sizzling as it cooks, and there is steam rising from the pan.",T2V_data/label/vidgen_filter_gemini_part_0_dpo_5/im4AD2HtTfo-Scene-0085/depth.mp4,T2V_data/label/vidgen_filter_gemini_part_0_dpo_5/im4AD2HtTfo-Scene-0085/aug_entity_20.png
T2V_data/VIDGEN-1M_unzip/im4AD2HtTfo-Scene-0085.mp4,"The video shows a close-up of a large pan of food being cooked over an open flame. The food appears to be a mix of meat and vegetables, with the meat being cooked to a dark red color. The vegetables are a mix of greens and other colors, indicating a variety of ingredients. The flames are bright orange and yellow, and the pan is black, contrasting with the food. The food is sizzling as it cooks, and there is steam rising from the pan.",T2V_data/label/vidgen_filter_gemini_part_0_dpo_5/im4AD2HtTfo-Scene-0085/entity_20.mp4,T2V_data/label/vidgen_filter_gemini_part_0_dpo_5/im4AD2HtTfo-Scene-0085/aug_entity_20.png
T2V_data/VIDGEN-1M_unzip/im4AD2HtTfo-Scene-0085.mp4,"The video shows a close-up of a large pan of food being cooked over an open flame. The food appears to be a mix of meat and vegetables, with the meat being cooked to a dark red color. The vegetables are a mix of greens and other colors, indicating a variety of ingredients. The flames are bright orange and yellow, and the pan is black, contrasting with the food. The food is sizzling as it cooks, and there is steam rising from the pan.",T2V_data/label/vidgen_filter_gemini_part_0_dpo_5/im4AD2HtTfo-Scene-0085/depth.mp4,T2V_data/label/vidgen_filter_gemini_part_0_dpo_5/im4AD2HtTfo-Scene-0085/aug_entity_40.png
T2V_data/VIDGEN-1M_unzip/im4AD2HtTfo-Scene-0085.mp4,"The video shows a close-up of a large pan of food being cooked over an open flame. The food appears to be a mix of meat and vegetables, with the meat being cooked to a dark red color. The vegetables are a mix of greens and other colors, indicating a variety of ingredients. The flames are bright orange and yellow, and the pan is black, contrasting with the food. The food is sizzling as it cooks, and there is steam rising from the pan.",T2V_data/label/vidgen_filter_gemini_part_0_dpo_5/im4AD2HtTfo-Scene-0085/entity_40.mp4,T2V_data/label/vidgen_filter_gemini_part_0_dpo_5/im4AD2HtTfo-Scene-0085/aug_entity_40.png
T2V_data/VIDGEN-1M_unzip/im4AD2HtTfo-Scene-0085.mp4,"The video shows a close-up of a large pan of food being cooked over an open flame. The food appears to be a mix of meat and vegetables, with the meat being cooked to a dark red color. The vegetables are a mix of greens and other colors, indicating a variety of ingredients. The flames are bright orange and yellow, and the pan is black, contrasting with the food. The food is sizzling as it cooks, and there is steam rising from the pan.",T2V_data/label/vidgen_filter_gemini_part_0_dpo_5/im4AD2HtTfo-Scene-0085/depth.mp4,T2V_data/label/vidgen_filter_gemini_part_0_dpo_5/im4AD2HtTfo-Scene-0085/aug_entity_60.png
T2V_data/VIDGEN-1M_unzip/im4AD2HtTfo-Scene-0085.mp4,"The video shows a close-up of a large pan of food being cooked over an open flame. The food appears to be a mix of meat and vegetables, with the meat being cooked to a dark red color. The vegetables are a mix of greens and other colors, indicating a variety of ingredients. The flames are bright orange and yellow, and the pan is black, contrasting with the food. The food is sizzling as it cooks, and there is steam rising from the pan.",T2V_data/label/vidgen_filter_gemini_part_0_dpo_5/im4AD2HtTfo-Scene-0085/entity_60.mp4,T2V_data/label/vidgen_filter_gemini_part_0_dpo_5/im4AD2HtTfo-Scene-0085/aug_entity_60.png
T2V_data/VIDGEN-1M_unzip/inHYo72DC7Y-Scene-0014.mp4,"In the video, a man is seen washing a blue car with a pressure washer. The car is covered in soap suds, and the man is using the pressure washer to clean the suds off the car's surface. The man is wearing a black shirt and red shorts, and he is standing next to the car while washing it. The car appears to be parked in a driveway or a similar outdoor area. The man is focused on his task, and he seems to be doing a thorough job of cleaning the car. The pressure washer is emitting a steady stream of water, which is effectively removing the soap suds from the car's surface. The video does not contain any dialogue or other people, and the focus is solely on the man and the car.",T2V_data/label/vidgen_filter_gemini_part_0_dpo_5/inHYo72DC7Y-Scene-0014/depth.mp4,T2V_data/label/vidgen_filter_gemini_part_0_dpo_5/inHYo72DC7Y-Scene-0014/aug_entity_60.png
T2V_data/VIDGEN-1M_unzip/inHYo72DC7Y-Scene-0014.mp4,"In the video, a man is seen washing a blue car with a pressure washer. The car is covered in soap suds, and the man is using the pressure washer to clean the suds off the car's surface. The man is wearing a black shirt and red shorts, and he is standing next to the car while washing it. The car appears to be parked in a driveway or a similar outdoor area. The man is focused on his task, and he seems to be doing a thorough job of cleaning the car. The pressure washer is emitting a steady stream of water, which is effectively removing the soap suds from the car's surface. The video does not contain any dialogue or other people, and the focus is solely on the man and the car.",T2V_data/label/vidgen_filter_gemini_part_0_dpo_5/inHYo72DC7Y-Scene-0014/entity_60.mp4,T2V_data/label/vidgen_filter_gemini_part_0_dpo_5/inHYo72DC7Y-Scene-0014/aug_entity_60.png
T2V_data/VIDGEN-1M_unzip/iuKJ_P2B9ZE-Scene-0022.mp4,"The video shows a baseball game in progress. The catcher is seen catching a ball and throwing it back to the pitcher. The batter is standing at the plate, ready to hit the ball. The catcher is wearing a black and orange uniform, while the batter is wearing a white and red uniform. The umpire is standing behind the catcher, wearing a black uniform. The background shows a blue wall with the word ""Citrix"" written on it.",T2V_data/label/vidgen_filter_gemini_part_0_dpo_5/iuKJ_P2B9ZE-Scene-0022/depth.mp4,T2V_data/label/vidgen_filter_gemini_part_0_dpo_5/iuKJ_P2B9ZE-Scene-0022/aug_entity_60.png
T2V_data/VIDGEN-1M_unzip/iuKJ_P2B9ZE-Scene-0022.mp4,"The video shows a baseball game in progress. The catcher is seen catching a ball and throwing it back to the pitcher. The batter is standing at the plate, ready to hit the ball. The catcher is wearing a black and orange uniform, while the batter is wearing a white and red uniform. The umpire is standing behind the catcher, wearing a black uniform. The background shows a blue wall with the word ""Citrix"" written on it.",T2V_data/label/vidgen_filter_gemini_part_0_dpo_5/iuKJ_P2B9ZE-Scene-0022/entity_60.mp4,T2V_data/label/vidgen_filter_gemini_part_0_dpo_5/iuKJ_P2B9ZE-Scene-0022/aug_entity_60.png
T2V_data/VIDGEN-1M_unzip/j0WsEmdkIh4-Scene-0051.mp4,"The video shows a person's hands as they make a stuffed dough ball. The person takes a small piece of dough and places it on a plate of stuffing. They then fill the dough with the stuffing and seal it by pinching the edges together. The person repeats this process several times, creating a series of stuffed dough balls. The video focuses on the hands and the dough, with no other objects or people visible in the frame.",T2V_data/label/vidgen_filter_gemini_part_0_dpo_5/j0WsEmdkIh4-Scene-0051/depth.mp4,T2V_data/label/vidgen_filter_gemini_part_0_dpo_5/j0WsEmdkIh4-Scene-0051/aug_entity_40.png
T2V_data/VIDGEN-1M_unzip/j0WsEmdkIh4-Scene-0051.mp4,"The video shows a person's hands as they make a stuffed dough ball. The person takes a small piece of dough and places it on a plate of stuffing. They then fill the dough with the stuffing and seal it by pinching the edges together. The person repeats this process several times, creating a series of stuffed dough balls. The video focuses on the hands and the dough, with no other objects or people visible in the frame.",T2V_data/label/vidgen_filter_gemini_part_0_dpo_5/j0WsEmdkIh4-Scene-0051/entity_40.mp4,T2V_data/label/vidgen_filter_gemini_part_0_dpo_5/j0WsEmdkIh4-Scene-0051/aug_entity_40.png
T2V_data/VIDGEN-1M_unzip/j0WsEmdkIh4-Scene-0051.mp4,"The video shows a person's hands as they make a stuffed dough ball. The person takes a small piece of dough and places it on a plate of stuffing. They then fill the dough with the stuffing and seal it by pinching the edges together. The person repeats this process several times, creating a series of stuffed dough balls. The video focuses on the hands and the dough, with no other objects or people visible in the frame.",T2V_data/label/vidgen_filter_gemini_part_0_dpo_5/j0WsEmdkIh4-Scene-0051/depth.mp4,T2V_data/label/vidgen_filter_gemini_part_0_dpo_5/j0WsEmdkIh4-Scene-0051/aug_entity_60.png
T2V_data/VIDGEN-1M_unzip/j0WsEmdkIh4-Scene-0051.mp4,"The video shows a person's hands as they make a stuffed dough ball. The person takes a small piece of dough and places it on a plate of stuffing. They then fill the dough with the stuffing and seal it by pinching the edges together. The person repeats this process several times, creating a series of stuffed dough balls. The video focuses on the hands and the dough, with no other objects or people visible in the frame.",T2V_data/label/vidgen_filter_gemini_part_0_dpo_5/j0WsEmdkIh4-Scene-0051/entity_60.mp4,T2V_data/label/vidgen_filter_gemini_part_0_dpo_5/j0WsEmdkIh4-Scene-0051/aug_entity_60.png
T2V_data/VIDGEN-1M_unzip/jSOgn7x6mlE-Scene-0055.mp4,"The video shows a wrestling match between two men in a ring. One man is wearing a white shirt and shorts, while the other is wearing a blue shirt and shorts. The man in white is standing over the man in blue, who is lying on the ground. The man in white then performs a move on the man in blue, causing him to fall to the ground. The man in white then stands up and walks away from the man in blue. The crowd in the background is cheering.",T2V_data/label/vidgen_filter_gemini_part_0_dpo_5/jSOgn7x6mlE-Scene-0055/depth.mp4,T2V_data/label/vidgen_filter_gemini_part_0_dpo_5/jSOgn7x6mlE-Scene-0055/aug_entity_100.png
T2V_data/VIDGEN-1M_unzip/jSOgn7x6mlE-Scene-0055.mp4,"The video shows a wrestling match between two men in a ring. One man is wearing a white shirt and shorts, while the other is wearing a blue shirt and shorts. The man in white is standing over the man in blue, who is lying on the ground. The man in white then performs a move on the man in blue, causing him to fall to the ground. The man in white then stands up and walks away from the man in blue. The crowd in the background is cheering.",T2V_data/label/vidgen_filter_gemini_part_0_dpo_5/jSOgn7x6mlE-Scene-0055/entity_100.mp4,T2V_data/label/vidgen_filter_gemini_part_0_dpo_5/jSOgn7x6mlE-Scene-0055/aug_entity_100.png
T2V_data/VIDGEN-1M_unzip/jSOgn7x6mlE-Scene-0055.mp4,"The video shows a wrestling match between two men in a ring. One man is wearing a white shirt and shorts, while the other is wearing a blue shirt and shorts. The man in white is standing over the man in blue, who is lying on the ground. The man in white then performs a move on the man in blue, causing him to fall to the ground. The man in white then stands up and walks away from the man in blue. The crowd in the background is cheering.",T2V_data/label/vidgen_filter_gemini_part_0_dpo_5/jSOgn7x6mlE-Scene-0055/depth.mp4,T2V_data/label/vidgen_filter_gemini_part_0_dpo_5/jSOgn7x6mlE-Scene-0055/aug_entity_60.png
T2V_data/VIDGEN-1M_unzip/jSOgn7x6mlE-Scene-0055.mp4,"The video shows a wrestling match between two men in a ring. One man is wearing a white shirt and shorts, while the other is wearing a blue shirt and shorts. The man in white is standing over the man in blue, who is lying on the ground. The man in white then performs a move on the man in blue, causing him to fall to the ground. The man in white then stands up and walks away from the man in blue. The crowd in the background is cheering.",T2V_data/label/vidgen_filter_gemini_part_0_dpo_5/jSOgn7x6mlE-Scene-0055/entity_60.mp4,T2V_data/label/vidgen_filter_gemini_part_0_dpo_5/jSOgn7x6mlE-Scene-0055/aug_entity_60.png
T2V_data/VIDGEN-1M_unzip/jUMsbACX0E0-Scene-0094.mp4,The video shows a firefighter on a ladder outside a burning building. The firefighter is wearing a helmet and a yellow jacket. The building is yellow and has many windows. The firefighter is holding a hose and spraying water onto the fire. The fire is visible through the windows of the building.,T2V_data/label/vidgen_filter_gemini_part_0_dpo_5/jUMsbACX0E0-Scene-0094/depth.mp4,T2V_data/label/vidgen_filter_gemini_part_0_dpo_5/jUMsbACX0E0-Scene-0094/aug_entity_60.png
T2V_data/VIDGEN-1M_unzip/jUMsbACX0E0-Scene-0094.mp4,The video shows a firefighter on a ladder outside a burning building. The firefighter is wearing a helmet and a yellow jacket. The building is yellow and has many windows. The firefighter is holding a hose and spraying water onto the fire. The fire is visible through the windows of the building.,T2V_data/label/vidgen_filter_gemini_part_0_dpo_5/jUMsbACX0E0-Scene-0094/entity_60.mp4,T2V_data/label/vidgen_filter_gemini_part_0_dpo_5/jUMsbACX0E0-Scene-0094/aug_entity_60.png
T2V_data/VIDGEN-1M_unzip/jg2cE3J0eqA-Scene-0018.mp4,"The video shows a person riding a dirt bike on a dirt track. The rider is wearing a white helmet and a blue and white outfit. The track is surrounded by a large crowd of spectators. The rider is seen making sharp turns and jumps on the track. The video is shot from a third-person perspective, following the rider from behind. The track is made up of dirt and has various obstacles and ramps. The rider is seen performing stunts and tricks while navigating the track. The video ends with the rider crossing the finish line.",T2V_data/label/vidgen_filter_gemini_part_0_dpo_5/jg2cE3J0eqA-Scene-0018/depth.mp4,T2V_data/label/vidgen_filter_gemini_part_0_dpo_5/jg2cE3J0eqA-Scene-0018/aug_entity_20.png
T2V_data/VIDGEN-1M_unzip/jg2cE3J0eqA-Scene-0018.mp4,"The video shows a person riding a dirt bike on a dirt track. The rider is wearing a white helmet and a blue and white outfit. The track is surrounded by a large crowd of spectators. The rider is seen making sharp turns and jumps on the track. The video is shot from a third-person perspective, following the rider from behind. The track is made up of dirt and has various obstacles and ramps. The rider is seen performing stunts and tricks while navigating the track. The video ends with the rider crossing the finish line.",T2V_data/label/vidgen_filter_gemini_part_0_dpo_5/jg2cE3J0eqA-Scene-0018/entity_20.mp4,T2V_data/label/vidgen_filter_gemini_part_0_dpo_5/jg2cE3J0eqA-Scene-0018/aug_entity_20.png
T2V_data/VIDGEN-1M_unzip/jjmjHJ0s3uo-Scene-0160.mp4,"The video shows a black bear and a wolf in a grassy area. The bear is seen walking around and sniffing the ground, while the wolf is also walking around and sniffing the ground. The bear then approaches the wolf, and they both start to play fight with each other. The bear stands on its hind legs and swats at the wolf with its front paws, while the wolf also stands on its hind legs and swats at the bear. The two animals continue to play fight with each other, with the bear occasionally standing on its hind legs and the wolf also standing on its hind legs. The video captures the playful interaction between the two animals in their natural habitat.",T2V_data/label/vidgen_filter_gemini_part_0_dpo_5/jjmjHJ0s3uo-Scene-0160/depth.mp4,T2V_data/label/vidgen_filter_gemini_part_0_dpo_5/jjmjHJ0s3uo-Scene-0160/aug_entity_20.png
T2V_data/VIDGEN-1M_unzip/jjmjHJ0s3uo-Scene-0160.mp4,"The video shows a black bear and a wolf in a grassy area. The bear is seen walking around and sniffing the ground, while the wolf is also walking around and sniffing the ground. The bear then approaches the wolf, and they both start to play fight with each other. The bear stands on its hind legs and swats at the wolf with its front paws, while the wolf also stands on its hind legs and swats at the bear. The two animals continue to play fight with each other, with the bear occasionally standing on its hind legs and the wolf also standing on its hind legs. The video captures the playful interaction between the two animals in their natural habitat.",T2V_data/label/vidgen_filter_gemini_part_0_dpo_5/jjmjHJ0s3uo-Scene-0160/entity_20.mp4,T2V_data/label/vidgen_filter_gemini_part_0_dpo_5/jjmjHJ0s3uo-Scene-0160/aug_entity_20.png
T2V_data/VIDGEN-1M_unzip/jyYdZUfqc_w-Scene-0012.mp4,"In the video, a person is seen pouring milk into a pot of cocoa powder. The person then uses a whisk to stir the mixture. As the milk is added, the cocoa powder begins to dissolve and mix with the milk, creating a smooth and creamy consistency. The person continues to stir the mixture, ensuring that all of the cocoa powder is fully incorporated into the milk. The final result is a rich and creamy chocolate mixture that is ready to be used in a variety of recipes.",T2V_data/label/vidgen_filter_gemini_part_0_dpo_5/jyYdZUfqc_w-Scene-0012/depth.mp4,T2V_data/label/vidgen_filter_gemini_part_0_dpo_5/jyYdZUfqc_w-Scene-0012/aug_entity_20.png
T2V_data/VIDGEN-1M_unzip/jyYdZUfqc_w-Scene-0012.mp4,"In the video, a person is seen pouring milk into a pot of cocoa powder. The person then uses a whisk to stir the mixture. As the milk is added, the cocoa powder begins to dissolve and mix with the milk, creating a smooth and creamy consistency. The person continues to stir the mixture, ensuring that all of the cocoa powder is fully incorporated into the milk. The final result is a rich and creamy chocolate mixture that is ready to be used in a variety of recipes.",T2V_data/label/vidgen_filter_gemini_part_0_dpo_5/jyYdZUfqc_w-Scene-0012/entity_20.mp4,T2V_data/label/vidgen_filter_gemini_part_0_dpo_5/jyYdZUfqc_w-Scene-0012/aug_entity_20.png
T2V_data/VIDGEN-1M_unzip/jyYdZUfqc_w-Scene-0012.mp4,"In the video, a person is seen pouring milk into a pot of cocoa powder. The person then uses a whisk to stir the mixture. As the milk is added, the cocoa powder begins to dissolve and mix with the milk, creating a smooth and creamy consistency. The person continues to stir the mixture, ensuring that all of the cocoa powder is fully incorporated into the milk. The final result is a rich and creamy chocolate mixture that is ready to be used in a variety of recipes.",T2V_data/label/vidgen_filter_gemini_part_0_dpo_5/jyYdZUfqc_w-Scene-0012/depth.mp4,T2V_data/label/vidgen_filter_gemini_part_0_dpo_5/jyYdZUfqc_w-Scene-0012/aug_entity_60.png
T2V_data/VIDGEN-1M_unzip/jyYdZUfqc_w-Scene-0012.mp4,"In the video, a person is seen pouring milk into a pot of cocoa powder. The person then uses a whisk to stir the mixture. As the milk is added, the cocoa powder begins to dissolve and mix with the milk, creating a smooth and creamy consistency. The person continues to stir the mixture, ensuring that all of the cocoa powder is fully incorporated into the milk. The final result is a rich and creamy chocolate mixture that is ready to be used in a variety of recipes.",T2V_data/label/vidgen_filter_gemini_part_0_dpo_5/jyYdZUfqc_w-Scene-0012/entity_60.mp4,T2V_data/label/vidgen_filter_gemini_part_0_dpo_5/jyYdZUfqc_w-Scene-0012/aug_entity_60.png
T2V_data/VIDGEN-1M_unzip/jyYdZUfqc_w-Scene-0012.mp4,"In the video, a person is seen pouring milk into a pot of cocoa powder. The person then uses a whisk to stir the mixture. As the milk is added, the cocoa powder begins to dissolve and mix with the milk, creating a smooth and creamy consistency. The person continues to stir the mixture, ensuring that all of the cocoa powder is fully incorporated into the milk. The final result is a rich and creamy chocolate mixture that is ready to be used in a variety of recipes.",T2V_data/label/vidgen_filter_gemini_part_0_dpo_5/jyYdZUfqc_w-Scene-0012/depth.mp4,T2V_data/label/vidgen_filter_gemini_part_0_dpo_5/jyYdZUfqc_w-Scene-0012/aug_entity_80.png
T2V_data/VIDGEN-1M_unzip/jyYdZUfqc_w-Scene-0012.mp4,"In the video, a person is seen pouring milk into a pot of cocoa powder. The person then uses a whisk to stir the mixture. As the milk is added, the cocoa powder begins to dissolve and mix with the milk, creating a smooth and creamy consistency. The person continues to stir the mixture, ensuring that all of the cocoa powder is fully incorporated into the milk. The final result is a rich and creamy chocolate mixture that is ready to be used in a variety of recipes.",T2V_data/label/vidgen_filter_gemini_part_0_dpo_5/jyYdZUfqc_w-Scene-0012/entity_80.mp4,T2V_data/label/vidgen_filter_gemini_part_0_dpo_5/jyYdZUfqc_w-Scene-0012/aug_entity_80.png
T2V_data/VIDGEN-1M_unzip/k3ankOTfkFA-Scene-0007.mp4,"The video shows a close-up of a sewing machine needle and presser foot. The needle is moving up and down, and the presser foot is moving back and forth. The machine is stitching a green thread through a piece of fabric. The person operating the machine is using their hand to guide the fabric through the machine. The machine appears to be a modern, electronic model with a digital display. The fabric being sewn is a light green color, and the thread is a darker shade of green. The machine is making a straight stitch, and the person operating it is doing so with precision.",T2V_data/label/vidgen_filter_gemini_part_0_dpo_5/k3ankOTfkFA-Scene-0007/depth.mp4,T2V_data/label/vidgen_filter_gemini_part_0_dpo_5/k3ankOTfkFA-Scene-0007/aug_entity_20.png
T2V_data/VIDGEN-1M_unzip/k3ankOTfkFA-Scene-0007.mp4,"The video shows a close-up of a sewing machine needle and presser foot. The needle is moving up and down, and the presser foot is moving back and forth. The machine is stitching a green thread through a piece of fabric. The person operating the machine is using their hand to guide the fabric through the machine. The machine appears to be a modern, electronic model with a digital display. The fabric being sewn is a light green color, and the thread is a darker shade of green. The machine is making a straight stitch, and the person operating it is doing so with precision.",T2V_data/label/vidgen_filter_gemini_part_0_dpo_5/k3ankOTfkFA-Scene-0007/entity_20.mp4,T2V_data/label/vidgen_filter_gemini_part_0_dpo_5/k3ankOTfkFA-Scene-0007/aug_entity_20.png
T2V_data/VIDGEN-1M_unzip/k59uxMv3Zv8-Scene-0030.mp4,"In the video, a person is seen folding a piece of paper. The person's hands are visible, and they are using their fingers to fold the paper. The background is plain and does not distract from the main action. The person's movements are deliberate and precise, indicating that they are experienced in folding paper. The paper appears to be a standard size, and the color of the paper is not discernible due to the lighting. The video does not contain any audio or additional visual elements.",T2V_data/label/vidgen_filter_gemini_part_0_dpo_5/k59uxMv3Zv8-Scene-0030/depth.mp4,T2V_data/label/vidgen_filter_gemini_part_0_dpo_5/k59uxMv3Zv8-Scene-0030/aug_entity_20.png
T2V_data/VIDGEN-1M_unzip/k59uxMv3Zv8-Scene-0030.mp4,"In the video, a person is seen folding a piece of paper. The person's hands are visible, and they are using their fingers to fold the paper. The background is plain and does not distract from the main action. The person's movements are deliberate and precise, indicating that they are experienced in folding paper. The paper appears to be a standard size, and the color of the paper is not discernible due to the lighting. The video does not contain any audio or additional visual elements.",T2V_data/label/vidgen_filter_gemini_part_0_dpo_5/k59uxMv3Zv8-Scene-0030/entity_20.mp4,T2V_data/label/vidgen_filter_gemini_part_0_dpo_5/k59uxMv3Zv8-Scene-0030/aug_entity_20.png
T2V_data/VIDGEN-1M_unzip/kK3kphSpcL0-Scene-0010.mp4,"The video shows a man riding a bull in a rodeo arena. The man is wearing a helmet and a vest, and the bull is bucking wildly. The man is holding on tightly as the bull spins and twists in the arena. The man eventually falls off the bull and lands on the ground. The bull continues to buck around the arena.",T2V_data/label/vidgen_filter_gemini_part_0_dpo_5/kK3kphSpcL0-Scene-0010/depth.mp4,T2V_data/label/vidgen_filter_gemini_part_0_dpo_5/kK3kphSpcL0-Scene-0010/aug_entity_40.png
T2V_data/VIDGEN-1M_unzip/kK3kphSpcL0-Scene-0010.mp4,"The video shows a man riding a bull in a rodeo arena. The man is wearing a helmet and a vest, and the bull is bucking wildly. The man is holding on tightly as the bull spins and twists in the arena. The man eventually falls off the bull and lands on the ground. The bull continues to buck around the arena.",T2V_data/label/vidgen_filter_gemini_part_0_dpo_5/kK3kphSpcL0-Scene-0010/entity_40.mp4,T2V_data/label/vidgen_filter_gemini_part_0_dpo_5/kK3kphSpcL0-Scene-0010/aug_entity_40.png
T2V_data/VIDGEN-1M_unzip/kNVDNKMgD3U-Scene-0040.mp4,"In the video, a man is seen working on a machine in a workshop. He is wearing a black shirt and black gloves. The machine appears to be a large motor with a rotating component. The man is using a power drill to work on the machine, and he is also seen using a wrench to make adjustments. The workshop is filled with various tools and equipment, and the man seems to be focused on his task.",T2V_data/label/vidgen_filter_gemini_part_0_dpo_5/kNVDNKMgD3U-Scene-0040/depth.mp4,T2V_data/label/vidgen_filter_gemini_part_0_dpo_5/kNVDNKMgD3U-Scene-0040/aug_entity_40.png
T2V_data/VIDGEN-1M_unzip/kNVDNKMgD3U-Scene-0040.mp4,"In the video, a man is seen working on a machine in a workshop. He is wearing a black shirt and black gloves. The machine appears to be a large motor with a rotating component. The man is using a power drill to work on the machine, and he is also seen using a wrench to make adjustments. The workshop is filled with various tools and equipment, and the man seems to be focused on his task.",T2V_data/label/vidgen_filter_gemini_part_0_dpo_5/kNVDNKMgD3U-Scene-0040/entity_40.mp4,T2V_data/label/vidgen_filter_gemini_part_0_dpo_5/kNVDNKMgD3U-Scene-0040/aug_entity_40.png
T2V_data/VIDGEN-1M_unzip/kkPXQ0d7iS0-Scene-0031.mp4,"The video shows a person using a handheld power tool to carve a wooden log. The tool has a circular blade that is being used to cut into the wood, creating a pattern. The person is wearing gloves and is carefully guiding the tool to create the design. The wood is light brown in color and has a rough texture. The tool is gray and black with red accents. The person's movements are steady and precise as they carve the wood.",T2V_data/label/vidgen_filter_gemini_part_0_dpo_5/kkPXQ0d7iS0-Scene-0031/depth.mp4,T2V_data/label/vidgen_filter_gemini_part_0_dpo_5/kkPXQ0d7iS0-Scene-0031/aug_entity_60.png
T2V_data/VIDGEN-1M_unzip/kkPXQ0d7iS0-Scene-0031.mp4,"The video shows a person using a handheld power tool to carve a wooden log. The tool has a circular blade that is being used to cut into the wood, creating a pattern. The person is wearing gloves and is carefully guiding the tool to create the design. The wood is light brown in color and has a rough texture. The tool is gray and black with red accents. The person's movements are steady and precise as they carve the wood.",T2V_data/label/vidgen_filter_gemini_part_0_dpo_5/kkPXQ0d7iS0-Scene-0031/entity_60.mp4,T2V_data/label/vidgen_filter_gemini_part_0_dpo_5/kkPXQ0d7iS0-Scene-0031/aug_entity_60.png
T2V_data/VIDGEN-1M_unzip/knYCV6VQXRg-Scene-0016.mp4,"The video shows a person pouring a bowl of chocolate spread into a bowl of cocoa powder. The person uses a spoon to mix the two ingredients together. The bowl is clear glass, and the cocoa powder is a light brown color. The chocolate spread is a dark brown color. The person's hand is visible as they mix the ingredients.",T2V_data/label/vidgen_filter_gemini_part_0_dpo_5/knYCV6VQXRg-Scene-0016/depth.mp4,T2V_data/label/vidgen_filter_gemini_part_0_dpo_5/knYCV6VQXRg-Scene-0016/aug_entity_40.png
T2V_data/VIDGEN-1M_unzip/knYCV6VQXRg-Scene-0016.mp4,"The video shows a person pouring a bowl of chocolate spread into a bowl of cocoa powder. The person uses a spoon to mix the two ingredients together. The bowl is clear glass, and the cocoa powder is a light brown color. The chocolate spread is a dark brown color. The person's hand is visible as they mix the ingredients.",T2V_data/label/vidgen_filter_gemini_part_0_dpo_5/knYCV6VQXRg-Scene-0016/entity_40.mp4,T2V_data/label/vidgen_filter_gemini_part_0_dpo_5/knYCV6VQXRg-Scene-0016/aug_entity_40.png
T2V_data/VIDGEN-1M_unzip/knYCV6VQXRg-Scene-0016.mp4,"The video shows a person pouring a bowl of chocolate spread into a bowl of cocoa powder. The person uses a spoon to mix the two ingredients together. The bowl is clear glass, and the cocoa powder is a light brown color. The chocolate spread is a dark brown color. The person's hand is visible as they mix the ingredients.",T2V_data/label/vidgen_filter_gemini_part_0_dpo_5/knYCV6VQXRg-Scene-0016/depth.mp4,T2V_data/label/vidgen_filter_gemini_part_0_dpo_5/knYCV6VQXRg-Scene-0016/aug_entity_60.png
T2V_data/VIDGEN-1M_unzip/knYCV6VQXRg-Scene-0016.mp4,"The video shows a person pouring a bowl of chocolate spread into a bowl of cocoa powder. The person uses a spoon to mix the two ingredients together. The bowl is clear glass, and the cocoa powder is a light brown color. The chocolate spread is a dark brown color. The person's hand is visible as they mix the ingredients.",T2V_data/label/vidgen_filter_gemini_part_0_dpo_5/knYCV6VQXRg-Scene-0016/entity_60.mp4,T2V_data/label/vidgen_filter_gemini_part_0_dpo_5/knYCV6VQXRg-Scene-0016/aug_entity_60.png
T2V_data/VIDGEN-1M_unzip/ljJlyCewgtM-Scene-0052.mp4,"The video shows a football player wearing a red and white uniform with the number 15 on it. He has a tattoo on his arm that reads ""Blessed"" and is reaching out to catch a football. The football is in the air, and the player is extending his arm to grab it. The background is blurred, but there are other players and spectators in the stands.",T2V_data/label/vidgen_filter_gemini_part_0_dpo_5/ljJlyCewgtM-Scene-0052/depth.mp4,T2V_data/label/vidgen_filter_gemini_part_0_dpo_5/ljJlyCewgtM-Scene-0052/aug_entity_60.png
T2V_data/VIDGEN-1M_unzip/ljJlyCewgtM-Scene-0052.mp4,"The video shows a football player wearing a red and white uniform with the number 15 on it. He has a tattoo on his arm that reads ""Blessed"" and is reaching out to catch a football. The football is in the air, and the player is extending his arm to grab it. The background is blurred, but there are other players and spectators in the stands.",T2V_data/label/vidgen_filter_gemini_part_0_dpo_5/ljJlyCewgtM-Scene-0052/entity_60.mp4,T2V_data/label/vidgen_filter_gemini_part_0_dpo_5/ljJlyCewgtM-Scene-0052/aug_entity_60.png
T2V_data/VIDGEN-1M_unzip/mxUKgMBMCMI-Scene-0011.mp4,"The video shows a person riding a dirt bike and performing a stunt by jumping over a ramp. The rider is wearing a red and white outfit and is seen in mid-air with the bike. The ramp is black and white with the word ""UNIVERSE"" written on it. There is a crowd of people watching from a platform in the background. The setting appears to be a desert with mountains in the distance.",T2V_data/label/vidgen_filter_gemini_part_0_dpo_5/mxUKgMBMCMI-Scene-0011/depth.mp4,T2V_data/label/vidgen_filter_gemini_part_0_dpo_5/mxUKgMBMCMI-Scene-0011/aug_entity_20.png
T2V_data/VIDGEN-1M_unzip/mxUKgMBMCMI-Scene-0011.mp4,"The video shows a person riding a dirt bike and performing a stunt by jumping over a ramp. The rider is wearing a red and white outfit and is seen in mid-air with the bike. The ramp is black and white with the word ""UNIVERSE"" written on it. There is a crowd of people watching from a platform in the background. The setting appears to be a desert with mountains in the distance.",T2V_data/label/vidgen_filter_gemini_part_0_dpo_5/mxUKgMBMCMI-Scene-0011/entity_20.mp4,T2V_data/label/vidgen_filter_gemini_part_0_dpo_5/mxUKgMBMCMI-Scene-0011/aug_entity_20.png
T2V_data/VIDGEN-1M_unzip/nOE1BVDoqS8-Scene-0168.mp4,"In the video, a person is seen holding a spherical toy in their hand. The toy appears to be made of plastic and is filled with various colorful objects that resemble small balls or beads. The person is using their fingers to spin the toy, causing the objects inside to move around. The background of the video is a colorful wall with different patterns and designs. The person's hand is the main focus of the video, with the toy being the object of interest. The colors of the toy are bright and vibrant, making it visually appealing. The person's movements are smooth and controlled, indicating that they are experienced with handling the toy.",T2V_data/label/vidgen_filter_gemini_part_0_dpo_5/nOE1BVDoqS8-Scene-0168/depth.mp4,T2V_data/label/vidgen_filter_gemini_part_0_dpo_5/nOE1BVDoqS8-Scene-0168/aug_entity_40.png
T2V_data/VIDGEN-1M_unzip/nOE1BVDoqS8-Scene-0168.mp4,"In the video, a person is seen holding a spherical toy in their hand. The toy appears to be made of plastic and is filled with various colorful objects that resemble small balls or beads. The person is using their fingers to spin the toy, causing the objects inside to move around. The background of the video is a colorful wall with different patterns and designs. The person's hand is the main focus of the video, with the toy being the object of interest. The colors of the toy are bright and vibrant, making it visually appealing. The person's movements are smooth and controlled, indicating that they are experienced with handling the toy.",T2V_data/label/vidgen_filter_gemini_part_0_dpo_5/nOE1BVDoqS8-Scene-0168/entity_40.mp4,T2V_data/label/vidgen_filter_gemini_part_0_dpo_5/nOE1BVDoqS8-Scene-0168/aug_entity_40.png
T2V_data/VIDGEN-1M_unzip/ndUBe6AV3_M-Scene-0025.mp4,"The video shows two men boxing in a boxing ring. One man is wearing blue boxing gloves and the other is wearing red gloves. They are both wearing white shirts and are actively exchanging punches. The boxing ring is surrounded by ropes and there are other boxing rings in the background. The men are moving around the ring, trying to outmaneuver each other. The sound of the punches can be heard as they land on each other's bodies. The video is shot from a side angle, giving a clear view of the boxers' movements and techniques.",T2V_data/label/vidgen_filter_gemini_part_0_dpo_5/ndUBe6AV3_M-Scene-0025/depth.mp4,T2V_data/label/vidgen_filter_gemini_part_0_dpo_5/ndUBe6AV3_M-Scene-0025/aug_entity_20.png
T2V_data/VIDGEN-1M_unzip/ndUBe6AV3_M-Scene-0025.mp4,"The video shows two men boxing in a boxing ring. One man is wearing blue boxing gloves and the other is wearing red gloves. They are both wearing white shirts and are actively exchanging punches. The boxing ring is surrounded by ropes and there are other boxing rings in the background. The men are moving around the ring, trying to outmaneuver each other. The sound of the punches can be heard as they land on each other's bodies. The video is shot from a side angle, giving a clear view of the boxers' movements and techniques.",T2V_data/label/vidgen_filter_gemini_part_0_dpo_5/ndUBe6AV3_M-Scene-0025/entity_20.mp4,T2V_data/label/vidgen_filter_gemini_part_0_dpo_5/ndUBe6AV3_M-Scene-0025/aug_entity_20.png
T2V_data/VIDGEN-1M_unzip/ndUBe6AV3_M-Scene-0025.mp4,"The video shows two men boxing in a boxing ring. One man is wearing blue boxing gloves and the other is wearing red gloves. They are both wearing white shirts and are actively exchanging punches. The boxing ring is surrounded by ropes and there are other boxing rings in the background. The men are moving around the ring, trying to outmaneuver each other. The sound of the punches can be heard as they land on each other's bodies. The video is shot from a side angle, giving a clear view of the boxers' movements and techniques.",T2V_data/label/vidgen_filter_gemini_part_0_dpo_5/ndUBe6AV3_M-Scene-0025/depth.mp4,T2V_data/label/vidgen_filter_gemini_part_0_dpo_5/ndUBe6AV3_M-Scene-0025/aug_entity_40.png
T2V_data/VIDGEN-1M_unzip/ndUBe6AV3_M-Scene-0025.mp4,"The video shows two men boxing in a boxing ring. One man is wearing blue boxing gloves and the other is wearing red gloves. They are both wearing white shirts and are actively exchanging punches. The boxing ring is surrounded by ropes and there are other boxing rings in the background. The men are moving around the ring, trying to outmaneuver each other. The sound of the punches can be heard as they land on each other's bodies. The video is shot from a side angle, giving a clear view of the boxers' movements and techniques.",T2V_data/label/vidgen_filter_gemini_part_0_dpo_5/ndUBe6AV3_M-Scene-0025/entity_40.mp4,T2V_data/label/vidgen_filter_gemini_part_0_dpo_5/ndUBe6AV3_M-Scene-0025/aug_entity_40.png
T2V_data/VIDGEN-1M_unzip/nvb8DlW7_xM-Scene-0028.mp4,"In the video, a person is seen holding a phone in a waterproof case. The person is wearing gloves and is submerged in water. The phone is turned on, and the person is using it to take a selfie. The water is clear, and the person's reflection can be seen in the water. The phone case is transparent, and the phone's screen is visible. The person's gloves are black, and the phone case has a silver border. The person's movements are slow and deliberate as they adjust the phone to capture the perfect shot.",T2V_data/label/vidgen_filter_gemini_part_0_dpo_5/nvb8DlW7_xM-Scene-0028/depth.mp4,T2V_data/label/vidgen_filter_gemini_part_0_dpo_5/nvb8DlW7_xM-Scene-0028/aug_entity_20.png
T2V_data/VIDGEN-1M_unzip/nvb8DlW7_xM-Scene-0028.mp4,"In the video, a person is seen holding a phone in a waterproof case. The person is wearing gloves and is submerged in water. The phone is turned on, and the person is using it to take a selfie. The water is clear, and the person's reflection can be seen in the water. The phone case is transparent, and the phone's screen is visible. The person's gloves are black, and the phone case has a silver border. The person's movements are slow and deliberate as they adjust the phone to capture the perfect shot.",T2V_data/label/vidgen_filter_gemini_part_0_dpo_5/nvb8DlW7_xM-Scene-0028/entity_20.mp4,T2V_data/label/vidgen_filter_gemini_part_0_dpo_5/nvb8DlW7_xM-Scene-0028/aug_entity_20.png
T2V_data/VIDGEN-1M_unzip/nzjeWHnWijM-Scene-0036.mp4,"In the video, a man is seen riding a red bicycle on a concrete ledge. He is wearing a black helmet and a black shirt. The man is performing a trick on the bike, balancing on the ledge and then riding off it. The background shows a green field with trees and houses. The man appears to be skilled in bicycle tricks and is enjoying himself while performing them.",T2V_data/label/vidgen_filter_gemini_part_0_dpo_5/nzjeWHnWijM-Scene-0036/depth.mp4,T2V_data/label/vidgen_filter_gemini_part_0_dpo_5/nzjeWHnWijM-Scene-0036/aug_entity_60.png
T2V_data/VIDGEN-1M_unzip/nzjeWHnWijM-Scene-0036.mp4,"In the video, a man is seen riding a red bicycle on a concrete ledge. He is wearing a black helmet and a black shirt. The man is performing a trick on the bike, balancing on the ledge and then riding off it. The background shows a green field with trees and houses. The man appears to be skilled in bicycle tricks and is enjoying himself while performing them.",T2V_data/label/vidgen_filter_gemini_part_0_dpo_5/nzjeWHnWijM-Scene-0036/entity_60.mp4,T2V_data/label/vidgen_filter_gemini_part_0_dpo_5/nzjeWHnWijM-Scene-0036/aug_entity_60.png
T2V_data/VIDGEN-1M_unzip/oQr20uiahKg-Scene-0040.mp4,"The video shows a person wearing blue gloves working on a car door. The person is using a tool to remove the door panel, which is covered in gray fabric. The person is carefully removing the panel, revealing the wires and mechanisms inside the car door. The video provides a close-up view of the person's hands and the door panel, highlighting the intricate details of the car's interior.",T2V_data/label/vidgen_filter_gemini_part_0_dpo_5/oQr20uiahKg-Scene-0040/depth.mp4,T2V_data/label/vidgen_filter_gemini_part_0_dpo_5/oQr20uiahKg-Scene-0040/aug_entity_20.png
T2V_data/VIDGEN-1M_unzip/oQr20uiahKg-Scene-0040.mp4,"The video shows a person wearing blue gloves working on a car door. The person is using a tool to remove the door panel, which is covered in gray fabric. The person is carefully removing the panel, revealing the wires and mechanisms inside the car door. The video provides a close-up view of the person's hands and the door panel, highlighting the intricate details of the car's interior.",T2V_data/label/vidgen_filter_gemini_part_0_dpo_5/oQr20uiahKg-Scene-0040/entity_20.mp4,T2V_data/label/vidgen_filter_gemini_part_0_dpo_5/oQr20uiahKg-Scene-0040/aug_entity_20.png
T2V_data/VIDGEN-1M_unzip/pNhiwcjugn0-Scene-0059.mp4,"The video shows a woman wearing a red and white striped shirt and white gloves, standing in a kitchen and washing a white plate in a sink. She is using a white sponge to clean the plate and then rinses it under the faucet. After that, she places the plate on the counter.",T2V_data/label/vidgen_filter_gemini_part_0_dpo_5/pNhiwcjugn0-Scene-0059/depth.mp4,T2V_data/label/vidgen_filter_gemini_part_0_dpo_5/pNhiwcjugn0-Scene-0059/aug_entity_60.png
T2V_data/VIDGEN-1M_unzip/pNhiwcjugn0-Scene-0059.mp4,"The video shows a woman wearing a red and white striped shirt and white gloves, standing in a kitchen and washing a white plate in a sink. She is using a white sponge to clean the plate and then rinses it under the faucet. After that, she places the plate on the counter.",T2V_data/label/vidgen_filter_gemini_part_0_dpo_5/pNhiwcjugn0-Scene-0059/entity_60.mp4,T2V_data/label/vidgen_filter_gemini_part_0_dpo_5/pNhiwcjugn0-Scene-0059/aug_entity_60.png
T2V_data/VIDGEN-1M_unzip/ppl--S_7ZWY-Scene-0026.mp4,"The video shows a close-up of a machine with a metal tool that is being used to carve into a piece of metal. The machine is moving in a precise and controlled manner, creating intricate patterns and designs on the metal surface. The metal itself is shiny and reflective, indicating that it is likely made of steel or a similar material. The tool is attached to a larger machine, which is not fully visible in the frame. The background is dark, focusing the viewer's attention on the metalworking process.",T2V_data/label/vidgen_filter_gemini_part_0_dpo_5/ppl--S_7ZWY-Scene-0026/depth.mp4,T2V_data/label/vidgen_filter_gemini_part_0_dpo_5/ppl--S_7ZWY-Scene-0026/aug_entity_40.png
T2V_data/VIDGEN-1M_unzip/ppl--S_7ZWY-Scene-0026.mp4,"The video shows a close-up of a machine with a metal tool that is being used to carve into a piece of metal. The machine is moving in a precise and controlled manner, creating intricate patterns and designs on the metal surface. The metal itself is shiny and reflective, indicating that it is likely made of steel or a similar material. The tool is attached to a larger machine, which is not fully visible in the frame. The background is dark, focusing the viewer's attention on the metalworking process.",T2V_data/label/vidgen_filter_gemini_part_0_dpo_5/ppl--S_7ZWY-Scene-0026/entity_40.mp4,T2V_data/label/vidgen_filter_gemini_part_0_dpo_5/ppl--S_7ZWY-Scene-0026/aug_entity_40.png
T2V_data/VIDGEN-1M_unzip/qEG4Jov5Uy0-Scene-0049.mp4,"In the video, a person is seen working on a car's wheel. The person is using a wrench to tighten the lug nuts on the wheel. The wheel itself is dirty and appears to be in need of cleaning. The person's hands are covered in grease, indicating that they have been working on the car for some time. The background is blurred, but it appears to be a garage or a workshop. The person is focused on the task at hand, and their movements are deliberate and precise. The sound of the wrench turning can be heard in the background. Overall, the video provides a glimpse into the process of maintaining a car's wheels and tires.",T2V_data/label/vidgen_filter_gemini_part_0_dpo_5/qEG4Jov5Uy0-Scene-0049/depth.mp4,T2V_data/label/vidgen_filter_gemini_part_0_dpo_5/qEG4Jov5Uy0-Scene-0049/aug_entity_40.png
T2V_data/VIDGEN-1M_unzip/qEG4Jov5Uy0-Scene-0049.mp4,"In the video, a person is seen working on a car's wheel. The person is using a wrench to tighten the lug nuts on the wheel. The wheel itself is dirty and appears to be in need of cleaning. The person's hands are covered in grease, indicating that they have been working on the car for some time. The background is blurred, but it appears to be a garage or a workshop. The person is focused on the task at hand, and their movements are deliberate and precise. The sound of the wrench turning can be heard in the background. Overall, the video provides a glimpse into the process of maintaining a car's wheels and tires.",T2V_data/label/vidgen_filter_gemini_part_0_dpo_5/qEG4Jov5Uy0-Scene-0049/entity_40.mp4,T2V_data/label/vidgen_filter_gemini_part_0_dpo_5/qEG4Jov5Uy0-Scene-0049/aug_entity_40.png
T2V_data/VIDGEN-1M_unzip/qyiDKDLR2zA-Scene-0019.mp4,"The video shows a busy highway with multiple lanes of traffic. There is a large red truck driving on the highway, and it is moving at a steady pace. The truck is driving in the right lane and appears to be in the process of changing lanes. The highway is surrounded by greenery on both sides, and there are other vehicles visible in the surrounding lanes. The sky is clear and blue, indicating good weather conditions.",T2V_data/label/vidgen_filter_gemini_part_0_dpo_5/qyiDKDLR2zA-Scene-0019/depth.mp4,T2V_data/label/vidgen_filter_gemini_part_0_dpo_5/qyiDKDLR2zA-Scene-0019/aug_entity_20.png
T2V_data/VIDGEN-1M_unzip/qyiDKDLR2zA-Scene-0019.mp4,"The video shows a busy highway with multiple lanes of traffic. There is a large red truck driving on the highway, and it is moving at a steady pace. The truck is driving in the right lane and appears to be in the process of changing lanes. The highway is surrounded by greenery on both sides, and there are other vehicles visible in the surrounding lanes. The sky is clear and blue, indicating good weather conditions.",T2V_data/label/vidgen_filter_gemini_part_0_dpo_5/qyiDKDLR2zA-Scene-0019/entity_20.mp4,T2V_data/label/vidgen_filter_gemini_part_0_dpo_5/qyiDKDLR2zA-Scene-0019/aug_entity_20.png
T2V_data/VIDGEN-1M_unzip/redBLIhoO5k-Scene-0035.mp4,The video shows a man climbing a tree. He is wearing a green vest and a black helmet. The man is holding onto the branches of the tree and appears to be carefully climbing up the trunk. The tree has green leaves and brown branches. The man looks focused and determined as he climbs higher.,T2V_data/label/vidgen_filter_gemini_part_0_dpo_5/redBLIhoO5k-Scene-0035/depth.mp4,T2V_data/label/vidgen_filter_gemini_part_0_dpo_5/redBLIhoO5k-Scene-0035/aug_entity_20.png
T2V_data/VIDGEN-1M_unzip/redBLIhoO5k-Scene-0035.mp4,The video shows a man climbing a tree. He is wearing a green vest and a black helmet. The man is holding onto the branches of the tree and appears to be carefully climbing up the trunk. The tree has green leaves and brown branches. The man looks focused and determined as he climbs higher.,T2V_data/label/vidgen_filter_gemini_part_0_dpo_5/redBLIhoO5k-Scene-0035/entity_20.mp4,T2V_data/label/vidgen_filter_gemini_part_0_dpo_5/redBLIhoO5k-Scene-0035/aug_entity_20.png
T2V_data/VIDGEN-1M_unzip/s07JIg3xbPg-Scene-0053.mp4,"In the video, a woman is seen sitting on the ground in a forest. She is wearing a green jacket and glasses. The woman is holding a stick in her hand and is using it to make a fire. She is seen striking the stick against a piece of wood to create sparks. The woman appears to be demonstrating how to start a fire in the wilderness. The forest around her is dense with trees and foliage, and there is no visible fire or smoke in the immediate area. The woman's actions are deliberate and focused, indicating that she is experienced in this task. The video provides a clear view of the woman's actions and the surrounding environment, making it easy to follow along with her instructions.",T2V_data/label/vidgen_filter_gemini_part_0_dpo_5/s07JIg3xbPg-Scene-0053/depth.mp4,T2V_data/label/vidgen_filter_gemini_part_0_dpo_5/s07JIg3xbPg-Scene-0053/aug_entity_40.png
T2V_data/VIDGEN-1M_unzip/s07JIg3xbPg-Scene-0053.mp4,"In the video, a woman is seen sitting on the ground in a forest. She is wearing a green jacket and glasses. The woman is holding a stick in her hand and is using it to make a fire. She is seen striking the stick against a piece of wood to create sparks. The woman appears to be demonstrating how to start a fire in the wilderness. The forest around her is dense with trees and foliage, and there is no visible fire or smoke in the immediate area. The woman's actions are deliberate and focused, indicating that she is experienced in this task. The video provides a clear view of the woman's actions and the surrounding environment, making it easy to follow along with her instructions.",T2V_data/label/vidgen_filter_gemini_part_0_dpo_5/s07JIg3xbPg-Scene-0053/entity_40.mp4,T2V_data/label/vidgen_filter_gemini_part_0_dpo_5/s07JIg3xbPg-Scene-0053/aug_entity_40.png
T2V_data/VIDGEN-1M_unzip/sp82P6lu_yM-Scene-0016.mp4,"The video shows a person using a white juicer to make juice. The juicer is placed on a table, and the person is holding a yellow object in their hand. The juicer is turned on, and juice is seen coming out of the spout into a clear glass placed below it. The person then stops the juicer and removes the yellow object from it.",T2V_data/label/vidgen_filter_gemini_part_0_dpo_5/sp82P6lu_yM-Scene-0016/depth.mp4,T2V_data/label/vidgen_filter_gemini_part_0_dpo_5/sp82P6lu_yM-Scene-0016/aug_entity_60.png
T2V_data/VIDGEN-1M_unzip/sp82P6lu_yM-Scene-0016.mp4,"The video shows a person using a white juicer to make juice. The juicer is placed on a table, and the person is holding a yellow object in their hand. The juicer is turned on, and juice is seen coming out of the spout into a clear glass placed below it. The person then stops the juicer and removes the yellow object from it.",T2V_data/label/vidgen_filter_gemini_part_0_dpo_5/sp82P6lu_yM-Scene-0016/entity_60.mp4,T2V_data/label/vidgen_filter_gemini_part_0_dpo_5/sp82P6lu_yM-Scene-0016/aug_entity_60.png
T2V_data/VIDGEN-1M_unzip/sqp_WMBQn4M-Scene-0084.mp4,"The video shows a black cat with a blue leash on, playing with a dead squirrel on the ground. The cat is seen biting and pawing at the squirrel while walking around it. The ground is covered in leaves and there is a white container nearby.",T2V_data/label/vidgen_filter_gemini_part_0_dpo_5/sqp_WMBQn4M-Scene-0084/depth.mp4,T2V_data/label/vidgen_filter_gemini_part_0_dpo_5/sqp_WMBQn4M-Scene-0084/aug_entity_60.png
T2V_data/VIDGEN-1M_unzip/sqp_WMBQn4M-Scene-0084.mp4,"The video shows a black cat with a blue leash on, playing with a dead squirrel on the ground. The cat is seen biting and pawing at the squirrel while walking around it. The ground is covered in leaves and there is a white container nearby.",T2V_data/label/vidgen_filter_gemini_part_0_dpo_5/sqp_WMBQn4M-Scene-0084/entity_60.mp4,T2V_data/label/vidgen_filter_gemini_part_0_dpo_5/sqp_WMBQn4M-Scene-0084/aug_entity_60.png
T2V_data/VIDGEN-1M_unzip/uRQ0pQCOVW8-Scene-0100.mp4,"The video shows a man with a beard and glasses riding a skateboard down a dirt road. He is wearing a white t-shirt, black shorts, a black backpack, and a white helmet. The man is smiling and appears to be enjoying the ride. The surrounding area is lush with green trees and bushes, and there are hills in the background. The sky is clear and blue.",T2V_data/label/vidgen_filter_gemini_part_0_dpo_5/uRQ0pQCOVW8-Scene-0100/depth.mp4,T2V_data/label/vidgen_filter_gemini_part_0_dpo_5/uRQ0pQCOVW8-Scene-0100/aug_entity_40.png
T2V_data/VIDGEN-1M_unzip/uRQ0pQCOVW8-Scene-0100.mp4,"The video shows a man with a beard and glasses riding a skateboard down a dirt road. He is wearing a white t-shirt, black shorts, a black backpack, and a white helmet. The man is smiling and appears to be enjoying the ride. The surrounding area is lush with green trees and bushes, and there are hills in the background. The sky is clear and blue.",T2V_data/label/vidgen_filter_gemini_part_0_dpo_5/uRQ0pQCOVW8-Scene-0100/entity_40.mp4,T2V_data/label/vidgen_filter_gemini_part_0_dpo_5/uRQ0pQCOVW8-Scene-0100/aug_entity_40.png
T2V_data/VIDGEN-1M_unzip/ua2qy2OjpqY-Scene-0001.mp4,The video starts with a rocket launching into space. The rocket is white and has a pointed tip. It is surrounded by smoke and fire as it takes off. The sky is blue with some clouds. The next scene shows an astronaut floating in space. The astronaut is wearing a white space suit with a helmet and has a camera attached to the suit. The background is a view of the Earth from space with blue oceans and white clouds.,T2V_data/label/vidgen_filter_gemini_part_0_dpo_5/ua2qy2OjpqY-Scene-0001/depth.mp4,T2V_data/label/vidgen_filter_gemini_part_0_dpo_5/ua2qy2OjpqY-Scene-0001/aug_entity_20.png
T2V_data/VIDGEN-1M_unzip/ua2qy2OjpqY-Scene-0001.mp4,The video starts with a rocket launching into space. The rocket is white and has a pointed tip. It is surrounded by smoke and fire as it takes off. The sky is blue with some clouds. The next scene shows an astronaut floating in space. The astronaut is wearing a white space suit with a helmet and has a camera attached to the suit. The background is a view of the Earth from space with blue oceans and white clouds.,T2V_data/label/vidgen_filter_gemini_part_0_dpo_5/ua2qy2OjpqY-Scene-0001/entity_20.mp4,T2V_data/label/vidgen_filter_gemini_part_0_dpo_5/ua2qy2OjpqY-Scene-0001/aug_entity_20.png
T2V_data/VIDGEN-1M_unzip/ujWWO1X_AdY-Scene-0010.mp4,"In the video, a person is seen using a food processor to grind up some food. The person is holding a piece of food in their hand and placing it into the food processor. They then close the lid of the food processor and turn it on, causing the food to be ground up. The person's hands are visible throughout the video, and they are wearing a red shirt. The food processor is white and has a clear plastic lid. The countertop where the food processor is placed is made of a dark-colored material, possibly granite.",T2V_data/label/vidgen_filter_gemini_part_0_dpo_5/ujWWO1X_AdY-Scene-0010/depth.mp4,T2V_data/label/vidgen_filter_gemini_part_0_dpo_5/ujWWO1X_AdY-Scene-0010/aug_entity_60.png
T2V_data/VIDGEN-1M_unzip/ujWWO1X_AdY-Scene-0010.mp4,"In the video, a person is seen using a food processor to grind up some food. The person is holding a piece of food in their hand and placing it into the food processor. They then close the lid of the food processor and turn it on, causing the food to be ground up. The person's hands are visible throughout the video, and they are wearing a red shirt. The food processor is white and has a clear plastic lid. The countertop where the food processor is placed is made of a dark-colored material, possibly granite.",T2V_data/label/vidgen_filter_gemini_part_0_dpo_5/ujWWO1X_AdY-Scene-0010/entity_60.mp4,T2V_data/label/vidgen_filter_gemini_part_0_dpo_5/ujWWO1X_AdY-Scene-0010/aug_entity_60.png
T2V_data/VIDGEN-1M_unzip/uszrDJuvKPM-Scene-0084.mp4,"The video shows a man playing tennis on a court. He is wearing a white shirt and white shorts and is holding a tennis racket. The man is seen hitting the ball with his racket, moving around the court, and preparing to hit the ball again. The court is green with white lines marking the boundaries. The man appears to be focused and determined as he plays the game.",T2V_data/label/vidgen_filter_gemini_part_0_dpo_5/uszrDJuvKPM-Scene-0084/depth.mp4,T2V_data/label/vidgen_filter_gemini_part_0_dpo_5/uszrDJuvKPM-Scene-0084/aug_entity_20.png
T2V_data/VIDGEN-1M_unzip/uszrDJuvKPM-Scene-0084.mp4,"The video shows a man playing tennis on a court. He is wearing a white shirt and white shorts and is holding a tennis racket. The man is seen hitting the ball with his racket, moving around the court, and preparing to hit the ball again. The court is green with white lines marking the boundaries. The man appears to be focused and determined as he plays the game.",T2V_data/label/vidgen_filter_gemini_part_0_dpo_5/uszrDJuvKPM-Scene-0084/entity_20.mp4,T2V_data/label/vidgen_filter_gemini_part_0_dpo_5/uszrDJuvKPM-Scene-0084/aug_entity_20.png
T2V_data/VIDGEN-1M_unzip/vWIQRsEXN-M-Scene-0051.mp4,"In the video, a young child is seen pushing a toy stroller around a room. The child appears to be having fun and is smiling as they continue to push the stroller. The stroller is pink with white polka dots and has black wheels. The child is wearing a blue jacket and pink pants. In the background, another child can be seen walking around the room. The room has a wooden floor and white walls. The lighting in the room is bright, and there are no visible furniture or other objects in the room.",T2V_data/label/vidgen_filter_gemini_part_0_dpo_5/vWIQRsEXN-M-Scene-0051/depth.mp4,T2V_data/label/vidgen_filter_gemini_part_0_dpo_5/vWIQRsEXN-M-Scene-0051/aug_entity_40.png
T2V_data/VIDGEN-1M_unzip/vWIQRsEXN-M-Scene-0051.mp4,"In the video, a young child is seen pushing a toy stroller around a room. The child appears to be having fun and is smiling as they continue to push the stroller. The stroller is pink with white polka dots and has black wheels. The child is wearing a blue jacket and pink pants. In the background, another child can be seen walking around the room. The room has a wooden floor and white walls. The lighting in the room is bright, and there are no visible furniture or other objects in the room.",T2V_data/label/vidgen_filter_gemini_part_0_dpo_5/vWIQRsEXN-M-Scene-0051/entity_40.mp4,T2V_data/label/vidgen_filter_gemini_part_0_dpo_5/vWIQRsEXN-M-Scene-0051/aug_entity_40.png
T2V_data/VIDGEN-1M_unzip/yw2YNY1h2OM-Scene-0031.mp4,"In the video, a group of children are sitting around a green table. They are all wearing maroon shirts and are surrounded by Christmas trees. One of the boys is leaning on the table and then suddenly falls over. The other children around the table are laughing and having a good time. The scene is set in a festive atmosphere, with the Christmas trees adding to the holiday spirit. The children seem to be enjoying themselves, and the video captures a moment of innocent fun and laughter.",T2V_data/label/vidgen_filter_gemini_part_0_dpo_5/yw2YNY1h2OM-Scene-0031/depth.mp4,T2V_data/label/vidgen_filter_gemini_part_0_dpo_5/yw2YNY1h2OM-Scene-0031/aug_entity_20.png
T2V_data/VIDGEN-1M_unzip/yw2YNY1h2OM-Scene-0031.mp4,"In the video, a group of children are sitting around a green table. They are all wearing maroon shirts and are surrounded by Christmas trees. One of the boys is leaning on the table and then suddenly falls over. The other children around the table are laughing and having a good time. The scene is set in a festive atmosphere, with the Christmas trees adding to the holiday spirit. The children seem to be enjoying themselves, and the video captures a moment of innocent fun and laughter.",T2V_data/label/vidgen_filter_gemini_part_0_dpo_5/yw2YNY1h2OM-Scene-0031/entity_20.mp4,T2V_data/label/vidgen_filter_gemini_part_0_dpo_5/yw2YNY1h2OM-Scene-0031/aug_entity_20.png
T2V_data/VIDGEN-1M_unzip/yw2YNY1h2OM-Scene-0031.mp4,"In the video, a group of children are sitting around a green table. They are all wearing maroon shirts and are surrounded by Christmas trees. One of the boys is leaning on the table and then suddenly falls over. The other children around the table are laughing and having a good time. The scene is set in a festive atmosphere, with the Christmas trees adding to the holiday spirit. The children seem to be enjoying themselves, and the video captures a moment of innocent fun and laughter.",T2V_data/label/vidgen_filter_gemini_part_0_dpo_5/yw2YNY1h2OM-Scene-0031/depth.mp4,T2V_data/label/vidgen_filter_gemini_part_0_dpo_5/yw2YNY1h2OM-Scene-0031/aug_entity_40.png
T2V_data/VIDGEN-1M_unzip/yw2YNY1h2OM-Scene-0031.mp4,"In the video, a group of children are sitting around a green table. They are all wearing maroon shirts and are surrounded by Christmas trees. One of the boys is leaning on the table and then suddenly falls over. The other children around the table are laughing and having a good time. The scene is set in a festive atmosphere, with the Christmas trees adding to the holiday spirit. The children seem to be enjoying themselves, and the video captures a moment of innocent fun and laughter.",T2V_data/label/vidgen_filter_gemini_part_0_dpo_5/yw2YNY1h2OM-Scene-0031/entity_40.mp4,T2V_data/label/vidgen_filter_gemini_part_0_dpo_5/yw2YNY1h2OM-Scene-0031/aug_entity_40.png
T2V_data/VIDGEN-1M_unzip/yw2YNY1h2OM-Scene-0031.mp4,"In the video, a group of children are sitting around a green table. They are all wearing maroon shirts and are surrounded by Christmas trees. One of the boys is leaning on the table and then suddenly falls over. The other children around the table are laughing and having a good time. The scene is set in a festive atmosphere, with the Christmas trees adding to the holiday spirit. The children seem to be enjoying themselves, and the video captures a moment of innocent fun and laughter.",T2V_data/label/vidgen_filter_gemini_part_0_dpo_5/yw2YNY1h2OM-Scene-0031/depth.mp4,T2V_data/label/vidgen_filter_gemini_part_0_dpo_5/yw2YNY1h2OM-Scene-0031/aug_entity_60.png
T2V_data/VIDGEN-1M_unzip/yw2YNY1h2OM-Scene-0031.mp4,"In the video, a group of children are sitting around a green table. They are all wearing maroon shirts and are surrounded by Christmas trees. One of the boys is leaning on the table and then suddenly falls over. The other children around the table are laughing and having a good time. The scene is set in a festive atmosphere, with the Christmas trees adding to the holiday spirit. The children seem to be enjoying themselves, and the video captures a moment of innocent fun and laughter.",T2V_data/label/vidgen_filter_gemini_part_0_dpo_5/yw2YNY1h2OM-Scene-0031/entity_60.mp4,T2V_data/label/vidgen_filter_gemini_part_0_dpo_5/yw2YNY1h2OM-Scene-0031/aug_entity_60.png
T2V_data/VIDGEN-1M_unzip/ywGErjtrksA-Scene-0017.mp4,"The video shows a person's hands as they demonstrate how to install a metal hinge onto a wooden surface. The hinge is black and appears to be made of metal. The person uses a screwdriver to secure the hinge onto the wood. The video is shot in a close-up view, focusing on the hands and the hinge. The person's movements are deliberate and precise as they work to ensure the hinge is properly installed.",T2V_data/label/vidgen_filter_gemini_part_0_dpo_5/ywGErjtrksA-Scene-0017/depth.mp4,T2V_data/label/vidgen_filter_gemini_part_0_dpo_5/ywGErjtrksA-Scene-0017/aug_entity_60.png
T2V_data/VIDGEN-1M_unzip/ywGErjtrksA-Scene-0017.mp4,"The video shows a person's hands as they demonstrate how to install a metal hinge onto a wooden surface. The hinge is black and appears to be made of metal. The person uses a screwdriver to secure the hinge onto the wood. The video is shot in a close-up view, focusing on the hands and the hinge. The person's movements are deliberate and precise as they work to ensure the hinge is properly installed.",T2V_data/label/vidgen_filter_gemini_part_0_dpo_5/ywGErjtrksA-Scene-0017/entity_60.mp4,T2V_data/label/vidgen_filter_gemini_part_0_dpo_5/ywGErjtrksA-Scene-0017/aug_entity_60.png
T2V_data/VIDGEN-1M_unzip/z9dgOpP8lQs-Scene-0033.mp4,"The video shows a man sitting at a table with various tools and parts in front of him. He is wearing a black t-shirt and has a beard. The man is using a screwdriver to take apart a phone. He then uses a pair of scissors to cut a piece of tape and attaches it to the phone. Finally, he puts the phone back together and shows it to the camera.",T2V_data/label/vidgen_filter_gemini_part_0_dpo_5/z9dgOpP8lQs-Scene-0033/depth.mp4,T2V_data/label/vidgen_filter_gemini_part_0_dpo_5/z9dgOpP8lQs-Scene-0033/aug_entity_20.png
T2V_data/VIDGEN-1M_unzip/z9dgOpP8lQs-Scene-0033.mp4,"The video shows a man sitting at a table with various tools and parts in front of him. He is wearing a black t-shirt and has a beard. The man is using a screwdriver to take apart a phone. He then uses a pair of scissors to cut a piece of tape and attaches it to the phone. Finally, he puts the phone back together and shows it to the camera.",T2V_data/label/vidgen_filter_gemini_part_0_dpo_5/z9dgOpP8lQs-Scene-0033/entity_20.mp4,T2V_data/label/vidgen_filter_gemini_part_0_dpo_5/z9dgOpP8lQs-Scene-0033/aug_entity_20.png
