video,prompt,vace_video,vace_reference_image
T2V_data/VIDGEN-1M_unzip/-M_LgNMUdjg-Scene-0035.mp4,"The video shows a person's hands using a rolling pin to flatten a piece of dough on a wooden surface. The dough is white and appears to be soft and pliable. The rolling pin is made of wood and is being used to evenly distribute the dough's thickness. The person's hands are moving back and forth, applying pressure to the dough to ensure it is evenly flattened. The wooden surface is covered in a thin layer of flour, which prevents the dough from sticking to the surface. The video is shot from a top-down perspective, allowing the viewer to see the entire process of rolling out the dough.",T2V_data/label/vidgen_filter_gemini_part_0_dpo_12/-M_LgNMUdjg-Scene-0035/depth.mp4,T2V_data/label/vidgen_filter_gemini_part_0_dpo_12/-M_LgNMUdjg-Scene-0035/entity_20.png
T2V_data/VIDGEN-1M_unzip/-M_LgNMUdjg-Scene-0035.mp4,"The video shows a person's hands using a rolling pin to flatten a piece of dough on a wooden surface. The dough is white and appears to be soft and pliable. The rolling pin is made of wood and is being used to evenly distribute the dough's thickness. The person's hands are moving back and forth, applying pressure to the dough to ensure it is evenly flattened. The wooden surface is covered in a thin layer of flour, which prevents the dough from sticking to the surface. The video is shot from a top-down perspective, allowing the viewer to see the entire process of rolling out the dough.",T2V_data/label/vidgen_filter_gemini_part_0_dpo_12/-M_LgNMUdjg-Scene-0035/entity_20.mp4,T2V_data/label/vidgen_filter_gemini_part_0_dpo_12/-M_LgNMUdjg-Scene-0035/entity_20.png
T2V_data/VIDGEN-1M_unzip/-S8Yj4tyw3Y-Scene-0012.mp4,"In the video, a woman is seen kneeling on a basketball court. She is wearing a black tank top with the words ""KB STARS"" and the number 5 on it. She then stands up and begins dribbling a basketball. The court has a blue floor with white boundary lines, and there are pink flowers in the background. The woman appears to be practicing her basketball skills.",T2V_data/label/vidgen_filter_gemini_part_0_dpo_12/-S8Yj4tyw3Y-Scene-0012/depth.mp4,T2V_data/label/vidgen_filter_gemini_part_0_dpo_12/-S8Yj4tyw3Y-Scene-0012/entity_20.png
T2V_data/VIDGEN-1M_unzip/-S8Yj4tyw3Y-Scene-0012.mp4,"In the video, a woman is seen kneeling on a basketball court. She is wearing a black tank top with the words ""KB STARS"" and the number 5 on it. She then stands up and begins dribbling a basketball. The court has a blue floor with white boundary lines, and there are pink flowers in the background. The woman appears to be practicing her basketball skills.",T2V_data/label/vidgen_filter_gemini_part_0_dpo_12/-S8Yj4tyw3Y-Scene-0012/entity_20.mp4,T2V_data/label/vidgen_filter_gemini_part_0_dpo_12/-S8Yj4tyw3Y-Scene-0012/entity_20.png
T2V_data/VIDGEN-1M_unzip/-SdRSsimy8Q-Scene-0023.mp4,"The video shows two rabbits, one black and one white, in a pen with straw on the ground. The black rabbit is lying down while the white rabbit is sitting up. The white rabbit has a red toy in front of it, which it nudges with its nose. The black rabbit then stands up and approaches the white rabbit, and they both start to play with the red toy. The video captures the playful interaction between the two rabbits as they take turns playing with the toy.",T2V_data/label/vidgen_filter_gemini_part_0_dpo_12/-SdRSsimy8Q-Scene-0023/depth.mp4,T2V_data/label/vidgen_filter_gemini_part_0_dpo_12/-SdRSsimy8Q-Scene-0023/entity_20.png
T2V_data/VIDGEN-1M_unzip/-SdRSsimy8Q-Scene-0023.mp4,"The video shows two rabbits, one black and one white, in a pen with straw on the ground. The black rabbit is lying down while the white rabbit is sitting up. The white rabbit has a red toy in front of it, which it nudges with its nose. The black rabbit then stands up and approaches the white rabbit, and they both start to play with the red toy. The video captures the playful interaction between the two rabbits as they take turns playing with the toy.",T2V_data/label/vidgen_filter_gemini_part_0_dpo_12/-SdRSsimy8Q-Scene-0023/entity_20.mp4,T2V_data/label/vidgen_filter_gemini_part_0_dpo_12/-SdRSsimy8Q-Scene-0023/entity_20.png
T2V_data/VIDGEN-1M_unzip/-YA42WgQQ-k-Scene-0043.mp4,"In the video, we see a cheetah cub and a lion cub playing with a piece of meat. The cheetah cub is standing on its hind legs, while the lion cub is holding onto the meat with its front paws. The cheetah cub is biting and pulling on the meat, while the lion cub is trying to hold onto it. The background consists of a fence and some dry grass. The cheetah cub is spotted and has a black tear mark on its face, while the lion cub is tawny in color. The meat appears to be a small piece of raw chicken.",T2V_data/label/vidgen_filter_gemini_part_0_dpo_12/-YA42WgQQ-k-Scene-0043/depth.mp4,T2V_data/label/vidgen_filter_gemini_part_0_dpo_12/-YA42WgQQ-k-Scene-0043/entity_20.png
T2V_data/VIDGEN-1M_unzip/-YA42WgQQ-k-Scene-0043.mp4,"In the video, we see a cheetah cub and a lion cub playing with a piece of meat. The cheetah cub is standing on its hind legs, while the lion cub is holding onto the meat with its front paws. The cheetah cub is biting and pulling on the meat, while the lion cub is trying to hold onto it. The background consists of a fence and some dry grass. The cheetah cub is spotted and has a black tear mark on its face, while the lion cub is tawny in color. The meat appears to be a small piece of raw chicken.",T2V_data/label/vidgen_filter_gemini_part_0_dpo_12/-YA42WgQQ-k-Scene-0043/entity_20.mp4,T2V_data/label/vidgen_filter_gemini_part_0_dpo_12/-YA42WgQQ-k-Scene-0043/entity_20.png
T2V_data/VIDGEN-1M_unzip/-YA42WgQQ-k-Scene-0043.mp4,"In the video, we see a cheetah cub and a lion cub playing with a piece of meat. The cheetah cub is standing on its hind legs, while the lion cub is holding onto the meat with its front paws. The cheetah cub is biting and pulling on the meat, while the lion cub is trying to hold onto it. The background consists of a fence and some dry grass. The cheetah cub is spotted and has a black tear mark on its face, while the lion cub is tawny in color. The meat appears to be a small piece of raw chicken.",T2V_data/label/vidgen_filter_gemini_part_0_dpo_12/-YA42WgQQ-k-Scene-0043/depth.mp4,T2V_data/label/vidgen_filter_gemini_part_0_dpo_12/-YA42WgQQ-k-Scene-0043/entity_40.png
T2V_data/VIDGEN-1M_unzip/-YA42WgQQ-k-Scene-0043.mp4,"In the video, we see a cheetah cub and a lion cub playing with a piece of meat. The cheetah cub is standing on its hind legs, while the lion cub is holding onto the meat with its front paws. The cheetah cub is biting and pulling on the meat, while the lion cub is trying to hold onto it. The background consists of a fence and some dry grass. The cheetah cub is spotted and has a black tear mark on its face, while the lion cub is tawny in color. The meat appears to be a small piece of raw chicken.",T2V_data/label/vidgen_filter_gemini_part_0_dpo_12/-YA42WgQQ-k-Scene-0043/entity_40.mp4,T2V_data/label/vidgen_filter_gemini_part_0_dpo_12/-YA42WgQQ-k-Scene-0043/entity_40.png
T2V_data/VIDGEN-1M_unzip/-g5jzgND9T8-Scene-0003.mp4,"In the video, a man is operating a green tractor with a front loader. He is driving the tractor through a room that appears to be under construction. The room has exposed wires and insulation on the walls and ceiling. The man is using the front loader to move debris and rubble around the room. The tractor is moving back and forth, and the man is actively engaged in operating the machine. The room is well-lit, and the tractor's green color stands out against the neutral tones of the construction materials.",T2V_data/label/vidgen_filter_gemini_part_0_dpo_12/-g5jzgND9T8-Scene-0003/depth.mp4,T2V_data/label/vidgen_filter_gemini_part_0_dpo_12/-g5jzgND9T8-Scene-0003/entity_20.png
T2V_data/VIDGEN-1M_unzip/-g5jzgND9T8-Scene-0003.mp4,"In the video, a man is operating a green tractor with a front loader. He is driving the tractor through a room that appears to be under construction. The room has exposed wires and insulation on the walls and ceiling. The man is using the front loader to move debris and rubble around the room. The tractor is moving back and forth, and the man is actively engaged in operating the machine. The room is well-lit, and the tractor's green color stands out against the neutral tones of the construction materials.",T2V_data/label/vidgen_filter_gemini_part_0_dpo_12/-g5jzgND9T8-Scene-0003/entity_20.mp4,T2V_data/label/vidgen_filter_gemini_part_0_dpo_12/-g5jzgND9T8-Scene-0003/entity_20.png
T2V_data/VIDGEN-1M_unzip/-ix_3hG3hqs-Scene-0007.mp4,"The video shows a man skateboarding in an indoor skate park. He is wearing a black shirt and black pants. The skate park has a wooden floor and several ramps and rails. The man is seen riding his skateboard towards a ramp, jumping into the air, and then landing back on the ramp. He then continues to ride around the park, performing various tricks. The lighting in the skate park is dim, and there are no other people visible in the video.",T2V_data/label/vidgen_filter_gemini_part_0_dpo_12/-ix_3hG3hqs-Scene-0007/depth.mp4,T2V_data/label/vidgen_filter_gemini_part_0_dpo_12/-ix_3hG3hqs-Scene-0007/entity_20.png
T2V_data/VIDGEN-1M_unzip/-ix_3hG3hqs-Scene-0007.mp4,"The video shows a man skateboarding in an indoor skate park. He is wearing a black shirt and black pants. The skate park has a wooden floor and several ramps and rails. The man is seen riding his skateboard towards a ramp, jumping into the air, and then landing back on the ramp. He then continues to ride around the park, performing various tricks. The lighting in the skate park is dim, and there are no other people visible in the video.",T2V_data/label/vidgen_filter_gemini_part_0_dpo_12/-ix_3hG3hqs-Scene-0007/entity_20.mp4,T2V_data/label/vidgen_filter_gemini_part_0_dpo_12/-ix_3hG3hqs-Scene-0007/entity_20.png
T2V_data/VIDGEN-1M_unzip/-vARG3GHMZ0-Scene-0041.mp4,"The video shows a wrestling match between two women in a ring. One woman is wearing an orange outfit, while the other is wearing a white outfit. The woman in orange jumps on the back of the woman in white, causing her to fall to the ground. The woman in orange then pins the woman in white to the ground. The referee is present in the ring, and the crowd can be heard cheering in the background.",T2V_data/label/vidgen_filter_gemini_part_0_dpo_12/-vARG3GHMZ0-Scene-0041/depth.mp4,T2V_data/label/vidgen_filter_gemini_part_0_dpo_12/-vARG3GHMZ0-Scene-0041/entity_20.png
T2V_data/VIDGEN-1M_unzip/-vARG3GHMZ0-Scene-0041.mp4,"The video shows a wrestling match between two women in a ring. One woman is wearing an orange outfit, while the other is wearing a white outfit. The woman in orange jumps on the back of the woman in white, causing her to fall to the ground. The woman in orange then pins the woman in white to the ground. The referee is present in the ring, and the crowd can be heard cheering in the background.",T2V_data/label/vidgen_filter_gemini_part_0_dpo_12/-vARG3GHMZ0-Scene-0041/entity_20.mp4,T2V_data/label/vidgen_filter_gemini_part_0_dpo_12/-vARG3GHMZ0-Scene-0041/entity_20.png
T2V_data/VIDGEN-1M_unzip/-vBmXbQpElY-Scene-0023.mp4,"In the video, a young girl is seen holding a large pink balloon in her hands. She is also holding a blue balloon pump and is using it to inflate the pink balloon. The girl is wearing a blue and white shirt and has her hair styled in braids. The background is a pink wall, and there are some boxes visible on the floor. The girl seems to be focused on the task at hand, and the video captures the process of inflating the balloon.",T2V_data/label/vidgen_filter_gemini_part_0_dpo_12/-vBmXbQpElY-Scene-0023/depth.mp4,T2V_data/label/vidgen_filter_gemini_part_0_dpo_12/-vBmXbQpElY-Scene-0023/entity_20.png
T2V_data/VIDGEN-1M_unzip/-vBmXbQpElY-Scene-0023.mp4,"In the video, a young girl is seen holding a large pink balloon in her hands. She is also holding a blue balloon pump and is using it to inflate the pink balloon. The girl is wearing a blue and white shirt and has her hair styled in braids. The background is a pink wall, and there are some boxes visible on the floor. The girl seems to be focused on the task at hand, and the video captures the process of inflating the balloon.",T2V_data/label/vidgen_filter_gemini_part_0_dpo_12/-vBmXbQpElY-Scene-0023/entity_20.mp4,T2V_data/label/vidgen_filter_gemini_part_0_dpo_12/-vBmXbQpElY-Scene-0023/entity_20.png
T2V_data/VIDGEN-1M_unzip/03Zkr7MkHhM-Scene-0011.mp4,"The video shows a person using a pair of pliers to work on a light switch. The person is seen holding the pliers in their right hand and using their left hand to hold the light switch. The pliers appear to be red and black in color. The light switch is located on a white wall, and the person is using the pliers to adjust or fix the wires connected to the switch. The video is shot in a close-up view, focusing on the person's hands and the light switch.",T2V_data/label/vidgen_filter_gemini_part_0_dpo_12/03Zkr7MkHhM-Scene-0011/depth.mp4,T2V_data/label/vidgen_filter_gemini_part_0_dpo_12/03Zkr7MkHhM-Scene-0011/entity_60.png
T2V_data/VIDGEN-1M_unzip/03Zkr7MkHhM-Scene-0011.mp4,"The video shows a person using a pair of pliers to work on a light switch. The person is seen holding the pliers in their right hand and using their left hand to hold the light switch. The pliers appear to be red and black in color. The light switch is located on a white wall, and the person is using the pliers to adjust or fix the wires connected to the switch. The video is shot in a close-up view, focusing on the person's hands and the light switch.",T2V_data/label/vidgen_filter_gemini_part_0_dpo_12/03Zkr7MkHhM-Scene-0011/entity_60.mp4,T2V_data/label/vidgen_filter_gemini_part_0_dpo_12/03Zkr7MkHhM-Scene-0011/entity_60.png
T2V_data/VIDGEN-1M_unzip/0NxniIPm16g-Scene-0049.mp4,"In the video, a person is seen using a knife to cut a piece of meat. The person is wearing a black shirt and a watch on their left wrist. The knife is silver and appears to be sharp as it cuts through the meat with ease. The meat is placed on a white plate, which is on a pink surface. The person's hands are visible as they hold the meat and knife, and they seem to be experienced in cutting as they handle the knife with ease. The background is blurred, but it appears to be a kitchen setting.",T2V_data/label/vidgen_filter_gemini_part_0_dpo_12/0NxniIPm16g-Scene-0049/depth.mp4,T2V_data/label/vidgen_filter_gemini_part_0_dpo_12/0NxniIPm16g-Scene-0049/entity_40.png
T2V_data/VIDGEN-1M_unzip/0NxniIPm16g-Scene-0049.mp4,"In the video, a person is seen using a knife to cut a piece of meat. The person is wearing a black shirt and a watch on their left wrist. The knife is silver and appears to be sharp as it cuts through the meat with ease. The meat is placed on a white plate, which is on a pink surface. The person's hands are visible as they hold the meat and knife, and they seem to be experienced in cutting as they handle the knife with ease. The background is blurred, but it appears to be a kitchen setting.",T2V_data/label/vidgen_filter_gemini_part_0_dpo_12/0NxniIPm16g-Scene-0049/entity_40.mp4,T2V_data/label/vidgen_filter_gemini_part_0_dpo_12/0NxniIPm16g-Scene-0049/entity_40.png
T2V_data/VIDGEN-1M_unzip/0XkPu6XqnVs-Scene-0019.mp4,"In the video, a man is standing in a river, holding a fish in his hands. He is wearing a red jacket and a hat. The man is holding a fishing rod in his other hand. He is carefully handling the fish, making sure to hold it securely. The river is flowing around him, and the water is clear. The man appears to be alone in the river, with no other people or objects in sight. The video is shot during the day, and the lighting is natural. The man's actions are deliberate and careful, indicating that he is experienced in fishing. The fish appears to be a trout, and it is medium-sized. The man's jacket is bright red, which contrasts with the natural colors of the river and the fish. The video does not contain any dialogue or sound other than the sound of the river.",T2V_data/label/vidgen_filter_gemini_part_0_dpo_12/0XkPu6XqnVs-Scene-0019/depth.mp4,T2V_data/label/vidgen_filter_gemini_part_0_dpo_12/0XkPu6XqnVs-Scene-0019/entity_20.png
T2V_data/VIDGEN-1M_unzip/0XkPu6XqnVs-Scene-0019.mp4,"In the video, a man is standing in a river, holding a fish in his hands. He is wearing a red jacket and a hat. The man is holding a fishing rod in his other hand. He is carefully handling the fish, making sure to hold it securely. The river is flowing around him, and the water is clear. The man appears to be alone in the river, with no other people or objects in sight. The video is shot during the day, and the lighting is natural. The man's actions are deliberate and careful, indicating that he is experienced in fishing. The fish appears to be a trout, and it is medium-sized. The man's jacket is bright red, which contrasts with the natural colors of the river and the fish. The video does not contain any dialogue or sound other than the sound of the river.",T2V_data/label/vidgen_filter_gemini_part_0_dpo_12/0XkPu6XqnVs-Scene-0019/entity_20.mp4,T2V_data/label/vidgen_filter_gemini_part_0_dpo_12/0XkPu6XqnVs-Scene-0019/entity_20.png
T2V_data/VIDGEN-1M_unzip/1N4EGHOVTio-Scene-0064.mp4,The video shows a woman riding a horse in an open field. The woman is wearing a pink shirt and a black helmet. The horse is brown and is wearing a white saddle. They are jumping over a wooden obstacle. The field is surrounded by a wooden fence and there are trees in the background. The sky is clear and blue.,T2V_data/label/vidgen_filter_gemini_part_0_dpo_12/1N4EGHOVTio-Scene-0064/depth.mp4,T2V_data/label/vidgen_filter_gemini_part_0_dpo_12/1N4EGHOVTio-Scene-0064/entity_20.png
T2V_data/VIDGEN-1M_unzip/1N4EGHOVTio-Scene-0064.mp4,The video shows a woman riding a horse in an open field. The woman is wearing a pink shirt and a black helmet. The horse is brown and is wearing a white saddle. They are jumping over a wooden obstacle. The field is surrounded by a wooden fence and there are trees in the background. The sky is clear and blue.,T2V_data/label/vidgen_filter_gemini_part_0_dpo_12/1N4EGHOVTio-Scene-0064/entity_20.mp4,T2V_data/label/vidgen_filter_gemini_part_0_dpo_12/1N4EGHOVTio-Scene-0064/entity_20.png
T2V_data/VIDGEN-1M_unzip/1PPf2Yzhjmw-Scene-0060.mp4,"In the video, a man is seen working underneath a car. He is using a wrench to loosen the bolts on the exhaust pipe. The man is wearing a blue shirt and is focused on his task. The car appears to be parked in a garage or a similar setting. The exhaust pipe is located near the rear of the car, and the man is using the wrench to turn the bolts counterclockwise. The video is shot from a low angle, giving a clear view of the man's actions and the exhaust pipe. The lighting is bright, and the colors in the video are vivid. The man's movements are deliberate and precise, indicating that he is experienced in this task.",T2V_data/label/vidgen_filter_gemini_part_0_dpo_12/1PPf2Yzhjmw-Scene-0060/depth.mp4,T2V_data/label/vidgen_filter_gemini_part_0_dpo_12/1PPf2Yzhjmw-Scene-0060/entity_40.png
T2V_data/VIDGEN-1M_unzip/1PPf2Yzhjmw-Scene-0060.mp4,"In the video, a man is seen working underneath a car. He is using a wrench to loosen the bolts on the exhaust pipe. The man is wearing a blue shirt and is focused on his task. The car appears to be parked in a garage or a similar setting. The exhaust pipe is located near the rear of the car, and the man is using the wrench to turn the bolts counterclockwise. The video is shot from a low angle, giving a clear view of the man's actions and the exhaust pipe. The lighting is bright, and the colors in the video are vivid. The man's movements are deliberate and precise, indicating that he is experienced in this task.",T2V_data/label/vidgen_filter_gemini_part_0_dpo_12/1PPf2Yzhjmw-Scene-0060/entity_40.mp4,T2V_data/label/vidgen_filter_gemini_part_0_dpo_12/1PPf2Yzhjmw-Scene-0060/entity_40.png
T2V_data/VIDGEN-1M_unzip/1e03cdIuCNM-Scene-0010.mp4,The video shows a person riding a bike on a dirt trail in a forest. The person is wearing a helmet and is riding a red bike. The trail is surrounded by trees and there is a small hill that the person rides up and down. The person is wearing a blue shirt and black shorts. The video is shot during the daytime and the sun is shining through the trees.,T2V_data/label/vidgen_filter_gemini_part_0_dpo_12/1e03cdIuCNM-Scene-0010/depth.mp4,T2V_data/label/vidgen_filter_gemini_part_0_dpo_12/1e03cdIuCNM-Scene-0010/entity_60.png
T2V_data/VIDGEN-1M_unzip/1e03cdIuCNM-Scene-0010.mp4,The video shows a person riding a bike on a dirt trail in a forest. The person is wearing a helmet and is riding a red bike. The trail is surrounded by trees and there is a small hill that the person rides up and down. The person is wearing a blue shirt and black shorts. The video is shot during the daytime and the sun is shining through the trees.,T2V_data/label/vidgen_filter_gemini_part_0_dpo_12/1e03cdIuCNM-Scene-0010/entity_60.mp4,T2V_data/label/vidgen_filter_gemini_part_0_dpo_12/1e03cdIuCNM-Scene-0010/entity_60.png
T2V_data/VIDGEN-1M_unzip/1nXPMEKNMsE-Scene-0082.mp4,"In the video, a man is seen working underneath a car. He is using a tool to remove a bolt from the car's undercarriage. The man is wearing a black shirt and a blue cap. The car is elevated on a lift, and there is a black oil pan visible underneath it. The man appears to be focused on his task, and the environment suggests that the video was taken in a garage or workshop setting.",T2V_data/label/vidgen_filter_gemini_part_0_dpo_12/1nXPMEKNMsE-Scene-0082/depth.mp4,T2V_data/label/vidgen_filter_gemini_part_0_dpo_12/1nXPMEKNMsE-Scene-0082/entity_20.png
T2V_data/VIDGEN-1M_unzip/1nXPMEKNMsE-Scene-0082.mp4,"In the video, a man is seen working underneath a car. He is using a tool to remove a bolt from the car's undercarriage. The man is wearing a black shirt and a blue cap. The car is elevated on a lift, and there is a black oil pan visible underneath it. The man appears to be focused on his task, and the environment suggests that the video was taken in a garage or workshop setting.",T2V_data/label/vidgen_filter_gemini_part_0_dpo_12/1nXPMEKNMsE-Scene-0082/entity_20.mp4,T2V_data/label/vidgen_filter_gemini_part_0_dpo_12/1nXPMEKNMsE-Scene-0082/entity_20.png
T2V_data/VIDGEN-1M_unzip/1o6--ZzeJfo-Scene-0113.mp4,"In the video, a person is seen cutting meat with a knife. The meat is wrapped in plastic and is being cut into slices. The person's hands are visible, and they are wearing gloves. The knife is silver and appears to be sharp as it cuts through the meat easily. The meat is pinkish in color and looks fresh. The background is not visible, and the focus is on the cutting action.",T2V_data/label/vidgen_filter_gemini_part_0_dpo_12/1o6--ZzeJfo-Scene-0113/depth.mp4,T2V_data/label/vidgen_filter_gemini_part_0_dpo_12/1o6--ZzeJfo-Scene-0113/entity_20.png
T2V_data/VIDGEN-1M_unzip/1o6--ZzeJfo-Scene-0113.mp4,"In the video, a person is seen cutting meat with a knife. The meat is wrapped in plastic and is being cut into slices. The person's hands are visible, and they are wearing gloves. The knife is silver and appears to be sharp as it cuts through the meat easily. The meat is pinkish in color and looks fresh. The background is not visible, and the focus is on the cutting action.",T2V_data/label/vidgen_filter_gemini_part_0_dpo_12/1o6--ZzeJfo-Scene-0113/entity_20.mp4,T2V_data/label/vidgen_filter_gemini_part_0_dpo_12/1o6--ZzeJfo-Scene-0113/entity_20.png
T2V_data/VIDGEN-1M_unzip/1qCjBxfzdDY-Scene-0063.mp4,The video shows a rodeo event where a man is riding a bull. The man is wearing a helmet and a vest. The bull is brown and is bucking wildly. The man is thrown off the bull and lands on the ground. The bull continues to buck around the arena. There are people in the background watching the event.,T2V_data/label/vidgen_filter_gemini_part_0_dpo_12/1qCjBxfzdDY-Scene-0063/depth.mp4,T2V_data/label/vidgen_filter_gemini_part_0_dpo_12/1qCjBxfzdDY-Scene-0063/entity_20.png
T2V_data/VIDGEN-1M_unzip/1qCjBxfzdDY-Scene-0063.mp4,The video shows a rodeo event where a man is riding a bull. The man is wearing a helmet and a vest. The bull is brown and is bucking wildly. The man is thrown off the bull and lands on the ground. The bull continues to buck around the arena. There are people in the background watching the event.,T2V_data/label/vidgen_filter_gemini_part_0_dpo_12/1qCjBxfzdDY-Scene-0063/entity_20.mp4,T2V_data/label/vidgen_filter_gemini_part_0_dpo_12/1qCjBxfzdDY-Scene-0063/entity_20.png
T2V_data/VIDGEN-1M_unzip/1vm0PgDwJb8-Scene-0039.mp4,"The video shows a person's hands kneading and stretching a blue slime on a yellow surface. The slime appears to be thick and stretchy, and the person's hands are covered in the slime. The person's fingernails are painted pink, and they are wearing a pink long-sleeved shirt. The video is shot from a top-down perspective, focusing on the slime and the person's hands.",T2V_data/label/vidgen_filter_gemini_part_0_dpo_12/1vm0PgDwJb8-Scene-0039/depth.mp4,T2V_data/label/vidgen_filter_gemini_part_0_dpo_12/1vm0PgDwJb8-Scene-0039/entity_20.png
T2V_data/VIDGEN-1M_unzip/1vm0PgDwJb8-Scene-0039.mp4,"The video shows a person's hands kneading and stretching a blue slime on a yellow surface. The slime appears to be thick and stretchy, and the person's hands are covered in the slime. The person's fingernails are painted pink, and they are wearing a pink long-sleeved shirt. The video is shot from a top-down perspective, focusing on the slime and the person's hands.",T2V_data/label/vidgen_filter_gemini_part_0_dpo_12/1vm0PgDwJb8-Scene-0039/entity_20.mp4,T2V_data/label/vidgen_filter_gemini_part_0_dpo_12/1vm0PgDwJb8-Scene-0039/entity_20.png
T2V_data/VIDGEN-1M_unzip/2BcKrTrpfsI-Scene-0057.mp4,"The video shows a man wearing a white hat and a black shirt playing golf. He is standing on a green field and is holding a golf club in his hand. He swings the club and hits a golf ball, then stops and looks at the camera. The man is wearing white shoes and grey pants. There are trees and a building in the background.",T2V_data/label/vidgen_filter_gemini_part_0_dpo_12/2BcKrTrpfsI-Scene-0057/depth.mp4,T2V_data/label/vidgen_filter_gemini_part_0_dpo_12/2BcKrTrpfsI-Scene-0057/entity_20.png
T2V_data/VIDGEN-1M_unzip/2BcKrTrpfsI-Scene-0057.mp4,"The video shows a man wearing a white hat and a black shirt playing golf. He is standing on a green field and is holding a golf club in his hand. He swings the club and hits a golf ball, then stops and looks at the camera. The man is wearing white shoes and grey pants. There are trees and a building in the background.",T2V_data/label/vidgen_filter_gemini_part_0_dpo_12/2BcKrTrpfsI-Scene-0057/entity_20.mp4,T2V_data/label/vidgen_filter_gemini_part_0_dpo_12/2BcKrTrpfsI-Scene-0057/entity_20.png
T2V_data/VIDGEN-1M_unzip/2BxsFBMV9Ks-Scene-0128.mp4,"The video shows a person wearing white gloves holding a red, sugary candy stick with marshmallows attached to it. The marshmallows are in various colors, including pink, yellow, and white. The person is pulling the candy stick apart, stretching the marshmallows and causing them to pop. The background is a solid purple color.",T2V_data/label/vidgen_filter_gemini_part_0_dpo_12/2BxsFBMV9Ks-Scene-0128/depth.mp4,T2V_data/label/vidgen_filter_gemini_part_0_dpo_12/2BxsFBMV9Ks-Scene-0128/entity_40.png
T2V_data/VIDGEN-1M_unzip/2BxsFBMV9Ks-Scene-0128.mp4,"The video shows a person wearing white gloves holding a red, sugary candy stick with marshmallows attached to it. The marshmallows are in various colors, including pink, yellow, and white. The person is pulling the candy stick apart, stretching the marshmallows and causing them to pop. The background is a solid purple color.",T2V_data/label/vidgen_filter_gemini_part_0_dpo_12/2BxsFBMV9Ks-Scene-0128/entity_40.mp4,T2V_data/label/vidgen_filter_gemini_part_0_dpo_12/2BxsFBMV9Ks-Scene-0128/entity_40.png
T2V_data/VIDGEN-1M_unzip/2BxsFBMV9Ks-Scene-0128.mp4,"The video shows a person wearing white gloves holding a red, sugary candy stick with marshmallows attached to it. The marshmallows are in various colors, including pink, yellow, and white. The person is pulling the candy stick apart, stretching the marshmallows and causing them to pop. The background is a solid purple color.",T2V_data/label/vidgen_filter_gemini_part_0_dpo_12/2BxsFBMV9Ks-Scene-0128/depth.mp4,T2V_data/label/vidgen_filter_gemini_part_0_dpo_12/2BxsFBMV9Ks-Scene-0128/entity_60.png
T2V_data/VIDGEN-1M_unzip/2BxsFBMV9Ks-Scene-0128.mp4,"The video shows a person wearing white gloves holding a red, sugary candy stick with marshmallows attached to it. The marshmallows are in various colors, including pink, yellow, and white. The person is pulling the candy stick apart, stretching the marshmallows and causing them to pop. The background is a solid purple color.",T2V_data/label/vidgen_filter_gemini_part_0_dpo_12/2BxsFBMV9Ks-Scene-0128/entity_60.mp4,T2V_data/label/vidgen_filter_gemini_part_0_dpo_12/2BxsFBMV9Ks-Scene-0128/entity_60.png
T2V_data/VIDGEN-1M_unzip/2DTdPd1QEMM-Scene-0025.mp4,"The video shows a waterfall cascading down a rocky cliff into a calm pool of water below. The waterfall is surrounded by lush greenery and moss-covered rocks. The water is clear and appears to be flowing smoothly over the rocks. The sunlight filters through the trees, creating a dappled effect on the water's surface. The sound of the waterfall can be heard in the background, adding to the tranquil atmosphere of the scene.",T2V_data/label/vidgen_filter_gemini_part_0_dpo_12/2DTdPd1QEMM-Scene-0025/depth.mp4,T2V_data/label/vidgen_filter_gemini_part_0_dpo_12/2DTdPd1QEMM-Scene-0025/entity_20.png
T2V_data/VIDGEN-1M_unzip/2DTdPd1QEMM-Scene-0025.mp4,"The video shows a waterfall cascading down a rocky cliff into a calm pool of water below. The waterfall is surrounded by lush greenery and moss-covered rocks. The water is clear and appears to be flowing smoothly over the rocks. The sunlight filters through the trees, creating a dappled effect on the water's surface. The sound of the waterfall can be heard in the background, adding to the tranquil atmosphere of the scene.",T2V_data/label/vidgen_filter_gemini_part_0_dpo_12/2DTdPd1QEMM-Scene-0025/entity_20.mp4,T2V_data/label/vidgen_filter_gemini_part_0_dpo_12/2DTdPd1QEMM-Scene-0025/entity_20.png
T2V_data/VIDGEN-1M_unzip/2Hjejzk7kIQ-Scene-0055.mp4,"In the video, a person is stirring a dark brown mixture in a black pan using a wooden spoon. The mixture appears to be thick and sticky. The person is continuously stirring the mixture, ensuring that it doesn't stick to the pan. The pan is placed on a stove, and the background is not visible. The person's hand is visible, but their face and body are not shown in the video. The lighting is bright, and the video is shot in high-definition quality.",T2V_data/label/vidgen_filter_gemini_part_0_dpo_12/2Hjejzk7kIQ-Scene-0055/depth.mp4,T2V_data/label/vidgen_filter_gemini_part_0_dpo_12/2Hjejzk7kIQ-Scene-0055/entity_60.png
T2V_data/VIDGEN-1M_unzip/2Hjejzk7kIQ-Scene-0055.mp4,"In the video, a person is stirring a dark brown mixture in a black pan using a wooden spoon. The mixture appears to be thick and sticky. The person is continuously stirring the mixture, ensuring that it doesn't stick to the pan. The pan is placed on a stove, and the background is not visible. The person's hand is visible, but their face and body are not shown in the video. The lighting is bright, and the video is shot in high-definition quality.",T2V_data/label/vidgen_filter_gemini_part_0_dpo_12/2Hjejzk7kIQ-Scene-0055/entity_60.mp4,T2V_data/label/vidgen_filter_gemini_part_0_dpo_12/2Hjejzk7kIQ-Scene-0055/entity_60.png
T2V_data/VIDGEN-1M_unzip/2NYtPWhdhhQ-Scene-0069.mp4,"In the video, a man with white hair is seen using a drill to make a hole in a white object. He is wearing a black shirt and glasses. The background is a cluttered workshop with various tools and equipment visible. The man is focused on his task and appears to be skilled in his work. The white object he is working on is not clear what it is, but it seems to be made of a hard material. The drill he is using is yellow and black, and he is wearing a watch on his left wrist. The video does not have any visible title or subtitle.",T2V_data/label/vidgen_filter_gemini_part_0_dpo_12/2NYtPWhdhhQ-Scene-0069/depth.mp4,T2V_data/label/vidgen_filter_gemini_part_0_dpo_12/2NYtPWhdhhQ-Scene-0069/entity_80.png
T2V_data/VIDGEN-1M_unzip/2NYtPWhdhhQ-Scene-0069.mp4,"In the video, a man with white hair is seen using a drill to make a hole in a white object. He is wearing a black shirt and glasses. The background is a cluttered workshop with various tools and equipment visible. The man is focused on his task and appears to be skilled in his work. The white object he is working on is not clear what it is, but it seems to be made of a hard material. The drill he is using is yellow and black, and he is wearing a watch on his left wrist. The video does not have any visible title or subtitle.",T2V_data/label/vidgen_filter_gemini_part_0_dpo_12/2NYtPWhdhhQ-Scene-0069/entity_80.mp4,T2V_data/label/vidgen_filter_gemini_part_0_dpo_12/2NYtPWhdhhQ-Scene-0069/entity_80.png
T2V_data/VIDGEN-1M_unzip/2PStMpcwyWc-Scene-0067.mp4,"The video shows a person wearing a red jacket and black pants snowboarding down a snowy hill. The person is seen going down the hill, then jumping into the air and doing a flip. After landing, the person continues to snowboard down the hill. The person is wearing a black helmet and yellow gloves. The background shows a snowy landscape with other people snowboarding and skiing in the distance.",T2V_data/label/vidgen_filter_gemini_part_0_dpo_12/2PStMpcwyWc-Scene-0067/depth.mp4,T2V_data/label/vidgen_filter_gemini_part_0_dpo_12/2PStMpcwyWc-Scene-0067/entity_20.png
T2V_data/VIDGEN-1M_unzip/2PStMpcwyWc-Scene-0067.mp4,"The video shows a person wearing a red jacket and black pants snowboarding down a snowy hill. The person is seen going down the hill, then jumping into the air and doing a flip. After landing, the person continues to snowboard down the hill. The person is wearing a black helmet and yellow gloves. The background shows a snowy landscape with other people snowboarding and skiing in the distance.",T2V_data/label/vidgen_filter_gemini_part_0_dpo_12/2PStMpcwyWc-Scene-0067/entity_20.mp4,T2V_data/label/vidgen_filter_gemini_part_0_dpo_12/2PStMpcwyWc-Scene-0067/entity_20.png
T2V_data/VIDGEN-1M_unzip/3GZKyEuEz8A-Scene-0048.mp4,"The video shows a small plane flying in the air at night. The plane is mostly white with some orange and black markings. It has two wings and a tail. The plane is flying over a runway, and there are lights on in the background. The lights are white and red, and there are several of them. The plane is flying at a low altitude, and it appears to be landing or taking off.",T2V_data/label/vidgen_filter_gemini_part_0_dpo_12/3GZKyEuEz8A-Scene-0048/depth.mp4,T2V_data/label/vidgen_filter_gemini_part_0_dpo_12/3GZKyEuEz8A-Scene-0048/entity_20.png
T2V_data/VIDGEN-1M_unzip/3GZKyEuEz8A-Scene-0048.mp4,"The video shows a small plane flying in the air at night. The plane is mostly white with some orange and black markings. It has two wings and a tail. The plane is flying over a runway, and there are lights on in the background. The lights are white and red, and there are several of them. The plane is flying at a low altitude, and it appears to be landing or taking off.",T2V_data/label/vidgen_filter_gemini_part_0_dpo_12/3GZKyEuEz8A-Scene-0048/entity_20.mp4,T2V_data/label/vidgen_filter_gemini_part_0_dpo_12/3GZKyEuEz8A-Scene-0048/entity_20.png
T2V_data/VIDGEN-1M_unzip/3VCrlY-9CPQ-Scene-0120.mp4,The video shows a man and a baby in a pool. The man is holding the baby in a small inflatable boat. The baby is wearing a white shirt and black shorts. The man is wearing red swim trunks. The water is calm and there are no other people visible in the video. The man is holding the baby's hands and moving the boat around in the water. The baby seems to be enjoying the ride and is looking around at the surroundings. The sky is clear and the sun is shining brightly.,T2V_data/label/vidgen_filter_gemini_part_0_dpo_12/3VCrlY-9CPQ-Scene-0120/depth.mp4,T2V_data/label/vidgen_filter_gemini_part_0_dpo_12/3VCrlY-9CPQ-Scene-0120/entity_40.png
T2V_data/VIDGEN-1M_unzip/3VCrlY-9CPQ-Scene-0120.mp4,The video shows a man and a baby in a pool. The man is holding the baby in a small inflatable boat. The baby is wearing a white shirt and black shorts. The man is wearing red swim trunks. The water is calm and there are no other people visible in the video. The man is holding the baby's hands and moving the boat around in the water. The baby seems to be enjoying the ride and is looking around at the surroundings. The sky is clear and the sun is shining brightly.,T2V_data/label/vidgen_filter_gemini_part_0_dpo_12/3VCrlY-9CPQ-Scene-0120/entity_40.mp4,T2V_data/label/vidgen_filter_gemini_part_0_dpo_12/3VCrlY-9CPQ-Scene-0120/entity_40.png
T2V_data/VIDGEN-1M_unzip/3htXHDJSja8-Scene-0027.mp4,The video shows a group of soccer players on a field. They are wearing blue uniforms and are practicing their kicks. The players are seen kicking a soccer ball back and forth to each other. The field is green and the sky is clear.,T2V_data/label/vidgen_filter_gemini_part_0_dpo_12/3htXHDJSja8-Scene-0027/depth.mp4,T2V_data/label/vidgen_filter_gemini_part_0_dpo_12/3htXHDJSja8-Scene-0027/entity_20.png
T2V_data/VIDGEN-1M_unzip/3htXHDJSja8-Scene-0027.mp4,The video shows a group of soccer players on a field. They are wearing blue uniforms and are practicing their kicks. The players are seen kicking a soccer ball back and forth to each other. The field is green and the sky is clear.,T2V_data/label/vidgen_filter_gemini_part_0_dpo_12/3htXHDJSja8-Scene-0027/entity_20.mp4,T2V_data/label/vidgen_filter_gemini_part_0_dpo_12/3htXHDJSja8-Scene-0027/entity_20.png
T2V_data/VIDGEN-1M_unzip/3mcoSmhiehs-Scene-0046.mp4,"The video shows a baseball player in a white uniform with the number 12 on his back, swinging a bat at a ball. The player is wearing a black helmet and has a black belt. The catcher, wearing a green uniform, is crouched behind him, and the umpire is standing behind the catcher. The background shows a blue wall with the words ""LOTTO 47"" and a yellow logo. The player's swing is captured in a series of still images, showing the motion of the bat and the player's stance.",T2V_data/label/vidgen_filter_gemini_part_0_dpo_12/3mcoSmhiehs-Scene-0046/depth.mp4,T2V_data/label/vidgen_filter_gemini_part_0_dpo_12/3mcoSmhiehs-Scene-0046/entity_60.png
T2V_data/VIDGEN-1M_unzip/3mcoSmhiehs-Scene-0046.mp4,"The video shows a baseball player in a white uniform with the number 12 on his back, swinging a bat at a ball. The player is wearing a black helmet and has a black belt. The catcher, wearing a green uniform, is crouched behind him, and the umpire is standing behind the catcher. The background shows a blue wall with the words ""LOTTO 47"" and a yellow logo. The player's swing is captured in a series of still images, showing the motion of the bat and the player's stance.",T2V_data/label/vidgen_filter_gemini_part_0_dpo_12/3mcoSmhiehs-Scene-0046/entity_60.mp4,T2V_data/label/vidgen_filter_gemini_part_0_dpo_12/3mcoSmhiehs-Scene-0046/entity_60.png
T2V_data/VIDGEN-1M_unzip/3oAiceJtXeA-Scene-0006.mp4,"In the video, a person is seen holding a loom with rubber bands on it. The loom is made of plastic and has pegs where the rubber bands are attached. The person is using their hands to weave the rubber bands together, creating a pattern. The loom is placed on a green surface, and there are several rubber bands scattered around it. The person's hands move quickly as they weave the bands together, and the loom gradually takes shape. The video is shot from a top-down perspective, allowing the viewer to see the entire process of the loom being made.",T2V_data/label/vidgen_filter_gemini_part_0_dpo_12/3oAiceJtXeA-Scene-0006/depth.mp4,T2V_data/label/vidgen_filter_gemini_part_0_dpo_12/3oAiceJtXeA-Scene-0006/entity_40.png
T2V_data/VIDGEN-1M_unzip/3oAiceJtXeA-Scene-0006.mp4,"In the video, a person is seen holding a loom with rubber bands on it. The loom is made of plastic and has pegs where the rubber bands are attached. The person is using their hands to weave the rubber bands together, creating a pattern. The loom is placed on a green surface, and there are several rubber bands scattered around it. The person's hands move quickly as they weave the bands together, and the loom gradually takes shape. The video is shot from a top-down perspective, allowing the viewer to see the entire process of the loom being made.",T2V_data/label/vidgen_filter_gemini_part_0_dpo_12/3oAiceJtXeA-Scene-0006/entity_40.mp4,T2V_data/label/vidgen_filter_gemini_part_0_dpo_12/3oAiceJtXeA-Scene-0006/entity_40.png
T2V_data/VIDGEN-1M_unzip/4-iipW3rI9w-Scene-0006.mp4,The video shows a close-up of a person's hand holding a screwdriver and using it to unscrew the screws on the handle of a folding knife. The knife has a black handle with a silver blade and a logo on it. The background is a dark surface with some debris.,T2V_data/label/vidgen_filter_gemini_part_0_dpo_12/4-iipW3rI9w-Scene-0006/depth.mp4,T2V_data/label/vidgen_filter_gemini_part_0_dpo_12/4-iipW3rI9w-Scene-0006/entity_20.png
T2V_data/VIDGEN-1M_unzip/4-iipW3rI9w-Scene-0006.mp4,The video shows a close-up of a person's hand holding a screwdriver and using it to unscrew the screws on the handle of a folding knife. The knife has a black handle with a silver blade and a logo on it. The background is a dark surface with some debris.,T2V_data/label/vidgen_filter_gemini_part_0_dpo_12/4-iipW3rI9w-Scene-0006/entity_20.mp4,T2V_data/label/vidgen_filter_gemini_part_0_dpo_12/4-iipW3rI9w-Scene-0006/entity_20.png
T2V_data/VIDGEN-1M_unzip/40IZCROU-ro-Scene-0019.mp4,"In the video, a man is seen standing in a backyard next to a punching bag. He is wearing a white t-shirt and black pants. The man is talking to the camera and then proceeds to demonstrate a kicking technique. He kicks the punching bag with his right foot, and then with his left foot. The man's movements are fluid and precise, and he appears to be experienced in martial arts. The backyard is surrounded by a wooden fence, and there are trees and rocks visible in the background. The video is shot during the daytime, and the lighting is natural.",T2V_data/label/vidgen_filter_gemini_part_0_dpo_12/40IZCROU-ro-Scene-0019/depth.mp4,T2V_data/label/vidgen_filter_gemini_part_0_dpo_12/40IZCROU-ro-Scene-0019/entity_20.png
T2V_data/VIDGEN-1M_unzip/40IZCROU-ro-Scene-0019.mp4,"In the video, a man is seen standing in a backyard next to a punching bag. He is wearing a white t-shirt and black pants. The man is talking to the camera and then proceeds to demonstrate a kicking technique. He kicks the punching bag with his right foot, and then with his left foot. The man's movements are fluid and precise, and he appears to be experienced in martial arts. The backyard is surrounded by a wooden fence, and there are trees and rocks visible in the background. The video is shot during the daytime, and the lighting is natural.",T2V_data/label/vidgen_filter_gemini_part_0_dpo_12/40IZCROU-ro-Scene-0019/entity_20.mp4,T2V_data/label/vidgen_filter_gemini_part_0_dpo_12/40IZCROU-ro-Scene-0019/entity_20.png
T2V_data/VIDGEN-1M_unzip/40IZCROU-ro-Scene-0019.mp4,"In the video, a man is seen standing in a backyard next to a punching bag. He is wearing a white t-shirt and black pants. The man is talking to the camera and then proceeds to demonstrate a kicking technique. He kicks the punching bag with his right foot, and then with his left foot. The man's movements are fluid and precise, and he appears to be experienced in martial arts. The backyard is surrounded by a wooden fence, and there are trees and rocks visible in the background. The video is shot during the daytime, and the lighting is natural.",T2V_data/label/vidgen_filter_gemini_part_0_dpo_12/40IZCROU-ro-Scene-0019/depth.mp4,T2V_data/label/vidgen_filter_gemini_part_0_dpo_12/40IZCROU-ro-Scene-0019/entity_40.png
T2V_data/VIDGEN-1M_unzip/40IZCROU-ro-Scene-0019.mp4,"In the video, a man is seen standing in a backyard next to a punching bag. He is wearing a white t-shirt and black pants. The man is talking to the camera and then proceeds to demonstrate a kicking technique. He kicks the punching bag with his right foot, and then with his left foot. The man's movements are fluid and precise, and he appears to be experienced in martial arts. The backyard is surrounded by a wooden fence, and there are trees and rocks visible in the background. The video is shot during the daytime, and the lighting is natural.",T2V_data/label/vidgen_filter_gemini_part_0_dpo_12/40IZCROU-ro-Scene-0019/entity_40.mp4,T2V_data/label/vidgen_filter_gemini_part_0_dpo_12/40IZCROU-ro-Scene-0019/entity_40.png
T2V_data/VIDGEN-1M_unzip/4pMnrQSytQE-Scene-0015.mp4,"In the video, a woman wearing a red hoodie and a man wearing a yellow jacket are seen standing next to a car that is partially submerged in water. The woman is holding the car door open while the man is standing behind her. The water level is up to the woman's waist, and the car appears to be stuck in the flood. The woman looks worried and is gesturing with her hands, possibly indicating that she needs help. The man seems to be assessing the situation and possibly trying to figure out how to get the car out of the water. The surroundings are not clearly visible due to the water, but it appears to be a flooded area with no immediate signs of rescue or help.",T2V_data/label/vidgen_filter_gemini_part_0_dpo_12/4pMnrQSytQE-Scene-0015/depth.mp4,T2V_data/label/vidgen_filter_gemini_part_0_dpo_12/4pMnrQSytQE-Scene-0015/entity_20.png
T2V_data/VIDGEN-1M_unzip/4pMnrQSytQE-Scene-0015.mp4,"In the video, a woman wearing a red hoodie and a man wearing a yellow jacket are seen standing next to a car that is partially submerged in water. The woman is holding the car door open while the man is standing behind her. The water level is up to the woman's waist, and the car appears to be stuck in the flood. The woman looks worried and is gesturing with her hands, possibly indicating that she needs help. The man seems to be assessing the situation and possibly trying to figure out how to get the car out of the water. The surroundings are not clearly visible due to the water, but it appears to be a flooded area with no immediate signs of rescue or help.",T2V_data/label/vidgen_filter_gemini_part_0_dpo_12/4pMnrQSytQE-Scene-0015/entity_20.mp4,T2V_data/label/vidgen_filter_gemini_part_0_dpo_12/4pMnrQSytQE-Scene-0015/entity_20.png
T2V_data/VIDGEN-1M_unzip/50kbRk7ITbg-Scene-0020.mp4,The video shows a group of men playing volleyball in a muddy field. They are all shirtless and wearing shorts. The men are running and jumping in the mud while trying to hit the ball over the net. The field is surrounded by trees and there is a hill in the background. The sky is cloudy.,T2V_data/label/vidgen_filter_gemini_part_0_dpo_12/50kbRk7ITbg-Scene-0020/depth.mp4,T2V_data/label/vidgen_filter_gemini_part_0_dpo_12/50kbRk7ITbg-Scene-0020/entity_20.png
T2V_data/VIDGEN-1M_unzip/50kbRk7ITbg-Scene-0020.mp4,The video shows a group of men playing volleyball in a muddy field. They are all shirtless and wearing shorts. The men are running and jumping in the mud while trying to hit the ball over the net. The field is surrounded by trees and there is a hill in the background. The sky is cloudy.,T2V_data/label/vidgen_filter_gemini_part_0_dpo_12/50kbRk7ITbg-Scene-0020/entity_20.mp4,T2V_data/label/vidgen_filter_gemini_part_0_dpo_12/50kbRk7ITbg-Scene-0020/entity_20.png
T2V_data/VIDGEN-1M_unzip/5DC9g1VS5Yw-Scene-0009.mp4,The video shows a man wearing a helmet and a green jersey with the number 26 on it. He is holding a cricket bat and standing in front of a set of wickets. The man is swinging the bat and hitting a ball that is being bowled to him. The background is a netted area with a green fence.,T2V_data/label/vidgen_filter_gemini_part_0_dpo_12/5DC9g1VS5Yw-Scene-0009/depth.mp4,T2V_data/label/vidgen_filter_gemini_part_0_dpo_12/5DC9g1VS5Yw-Scene-0009/entity_20.png
T2V_data/VIDGEN-1M_unzip/5DC9g1VS5Yw-Scene-0009.mp4,The video shows a man wearing a helmet and a green jersey with the number 26 on it. He is holding a cricket bat and standing in front of a set of wickets. The man is swinging the bat and hitting a ball that is being bowled to him. The background is a netted area with a green fence.,T2V_data/label/vidgen_filter_gemini_part_0_dpo_12/5DC9g1VS5Yw-Scene-0009/entity_20.mp4,T2V_data/label/vidgen_filter_gemini_part_0_dpo_12/5DC9g1VS5Yw-Scene-0009/entity_20.png
T2V_data/VIDGEN-1M_unzip/5OESwhx-_ls-Scene-0004.mp4,"The video shows a group of hockey players on an ice rink. They are wearing white jerseys with green accents and black helmets. The players are holding hockey sticks and appear to be practicing their moves. The ice rink has white barriers and there are spectators sitting in the background. The video is shot from the side of the rink, capturing the players as they skate and maneuver around the ice.",T2V_data/label/vidgen_filter_gemini_part_0_dpo_12/5OESwhx-_ls-Scene-0004/depth.mp4,T2V_data/label/vidgen_filter_gemini_part_0_dpo_12/5OESwhx-_ls-Scene-0004/entity_20.png
T2V_data/VIDGEN-1M_unzip/5OESwhx-_ls-Scene-0004.mp4,"The video shows a group of hockey players on an ice rink. They are wearing white jerseys with green accents and black helmets. The players are holding hockey sticks and appear to be practicing their moves. The ice rink has white barriers and there are spectators sitting in the background. The video is shot from the side of the rink, capturing the players as they skate and maneuver around the ice.",T2V_data/label/vidgen_filter_gemini_part_0_dpo_12/5OESwhx-_ls-Scene-0004/entity_20.mp4,T2V_data/label/vidgen_filter_gemini_part_0_dpo_12/5OESwhx-_ls-Scene-0004/entity_20.png
T2V_data/VIDGEN-1M_unzip/5OESwhx-_ls-Scene-0004.mp4,"The video shows a group of hockey players on an ice rink. They are wearing white jerseys with green accents and black helmets. The players are holding hockey sticks and appear to be practicing their moves. The ice rink has white barriers and there are spectators sitting in the background. The video is shot from the side of the rink, capturing the players as they skate and maneuver around the ice.",T2V_data/label/vidgen_filter_gemini_part_0_dpo_12/5OESwhx-_ls-Scene-0004/depth.mp4,T2V_data/label/vidgen_filter_gemini_part_0_dpo_12/5OESwhx-_ls-Scene-0004/entity_40.png
T2V_data/VIDGEN-1M_unzip/5OESwhx-_ls-Scene-0004.mp4,"The video shows a group of hockey players on an ice rink. They are wearing white jerseys with green accents and black helmets. The players are holding hockey sticks and appear to be practicing their moves. The ice rink has white barriers and there are spectators sitting in the background. The video is shot from the side of the rink, capturing the players as they skate and maneuver around the ice.",T2V_data/label/vidgen_filter_gemini_part_0_dpo_12/5OESwhx-_ls-Scene-0004/entity_40.mp4,T2V_data/label/vidgen_filter_gemini_part_0_dpo_12/5OESwhx-_ls-Scene-0004/entity_40.png
T2V_data/VIDGEN-1M_unzip/5l-Sgh1N2kM-Scene-0139.mp4,"In the video, a person is seen holding a rock in their hand. The rock is brown in color and appears to be of medium size. The person is using a tool to chip away at the edges of the rock. The tool is also brown and seems to be made of wood. The background of the video shows a grassy area with some dirt visible. The person is focused on the task at hand and is taking their time to carefully chip away at the rock.",T2V_data/label/vidgen_filter_gemini_part_0_dpo_12/5l-Sgh1N2kM-Scene-0139/depth.mp4,T2V_data/label/vidgen_filter_gemini_part_0_dpo_12/5l-Sgh1N2kM-Scene-0139/entity_20.png
T2V_data/VIDGEN-1M_unzip/5l-Sgh1N2kM-Scene-0139.mp4,"In the video, a person is seen holding a rock in their hand. The rock is brown in color and appears to be of medium size. The person is using a tool to chip away at the edges of the rock. The tool is also brown and seems to be made of wood. The background of the video shows a grassy area with some dirt visible. The person is focused on the task at hand and is taking their time to carefully chip away at the rock.",T2V_data/label/vidgen_filter_gemini_part_0_dpo_12/5l-Sgh1N2kM-Scene-0139/entity_20.mp4,T2V_data/label/vidgen_filter_gemini_part_0_dpo_12/5l-Sgh1N2kM-Scene-0139/entity_20.png
T2V_data/VIDGEN-1M_unzip/5oo1PnYsDIA-Scene-0010.mp4,"The video shows a man in a white shirt and white shorts playing tennis. He is holding a blue tennis racket and is seen hitting a tennis ball. The man is standing on a tennis court with a green fence in the background. The video is shot in slow motion, emphasizing the man's movements and the trajectory of the ball.",T2V_data/label/vidgen_filter_gemini_part_0_dpo_12/5oo1PnYsDIA-Scene-0010/depth.mp4,T2V_data/label/vidgen_filter_gemini_part_0_dpo_12/5oo1PnYsDIA-Scene-0010/entity_20.png
T2V_data/VIDGEN-1M_unzip/5oo1PnYsDIA-Scene-0010.mp4,"The video shows a man in a white shirt and white shorts playing tennis. He is holding a blue tennis racket and is seen hitting a tennis ball. The man is standing on a tennis court with a green fence in the background. The video is shot in slow motion, emphasizing the man's movements and the trajectory of the ball.",T2V_data/label/vidgen_filter_gemini_part_0_dpo_12/5oo1PnYsDIA-Scene-0010/entity_20.mp4,T2V_data/label/vidgen_filter_gemini_part_0_dpo_12/5oo1PnYsDIA-Scene-0010/entity_20.png
T2V_data/VIDGEN-1M_unzip/5oo1PnYsDIA-Scene-0010.mp4,"The video shows a man in a white shirt and white shorts playing tennis. He is holding a blue tennis racket and is seen hitting a tennis ball. The man is standing on a tennis court with a green fence in the background. The video is shot in slow motion, emphasizing the man's movements and the trajectory of the ball.",T2V_data/label/vidgen_filter_gemini_part_0_dpo_12/5oo1PnYsDIA-Scene-0010/depth.mp4,T2V_data/label/vidgen_filter_gemini_part_0_dpo_12/5oo1PnYsDIA-Scene-0010/entity_40.png
T2V_data/VIDGEN-1M_unzip/5oo1PnYsDIA-Scene-0010.mp4,"The video shows a man in a white shirt and white shorts playing tennis. He is holding a blue tennis racket and is seen hitting a tennis ball. The man is standing on a tennis court with a green fence in the background. The video is shot in slow motion, emphasizing the man's movements and the trajectory of the ball.",T2V_data/label/vidgen_filter_gemini_part_0_dpo_12/5oo1PnYsDIA-Scene-0010/entity_40.mp4,T2V_data/label/vidgen_filter_gemini_part_0_dpo_12/5oo1PnYsDIA-Scene-0010/entity_40.png
T2V_data/VIDGEN-1M_unzip/5q3CFlyJq8U-Scene-0047.mp4,"The video shows a blue truck with white and red logos on it driving through a desert. The truck is kicking up sand as it drives, and there are no other vehicles or people visible in the video. The truck appears to be a large, heavy-duty vehicle, possibly used for transportation or construction in the desert. The desert itself is vast and barren, with no vegetation or structures in sight. The sky is clear, suggesting a hot and dry climate. The truck is moving at a steady pace, and there are no visible signs of distress or damage to the vehicle.",T2V_data/label/vidgen_filter_gemini_part_0_dpo_12/5q3CFlyJq8U-Scene-0047/depth.mp4,T2V_data/label/vidgen_filter_gemini_part_0_dpo_12/5q3CFlyJq8U-Scene-0047/entity_20.png
T2V_data/VIDGEN-1M_unzip/5q3CFlyJq8U-Scene-0047.mp4,"The video shows a blue truck with white and red logos on it driving through a desert. The truck is kicking up sand as it drives, and there are no other vehicles or people visible in the video. The truck appears to be a large, heavy-duty vehicle, possibly used for transportation or construction in the desert. The desert itself is vast and barren, with no vegetation or structures in sight. The sky is clear, suggesting a hot and dry climate. The truck is moving at a steady pace, and there are no visible signs of distress or damage to the vehicle.",T2V_data/label/vidgen_filter_gemini_part_0_dpo_12/5q3CFlyJq8U-Scene-0047/entity_20.mp4,T2V_data/label/vidgen_filter_gemini_part_0_dpo_12/5q3CFlyJq8U-Scene-0047/entity_20.png
T2V_data/VIDGEN-1M_unzip/5sYXLm3jttA-Scene-0062.mp4,"The video shows a football game in progress. The players are wearing red and white uniforms, and one player is holding the ball and running towards the end zone. The other players are trying to tackle him. The field is green with white markings, and the players are wearing helmets and padding. The video is shot from a distance, and the players are moving quickly.",T2V_data/label/vidgen_filter_gemini_part_0_dpo_12/5sYXLm3jttA-Scene-0062/depth.mp4,T2V_data/label/vidgen_filter_gemini_part_0_dpo_12/5sYXLm3jttA-Scene-0062/entity_20.png
T2V_data/VIDGEN-1M_unzip/5sYXLm3jttA-Scene-0062.mp4,"The video shows a football game in progress. The players are wearing red and white uniforms, and one player is holding the ball and running towards the end zone. The other players are trying to tackle him. The field is green with white markings, and the players are wearing helmets and padding. The video is shot from a distance, and the players are moving quickly.",T2V_data/label/vidgen_filter_gemini_part_0_dpo_12/5sYXLm3jttA-Scene-0062/entity_20.mp4,T2V_data/label/vidgen_filter_gemini_part_0_dpo_12/5sYXLm3jttA-Scene-0062/entity_20.png
T2V_data/VIDGEN-1M_unzip/5vZ0BLxxOnA-Scene-0003.mp4,"The video shows a person working on a car engine. The person is using a wrench to tighten a bolt on the engine. The engine is black and has the word ""BMW"" written on it. The person is wearing a gray shirt and is standing in front of the car. The engine is located under the hood of the car.",T2V_data/label/vidgen_filter_gemini_part_0_dpo_12/5vZ0BLxxOnA-Scene-0003/depth.mp4,T2V_data/label/vidgen_filter_gemini_part_0_dpo_12/5vZ0BLxxOnA-Scene-0003/entity_40.png
T2V_data/VIDGEN-1M_unzip/5vZ0BLxxOnA-Scene-0003.mp4,"The video shows a person working on a car engine. The person is using a wrench to tighten a bolt on the engine. The engine is black and has the word ""BMW"" written on it. The person is wearing a gray shirt and is standing in front of the car. The engine is located under the hood of the car.",T2V_data/label/vidgen_filter_gemini_part_0_dpo_12/5vZ0BLxxOnA-Scene-0003/entity_40.mp4,T2V_data/label/vidgen_filter_gemini_part_0_dpo_12/5vZ0BLxxOnA-Scene-0003/entity_40.png
T2V_data/VIDGEN-1M_unzip/682hAlJGYMc-Scene-0018.mp4,"In the video, a man is seen surfing on a large wave in the ocean. He is wearing only swim trunks and is riding a white surfboard. The wave is quite large and the man is seen skillfully navigating it. The water is a deep blue color and the sky is clear. The surfer is seen performing various maneuvers on the wave, including turning and carving. The video captures the excitement and thrill of surfing on big waves.",T2V_data/label/vidgen_filter_gemini_part_0_dpo_12/682hAlJGYMc-Scene-0018/depth.mp4,T2V_data/label/vidgen_filter_gemini_part_0_dpo_12/682hAlJGYMc-Scene-0018/entity_40.png
T2V_data/VIDGEN-1M_unzip/682hAlJGYMc-Scene-0018.mp4,"In the video, a man is seen surfing on a large wave in the ocean. He is wearing only swim trunks and is riding a white surfboard. The wave is quite large and the man is seen skillfully navigating it. The water is a deep blue color and the sky is clear. The surfer is seen performing various maneuvers on the wave, including turning and carving. The video captures the excitement and thrill of surfing on big waves.",T2V_data/label/vidgen_filter_gemini_part_0_dpo_12/682hAlJGYMc-Scene-0018/entity_40.mp4,T2V_data/label/vidgen_filter_gemini_part_0_dpo_12/682hAlJGYMc-Scene-0018/entity_40.png
T2V_data/VIDGEN-1M_unzip/6Td1oNF7tq0-Scene-0007.mp4,"The video shows two women in a gym, one wearing a black shirt and the other wearing a black shirt and a blue skirt. They are both wearing boxing gloves and are practicing boxing techniques. The woman in the black shirt is throwing punches at the woman in the black shirt and blue skirt, who is wearing a chest protector. The woman in the black shirt and blue skirt is blocking the punches with her gloves. The gym has a red punching bag hanging from the ceiling.",T2V_data/label/vidgen_filter_gemini_part_0_dpo_12/6Td1oNF7tq0-Scene-0007/depth.mp4,T2V_data/label/vidgen_filter_gemini_part_0_dpo_12/6Td1oNF7tq0-Scene-0007/entity_60.png
T2V_data/VIDGEN-1M_unzip/6Td1oNF7tq0-Scene-0007.mp4,"The video shows two women in a gym, one wearing a black shirt and the other wearing a black shirt and a blue skirt. They are both wearing boxing gloves and are practicing boxing techniques. The woman in the black shirt is throwing punches at the woman in the black shirt and blue skirt, who is wearing a chest protector. The woman in the black shirt and blue skirt is blocking the punches with her gloves. The gym has a red punching bag hanging from the ceiling.",T2V_data/label/vidgen_filter_gemini_part_0_dpo_12/6Td1oNF7tq0-Scene-0007/entity_60.mp4,T2V_data/label/vidgen_filter_gemini_part_0_dpo_12/6Td1oNF7tq0-Scene-0007/entity_60.png
T2V_data/VIDGEN-1M_unzip/6Z8Y-9woMGs-Scene-0126.mp4,"The video shows a person cutting an apple with a knife. The apple is bright green and appears to be fresh. The person's hand is visible, holding the apple steady while they make precise cuts with the knife. The background is a plain wooden surface, and there is no other object in the frame. The focus is solely on the apple and the cutting process.",T2V_data/label/vidgen_filter_gemini_part_0_dpo_12/6Z8Y-9woMGs-Scene-0126/depth.mp4,T2V_data/label/vidgen_filter_gemini_part_0_dpo_12/6Z8Y-9woMGs-Scene-0126/entity_20.png
T2V_data/VIDGEN-1M_unzip/6Z8Y-9woMGs-Scene-0126.mp4,"The video shows a person cutting an apple with a knife. The apple is bright green and appears to be fresh. The person's hand is visible, holding the apple steady while they make precise cuts with the knife. The background is a plain wooden surface, and there is no other object in the frame. The focus is solely on the apple and the cutting process.",T2V_data/label/vidgen_filter_gemini_part_0_dpo_12/6Z8Y-9woMGs-Scene-0126/entity_20.mp4,T2V_data/label/vidgen_filter_gemini_part_0_dpo_12/6Z8Y-9woMGs-Scene-0126/entity_20.png
T2V_data/VIDGEN-1M_unzip/6_dlKTbAUAo-Scene-0011.mp4,"The video shows a person's hand on a steering wheel, moving it back and forth. The hand is wearing a blue sleeve, and the steering wheel is black. The person's hand is also seen touching the dashboard of the car.",T2V_data/label/vidgen_filter_gemini_part_0_dpo_12/6_dlKTbAUAo-Scene-0011/depth.mp4,T2V_data/label/vidgen_filter_gemini_part_0_dpo_12/6_dlKTbAUAo-Scene-0011/entity_40.png
T2V_data/VIDGEN-1M_unzip/6_dlKTbAUAo-Scene-0011.mp4,"The video shows a person's hand on a steering wheel, moving it back and forth. The hand is wearing a blue sleeve, and the steering wheel is black. The person's hand is also seen touching the dashboard of the car.",T2V_data/label/vidgen_filter_gemini_part_0_dpo_12/6_dlKTbAUAo-Scene-0011/entity_40.mp4,T2V_data/label/vidgen_filter_gemini_part_0_dpo_12/6_dlKTbAUAo-Scene-0011/entity_40.png
T2V_data/VIDGEN-1M_unzip/6aMWvBw5JPs-Scene-0023.mp4,"In the video, a person is seen adjusting the height of a table. The table has a wooden top and black metal legs. The person is using a black crank handle to raise and lower the table. The crank handle is attached to a metal mechanism that allows the table to be adjusted. The person's hand is visible as they turn the crank handle, demonstrating how the table can be easily adjusted to different heights.",T2V_data/label/vidgen_filter_gemini_part_0_dpo_12/6aMWvBw5JPs-Scene-0023/depth.mp4,T2V_data/label/vidgen_filter_gemini_part_0_dpo_12/6aMWvBw5JPs-Scene-0023/entity_60.png
T2V_data/VIDGEN-1M_unzip/6aMWvBw5JPs-Scene-0023.mp4,"In the video, a person is seen adjusting the height of a table. The table has a wooden top and black metal legs. The person is using a black crank handle to raise and lower the table. The crank handle is attached to a metal mechanism that allows the table to be adjusted. The person's hand is visible as they turn the crank handle, demonstrating how the table can be easily adjusted to different heights.",T2V_data/label/vidgen_filter_gemini_part_0_dpo_12/6aMWvBw5JPs-Scene-0023/entity_60.mp4,T2V_data/label/vidgen_filter_gemini_part_0_dpo_12/6aMWvBw5JPs-Scene-0023/entity_60.png
T2V_data/VIDGEN-1M_unzip/6qHzHwcgbeg-Scene-0087.mp4,"In the video, a person is seen holding a piece of clay and shaping it into a small bowl. The individual uses their hands to mold and smooth the edges of the bowl, ensuring that it is even and symmetrical. The clay is a light brown color, and the person's hands are visible throughout the process. The background is a wooden surface, and there is no other object or person in the frame. The video focuses solely on the creation of the clay bowl, from start to finish.",T2V_data/label/vidgen_filter_gemini_part_0_dpo_12/6qHzHwcgbeg-Scene-0087/depth.mp4,T2V_data/label/vidgen_filter_gemini_part_0_dpo_12/6qHzHwcgbeg-Scene-0087/entity_60.png
T2V_data/VIDGEN-1M_unzip/6qHzHwcgbeg-Scene-0087.mp4,"In the video, a person is seen holding a piece of clay and shaping it into a small bowl. The individual uses their hands to mold and smooth the edges of the bowl, ensuring that it is even and symmetrical. The clay is a light brown color, and the person's hands are visible throughout the process. The background is a wooden surface, and there is no other object or person in the frame. The video focuses solely on the creation of the clay bowl, from start to finish.",T2V_data/label/vidgen_filter_gemini_part_0_dpo_12/6qHzHwcgbeg-Scene-0087/entity_60.mp4,T2V_data/label/vidgen_filter_gemini_part_0_dpo_12/6qHzHwcgbeg-Scene-0087/entity_60.png
T2V_data/VIDGEN-1M_unzip/6qkUE_MVgPg-Scene-0032.mp4,"The video shows a large white bull and a smaller black goat in a field. The bull is seen butting the goat, which is trying to defend itself. The bull is significantly larger than the goat and is seen chasing the goat around the field. The goat is seen running away from the bull and then facing it again. The field is dry and there are trees in the background.",T2V_data/label/vidgen_filter_gemini_part_0_dpo_12/6qkUE_MVgPg-Scene-0032/depth.mp4,T2V_data/label/vidgen_filter_gemini_part_0_dpo_12/6qkUE_MVgPg-Scene-0032/entity_20.png
T2V_data/VIDGEN-1M_unzip/6qkUE_MVgPg-Scene-0032.mp4,"The video shows a large white bull and a smaller black goat in a field. The bull is seen butting the goat, which is trying to defend itself. The bull is significantly larger than the goat and is seen chasing the goat around the field. The goat is seen running away from the bull and then facing it again. The field is dry and there are trees in the background.",T2V_data/label/vidgen_filter_gemini_part_0_dpo_12/6qkUE_MVgPg-Scene-0032/entity_20.mp4,T2V_data/label/vidgen_filter_gemini_part_0_dpo_12/6qkUE_MVgPg-Scene-0032/entity_20.png
T2V_data/VIDGEN-1M_unzip/6qkUE_MVgPg-Scene-0032.mp4,"The video shows a large white bull and a smaller black goat in a field. The bull is seen butting the goat, which is trying to defend itself. The bull is significantly larger than the goat and is seen chasing the goat around the field. The goat is seen running away from the bull and then facing it again. The field is dry and there are trees in the background.",T2V_data/label/vidgen_filter_gemini_part_0_dpo_12/6qkUE_MVgPg-Scene-0032/depth.mp4,T2V_data/label/vidgen_filter_gemini_part_0_dpo_12/6qkUE_MVgPg-Scene-0032/entity_40.png
T2V_data/VIDGEN-1M_unzip/6qkUE_MVgPg-Scene-0032.mp4,"The video shows a large white bull and a smaller black goat in a field. The bull is seen butting the goat, which is trying to defend itself. The bull is significantly larger than the goat and is seen chasing the goat around the field. The goat is seen running away from the bull and then facing it again. The field is dry and there are trees in the background.",T2V_data/label/vidgen_filter_gemini_part_0_dpo_12/6qkUE_MVgPg-Scene-0032/entity_40.mp4,T2V_data/label/vidgen_filter_gemini_part_0_dpo_12/6qkUE_MVgPg-Scene-0032/entity_40.png
T2V_data/VIDGEN-1M_unzip/7CBmKdip6ws-Scene-0061.mp4,"The video features a man skydiving with a parachute. He is wearing a blue jumpsuit and an orange helmet. The background is a gradient of blue and green, and there are white clouds below him. The man is shown in various positions as he falls through the air, with his arms and legs spread out.",T2V_data/label/vidgen_filter_gemini_part_0_dpo_12/7CBmKdip6ws-Scene-0061/depth.mp4,T2V_data/label/vidgen_filter_gemini_part_0_dpo_12/7CBmKdip6ws-Scene-0061/entity_20.png
T2V_data/VIDGEN-1M_unzip/7CBmKdip6ws-Scene-0061.mp4,"The video features a man skydiving with a parachute. He is wearing a blue jumpsuit and an orange helmet. The background is a gradient of blue and green, and there are white clouds below him. The man is shown in various positions as he falls through the air, with his arms and legs spread out.",T2V_data/label/vidgen_filter_gemini_part_0_dpo_12/7CBmKdip6ws-Scene-0061/entity_20.mp4,T2V_data/label/vidgen_filter_gemini_part_0_dpo_12/7CBmKdip6ws-Scene-0061/entity_20.png
T2V_data/VIDGEN-1M_unzip/7CBmKdip6ws-Scene-0061.mp4,"The video features a man skydiving with a parachute. He is wearing a blue jumpsuit and an orange helmet. The background is a gradient of blue and green, and there are white clouds below him. The man is shown in various positions as he falls through the air, with his arms and legs spread out.",T2V_data/label/vidgen_filter_gemini_part_0_dpo_12/7CBmKdip6ws-Scene-0061/depth.mp4,T2V_data/label/vidgen_filter_gemini_part_0_dpo_12/7CBmKdip6ws-Scene-0061/entity_40.png
T2V_data/VIDGEN-1M_unzip/7CBmKdip6ws-Scene-0061.mp4,"The video features a man skydiving with a parachute. He is wearing a blue jumpsuit and an orange helmet. The background is a gradient of blue and green, and there are white clouds below him. The man is shown in various positions as he falls through the air, with his arms and legs spread out.",T2V_data/label/vidgen_filter_gemini_part_0_dpo_12/7CBmKdip6ws-Scene-0061/entity_40.mp4,T2V_data/label/vidgen_filter_gemini_part_0_dpo_12/7CBmKdip6ws-Scene-0061/entity_40.png
T2V_data/VIDGEN-1M_unzip/7DCRQ9MzgqA-Scene-0062.mp4,"The video shows a person's hand reaching into a wooden box filled with various items. The person is holding a pair of scissors and appears to be organizing or searching for something in the box. The box contains items such as a colorful ball, a pair of scissors, and other miscellaneous objects. The person's hand moves around the box, touching and adjusting the items inside. The wooden box is placed on a surface, and the background is not clearly visible. The video does not contain any text or subtitles.",T2V_data/label/vidgen_filter_gemini_part_0_dpo_12/7DCRQ9MzgqA-Scene-0062/depth.mp4,T2V_data/label/vidgen_filter_gemini_part_0_dpo_12/7DCRQ9MzgqA-Scene-0062/entity_40.png
T2V_data/VIDGEN-1M_unzip/7DCRQ9MzgqA-Scene-0062.mp4,"The video shows a person's hand reaching into a wooden box filled with various items. The person is holding a pair of scissors and appears to be organizing or searching for something in the box. The box contains items such as a colorful ball, a pair of scissors, and other miscellaneous objects. The person's hand moves around the box, touching and adjusting the items inside. The wooden box is placed on a surface, and the background is not clearly visible. The video does not contain any text or subtitles.",T2V_data/label/vidgen_filter_gemini_part_0_dpo_12/7DCRQ9MzgqA-Scene-0062/entity_40.mp4,T2V_data/label/vidgen_filter_gemini_part_0_dpo_12/7DCRQ9MzgqA-Scene-0062/entity_40.png
T2V_data/VIDGEN-1M_unzip/7DCRQ9MzgqA-Scene-0062.mp4,"The video shows a person's hand reaching into a wooden box filled with various items. The person is holding a pair of scissors and appears to be organizing or searching for something in the box. The box contains items such as a colorful ball, a pair of scissors, and other miscellaneous objects. The person's hand moves around the box, touching and adjusting the items inside. The wooden box is placed on a surface, and the background is not clearly visible. The video does not contain any text or subtitles.",T2V_data/label/vidgen_filter_gemini_part_0_dpo_12/7DCRQ9MzgqA-Scene-0062/depth.mp4,T2V_data/label/vidgen_filter_gemini_part_0_dpo_12/7DCRQ9MzgqA-Scene-0062/entity_60.png
T2V_data/VIDGEN-1M_unzip/7DCRQ9MzgqA-Scene-0062.mp4,"The video shows a person's hand reaching into a wooden box filled with various items. The person is holding a pair of scissors and appears to be organizing or searching for something in the box. The box contains items such as a colorful ball, a pair of scissors, and other miscellaneous objects. The person's hand moves around the box, touching and adjusting the items inside. The wooden box is placed on a surface, and the background is not clearly visible. The video does not contain any text or subtitles.",T2V_data/label/vidgen_filter_gemini_part_0_dpo_12/7DCRQ9MzgqA-Scene-0062/entity_60.mp4,T2V_data/label/vidgen_filter_gemini_part_0_dpo_12/7DCRQ9MzgqA-Scene-0062/entity_60.png
T2V_data/VIDGEN-1M_unzip/7RyIKURlHAk-Scene-0083.mp4,"The video shows a close-up of a piece of chocolate with red specks on a white surface. A hand enters the frame and begins to press and squeeze the chocolate, causing it to change shape. The hand continues to manipulate the chocolate, pressing and folding it, until it is no longer in its original form. The chocolate appears to be soft and pliable, and the hand's movements are deliberate and controlled. The white surface provides a stark contrast to the dark color of the chocolate, highlighting its texture and shape.",T2V_data/label/vidgen_filter_gemini_part_0_dpo_12/7RyIKURlHAk-Scene-0083/depth.mp4,T2V_data/label/vidgen_filter_gemini_part_0_dpo_12/7RyIKURlHAk-Scene-0083/entity_40.png
T2V_data/VIDGEN-1M_unzip/7RyIKURlHAk-Scene-0083.mp4,"The video shows a close-up of a piece of chocolate with red specks on a white surface. A hand enters the frame and begins to press and squeeze the chocolate, causing it to change shape. The hand continues to manipulate the chocolate, pressing and folding it, until it is no longer in its original form. The chocolate appears to be soft and pliable, and the hand's movements are deliberate and controlled. The white surface provides a stark contrast to the dark color of the chocolate, highlighting its texture and shape.",T2V_data/label/vidgen_filter_gemini_part_0_dpo_12/7RyIKURlHAk-Scene-0083/entity_40.mp4,T2V_data/label/vidgen_filter_gemini_part_0_dpo_12/7RyIKURlHAk-Scene-0083/entity_40.png
T2V_data/VIDGEN-1M_unzip/7Z2T1Nc1UY8-Scene-0017.mp4,The video shows a person cutting a piece of glitter paper with a knife. The paper is placed on a purple mat with grid lines. The person uses a ruler to measure the paper and then cuts it with the knife.,T2V_data/label/vidgen_filter_gemini_part_0_dpo_12/7Z2T1Nc1UY8-Scene-0017/depth.mp4,T2V_data/label/vidgen_filter_gemini_part_0_dpo_12/7Z2T1Nc1UY8-Scene-0017/entity_60.png
T2V_data/VIDGEN-1M_unzip/7Z2T1Nc1UY8-Scene-0017.mp4,The video shows a person cutting a piece of glitter paper with a knife. The paper is placed on a purple mat with grid lines. The person uses a ruler to measure the paper and then cuts it with the knife.,T2V_data/label/vidgen_filter_gemini_part_0_dpo_12/7Z2T1Nc1UY8-Scene-0017/entity_60.mp4,T2V_data/label/vidgen_filter_gemini_part_0_dpo_12/7Z2T1Nc1UY8-Scene-0017/entity_60.png
T2V_data/VIDGEN-1M_unzip/82738yPKos8-Scene-0106.mp4,"In the video, a man is seen sitting in the back seat of a car, working on installing a subwoofer. He is wearing a black t-shirt and pink pants. The man is using a screwdriver to secure the subwoofer to the car's floor. He is also seen using a drill to secure the wires. The car's interior is black, and the subwoofer is black as well. The man appears to be focused on his task, and there are no other people or objects visible in the video.",T2V_data/label/vidgen_filter_gemini_part_0_dpo_12/82738yPKos8-Scene-0106/depth.mp4,T2V_data/label/vidgen_filter_gemini_part_0_dpo_12/82738yPKos8-Scene-0106/entity_20.png
T2V_data/VIDGEN-1M_unzip/82738yPKos8-Scene-0106.mp4,"In the video, a man is seen sitting in the back seat of a car, working on installing a subwoofer. He is wearing a black t-shirt and pink pants. The man is using a screwdriver to secure the subwoofer to the car's floor. He is also seen using a drill to secure the wires. The car's interior is black, and the subwoofer is black as well. The man appears to be focused on his task, and there are no other people or objects visible in the video.",T2V_data/label/vidgen_filter_gemini_part_0_dpo_12/82738yPKos8-Scene-0106/entity_20.mp4,T2V_data/label/vidgen_filter_gemini_part_0_dpo_12/82738yPKos8-Scene-0106/entity_20.png
T2V_data/VIDGEN-1M_unzip/82738yPKos8-Scene-0106.mp4,"In the video, a man is seen sitting in the back seat of a car, working on installing a subwoofer. He is wearing a black t-shirt and pink pants. The man is using a screwdriver to secure the subwoofer to the car's floor. He is also seen using a drill to secure the wires. The car's interior is black, and the subwoofer is black as well. The man appears to be focused on his task, and there are no other people or objects visible in the video.",T2V_data/label/vidgen_filter_gemini_part_0_dpo_12/82738yPKos8-Scene-0106/depth.mp4,T2V_data/label/vidgen_filter_gemini_part_0_dpo_12/82738yPKos8-Scene-0106/entity_40.png
T2V_data/VIDGEN-1M_unzip/82738yPKos8-Scene-0106.mp4,"In the video, a man is seen sitting in the back seat of a car, working on installing a subwoofer. He is wearing a black t-shirt and pink pants. The man is using a screwdriver to secure the subwoofer to the car's floor. He is also seen using a drill to secure the wires. The car's interior is black, and the subwoofer is black as well. The man appears to be focused on his task, and there are no other people or objects visible in the video.",T2V_data/label/vidgen_filter_gemini_part_0_dpo_12/82738yPKos8-Scene-0106/entity_40.mp4,T2V_data/label/vidgen_filter_gemini_part_0_dpo_12/82738yPKos8-Scene-0106/entity_40.png
T2V_data/VIDGEN-1M_unzip/8Fo5PPgBoew-Scene-0052.mp4,"The video shows a person pouring a sauce over a bowl of fries. The sauce is thick and orange in color, and the fries are golden brown. The person uses a spoon to pour the sauce, and the fries are in a metal bowl. The person's hand is visible as they stir the fries with the sauce.",T2V_data/label/vidgen_filter_gemini_part_0_dpo_12/8Fo5PPgBoew-Scene-0052/depth.mp4,T2V_data/label/vidgen_filter_gemini_part_0_dpo_12/8Fo5PPgBoew-Scene-0052/entity_60.png
T2V_data/VIDGEN-1M_unzip/8Fo5PPgBoew-Scene-0052.mp4,"The video shows a person pouring a sauce over a bowl of fries. The sauce is thick and orange in color, and the fries are golden brown. The person uses a spoon to pour the sauce, and the fries are in a metal bowl. The person's hand is visible as they stir the fries with the sauce.",T2V_data/label/vidgen_filter_gemini_part_0_dpo_12/8Fo5PPgBoew-Scene-0052/entity_60.mp4,T2V_data/label/vidgen_filter_gemini_part_0_dpo_12/8Fo5PPgBoew-Scene-0052/entity_60.png
T2V_data/VIDGEN-1M_unzip/8LPy77PUeO8-Scene-0025.mp4,"The video shows a person whisking eggs in a glass bowl. The person's hand is visible, holding a whisk and moving it around the bowl to mix the eggs. The bowl is placed on a wooden surface, and the eggs appear to be raw. The person's hand is moving quickly, indicating that they are mixing the eggs vigorously. The whisk is made of metal and has a long handle. The bowl is transparent, allowing the viewer to see the eggs being mixed. The wooden surface under the bowl is light brown in color.",T2V_data/label/vidgen_filter_gemini_part_0_dpo_12/8LPy77PUeO8-Scene-0025/depth.mp4,T2V_data/label/vidgen_filter_gemini_part_0_dpo_12/8LPy77PUeO8-Scene-0025/entity_40.png
T2V_data/VIDGEN-1M_unzip/8LPy77PUeO8-Scene-0025.mp4,"The video shows a person whisking eggs in a glass bowl. The person's hand is visible, holding a whisk and moving it around the bowl to mix the eggs. The bowl is placed on a wooden surface, and the eggs appear to be raw. The person's hand is moving quickly, indicating that they are mixing the eggs vigorously. The whisk is made of metal and has a long handle. The bowl is transparent, allowing the viewer to see the eggs being mixed. The wooden surface under the bowl is light brown in color.",T2V_data/label/vidgen_filter_gemini_part_0_dpo_12/8LPy77PUeO8-Scene-0025/entity_40.mp4,T2V_data/label/vidgen_filter_gemini_part_0_dpo_12/8LPy77PUeO8-Scene-0025/entity_40.png
T2V_data/VIDGEN-1M_unzip/8WOAfWjhORs-Scene-0021.mp4,"In the video, two young boys are seen pulling suitcases. The boy on the left is wearing a red shirt and is pulling a blue suitcase. The boy on the right is wearing a striped shirt and is pulling a suitcase with a Batman print. They are both walking on a wooden floor, and the boy on the right is struggling to pull his suitcase. The boy on the left seems to be helping him by pulling the suitcase from the other side. The boys are walking towards a door, and the boy on the right eventually manages to pull his suitcase.",T2V_data/label/vidgen_filter_gemini_part_0_dpo_12/8WOAfWjhORs-Scene-0021/depth.mp4,T2V_data/label/vidgen_filter_gemini_part_0_dpo_12/8WOAfWjhORs-Scene-0021/entity_40.png
T2V_data/VIDGEN-1M_unzip/8WOAfWjhORs-Scene-0021.mp4,"In the video, two young boys are seen pulling suitcases. The boy on the left is wearing a red shirt and is pulling a blue suitcase. The boy on the right is wearing a striped shirt and is pulling a suitcase with a Batman print. They are both walking on a wooden floor, and the boy on the right is struggling to pull his suitcase. The boy on the left seems to be helping him by pulling the suitcase from the other side. The boys are walking towards a door, and the boy on the right eventually manages to pull his suitcase.",T2V_data/label/vidgen_filter_gemini_part_0_dpo_12/8WOAfWjhORs-Scene-0021/entity_40.mp4,T2V_data/label/vidgen_filter_gemini_part_0_dpo_12/8WOAfWjhORs-Scene-0021/entity_40.png
T2V_data/VIDGEN-1M_unzip/8ZwAd8-7qgg-Scene-0098.mp4,"The video shows a close-up of a toy doll with blonde hair and a pink bow. The doll is being held by a person who is wearing an orange shirt. The person is moving the doll's arm up and down, and the doll's hair is moving in response to the motion. The background is blurred, but it appears to be a room with a green wall. The focus of the video is on the doll and the person's hand, which is visible in the frame. The doll's hair is long and appears to be made of a shiny, silky material. The person's hand is moving the doll's arm in a repetitive motion, causing the doll's hair to sway back and forth.",T2V_data/label/vidgen_filter_gemini_part_0_dpo_12/8ZwAd8-7qgg-Scene-0098/depth.mp4,T2V_data/label/vidgen_filter_gemini_part_0_dpo_12/8ZwAd8-7qgg-Scene-0098/entity_40.png
T2V_data/VIDGEN-1M_unzip/8ZwAd8-7qgg-Scene-0098.mp4,"The video shows a close-up of a toy doll with blonde hair and a pink bow. The doll is being held by a person who is wearing an orange shirt. The person is moving the doll's arm up and down, and the doll's hair is moving in response to the motion. The background is blurred, but it appears to be a room with a green wall. The focus of the video is on the doll and the person's hand, which is visible in the frame. The doll's hair is long and appears to be made of a shiny, silky material. The person's hand is moving the doll's arm in a repetitive motion, causing the doll's hair to sway back and forth.",T2V_data/label/vidgen_filter_gemini_part_0_dpo_12/8ZwAd8-7qgg-Scene-0098/entity_40.mp4,T2V_data/label/vidgen_filter_gemini_part_0_dpo_12/8ZwAd8-7qgg-Scene-0098/entity_40.png
T2V_data/VIDGEN-1M_unzip/8e4u6QqFEAA-Scene-0042.mp4,"The video shows a close-up of a pink slime with glitter in a white bowl. A hand is seen poking the slime with a finger, causing it to stretch and fold. The slime appears to be soft and stretchy, and the glitter adds a sparkling effect to the overall appearance. The hand continues to poke and stretch the slime, demonstrating its elasticity and texture.",T2V_data/label/vidgen_filter_gemini_part_0_dpo_12/8e4u6QqFEAA-Scene-0042/depth.mp4,T2V_data/label/vidgen_filter_gemini_part_0_dpo_12/8e4u6QqFEAA-Scene-0042/entity_20.png
T2V_data/VIDGEN-1M_unzip/8e4u6QqFEAA-Scene-0042.mp4,"The video shows a close-up of a pink slime with glitter in a white bowl. A hand is seen poking the slime with a finger, causing it to stretch and fold. The slime appears to be soft and stretchy, and the glitter adds a sparkling effect to the overall appearance. The hand continues to poke and stretch the slime, demonstrating its elasticity and texture.",T2V_data/label/vidgen_filter_gemini_part_0_dpo_12/8e4u6QqFEAA-Scene-0042/entity_20.mp4,T2V_data/label/vidgen_filter_gemini_part_0_dpo_12/8e4u6QqFEAA-Scene-0042/entity_20.png
T2V_data/VIDGEN-1M_unzip/8xWErxH72io-Scene-0009.mp4,"The video shows a person using a snow blower to clear a path on a snowy street. The person is wearing a green jacket and brown pants, and is using the snow blower to remove the snow from the street. The snow blower is black and red in color, and the person is holding the handle of the snow blower while walking behind it. The street is covered in snow, and there are piles of snow on the side of the road. The person is moving the snow blower back and forth to clear a path on the street.",T2V_data/label/vidgen_filter_gemini_part_0_dpo_12/8xWErxH72io-Scene-0009/depth.mp4,T2V_data/label/vidgen_filter_gemini_part_0_dpo_12/8xWErxH72io-Scene-0009/entity_20.png
T2V_data/VIDGEN-1M_unzip/8xWErxH72io-Scene-0009.mp4,"The video shows a person using a snow blower to clear a path on a snowy street. The person is wearing a green jacket and brown pants, and is using the snow blower to remove the snow from the street. The snow blower is black and red in color, and the person is holding the handle of the snow blower while walking behind it. The street is covered in snow, and there are piles of snow on the side of the road. The person is moving the snow blower back and forth to clear a path on the street.",T2V_data/label/vidgen_filter_gemini_part_0_dpo_12/8xWErxH72io-Scene-0009/entity_20.mp4,T2V_data/label/vidgen_filter_gemini_part_0_dpo_12/8xWErxH72io-Scene-0009/entity_20.png
T2V_data/VIDGEN-1M_unzip/9AUQZ1YVZ14-Scene-0131.mp4,"The video features two young men wearing black sweatshirts and black pants. They are seen jumping on a trampoline, holding hands, and performing various tricks. The trampoline is located in a backyard with houses visible in the background. The men are both wearing brown boots and have blonde hair. They seem to be enjoying themselves as they jump and perform tricks together.",T2V_data/label/vidgen_filter_gemini_part_0_dpo_12/9AUQZ1YVZ14-Scene-0131/depth.mp4,T2V_data/label/vidgen_filter_gemini_part_0_dpo_12/9AUQZ1YVZ14-Scene-0131/entity_20.png
T2V_data/VIDGEN-1M_unzip/9AUQZ1YVZ14-Scene-0131.mp4,"The video features two young men wearing black sweatshirts and black pants. They are seen jumping on a trampoline, holding hands, and performing various tricks. The trampoline is located in a backyard with houses visible in the background. The men are both wearing brown boots and have blonde hair. They seem to be enjoying themselves as they jump and perform tricks together.",T2V_data/label/vidgen_filter_gemini_part_0_dpo_12/9AUQZ1YVZ14-Scene-0131/entity_20.mp4,T2V_data/label/vidgen_filter_gemini_part_0_dpo_12/9AUQZ1YVZ14-Scene-0131/entity_20.png
T2V_data/VIDGEN-1M_unzip/9WeJLddTPWQ-Scene-0093.mp4,"The video shows a man being held upside down by a group of people. The man is hanging from a pole, and his legs are tied together. The people holding him are wearing medieval clothing, and there are horses in the background. The man appears to be struggling, and the people holding him are exerting force to keep him in place.",T2V_data/label/vidgen_filter_gemini_part_0_dpo_12/9WeJLddTPWQ-Scene-0093/depth.mp4,T2V_data/label/vidgen_filter_gemini_part_0_dpo_12/9WeJLddTPWQ-Scene-0093/entity_20.png
T2V_data/VIDGEN-1M_unzip/9WeJLddTPWQ-Scene-0093.mp4,"The video shows a man being held upside down by a group of people. The man is hanging from a pole, and his legs are tied together. The people holding him are wearing medieval clothing, and there are horses in the background. The man appears to be struggling, and the people holding him are exerting force to keep him in place.",T2V_data/label/vidgen_filter_gemini_part_0_dpo_12/9WeJLddTPWQ-Scene-0093/entity_20.mp4,T2V_data/label/vidgen_filter_gemini_part_0_dpo_12/9WeJLddTPWQ-Scene-0093/entity_20.png
T2V_data/VIDGEN-1M_unzip/9WeJLddTPWQ-Scene-0093.mp4,"The video shows a man being held upside down by a group of people. The man is hanging from a pole, and his legs are tied together. The people holding him are wearing medieval clothing, and there are horses in the background. The man appears to be struggling, and the people holding him are exerting force to keep him in place.",T2V_data/label/vidgen_filter_gemini_part_0_dpo_12/9WeJLddTPWQ-Scene-0093/depth.mp4,T2V_data/label/vidgen_filter_gemini_part_0_dpo_12/9WeJLddTPWQ-Scene-0093/entity_40.png
T2V_data/VIDGEN-1M_unzip/9WeJLddTPWQ-Scene-0093.mp4,"The video shows a man being held upside down by a group of people. The man is hanging from a pole, and his legs are tied together. The people holding him are wearing medieval clothing, and there are horses in the background. The man appears to be struggling, and the people holding him are exerting force to keep him in place.",T2V_data/label/vidgen_filter_gemini_part_0_dpo_12/9WeJLddTPWQ-Scene-0093/entity_40.mp4,T2V_data/label/vidgen_filter_gemini_part_0_dpo_12/9WeJLddTPWQ-Scene-0093/entity_40.png
T2V_data/VIDGEN-1M_unzip/9cLkHrSbn2E-Scene-0033.mp4,"In the video, a young boy is seen holding a large plastic bottle filled with a green liquid. He is wearing a blue t-shirt with a Minion design on it and a black watch on his left wrist. The boy is standing in front of a house with a window visible in the background. He unscrews the cap of the bottle and shakes it vigorously, causing the green liquid to swirl around inside. The boy then screws the cap back on and continues to shake the bottle, causing the liquid to splash around.",T2V_data/label/vidgen_filter_gemini_part_0_dpo_12/9cLkHrSbn2E-Scene-0033/depth.mp4,T2V_data/label/vidgen_filter_gemini_part_0_dpo_12/9cLkHrSbn2E-Scene-0033/entity_40.png
T2V_data/VIDGEN-1M_unzip/9cLkHrSbn2E-Scene-0033.mp4,"In the video, a young boy is seen holding a large plastic bottle filled with a green liquid. He is wearing a blue t-shirt with a Minion design on it and a black watch on his left wrist. The boy is standing in front of a house with a window visible in the background. He unscrews the cap of the bottle and shakes it vigorously, causing the green liquid to swirl around inside. The boy then screws the cap back on and continues to shake the bottle, causing the liquid to splash around.",T2V_data/label/vidgen_filter_gemini_part_0_dpo_12/9cLkHrSbn2E-Scene-0033/entity_40.mp4,T2V_data/label/vidgen_filter_gemini_part_0_dpo_12/9cLkHrSbn2E-Scene-0033/entity_40.png
T2V_data/VIDGEN-1M_unzip/9dunryt9brU-Scene-0033.mp4,"The video shows a close-up of a person's hand holding an orange thread and stitching a design onto a white fabric. The design appears to be a bird with a blue outline. The person's hand is visible, and they are using a needle to create the stitches. The video focuses on the stitching process, showing the thread being pulled through the fabric to form the design.",T2V_data/label/vidgen_filter_gemini_part_0_dpo_12/9dunryt9brU-Scene-0033/depth.mp4,T2V_data/label/vidgen_filter_gemini_part_0_dpo_12/9dunryt9brU-Scene-0033/entity_20.png
T2V_data/VIDGEN-1M_unzip/9dunryt9brU-Scene-0033.mp4,"The video shows a close-up of a person's hand holding an orange thread and stitching a design onto a white fabric. The design appears to be a bird with a blue outline. The person's hand is visible, and they are using a needle to create the stitches. The video focuses on the stitching process, showing the thread being pulled through the fabric to form the design.",T2V_data/label/vidgen_filter_gemini_part_0_dpo_12/9dunryt9brU-Scene-0033/entity_20.mp4,T2V_data/label/vidgen_filter_gemini_part_0_dpo_12/9dunryt9brU-Scene-0033/entity_20.png
T2V_data/VIDGEN-1M_unzip/9g2I4_h00n8-Scene-0119.mp4,"In the video, a man is seen underneath a car, looking up at the camera. He is wearing a gray hoodie and has a beard. The car is elevated, and the man is standing underneath it. He appears to be speaking, but it is unclear what he is saying. The background shows a garage with various tools and equipment. There is a ladder visible in the background, and a blue truck is parked nearby. The man's expression is serious, and he seems to be focused on something above him.",T2V_data/label/vidgen_filter_gemini_part_0_dpo_12/9g2I4_h00n8-Scene-0119/depth.mp4,T2V_data/label/vidgen_filter_gemini_part_0_dpo_12/9g2I4_h00n8-Scene-0119/entity_20.png
T2V_data/VIDGEN-1M_unzip/9g2I4_h00n8-Scene-0119.mp4,"In the video, a man is seen underneath a car, looking up at the camera. He is wearing a gray hoodie and has a beard. The car is elevated, and the man is standing underneath it. He appears to be speaking, but it is unclear what he is saying. The background shows a garage with various tools and equipment. There is a ladder visible in the background, and a blue truck is parked nearby. The man's expression is serious, and he seems to be focused on something above him.",T2V_data/label/vidgen_filter_gemini_part_0_dpo_12/9g2I4_h00n8-Scene-0119/entity_20.mp4,T2V_data/label/vidgen_filter_gemini_part_0_dpo_12/9g2I4_h00n8-Scene-0119/entity_20.png
T2V_data/VIDGEN-1M_unzip/9tp3jmX7jMo-Scene-0048.mp4,"In the video, a man is seen using a machine to cut a piece of wood. He places the wood on the machine and then pushes it through the machine. The machine appears to be a table saw, which is commonly used in woodworking to cut wood into various shapes and sizes. The man is wearing a blue shirt and is standing in a workshop environment. The wood being cut is light brown in color and appears to be a softwood variety. The machine has a red power button that the man presses to start the cutting process. The video provides a clear view of the cutting process and the resulting cut piece of wood.",T2V_data/label/vidgen_filter_gemini_part_0_dpo_12/9tp3jmX7jMo-Scene-0048/depth.mp4,T2V_data/label/vidgen_filter_gemini_part_0_dpo_12/9tp3jmX7jMo-Scene-0048/entity_40.png
T2V_data/VIDGEN-1M_unzip/9tp3jmX7jMo-Scene-0048.mp4,"In the video, a man is seen using a machine to cut a piece of wood. He places the wood on the machine and then pushes it through the machine. The machine appears to be a table saw, which is commonly used in woodworking to cut wood into various shapes and sizes. The man is wearing a blue shirt and is standing in a workshop environment. The wood being cut is light brown in color and appears to be a softwood variety. The machine has a red power button that the man presses to start the cutting process. The video provides a clear view of the cutting process and the resulting cut piece of wood.",T2V_data/label/vidgen_filter_gemini_part_0_dpo_12/9tp3jmX7jMo-Scene-0048/entity_40.mp4,T2V_data/label/vidgen_filter_gemini_part_0_dpo_12/9tp3jmX7jMo-Scene-0048/entity_40.png
T2V_data/VIDGEN-1M_unzip/9tp3jmX7jMo-Scene-0048.mp4,"In the video, a man is seen using a machine to cut a piece of wood. He places the wood on the machine and then pushes it through the machine. The machine appears to be a table saw, which is commonly used in woodworking to cut wood into various shapes and sizes. The man is wearing a blue shirt and is standing in a workshop environment. The wood being cut is light brown in color and appears to be a softwood variety. The machine has a red power button that the man presses to start the cutting process. The video provides a clear view of the cutting process and the resulting cut piece of wood.",T2V_data/label/vidgen_filter_gemini_part_0_dpo_12/9tp3jmX7jMo-Scene-0048/depth.mp4,T2V_data/label/vidgen_filter_gemini_part_0_dpo_12/9tp3jmX7jMo-Scene-0048/entity_60.png
T2V_data/VIDGEN-1M_unzip/9tp3jmX7jMo-Scene-0048.mp4,"In the video, a man is seen using a machine to cut a piece of wood. He places the wood on the machine and then pushes it through the machine. The machine appears to be a table saw, which is commonly used in woodworking to cut wood into various shapes and sizes. The man is wearing a blue shirt and is standing in a workshop environment. The wood being cut is light brown in color and appears to be a softwood variety. The machine has a red power button that the man presses to start the cutting process. The video provides a clear view of the cutting process and the resulting cut piece of wood.",T2V_data/label/vidgen_filter_gemini_part_0_dpo_12/9tp3jmX7jMo-Scene-0048/entity_60.mp4,T2V_data/label/vidgen_filter_gemini_part_0_dpo_12/9tp3jmX7jMo-Scene-0048/entity_60.png
T2V_data/VIDGEN-1M_unzip/A1iHOg3E8xg-Scene-0001.mp4,"The video shows a baseball game in progress. The pitcher is seen throwing the ball towards the batter, who is ready to hit. The batter swings and hits the ball, which is then caught by the catcher. The pitcher is wearing a grey uniform with red socks, while the batter is wearing a white uniform with black stripes. The catcher is also in a grey uniform with red socks. The background shows a stadium with spectators watching the game.",T2V_data/label/vidgen_filter_gemini_part_0_dpo_12/A1iHOg3E8xg-Scene-0001/depth.mp4,T2V_data/label/vidgen_filter_gemini_part_0_dpo_12/A1iHOg3E8xg-Scene-0001/entity_60.png
T2V_data/VIDGEN-1M_unzip/A1iHOg3E8xg-Scene-0001.mp4,"The video shows a baseball game in progress. The pitcher is seen throwing the ball towards the batter, who is ready to hit. The batter swings and hits the ball, which is then caught by the catcher. The pitcher is wearing a grey uniform with red socks, while the batter is wearing a white uniform with black stripes. The catcher is also in a grey uniform with red socks. The background shows a stadium with spectators watching the game.",T2V_data/label/vidgen_filter_gemini_part_0_dpo_12/A1iHOg3E8xg-Scene-0001/entity_60.mp4,T2V_data/label/vidgen_filter_gemini_part_0_dpo_12/A1iHOg3E8xg-Scene-0001/entity_60.png
T2V_data/VIDGEN-1M_unzip/A2kpQ4w4SBo-Scene-0023.mp4,"In the video, a man and a woman are playing basketball on an outdoor court. The woman is dribbling the ball and trying to get past the man, who is defending her. The man is wearing a black tank top and shorts, while the woman is wearing a pink tank top and black shorts. The court is surrounded by trees and there is a gazebo in the background. The woman successfully gets past the man and jumps up to shoot the ball into the hoop. The man falls to the ground as the woman scores.",T2V_data/label/vidgen_filter_gemini_part_0_dpo_12/A2kpQ4w4SBo-Scene-0023/depth.mp4,T2V_data/label/vidgen_filter_gemini_part_0_dpo_12/A2kpQ4w4SBo-Scene-0023/entity_20.png
T2V_data/VIDGEN-1M_unzip/A2kpQ4w4SBo-Scene-0023.mp4,"In the video, a man and a woman are playing basketball on an outdoor court. The woman is dribbling the ball and trying to get past the man, who is defending her. The man is wearing a black tank top and shorts, while the woman is wearing a pink tank top and black shorts. The court is surrounded by trees and there is a gazebo in the background. The woman successfully gets past the man and jumps up to shoot the ball into the hoop. The man falls to the ground as the woman scores.",T2V_data/label/vidgen_filter_gemini_part_0_dpo_12/A2kpQ4w4SBo-Scene-0023/entity_20.mp4,T2V_data/label/vidgen_filter_gemini_part_0_dpo_12/A2kpQ4w4SBo-Scene-0023/entity_20.png
T2V_data/VIDGEN-1M_unzip/AYOB4EljkbU-Scene-0062.mp4,"The video shows a football player wearing a white and blue uniform with the number 83 on it, catching a ball in the end zone and falling to the ground. The player is wearing a silver helmet and pink gloves. The background shows a football field with white lines and a blue end zone. The player's movements are smooth and controlled as he catches the ball and falls to the ground.",T2V_data/label/vidgen_filter_gemini_part_0_dpo_12/AYOB4EljkbU-Scene-0062/depth.mp4,T2V_data/label/vidgen_filter_gemini_part_0_dpo_12/AYOB4EljkbU-Scene-0062/entity_20.png
T2V_data/VIDGEN-1M_unzip/AYOB4EljkbU-Scene-0062.mp4,"The video shows a football player wearing a white and blue uniform with the number 83 on it, catching a ball in the end zone and falling to the ground. The player is wearing a silver helmet and pink gloves. The background shows a football field with white lines and a blue end zone. The player's movements are smooth and controlled as he catches the ball and falls to the ground.",T2V_data/label/vidgen_filter_gemini_part_0_dpo_12/AYOB4EljkbU-Scene-0062/entity_20.mp4,T2V_data/label/vidgen_filter_gemini_part_0_dpo_12/AYOB4EljkbU-Scene-0062/entity_20.png
T2V_data/VIDGEN-1M_unzip/Ah6nVOMPOTI-Scene-0047.mp4,"The video shows a person's hands holding two Rubik's cubes. The cubes are being twisted and turned, and the person is demonstrating how to solve them. The cubes have different colors on each side, and the person is showing how to match the colors together. The background is blurred, but there are other Rubik's cubes visible.",T2V_data/label/vidgen_filter_gemini_part_0_dpo_12/Ah6nVOMPOTI-Scene-0047/depth.mp4,T2V_data/label/vidgen_filter_gemini_part_0_dpo_12/Ah6nVOMPOTI-Scene-0047/entity_40.png
T2V_data/VIDGEN-1M_unzip/Ah6nVOMPOTI-Scene-0047.mp4,"The video shows a person's hands holding two Rubik's cubes. The cubes are being twisted and turned, and the person is demonstrating how to solve them. The cubes have different colors on each side, and the person is showing how to match the colors together. The background is blurred, but there are other Rubik's cubes visible.",T2V_data/label/vidgen_filter_gemini_part_0_dpo_12/Ah6nVOMPOTI-Scene-0047/entity_40.mp4,T2V_data/label/vidgen_filter_gemini_part_0_dpo_12/Ah6nVOMPOTI-Scene-0047/entity_40.png
T2V_data/VIDGEN-1M_unzip/AkMRPwNv99Q-Scene-0012.mp4,"The video shows a dog interacting with a blue puzzle toy. The dog is seen sniffing and nudging the toy with its nose and paws. The toy appears to be made of plastic and has several compartments that the dog is trying to figure out how to open. The dog is wearing a red collar and appears to be in a playful mood. The background is a neutral color, and the focus is on the dog and the toy.",T2V_data/label/vidgen_filter_gemini_part_0_dpo_12/AkMRPwNv99Q-Scene-0012/depth.mp4,T2V_data/label/vidgen_filter_gemini_part_0_dpo_12/AkMRPwNv99Q-Scene-0012/entity_40.png
T2V_data/VIDGEN-1M_unzip/AkMRPwNv99Q-Scene-0012.mp4,"The video shows a dog interacting with a blue puzzle toy. The dog is seen sniffing and nudging the toy with its nose and paws. The toy appears to be made of plastic and has several compartments that the dog is trying to figure out how to open. The dog is wearing a red collar and appears to be in a playful mood. The background is a neutral color, and the focus is on the dog and the toy.",T2V_data/label/vidgen_filter_gemini_part_0_dpo_12/AkMRPwNv99Q-Scene-0012/entity_40.mp4,T2V_data/label/vidgen_filter_gemini_part_0_dpo_12/AkMRPwNv99Q-Scene-0012/entity_40.png
T2V_data/VIDGEN-1M_unzip/An6dY2S5Ef4-Scene-0032.mp4,"In the video, a person is seen holding a piece of slime in their hands. The slime is clear and appears to be made of a gel-like substance. The person is standing in front of a sink, and there is a blue colander placed in the sink. The person is holding the slime under running water from the faucet, and the water is causing the slime to stretch and change shape. The person's hands are visible, and they are wearing a ring on their left hand. The video is shot in a well-lit room, and the focus is on the slime and the person's hands.",T2V_data/label/vidgen_filter_gemini_part_0_dpo_12/An6dY2S5Ef4-Scene-0032/depth.mp4,T2V_data/label/vidgen_filter_gemini_part_0_dpo_12/An6dY2S5Ef4-Scene-0032/entity_60.png
T2V_data/VIDGEN-1M_unzip/An6dY2S5Ef4-Scene-0032.mp4,"In the video, a person is seen holding a piece of slime in their hands. The slime is clear and appears to be made of a gel-like substance. The person is standing in front of a sink, and there is a blue colander placed in the sink. The person is holding the slime under running water from the faucet, and the water is causing the slime to stretch and change shape. The person's hands are visible, and they are wearing a ring on their left hand. The video is shot in a well-lit room, and the focus is on the slime and the person's hands.",T2V_data/label/vidgen_filter_gemini_part_0_dpo_12/An6dY2S5Ef4-Scene-0032/entity_60.mp4,T2V_data/label/vidgen_filter_gemini_part_0_dpo_12/An6dY2S5Ef4-Scene-0032/entity_60.png
T2V_data/VIDGEN-1M_unzip/AuVYp3frf5k-Scene-0027.mp4,"The video shows a judo match between two female athletes. One athlete is wearing a white judo gi, while the other is wearing a blue judo gi. They are both on a yellow mat, and there are several people in the background, including judges and photographers. The athlete in the white gi performs a throw on the athlete in the blue gi, causing her to fall onto the mat. The athlete in the white gi then pins the athlete in the blue gi to the mat, and the referee signals the end of the match. The video captures the athleticism and skill of the judo athletes, as well as the competitive atmosphere of the event.",T2V_data/label/vidgen_filter_gemini_part_0_dpo_12/AuVYp3frf5k-Scene-0027/depth.mp4,T2V_data/label/vidgen_filter_gemini_part_0_dpo_12/AuVYp3frf5k-Scene-0027/entity_40.png
T2V_data/VIDGEN-1M_unzip/AuVYp3frf5k-Scene-0027.mp4,"The video shows a judo match between two female athletes. One athlete is wearing a white judo gi, while the other is wearing a blue judo gi. They are both on a yellow mat, and there are several people in the background, including judges and photographers. The athlete in the white gi performs a throw on the athlete in the blue gi, causing her to fall onto the mat. The athlete in the white gi then pins the athlete in the blue gi to the mat, and the referee signals the end of the match. The video captures the athleticism and skill of the judo athletes, as well as the competitive atmosphere of the event.",T2V_data/label/vidgen_filter_gemini_part_0_dpo_12/AuVYp3frf5k-Scene-0027/entity_40.mp4,T2V_data/label/vidgen_filter_gemini_part_0_dpo_12/AuVYp3frf5k-Scene-0027/entity_40.png
T2V_data/VIDGEN-1M_unzip/Ay9Uq8w0Vcg-Scene-0017.mp4,"In the video, a lizard is seen climbing up the trunk of a tree. The lizard is brown in color and has a rough texture on its skin. The tree has a rough bark and is surrounded by green leaves. The lizard moves slowly and carefully as it climbs up the tree. The background is a natural setting with trees and foliage.",T2V_data/label/vidgen_filter_gemini_part_0_dpo_12/Ay9Uq8w0Vcg-Scene-0017/depth.mp4,T2V_data/label/vidgen_filter_gemini_part_0_dpo_12/Ay9Uq8w0Vcg-Scene-0017/entity_20.png
T2V_data/VIDGEN-1M_unzip/Ay9Uq8w0Vcg-Scene-0017.mp4,"In the video, a lizard is seen climbing up the trunk of a tree. The lizard is brown in color and has a rough texture on its skin. The tree has a rough bark and is surrounded by green leaves. The lizard moves slowly and carefully as it climbs up the tree. The background is a natural setting with trees and foliage.",T2V_data/label/vidgen_filter_gemini_part_0_dpo_12/Ay9Uq8w0Vcg-Scene-0017/entity_20.mp4,T2V_data/label/vidgen_filter_gemini_part_0_dpo_12/Ay9Uq8w0Vcg-Scene-0017/entity_20.png
T2V_data/VIDGEN-1M_unzip/B4hKD1NN87M-Scene-0029.mp4,"This video features a soccer game being played on a green field with white lines. The players are wearing different colored uniforms, and the ball is being passed around the field. The gameplay is shown from various angles, and the score is displayed on the top left corner of the screen. The players are seen running, kicking, and passing the ball, and the gameplay is fast-paced and exciting.",T2V_data/label/vidgen_filter_gemini_part_0_dpo_12/B4hKD1NN87M-Scene-0029/depth.mp4,T2V_data/label/vidgen_filter_gemini_part_0_dpo_12/B4hKD1NN87M-Scene-0029/entity_20.png
T2V_data/VIDGEN-1M_unzip/B4hKD1NN87M-Scene-0029.mp4,"This video features a soccer game being played on a green field with white lines. The players are wearing different colored uniforms, and the ball is being passed around the field. The gameplay is shown from various angles, and the score is displayed on the top left corner of the screen. The players are seen running, kicking, and passing the ball, and the gameplay is fast-paced and exciting.",T2V_data/label/vidgen_filter_gemini_part_0_dpo_12/B4hKD1NN87M-Scene-0029/entity_20.mp4,T2V_data/label/vidgen_filter_gemini_part_0_dpo_12/B4hKD1NN87M-Scene-0029/entity_20.png
T2V_data/VIDGEN-1M_unzip/BIS5FabqmWU-Scene-0053.mp4,"The video shows a sailboat sailing through the ocean. The camera is positioned on the side of the boat, capturing the waves crashing against the boat's side. The sky is clear with a few clouds, and the water is a deep blue color. The boat has a white hull with a green and blue design on the side. The waves are large and powerful, creating a lot of white foam as they break against the boat. The sailboat appears to be moving at a fast pace, cutting through the water and leaving a trail of waves in its wake.",T2V_data/label/vidgen_filter_gemini_part_0_dpo_12/BIS5FabqmWU-Scene-0053/depth.mp4,T2V_data/label/vidgen_filter_gemini_part_0_dpo_12/BIS5FabqmWU-Scene-0053/entity_20.png
T2V_data/VIDGEN-1M_unzip/BIS5FabqmWU-Scene-0053.mp4,"The video shows a sailboat sailing through the ocean. The camera is positioned on the side of the boat, capturing the waves crashing against the boat's side. The sky is clear with a few clouds, and the water is a deep blue color. The boat has a white hull with a green and blue design on the side. The waves are large and powerful, creating a lot of white foam as they break against the boat. The sailboat appears to be moving at a fast pace, cutting through the water and leaving a trail of waves in its wake.",T2V_data/label/vidgen_filter_gemini_part_0_dpo_12/BIS5FabqmWU-Scene-0053/entity_20.mp4,T2V_data/label/vidgen_filter_gemini_part_0_dpo_12/BIS5FabqmWU-Scene-0053/entity_20.png
T2V_data/VIDGEN-1M_unzip/BQHfdyH0jeA-Scene-0062.mp4,"In the video, a person is seen holding a stick in their hand. The stick is wet and appears to be covered in mud. The person then proceeds to clean the stick by shaking it off. The background of the video shows a body of water, possibly a river or stream. The person's hand is visible, and they are wearing a glove. The stick is brown and appears to be of medium length. The person's movements are deliberate and careful as they clean the stick.",T2V_data/label/vidgen_filter_gemini_part_0_dpo_12/BQHfdyH0jeA-Scene-0062/depth.mp4,T2V_data/label/vidgen_filter_gemini_part_0_dpo_12/BQHfdyH0jeA-Scene-0062/entity_20.png
T2V_data/VIDGEN-1M_unzip/BQHfdyH0jeA-Scene-0062.mp4,"In the video, a person is seen holding a stick in their hand. The stick is wet and appears to be covered in mud. The person then proceeds to clean the stick by shaking it off. The background of the video shows a body of water, possibly a river or stream. The person's hand is visible, and they are wearing a glove. The stick is brown and appears to be of medium length. The person's movements are deliberate and careful as they clean the stick.",T2V_data/label/vidgen_filter_gemini_part_0_dpo_12/BQHfdyH0jeA-Scene-0062/entity_20.mp4,T2V_data/label/vidgen_filter_gemini_part_0_dpo_12/BQHfdyH0jeA-Scene-0062/entity_20.png
T2V_data/VIDGEN-1M_unzip/BbJHGIX4DMo-Scene-0054.mp4,"The video shows a close-up of a copper pipe being welded. The pipe is placed on a brick, and a person is using a welding torch to melt and fuse the copper pieces together. The torch is held at an angle, and the flame is applied to the seam of the pipe. As the flame touches the copper, it begins to glow and melt, creating a seam that will hold the two pieces of pipe together. The person's hand is visible, holding the torch steady as they work. The background is blurred, but it appears to be a workshop or garage setting.",T2V_data/label/vidgen_filter_gemini_part_0_dpo_12/BbJHGIX4DMo-Scene-0054/depth.mp4,T2V_data/label/vidgen_filter_gemini_part_0_dpo_12/BbJHGIX4DMo-Scene-0054/entity_20.png
T2V_data/VIDGEN-1M_unzip/BbJHGIX4DMo-Scene-0054.mp4,"The video shows a close-up of a copper pipe being welded. The pipe is placed on a brick, and a person is using a welding torch to melt and fuse the copper pieces together. The torch is held at an angle, and the flame is applied to the seam of the pipe. As the flame touches the copper, it begins to glow and melt, creating a seam that will hold the two pieces of pipe together. The person's hand is visible, holding the torch steady as they work. The background is blurred, but it appears to be a workshop or garage setting.",T2V_data/label/vidgen_filter_gemini_part_0_dpo_12/BbJHGIX4DMo-Scene-0054/entity_20.mp4,T2V_data/label/vidgen_filter_gemini_part_0_dpo_12/BbJHGIX4DMo-Scene-0054/entity_20.png
T2V_data/VIDGEN-1M_unzip/BbPPyET-qqs-Scene-0116.mp4,"The video shows a person using a wrench to tighten a bolt on a piece of machinery. The person's hand is visible, and they are wearing a ring on their finger. The machinery appears to be made of metal and has several other bolts and wires attached to it. The person is turning the wrench clockwise to tighten the bolt.",T2V_data/label/vidgen_filter_gemini_part_0_dpo_12/BbPPyET-qqs-Scene-0116/depth.mp4,T2V_data/label/vidgen_filter_gemini_part_0_dpo_12/BbPPyET-qqs-Scene-0116/entity_40.png
T2V_data/VIDGEN-1M_unzip/BbPPyET-qqs-Scene-0116.mp4,"The video shows a person using a wrench to tighten a bolt on a piece of machinery. The person's hand is visible, and they are wearing a ring on their finger. The machinery appears to be made of metal and has several other bolts and wires attached to it. The person is turning the wrench clockwise to tighten the bolt.",T2V_data/label/vidgen_filter_gemini_part_0_dpo_12/BbPPyET-qqs-Scene-0116/entity_40.mp4,T2V_data/label/vidgen_filter_gemini_part_0_dpo_12/BbPPyET-qqs-Scene-0116/entity_40.png
T2V_data/VIDGEN-1M_unzip/BbPPyET-qqs-Scene-0116.mp4,"The video shows a person using a wrench to tighten a bolt on a piece of machinery. The person's hand is visible, and they are wearing a ring on their finger. The machinery appears to be made of metal and has several other bolts and wires attached to it. The person is turning the wrench clockwise to tighten the bolt.",T2V_data/label/vidgen_filter_gemini_part_0_dpo_12/BbPPyET-qqs-Scene-0116/depth.mp4,T2V_data/label/vidgen_filter_gemini_part_0_dpo_12/BbPPyET-qqs-Scene-0116/entity_60.png
T2V_data/VIDGEN-1M_unzip/BbPPyET-qqs-Scene-0116.mp4,"The video shows a person using a wrench to tighten a bolt on a piece of machinery. The person's hand is visible, and they are wearing a ring on their finger. The machinery appears to be made of metal and has several other bolts and wires attached to it. The person is turning the wrench clockwise to tighten the bolt.",T2V_data/label/vidgen_filter_gemini_part_0_dpo_12/BbPPyET-qqs-Scene-0116/entity_60.mp4,T2V_data/label/vidgen_filter_gemini_part_0_dpo_12/BbPPyET-qqs-Scene-0116/entity_60.png
T2V_data/VIDGEN-1M_unzip/C1WG40Hh97c-Scene-0073.mp4,"In the video, a person's hand is seen moving a gear shift knob in a car. The hand is moving the knob from one position to another, indicating the changing of gears. The gear shift knob is located in the center console of the car, and the hand appears to be that of an adult. The car's interior is not fully visible, but the gear shift knob is black with white lettering indicating the different gears. The hand moves the knob with precision, suggesting that the person is familiar with the car's gear system.",T2V_data/label/vidgen_filter_gemini_part_0_dpo_12/C1WG40Hh97c-Scene-0073/depth.mp4,T2V_data/label/vidgen_filter_gemini_part_0_dpo_12/C1WG40Hh97c-Scene-0073/entity_40.png
T2V_data/VIDGEN-1M_unzip/C1WG40Hh97c-Scene-0073.mp4,"In the video, a person's hand is seen moving a gear shift knob in a car. The hand is moving the knob from one position to another, indicating the changing of gears. The gear shift knob is located in the center console of the car, and the hand appears to be that of an adult. The car's interior is not fully visible, but the gear shift knob is black with white lettering indicating the different gears. The hand moves the knob with precision, suggesting that the person is familiar with the car's gear system.",T2V_data/label/vidgen_filter_gemini_part_0_dpo_12/C1WG40Hh97c-Scene-0073/entity_40.mp4,T2V_data/label/vidgen_filter_gemini_part_0_dpo_12/C1WG40Hh97c-Scene-0073/entity_40.png
T2V_data/VIDGEN-1M_unzip/CEt_piw64Go-Scene-0036.mp4,"In the video, a person is seen holding a plastic bottle on a wooden surface. The person then uses a pair of scissors to cut the bottle. The scissors are black and white in color and are used to cut the bottle into several pieces. The person's hands are visible in the video, and they are wearing a black shirt. The wooden surface on which the bottle is placed is light brown in color. The video is shot in a well-lit room, and the background is not visible.",T2V_data/label/vidgen_filter_gemini_part_0_dpo_12/CEt_piw64Go-Scene-0036/depth.mp4,T2V_data/label/vidgen_filter_gemini_part_0_dpo_12/CEt_piw64Go-Scene-0036/entity_40.png
T2V_data/VIDGEN-1M_unzip/CEt_piw64Go-Scene-0036.mp4,"In the video, a person is seen holding a plastic bottle on a wooden surface. The person then uses a pair of scissors to cut the bottle. The scissors are black and white in color and are used to cut the bottle into several pieces. The person's hands are visible in the video, and they are wearing a black shirt. The wooden surface on which the bottle is placed is light brown in color. The video is shot in a well-lit room, and the background is not visible.",T2V_data/label/vidgen_filter_gemini_part_0_dpo_12/CEt_piw64Go-Scene-0036/entity_40.mp4,T2V_data/label/vidgen_filter_gemini_part_0_dpo_12/CEt_piw64Go-Scene-0036/entity_40.png
T2V_data/VIDGEN-1M_unzip/CH_O7FMOhhs-Scene-0018.mp4,"In the video, a man is seen standing behind a bar, holding a bottle of champagne. He is attempting to open the bottle by using a stick to pop the cork. A woman is standing next to him, holding a microphone and speaking into it. The man is wearing a black shirt and the woman is wearing a black tank top. The bar has various bottles of alcohol and glasses on it. The man is focused on opening the bottle, while the woman is speaking into the microphone.",T2V_data/label/vidgen_filter_gemini_part_0_dpo_12/CH_O7FMOhhs-Scene-0018/depth.mp4,T2V_data/label/vidgen_filter_gemini_part_0_dpo_12/CH_O7FMOhhs-Scene-0018/entity_20.png
T2V_data/VIDGEN-1M_unzip/CH_O7FMOhhs-Scene-0018.mp4,"In the video, a man is seen standing behind a bar, holding a bottle of champagne. He is attempting to open the bottle by using a stick to pop the cork. A woman is standing next to him, holding a microphone and speaking into it. The man is wearing a black shirt and the woman is wearing a black tank top. The bar has various bottles of alcohol and glasses on it. The man is focused on opening the bottle, while the woman is speaking into the microphone.",T2V_data/label/vidgen_filter_gemini_part_0_dpo_12/CH_O7FMOhhs-Scene-0018/entity_20.mp4,T2V_data/label/vidgen_filter_gemini_part_0_dpo_12/CH_O7FMOhhs-Scene-0018/entity_20.png
T2V_data/VIDGEN-1M_unzip/CH_O7FMOhhs-Scene-0018.mp4,"In the video, a man is seen standing behind a bar, holding a bottle of champagne. He is attempting to open the bottle by using a stick to pop the cork. A woman is standing next to him, holding a microphone and speaking into it. The man is wearing a black shirt and the woman is wearing a black tank top. The bar has various bottles of alcohol and glasses on it. The man is focused on opening the bottle, while the woman is speaking into the microphone.",T2V_data/label/vidgen_filter_gemini_part_0_dpo_12/CH_O7FMOhhs-Scene-0018/depth.mp4,T2V_data/label/vidgen_filter_gemini_part_0_dpo_12/CH_O7FMOhhs-Scene-0018/entity_40.png
T2V_data/VIDGEN-1M_unzip/CH_O7FMOhhs-Scene-0018.mp4,"In the video, a man is seen standing behind a bar, holding a bottle of champagne. He is attempting to open the bottle by using a stick to pop the cork. A woman is standing next to him, holding a microphone and speaking into it. The man is wearing a black shirt and the woman is wearing a black tank top. The bar has various bottles of alcohol and glasses on it. The man is focused on opening the bottle, while the woman is speaking into the microphone.",T2V_data/label/vidgen_filter_gemini_part_0_dpo_12/CH_O7FMOhhs-Scene-0018/entity_40.mp4,T2V_data/label/vidgen_filter_gemini_part_0_dpo_12/CH_O7FMOhhs-Scene-0018/entity_40.png
T2V_data/VIDGEN-1M_unzip/DIbzyHU0CgY-Scene-0018.mp4,"In the video, a person is seen cooking pasta in a pot of boiling water. The pot is placed on a stove, and the person is using a strainer to pour the pasta into the pot. The pasta is yellow in color and appears to be of the macaroni variety. The water in the pot is bubbling and steaming, indicating that it is at a high temperature. The person is using a utensil to stir the pasta in the pot, ensuring that it is evenly cooked. The kitchen environment is not visible in the video, and there are no other objects or people in the frame. The focus is solely on the cooking process of the pasta.",T2V_data/label/vidgen_filter_gemini_part_0_dpo_12/DIbzyHU0CgY-Scene-0018/depth.mp4,T2V_data/label/vidgen_filter_gemini_part_0_dpo_12/DIbzyHU0CgY-Scene-0018/entity_60.png
T2V_data/VIDGEN-1M_unzip/DIbzyHU0CgY-Scene-0018.mp4,"In the video, a person is seen cooking pasta in a pot of boiling water. The pot is placed on a stove, and the person is using a strainer to pour the pasta into the pot. The pasta is yellow in color and appears to be of the macaroni variety. The water in the pot is bubbling and steaming, indicating that it is at a high temperature. The person is using a utensil to stir the pasta in the pot, ensuring that it is evenly cooked. The kitchen environment is not visible in the video, and there are no other objects or people in the frame. The focus is solely on the cooking process of the pasta.",T2V_data/label/vidgen_filter_gemini_part_0_dpo_12/DIbzyHU0CgY-Scene-0018/entity_60.mp4,T2V_data/label/vidgen_filter_gemini_part_0_dpo_12/DIbzyHU0CgY-Scene-0018/entity_60.png
T2V_data/VIDGEN-1M_unzip/DMJ7gMSzeZ4-Scene-0018.mp4,"The video shows a person using an electric mixer to blend ingredients in a glass bowl. The bowl is placed on a wooden cutting board, and the person's hands are visible as they operate the mixer. The ingredients in the bowl appear to be flour, eggs, and possibly other baking ingredients. The mixer is black and has a metal whisk attachment. The person's hands are steady as they guide the mixer through the ingredients, ensuring a thorough blend. The video is shot from an overhead perspective, allowing a clear view of the mixing process.",T2V_data/label/vidgen_filter_gemini_part_0_dpo_12/DMJ7gMSzeZ4-Scene-0018/depth.mp4,T2V_data/label/vidgen_filter_gemini_part_0_dpo_12/DMJ7gMSzeZ4-Scene-0018/entity_20.png
T2V_data/VIDGEN-1M_unzip/DMJ7gMSzeZ4-Scene-0018.mp4,"The video shows a person using an electric mixer to blend ingredients in a glass bowl. The bowl is placed on a wooden cutting board, and the person's hands are visible as they operate the mixer. The ingredients in the bowl appear to be flour, eggs, and possibly other baking ingredients. The mixer is black and has a metal whisk attachment. The person's hands are steady as they guide the mixer through the ingredients, ensuring a thorough blend. The video is shot from an overhead perspective, allowing a clear view of the mixing process.",T2V_data/label/vidgen_filter_gemini_part_0_dpo_12/DMJ7gMSzeZ4-Scene-0018/entity_20.mp4,T2V_data/label/vidgen_filter_gemini_part_0_dpo_12/DMJ7gMSzeZ4-Scene-0018/entity_20.png
T2V_data/VIDGEN-1M_unzip/DMJ7gMSzeZ4-Scene-0018.mp4,"The video shows a person using an electric mixer to blend ingredients in a glass bowl. The bowl is placed on a wooden cutting board, and the person's hands are visible as they operate the mixer. The ingredients in the bowl appear to be flour, eggs, and possibly other baking ingredients. The mixer is black and has a metal whisk attachment. The person's hands are steady as they guide the mixer through the ingredients, ensuring a thorough blend. The video is shot from an overhead perspective, allowing a clear view of the mixing process.",T2V_data/label/vidgen_filter_gemini_part_0_dpo_12/DMJ7gMSzeZ4-Scene-0018/depth.mp4,T2V_data/label/vidgen_filter_gemini_part_0_dpo_12/DMJ7gMSzeZ4-Scene-0018/entity_40.png
T2V_data/VIDGEN-1M_unzip/DMJ7gMSzeZ4-Scene-0018.mp4,"The video shows a person using an electric mixer to blend ingredients in a glass bowl. The bowl is placed on a wooden cutting board, and the person's hands are visible as they operate the mixer. The ingredients in the bowl appear to be flour, eggs, and possibly other baking ingredients. The mixer is black and has a metal whisk attachment. The person's hands are steady as they guide the mixer through the ingredients, ensuring a thorough blend. The video is shot from an overhead perspective, allowing a clear view of the mixing process.",T2V_data/label/vidgen_filter_gemini_part_0_dpo_12/DMJ7gMSzeZ4-Scene-0018/entity_40.mp4,T2V_data/label/vidgen_filter_gemini_part_0_dpo_12/DMJ7gMSzeZ4-Scene-0018/entity_40.png
T2V_data/VIDGEN-1M_unzip/DMJ7gMSzeZ4-Scene-0018.mp4,"The video shows a person using an electric mixer to blend ingredients in a glass bowl. The bowl is placed on a wooden cutting board, and the person's hands are visible as they operate the mixer. The ingredients in the bowl appear to be flour, eggs, and possibly other baking ingredients. The mixer is black and has a metal whisk attachment. The person's hands are steady as they guide the mixer through the ingredients, ensuring a thorough blend. The video is shot from an overhead perspective, allowing a clear view of the mixing process.",T2V_data/label/vidgen_filter_gemini_part_0_dpo_12/DMJ7gMSzeZ4-Scene-0018/depth.mp4,T2V_data/label/vidgen_filter_gemini_part_0_dpo_12/DMJ7gMSzeZ4-Scene-0018/entity_60.png
T2V_data/VIDGEN-1M_unzip/DMJ7gMSzeZ4-Scene-0018.mp4,"The video shows a person using an electric mixer to blend ingredients in a glass bowl. The bowl is placed on a wooden cutting board, and the person's hands are visible as they operate the mixer. The ingredients in the bowl appear to be flour, eggs, and possibly other baking ingredients. The mixer is black and has a metal whisk attachment. The person's hands are steady as they guide the mixer through the ingredients, ensuring a thorough blend. The video is shot from an overhead perspective, allowing a clear view of the mixing process.",T2V_data/label/vidgen_filter_gemini_part_0_dpo_12/DMJ7gMSzeZ4-Scene-0018/entity_60.mp4,T2V_data/label/vidgen_filter_gemini_part_0_dpo_12/DMJ7gMSzeZ4-Scene-0018/entity_60.png
T2V_data/VIDGEN-1M_unzip/DMXkNq93hBk-Scene-0069.mp4,"In the video, a red pickup truck is seen driving through a muddy field. The truck is covered in mud, indicating that it has been driving through the mud for some time. The truck is moving slowly, and it appears to be struggling to maintain traction on the slippery surface. The field is surrounded by trees and there is no visible sign of other vehicles or people in the area. The sky is overcast, suggesting that it may have been raining recently, which could have contributed to the muddy conditions. The truck's headlights are on, and the truck's tires are spinning rapidly, causing mud to splash around. The video does not show any other significant action or event.",T2V_data/label/vidgen_filter_gemini_part_0_dpo_12/DMXkNq93hBk-Scene-0069/depth.mp4,T2V_data/label/vidgen_filter_gemini_part_0_dpo_12/DMXkNq93hBk-Scene-0069/entity_20.png
T2V_data/VIDGEN-1M_unzip/DMXkNq93hBk-Scene-0069.mp4,"In the video, a red pickup truck is seen driving through a muddy field. The truck is covered in mud, indicating that it has been driving through the mud for some time. The truck is moving slowly, and it appears to be struggling to maintain traction on the slippery surface. The field is surrounded by trees and there is no visible sign of other vehicles or people in the area. The sky is overcast, suggesting that it may have been raining recently, which could have contributed to the muddy conditions. The truck's headlights are on, and the truck's tires are spinning rapidly, causing mud to splash around. The video does not show any other significant action or event.",T2V_data/label/vidgen_filter_gemini_part_0_dpo_12/DMXkNq93hBk-Scene-0069/entity_20.mp4,T2V_data/label/vidgen_filter_gemini_part_0_dpo_12/DMXkNq93hBk-Scene-0069/entity_20.png
T2V_data/VIDGEN-1M_unzip/D_9xAk0uNSw-Scene-0065.mp4,"The video shows a race car with the number 78 on it, spinning out of control on a race track. The car is black and blue with sponsor logos on it. There is smoke coming from the tires as the car spins. Other race cars are seen passing by the spinning car. The video is shot from different angles, showing the car spinning from the side and the front. The track is surrounded by a fence, and there are people watching from the stands.",T2V_data/label/vidgen_filter_gemini_part_0_dpo_12/D_9xAk0uNSw-Scene-0065/depth.mp4,T2V_data/label/vidgen_filter_gemini_part_0_dpo_12/D_9xAk0uNSw-Scene-0065/entity_20.png
T2V_data/VIDGEN-1M_unzip/D_9xAk0uNSw-Scene-0065.mp4,"The video shows a race car with the number 78 on it, spinning out of control on a race track. The car is black and blue with sponsor logos on it. There is smoke coming from the tires as the car spins. Other race cars are seen passing by the spinning car. The video is shot from different angles, showing the car spinning from the side and the front. The track is surrounded by a fence, and there are people watching from the stands.",T2V_data/label/vidgen_filter_gemini_part_0_dpo_12/D_9xAk0uNSw-Scene-0065/entity_20.mp4,T2V_data/label/vidgen_filter_gemini_part_0_dpo_12/D_9xAk0uNSw-Scene-0065/entity_20.png
T2V_data/VIDGEN-1M_unzip/DdaRbOPRqHw-Scene-0006.mp4,"In the video, a person is using a green KitchenAid mixer to mix flour and butter in a metal bowl. The mixer is turned on and the person adjusts the settings to ensure that the ingredients are mixed thoroughly. The person's hands are visible as they operate the mixer and adjust the settings. The video focuses on the mixing process and the ingredients being combined to form a smooth mixture.",T2V_data/label/vidgen_filter_gemini_part_0_dpo_12/DdaRbOPRqHw-Scene-0006/depth.mp4,T2V_data/label/vidgen_filter_gemini_part_0_dpo_12/DdaRbOPRqHw-Scene-0006/entity_40.png
T2V_data/VIDGEN-1M_unzip/DdaRbOPRqHw-Scene-0006.mp4,"In the video, a person is using a green KitchenAid mixer to mix flour and butter in a metal bowl. The mixer is turned on and the person adjusts the settings to ensure that the ingredients are mixed thoroughly. The person's hands are visible as they operate the mixer and adjust the settings. The video focuses on the mixing process and the ingredients being combined to form a smooth mixture.",T2V_data/label/vidgen_filter_gemini_part_0_dpo_12/DdaRbOPRqHw-Scene-0006/entity_40.mp4,T2V_data/label/vidgen_filter_gemini_part_0_dpo_12/DdaRbOPRqHw-Scene-0006/entity_40.png
T2V_data/VIDGEN-1M_unzip/DdaRbOPRqHw-Scene-0006.mp4,"In the video, a person is using a green KitchenAid mixer to mix flour and butter in a metal bowl. The mixer is turned on and the person adjusts the settings to ensure that the ingredients are mixed thoroughly. The person's hands are visible as they operate the mixer and adjust the settings. The video focuses on the mixing process and the ingredients being combined to form a smooth mixture.",T2V_data/label/vidgen_filter_gemini_part_0_dpo_12/DdaRbOPRqHw-Scene-0006/depth.mp4,T2V_data/label/vidgen_filter_gemini_part_0_dpo_12/DdaRbOPRqHw-Scene-0006/entity_60.png
T2V_data/VIDGEN-1M_unzip/DdaRbOPRqHw-Scene-0006.mp4,"In the video, a person is using a green KitchenAid mixer to mix flour and butter in a metal bowl. The mixer is turned on and the person adjusts the settings to ensure that the ingredients are mixed thoroughly. The person's hands are visible as they operate the mixer and adjust the settings. The video focuses on the mixing process and the ingredients being combined to form a smooth mixture.",T2V_data/label/vidgen_filter_gemini_part_0_dpo_12/DdaRbOPRqHw-Scene-0006/entity_60.mp4,T2V_data/label/vidgen_filter_gemini_part_0_dpo_12/DdaRbOPRqHw-Scene-0006/entity_60.png
T2V_data/VIDGEN-1M_unzip/DgZw2wHtCW4-Scene-0030.mp4,The video shows a person using a tool to remove a dent from a car. The tool is made of metal and has a handle that the person is holding with one hand while using the other hand to operate the tool. The car appears to be red and is positioned on a lift. The person is wearing a black jacket and has a ring on their finger. The video is shot in a garage or workshop setting.,T2V_data/label/vidgen_filter_gemini_part_0_dpo_12/DgZw2wHtCW4-Scene-0030/depth.mp4,T2V_data/label/vidgen_filter_gemini_part_0_dpo_12/DgZw2wHtCW4-Scene-0030/entity_60.png
T2V_data/VIDGEN-1M_unzip/DgZw2wHtCW4-Scene-0030.mp4,The video shows a person using a tool to remove a dent from a car. The tool is made of metal and has a handle that the person is holding with one hand while using the other hand to operate the tool. The car appears to be red and is positioned on a lift. The person is wearing a black jacket and has a ring on their finger. The video is shot in a garage or workshop setting.,T2V_data/label/vidgen_filter_gemini_part_0_dpo_12/DgZw2wHtCW4-Scene-0030/entity_60.mp4,T2V_data/label/vidgen_filter_gemini_part_0_dpo_12/DgZw2wHtCW4-Scene-0030/entity_60.png
T2V_data/VIDGEN-1M_unzip/DlDidmeKYCU-Scene-0078.mp4,"The video shows a person cooking noodles in a pot on a stove. The person is seen stirring the noodles with a spoon and adding seasoning to the pot. The pot is made of stainless steel and is placed on a black stove. The noodles are yellow in color and are being cooked in boiling water. The person's hand is visible as they stir the noodles and add seasoning. The video is shot from a close-up angle, focusing on the pot and the person's hand.",T2V_data/label/vidgen_filter_gemini_part_0_dpo_12/DlDidmeKYCU-Scene-0078/depth.mp4,T2V_data/label/vidgen_filter_gemini_part_0_dpo_12/DlDidmeKYCU-Scene-0078/entity_20.png
T2V_data/VIDGEN-1M_unzip/DlDidmeKYCU-Scene-0078.mp4,"The video shows a person cooking noodles in a pot on a stove. The person is seen stirring the noodles with a spoon and adding seasoning to the pot. The pot is made of stainless steel and is placed on a black stove. The noodles are yellow in color and are being cooked in boiling water. The person's hand is visible as they stir the noodles and add seasoning. The video is shot from a close-up angle, focusing on the pot and the person's hand.",T2V_data/label/vidgen_filter_gemini_part_0_dpo_12/DlDidmeKYCU-Scene-0078/entity_20.mp4,T2V_data/label/vidgen_filter_gemini_part_0_dpo_12/DlDidmeKYCU-Scene-0078/entity_20.png
T2V_data/VIDGEN-1M_unzip/E0c7jvnmFdM-Scene-0094.mp4,"In the video, a person is seen cutting a piece of raw meat with a knife. The meat is red and has white marbling throughout. The person is wearing a white glove on their left hand, which is holding the meat in place. The knife is silver and has a sharp edge, which is being used to cut the meat into thin slices. The background is a white cutting board, and there are no other objects or people visible in the video.",T2V_data/label/vidgen_filter_gemini_part_0_dpo_12/E0c7jvnmFdM-Scene-0094/depth.mp4,T2V_data/label/vidgen_filter_gemini_part_0_dpo_12/E0c7jvnmFdM-Scene-0094/entity_20.png
T2V_data/VIDGEN-1M_unzip/E0c7jvnmFdM-Scene-0094.mp4,"In the video, a person is seen cutting a piece of raw meat with a knife. The meat is red and has white marbling throughout. The person is wearing a white glove on their left hand, which is holding the meat in place. The knife is silver and has a sharp edge, which is being used to cut the meat into thin slices. The background is a white cutting board, and there are no other objects or people visible in the video.",T2V_data/label/vidgen_filter_gemini_part_0_dpo_12/E0c7jvnmFdM-Scene-0094/entity_20.mp4,T2V_data/label/vidgen_filter_gemini_part_0_dpo_12/E0c7jvnmFdM-Scene-0094/entity_20.png
T2V_data/VIDGEN-1M_unzip/EOCzHl75Nng-Scene-0086.mp4,"The video shows a close-up of a parrot toy hanging in a cage. The toy is made of colorful fabric and has a bell attached to it. The parrot is seen playing with the toy, biting and pulling on it. The cage bars are visible in the background, and there is a poster on the wall behind the cage. The parrot's feathers are a mix of green, yellow, and blue, and it appears to be a medium-sized bird. The toy is hanging from a metal chain, and the bell is silver in color. The parrot seems to be enjoying playing with the toy, as it moves around the cage.",T2V_data/label/vidgen_filter_gemini_part_0_dpo_12/EOCzHl75Nng-Scene-0086/depth.mp4,T2V_data/label/vidgen_filter_gemini_part_0_dpo_12/EOCzHl75Nng-Scene-0086/entity_40.png
T2V_data/VIDGEN-1M_unzip/EOCzHl75Nng-Scene-0086.mp4,"The video shows a close-up of a parrot toy hanging in a cage. The toy is made of colorful fabric and has a bell attached to it. The parrot is seen playing with the toy, biting and pulling on it. The cage bars are visible in the background, and there is a poster on the wall behind the cage. The parrot's feathers are a mix of green, yellow, and blue, and it appears to be a medium-sized bird. The toy is hanging from a metal chain, and the bell is silver in color. The parrot seems to be enjoying playing with the toy, as it moves around the cage.",T2V_data/label/vidgen_filter_gemini_part_0_dpo_12/EOCzHl75Nng-Scene-0086/entity_40.mp4,T2V_data/label/vidgen_filter_gemini_part_0_dpo_12/EOCzHl75Nng-Scene-0086/entity_40.png
T2V_data/VIDGEN-1M_unzip/FJdaJrEn0JE-Scene-0056.mp4,"In the video, a man is seen riding a jet ski on the water. He is wearing a helmet and a life jacket for safety. The man is holding onto the handlebars of the jet ski and appears to be enjoying the ride. The water around him is splashing up, indicating that he is moving at a high speed. The sun is shining brightly in the background, and the sky is clear and blue. The man seems to be alone on the jet ski, and there are no other boats or people visible in the video. The man's expression is one of excitement and enjoyment as he rides the jet ski.",T2V_data/label/vidgen_filter_gemini_part_0_dpo_12/FJdaJrEn0JE-Scene-0056/depth.mp4,T2V_data/label/vidgen_filter_gemini_part_0_dpo_12/FJdaJrEn0JE-Scene-0056/entity_20.png
T2V_data/VIDGEN-1M_unzip/FJdaJrEn0JE-Scene-0056.mp4,"In the video, a man is seen riding a jet ski on the water. He is wearing a helmet and a life jacket for safety. The man is holding onto the handlebars of the jet ski and appears to be enjoying the ride. The water around him is splashing up, indicating that he is moving at a high speed. The sun is shining brightly in the background, and the sky is clear and blue. The man seems to be alone on the jet ski, and there are no other boats or people visible in the video. The man's expression is one of excitement and enjoyment as he rides the jet ski.",T2V_data/label/vidgen_filter_gemini_part_0_dpo_12/FJdaJrEn0JE-Scene-0056/entity_20.mp4,T2V_data/label/vidgen_filter_gemini_part_0_dpo_12/FJdaJrEn0JE-Scene-0056/entity_20.png
T2V_data/VIDGEN-1M_unzip/FPPYlLJJjDI-Scene-0033.mp4,"The video shows a person surfing in the ocean. The surfer is wearing a black wetsuit and is riding a white surfboard. The waves are moderate in size and the water is a deep blue color. The sky is clear with no visible clouds. The surfer is seen riding the waves with ease, maintaining balance and control throughout the video. The camera angle is from the shore, looking out towards the ocean.",T2V_data/label/vidgen_filter_gemini_part_0_dpo_12/FPPYlLJJjDI-Scene-0033/depth.mp4,T2V_data/label/vidgen_filter_gemini_part_0_dpo_12/FPPYlLJJjDI-Scene-0033/entity_40.png
T2V_data/VIDGEN-1M_unzip/FPPYlLJJjDI-Scene-0033.mp4,"The video shows a person surfing in the ocean. The surfer is wearing a black wetsuit and is riding a white surfboard. The waves are moderate in size and the water is a deep blue color. The sky is clear with no visible clouds. The surfer is seen riding the waves with ease, maintaining balance and control throughout the video. The camera angle is from the shore, looking out towards the ocean.",T2V_data/label/vidgen_filter_gemini_part_0_dpo_12/FPPYlLJJjDI-Scene-0033/entity_40.mp4,T2V_data/label/vidgen_filter_gemini_part_0_dpo_12/FPPYlLJJjDI-Scene-0033/entity_40.png
T2V_data/VIDGEN-1M_unzip/FSUMQKcIrnA-Scene-0014.mp4,The video shows a man riding a bull in a rodeo ring. The bull bucks and the man is thrown off. The man is wearing a blue shirt and a helmet. The bull is brown and has a white patch on its face. The rodeo ring is surrounded by a crowd of people watching the event.,T2V_data/label/vidgen_filter_gemini_part_0_dpo_12/FSUMQKcIrnA-Scene-0014/depth.mp4,T2V_data/label/vidgen_filter_gemini_part_0_dpo_12/FSUMQKcIrnA-Scene-0014/entity_40.png
T2V_data/VIDGEN-1M_unzip/FSUMQKcIrnA-Scene-0014.mp4,The video shows a man riding a bull in a rodeo ring. The bull bucks and the man is thrown off. The man is wearing a blue shirt and a helmet. The bull is brown and has a white patch on its face. The rodeo ring is surrounded by a crowd of people watching the event.,T2V_data/label/vidgen_filter_gemini_part_0_dpo_12/FSUMQKcIrnA-Scene-0014/entity_40.mp4,T2V_data/label/vidgen_filter_gemini_part_0_dpo_12/FSUMQKcIrnA-Scene-0014/entity_40.png
T2V_data/VIDGEN-1M_unzip/FUtKzF_sRQg-Scene-0027.mp4,"The video shows a man skiing down a snow-covered slope. He is wearing a blue jacket, black pants, and sunglasses. The man is holding ski poles and appears to be in motion, gliding down the slope with ease. The sky is clear and blue, and there are trees visible in the background. The snow on the ground looks fresh and undisturbed, indicating that the man is one of the first to ski down this particular slope.",T2V_data/label/vidgen_filter_gemini_part_0_dpo_12/FUtKzF_sRQg-Scene-0027/depth.mp4,T2V_data/label/vidgen_filter_gemini_part_0_dpo_12/FUtKzF_sRQg-Scene-0027/entity_20.png
T2V_data/VIDGEN-1M_unzip/FUtKzF_sRQg-Scene-0027.mp4,"The video shows a man skiing down a snow-covered slope. He is wearing a blue jacket, black pants, and sunglasses. The man is holding ski poles and appears to be in motion, gliding down the slope with ease. The sky is clear and blue, and there are trees visible in the background. The snow on the ground looks fresh and undisturbed, indicating that the man is one of the first to ski down this particular slope.",T2V_data/label/vidgen_filter_gemini_part_0_dpo_12/FUtKzF_sRQg-Scene-0027/entity_20.mp4,T2V_data/label/vidgen_filter_gemini_part_0_dpo_12/FUtKzF_sRQg-Scene-0027/entity_20.png
T2V_data/VIDGEN-1M_unzip/FnBZltkXqT0-Scene-0032.mp4,"The video shows a person working on a metal object. The person is using a tool to make precise cuts and adjustments to the metal. The metal object appears to be a piece of metal that is being shaped or modified in some way. The person's hands are visible, and they are using the tool with care and precision. The background is not clearly visible, but it seems to be a workshop or a similar setting. The lighting is bright, and the focus is on the metal object and the person's hands.",T2V_data/label/vidgen_filter_gemini_part_0_dpo_12/FnBZltkXqT0-Scene-0032/depth.mp4,T2V_data/label/vidgen_filter_gemini_part_0_dpo_12/FnBZltkXqT0-Scene-0032/entity_40.png
T2V_data/VIDGEN-1M_unzip/FnBZltkXqT0-Scene-0032.mp4,"The video shows a person working on a metal object. The person is using a tool to make precise cuts and adjustments to the metal. The metal object appears to be a piece of metal that is being shaped or modified in some way. The person's hands are visible, and they are using the tool with care and precision. The background is not clearly visible, but it seems to be a workshop or a similar setting. The lighting is bright, and the focus is on the metal object and the person's hands.",T2V_data/label/vidgen_filter_gemini_part_0_dpo_12/FnBZltkXqT0-Scene-0032/entity_40.mp4,T2V_data/label/vidgen_filter_gemini_part_0_dpo_12/FnBZltkXqT0-Scene-0032/entity_40.png
T2V_data/VIDGEN-1M_unzip/G1RwdeT50Aw-Scene-0057.mp4,The video shows a military vehicle driving on a dirt road. The vehicle is camouflaged with green and brown colors and has a large tire on the front. The vehicle is driving past a sign that is on a wooden post and a rope barrier. The background consists of a tall concrete wall and some trees.,T2V_data/label/vidgen_filter_gemini_part_0_dpo_12/G1RwdeT50Aw-Scene-0057/depth.mp4,T2V_data/label/vidgen_filter_gemini_part_0_dpo_12/G1RwdeT50Aw-Scene-0057/entity_20.png
T2V_data/VIDGEN-1M_unzip/G1RwdeT50Aw-Scene-0057.mp4,The video shows a military vehicle driving on a dirt road. The vehicle is camouflaged with green and brown colors and has a large tire on the front. The vehicle is driving past a sign that is on a wooden post and a rope barrier. The background consists of a tall concrete wall and some trees.,T2V_data/label/vidgen_filter_gemini_part_0_dpo_12/G1RwdeT50Aw-Scene-0057/entity_20.mp4,T2V_data/label/vidgen_filter_gemini_part_0_dpo_12/G1RwdeT50Aw-Scene-0057/entity_20.png
T2V_data/VIDGEN-1M_unzip/GI6oaA9hNzo-Scene-0007.mp4,"In the video, a man is seen sharpening a knife using a sharpening stone. He is sitting on a log and is wearing a gray jacket. The man is holding the sharpening stone in his left hand and the knife in his right hand. He is rubbing the blade of the knife against the stone, moving it back and forth to sharpen it. The man appears to be focused on the task at hand, and there is a sense of calmness in his movements. The background is blurred, but it seems to be an outdoor setting with trees and foliage.",T2V_data/label/vidgen_filter_gemini_part_0_dpo_12/GI6oaA9hNzo-Scene-0007/depth.mp4,T2V_data/label/vidgen_filter_gemini_part_0_dpo_12/GI6oaA9hNzo-Scene-0007/entity_20.png
T2V_data/VIDGEN-1M_unzip/GI6oaA9hNzo-Scene-0007.mp4,"In the video, a man is seen sharpening a knife using a sharpening stone. He is sitting on a log and is wearing a gray jacket. The man is holding the sharpening stone in his left hand and the knife in his right hand. He is rubbing the blade of the knife against the stone, moving it back and forth to sharpen it. The man appears to be focused on the task at hand, and there is a sense of calmness in his movements. The background is blurred, but it seems to be an outdoor setting with trees and foliage.",T2V_data/label/vidgen_filter_gemini_part_0_dpo_12/GI6oaA9hNzo-Scene-0007/entity_20.mp4,T2V_data/label/vidgen_filter_gemini_part_0_dpo_12/GI6oaA9hNzo-Scene-0007/entity_20.png
T2V_data/VIDGEN-1M_unzip/GIsMI5TxJXU-Scene-0072.mp4,"The video shows a person pouring a white liquid, which appears to be milk, onto a chocolate cake. The cake is placed on a wire rack, and the milk is being poured from a white bowl. The milk is being poured in a steady stream, and the person is holding the bowl with one hand while pouring with the other. The cake has a smooth, shiny surface and is a rich brown color. The wire rack is silver and has a grid-like pattern. The background is a wooden surface, possibly a table or countertop.",T2V_data/label/vidgen_filter_gemini_part_0_dpo_12/GIsMI5TxJXU-Scene-0072/depth.mp4,T2V_data/label/vidgen_filter_gemini_part_0_dpo_12/GIsMI5TxJXU-Scene-0072/entity_20.png
T2V_data/VIDGEN-1M_unzip/GIsMI5TxJXU-Scene-0072.mp4,"The video shows a person pouring a white liquid, which appears to be milk, onto a chocolate cake. The cake is placed on a wire rack, and the milk is being poured from a white bowl. The milk is being poured in a steady stream, and the person is holding the bowl with one hand while pouring with the other. The cake has a smooth, shiny surface and is a rich brown color. The wire rack is silver and has a grid-like pattern. The background is a wooden surface, possibly a table or countertop.",T2V_data/label/vidgen_filter_gemini_part_0_dpo_12/GIsMI5TxJXU-Scene-0072/entity_20.mp4,T2V_data/label/vidgen_filter_gemini_part_0_dpo_12/GIsMI5TxJXU-Scene-0072/entity_20.png
T2V_data/VIDGEN-1M_unzip/GIsMI5TxJXU-Scene-0072.mp4,"The video shows a person pouring a white liquid, which appears to be milk, onto a chocolate cake. The cake is placed on a wire rack, and the milk is being poured from a white bowl. The milk is being poured in a steady stream, and the person is holding the bowl with one hand while pouring with the other. The cake has a smooth, shiny surface and is a rich brown color. The wire rack is silver and has a grid-like pattern. The background is a wooden surface, possibly a table or countertop.",T2V_data/label/vidgen_filter_gemini_part_0_dpo_12/GIsMI5TxJXU-Scene-0072/depth.mp4,T2V_data/label/vidgen_filter_gemini_part_0_dpo_12/GIsMI5TxJXU-Scene-0072/entity_40.png
T2V_data/VIDGEN-1M_unzip/GIsMI5TxJXU-Scene-0072.mp4,"The video shows a person pouring a white liquid, which appears to be milk, onto a chocolate cake. The cake is placed on a wire rack, and the milk is being poured from a white bowl. The milk is being poured in a steady stream, and the person is holding the bowl with one hand while pouring with the other. The cake has a smooth, shiny surface and is a rich brown color. The wire rack is silver and has a grid-like pattern. The background is a wooden surface, possibly a table or countertop.",T2V_data/label/vidgen_filter_gemini_part_0_dpo_12/GIsMI5TxJXU-Scene-0072/entity_40.mp4,T2V_data/label/vidgen_filter_gemini_part_0_dpo_12/GIsMI5TxJXU-Scene-0072/entity_40.png
T2V_data/VIDGEN-1M_unzip/GNBJ55yS-fA-Scene-0023.mp4,"In the video, a man is seen standing next to a mechanical bull. He then climbs onto the bull and begins to ride it. The bull moves in a circular motion, and the man tries to hold on as long as he can. The man is wearing a black shirt and blue jeans, and the bull is black with white patches. The background shows a grassy area with a train track visible in the distance.",T2V_data/label/vidgen_filter_gemini_part_0_dpo_12/GNBJ55yS-fA-Scene-0023/depth.mp4,T2V_data/label/vidgen_filter_gemini_part_0_dpo_12/GNBJ55yS-fA-Scene-0023/entity_20.png
T2V_data/VIDGEN-1M_unzip/GNBJ55yS-fA-Scene-0023.mp4,"In the video, a man is seen standing next to a mechanical bull. He then climbs onto the bull and begins to ride it. The bull moves in a circular motion, and the man tries to hold on as long as he can. The man is wearing a black shirt and blue jeans, and the bull is black with white patches. The background shows a grassy area with a train track visible in the distance.",T2V_data/label/vidgen_filter_gemini_part_0_dpo_12/GNBJ55yS-fA-Scene-0023/entity_20.mp4,T2V_data/label/vidgen_filter_gemini_part_0_dpo_12/GNBJ55yS-fA-Scene-0023/entity_20.png
T2V_data/VIDGEN-1M_unzip/GjiQeSeTByA-Scene-0044.mp4,"In the video, a person is seen working on a car engine. The person is using a wrench to remove a bolt from the engine. The engine is dirty and has various components visible. The person's hands are visible, and they are wearing a watch on their left wrist. The video is shot from a close-up angle, focusing on the person's hands and the engine. The person appears to be experienced in working on engines, as they handle the wrench with ease. The engine is a complex piece of machinery, with various pipes and wires visible. The video does not show the entire car, but it is clear that the engine is the main focus of the video. The lighting in the video is bright, and the colors are clear. The person's hands are steady, and they seem to be focused on the task at hand. The video does not contain any dialogue or sound, so it is unclear what the person is saying or thinking. Overall, the video provides a detailed look at the process of working on a car engine, with a focus on the use of a wrench to remove a bolt.",T2V_data/label/vidgen_filter_gemini_part_0_dpo_12/GjiQeSeTByA-Scene-0044/depth.mp4,T2V_data/label/vidgen_filter_gemini_part_0_dpo_12/GjiQeSeTByA-Scene-0044/entity_20.png
T2V_data/VIDGEN-1M_unzip/GjiQeSeTByA-Scene-0044.mp4,"In the video, a person is seen working on a car engine. The person is using a wrench to remove a bolt from the engine. The engine is dirty and has various components visible. The person's hands are visible, and they are wearing a watch on their left wrist. The video is shot from a close-up angle, focusing on the person's hands and the engine. The person appears to be experienced in working on engines, as they handle the wrench with ease. The engine is a complex piece of machinery, with various pipes and wires visible. The video does not show the entire car, but it is clear that the engine is the main focus of the video. The lighting in the video is bright, and the colors are clear. The person's hands are steady, and they seem to be focused on the task at hand. The video does not contain any dialogue or sound, so it is unclear what the person is saying or thinking. Overall, the video provides a detailed look at the process of working on a car engine, with a focus on the use of a wrench to remove a bolt.",T2V_data/label/vidgen_filter_gemini_part_0_dpo_12/GjiQeSeTByA-Scene-0044/entity_20.mp4,T2V_data/label/vidgen_filter_gemini_part_0_dpo_12/GjiQeSeTByA-Scene-0044/entity_20.png
T2V_data/VIDGEN-1M_unzip/H45nzZYqvbc-Scene-0045.mp4,"The video shows a large stadium filled with people watching a football game. The stadium is packed with spectators, and the atmosphere is lively and energetic. The football field is visible in the center of the stadium, with players running and tackling each other. The crowd is cheering and clapping, adding to the excitement of the game. The video captures the essence of a live football game, with the roar of the crowd and the action on the field.",T2V_data/label/vidgen_filter_gemini_part_0_dpo_12/H45nzZYqvbc-Scene-0045/depth.mp4,T2V_data/label/vidgen_filter_gemini_part_0_dpo_12/H45nzZYqvbc-Scene-0045/entity_40.png
T2V_data/VIDGEN-1M_unzip/H45nzZYqvbc-Scene-0045.mp4,"The video shows a large stadium filled with people watching a football game. The stadium is packed with spectators, and the atmosphere is lively and energetic. The football field is visible in the center of the stadium, with players running and tackling each other. The crowd is cheering and clapping, adding to the excitement of the game. The video captures the essence of a live football game, with the roar of the crowd and the action on the field.",T2V_data/label/vidgen_filter_gemini_part_0_dpo_12/H45nzZYqvbc-Scene-0045/entity_40.mp4,T2V_data/label/vidgen_filter_gemini_part_0_dpo_12/H45nzZYqvbc-Scene-0045/entity_40.png
T2V_data/VIDGEN-1M_unzip/H45nzZYqvbc-Scene-0045.mp4,"The video shows a large stadium filled with people watching a football game. The stadium is packed with spectators, and the atmosphere is lively and energetic. The football field is visible in the center of the stadium, with players running and tackling each other. The crowd is cheering and clapping, adding to the excitement of the game. The video captures the essence of a live football game, with the roar of the crowd and the action on the field.",T2V_data/label/vidgen_filter_gemini_part_0_dpo_12/H45nzZYqvbc-Scene-0045/depth.mp4,T2V_data/label/vidgen_filter_gemini_part_0_dpo_12/H45nzZYqvbc-Scene-0045/entity_80.png
T2V_data/VIDGEN-1M_unzip/H45nzZYqvbc-Scene-0045.mp4,"The video shows a large stadium filled with people watching a football game. The stadium is packed with spectators, and the atmosphere is lively and energetic. The football field is visible in the center of the stadium, with players running and tackling each other. The crowd is cheering and clapping, adding to the excitement of the game. The video captures the essence of a live football game, with the roar of the crowd and the action on the field.",T2V_data/label/vidgen_filter_gemini_part_0_dpo_12/H45nzZYqvbc-Scene-0045/entity_80.mp4,T2V_data/label/vidgen_filter_gemini_part_0_dpo_12/H45nzZYqvbc-Scene-0045/entity_80.png
T2V_data/VIDGEN-1M_unzip/HBH6P3m9uw8-Scene-0007.mp4,"In the video, a person is seen wearing gloves and working on a machine. The person is using a hammer to hit the machine, possibly to fix it or to adjust it. The machine appears to be made of metal and has several parts that the person is working on. The person's movements are deliberate and focused, indicating that they are experienced in working with machinery. The background is nondescript, with no other objects or people visible. The lighting is bright, and the video is clear, allowing for easy visibility of the person's actions.",T2V_data/label/vidgen_filter_gemini_part_0_dpo_12/HBH6P3m9uw8-Scene-0007/depth.mp4,T2V_data/label/vidgen_filter_gemini_part_0_dpo_12/HBH6P3m9uw8-Scene-0007/entity_60.png
T2V_data/VIDGEN-1M_unzip/HBH6P3m9uw8-Scene-0007.mp4,"In the video, a person is seen wearing gloves and working on a machine. The person is using a hammer to hit the machine, possibly to fix it or to adjust it. The machine appears to be made of metal and has several parts that the person is working on. The person's movements are deliberate and focused, indicating that they are experienced in working with machinery. The background is nondescript, with no other objects or people visible. The lighting is bright, and the video is clear, allowing for easy visibility of the person's actions.",T2V_data/label/vidgen_filter_gemini_part_0_dpo_12/HBH6P3m9uw8-Scene-0007/entity_60.mp4,T2V_data/label/vidgen_filter_gemini_part_0_dpo_12/HBH6P3m9uw8-Scene-0007/entity_60.png
T2V_data/VIDGEN-1M_unzip/HFzfINCYYZY-Scene-0010.mp4,"In the video, a person is using a green plastic bowl with a lid to chop vegetables. The bowl has several blades on the bottom, and the person is pressing down on the top of the bowl to push the vegetables through the blades. The vegetables are being chopped into small pieces and falling into the bowl below. The person is wearing a gray shirt and is standing in a kitchen with a granite countertop.",T2V_data/label/vidgen_filter_gemini_part_0_dpo_12/HFzfINCYYZY-Scene-0010/depth.mp4,T2V_data/label/vidgen_filter_gemini_part_0_dpo_12/HFzfINCYYZY-Scene-0010/entity_60.png
T2V_data/VIDGEN-1M_unzip/HFzfINCYYZY-Scene-0010.mp4,"In the video, a person is using a green plastic bowl with a lid to chop vegetables. The bowl has several blades on the bottom, and the person is pressing down on the top of the bowl to push the vegetables through the blades. The vegetables are being chopped into small pieces and falling into the bowl below. The person is wearing a gray shirt and is standing in a kitchen with a granite countertop.",T2V_data/label/vidgen_filter_gemini_part_0_dpo_12/HFzfINCYYZY-Scene-0010/entity_60.mp4,T2V_data/label/vidgen_filter_gemini_part_0_dpo_12/HFzfINCYYZY-Scene-0010/entity_60.png
T2V_data/VIDGEN-1M_unzip/HMBsKK0QCII-Scene-0142.mp4,"In the video, a person is seen sitting in the driver's seat of a car, with their hand on the gear shift. The person's hand is moving the gear shift back and forth, and they appear to be demonstrating how to use it. The car's interior is visible in the background, and the gear shift is located in the center console. The person's hand is the main focus of the video, and their movements suggest that they are explaining how to operate the gear shift.",T2V_data/label/vidgen_filter_gemini_part_0_dpo_12/HMBsKK0QCII-Scene-0142/depth.mp4,T2V_data/label/vidgen_filter_gemini_part_0_dpo_12/HMBsKK0QCII-Scene-0142/entity_40.png
T2V_data/VIDGEN-1M_unzip/HMBsKK0QCII-Scene-0142.mp4,"In the video, a person is seen sitting in the driver's seat of a car, with their hand on the gear shift. The person's hand is moving the gear shift back and forth, and they appear to be demonstrating how to use it. The car's interior is visible in the background, and the gear shift is located in the center console. The person's hand is the main focus of the video, and their movements suggest that they are explaining how to operate the gear shift.",T2V_data/label/vidgen_filter_gemini_part_0_dpo_12/HMBsKK0QCII-Scene-0142/entity_40.mp4,T2V_data/label/vidgen_filter_gemini_part_0_dpo_12/HMBsKK0QCII-Scene-0142/entity_40.png
T2V_data/VIDGEN-1M_unzip/HfwFnbeS4Rs-Scene-0012.mp4,"In the video, a man is seen holding a large jug of liquid. He is wearing a black hat and has a beard. The jug is blue and yellow and has a white handle. The man is pouring the liquid from the jug into a small glass that is placed on a wooden table. The background shows a garage with various tools hanging on the wall.",T2V_data/label/vidgen_filter_gemini_part_0_dpo_12/HfwFnbeS4Rs-Scene-0012/depth.mp4,T2V_data/label/vidgen_filter_gemini_part_0_dpo_12/HfwFnbeS4Rs-Scene-0012/entity_40.png
T2V_data/VIDGEN-1M_unzip/HfwFnbeS4Rs-Scene-0012.mp4,"In the video, a man is seen holding a large jug of liquid. He is wearing a black hat and has a beard. The jug is blue and yellow and has a white handle. The man is pouring the liquid from the jug into a small glass that is placed on a wooden table. The background shows a garage with various tools hanging on the wall.",T2V_data/label/vidgen_filter_gemini_part_0_dpo_12/HfwFnbeS4Rs-Scene-0012/entity_40.mp4,T2V_data/label/vidgen_filter_gemini_part_0_dpo_12/HfwFnbeS4Rs-Scene-0012/entity_40.png
T2V_data/VIDGEN-1M_unzip/HgdVUdCnw6A-Scene-0071.mp4,"In the video, a person is seen sitting on the floor with a plastic bag in their hands. They are pouring water from the bag into a blue plastic container. The person then picks up a white cloth and dips it into the water. They squeeze the cloth, and it appears to be soaking up the water. The person repeats this process several times, dipping the cloth into the water and squeezing it out. The video ends with the person holding the cloth, which is now wet.",T2V_data/label/vidgen_filter_gemini_part_0_dpo_12/HgdVUdCnw6A-Scene-0071/depth.mp4,T2V_data/label/vidgen_filter_gemini_part_0_dpo_12/HgdVUdCnw6A-Scene-0071/entity_20.png
T2V_data/VIDGEN-1M_unzip/HgdVUdCnw6A-Scene-0071.mp4,"In the video, a person is seen sitting on the floor with a plastic bag in their hands. They are pouring water from the bag into a blue plastic container. The person then picks up a white cloth and dips it into the water. They squeeze the cloth, and it appears to be soaking up the water. The person repeats this process several times, dipping the cloth into the water and squeezing it out. The video ends with the person holding the cloth, which is now wet.",T2V_data/label/vidgen_filter_gemini_part_0_dpo_12/HgdVUdCnw6A-Scene-0071/entity_20.mp4,T2V_data/label/vidgen_filter_gemini_part_0_dpo_12/HgdVUdCnw6A-Scene-0071/entity_20.png
T2V_data/VIDGEN-1M_unzip/HkagDd8GYCw-Scene-0133.mp4,"In the video, a leopard is seen in a grassy field with a porcupine. The leopard is trying to attack the porcupine, but the porcupine is defending itself by sticking its quills into the leopard. The leopard is seen trying to bite and claw at the porcupine, but the porcupine is able to fend off the attacks with its quills. The leopard eventually gives up and walks away, leaving the porcupine unharmed.",T2V_data/label/vidgen_filter_gemini_part_0_dpo_12/HkagDd8GYCw-Scene-0133/depth.mp4,T2V_data/label/vidgen_filter_gemini_part_0_dpo_12/HkagDd8GYCw-Scene-0133/entity_20.png
T2V_data/VIDGEN-1M_unzip/HkagDd8GYCw-Scene-0133.mp4,"In the video, a leopard is seen in a grassy field with a porcupine. The leopard is trying to attack the porcupine, but the porcupine is defending itself by sticking its quills into the leopard. The leopard is seen trying to bite and claw at the porcupine, but the porcupine is able to fend off the attacks with its quills. The leopard eventually gives up and walks away, leaving the porcupine unharmed.",T2V_data/label/vidgen_filter_gemini_part_0_dpo_12/HkagDd8GYCw-Scene-0133/entity_20.mp4,T2V_data/label/vidgen_filter_gemini_part_0_dpo_12/HkagDd8GYCw-Scene-0133/entity_20.png
T2V_data/VIDGEN-1M_unzip/HkagDd8GYCw-Scene-0133.mp4,"In the video, a leopard is seen in a grassy field with a porcupine. The leopard is trying to attack the porcupine, but the porcupine is defending itself by sticking its quills into the leopard. The leopard is seen trying to bite and claw at the porcupine, but the porcupine is able to fend off the attacks with its quills. The leopard eventually gives up and walks away, leaving the porcupine unharmed.",T2V_data/label/vidgen_filter_gemini_part_0_dpo_12/HkagDd8GYCw-Scene-0133/depth.mp4,T2V_data/label/vidgen_filter_gemini_part_0_dpo_12/HkagDd8GYCw-Scene-0133/entity_40.png
T2V_data/VIDGEN-1M_unzip/HkagDd8GYCw-Scene-0133.mp4,"In the video, a leopard is seen in a grassy field with a porcupine. The leopard is trying to attack the porcupine, but the porcupine is defending itself by sticking its quills into the leopard. The leopard is seen trying to bite and claw at the porcupine, but the porcupine is able to fend off the attacks with its quills. The leopard eventually gives up and walks away, leaving the porcupine unharmed.",T2V_data/label/vidgen_filter_gemini_part_0_dpo_12/HkagDd8GYCw-Scene-0133/entity_40.mp4,T2V_data/label/vidgen_filter_gemini_part_0_dpo_12/HkagDd8GYCw-Scene-0133/entity_40.png
T2V_data/VIDGEN-1M_unzip/I-bM_x2DFoM-Scene-0008.mp4,"In the video, a young child is seen riding a pink bicycle with training wheels. The child is wearing a purple coat, red pants, and a helmet for safety. The bicycle has a black seat and handlebars. The child is pedaling and steering the bike with confidence. The background shows a residential area with a lawn and a driveway. The child continues to ride the bike around the driveway, enjoying the activity.",T2V_data/label/vidgen_filter_gemini_part_0_dpo_12/I-bM_x2DFoM-Scene-0008/depth.mp4,T2V_data/label/vidgen_filter_gemini_part_0_dpo_12/I-bM_x2DFoM-Scene-0008/entity_20.png
T2V_data/VIDGEN-1M_unzip/I-bM_x2DFoM-Scene-0008.mp4,"In the video, a young child is seen riding a pink bicycle with training wheels. The child is wearing a purple coat, red pants, and a helmet for safety. The bicycle has a black seat and handlebars. The child is pedaling and steering the bike with confidence. The background shows a residential area with a lawn and a driveway. The child continues to ride the bike around the driveway, enjoying the activity.",T2V_data/label/vidgen_filter_gemini_part_0_dpo_12/I-bM_x2DFoM-Scene-0008/entity_20.mp4,T2V_data/label/vidgen_filter_gemini_part_0_dpo_12/I-bM_x2DFoM-Scene-0008/entity_20.png
T2V_data/VIDGEN-1M_unzip/IS2Rkob6LT4-Scene-0030.mp4,"The video shows a person using a green spoon to place meatballs into a pan of hot oil. The pan is black and has a red handle. The meatballs are round and appear to be made of ground meat and vegetables. The person places the meatballs into the oil one by one, and they begin to sizzle as they cook. The oil is bubbling around the meatballs, indicating that it is hot. The person continues to add more meatballs to the pan until there are several cooking at once. The meatballs are browning as they cook, and the person occasionally moves them around with the green spoon to ensure even cooking.",T2V_data/label/vidgen_filter_gemini_part_0_dpo_12/IS2Rkob6LT4-Scene-0030/depth.mp4,T2V_data/label/vidgen_filter_gemini_part_0_dpo_12/IS2Rkob6LT4-Scene-0030/entity_60.png
T2V_data/VIDGEN-1M_unzip/IS2Rkob6LT4-Scene-0030.mp4,"The video shows a person using a green spoon to place meatballs into a pan of hot oil. The pan is black and has a red handle. The meatballs are round and appear to be made of ground meat and vegetables. The person places the meatballs into the oil one by one, and they begin to sizzle as they cook. The oil is bubbling around the meatballs, indicating that it is hot. The person continues to add more meatballs to the pan until there are several cooking at once. The meatballs are browning as they cook, and the person occasionally moves them around with the green spoon to ensure even cooking.",T2V_data/label/vidgen_filter_gemini_part_0_dpo_12/IS2Rkob6LT4-Scene-0030/entity_60.mp4,T2V_data/label/vidgen_filter_gemini_part_0_dpo_12/IS2Rkob6LT4-Scene-0030/entity_60.png
T2V_data/VIDGEN-1M_unzip/IeAUggXzq9E-Scene-0015.mp4,"The video shows a boxing match between two men in a ring. One man is wearing red boxing gloves and the other is wearing blue boxing gloves. The man in red gloves is attacking the man in blue gloves, throwing punches and kicks. The man in blue gloves is trying to defend himself and counterattack. The referee is standing in the middle of the ring, watching the fight closely. The crowd is cheering and shouting in the background. The video is shot from different angles, showing the intensity and action of the fight.",T2V_data/label/vidgen_filter_gemini_part_0_dpo_12/IeAUggXzq9E-Scene-0015/depth.mp4,T2V_data/label/vidgen_filter_gemini_part_0_dpo_12/IeAUggXzq9E-Scene-0015/entity_20.png
T2V_data/VIDGEN-1M_unzip/IeAUggXzq9E-Scene-0015.mp4,"The video shows a boxing match between two men in a ring. One man is wearing red boxing gloves and the other is wearing blue boxing gloves. The man in red gloves is attacking the man in blue gloves, throwing punches and kicks. The man in blue gloves is trying to defend himself and counterattack. The referee is standing in the middle of the ring, watching the fight closely. The crowd is cheering and shouting in the background. The video is shot from different angles, showing the intensity and action of the fight.",T2V_data/label/vidgen_filter_gemini_part_0_dpo_12/IeAUggXzq9E-Scene-0015/entity_20.mp4,T2V_data/label/vidgen_filter_gemini_part_0_dpo_12/IeAUggXzq9E-Scene-0015/entity_20.png
T2V_data/VIDGEN-1M_unzip/J0L9GiCE_Ow-Scene-0045.mp4,"The video shows a man climbing an indoor rock wall. He is wearing a white shirt and colorful shorts, and has curly hair. The rock wall is gray with various colored holds attached to it. The man is using his hands and feet to navigate the wall, moving from one hold to another. The video captures his movements as he climbs higher and higher.",T2V_data/label/vidgen_filter_gemini_part_0_dpo_12/J0L9GiCE_Ow-Scene-0045/depth.mp4,T2V_data/label/vidgen_filter_gemini_part_0_dpo_12/J0L9GiCE_Ow-Scene-0045/entity_20.png
T2V_data/VIDGEN-1M_unzip/J0L9GiCE_Ow-Scene-0045.mp4,"The video shows a man climbing an indoor rock wall. He is wearing a white shirt and colorful shorts, and has curly hair. The rock wall is gray with various colored holds attached to it. The man is using his hands and feet to navigate the wall, moving from one hold to another. The video captures his movements as he climbs higher and higher.",T2V_data/label/vidgen_filter_gemini_part_0_dpo_12/J0L9GiCE_Ow-Scene-0045/entity_20.mp4,T2V_data/label/vidgen_filter_gemini_part_0_dpo_12/J0L9GiCE_Ow-Scene-0045/entity_20.png
T2V_data/VIDGEN-1M_unzip/JDkVkxnL4RY-Scene-0070.mp4,"In the video, a person is seen cooking vegetables in a pan. The person is using a pair of orange tongs to stir the vegetables, which include sliced cucumbers and shredded carrots. The vegetables are being cooked on a stovetop, and the person is continuously stirring them to ensure even cooking. The pan appears to be non-stick, and the vegetables are being cooked in a small amount of oil. The cucumbers are a bright green color, while the carrots are a vibrant orange. The person is wearing a white shirt and appears to be focused on the task at hand.",T2V_data/label/vidgen_filter_gemini_part_0_dpo_12/JDkVkxnL4RY-Scene-0070/depth.mp4,T2V_data/label/vidgen_filter_gemini_part_0_dpo_12/JDkVkxnL4RY-Scene-0070/entity_40.png
T2V_data/VIDGEN-1M_unzip/JDkVkxnL4RY-Scene-0070.mp4,"In the video, a person is seen cooking vegetables in a pan. The person is using a pair of orange tongs to stir the vegetables, which include sliced cucumbers and shredded carrots. The vegetables are being cooked on a stovetop, and the person is continuously stirring them to ensure even cooking. The pan appears to be non-stick, and the vegetables are being cooked in a small amount of oil. The cucumbers are a bright green color, while the carrots are a vibrant orange. The person is wearing a white shirt and appears to be focused on the task at hand.",T2V_data/label/vidgen_filter_gemini_part_0_dpo_12/JDkVkxnL4RY-Scene-0070/entity_40.mp4,T2V_data/label/vidgen_filter_gemini_part_0_dpo_12/JDkVkxnL4RY-Scene-0070/entity_40.png
T2V_data/VIDGEN-1M_unzip/JIH0zVCYVhE-Scene-0080.mp4,"The video shows a close-up of a person pouring beer from a bottle into a glass. The beer is a golden color and the glass is clear. The person pours the beer slowly, allowing the bubbles to rise to the top. The glass is placed on a black surface, and there is a white cord in the background.",T2V_data/label/vidgen_filter_gemini_part_0_dpo_12/JIH0zVCYVhE-Scene-0080/depth.mp4,T2V_data/label/vidgen_filter_gemini_part_0_dpo_12/JIH0zVCYVhE-Scene-0080/entity_20.png
T2V_data/VIDGEN-1M_unzip/JIH0zVCYVhE-Scene-0080.mp4,"The video shows a close-up of a person pouring beer from a bottle into a glass. The beer is a golden color and the glass is clear. The person pours the beer slowly, allowing the bubbles to rise to the top. The glass is placed on a black surface, and there is a white cord in the background.",T2V_data/label/vidgen_filter_gemini_part_0_dpo_12/JIH0zVCYVhE-Scene-0080/entity_20.mp4,T2V_data/label/vidgen_filter_gemini_part_0_dpo_12/JIH0zVCYVhE-Scene-0080/entity_20.png
T2V_data/VIDGEN-1M_unzip/JKXGlhk0EUQ-Scene-0028.mp4,"The video features a red car driving on a snowy road. The car is seen drifting around a corner, kicking up snow in the process. The car appears to be a modern model with a sleek design. The road is lined with trees on both sides, and there are no other vehicles in sight. The sky is overcast, and the overall color palette of the video is dominated by the white of the snow and the red of the car.",T2V_data/label/vidgen_filter_gemini_part_0_dpo_12/JKXGlhk0EUQ-Scene-0028/depth.mp4,T2V_data/label/vidgen_filter_gemini_part_0_dpo_12/JKXGlhk0EUQ-Scene-0028/entity_20.png
T2V_data/VIDGEN-1M_unzip/JKXGlhk0EUQ-Scene-0028.mp4,"The video features a red car driving on a snowy road. The car is seen drifting around a corner, kicking up snow in the process. The car appears to be a modern model with a sleek design. The road is lined with trees on both sides, and there are no other vehicles in sight. The sky is overcast, and the overall color palette of the video is dominated by the white of the snow and the red of the car.",T2V_data/label/vidgen_filter_gemini_part_0_dpo_12/JKXGlhk0EUQ-Scene-0028/entity_20.mp4,T2V_data/label/vidgen_filter_gemini_part_0_dpo_12/JKXGlhk0EUQ-Scene-0028/entity_20.png
T2V_data/VIDGEN-1M_unzip/JRdaaOv1X1I-Scene-0081.mp4,"In the video, a man is seen sitting on a pink mattress in a river. He is wearing a white hat and a blue and white shirt. The man is holding a stick in his hand and is using it to push himself along the water. The river is flowing quickly, and there are rocks visible in the background. The man appears to be enjoying the activity and is smiling as he moves along the water.",T2V_data/label/vidgen_filter_gemini_part_0_dpo_12/JRdaaOv1X1I-Scene-0081/depth.mp4,T2V_data/label/vidgen_filter_gemini_part_0_dpo_12/JRdaaOv1X1I-Scene-0081/entity_20.png
T2V_data/VIDGEN-1M_unzip/JRdaaOv1X1I-Scene-0081.mp4,"In the video, a man is seen sitting on a pink mattress in a river. He is wearing a white hat and a blue and white shirt. The man is holding a stick in his hand and is using it to push himself along the water. The river is flowing quickly, and there are rocks visible in the background. The man appears to be enjoying the activity and is smiling as he moves along the water.",T2V_data/label/vidgen_filter_gemini_part_0_dpo_12/JRdaaOv1X1I-Scene-0081/entity_20.mp4,T2V_data/label/vidgen_filter_gemini_part_0_dpo_12/JRdaaOv1X1I-Scene-0081/entity_20.png
T2V_data/VIDGEN-1M_unzip/JVqhUvxRnZk-Scene-0044.mp4,"The video shows a person cooking a dish in a kitchen. The person is using a whisk to stir a pot of food that is on the stove. The food appears to be a creamy sauce or soup, and the person is adding seasonings to it. The person's hand is visible as they stir the pot, and the kitchen appears to be well-equipped with various cooking utensils and ingredients. The lighting in the kitchen is bright, and the colors in the video are vibrant.",T2V_data/label/vidgen_filter_gemini_part_0_dpo_12/JVqhUvxRnZk-Scene-0044/depth.mp4,T2V_data/label/vidgen_filter_gemini_part_0_dpo_12/JVqhUvxRnZk-Scene-0044/entity_40.png
T2V_data/VIDGEN-1M_unzip/JVqhUvxRnZk-Scene-0044.mp4,"The video shows a person cooking a dish in a kitchen. The person is using a whisk to stir a pot of food that is on the stove. The food appears to be a creamy sauce or soup, and the person is adding seasonings to it. The person's hand is visible as they stir the pot, and the kitchen appears to be well-equipped with various cooking utensils and ingredients. The lighting in the kitchen is bright, and the colors in the video are vibrant.",T2V_data/label/vidgen_filter_gemini_part_0_dpo_12/JVqhUvxRnZk-Scene-0044/entity_40.mp4,T2V_data/label/vidgen_filter_gemini_part_0_dpo_12/JVqhUvxRnZk-Scene-0044/entity_40.png
T2V_data/VIDGEN-1M_unzip/JzGDpeqYwh8-Scene-0013.mp4,"The video shows a baseball player running on a baseball field. The player is wearing a blue helmet, a gray uniform with blue stripes, and a blue glove on his left hand. He is running towards the home plate, where a catcher and an umpire are standing. The catcher is wearing a white uniform with red stripes and a black helmet, and the umpire is wearing a black uniform. The player slides into the home plate, and the catcher catches the ball. The video is shot from different angles, showing the player's run from the third base side of the field to the home plate.",T2V_data/label/vidgen_filter_gemini_part_0_dpo_12/JzGDpeqYwh8-Scene-0013/depth.mp4,T2V_data/label/vidgen_filter_gemini_part_0_dpo_12/JzGDpeqYwh8-Scene-0013/entity_40.png
T2V_data/VIDGEN-1M_unzip/JzGDpeqYwh8-Scene-0013.mp4,"The video shows a baseball player running on a baseball field. The player is wearing a blue helmet, a gray uniform with blue stripes, and a blue glove on his left hand. He is running towards the home plate, where a catcher and an umpire are standing. The catcher is wearing a white uniform with red stripes and a black helmet, and the umpire is wearing a black uniform. The player slides into the home plate, and the catcher catches the ball. The video is shot from different angles, showing the player's run from the third base side of the field to the home plate.",T2V_data/label/vidgen_filter_gemini_part_0_dpo_12/JzGDpeqYwh8-Scene-0013/entity_40.mp4,T2V_data/label/vidgen_filter_gemini_part_0_dpo_12/JzGDpeqYwh8-Scene-0013/entity_40.png
T2V_data/VIDGEN-1M_unzip/JzMGJVBJHH8-Scene-0039.mp4,The video shows a red fire truck with a smiling face on the front driving down a road. There is a tree on the side of the road that is on fire. The fire truck stops and extends its ladder to put out the fire. The fire truck has a blue light on top and a siren on the front. The background is a simple cartoon landscape with green hills and a blue sky.,T2V_data/label/vidgen_filter_gemini_part_0_dpo_12/JzMGJVBJHH8-Scene-0039/depth.mp4,T2V_data/label/vidgen_filter_gemini_part_0_dpo_12/JzMGJVBJHH8-Scene-0039/entity_60.png
T2V_data/VIDGEN-1M_unzip/JzMGJVBJHH8-Scene-0039.mp4,The video shows a red fire truck with a smiling face on the front driving down a road. There is a tree on the side of the road that is on fire. The fire truck stops and extends its ladder to put out the fire. The fire truck has a blue light on top and a siren on the front. The background is a simple cartoon landscape with green hills and a blue sky.,T2V_data/label/vidgen_filter_gemini_part_0_dpo_12/JzMGJVBJHH8-Scene-0039/entity_60.mp4,T2V_data/label/vidgen_filter_gemini_part_0_dpo_12/JzMGJVBJHH8-Scene-0039/entity_60.png
T2V_data/VIDGEN-1M_unzip/K5O_aIDo4KE-Scene-0059.mp4,"In the video, a husky dog is seen interacting with a small pumpkin. The husky is standing on a carpeted floor and is using its nose to push the top of the pumpkin. The pumpkin is orange in color and has a small stem on top. The husky's nose is black and it has a white and grey fur coat. The husky appears to be curious and playful as it pushes the pumpkin around.",T2V_data/label/vidgen_filter_gemini_part_0_dpo_12/K5O_aIDo4KE-Scene-0059/depth.mp4,T2V_data/label/vidgen_filter_gemini_part_0_dpo_12/K5O_aIDo4KE-Scene-0059/entity_40.png
T2V_data/VIDGEN-1M_unzip/K5O_aIDo4KE-Scene-0059.mp4,"In the video, a husky dog is seen interacting with a small pumpkin. The husky is standing on a carpeted floor and is using its nose to push the top of the pumpkin. The pumpkin is orange in color and has a small stem on top. The husky's nose is black and it has a white and grey fur coat. The husky appears to be curious and playful as it pushes the pumpkin around.",T2V_data/label/vidgen_filter_gemini_part_0_dpo_12/K5O_aIDo4KE-Scene-0059/entity_40.mp4,T2V_data/label/vidgen_filter_gemini_part_0_dpo_12/K5O_aIDo4KE-Scene-0059/entity_40.png
T2V_data/VIDGEN-1M_unzip/KrgleJ3_6GQ-Scene-0051.mp4,"In the video, a person is seen cracking eggs into a clear glass bowl. The person cracks the eggs one by one and separates the yolk from the white. The bowl is placed on a wooden surface, and the person is wearing a ring on their left hand. The video is shot from a close-up angle, focusing on the person's hands and the bowl.",T2V_data/label/vidgen_filter_gemini_part_0_dpo_12/KrgleJ3_6GQ-Scene-0051/depth.mp4,T2V_data/label/vidgen_filter_gemini_part_0_dpo_12/KrgleJ3_6GQ-Scene-0051/entity_60.png
T2V_data/VIDGEN-1M_unzip/KrgleJ3_6GQ-Scene-0051.mp4,"In the video, a person is seen cracking eggs into a clear glass bowl. The person cracks the eggs one by one and separates the yolk from the white. The bowl is placed on a wooden surface, and the person is wearing a ring on their left hand. The video is shot from a close-up angle, focusing on the person's hands and the bowl.",T2V_data/label/vidgen_filter_gemini_part_0_dpo_12/KrgleJ3_6GQ-Scene-0051/entity_60.mp4,T2V_data/label/vidgen_filter_gemini_part_0_dpo_12/KrgleJ3_6GQ-Scene-0051/entity_60.png
T2V_data/VIDGEN-1M_unzip/L1a4jeVJpn4-Scene-0009.mp4,"In the video, a man is standing in a greenhouse surrounded by a variety of plants. He is wearing a red shirt and khaki pants. The man is holding a green watering can and is watering the plants. The greenhouse is filled with rows of plants, and the man is carefully watering each one. The plants are of different sizes and colors, and the greenhouse is well-lit with natural light. The man appears to be taking care of the plants, ensuring that they are well-hydrated.",T2V_data/label/vidgen_filter_gemini_part_0_dpo_12/L1a4jeVJpn4-Scene-0009/depth.mp4,T2V_data/label/vidgen_filter_gemini_part_0_dpo_12/L1a4jeVJpn4-Scene-0009/entity_20.png
T2V_data/VIDGEN-1M_unzip/L1a4jeVJpn4-Scene-0009.mp4,"In the video, a man is standing in a greenhouse surrounded by a variety of plants. He is wearing a red shirt and khaki pants. The man is holding a green watering can and is watering the plants. The greenhouse is filled with rows of plants, and the man is carefully watering each one. The plants are of different sizes and colors, and the greenhouse is well-lit with natural light. The man appears to be taking care of the plants, ensuring that they are well-hydrated.",T2V_data/label/vidgen_filter_gemini_part_0_dpo_12/L1a4jeVJpn4-Scene-0009/entity_20.mp4,T2V_data/label/vidgen_filter_gemini_part_0_dpo_12/L1a4jeVJpn4-Scene-0009/entity_20.png
T2V_data/VIDGEN-1M_unzip/L80_B2k5Uzg-Scene-0006.mp4,"The video shows a basketball game in progress. A player in a white jersey is seen dribbling the ball and then taking a shot. The ball goes through the hoop, and the player's teammates rush to congratulate him. The player in the white jersey is then seen walking away from the hoop, while the other players continue to celebrate.",T2V_data/label/vidgen_filter_gemini_part_0_dpo_12/L80_B2k5Uzg-Scene-0006/depth.mp4,T2V_data/label/vidgen_filter_gemini_part_0_dpo_12/L80_B2k5Uzg-Scene-0006/entity_20.png
T2V_data/VIDGEN-1M_unzip/L80_B2k5Uzg-Scene-0006.mp4,"The video shows a basketball game in progress. A player in a white jersey is seen dribbling the ball and then taking a shot. The ball goes through the hoop, and the player's teammates rush to congratulate him. The player in the white jersey is then seen walking away from the hoop, while the other players continue to celebrate.",T2V_data/label/vidgen_filter_gemini_part_0_dpo_12/L80_B2k5Uzg-Scene-0006/entity_20.mp4,T2V_data/label/vidgen_filter_gemini_part_0_dpo_12/L80_B2k5Uzg-Scene-0006/entity_20.png
T2V_data/VIDGEN-1M_unzip/LGw6EjzuE18-Scene-0033.mp4,"The video shows a close-up of a glass bottle filled with a blue liquid. The bottle is tilted, and the liquid is slowly dripping out of the bottle into a clear glass bowl placed below it. The blue liquid is vibrant and appears to be of a viscous consistency. The glass bowl is placed on a surface that is not visible in the video. The background is blurred, but it seems to be an indoor setting with artificial lighting. There are no visible logos or text in the video.",T2V_data/label/vidgen_filter_gemini_part_0_dpo_12/LGw6EjzuE18-Scene-0033/depth.mp4,T2V_data/label/vidgen_filter_gemini_part_0_dpo_12/LGw6EjzuE18-Scene-0033/entity_20.png
T2V_data/VIDGEN-1M_unzip/LGw6EjzuE18-Scene-0033.mp4,"The video shows a close-up of a glass bottle filled with a blue liquid. The bottle is tilted, and the liquid is slowly dripping out of the bottle into a clear glass bowl placed below it. The blue liquid is vibrant and appears to be of a viscous consistency. The glass bowl is placed on a surface that is not visible in the video. The background is blurred, but it seems to be an indoor setting with artificial lighting. There are no visible logos or text in the video.",T2V_data/label/vidgen_filter_gemini_part_0_dpo_12/LGw6EjzuE18-Scene-0033/entity_20.mp4,T2V_data/label/vidgen_filter_gemini_part_0_dpo_12/LGw6EjzuE18-Scene-0033/entity_20.png
T2V_data/VIDGEN-1M_unzip/LTeVkMRTucs-Scene-0047.mp4,"The video shows a man skiing down a snow-covered slope. He is wearing a black jacket, brown pants, and a black helmet with goggles. The man is holding ski poles and is skiing with a smile on his face. The slope is surrounded by trees, and there is a clear blue sky above. The man is skiing at a moderate pace, and there are other skiers visible in the background. The video captures the man's movements as he navigates the slope, with the camera following him from behind.",T2V_data/label/vidgen_filter_gemini_part_0_dpo_12/LTeVkMRTucs-Scene-0047/depth.mp4,T2V_data/label/vidgen_filter_gemini_part_0_dpo_12/LTeVkMRTucs-Scene-0047/entity_20.png
T2V_data/VIDGEN-1M_unzip/LTeVkMRTucs-Scene-0047.mp4,"The video shows a man skiing down a snow-covered slope. He is wearing a black jacket, brown pants, and a black helmet with goggles. The man is holding ski poles and is skiing with a smile on his face. The slope is surrounded by trees, and there is a clear blue sky above. The man is skiing at a moderate pace, and there are other skiers visible in the background. The video captures the man's movements as he navigates the slope, with the camera following him from behind.",T2V_data/label/vidgen_filter_gemini_part_0_dpo_12/LTeVkMRTucs-Scene-0047/entity_20.mp4,T2V_data/label/vidgen_filter_gemini_part_0_dpo_12/LTeVkMRTucs-Scene-0047/entity_20.png
T2V_data/VIDGEN-1M_unzip/LkyIj4szuU0-Scene-0053.mp4,"In the video, a man is seen dribbling a basketball in a gym. He is wearing a red and white jersey with the word \""CHAMPION\"" on it, black shorts, and is barefoot. The man is dribbling the ball with his right hand and occasionally using his left hand to support the ball. The gym has a blue floor and there are treadmills and other exercise equipment in the background. The walls are white and there are logos and text on them. The man is focused on the ball and appears to be practicing his dribbling skills.",T2V_data/label/vidgen_filter_gemini_part_0_dpo_12/LkyIj4szuU0-Scene-0053/depth.mp4,T2V_data/label/vidgen_filter_gemini_part_0_dpo_12/LkyIj4szuU0-Scene-0053/entity_20.png
T2V_data/VIDGEN-1M_unzip/LkyIj4szuU0-Scene-0053.mp4,"In the video, a man is seen dribbling a basketball in a gym. He is wearing a red and white jersey with the word \""CHAMPION\"" on it, black shorts, and is barefoot. The man is dribbling the ball with his right hand and occasionally using his left hand to support the ball. The gym has a blue floor and there are treadmills and other exercise equipment in the background. The walls are white and there are logos and text on them. The man is focused on the ball and appears to be practicing his dribbling skills.",T2V_data/label/vidgen_filter_gemini_part_0_dpo_12/LkyIj4szuU0-Scene-0053/entity_20.mp4,T2V_data/label/vidgen_filter_gemini_part_0_dpo_12/LkyIj4szuU0-Scene-0053/entity_20.png
T2V_data/VIDGEN-1M_unzip/LkyIj4szuU0-Scene-0053.mp4,"In the video, a man is seen dribbling a basketball in a gym. He is wearing a red and white jersey with the word \""CHAMPION\"" on it, black shorts, and is barefoot. The man is dribbling the ball with his right hand and occasionally using his left hand to support the ball. The gym has a blue floor and there are treadmills and other exercise equipment in the background. The walls are white and there are logos and text on them. The man is focused on the ball and appears to be practicing his dribbling skills.",T2V_data/label/vidgen_filter_gemini_part_0_dpo_12/LkyIj4szuU0-Scene-0053/depth.mp4,T2V_data/label/vidgen_filter_gemini_part_0_dpo_12/LkyIj4szuU0-Scene-0053/entity_60.png
T2V_data/VIDGEN-1M_unzip/LkyIj4szuU0-Scene-0053.mp4,"In the video, a man is seen dribbling a basketball in a gym. He is wearing a red and white jersey with the word \""CHAMPION\"" on it, black shorts, and is barefoot. The man is dribbling the ball with his right hand and occasionally using his left hand to support the ball. The gym has a blue floor and there are treadmills and other exercise equipment in the background. The walls are white and there are logos and text on them. The man is focused on the ball and appears to be practicing his dribbling skills.",T2V_data/label/vidgen_filter_gemini_part_0_dpo_12/LkyIj4szuU0-Scene-0053/entity_60.mp4,T2V_data/label/vidgen_filter_gemini_part_0_dpo_12/LkyIj4szuU0-Scene-0053/entity_60.png
T2V_data/VIDGEN-1M_unzip/LtEmsAVCPJY-Scene-0171.mp4,"In the video, two women are sitting at a table with a large purple slime in front of them. The woman on the left is wearing a green top, while the woman on the right is wearing a red top. They both seem to be enjoying themselves as they stretch and play with the slime. The slime appears to be very stretchy and gooey, and the women are pulling it apart and putting it back together again. The background is a plain blue wall, and there is no other visible furniture or objects in the room.",T2V_data/label/vidgen_filter_gemini_part_0_dpo_12/LtEmsAVCPJY-Scene-0171/depth.mp4,T2V_data/label/vidgen_filter_gemini_part_0_dpo_12/LtEmsAVCPJY-Scene-0171/entity_40.png
T2V_data/VIDGEN-1M_unzip/LtEmsAVCPJY-Scene-0171.mp4,"In the video, two women are sitting at a table with a large purple slime in front of them. The woman on the left is wearing a green top, while the woman on the right is wearing a red top. They both seem to be enjoying themselves as they stretch and play with the slime. The slime appears to be very stretchy and gooey, and the women are pulling it apart and putting it back together again. The background is a plain blue wall, and there is no other visible furniture or objects in the room.",T2V_data/label/vidgen_filter_gemini_part_0_dpo_12/LtEmsAVCPJY-Scene-0171/entity_40.mp4,T2V_data/label/vidgen_filter_gemini_part_0_dpo_12/LtEmsAVCPJY-Scene-0171/entity_40.png
T2V_data/VIDGEN-1M_unzip/M3kLUJd4EoA-Scene-0002.mp4,"The video begins with a close-up of a red and white box with a lock inside. The box is opened to reveal the lock, which is a brass-colored cylindrical object with a keyhole in the center. The lock is then removed from the box and held in a person's hand. The person then uses a key to turn the lock, demonstrating its functionality. The video ends with the lock being placed back into the box.",T2V_data/label/vidgen_filter_gemini_part_0_dpo_12/M3kLUJd4EoA-Scene-0002/depth.mp4,T2V_data/label/vidgen_filter_gemini_part_0_dpo_12/M3kLUJd4EoA-Scene-0002/entity_60.png
T2V_data/VIDGEN-1M_unzip/M3kLUJd4EoA-Scene-0002.mp4,"The video begins with a close-up of a red and white box with a lock inside. The box is opened to reveal the lock, which is a brass-colored cylindrical object with a keyhole in the center. The lock is then removed from the box and held in a person's hand. The person then uses a key to turn the lock, demonstrating its functionality. The video ends with the lock being placed back into the box.",T2V_data/label/vidgen_filter_gemini_part_0_dpo_12/M3kLUJd4EoA-Scene-0002/entity_60.mp4,T2V_data/label/vidgen_filter_gemini_part_0_dpo_12/M3kLUJd4EoA-Scene-0002/entity_60.png
T2V_data/VIDGEN-1M_unzip/MHfjOrghmkA-Scene-0050.mp4,"The video shows a fish tank with several fish swimming around. The fish are of different sizes and colors, with some being yellow and others being gray. The tank is made of glass and has a black frame. The fish are swimming around the tank, sometimes coming close to the camera and other times swimming away. The water in the tank is clear, and there are no visible plants or decorations.",T2V_data/label/vidgen_filter_gemini_part_0_dpo_12/MHfjOrghmkA-Scene-0050/depth.mp4,T2V_data/label/vidgen_filter_gemini_part_0_dpo_12/MHfjOrghmkA-Scene-0050/entity_20.png
T2V_data/VIDGEN-1M_unzip/MHfjOrghmkA-Scene-0050.mp4,"The video shows a fish tank with several fish swimming around. The fish are of different sizes and colors, with some being yellow and others being gray. The tank is made of glass and has a black frame. The fish are swimming around the tank, sometimes coming close to the camera and other times swimming away. The water in the tank is clear, and there are no visible plants or decorations.",T2V_data/label/vidgen_filter_gemini_part_0_dpo_12/MHfjOrghmkA-Scene-0050/entity_20.mp4,T2V_data/label/vidgen_filter_gemini_part_0_dpo_12/MHfjOrghmkA-Scene-0050/entity_20.png
T2V_data/VIDGEN-1M_unzip/MZoWS--dMNs-Scene-0154.mp4,"In the video, a person is holding a green bowl in their left hand and a blue bag of blackberries in their right hand. The person is pouring the blackberries from the bag into the bowl. The blackberries are dark purple and round in shape. The bowl is placed on a white surface, and the background is not visible.",T2V_data/label/vidgen_filter_gemini_part_0_dpo_12/MZoWS--dMNs-Scene-0154/depth.mp4,T2V_data/label/vidgen_filter_gemini_part_0_dpo_12/MZoWS--dMNs-Scene-0154/entity_40.png
T2V_data/VIDGEN-1M_unzip/MZoWS--dMNs-Scene-0154.mp4,"In the video, a person is holding a green bowl in their left hand and a blue bag of blackberries in their right hand. The person is pouring the blackberries from the bag into the bowl. The blackberries are dark purple and round in shape. The bowl is placed on a white surface, and the background is not visible.",T2V_data/label/vidgen_filter_gemini_part_0_dpo_12/MZoWS--dMNs-Scene-0154/entity_40.mp4,T2V_data/label/vidgen_filter_gemini_part_0_dpo_12/MZoWS--dMNs-Scene-0154/entity_40.png
T2V_data/VIDGEN-1M_unzip/MbDFk-CpprI-Scene-0037.mp4,"The video shows a person's hand pressing down on a piece of dough on a baking sheet. The dough is round and appears to be soft. The person's hand is visible in the frame, and they are using their fingers to press down on the dough. The baking sheet is covered with a piece of parchment paper, and there are several other pieces of dough visible in the background. The lighting in the video is bright, and the colors are natural.",T2V_data/label/vidgen_filter_gemini_part_0_dpo_12/MbDFk-CpprI-Scene-0037/depth.mp4,T2V_data/label/vidgen_filter_gemini_part_0_dpo_12/MbDFk-CpprI-Scene-0037/entity_40.png
T2V_data/VIDGEN-1M_unzip/MbDFk-CpprI-Scene-0037.mp4,"The video shows a person's hand pressing down on a piece of dough on a baking sheet. The dough is round and appears to be soft. The person's hand is visible in the frame, and they are using their fingers to press down on the dough. The baking sheet is covered with a piece of parchment paper, and there are several other pieces of dough visible in the background. The lighting in the video is bright, and the colors are natural.",T2V_data/label/vidgen_filter_gemini_part_0_dpo_12/MbDFk-CpprI-Scene-0037/entity_40.mp4,T2V_data/label/vidgen_filter_gemini_part_0_dpo_12/MbDFk-CpprI-Scene-0037/entity_40.png
T2V_data/VIDGEN-1M_unzip/MlUFm9AMGhQ-Scene-0041.mp4,The video shows a waterfall flowing over rocks with snow on them. The water is clear and is falling into a pool below. The rocks are brown and have patches of snow on them. The waterfall is surrounded by trees and bushes.,T2V_data/label/vidgen_filter_gemini_part_0_dpo_12/MlUFm9AMGhQ-Scene-0041/depth.mp4,T2V_data/label/vidgen_filter_gemini_part_0_dpo_12/MlUFm9AMGhQ-Scene-0041/entity_40.png
T2V_data/VIDGEN-1M_unzip/MlUFm9AMGhQ-Scene-0041.mp4,The video shows a waterfall flowing over rocks with snow on them. The water is clear and is falling into a pool below. The rocks are brown and have patches of snow on them. The waterfall is surrounded by trees and bushes.,T2V_data/label/vidgen_filter_gemini_part_0_dpo_12/MlUFm9AMGhQ-Scene-0041/entity_40.mp4,T2V_data/label/vidgen_filter_gemini_part_0_dpo_12/MlUFm9AMGhQ-Scene-0041/entity_40.png
T2V_data/VIDGEN-1M_unzip/MmaO3TjzHJU-Scene-0038.mp4,"In the video, a man is seen standing on a golf course, holding a golf club in his hands. He is wearing a blue jacket, blue pants, and a blue and white hat. The man is positioned in front of a golf ball, and he takes a swing at it. The background of the video shows a grassy field with trees and a cloudy sky. The man appears to be alone on the course, and there are no other people or objects visible in the video. The man's posture and the swing of the golf club suggest that he is an experienced golfer. The video does not contain any dialogue or sound effects.",T2V_data/label/vidgen_filter_gemini_part_0_dpo_12/MmaO3TjzHJU-Scene-0038/depth.mp4,T2V_data/label/vidgen_filter_gemini_part_0_dpo_12/MmaO3TjzHJU-Scene-0038/entity_20.png
T2V_data/VIDGEN-1M_unzip/MmaO3TjzHJU-Scene-0038.mp4,"In the video, a man is seen standing on a golf course, holding a golf club in his hands. He is wearing a blue jacket, blue pants, and a blue and white hat. The man is positioned in front of a golf ball, and he takes a swing at it. The background of the video shows a grassy field with trees and a cloudy sky. The man appears to be alone on the course, and there are no other people or objects visible in the video. The man's posture and the swing of the golf club suggest that he is an experienced golfer. The video does not contain any dialogue or sound effects.",T2V_data/label/vidgen_filter_gemini_part_0_dpo_12/MmaO3TjzHJU-Scene-0038/entity_20.mp4,T2V_data/label/vidgen_filter_gemini_part_0_dpo_12/MmaO3TjzHJU-Scene-0038/entity_20.png
T2V_data/VIDGEN-1M_unzip/N2ObYOyn1Z4-Scene-0023.mp4,"In the video, a person is seen pouring a red sauce into a pot of food. The sauce is being poured from a container that is being held by the person. The pot appears to be on a stove, and the food inside the pot is not clearly visible. The person pouring the sauce is wearing a white shirt, and the kitchen background is blurred. The sauce is being poured in a steady stream, and the person seems to be careful not to spill any of it. The video is shot from a close-up angle, focusing on the pot and the person's hand.",T2V_data/label/vidgen_filter_gemini_part_0_dpo_12/N2ObYOyn1Z4-Scene-0023/depth.mp4,T2V_data/label/vidgen_filter_gemini_part_0_dpo_12/N2ObYOyn1Z4-Scene-0023/entity_60.png
T2V_data/VIDGEN-1M_unzip/N2ObYOyn1Z4-Scene-0023.mp4,"In the video, a person is seen pouring a red sauce into a pot of food. The sauce is being poured from a container that is being held by the person. The pot appears to be on a stove, and the food inside the pot is not clearly visible. The person pouring the sauce is wearing a white shirt, and the kitchen background is blurred. The sauce is being poured in a steady stream, and the person seems to be careful not to spill any of it. The video is shot from a close-up angle, focusing on the pot and the person's hand.",T2V_data/label/vidgen_filter_gemini_part_0_dpo_12/N2ObYOyn1Z4-Scene-0023/entity_60.mp4,T2V_data/label/vidgen_filter_gemini_part_0_dpo_12/N2ObYOyn1Z4-Scene-0023/entity_60.png
T2V_data/VIDGEN-1M_unzip/NN5lIsP0UHg-Scene-0250.mp4,"In the video, a young girl is seen wearing a yellow dress with a red collar and red sleeves. She has short black hair and is standing in front of a colorful background. The girl is holding a green jump rope and is jumping over it. She is smiling and seems to be enjoying herself. The video captures her in mid-jump, with her legs lifted off the ground and the rope swinging above her head. The background is blurred, but it appears to be a playground or park. The girl's movements are fluid and rhythmic, and she seems to be quite skilled at jumping rope. The video is bright and colorful, with the girl's yellow dress standing out against the more muted background.",T2V_data/label/vidgen_filter_gemini_part_0_dpo_12/NN5lIsP0UHg-Scene-0250/depth.mp4,T2V_data/label/vidgen_filter_gemini_part_0_dpo_12/NN5lIsP0UHg-Scene-0250/entity_60.png
T2V_data/VIDGEN-1M_unzip/NN5lIsP0UHg-Scene-0250.mp4,"In the video, a young girl is seen wearing a yellow dress with a red collar and red sleeves. She has short black hair and is standing in front of a colorful background. The girl is holding a green jump rope and is jumping over it. She is smiling and seems to be enjoying herself. The video captures her in mid-jump, with her legs lifted off the ground and the rope swinging above her head. The background is blurred, but it appears to be a playground or park. The girl's movements are fluid and rhythmic, and she seems to be quite skilled at jumping rope. The video is bright and colorful, with the girl's yellow dress standing out against the more muted background.",T2V_data/label/vidgen_filter_gemini_part_0_dpo_12/NN5lIsP0UHg-Scene-0250/entity_60.mp4,T2V_data/label/vidgen_filter_gemini_part_0_dpo_12/NN5lIsP0UHg-Scene-0250/entity_60.png
T2V_data/VIDGEN-1M_unzip/NfJJk7SKo1I-Scene-0031.mp4,"The video shows a man in a gym wearing a white shirt and blue shorts. He is doing squats with his hands on his head. The gym is equipped with various exercise machines and equipment. The man is focused on his workout, maintaining proper form throughout the exercise. The lighting in the gym is bright, and the walls are painted in a neutral color. The man's movements are smooth and controlled, indicating that he is experienced in weightlifting.",T2V_data/label/vidgen_filter_gemini_part_0_dpo_12/NfJJk7SKo1I-Scene-0031/depth.mp4,T2V_data/label/vidgen_filter_gemini_part_0_dpo_12/NfJJk7SKo1I-Scene-0031/entity_20.png
T2V_data/VIDGEN-1M_unzip/NfJJk7SKo1I-Scene-0031.mp4,"The video shows a man in a gym wearing a white shirt and blue shorts. He is doing squats with his hands on his head. The gym is equipped with various exercise machines and equipment. The man is focused on his workout, maintaining proper form throughout the exercise. The lighting in the gym is bright, and the walls are painted in a neutral color. The man's movements are smooth and controlled, indicating that he is experienced in weightlifting.",T2V_data/label/vidgen_filter_gemini_part_0_dpo_12/NfJJk7SKo1I-Scene-0031/entity_20.mp4,T2V_data/label/vidgen_filter_gemini_part_0_dpo_12/NfJJk7SKo1I-Scene-0031/entity_20.png
T2V_data/VIDGEN-1M_unzip/NgRL4ktwlZI-Scene-0011.mp4,"In the video, a person is seen working on a car engine. The person is using a wrench to tighten a bolt on the engine. The engine is blue in color and has various components attached to it. The person's hand is visible, and they are wearing a watch on their wrist. The background of the video is a garage with various tools and equipment visible. The person appears to be focused on their task, and the video provides a close-up view of the engine and the person's hand movements.",T2V_data/label/vidgen_filter_gemini_part_0_dpo_12/NgRL4ktwlZI-Scene-0011/depth.mp4,T2V_data/label/vidgen_filter_gemini_part_0_dpo_12/NgRL4ktwlZI-Scene-0011/entity_20.png
T2V_data/VIDGEN-1M_unzip/NgRL4ktwlZI-Scene-0011.mp4,"In the video, a person is seen working on a car engine. The person is using a wrench to tighten a bolt on the engine. The engine is blue in color and has various components attached to it. The person's hand is visible, and they are wearing a watch on their wrist. The background of the video is a garage with various tools and equipment visible. The person appears to be focused on their task, and the video provides a close-up view of the engine and the person's hand movements.",T2V_data/label/vidgen_filter_gemini_part_0_dpo_12/NgRL4ktwlZI-Scene-0011/entity_20.mp4,T2V_data/label/vidgen_filter_gemini_part_0_dpo_12/NgRL4ktwlZI-Scene-0011/entity_20.png
T2V_data/VIDGEN-1M_unzip/NreBq94tmuk-Scene-0025.mp4,"The video shows a boxing match between two men in a ring. One man is wearing red and white striped shorts, while the other is wearing blue shorts. The man in the red and white shorts is seen throwing punches at the man in the blue shorts, who is defending himself. The referee is present in the ring, watching the fight closely. The man in the red and white shorts lands a punch on the man in blue shorts, causing him to fall to the ground. The referee steps in to stop the fight, and the man in the red and white shorts is declared the winner.",T2V_data/label/vidgen_filter_gemini_part_0_dpo_12/NreBq94tmuk-Scene-0025/depth.mp4,T2V_data/label/vidgen_filter_gemini_part_0_dpo_12/NreBq94tmuk-Scene-0025/entity_40.png
T2V_data/VIDGEN-1M_unzip/NreBq94tmuk-Scene-0025.mp4,"The video shows a boxing match between two men in a ring. One man is wearing red and white striped shorts, while the other is wearing blue shorts. The man in the red and white shorts is seen throwing punches at the man in the blue shorts, who is defending himself. The referee is present in the ring, watching the fight closely. The man in the red and white shorts lands a punch on the man in blue shorts, causing him to fall to the ground. The referee steps in to stop the fight, and the man in the red and white shorts is declared the winner.",T2V_data/label/vidgen_filter_gemini_part_0_dpo_12/NreBq94tmuk-Scene-0025/entity_40.mp4,T2V_data/label/vidgen_filter_gemini_part_0_dpo_12/NreBq94tmuk-Scene-0025/entity_40.png
T2V_data/VIDGEN-1M_unzip/Ns5ka219lJY-Scene-0183.mp4,"In the video, a person is seen pouring a white creamy liquid from a blue bowl onto a fish that is placed on a black tray. The fish has a yellow tail and is being held by a hand. The background shows a wooden cutting board and a bottle of sauce.",T2V_data/label/vidgen_filter_gemini_part_0_dpo_12/Ns5ka219lJY-Scene-0183/depth.mp4,T2V_data/label/vidgen_filter_gemini_part_0_dpo_12/Ns5ka219lJY-Scene-0183/entity_40.png
T2V_data/VIDGEN-1M_unzip/Ns5ka219lJY-Scene-0183.mp4,"In the video, a person is seen pouring a white creamy liquid from a blue bowl onto a fish that is placed on a black tray. The fish has a yellow tail and is being held by a hand. The background shows a wooden cutting board and a bottle of sauce.",T2V_data/label/vidgen_filter_gemini_part_0_dpo_12/Ns5ka219lJY-Scene-0183/entity_40.mp4,T2V_data/label/vidgen_filter_gemini_part_0_dpo_12/Ns5ka219lJY-Scene-0183/entity_40.png
T2V_data/VIDGEN-1M_unzip/NuSBGNkKLrk-Scene-0040.mp4,"The video shows a person's hand pushing a button on the side of a car seat. The button is located on the armrest of the seat. The hand pushes the button twice, and the seat moves back and forth. The car seat is gray, and the interior of the car is also gray. The seat appears to be comfortable and spacious. The hand is visible in the video, and it is wearing a black watch. The video is shot from the perspective of someone sitting in the back seat of the car.",T2V_data/label/vidgen_filter_gemini_part_0_dpo_12/NuSBGNkKLrk-Scene-0040/depth.mp4,T2V_data/label/vidgen_filter_gemini_part_0_dpo_12/NuSBGNkKLrk-Scene-0040/entity_40.png
T2V_data/VIDGEN-1M_unzip/NuSBGNkKLrk-Scene-0040.mp4,"The video shows a person's hand pushing a button on the side of a car seat. The button is located on the armrest of the seat. The hand pushes the button twice, and the seat moves back and forth. The car seat is gray, and the interior of the car is also gray. The seat appears to be comfortable and spacious. The hand is visible in the video, and it is wearing a black watch. The video is shot from the perspective of someone sitting in the back seat of the car.",T2V_data/label/vidgen_filter_gemini_part_0_dpo_12/NuSBGNkKLrk-Scene-0040/entity_40.mp4,T2V_data/label/vidgen_filter_gemini_part_0_dpo_12/NuSBGNkKLrk-Scene-0040/entity_40.png
T2V_data/VIDGEN-1M_unzip/OGilPWdaikI-Scene-0063.mp4,"The video shows a person wearing blue gloves holding a smartphone in their hands. The person is using a tool to remove the screen from the phone. They carefully peel off the screen, revealing the phone's internal components. The person then holds up the removed screen, showing it to the camera. The video provides a close-up view of the process, highlighting the precision and care required to remove the screen without damaging the phone's internal components.",T2V_data/label/vidgen_filter_gemini_part_0_dpo_12/OGilPWdaikI-Scene-0063/depth.mp4,T2V_data/label/vidgen_filter_gemini_part_0_dpo_12/OGilPWdaikI-Scene-0063/entity_40.png
T2V_data/VIDGEN-1M_unzip/OGilPWdaikI-Scene-0063.mp4,"The video shows a person wearing blue gloves holding a smartphone in their hands. The person is using a tool to remove the screen from the phone. They carefully peel off the screen, revealing the phone's internal components. The person then holds up the removed screen, showing it to the camera. The video provides a close-up view of the process, highlighting the precision and care required to remove the screen without damaging the phone's internal components.",T2V_data/label/vidgen_filter_gemini_part_0_dpo_12/OGilPWdaikI-Scene-0063/entity_40.mp4,T2V_data/label/vidgen_filter_gemini_part_0_dpo_12/OGilPWdaikI-Scene-0063/entity_40.png
T2V_data/VIDGEN-1M_unzip/OGilPWdaikI-Scene-0063.mp4,"The video shows a person wearing blue gloves holding a smartphone in their hands. The person is using a tool to remove the screen from the phone. They carefully peel off the screen, revealing the phone's internal components. The person then holds up the removed screen, showing it to the camera. The video provides a close-up view of the process, highlighting the precision and care required to remove the screen without damaging the phone's internal components.",T2V_data/label/vidgen_filter_gemini_part_0_dpo_12/OGilPWdaikI-Scene-0063/depth.mp4,T2V_data/label/vidgen_filter_gemini_part_0_dpo_12/OGilPWdaikI-Scene-0063/entity_60.png
T2V_data/VIDGEN-1M_unzip/OGilPWdaikI-Scene-0063.mp4,"The video shows a person wearing blue gloves holding a smartphone in their hands. The person is using a tool to remove the screen from the phone. They carefully peel off the screen, revealing the phone's internal components. The person then holds up the removed screen, showing it to the camera. The video provides a close-up view of the process, highlighting the precision and care required to remove the screen without damaging the phone's internal components.",T2V_data/label/vidgen_filter_gemini_part_0_dpo_12/OGilPWdaikI-Scene-0063/entity_60.mp4,T2V_data/label/vidgen_filter_gemini_part_0_dpo_12/OGilPWdaikI-Scene-0063/entity_60.png
T2V_data/VIDGEN-1M_unzip/ON6-ivzCFlA-Scene-0019.mp4,"The video is a recording of a baseball game. The players are wearing white uniforms with blue caps and blue socks. The pitcher is throwing the ball, and the batter is swinging the bat. The catcher is crouching behind the batter, ready to catch the ball. The crowd is cheering in the background. The video is shot from the perspective of the third base side of the field.",T2V_data/label/vidgen_filter_gemini_part_0_dpo_12/ON6-ivzCFlA-Scene-0019/depth.mp4,T2V_data/label/vidgen_filter_gemini_part_0_dpo_12/ON6-ivzCFlA-Scene-0019/entity_20.png
T2V_data/VIDGEN-1M_unzip/ON6-ivzCFlA-Scene-0019.mp4,"The video is a recording of a baseball game. The players are wearing white uniforms with blue caps and blue socks. The pitcher is throwing the ball, and the batter is swinging the bat. The catcher is crouching behind the batter, ready to catch the ball. The crowd is cheering in the background. The video is shot from the perspective of the third base side of the field.",T2V_data/label/vidgen_filter_gemini_part_0_dpo_12/ON6-ivzCFlA-Scene-0019/entity_20.mp4,T2V_data/label/vidgen_filter_gemini_part_0_dpo_12/ON6-ivzCFlA-Scene-0019/entity_20.png
T2V_data/VIDGEN-1M_unzip/ON6-ivzCFlA-Scene-0019.mp4,"The video is a recording of a baseball game. The players are wearing white uniforms with blue caps and blue socks. The pitcher is throwing the ball, and the batter is swinging the bat. The catcher is crouching behind the batter, ready to catch the ball. The crowd is cheering in the background. The video is shot from the perspective of the third base side of the field.",T2V_data/label/vidgen_filter_gemini_part_0_dpo_12/ON6-ivzCFlA-Scene-0019/depth.mp4,T2V_data/label/vidgen_filter_gemini_part_0_dpo_12/ON6-ivzCFlA-Scene-0019/entity_40.png
T2V_data/VIDGEN-1M_unzip/ON6-ivzCFlA-Scene-0019.mp4,"The video is a recording of a baseball game. The players are wearing white uniforms with blue caps and blue socks. The pitcher is throwing the ball, and the batter is swinging the bat. The catcher is crouching behind the batter, ready to catch the ball. The crowd is cheering in the background. The video is shot from the perspective of the third base side of the field.",T2V_data/label/vidgen_filter_gemini_part_0_dpo_12/ON6-ivzCFlA-Scene-0019/entity_40.mp4,T2V_data/label/vidgen_filter_gemini_part_0_dpo_12/ON6-ivzCFlA-Scene-0019/entity_40.png
T2V_data/VIDGEN-1M_unzip/ON9Qp5S9qfI-Scene-0009.mp4,The video shows a man windsurfing on a body of water. He is wearing black shorts and a life jacket and is holding onto a red and orange sail. The water is a clear blue color and there are trees visible in the background. The man is seen performing a jump and landing back on the water.,T2V_data/label/vidgen_filter_gemini_part_0_dpo_12/ON9Qp5S9qfI-Scene-0009/depth.mp4,T2V_data/label/vidgen_filter_gemini_part_0_dpo_12/ON9Qp5S9qfI-Scene-0009/entity_60.png
T2V_data/VIDGEN-1M_unzip/ON9Qp5S9qfI-Scene-0009.mp4,The video shows a man windsurfing on a body of water. He is wearing black shorts and a life jacket and is holding onto a red and orange sail. The water is a clear blue color and there are trees visible in the background. The man is seen performing a jump and landing back on the water.,T2V_data/label/vidgen_filter_gemini_part_0_dpo_12/ON9Qp5S9qfI-Scene-0009/entity_60.mp4,T2V_data/label/vidgen_filter_gemini_part_0_dpo_12/ON9Qp5S9qfI-Scene-0009/entity_60.png
T2V_data/VIDGEN-1M_unzip/OUGsUkW6Rh0-Scene-0143.mp4,"The video displays a close-up view of a white plate with two slices of medium-rare steak. The steak has a pink center and is seasoned with black pepper. The steak is being cut with a fork, and the fork is visible in the frame. The background is blurred, but it appears to be a kitchen setting.",T2V_data/label/vidgen_filter_gemini_part_0_dpo_12/OUGsUkW6Rh0-Scene-0143/depth.mp4,T2V_data/label/vidgen_filter_gemini_part_0_dpo_12/OUGsUkW6Rh0-Scene-0143/entity_40.png
T2V_data/VIDGEN-1M_unzip/OUGsUkW6Rh0-Scene-0143.mp4,"The video displays a close-up view of a white plate with two slices of medium-rare steak. The steak has a pink center and is seasoned with black pepper. The steak is being cut with a fork, and the fork is visible in the frame. The background is blurred, but it appears to be a kitchen setting.",T2V_data/label/vidgen_filter_gemini_part_0_dpo_12/OUGsUkW6Rh0-Scene-0143/entity_40.mp4,T2V_data/label/vidgen_filter_gemini_part_0_dpo_12/OUGsUkW6Rh0-Scene-0143/entity_40.png
T2V_data/VIDGEN-1M_unzip/OW9IQJAV1uA-Scene-0027.mp4,"The video shows a person driving a boat with a motor. The person is holding the steering wheel with one hand and controlling the throttle with the other. The boat is moving through the water, creating a wake behind it. The sky is clear and blue, and there are trees visible in the distance.",T2V_data/label/vidgen_filter_gemini_part_0_dpo_12/OW9IQJAV1uA-Scene-0027/depth.mp4,T2V_data/label/vidgen_filter_gemini_part_0_dpo_12/OW9IQJAV1uA-Scene-0027/entity_80.png
T2V_data/VIDGEN-1M_unzip/OW9IQJAV1uA-Scene-0027.mp4,"The video shows a person driving a boat with a motor. The person is holding the steering wheel with one hand and controlling the throttle with the other. The boat is moving through the water, creating a wake behind it. The sky is clear and blue, and there are trees visible in the distance.",T2V_data/label/vidgen_filter_gemini_part_0_dpo_12/OW9IQJAV1uA-Scene-0027/entity_80.mp4,T2V_data/label/vidgen_filter_gemini_part_0_dpo_12/OW9IQJAV1uA-Scene-0027/entity_80.png
T2V_data/VIDGEN-1M_unzip/W_J4nSCSEgg-Scene-0037.mp4,"The video shows a group of cars racing on a track. The cars are moving at a high speed, and they are closely packed together. The track is surrounded by a fence, and there are trees and grass visible in the background. The cars are of different colors, and they are all moving in the same direction. The video is shot from a high angle, giving a clear view of the cars and the track.",T2V_data/label/vidgen_filter_gemini_part_0_dpo_12/W_J4nSCSEgg-Scene-0037/depth.mp4,T2V_data/label/vidgen_filter_gemini_part_0_dpo_12/W_J4nSCSEgg-Scene-0037/entity_40.png
T2V_data/VIDGEN-1M_unzip/W_J4nSCSEgg-Scene-0037.mp4,"The video shows a group of cars racing on a track. The cars are moving at a high speed, and they are closely packed together. The track is surrounded by a fence, and there are trees and grass visible in the background. The cars are of different colors, and they are all moving in the same direction. The video is shot from a high angle, giving a clear view of the cars and the track.",T2V_data/label/vidgen_filter_gemini_part_0_dpo_12/W_J4nSCSEgg-Scene-0037/entity_40.mp4,T2V_data/label/vidgen_filter_gemini_part_0_dpo_12/W_J4nSCSEgg-Scene-0037/entity_40.png
T2V_data/VIDGEN-1M_unzip/X-wwZ6Od-mE-Scene-0063.mp4,"In the video, a person is seen wearing a scary mask and holding a knife. Another person is standing in front of them, holding a piece of paper. The person with the knife reaches out and takes the paper from the other person. The person with the knife then starts to read the paper. The scene appears to be taking place in a dark and eerie setting, adding to the suspense of the situation. The person with the knife seems to be threatening the other person, as they hold the knife close to them. The video ends with the person with the knife continuing to read the paper.",T2V_data/label/vidgen_filter_gemini_part_0_dpo_12/X-wwZ6Od-mE-Scene-0063/depth.mp4,T2V_data/label/vidgen_filter_gemini_part_0_dpo_12/X-wwZ6Od-mE-Scene-0063/entity_60.png
T2V_data/VIDGEN-1M_unzip/X-wwZ6Od-mE-Scene-0063.mp4,"In the video, a person is seen wearing a scary mask and holding a knife. Another person is standing in front of them, holding a piece of paper. The person with the knife reaches out and takes the paper from the other person. The person with the knife then starts to read the paper. The scene appears to be taking place in a dark and eerie setting, adding to the suspense of the situation. The person with the knife seems to be threatening the other person, as they hold the knife close to them. The video ends with the person with the knife continuing to read the paper.",T2V_data/label/vidgen_filter_gemini_part_0_dpo_12/X-wwZ6Od-mE-Scene-0063/entity_60.mp4,T2V_data/label/vidgen_filter_gemini_part_0_dpo_12/X-wwZ6Od-mE-Scene-0063/entity_60.png
T2V_data/VIDGEN-1M_unzip/XNTMfax5Q5w-Scene-0043.mp4,"The video shows a wildebeest in a river, struggling to escape from a crocodile's jaws. The crocodile is holding onto the wildebeest's neck with its sharp teeth, and the wildebeest is trying to shake it off. The wildebeest eventually manages to break free and swim away from the crocodile. The video captures the intense struggle between the two animals in their natural habitat.",T2V_data/label/vidgen_filter_gemini_part_0_dpo_12/XNTMfax5Q5w-Scene-0043/depth.mp4,T2V_data/label/vidgen_filter_gemini_part_0_dpo_12/XNTMfax5Q5w-Scene-0043/entity_60.png
T2V_data/VIDGEN-1M_unzip/XNTMfax5Q5w-Scene-0043.mp4,"The video shows a wildebeest in a river, struggling to escape from a crocodile's jaws. The crocodile is holding onto the wildebeest's neck with its sharp teeth, and the wildebeest is trying to shake it off. The wildebeest eventually manages to break free and swim away from the crocodile. The video captures the intense struggle between the two animals in their natural habitat.",T2V_data/label/vidgen_filter_gemini_part_0_dpo_12/XNTMfax5Q5w-Scene-0043/entity_60.mp4,T2V_data/label/vidgen_filter_gemini_part_0_dpo_12/XNTMfax5Q5w-Scene-0043/entity_60.png
T2V_data/VIDGEN-1M_unzip/XQf2jAeBrCQ-Scene-0009.mp4,The video shows a cricket player in a blue and yellow uniform throwing a ball towards a batsman who is wearing a red uniform. The batsman is holding a cricket bat and is standing near the wickets. The player in the blue and yellow uniform is wearing white shoes and has long hair. The cricket field is green with white boundary lines. The player in the blue and yellow uniform is seen running towards the batsman and throwing the ball with his right hand. The batsman is seen swinging his bat to hit the ball.,T2V_data/label/vidgen_filter_gemini_part_0_dpo_12/XQf2jAeBrCQ-Scene-0009/depth.mp4,T2V_data/label/vidgen_filter_gemini_part_0_dpo_12/XQf2jAeBrCQ-Scene-0009/entity_20.png
T2V_data/VIDGEN-1M_unzip/XQf2jAeBrCQ-Scene-0009.mp4,The video shows a cricket player in a blue and yellow uniform throwing a ball towards a batsman who is wearing a red uniform. The batsman is holding a cricket bat and is standing near the wickets. The player in the blue and yellow uniform is wearing white shoes and has long hair. The cricket field is green with white boundary lines. The player in the blue and yellow uniform is seen running towards the batsman and throwing the ball with his right hand. The batsman is seen swinging his bat to hit the ball.,T2V_data/label/vidgen_filter_gemini_part_0_dpo_12/XQf2jAeBrCQ-Scene-0009/entity_20.mp4,T2V_data/label/vidgen_filter_gemini_part_0_dpo_12/XQf2jAeBrCQ-Scene-0009/entity_20.png
T2V_data/VIDGEN-1M_unzip/XSeqsXgFjy8-Scene-0047.mp4,"The video shows two men wrestling on a mat. One man is wearing a black shirt and white shorts, while the other is wearing a white shirt and black shorts. The man in the black shirt is on top of the man in the white shirt, and he is holding the other man's arm. The man in the white shirt is lying on his back, and he is trying to get out of the hold. There is a crowd of people standing around the mat, watching the wrestling match. The man in the black shirt is wearing white socks, and the man in the white shirt is wearing black socks. The mat is red and green, and there is a text overlay on the video that says ""that was awful"".",T2V_data/label/vidgen_filter_gemini_part_0_dpo_12/XSeqsXgFjy8-Scene-0047/depth.mp4,T2V_data/label/vidgen_filter_gemini_part_0_dpo_12/XSeqsXgFjy8-Scene-0047/entity_20.png
T2V_data/VIDGEN-1M_unzip/XSeqsXgFjy8-Scene-0047.mp4,"The video shows two men wrestling on a mat. One man is wearing a black shirt and white shorts, while the other is wearing a white shirt and black shorts. The man in the black shirt is on top of the man in the white shirt, and he is holding the other man's arm. The man in the white shirt is lying on his back, and he is trying to get out of the hold. There is a crowd of people standing around the mat, watching the wrestling match. The man in the black shirt is wearing white socks, and the man in the white shirt is wearing black socks. The mat is red and green, and there is a text overlay on the video that says ""that was awful"".",T2V_data/label/vidgen_filter_gemini_part_0_dpo_12/XSeqsXgFjy8-Scene-0047/entity_20.mp4,T2V_data/label/vidgen_filter_gemini_part_0_dpo_12/XSeqsXgFjy8-Scene-0047/entity_20.png
T2V_data/VIDGEN-1M_unzip/X_cDGd0U3iU-Scene-0087.mp4,The video shows a blue car parked in a garage with a jack underneath it. The car has a copper wheel and a cardboard box underneath it. The person in the video is holding a wrench and pointing at the jack and the car.,T2V_data/label/vidgen_filter_gemini_part_0_dpo_12/X_cDGd0U3iU-Scene-0087/depth.mp4,T2V_data/label/vidgen_filter_gemini_part_0_dpo_12/X_cDGd0U3iU-Scene-0087/entity_60.png
T2V_data/VIDGEN-1M_unzip/X_cDGd0U3iU-Scene-0087.mp4,The video shows a blue car parked in a garage with a jack underneath it. The car has a copper wheel and a cardboard box underneath it. The person in the video is holding a wrench and pointing at the jack and the car.,T2V_data/label/vidgen_filter_gemini_part_0_dpo_12/X_cDGd0U3iU-Scene-0087/entity_60.mp4,T2V_data/label/vidgen_filter_gemini_part_0_dpo_12/X_cDGd0U3iU-Scene-0087/entity_60.png
T2V_data/VIDGEN-1M_unzip/Xt6tmKjHI3o-Scene-0068.mp4,"In the video, a person is seen holding a piece of cardboard with a ruler on it. The person then points at the ruler and uses a hammer to hit the ruler. The video is shot from a top-down perspective, and the background is a wooden surface with some debris on it. The person's hand is visible, and they are wearing a ring on their finger. The ruler is transparent with black markings, and the hammer has a silver head and a black handle.",T2V_data/label/vidgen_filter_gemini_part_0_dpo_12/Xt6tmKjHI3o-Scene-0068/depth.mp4,T2V_data/label/vidgen_filter_gemini_part_0_dpo_12/Xt6tmKjHI3o-Scene-0068/entity_40.png
T2V_data/VIDGEN-1M_unzip/Xt6tmKjHI3o-Scene-0068.mp4,"In the video, a person is seen holding a piece of cardboard with a ruler on it. The person then points at the ruler and uses a hammer to hit the ruler. The video is shot from a top-down perspective, and the background is a wooden surface with some debris on it. The person's hand is visible, and they are wearing a ring on their finger. The ruler is transparent with black markings, and the hammer has a silver head and a black handle.",T2V_data/label/vidgen_filter_gemini_part_0_dpo_12/Xt6tmKjHI3o-Scene-0068/entity_40.mp4,T2V_data/label/vidgen_filter_gemini_part_0_dpo_12/Xt6tmKjHI3o-Scene-0068/entity_40.png
T2V_data/VIDGEN-1M_unzip/Y-6a7ZrXXEE-Scene-0031.mp4,"In the video, a man is seen performing a weightlifting exercise in a gym. He is wearing a white t-shirt, black pants, and red and white sneakers. The man is bending over and picking up a barbell with weights on it. He is wearing a black belt around his waist and a watch on his left wrist. The gym is equipped with various exercise machines and equipment, including a red exercise ball in the background. The man appears to be focused and determined as he performs the exercise with proper form.",T2V_data/label/vidgen_filter_gemini_part_0_dpo_12/Y-6a7ZrXXEE-Scene-0031/depth.mp4,T2V_data/label/vidgen_filter_gemini_part_0_dpo_12/Y-6a7ZrXXEE-Scene-0031/entity_40.png
T2V_data/VIDGEN-1M_unzip/Y-6a7ZrXXEE-Scene-0031.mp4,"In the video, a man is seen performing a weightlifting exercise in a gym. He is wearing a white t-shirt, black pants, and red and white sneakers. The man is bending over and picking up a barbell with weights on it. He is wearing a black belt around his waist and a watch on his left wrist. The gym is equipped with various exercise machines and equipment, including a red exercise ball in the background. The man appears to be focused and determined as he performs the exercise with proper form.",T2V_data/label/vidgen_filter_gemini_part_0_dpo_12/Y-6a7ZrXXEE-Scene-0031/entity_40.mp4,T2V_data/label/vidgen_filter_gemini_part_0_dpo_12/Y-6a7ZrXXEE-Scene-0031/entity_40.png
T2V_data/VIDGEN-1M_unzip/Y2QQr6geikY-Scene-0016.mp4,"In the video, a person is seen holding a white iPhone 5s box. The box is placed on a table, and the person picks up a yellow sticky note from the table. The person then places the sticky note on top of the iPhone 5s box.",T2V_data/label/vidgen_filter_gemini_part_0_dpo_12/Y2QQr6geikY-Scene-0016/depth.mp4,T2V_data/label/vidgen_filter_gemini_part_0_dpo_12/Y2QQr6geikY-Scene-0016/entity_60.png
T2V_data/VIDGEN-1M_unzip/Y2QQr6geikY-Scene-0016.mp4,"In the video, a person is seen holding a white iPhone 5s box. The box is placed on a table, and the person picks up a yellow sticky note from the table. The person then places the sticky note on top of the iPhone 5s box.",T2V_data/label/vidgen_filter_gemini_part_0_dpo_12/Y2QQr6geikY-Scene-0016/entity_60.mp4,T2V_data/label/vidgen_filter_gemini_part_0_dpo_12/Y2QQr6geikY-Scene-0016/entity_60.png
T2V_data/VIDGEN-1M_unzip/Y6SLowBX1YI-Scene-0113.mp4,"In the video, a person is seen working on a car engine. The person is using a wrench to tighten a bolt on a pipe. The engine is open, and the person is standing in front of it. The person is wearing a black shirt and has a watch on their left wrist. The wrench is silver and appears to be made of metal. The bolt being tightened is silver and is located on a black pipe. The engine is a dark color, possibly black or dark gray. The person is focused on the task at hand and appears to be experienced in working on engines.",T2V_data/label/vidgen_filter_gemini_part_0_dpo_12/Y6SLowBX1YI-Scene-0113/depth.mp4,T2V_data/label/vidgen_filter_gemini_part_0_dpo_12/Y6SLowBX1YI-Scene-0113/entity_60.png
T2V_data/VIDGEN-1M_unzip/Y6SLowBX1YI-Scene-0113.mp4,"In the video, a person is seen working on a car engine. The person is using a wrench to tighten a bolt on a pipe. The engine is open, and the person is standing in front of it. The person is wearing a black shirt and has a watch on their left wrist. The wrench is silver and appears to be made of metal. The bolt being tightened is silver and is located on a black pipe. The engine is a dark color, possibly black or dark gray. The person is focused on the task at hand and appears to be experienced in working on engines.",T2V_data/label/vidgen_filter_gemini_part_0_dpo_12/Y6SLowBX1YI-Scene-0113/entity_60.mp4,T2V_data/label/vidgen_filter_gemini_part_0_dpo_12/Y6SLowBX1YI-Scene-0113/entity_60.png
T2V_data/VIDGEN-1M_unzip/YJ03Eq_1B2I-Scene-0012.mp4,"The video shows a woman kiteboarding on a river. She is wearing a black jacket and purple shorts. The woman is holding onto a bar connected to a kite, which is pulling her along the water. She is standing on a board and appears to be enjoying the ride. The water is choppy, and there are rocks visible in the background. The woman is skillfully maneuvering the board and the kite, and the video captures the thrill of the sport.",T2V_data/label/vidgen_filter_gemini_part_0_dpo_12/YJ03Eq_1B2I-Scene-0012/depth.mp4,T2V_data/label/vidgen_filter_gemini_part_0_dpo_12/YJ03Eq_1B2I-Scene-0012/entity_20.png
T2V_data/VIDGEN-1M_unzip/YJ03Eq_1B2I-Scene-0012.mp4,"The video shows a woman kiteboarding on a river. She is wearing a black jacket and purple shorts. The woman is holding onto a bar connected to a kite, which is pulling her along the water. She is standing on a board and appears to be enjoying the ride. The water is choppy, and there are rocks visible in the background. The woman is skillfully maneuvering the board and the kite, and the video captures the thrill of the sport.",T2V_data/label/vidgen_filter_gemini_part_0_dpo_12/YJ03Eq_1B2I-Scene-0012/entity_20.mp4,T2V_data/label/vidgen_filter_gemini_part_0_dpo_12/YJ03Eq_1B2I-Scene-0012/entity_20.png
T2V_data/VIDGEN-1M_unzip/YPBJcdExDaI-Scene-0042.mp4,"In the video, a person is seen using a blue rake to move around leaves in a black bucket. The person is wearing a yellow shirt and is standing next to a tree. The bucket is filled with green leaves, and the person is using the rake to mix them around. The person's movements are slow and deliberate, and they seem to be taking care to not damage the leaves. The background is blurred, but it appears to be a garden or park.",T2V_data/label/vidgen_filter_gemini_part_0_dpo_12/YPBJcdExDaI-Scene-0042/depth.mp4,T2V_data/label/vidgen_filter_gemini_part_0_dpo_12/YPBJcdExDaI-Scene-0042/entity_40.png
T2V_data/VIDGEN-1M_unzip/YPBJcdExDaI-Scene-0042.mp4,"In the video, a person is seen using a blue rake to move around leaves in a black bucket. The person is wearing a yellow shirt and is standing next to a tree. The bucket is filled with green leaves, and the person is using the rake to mix them around. The person's movements are slow and deliberate, and they seem to be taking care to not damage the leaves. The background is blurred, but it appears to be a garden or park.",T2V_data/label/vidgen_filter_gemini_part_0_dpo_12/YPBJcdExDaI-Scene-0042/entity_40.mp4,T2V_data/label/vidgen_filter_gemini_part_0_dpo_12/YPBJcdExDaI-Scene-0042/entity_40.png
T2V_data/VIDGEN-1M_unzip/YirGzorsPWw-Scene-0001.mp4,"The video shows a woman in a gym, lifting dumbbells. She is wearing a black sports bra and leggings, and has blonde hair tied in a ponytail. The gym is well-equipped, with various exercise machines and equipment visible in the background. The woman is focused on her workout, lifting the dumbbells with proper form. The video also includes text overlays that read ""BodyBuilding.com"" and ""NLA for Her,"" suggesting that the video may be promoting a fitness-related brand or product.",T2V_data/label/vidgen_filter_gemini_part_0_dpo_12/YirGzorsPWw-Scene-0001/depth.mp4,T2V_data/label/vidgen_filter_gemini_part_0_dpo_12/YirGzorsPWw-Scene-0001/entity_20.png
T2V_data/VIDGEN-1M_unzip/YirGzorsPWw-Scene-0001.mp4,"The video shows a woman in a gym, lifting dumbbells. She is wearing a black sports bra and leggings, and has blonde hair tied in a ponytail. The gym is well-equipped, with various exercise machines and equipment visible in the background. The woman is focused on her workout, lifting the dumbbells with proper form. The video also includes text overlays that read ""BodyBuilding.com"" and ""NLA for Her,"" suggesting that the video may be promoting a fitness-related brand or product.",T2V_data/label/vidgen_filter_gemini_part_0_dpo_12/YirGzorsPWw-Scene-0001/entity_20.mp4,T2V_data/label/vidgen_filter_gemini_part_0_dpo_12/YirGzorsPWw-Scene-0001/entity_20.png
T2V_data/VIDGEN-1M_unzip/Z0N8xGHpdQ0-Scene-0051.mp4,"In the video, a man is seen using a table saw to cut a piece of wood. He is wearing black gloves and is pushing the wood through the saw to make a cut. The saw is stationary, and the man is moving the wood back and forth to make the cut. The wood appears to be a light brown color, and the saw has a silver blade. The man's movements are deliberate and careful, indicating that he is experienced in using the saw.",T2V_data/label/vidgen_filter_gemini_part_0_dpo_12/Z0N8xGHpdQ0-Scene-0051/depth.mp4,T2V_data/label/vidgen_filter_gemini_part_0_dpo_12/Z0N8xGHpdQ0-Scene-0051/entity_40.png
T2V_data/VIDGEN-1M_unzip/Z0N8xGHpdQ0-Scene-0051.mp4,"In the video, a man is seen using a table saw to cut a piece of wood. He is wearing black gloves and is pushing the wood through the saw to make a cut. The saw is stationary, and the man is moving the wood back and forth to make the cut. The wood appears to be a light brown color, and the saw has a silver blade. The man's movements are deliberate and careful, indicating that he is experienced in using the saw.",T2V_data/label/vidgen_filter_gemini_part_0_dpo_12/Z0N8xGHpdQ0-Scene-0051/entity_40.mp4,T2V_data/label/vidgen_filter_gemini_part_0_dpo_12/Z0N8xGHpdQ0-Scene-0051/entity_40.png
T2V_data/VIDGEN-1M_unzip/Z0N8xGHpdQ0-Scene-0051.mp4,"In the video, a man is seen using a table saw to cut a piece of wood. He is wearing black gloves and is pushing the wood through the saw to make a cut. The saw is stationary, and the man is moving the wood back and forth to make the cut. The wood appears to be a light brown color, and the saw has a silver blade. The man's movements are deliberate and careful, indicating that he is experienced in using the saw.",T2V_data/label/vidgen_filter_gemini_part_0_dpo_12/Z0N8xGHpdQ0-Scene-0051/depth.mp4,T2V_data/label/vidgen_filter_gemini_part_0_dpo_12/Z0N8xGHpdQ0-Scene-0051/entity_60.png
T2V_data/VIDGEN-1M_unzip/Z0N8xGHpdQ0-Scene-0051.mp4,"In the video, a man is seen using a table saw to cut a piece of wood. He is wearing black gloves and is pushing the wood through the saw to make a cut. The saw is stationary, and the man is moving the wood back and forth to make the cut. The wood appears to be a light brown color, and the saw has a silver blade. The man's movements are deliberate and careful, indicating that he is experienced in using the saw.",T2V_data/label/vidgen_filter_gemini_part_0_dpo_12/Z0N8xGHpdQ0-Scene-0051/entity_60.mp4,T2V_data/label/vidgen_filter_gemini_part_0_dpo_12/Z0N8xGHpdQ0-Scene-0051/entity_60.png
T2V_data/VIDGEN-1M_unzip/Z5vt9WCMLu0-Scene-0033.mp4,"The video shows a close-up of a person's hand with purple nail polish. The hand is dipped into a clear glass bowl filled with water, and the fingers are moved around to show the water's movement. The background is a white surface with a marble pattern.",T2V_data/label/vidgen_filter_gemini_part_0_dpo_12/Z5vt9WCMLu0-Scene-0033/depth.mp4,T2V_data/label/vidgen_filter_gemini_part_0_dpo_12/Z5vt9WCMLu0-Scene-0033/entity_60.png
T2V_data/VIDGEN-1M_unzip/Z5vt9WCMLu0-Scene-0033.mp4,"The video shows a close-up of a person's hand with purple nail polish. The hand is dipped into a clear glass bowl filled with water, and the fingers are moved around to show the water's movement. The background is a white surface with a marble pattern.",T2V_data/label/vidgen_filter_gemini_part_0_dpo_12/Z5vt9WCMLu0-Scene-0033/entity_60.mp4,T2V_data/label/vidgen_filter_gemini_part_0_dpo_12/Z5vt9WCMLu0-Scene-0033/entity_60.png
T2V_data/VIDGEN-1M_unzip/ZDoBcjoQxZc-Scene-0112.mp4,"The video shows a basketball game in progress. A player wearing a white jersey with the number 12 is seen dribbling the ball and attempting to score. He is closely guarded by a player in a red jersey with the number 5. The player in white jumps up and shoots the ball towards the hoop, but the player in red jumps up and blocks the shot. The crowd can be seen in the background, and the players are on a court with visible markings. The video is shot from the side of the court, capturing the action as it unfolds.",T2V_data/label/vidgen_filter_gemini_part_0_dpo_12/ZDoBcjoQxZc-Scene-0112/depth.mp4,T2V_data/label/vidgen_filter_gemini_part_0_dpo_12/ZDoBcjoQxZc-Scene-0112/entity_20.png
T2V_data/VIDGEN-1M_unzip/ZDoBcjoQxZc-Scene-0112.mp4,"The video shows a basketball game in progress. A player wearing a white jersey with the number 12 is seen dribbling the ball and attempting to score. He is closely guarded by a player in a red jersey with the number 5. The player in white jumps up and shoots the ball towards the hoop, but the player in red jumps up and blocks the shot. The crowd can be seen in the background, and the players are on a court with visible markings. The video is shot from the side of the court, capturing the action as it unfolds.",T2V_data/label/vidgen_filter_gemini_part_0_dpo_12/ZDoBcjoQxZc-Scene-0112/entity_20.mp4,T2V_data/label/vidgen_filter_gemini_part_0_dpo_12/ZDoBcjoQxZc-Scene-0112/entity_20.png
T2V_data/VIDGEN-1M_unzip/ZDoBcjoQxZc-Scene-0112.mp4,"The video shows a basketball game in progress. A player wearing a white jersey with the number 12 is seen dribbling the ball and attempting to score. He is closely guarded by a player in a red jersey with the number 5. The player in white jumps up and shoots the ball towards the hoop, but the player in red jumps up and blocks the shot. The crowd can be seen in the background, and the players are on a court with visible markings. The video is shot from the side of the court, capturing the action as it unfolds.",T2V_data/label/vidgen_filter_gemini_part_0_dpo_12/ZDoBcjoQxZc-Scene-0112/depth.mp4,T2V_data/label/vidgen_filter_gemini_part_0_dpo_12/ZDoBcjoQxZc-Scene-0112/entity_60.png
T2V_data/VIDGEN-1M_unzip/ZDoBcjoQxZc-Scene-0112.mp4,"The video shows a basketball game in progress. A player wearing a white jersey with the number 12 is seen dribbling the ball and attempting to score. He is closely guarded by a player in a red jersey with the number 5. The player in white jumps up and shoots the ball towards the hoop, but the player in red jumps up and blocks the shot. The crowd can be seen in the background, and the players are on a court with visible markings. The video is shot from the side of the court, capturing the action as it unfolds.",T2V_data/label/vidgen_filter_gemini_part_0_dpo_12/ZDoBcjoQxZc-Scene-0112/entity_60.mp4,T2V_data/label/vidgen_filter_gemini_part_0_dpo_12/ZDoBcjoQxZc-Scene-0112/entity_60.png
T2V_data/VIDGEN-1M_unzip/ZGaoAm7XnqY-Scene-0001.mp4,"The video shows a clear plastic cup placed on a table with a blurred background of green leaves. The cup is filled with a green liquid that is being poured from a blender. The liquid is thick and frothy, and the pouring action is continuous throughout the video. The color of the liquid is a vibrant green, and the cup is filled to the brim by the end of the video.",T2V_data/label/vidgen_filter_gemini_part_0_dpo_12/ZGaoAm7XnqY-Scene-0001/depth.mp4,T2V_data/label/vidgen_filter_gemini_part_0_dpo_12/ZGaoAm7XnqY-Scene-0001/entity_40.png
T2V_data/VIDGEN-1M_unzip/ZGaoAm7XnqY-Scene-0001.mp4,"The video shows a clear plastic cup placed on a table with a blurred background of green leaves. The cup is filled with a green liquid that is being poured from a blender. The liquid is thick and frothy, and the pouring action is continuous throughout the video. The color of the liquid is a vibrant green, and the cup is filled to the brim by the end of the video.",T2V_data/label/vidgen_filter_gemini_part_0_dpo_12/ZGaoAm7XnqY-Scene-0001/entity_40.mp4,T2V_data/label/vidgen_filter_gemini_part_0_dpo_12/ZGaoAm7XnqY-Scene-0001/entity_40.png
T2V_data/VIDGEN-1M_unzip/ZJWguTNuLV4-Scene-0031.mp4,"In the video, a man is seen kneeling down next to a cardboard box. He is holding a small metal object in his hands and appears to be examining it. The man then proceeds to unscrew a bolt on the object and continues to hold it in his hands. The background of the video is not clearly visible, but it seems to be an outdoor setting. The man is wearing a plaid shirt and jeans, and there is a red object in the background.",T2V_data/label/vidgen_filter_gemini_part_0_dpo_12/ZJWguTNuLV4-Scene-0031/depth.mp4,T2V_data/label/vidgen_filter_gemini_part_0_dpo_12/ZJWguTNuLV4-Scene-0031/entity_40.png
T2V_data/VIDGEN-1M_unzip/ZJWguTNuLV4-Scene-0031.mp4,"In the video, a man is seen kneeling down next to a cardboard box. He is holding a small metal object in his hands and appears to be examining it. The man then proceeds to unscrew a bolt on the object and continues to hold it in his hands. The background of the video is not clearly visible, but it seems to be an outdoor setting. The man is wearing a plaid shirt and jeans, and there is a red object in the background.",T2V_data/label/vidgen_filter_gemini_part_0_dpo_12/ZJWguTNuLV4-Scene-0031/entity_40.mp4,T2V_data/label/vidgen_filter_gemini_part_0_dpo_12/ZJWguTNuLV4-Scene-0031/entity_40.png
T2V_data/VIDGEN-1M_unzip/ZRuumzKmV4M-Scene-0069.mp4,"In the video, two men are seen in a gym. One man is holding a large black pad, while the other man is practicing his kicks. The man with the pad is wearing white shorts and sneakers, while the man practicing his kicks is wearing blue shorts and sneakers. The man with the pad is standing still, holding the pad with both hands, while the other man is moving around him, kicking the pad with his right foot. The gym has orange walls and a blue mat on the floor. The lighting in the gym is bright, and there are no other people visible in the video.",T2V_data/label/vidgen_filter_gemini_part_0_dpo_12/ZRuumzKmV4M-Scene-0069/depth.mp4,T2V_data/label/vidgen_filter_gemini_part_0_dpo_12/ZRuumzKmV4M-Scene-0069/entity_40.png
T2V_data/VIDGEN-1M_unzip/ZRuumzKmV4M-Scene-0069.mp4,"In the video, two men are seen in a gym. One man is holding a large black pad, while the other man is practicing his kicks. The man with the pad is wearing white shorts and sneakers, while the man practicing his kicks is wearing blue shorts and sneakers. The man with the pad is standing still, holding the pad with both hands, while the other man is moving around him, kicking the pad with his right foot. The gym has orange walls and a blue mat on the floor. The lighting in the gym is bright, and there are no other people visible in the video.",T2V_data/label/vidgen_filter_gemini_part_0_dpo_12/ZRuumzKmV4M-Scene-0069/entity_40.mp4,T2V_data/label/vidgen_filter_gemini_part_0_dpo_12/ZRuumzKmV4M-Scene-0069/entity_40.png
T2V_data/VIDGEN-1M_unzip/ZmGDdkdgF-o-Scene-0027.mp4,"The video shows a wrestling match between two men in a ring. One man is wearing a black outfit, while the other is wearing a yellow outfit. The man in black picks up the man in yellow and slams him onto the mat. The referee is standing by, watching the action. The crowd is cheering in the background.",T2V_data/label/vidgen_filter_gemini_part_0_dpo_12/ZmGDdkdgF-o-Scene-0027/depth.mp4,T2V_data/label/vidgen_filter_gemini_part_0_dpo_12/ZmGDdkdgF-o-Scene-0027/entity_20.png
T2V_data/VIDGEN-1M_unzip/ZmGDdkdgF-o-Scene-0027.mp4,"The video shows a wrestling match between two men in a ring. One man is wearing a black outfit, while the other is wearing a yellow outfit. The man in black picks up the man in yellow and slams him onto the mat. The referee is standing by, watching the action. The crowd is cheering in the background.",T2V_data/label/vidgen_filter_gemini_part_0_dpo_12/ZmGDdkdgF-o-Scene-0027/entity_20.mp4,T2V_data/label/vidgen_filter_gemini_part_0_dpo_12/ZmGDdkdgF-o-Scene-0027/entity_20.png
T2V_data/VIDGEN-1M_unzip/_2Px2mThF8c-Scene-0003.mp4,"The video shows a boxing match between two men in a boxing ring. One of the boxers is wearing an orange uniform, while the other is wearing a blue uniform. The referee is standing in the middle of the ring, wearing a white shirt and black pants. The boxer in the orange uniform is seen throwing a punch at the boxer in the blue uniform, who is defending himself. The referee is seen raising his hands to signal the end of the match. The crowd in the background is cheering and applauding.",T2V_data/label/vidgen_filter_gemini_part_0_dpo_12/_2Px2mThF8c-Scene-0003/depth.mp4,T2V_data/label/vidgen_filter_gemini_part_0_dpo_12/_2Px2mThF8c-Scene-0003/entity_20.png
T2V_data/VIDGEN-1M_unzip/_2Px2mThF8c-Scene-0003.mp4,"The video shows a boxing match between two men in a boxing ring. One of the boxers is wearing an orange uniform, while the other is wearing a blue uniform. The referee is standing in the middle of the ring, wearing a white shirt and black pants. The boxer in the orange uniform is seen throwing a punch at the boxer in the blue uniform, who is defending himself. The referee is seen raising his hands to signal the end of the match. The crowd in the background is cheering and applauding.",T2V_data/label/vidgen_filter_gemini_part_0_dpo_12/_2Px2mThF8c-Scene-0003/entity_20.mp4,T2V_data/label/vidgen_filter_gemini_part_0_dpo_12/_2Px2mThF8c-Scene-0003/entity_20.png
T2V_data/VIDGEN-1M_unzip/_2Px2mThF8c-Scene-0003.mp4,"The video shows a boxing match between two men in a boxing ring. One of the boxers is wearing an orange uniform, while the other is wearing a blue uniform. The referee is standing in the middle of the ring, wearing a white shirt and black pants. The boxer in the orange uniform is seen throwing a punch at the boxer in the blue uniform, who is defending himself. The referee is seen raising his hands to signal the end of the match. The crowd in the background is cheering and applauding.",T2V_data/label/vidgen_filter_gemini_part_0_dpo_12/_2Px2mThF8c-Scene-0003/depth.mp4,T2V_data/label/vidgen_filter_gemini_part_0_dpo_12/_2Px2mThF8c-Scene-0003/entity_80.png
T2V_data/VIDGEN-1M_unzip/_2Px2mThF8c-Scene-0003.mp4,"The video shows a boxing match between two men in a boxing ring. One of the boxers is wearing an orange uniform, while the other is wearing a blue uniform. The referee is standing in the middle of the ring, wearing a white shirt and black pants. The boxer in the orange uniform is seen throwing a punch at the boxer in the blue uniform, who is defending himself. The referee is seen raising his hands to signal the end of the match. The crowd in the background is cheering and applauding.",T2V_data/label/vidgen_filter_gemini_part_0_dpo_12/_2Px2mThF8c-Scene-0003/entity_80.mp4,T2V_data/label/vidgen_filter_gemini_part_0_dpo_12/_2Px2mThF8c-Scene-0003/entity_80.png
T2V_data/VIDGEN-1M_unzip/_G-CFjzrgxE-Scene-0055.mp4,"The video shows a person's hands kneading a large piece of yellow slime. The slime is stretchy and appears to be made of a thick, gooey substance. The person's hands are visible, and they are actively working the slime, stretching and folding it. The background is plain and white, which contrasts with the bright yellow color of the slime. The person's movements are deliberate and focused on manipulating the slime.",T2V_data/label/vidgen_filter_gemini_part_0_dpo_12/_G-CFjzrgxE-Scene-0055/depth.mp4,T2V_data/label/vidgen_filter_gemini_part_0_dpo_12/_G-CFjzrgxE-Scene-0055/entity_40.png
T2V_data/VIDGEN-1M_unzip/_G-CFjzrgxE-Scene-0055.mp4,"The video shows a person's hands kneading a large piece of yellow slime. The slime is stretchy and appears to be made of a thick, gooey substance. The person's hands are visible, and they are actively working the slime, stretching and folding it. The background is plain and white, which contrasts with the bright yellow color of the slime. The person's movements are deliberate and focused on manipulating the slime.",T2V_data/label/vidgen_filter_gemini_part_0_dpo_12/_G-CFjzrgxE-Scene-0055/entity_40.mp4,T2V_data/label/vidgen_filter_gemini_part_0_dpo_12/_G-CFjzrgxE-Scene-0055/entity_40.png
T2V_data/VIDGEN-1M_unzip/_tALWJAzJto-Scene-0051.mp4,"The video shows a female tennis player on a clay court. She is wearing a black tank top and a white headband. The player is holding a tennis racket in her right hand and appears to be preparing to serve the ball. The court is surrounded by a fence, and there are no visible spectators. The player's expression is focused and determined as she prepares for the serve.",T2V_data/label/vidgen_filter_gemini_part_0_dpo_12/_tALWJAzJto-Scene-0051/depth.mp4,T2V_data/label/vidgen_filter_gemini_part_0_dpo_12/_tALWJAzJto-Scene-0051/entity_60.png
T2V_data/VIDGEN-1M_unzip/_tALWJAzJto-Scene-0051.mp4,"The video shows a female tennis player on a clay court. She is wearing a black tank top and a white headband. The player is holding a tennis racket in her right hand and appears to be preparing to serve the ball. The court is surrounded by a fence, and there are no visible spectators. The player's expression is focused and determined as she prepares for the serve.",T2V_data/label/vidgen_filter_gemini_part_0_dpo_12/_tALWJAzJto-Scene-0051/entity_60.mp4,T2V_data/label/vidgen_filter_gemini_part_0_dpo_12/_tALWJAzJto-Scene-0051/entity_60.png
T2V_data/VIDGEN-1M_unzip/_ueaANNBVAI-Scene-0051.mp4,"The video shows a person working on a large metal object, which appears to be a part of a machine or vehicle. The person is using a tool to adjust or repair the object. The object has several circular components and is made of metal. The person's hands are visible, and they are wearing a black shirt. The background is not clearly visible, but it seems to be an indoor setting.",T2V_data/label/vidgen_filter_gemini_part_0_dpo_12/_ueaANNBVAI-Scene-0051/depth.mp4,T2V_data/label/vidgen_filter_gemini_part_0_dpo_12/_ueaANNBVAI-Scene-0051/entity_20.png
T2V_data/VIDGEN-1M_unzip/_ueaANNBVAI-Scene-0051.mp4,"The video shows a person working on a large metal object, which appears to be a part of a machine or vehicle. The person is using a tool to adjust or repair the object. The object has several circular components and is made of metal. The person's hands are visible, and they are wearing a black shirt. The background is not clearly visible, but it seems to be an indoor setting.",T2V_data/label/vidgen_filter_gemini_part_0_dpo_12/_ueaANNBVAI-Scene-0051/entity_20.mp4,T2V_data/label/vidgen_filter_gemini_part_0_dpo_12/_ueaANNBVAI-Scene-0051/entity_20.png
T2V_data/VIDGEN-1M_unzip/_zNdG6L1L9o-Scene-0012.mp4,"In the video, a person is seen holding a piece of paper in their hand. The person then proceeds to fold the paper in a specific way, creating a crease. After making the crease, the person uses their fingers to gently push the paper along the crease, causing the paper to bend and take on a new shape. The person repeats this process several times, each time carefully folding and bending the paper to achieve the desired result. The video provides a clear demonstration of how to fold paper in a specific way to create a unique shape.",T2V_data/label/vidgen_filter_gemini_part_0_dpo_12/_zNdG6L1L9o-Scene-0012/depth.mp4,T2V_data/label/vidgen_filter_gemini_part_0_dpo_12/_zNdG6L1L9o-Scene-0012/entity_80.png
T2V_data/VIDGEN-1M_unzip/_zNdG6L1L9o-Scene-0012.mp4,"In the video, a person is seen holding a piece of paper in their hand. The person then proceeds to fold the paper in a specific way, creating a crease. After making the crease, the person uses their fingers to gently push the paper along the crease, causing the paper to bend and take on a new shape. The person repeats this process several times, each time carefully folding and bending the paper to achieve the desired result. The video provides a clear demonstration of how to fold paper in a specific way to create a unique shape.",T2V_data/label/vidgen_filter_gemini_part_0_dpo_12/_zNdG6L1L9o-Scene-0012/entity_80.mp4,T2V_data/label/vidgen_filter_gemini_part_0_dpo_12/_zNdG6L1L9o-Scene-0012/entity_80.png
T2V_data/VIDGEN-1M_unzip/a_J41pxztzE-Scene-0028.mp4,"The video shows a person's hand holding a red toy car with a smiling face on the front. The car is being moved back and forth on a white surface. The toy car has a shiny finish and appears to be a character from a popular animated movie. The person's hand is visible in the frame, and they seem to be playing with the toy car, moving it around to show it off. The background is blurred, but it appears to be a room with other objects in the distance.",T2V_data/label/vidgen_filter_gemini_part_0_dpo_12/a_J41pxztzE-Scene-0028/depth.mp4,T2V_data/label/vidgen_filter_gemini_part_0_dpo_12/a_J41pxztzE-Scene-0028/entity_20.png
T2V_data/VIDGEN-1M_unzip/a_J41pxztzE-Scene-0028.mp4,"The video shows a person's hand holding a red toy car with a smiling face on the front. The car is being moved back and forth on a white surface. The toy car has a shiny finish and appears to be a character from a popular animated movie. The person's hand is visible in the frame, and they seem to be playing with the toy car, moving it around to show it off. The background is blurred, but it appears to be a room with other objects in the distance.",T2V_data/label/vidgen_filter_gemini_part_0_dpo_12/a_J41pxztzE-Scene-0028/entity_20.mp4,T2V_data/label/vidgen_filter_gemini_part_0_dpo_12/a_J41pxztzE-Scene-0028/entity_20.png
T2V_data/VIDGEN-1M_unzip/b31ToL49uTI-Scene-0035.mp4,"In the video, a person's hands are shown wrapping a piece of cardboard with a string. The cardboard is rectangular in shape and appears to be a light brown color. The string is a darker brown color and is being tied around the cardboard in a criss-cross pattern. The person's hands move with precision as they tie the string, ensuring that it is evenly distributed across the cardboard. The background is a neutral color, allowing the viewer to focus on the action taking place.",T2V_data/label/vidgen_filter_gemini_part_0_dpo_12/b31ToL49uTI-Scene-0035/depth.mp4,T2V_data/label/vidgen_filter_gemini_part_0_dpo_12/b31ToL49uTI-Scene-0035/entity_40.png
T2V_data/VIDGEN-1M_unzip/b31ToL49uTI-Scene-0035.mp4,"In the video, a person's hands are shown wrapping a piece of cardboard with a string. The cardboard is rectangular in shape and appears to be a light brown color. The string is a darker brown color and is being tied around the cardboard in a criss-cross pattern. The person's hands move with precision as they tie the string, ensuring that it is evenly distributed across the cardboard. The background is a neutral color, allowing the viewer to focus on the action taking place.",T2V_data/label/vidgen_filter_gemini_part_0_dpo_12/b31ToL49uTI-Scene-0035/entity_40.mp4,T2V_data/label/vidgen_filter_gemini_part_0_dpo_12/b31ToL49uTI-Scene-0035/entity_40.png
T2V_data/VIDGEN-1M_unzip/bcXCcviPsnk-Scene-0053.mp4,"The video shows a first-person view of a person riding a bicycle on a dirt trail in a forest. The trail is surrounded by trees and foliage, and the rider navigates through the terrain, which includes turns and slight inclines. The colors in the video are predominantly green from the leaves and brown from the dirt trail. The rider's movements are smooth, and there are no other people or objects in the video.",T2V_data/label/vidgen_filter_gemini_part_0_dpo_12/bcXCcviPsnk-Scene-0053/depth.mp4,T2V_data/label/vidgen_filter_gemini_part_0_dpo_12/bcXCcviPsnk-Scene-0053/entity_20.png
T2V_data/VIDGEN-1M_unzip/bcXCcviPsnk-Scene-0053.mp4,"The video shows a first-person view of a person riding a bicycle on a dirt trail in a forest. The trail is surrounded by trees and foliage, and the rider navigates through the terrain, which includes turns and slight inclines. The colors in the video are predominantly green from the leaves and brown from the dirt trail. The rider's movements are smooth, and there are no other people or objects in the video.",T2V_data/label/vidgen_filter_gemini_part_0_dpo_12/bcXCcviPsnk-Scene-0053/entity_20.mp4,T2V_data/label/vidgen_filter_gemini_part_0_dpo_12/bcXCcviPsnk-Scene-0053/entity_20.png
T2V_data/VIDGEN-1M_unzip/bdkB7-bvZUg-Scene-0008.mp4,"The video shows a person windsurfing in the ocean. The windsurfer is wearing a wetsuit and a helmet. The windsurfing board is white with a colorful sail. The ocean is a deep blue color with white waves crashing. The windsurfer is seen riding the waves, turning and twisting in the air, and at one point, the windsurfer falls into the water.",T2V_data/label/vidgen_filter_gemini_part_0_dpo_12/bdkB7-bvZUg-Scene-0008/depth.mp4,T2V_data/label/vidgen_filter_gemini_part_0_dpo_12/bdkB7-bvZUg-Scene-0008/entity_20.png
T2V_data/VIDGEN-1M_unzip/bdkB7-bvZUg-Scene-0008.mp4,"The video shows a person windsurfing in the ocean. The windsurfer is wearing a wetsuit and a helmet. The windsurfing board is white with a colorful sail. The ocean is a deep blue color with white waves crashing. The windsurfer is seen riding the waves, turning and twisting in the air, and at one point, the windsurfer falls into the water.",T2V_data/label/vidgen_filter_gemini_part_0_dpo_12/bdkB7-bvZUg-Scene-0008/entity_20.mp4,T2V_data/label/vidgen_filter_gemini_part_0_dpo_12/bdkB7-bvZUg-Scene-0008/entity_20.png
T2V_data/VIDGEN-1M_unzip/c9hONn3iUp4-Scene-0120.mp4,The video shows a close-up of a car engine with a person wearing black gloves working on it. The person is using a tool to turn a bolt on the engine. The engine is dirty and has rust on it. The person's hand is moving back and forth as they work on the bolt.,T2V_data/label/vidgen_filter_gemini_part_0_dpo_12/c9hONn3iUp4-Scene-0120/depth.mp4,T2V_data/label/vidgen_filter_gemini_part_0_dpo_12/c9hONn3iUp4-Scene-0120/entity_40.png
T2V_data/VIDGEN-1M_unzip/c9hONn3iUp4-Scene-0120.mp4,The video shows a close-up of a car engine with a person wearing black gloves working on it. The person is using a tool to turn a bolt on the engine. The engine is dirty and has rust on it. The person's hand is moving back and forth as they work on the bolt.,T2V_data/label/vidgen_filter_gemini_part_0_dpo_12/c9hONn3iUp4-Scene-0120/entity_40.mp4,T2V_data/label/vidgen_filter_gemini_part_0_dpo_12/c9hONn3iUp4-Scene-0120/entity_40.png
T2V_data/VIDGEN-1M_unzip/cBQPGAmaEY8-Scene-0029.mp4,"In the video, a baseball player is seen hitting a ball and running towards first base. The player is wearing a blue uniform with white pants and a blue helmet. The baseball field is green with a brown dirt infield. The stadium is filled with spectators. The player successfully reaches first base and then runs to second base. The video is shot from a third-person perspective, and the player's movements are fluid and realistic.",T2V_data/label/vidgen_filter_gemini_part_0_dpo_12/cBQPGAmaEY8-Scene-0029/depth.mp4,T2V_data/label/vidgen_filter_gemini_part_0_dpo_12/cBQPGAmaEY8-Scene-0029/entity_40.png
T2V_data/VIDGEN-1M_unzip/cBQPGAmaEY8-Scene-0029.mp4,"In the video, a baseball player is seen hitting a ball and running towards first base. The player is wearing a blue uniform with white pants and a blue helmet. The baseball field is green with a brown dirt infield. The stadium is filled with spectators. The player successfully reaches first base and then runs to second base. The video is shot from a third-person perspective, and the player's movements are fluid and realistic.",T2V_data/label/vidgen_filter_gemini_part_0_dpo_12/cBQPGAmaEY8-Scene-0029/entity_40.mp4,T2V_data/label/vidgen_filter_gemini_part_0_dpo_12/cBQPGAmaEY8-Scene-0029/entity_40.png
T2V_data/VIDGEN-1M_unzip/cE3V0OR5R-k-Scene-0092.mp4,"The video features a man in a black wetsuit wearing a blue snorkeling mask. He is seen swimming in clear blue water, surrounded by rocky cliffs and greenery. The man appears to be enjoying himself as he moves through the water, occasionally looking towards the camera. The water is calm, and the sunlight filters through the trees, creating a serene and beautiful environment.",T2V_data/label/vidgen_filter_gemini_part_0_dpo_12/cE3V0OR5R-k-Scene-0092/depth.mp4,T2V_data/label/vidgen_filter_gemini_part_0_dpo_12/cE3V0OR5R-k-Scene-0092/entity_20.png
T2V_data/VIDGEN-1M_unzip/cE3V0OR5R-k-Scene-0092.mp4,"The video features a man in a black wetsuit wearing a blue snorkeling mask. He is seen swimming in clear blue water, surrounded by rocky cliffs and greenery. The man appears to be enjoying himself as he moves through the water, occasionally looking towards the camera. The water is calm, and the sunlight filters through the trees, creating a serene and beautiful environment.",T2V_data/label/vidgen_filter_gemini_part_0_dpo_12/cE3V0OR5R-k-Scene-0092/entity_20.mp4,T2V_data/label/vidgen_filter_gemini_part_0_dpo_12/cE3V0OR5R-k-Scene-0092/entity_20.png
T2V_data/VIDGEN-1M_unzip/cE3V0OR5R-k-Scene-0092.mp4,"The video features a man in a black wetsuit wearing a blue snorkeling mask. He is seen swimming in clear blue water, surrounded by rocky cliffs and greenery. The man appears to be enjoying himself as he moves through the water, occasionally looking towards the camera. The water is calm, and the sunlight filters through the trees, creating a serene and beautiful environment.",T2V_data/label/vidgen_filter_gemini_part_0_dpo_12/cE3V0OR5R-k-Scene-0092/depth.mp4,T2V_data/label/vidgen_filter_gemini_part_0_dpo_12/cE3V0OR5R-k-Scene-0092/entity_40.png
T2V_data/VIDGEN-1M_unzip/cE3V0OR5R-k-Scene-0092.mp4,"The video features a man in a black wetsuit wearing a blue snorkeling mask. He is seen swimming in clear blue water, surrounded by rocky cliffs and greenery. The man appears to be enjoying himself as he moves through the water, occasionally looking towards the camera. The water is calm, and the sunlight filters through the trees, creating a serene and beautiful environment.",T2V_data/label/vidgen_filter_gemini_part_0_dpo_12/cE3V0OR5R-k-Scene-0092/entity_40.mp4,T2V_data/label/vidgen_filter_gemini_part_0_dpo_12/cE3V0OR5R-k-Scene-0092/entity_40.png
T2V_data/VIDGEN-1M_unzip/cJalrlX07sk-Scene-0018.mp4,"The video shows a group of people playing ice hockey on an ice rink. The players are wearing different colored jerseys, with some wearing white and others wearing blue. The players are skating around the rink, passing the puck to each other, and trying to score a goal. The goalie is wearing a different colored jersey and is trying to block the shots. The players are using their sticks to hit the puck and move around the rink. The ice rink has boards around it, and there are spectators watching the game.",T2V_data/label/vidgen_filter_gemini_part_0_dpo_12/cJalrlX07sk-Scene-0018/depth.mp4,T2V_data/label/vidgen_filter_gemini_part_0_dpo_12/cJalrlX07sk-Scene-0018/entity_20.png
T2V_data/VIDGEN-1M_unzip/cJalrlX07sk-Scene-0018.mp4,"The video shows a group of people playing ice hockey on an ice rink. The players are wearing different colored jerseys, with some wearing white and others wearing blue. The players are skating around the rink, passing the puck to each other, and trying to score a goal. The goalie is wearing a different colored jersey and is trying to block the shots. The players are using their sticks to hit the puck and move around the rink. The ice rink has boards around it, and there are spectators watching the game.",T2V_data/label/vidgen_filter_gemini_part_0_dpo_12/cJalrlX07sk-Scene-0018/entity_20.mp4,T2V_data/label/vidgen_filter_gemini_part_0_dpo_12/cJalrlX07sk-Scene-0018/entity_20.png
T2V_data/VIDGEN-1M_unzip/cLv-oW4yrsU-Scene-0143.mp4,"In the video, a man is seen skateboarding in an indoor skate park. He is wearing a black outfit and a cap, and he performs various skateboarding tricks. The skate park has ramps and rails, and there are other people in the background. The man's movements are fluid and confident, and he seems to be enjoying himself. The video captures the energy and excitement of skateboarding, showcasing the skill and athleticism required to perform these tricks.",T2V_data/label/vidgen_filter_gemini_part_0_dpo_12/cLv-oW4yrsU-Scene-0143/depth.mp4,T2V_data/label/vidgen_filter_gemini_part_0_dpo_12/cLv-oW4yrsU-Scene-0143/entity_20.png
T2V_data/VIDGEN-1M_unzip/cLv-oW4yrsU-Scene-0143.mp4,"In the video, a man is seen skateboarding in an indoor skate park. He is wearing a black outfit and a cap, and he performs various skateboarding tricks. The skate park has ramps and rails, and there are other people in the background. The man's movements are fluid and confident, and he seems to be enjoying himself. The video captures the energy and excitement of skateboarding, showcasing the skill and athleticism required to perform these tricks.",T2V_data/label/vidgen_filter_gemini_part_0_dpo_12/cLv-oW4yrsU-Scene-0143/entity_20.mp4,T2V_data/label/vidgen_filter_gemini_part_0_dpo_12/cLv-oW4yrsU-Scene-0143/entity_20.png
T2V_data/VIDGEN-1M_unzip/cQ6vx3g0IZY-Scene-0039.mp4,"In the video, a young girl is seen playing with a cat on a sidewalk. The girl is wearing a dress and sandals, and she is holding a stuffed animal. The cat is black and white and is lying on the ground. The girl squats down to pet the cat, and the cat gets up and walks away. The girl then follows the cat, holding the stuffed animal in her hand. The cat stops and looks back at the girl, and the girl continues to follow the cat. The cat then turns around and walks back towards the girl, and the girl continues to follow the cat. The video captures the playful interaction between the girl and the cat.",T2V_data/label/vidgen_filter_gemini_part_0_dpo_12/cQ6vx3g0IZY-Scene-0039/depth.mp4,T2V_data/label/vidgen_filter_gemini_part_0_dpo_12/cQ6vx3g0IZY-Scene-0039/entity_20.png
T2V_data/VIDGEN-1M_unzip/cQ6vx3g0IZY-Scene-0039.mp4,"In the video, a young girl is seen playing with a cat on a sidewalk. The girl is wearing a dress and sandals, and she is holding a stuffed animal. The cat is black and white and is lying on the ground. The girl squats down to pet the cat, and the cat gets up and walks away. The girl then follows the cat, holding the stuffed animal in her hand. The cat stops and looks back at the girl, and the girl continues to follow the cat. The cat then turns around and walks back towards the girl, and the girl continues to follow the cat. The video captures the playful interaction between the girl and the cat.",T2V_data/label/vidgen_filter_gemini_part_0_dpo_12/cQ6vx3g0IZY-Scene-0039/entity_20.mp4,T2V_data/label/vidgen_filter_gemini_part_0_dpo_12/cQ6vx3g0IZY-Scene-0039/entity_20.png
T2V_data/VIDGEN-1M_unzip/cRz1fdwbMCU-Scene-0008.mp4,"In the video, a person is seen cutting a tortilla with a knife. The tortilla is placed on a red cutting board, and the person is wearing a blue shirt. The knife is silver and appears to be sharp as it cuts through the tortilla easily. The person's hand is visible, and they are wearing a clear plastic glove. The background is blurred, but it appears to be a kitchen setting.",T2V_data/label/vidgen_filter_gemini_part_0_dpo_12/cRz1fdwbMCU-Scene-0008/depth.mp4,T2V_data/label/vidgen_filter_gemini_part_0_dpo_12/cRz1fdwbMCU-Scene-0008/entity_40.png
T2V_data/VIDGEN-1M_unzip/cRz1fdwbMCU-Scene-0008.mp4,"In the video, a person is seen cutting a tortilla with a knife. The tortilla is placed on a red cutting board, and the person is wearing a blue shirt. The knife is silver and appears to be sharp as it cuts through the tortilla easily. The person's hand is visible, and they are wearing a clear plastic glove. The background is blurred, but it appears to be a kitchen setting.",T2V_data/label/vidgen_filter_gemini_part_0_dpo_12/cRz1fdwbMCU-Scene-0008/entity_40.mp4,T2V_data/label/vidgen_filter_gemini_part_0_dpo_12/cRz1fdwbMCU-Scene-0008/entity_40.png
T2V_data/VIDGEN-1M_unzip/cXBe2GaURgc-Scene-0058.mp4,"The video shows a baseball game in progress. The pitcher, wearing a white uniform with red accents and the number 27, is standing on the pitcher's mound preparing to throw the ball. The catcher, also in a white uniform with red accents, is crouched behind home plate, ready to catch the pitch. The batter, wearing a dark uniform, is standing at home plate, holding the bat and waiting for the pitch. The crowd in the stands is visible in the background, watching the game. The pitcher throws the ball, and the batter swings and misses. The catcher catches the ball, and the umpire, dressed in black, signals the strikeout. The video is shot from the perspective of the stands behind home plate, giving a clear view of the action.",T2V_data/label/vidgen_filter_gemini_part_0_dpo_12/cXBe2GaURgc-Scene-0058/depth.mp4,T2V_data/label/vidgen_filter_gemini_part_0_dpo_12/cXBe2GaURgc-Scene-0058/entity_20.png
T2V_data/VIDGEN-1M_unzip/cXBe2GaURgc-Scene-0058.mp4,"The video shows a baseball game in progress. The pitcher, wearing a white uniform with red accents and the number 27, is standing on the pitcher's mound preparing to throw the ball. The catcher, also in a white uniform with red accents, is crouched behind home plate, ready to catch the pitch. The batter, wearing a dark uniform, is standing at home plate, holding the bat and waiting for the pitch. The crowd in the stands is visible in the background, watching the game. The pitcher throws the ball, and the batter swings and misses. The catcher catches the ball, and the umpire, dressed in black, signals the strikeout. The video is shot from the perspective of the stands behind home plate, giving a clear view of the action.",T2V_data/label/vidgen_filter_gemini_part_0_dpo_12/cXBe2GaURgc-Scene-0058/entity_20.mp4,T2V_data/label/vidgen_filter_gemini_part_0_dpo_12/cXBe2GaURgc-Scene-0058/entity_20.png
T2V_data/VIDGEN-1M_unzip/clJ5Vw4CNT8-Scene-0057.mp4,"The video shows a hockey game in progress. The goalie, wearing a red jersey with the number 31, is standing in front of the net, ready to defend. The opposing player, wearing a black jersey, is seen taking a shot on goal. The goalie successfully blocks the shot, preventing the puck from entering the net. The video captures the moment of the save from different angles, highlighting the goalie's quick reflexes and agility.",T2V_data/label/vidgen_filter_gemini_part_0_dpo_12/clJ5Vw4CNT8-Scene-0057/depth.mp4,T2V_data/label/vidgen_filter_gemini_part_0_dpo_12/clJ5Vw4CNT8-Scene-0057/entity_60.png
T2V_data/VIDGEN-1M_unzip/clJ5Vw4CNT8-Scene-0057.mp4,"The video shows a hockey game in progress. The goalie, wearing a red jersey with the number 31, is standing in front of the net, ready to defend. The opposing player, wearing a black jersey, is seen taking a shot on goal. The goalie successfully blocks the shot, preventing the puck from entering the net. The video captures the moment of the save from different angles, highlighting the goalie's quick reflexes and agility.",T2V_data/label/vidgen_filter_gemini_part_0_dpo_12/clJ5Vw4CNT8-Scene-0057/entity_60.mp4,T2V_data/label/vidgen_filter_gemini_part_0_dpo_12/clJ5Vw4CNT8-Scene-0057/entity_60.png
T2V_data/VIDGEN-1M_unzip/d2TAPu2T-LU-Scene-0035.mp4,The video shows a close-up of a person's fingers holding a small lizard. The lizard has a brown body and purple feet. The person's fingers are gently touching and moving the lizard's feet.,T2V_data/label/vidgen_filter_gemini_part_0_dpo_12/d2TAPu2T-LU-Scene-0035/depth.mp4,T2V_data/label/vidgen_filter_gemini_part_0_dpo_12/d2TAPu2T-LU-Scene-0035/entity_60.png
T2V_data/VIDGEN-1M_unzip/d2TAPu2T-LU-Scene-0035.mp4,The video shows a close-up of a person's fingers holding a small lizard. The lizard has a brown body and purple feet. The person's fingers are gently touching and moving the lizard's feet.,T2V_data/label/vidgen_filter_gemini_part_0_dpo_12/d2TAPu2T-LU-Scene-0035/entity_60.mp4,T2V_data/label/vidgen_filter_gemini_part_0_dpo_12/d2TAPu2T-LU-Scene-0035/entity_60.png
T2V_data/VIDGEN-1M_unzip/d5xp1MIK3sM-Scene-0065.mp4,The video shows a person's hand reaching into a drawer and pulling out a stack of bowls. The bowls are light blue and are neatly stacked on top of each other. The drawer is made of metal and has a handle on the side. The person's hand is visible as they pull the bowls out and then push them back into the drawer.,T2V_data/label/vidgen_filter_gemini_part_0_dpo_12/d5xp1MIK3sM-Scene-0065/depth.mp4,T2V_data/label/vidgen_filter_gemini_part_0_dpo_12/d5xp1MIK3sM-Scene-0065/entity_40.png
T2V_data/VIDGEN-1M_unzip/d5xp1MIK3sM-Scene-0065.mp4,The video shows a person's hand reaching into a drawer and pulling out a stack of bowls. The bowls are light blue and are neatly stacked on top of each other. The drawer is made of metal and has a handle on the side. The person's hand is visible as they pull the bowls out and then push them back into the drawer.,T2V_data/label/vidgen_filter_gemini_part_0_dpo_12/d5xp1MIK3sM-Scene-0065/entity_40.mp4,T2V_data/label/vidgen_filter_gemini_part_0_dpo_12/d5xp1MIK3sM-Scene-0065/entity_40.png
T2V_data/VIDGEN-1M_unzip/dIYHoItklWA-Scene-0030.mp4,"The video shows a basketball game in progress. The players are wearing green and white uniforms. The game is being played on a court with a blue and white color scheme. The scoreboard shows that the game is in the second quarter with 7:04 minutes left. The score is 17-17. The players are actively moving around the court, passing the ball and attempting to score. The crowd in the background is cheering and watching the game.",T2V_data/label/vidgen_filter_gemini_part_0_dpo_12/dIYHoItklWA-Scene-0030/depth.mp4,T2V_data/label/vidgen_filter_gemini_part_0_dpo_12/dIYHoItklWA-Scene-0030/entity_20.png
T2V_data/VIDGEN-1M_unzip/dIYHoItklWA-Scene-0030.mp4,"The video shows a basketball game in progress. The players are wearing green and white uniforms. The game is being played on a court with a blue and white color scheme. The scoreboard shows that the game is in the second quarter with 7:04 minutes left. The score is 17-17. The players are actively moving around the court, passing the ball and attempting to score. The crowd in the background is cheering and watching the game.",T2V_data/label/vidgen_filter_gemini_part_0_dpo_12/dIYHoItklWA-Scene-0030/entity_20.mp4,T2V_data/label/vidgen_filter_gemini_part_0_dpo_12/dIYHoItklWA-Scene-0030/entity_20.png
T2V_data/VIDGEN-1M_unzip/dLiETi9sHCI-Scene-3385.mp4,"The video shows a close-up of a spoon with a yellow liquid on it. A person's hand is holding a green lime above the spoon, and they squeeze the lime, causing droplets of juice to fall into the yellow liquid. The background is blurred, but it appears to be an outdoor setting.",T2V_data/label/vidgen_filter_gemini_part_0_dpo_12/dLiETi9sHCI-Scene-3385/depth.mp4,T2V_data/label/vidgen_filter_gemini_part_0_dpo_12/dLiETi9sHCI-Scene-3385/entity_40.png
T2V_data/VIDGEN-1M_unzip/dLiETi9sHCI-Scene-3385.mp4,"The video shows a close-up of a spoon with a yellow liquid on it. A person's hand is holding a green lime above the spoon, and they squeeze the lime, causing droplets of juice to fall into the yellow liquid. The background is blurred, but it appears to be an outdoor setting.",T2V_data/label/vidgen_filter_gemini_part_0_dpo_12/dLiETi9sHCI-Scene-3385/entity_40.mp4,T2V_data/label/vidgen_filter_gemini_part_0_dpo_12/dLiETi9sHCI-Scene-3385/entity_40.png
T2V_data/VIDGEN-1M_unzip/dN6A3sB8WmQ-Scene-0040.mp4,"The video shows a small monkey sitting on a tree branch. The monkey is brown and has a long tail. It is looking at something in the distance. The background is blurred, but it appears to be a forest or jungle. The monkey then reaches out with its hand and grabs a small insect. It brings the insect closer to its face and eats it. The video is shot in slow motion, allowing us to see the details of the monkey's actions.",T2V_data/label/vidgen_filter_gemini_part_0_dpo_12/dN6A3sB8WmQ-Scene-0040/depth.mp4,T2V_data/label/vidgen_filter_gemini_part_0_dpo_12/dN6A3sB8WmQ-Scene-0040/entity_20.png
T2V_data/VIDGEN-1M_unzip/dN6A3sB8WmQ-Scene-0040.mp4,"The video shows a small monkey sitting on a tree branch. The monkey is brown and has a long tail. It is looking at something in the distance. The background is blurred, but it appears to be a forest or jungle. The monkey then reaches out with its hand and grabs a small insect. It brings the insect closer to its face and eats it. The video is shot in slow motion, allowing us to see the details of the monkey's actions.",T2V_data/label/vidgen_filter_gemini_part_0_dpo_12/dN6A3sB8WmQ-Scene-0040/entity_20.mp4,T2V_data/label/vidgen_filter_gemini_part_0_dpo_12/dN6A3sB8WmQ-Scene-0040/entity_20.png
T2V_data/VIDGEN-1M_unzip/dU0XN-4IxHU-Scene-0055.mp4,"The video shows a person's hand turning a red valve on a pipe. The pipe is connected to a green machine, and there is a silver cylinder next to it. The person turns the valve clockwise and then counterclockwise.",T2V_data/label/vidgen_filter_gemini_part_0_dpo_12/dU0XN-4IxHU-Scene-0055/depth.mp4,T2V_data/label/vidgen_filter_gemini_part_0_dpo_12/dU0XN-4IxHU-Scene-0055/entity_60.png
T2V_data/VIDGEN-1M_unzip/dU0XN-4IxHU-Scene-0055.mp4,"The video shows a person's hand turning a red valve on a pipe. The pipe is connected to a green machine, and there is a silver cylinder next to it. The person turns the valve clockwise and then counterclockwise.",T2V_data/label/vidgen_filter_gemini_part_0_dpo_12/dU0XN-4IxHU-Scene-0055/entity_60.mp4,T2V_data/label/vidgen_filter_gemini_part_0_dpo_12/dU0XN-4IxHU-Scene-0055/entity_60.png
T2V_data/VIDGEN-1M_unzip/dfET5tfvnxw-Scene-0057.mp4,"In the video, a person is seen cooking pasta in a yellow pot. The pot is placed on a stove, and the person is using a pair of tongs to stir the pasta. The pasta is boiling in the pot, and steam can be seen rising from it. The person stirs the pasta several times, ensuring that it is cooked evenly. The video focuses on the cooking process, and the viewer can see the pasta becoming softer and more cooked as the person stirs it. The sound of the boiling water can be heard in the background, adding to the overall sensory experience of the video.",T2V_data/label/vidgen_filter_gemini_part_0_dpo_12/dfET5tfvnxw-Scene-0057/depth.mp4,T2V_data/label/vidgen_filter_gemini_part_0_dpo_12/dfET5tfvnxw-Scene-0057/entity_40.png
T2V_data/VIDGEN-1M_unzip/dfET5tfvnxw-Scene-0057.mp4,"In the video, a person is seen cooking pasta in a yellow pot. The pot is placed on a stove, and the person is using a pair of tongs to stir the pasta. The pasta is boiling in the pot, and steam can be seen rising from it. The person stirs the pasta several times, ensuring that it is cooked evenly. The video focuses on the cooking process, and the viewer can see the pasta becoming softer and more cooked as the person stirs it. The sound of the boiling water can be heard in the background, adding to the overall sensory experience of the video.",T2V_data/label/vidgen_filter_gemini_part_0_dpo_12/dfET5tfvnxw-Scene-0057/entity_40.mp4,T2V_data/label/vidgen_filter_gemini_part_0_dpo_12/dfET5tfvnxw-Scene-0057/entity_40.png
T2V_data/VIDGEN-1M_unzip/do_5mvfJTfA-Scene-0111.mp4,"In the video, a person is seen holding a gauge in their hand. The gauge has a black face with white numbers and red needle. The person is using their other hand to turn a knob on the gauge, which causes the needle to move. The gauge appears to be a fuel gauge, and the person is adjusting the fuel level. The background is dark, and the focus is on the gauge and the person's hands.",T2V_data/label/vidgen_filter_gemini_part_0_dpo_12/do_5mvfJTfA-Scene-0111/depth.mp4,T2V_data/label/vidgen_filter_gemini_part_0_dpo_12/do_5mvfJTfA-Scene-0111/entity_40.png
T2V_data/VIDGEN-1M_unzip/do_5mvfJTfA-Scene-0111.mp4,"In the video, a person is seen holding a gauge in their hand. The gauge has a black face with white numbers and red needle. The person is using their other hand to turn a knob on the gauge, which causes the needle to move. The gauge appears to be a fuel gauge, and the person is adjusting the fuel level. The background is dark, and the focus is on the gauge and the person's hands.",T2V_data/label/vidgen_filter_gemini_part_0_dpo_12/do_5mvfJTfA-Scene-0111/entity_40.mp4,T2V_data/label/vidgen_filter_gemini_part_0_dpo_12/do_5mvfJTfA-Scene-0111/entity_40.png
T2V_data/VIDGEN-1M_unzip/eGo4IYlbE5g-Scene-0015.mp4,The video shows a man doing pull-ups on a bar. He is wearing a watch on his left wrist. The man has a muscular back and is wearing gray shorts. The bar is blue and is set against a backdrop of trees and a cloudy sky.,T2V_data/label/vidgen_filter_gemini_part_0_dpo_12/eGo4IYlbE5g-Scene-0015/depth.mp4,T2V_data/label/vidgen_filter_gemini_part_0_dpo_12/eGo4IYlbE5g-Scene-0015/entity_20.png
T2V_data/VIDGEN-1M_unzip/eGo4IYlbE5g-Scene-0015.mp4,The video shows a man doing pull-ups on a bar. He is wearing a watch on his left wrist. The man has a muscular back and is wearing gray shorts. The bar is blue and is set against a backdrop of trees and a cloudy sky.,T2V_data/label/vidgen_filter_gemini_part_0_dpo_12/eGo4IYlbE5g-Scene-0015/entity_20.mp4,T2V_data/label/vidgen_filter_gemini_part_0_dpo_12/eGo4IYlbE5g-Scene-0015/entity_20.png
T2V_data/VIDGEN-1M_unzip/eLBNN5Ek8Sg-Scene-0111.mp4,"In the video, there is a large knight standing on a set of stairs. The knight is wearing a suit of armor and holding a sword. The knight is being attacked by a smaller character who is also wearing armor and wielding a sword. The smaller character is jumping and dodging the knight's attacks while trying to hit the knight. The background is dark and there are no other characters or objects visible in the scene.",T2V_data/label/vidgen_filter_gemini_part_0_dpo_12/eLBNN5Ek8Sg-Scene-0111/depth.mp4,T2V_data/label/vidgen_filter_gemini_part_0_dpo_12/eLBNN5Ek8Sg-Scene-0111/entity_60.png
T2V_data/VIDGEN-1M_unzip/eLBNN5Ek8Sg-Scene-0111.mp4,"In the video, there is a large knight standing on a set of stairs. The knight is wearing a suit of armor and holding a sword. The knight is being attacked by a smaller character who is also wearing armor and wielding a sword. The smaller character is jumping and dodging the knight's attacks while trying to hit the knight. The background is dark and there are no other characters or objects visible in the scene.",T2V_data/label/vidgen_filter_gemini_part_0_dpo_12/eLBNN5Ek8Sg-Scene-0111/entity_60.mp4,T2V_data/label/vidgen_filter_gemini_part_0_dpo_12/eLBNN5Ek8Sg-Scene-0111/entity_60.png
T2V_data/VIDGEN-1M_unzip/eRy8BvufH2A-Scene-0051.mp4,"The video features a boxing match between two men in a ring. One of the boxers is wearing black gloves and the other is wearing white gloves. The boxer with the black gloves is seen throwing a punch at the boxer with the white gloves, who is then knocked down to the ground. The boxer with the black gloves then raises his arms in victory.",T2V_data/label/vidgen_filter_gemini_part_0_dpo_12/eRy8BvufH2A-Scene-0051/depth.mp4,T2V_data/label/vidgen_filter_gemini_part_0_dpo_12/eRy8BvufH2A-Scene-0051/entity_20.png
T2V_data/VIDGEN-1M_unzip/eRy8BvufH2A-Scene-0051.mp4,"The video features a boxing match between two men in a ring. One of the boxers is wearing black gloves and the other is wearing white gloves. The boxer with the black gloves is seen throwing a punch at the boxer with the white gloves, who is then knocked down to the ground. The boxer with the black gloves then raises his arms in victory.",T2V_data/label/vidgen_filter_gemini_part_0_dpo_12/eRy8BvufH2A-Scene-0051/entity_20.mp4,T2V_data/label/vidgen_filter_gemini_part_0_dpo_12/eRy8BvufH2A-Scene-0051/entity_20.png
T2V_data/VIDGEN-1M_unzip/ewYRuvm6_S0-Scene-0153.mp4,"The video shows a close-up of a black substance that appears to be a thick, sticky liquid. The substance is attached to an orange surface, and a person's hand is seen touching and pulling at the substance. The hand is wearing a black glove, and the person is using their fingers to peel away the substance from the surface. The substance stretches and pulls away from the surface in long, thin strands. The background is blurred, but it appears to be an outdoor setting.",T2V_data/label/vidgen_filter_gemini_part_0_dpo_12/ewYRuvm6_S0-Scene-0153/depth.mp4,T2V_data/label/vidgen_filter_gemini_part_0_dpo_12/ewYRuvm6_S0-Scene-0153/entity_20.png
T2V_data/VIDGEN-1M_unzip/ewYRuvm6_S0-Scene-0153.mp4,"The video shows a close-up of a black substance that appears to be a thick, sticky liquid. The substance is attached to an orange surface, and a person's hand is seen touching and pulling at the substance. The hand is wearing a black glove, and the person is using their fingers to peel away the substance from the surface. The substance stretches and pulls away from the surface in long, thin strands. The background is blurred, but it appears to be an outdoor setting.",T2V_data/label/vidgen_filter_gemini_part_0_dpo_12/ewYRuvm6_S0-Scene-0153/entity_20.mp4,T2V_data/label/vidgen_filter_gemini_part_0_dpo_12/ewYRuvm6_S0-Scene-0153/entity_20.png
T2V_data/VIDGEN-1M_unzip/f5N_GGxNpzo-Scene-0003.mp4,"The video shows a man wearing a safety vest and gloves pushing a wheelbarrow across a room. The wheelbarrow is filled with various construction materials, including a large metal pipe. The man is walking on a concrete floor, and there are other construction materials and equipment visible in the background. The man appears to be moving the wheelbarrow from one location to another within the room.",T2V_data/label/vidgen_filter_gemini_part_0_dpo_12/f5N_GGxNpzo-Scene-0003/depth.mp4,T2V_data/label/vidgen_filter_gemini_part_0_dpo_12/f5N_GGxNpzo-Scene-0003/entity_20.png
T2V_data/VIDGEN-1M_unzip/f5N_GGxNpzo-Scene-0003.mp4,"The video shows a man wearing a safety vest and gloves pushing a wheelbarrow across a room. The wheelbarrow is filled with various construction materials, including a large metal pipe. The man is walking on a concrete floor, and there are other construction materials and equipment visible in the background. The man appears to be moving the wheelbarrow from one location to another within the room.",T2V_data/label/vidgen_filter_gemini_part_0_dpo_12/f5N_GGxNpzo-Scene-0003/entity_20.mp4,T2V_data/label/vidgen_filter_gemini_part_0_dpo_12/f5N_GGxNpzo-Scene-0003/entity_20.png
T2V_data/VIDGEN-1M_unzip/fLAZYKab1dM-Scene-0102.mp4,"In the video, a woman is holding an egg and showing it to a little girl. The woman then proceeds to crack the egg and pour its contents into a bowl. The little girl watches the process with interest. The woman is wearing a white shirt and the little girl is wearing a blue shirt. The bowl is placed on a kitchen counter, and there is a red liquid in it. The woman cracks the egg with ease, and the little girl seems to be learning how to crack an egg. The kitchen is well-lit, and there are other kitchen items visible in the background.",T2V_data/label/vidgen_filter_gemini_part_0_dpo_12/fLAZYKab1dM-Scene-0102/depth.mp4,T2V_data/label/vidgen_filter_gemini_part_0_dpo_12/fLAZYKab1dM-Scene-0102/entity_60.png
T2V_data/VIDGEN-1M_unzip/fLAZYKab1dM-Scene-0102.mp4,"In the video, a woman is holding an egg and showing it to a little girl. The woman then proceeds to crack the egg and pour its contents into a bowl. The little girl watches the process with interest. The woman is wearing a white shirt and the little girl is wearing a blue shirt. The bowl is placed on a kitchen counter, and there is a red liquid in it. The woman cracks the egg with ease, and the little girl seems to be learning how to crack an egg. The kitchen is well-lit, and there are other kitchen items visible in the background.",T2V_data/label/vidgen_filter_gemini_part_0_dpo_12/fLAZYKab1dM-Scene-0102/entity_60.mp4,T2V_data/label/vidgen_filter_gemini_part_0_dpo_12/fLAZYKab1dM-Scene-0102/entity_60.png
T2V_data/VIDGEN-1M_unzip/fT6POD3Pgvs-Scene-0068.mp4,"In the video, a person is seen holding a glass bowl filled with shredded coconut. The person's hand is visible, and they are wearing a striped shirt. The person's hand is moving around in the bowl, possibly mixing the coconut. The bowl is placed on a surface, and the background is not visible. The coconut appears to be freshly grated, and the glass bowl is clear. The person's hand is moving in a circular motion, and the coconut is being mixed evenly.",T2V_data/label/vidgen_filter_gemini_part_0_dpo_12/fT6POD3Pgvs-Scene-0068/depth.mp4,T2V_data/label/vidgen_filter_gemini_part_0_dpo_12/fT6POD3Pgvs-Scene-0068/entity_40.png
T2V_data/VIDGEN-1M_unzip/fT6POD3Pgvs-Scene-0068.mp4,"In the video, a person is seen holding a glass bowl filled with shredded coconut. The person's hand is visible, and they are wearing a striped shirt. The person's hand is moving around in the bowl, possibly mixing the coconut. The bowl is placed on a surface, and the background is not visible. The coconut appears to be freshly grated, and the glass bowl is clear. The person's hand is moving in a circular motion, and the coconut is being mixed evenly.",T2V_data/label/vidgen_filter_gemini_part_0_dpo_12/fT6POD3Pgvs-Scene-0068/entity_40.mp4,T2V_data/label/vidgen_filter_gemini_part_0_dpo_12/fT6POD3Pgvs-Scene-0068/entity_40.png
T2V_data/VIDGEN-1M_unzip/fWK643fAn6o-Scene-0024.mp4,"In the video, a man is seen working with wood. He is using a hammer and a clamp to secure a piece of wood to a workbench. The man is wearing a grey shirt and black pants. The workbench is made of wood and has a metal clamp attached to it. The man is seen hammering a nail into the wood with the hammer. The video is shot in a workshop setting, and the man appears to be focused on his task.",T2V_data/label/vidgen_filter_gemini_part_0_dpo_12/fWK643fAn6o-Scene-0024/depth.mp4,T2V_data/label/vidgen_filter_gemini_part_0_dpo_12/fWK643fAn6o-Scene-0024/entity_60.png
T2V_data/VIDGEN-1M_unzip/fWK643fAn6o-Scene-0024.mp4,"In the video, a man is seen working with wood. He is using a hammer and a clamp to secure a piece of wood to a workbench. The man is wearing a grey shirt and black pants. The workbench is made of wood and has a metal clamp attached to it. The man is seen hammering a nail into the wood with the hammer. The video is shot in a workshop setting, and the man appears to be focused on his task.",T2V_data/label/vidgen_filter_gemini_part_0_dpo_12/fWK643fAn6o-Scene-0024/entity_60.mp4,T2V_data/label/vidgen_filter_gemini_part_0_dpo_12/fWK643fAn6o-Scene-0024/entity_60.png
T2V_data/VIDGEN-1M_unzip/fa35ecimP_M-Scene-0034.mp4,"In the video, a group of children are seen jumping on a trampoline. The children are all wearing casual clothing and appear to be having a great time. They are bouncing up and down, laughing and smiling at each other. The trampoline is located in a backyard, and there are trees and a fence visible in the background. The children are of different ages, and they all seem to be enjoying themselves. The trampoline is surrounded by a safety net, and there is a blue tarp visible on the ground next to it. The children are jumping in various directions, sometimes bumping into each other, but they all seem to be having a good time.",T2V_data/label/vidgen_filter_gemini_part_0_dpo_12/fa35ecimP_M-Scene-0034/depth.mp4,T2V_data/label/vidgen_filter_gemini_part_0_dpo_12/fa35ecimP_M-Scene-0034/entity_40.png
T2V_data/VIDGEN-1M_unzip/fa35ecimP_M-Scene-0034.mp4,"In the video, a group of children are seen jumping on a trampoline. The children are all wearing casual clothing and appear to be having a great time. They are bouncing up and down, laughing and smiling at each other. The trampoline is located in a backyard, and there are trees and a fence visible in the background. The children are of different ages, and they all seem to be enjoying themselves. The trampoline is surrounded by a safety net, and there is a blue tarp visible on the ground next to it. The children are jumping in various directions, sometimes bumping into each other, but they all seem to be having a good time.",T2V_data/label/vidgen_filter_gemini_part_0_dpo_12/fa35ecimP_M-Scene-0034/entity_40.mp4,T2V_data/label/vidgen_filter_gemini_part_0_dpo_12/fa35ecimP_M-Scene-0034/entity_40.png
T2V_data/VIDGEN-1M_unzip/ff03S5XoTVo-Scene-0118.mp4,"In the video, a man is seen standing in a field with two dogs. The man is wearing a black shirt and jeans, and the dogs are a brown dog and a black dog. The man is holding a stick in his hand and is seen throwing it up in the air. The dogs are jumping up to catch the stick, and the man is also seen walking around with the dogs. The field is green and there are trees in the background. The video captures the playful interaction between the man and the dogs.",T2V_data/label/vidgen_filter_gemini_part_0_dpo_12/ff03S5XoTVo-Scene-0118/depth.mp4,T2V_data/label/vidgen_filter_gemini_part_0_dpo_12/ff03S5XoTVo-Scene-0118/entity_20.png
T2V_data/VIDGEN-1M_unzip/ff03S5XoTVo-Scene-0118.mp4,"In the video, a man is seen standing in a field with two dogs. The man is wearing a black shirt and jeans, and the dogs are a brown dog and a black dog. The man is holding a stick in his hand and is seen throwing it up in the air. The dogs are jumping up to catch the stick, and the man is also seen walking around with the dogs. The field is green and there are trees in the background. The video captures the playful interaction between the man and the dogs.",T2V_data/label/vidgen_filter_gemini_part_0_dpo_12/ff03S5XoTVo-Scene-0118/entity_20.mp4,T2V_data/label/vidgen_filter_gemini_part_0_dpo_12/ff03S5XoTVo-Scene-0118/entity_20.png
T2V_data/VIDGEN-1M_unzip/grBWGu-1Z1Q-Scene-0059.mp4,"In the video, a young boy is seen standing on a plastic bag. He then proceeds to step on the bag, causing it to burst. The boy then picks up the bag and begins to walk around with it. The video captures the boy's playful and curious nature as he explores the properties of the plastic bag. The bursting of the bag creates a sense of surprise and amusement for the viewer. The boy's actions are spontaneous and unscripted, adding to the authenticity of the moment. The video is a candid capture of a child's innocent curiosity and the simple joys of play.",T2V_data/label/vidgen_filter_gemini_part_0_dpo_12/grBWGu-1Z1Q-Scene-0059/depth.mp4,T2V_data/label/vidgen_filter_gemini_part_0_dpo_12/grBWGu-1Z1Q-Scene-0059/entity_20.png
T2V_data/VIDGEN-1M_unzip/grBWGu-1Z1Q-Scene-0059.mp4,"In the video, a young boy is seen standing on a plastic bag. He then proceeds to step on the bag, causing it to burst. The boy then picks up the bag and begins to walk around with it. The video captures the boy's playful and curious nature as he explores the properties of the plastic bag. The bursting of the bag creates a sense of surprise and amusement for the viewer. The boy's actions are spontaneous and unscripted, adding to the authenticity of the moment. The video is a candid capture of a child's innocent curiosity and the simple joys of play.",T2V_data/label/vidgen_filter_gemini_part_0_dpo_12/grBWGu-1Z1Q-Scene-0059/entity_20.mp4,T2V_data/label/vidgen_filter_gemini_part_0_dpo_12/grBWGu-1Z1Q-Scene-0059/entity_20.png
T2V_data/VIDGEN-1M_unzip/grBWGu-1Z1Q-Scene-0059.mp4,"In the video, a young boy is seen standing on a plastic bag. He then proceeds to step on the bag, causing it to burst. The boy then picks up the bag and begins to walk around with it. The video captures the boy's playful and curious nature as he explores the properties of the plastic bag. The bursting of the bag creates a sense of surprise and amusement for the viewer. The boy's actions are spontaneous and unscripted, adding to the authenticity of the moment. The video is a candid capture of a child's innocent curiosity and the simple joys of play.",T2V_data/label/vidgen_filter_gemini_part_0_dpo_12/grBWGu-1Z1Q-Scene-0059/depth.mp4,T2V_data/label/vidgen_filter_gemini_part_0_dpo_12/grBWGu-1Z1Q-Scene-0059/entity_40.png
T2V_data/VIDGEN-1M_unzip/grBWGu-1Z1Q-Scene-0059.mp4,"In the video, a young boy is seen standing on a plastic bag. He then proceeds to step on the bag, causing it to burst. The boy then picks up the bag and begins to walk around with it. The video captures the boy's playful and curious nature as he explores the properties of the plastic bag. The bursting of the bag creates a sense of surprise and amusement for the viewer. The boy's actions are spontaneous and unscripted, adding to the authenticity of the moment. The video is a candid capture of a child's innocent curiosity and the simple joys of play.",T2V_data/label/vidgen_filter_gemini_part_0_dpo_12/grBWGu-1Z1Q-Scene-0059/entity_40.mp4,T2V_data/label/vidgen_filter_gemini_part_0_dpo_12/grBWGu-1Z1Q-Scene-0059/entity_40.png
T2V_data/VIDGEN-1M_unzip/gwEJifesITI-Scene-0095.mp4,"The video shows a boxing match between two men in a ring. One of the men is wearing white shorts, while the other is wearing red shorts. The man in white shorts is seen throwing punches at the man in red shorts, who is defending himself. The referee is present in the ring, watching the fight closely. The crowd can be heard cheering in the background. The man in white shorts appears to be the aggressor, throwing a series of punches at his opponent. The man in red shorts is trying to block and dodge the punches, but he is ultimately knocked down to the ground. The referee steps in to stop the fight and raises the hand of the man in white shorts, indicating that he is the winner of the match.",T2V_data/label/vidgen_filter_gemini_part_0_dpo_12/gwEJifesITI-Scene-0095/depth.mp4,T2V_data/label/vidgen_filter_gemini_part_0_dpo_12/gwEJifesITI-Scene-0095/entity_20.png
T2V_data/VIDGEN-1M_unzip/gwEJifesITI-Scene-0095.mp4,"The video shows a boxing match between two men in a ring. One of the men is wearing white shorts, while the other is wearing red shorts. The man in white shorts is seen throwing punches at the man in red shorts, who is defending himself. The referee is present in the ring, watching the fight closely. The crowd can be heard cheering in the background. The man in white shorts appears to be the aggressor, throwing a series of punches at his opponent. The man in red shorts is trying to block and dodge the punches, but he is ultimately knocked down to the ground. The referee steps in to stop the fight and raises the hand of the man in white shorts, indicating that he is the winner of the match.",T2V_data/label/vidgen_filter_gemini_part_0_dpo_12/gwEJifesITI-Scene-0095/entity_20.mp4,T2V_data/label/vidgen_filter_gemini_part_0_dpo_12/gwEJifesITI-Scene-0095/entity_20.png
T2V_data/VIDGEN-1M_unzip/hAVWCGm9HhU-Scene-0008.mp4,"In the video, a person is seen using a stencil to cut out a design on a piece of paper. The stencil has a geometric pattern, and the person is using a knife to carefully cut along the lines. The person's hands are visible, and they are wearing a black shirt. The cutting mat underneath the paper has measurements on it, and the person is using a ruler to ensure the cuts are straight. The video is shot from a top-down perspective, and the focus is on the person's hands and the cutting process.",T2V_data/label/vidgen_filter_gemini_part_0_dpo_12/hAVWCGm9HhU-Scene-0008/depth.mp4,T2V_data/label/vidgen_filter_gemini_part_0_dpo_12/hAVWCGm9HhU-Scene-0008/entity_40.png
T2V_data/VIDGEN-1M_unzip/hAVWCGm9HhU-Scene-0008.mp4,"In the video, a person is seen using a stencil to cut out a design on a piece of paper. The stencil has a geometric pattern, and the person is using a knife to carefully cut along the lines. The person's hands are visible, and they are wearing a black shirt. The cutting mat underneath the paper has measurements on it, and the person is using a ruler to ensure the cuts are straight. The video is shot from a top-down perspective, and the focus is on the person's hands and the cutting process.",T2V_data/label/vidgen_filter_gemini_part_0_dpo_12/hAVWCGm9HhU-Scene-0008/entity_40.mp4,T2V_data/label/vidgen_filter_gemini_part_0_dpo_12/hAVWCGm9HhU-Scene-0008/entity_40.png
T2V_data/VIDGEN-1M_unzip/hAVWCGm9HhU-Scene-0008.mp4,"In the video, a person is seen using a stencil to cut out a design on a piece of paper. The stencil has a geometric pattern, and the person is using a knife to carefully cut along the lines. The person's hands are visible, and they are wearing a black shirt. The cutting mat underneath the paper has measurements on it, and the person is using a ruler to ensure the cuts are straight. The video is shot from a top-down perspective, and the focus is on the person's hands and the cutting process.",T2V_data/label/vidgen_filter_gemini_part_0_dpo_12/hAVWCGm9HhU-Scene-0008/depth.mp4,T2V_data/label/vidgen_filter_gemini_part_0_dpo_12/hAVWCGm9HhU-Scene-0008/entity_60.png
T2V_data/VIDGEN-1M_unzip/hAVWCGm9HhU-Scene-0008.mp4,"In the video, a person is seen using a stencil to cut out a design on a piece of paper. The stencil has a geometric pattern, and the person is using a knife to carefully cut along the lines. The person's hands are visible, and they are wearing a black shirt. The cutting mat underneath the paper has measurements on it, and the person is using a ruler to ensure the cuts are straight. The video is shot from a top-down perspective, and the focus is on the person's hands and the cutting process.",T2V_data/label/vidgen_filter_gemini_part_0_dpo_12/hAVWCGm9HhU-Scene-0008/entity_60.mp4,T2V_data/label/vidgen_filter_gemini_part_0_dpo_12/hAVWCGm9HhU-Scene-0008/entity_60.png
T2V_data/VIDGEN-1M_unzip/hFQsC_zKXIo-Scene-0011.mp4,"The video shows a person riding a motorcycle on a road. The camera is positioned behind the rider, providing a view of the road ahead. The rider is seen approaching an intersection, where a car is stopped at a red light. The rider slows down and comes to a stop at the intersection. The video captures the moment the rider stops and waits for the light to change.",T2V_data/label/vidgen_filter_gemini_part_0_dpo_12/hFQsC_zKXIo-Scene-0011/depth.mp4,T2V_data/label/vidgen_filter_gemini_part_0_dpo_12/hFQsC_zKXIo-Scene-0011/entity_20.png
T2V_data/VIDGEN-1M_unzip/hFQsC_zKXIo-Scene-0011.mp4,"The video shows a person riding a motorcycle on a road. The camera is positioned behind the rider, providing a view of the road ahead. The rider is seen approaching an intersection, where a car is stopped at a red light. The rider slows down and comes to a stop at the intersection. The video captures the moment the rider stops and waits for the light to change.",T2V_data/label/vidgen_filter_gemini_part_0_dpo_12/hFQsC_zKXIo-Scene-0011/entity_20.mp4,T2V_data/label/vidgen_filter_gemini_part_0_dpo_12/hFQsC_zKXIo-Scene-0011/entity_20.png
T2V_data/VIDGEN-1M_unzip/hG5NiF1kLOM-Scene-0032.mp4,"In the video, a person is seen using a small knife to cut a piece of paper. The paper appears to be blue and white, and the person is cutting it into a specific shape. The person's hands are visible, and they are holding the paper steady while cutting. The background is white, and there are no other objects visible in the frame. The person's movements are precise and careful, indicating that they are experienced in this task. The video does not contain any text or subtitles.",T2V_data/label/vidgen_filter_gemini_part_0_dpo_12/hG5NiF1kLOM-Scene-0032/depth.mp4,T2V_data/label/vidgen_filter_gemini_part_0_dpo_12/hG5NiF1kLOM-Scene-0032/entity_40.png
T2V_data/VIDGEN-1M_unzip/hG5NiF1kLOM-Scene-0032.mp4,"In the video, a person is seen using a small knife to cut a piece of paper. The paper appears to be blue and white, and the person is cutting it into a specific shape. The person's hands are visible, and they are holding the paper steady while cutting. The background is white, and there are no other objects visible in the frame. The person's movements are precise and careful, indicating that they are experienced in this task. The video does not contain any text or subtitles.",T2V_data/label/vidgen_filter_gemini_part_0_dpo_12/hG5NiF1kLOM-Scene-0032/entity_40.mp4,T2V_data/label/vidgen_filter_gemini_part_0_dpo_12/hG5NiF1kLOM-Scene-0032/entity_40.png
T2V_data/VIDGEN-1M_unzip/hHtkiKmZTa8-Scene-0173.mp4,"The video shows two otters in a dirt area. One otter is lying on its back, and the other otter is standing over it. The otter on the ground is holding onto the other otter's neck with its front paws. The otter on the ground appears to be biting the other otter's neck. The otter on the ground is also holding onto a rope with its back paws. The otters are brown in color, and there is some debris on the ground around them.",T2V_data/label/vidgen_filter_gemini_part_0_dpo_12/hHtkiKmZTa8-Scene-0173/depth.mp4,T2V_data/label/vidgen_filter_gemini_part_0_dpo_12/hHtkiKmZTa8-Scene-0173/entity_20.png
T2V_data/VIDGEN-1M_unzip/hHtkiKmZTa8-Scene-0173.mp4,"The video shows two otters in a dirt area. One otter is lying on its back, and the other otter is standing over it. The otter on the ground is holding onto the other otter's neck with its front paws. The otter on the ground appears to be biting the other otter's neck. The otter on the ground is also holding onto a rope with its back paws. The otters are brown in color, and there is some debris on the ground around them.",T2V_data/label/vidgen_filter_gemini_part_0_dpo_12/hHtkiKmZTa8-Scene-0173/entity_20.mp4,T2V_data/label/vidgen_filter_gemini_part_0_dpo_12/hHtkiKmZTa8-Scene-0173/entity_20.png
T2V_data/VIDGEN-1M_unzip/hHtkiKmZTa8-Scene-0173.mp4,"The video shows two otters in a dirt area. One otter is lying on its back, and the other otter is standing over it. The otter on the ground is holding onto the other otter's neck with its front paws. The otter on the ground appears to be biting the other otter's neck. The otter on the ground is also holding onto a rope with its back paws. The otters are brown in color, and there is some debris on the ground around them.",T2V_data/label/vidgen_filter_gemini_part_0_dpo_12/hHtkiKmZTa8-Scene-0173/depth.mp4,T2V_data/label/vidgen_filter_gemini_part_0_dpo_12/hHtkiKmZTa8-Scene-0173/entity_40.png
T2V_data/VIDGEN-1M_unzip/hHtkiKmZTa8-Scene-0173.mp4,"The video shows two otters in a dirt area. One otter is lying on its back, and the other otter is standing over it. The otter on the ground is holding onto the other otter's neck with its front paws. The otter on the ground appears to be biting the other otter's neck. The otter on the ground is also holding onto a rope with its back paws. The otters are brown in color, and there is some debris on the ground around them.",T2V_data/label/vidgen_filter_gemini_part_0_dpo_12/hHtkiKmZTa8-Scene-0173/entity_40.mp4,T2V_data/label/vidgen_filter_gemini_part_0_dpo_12/hHtkiKmZTa8-Scene-0173/entity_40.png
T2V_data/VIDGEN-1M_unzip/hKUJrWK2pfA-Scene-0012.mp4,"The video shows a baseball game in progress. The pitcher throws the ball, and the batter hits it. The catcher catches the ball, and the umpire signals a strike. The pitcher and catcher are both wearing white uniforms, and the batter is wearing a gray uniform. The umpire is wearing a black uniform. The video is shot from the perspective of the stands behind home plate, and the crowd can be seen in the background.",T2V_data/label/vidgen_filter_gemini_part_0_dpo_12/hKUJrWK2pfA-Scene-0012/depth.mp4,T2V_data/label/vidgen_filter_gemini_part_0_dpo_12/hKUJrWK2pfA-Scene-0012/entity_20.png
T2V_data/VIDGEN-1M_unzip/hKUJrWK2pfA-Scene-0012.mp4,"The video shows a baseball game in progress. The pitcher throws the ball, and the batter hits it. The catcher catches the ball, and the umpire signals a strike. The pitcher and catcher are both wearing white uniforms, and the batter is wearing a gray uniform. The umpire is wearing a black uniform. The video is shot from the perspective of the stands behind home plate, and the crowd can be seen in the background.",T2V_data/label/vidgen_filter_gemini_part_0_dpo_12/hKUJrWK2pfA-Scene-0012/entity_20.mp4,T2V_data/label/vidgen_filter_gemini_part_0_dpo_12/hKUJrWK2pfA-Scene-0012/entity_20.png
T2V_data/VIDGEN-1M_unzip/hO9N2ZikAyw-Scene-0010.mp4,The video shows a group of race cars driving on a track. The cars are colorful and are driving in a tight formation. The track is surrounded by a fence and there are trees in the background. The cars are moving at a high speed and appear to be in a competitive race.,T2V_data/label/vidgen_filter_gemini_part_0_dpo_12/hO9N2ZikAyw-Scene-0010/depth.mp4,T2V_data/label/vidgen_filter_gemini_part_0_dpo_12/hO9N2ZikAyw-Scene-0010/entity_20.png
T2V_data/VIDGEN-1M_unzip/hO9N2ZikAyw-Scene-0010.mp4,The video shows a group of race cars driving on a track. The cars are colorful and are driving in a tight formation. The track is surrounded by a fence and there are trees in the background. The cars are moving at a high speed and appear to be in a competitive race.,T2V_data/label/vidgen_filter_gemini_part_0_dpo_12/hO9N2ZikAyw-Scene-0010/entity_20.mp4,T2V_data/label/vidgen_filter_gemini_part_0_dpo_12/hO9N2ZikAyw-Scene-0010/entity_20.png
T2V_data/VIDGEN-1M_unzip/hRg0j4TCeKc-Scene-0111.mp4,"In the video, a man is seen using a hand saw to cut a piece of wood. He is wearing a plaid shirt and has a yellow wristband on his left wrist. The man is holding the wood with his left hand and sawing it with his right hand. The background is blurred, but it appears to be a workshop setting with various tools and equipment visible. The man's movements are steady and controlled as he saws through the wood.",T2V_data/label/vidgen_filter_gemini_part_0_dpo_12/hRg0j4TCeKc-Scene-0111/depth.mp4,T2V_data/label/vidgen_filter_gemini_part_0_dpo_12/hRg0j4TCeKc-Scene-0111/entity_40.png
T2V_data/VIDGEN-1M_unzip/hRg0j4TCeKc-Scene-0111.mp4,"In the video, a man is seen using a hand saw to cut a piece of wood. He is wearing a plaid shirt and has a yellow wristband on his left wrist. The man is holding the wood with his left hand and sawing it with his right hand. The background is blurred, but it appears to be a workshop setting with various tools and equipment visible. The man's movements are steady and controlled as he saws through the wood.",T2V_data/label/vidgen_filter_gemini_part_0_dpo_12/hRg0j4TCeKc-Scene-0111/entity_40.mp4,T2V_data/label/vidgen_filter_gemini_part_0_dpo_12/hRg0j4TCeKc-Scene-0111/entity_40.png
T2V_data/VIDGEN-1M_unzip/hbe2-o-EXdI-Scene-0010.mp4,"The video shows a surfer in the ocean, paddling on a surfboard. The surfer is wearing a red and black wetsuit. The water is a deep blue color and the waves are large and white-capped. The surfer is seen paddling towards a wave and then catching it, riding along the wave's face. The surfer's movements are smooth and controlled as they navigate the wave. The video captures the thrill and excitement of surfing, showcasing the surfer's skill and the power of the ocean.",T2V_data/label/vidgen_filter_gemini_part_0_dpo_12/hbe2-o-EXdI-Scene-0010/depth.mp4,T2V_data/label/vidgen_filter_gemini_part_0_dpo_12/hbe2-o-EXdI-Scene-0010/entity_40.png
T2V_data/VIDGEN-1M_unzip/hbe2-o-EXdI-Scene-0010.mp4,"The video shows a surfer in the ocean, paddling on a surfboard. The surfer is wearing a red and black wetsuit. The water is a deep blue color and the waves are large and white-capped. The surfer is seen paddling towards a wave and then catching it, riding along the wave's face. The surfer's movements are smooth and controlled as they navigate the wave. The video captures the thrill and excitement of surfing, showcasing the surfer's skill and the power of the ocean.",T2V_data/label/vidgen_filter_gemini_part_0_dpo_12/hbe2-o-EXdI-Scene-0010/entity_40.mp4,T2V_data/label/vidgen_filter_gemini_part_0_dpo_12/hbe2-o-EXdI-Scene-0010/entity_40.png
T2V_data/VIDGEN-1M_unzip/hcEsDwiJc6k-Scene-0007.mp4,The video shows a man in a red jacket and black pants snowboarding down a ramp made of snow. He is wearing a black helmet and goggles. The ramp is located in front of a house with a green roof and white walls. There is a ladder on the right side of the ramp. The man successfully jumps off the ramp and lands on the snow below.,T2V_data/label/vidgen_filter_gemini_part_0_dpo_12/hcEsDwiJc6k-Scene-0007/depth.mp4,T2V_data/label/vidgen_filter_gemini_part_0_dpo_12/hcEsDwiJc6k-Scene-0007/entity_40.png
T2V_data/VIDGEN-1M_unzip/hcEsDwiJc6k-Scene-0007.mp4,The video shows a man in a red jacket and black pants snowboarding down a ramp made of snow. He is wearing a black helmet and goggles. The ramp is located in front of a house with a green roof and white walls. There is a ladder on the right side of the ramp. The man successfully jumps off the ramp and lands on the snow below.,T2V_data/label/vidgen_filter_gemini_part_0_dpo_12/hcEsDwiJc6k-Scene-0007/entity_40.mp4,T2V_data/label/vidgen_filter_gemini_part_0_dpo_12/hcEsDwiJc6k-Scene-0007/entity_40.png
T2V_data/VIDGEN-1M_unzip/hcEsDwiJc6k-Scene-0007.mp4,The video shows a man in a red jacket and black pants snowboarding down a ramp made of snow. He is wearing a black helmet and goggles. The ramp is located in front of a house with a green roof and white walls. There is a ladder on the right side of the ramp. The man successfully jumps off the ramp and lands on the snow below.,T2V_data/label/vidgen_filter_gemini_part_0_dpo_12/hcEsDwiJc6k-Scene-0007/depth.mp4,T2V_data/label/vidgen_filter_gemini_part_0_dpo_12/hcEsDwiJc6k-Scene-0007/entity_60.png
T2V_data/VIDGEN-1M_unzip/hcEsDwiJc6k-Scene-0007.mp4,The video shows a man in a red jacket and black pants snowboarding down a ramp made of snow. He is wearing a black helmet and goggles. The ramp is located in front of a house with a green roof and white walls. There is a ladder on the right side of the ramp. The man successfully jumps off the ramp and lands on the snow below.,T2V_data/label/vidgen_filter_gemini_part_0_dpo_12/hcEsDwiJc6k-Scene-0007/entity_60.mp4,T2V_data/label/vidgen_filter_gemini_part_0_dpo_12/hcEsDwiJc6k-Scene-0007/entity_60.png
T2V_data/VIDGEN-1M_unzip/he3PAZtZKgw-Scene-0098.mp4,"The video shows a baseball game being played in a stadium. The players are wearing white and red uniforms. The batter hits the ball, and the catcher catches it. The crowd is cheering in the background.",T2V_data/label/vidgen_filter_gemini_part_0_dpo_12/he3PAZtZKgw-Scene-0098/depth.mp4,T2V_data/label/vidgen_filter_gemini_part_0_dpo_12/he3PAZtZKgw-Scene-0098/entity_20.png
T2V_data/VIDGEN-1M_unzip/he3PAZtZKgw-Scene-0098.mp4,"The video shows a baseball game being played in a stadium. The players are wearing white and red uniforms. The batter hits the ball, and the catcher catches it. The crowd is cheering in the background.",T2V_data/label/vidgen_filter_gemini_part_0_dpo_12/he3PAZtZKgw-Scene-0098/entity_20.mp4,T2V_data/label/vidgen_filter_gemini_part_0_dpo_12/he3PAZtZKgw-Scene-0098/entity_20.png
T2V_data/VIDGEN-1M_unzip/hg6Fwdydblk-Scene-0022.mp4,"The video shows a white car with black wheels driving on a winding mountain road. The car is initially seen driving normally, but then it starts to flip over and crash into the side of the road. The car continues to flip over multiple times, and the driver is thrown out of the car. The surrounding landscape is mountainous with trees and a clear sky.",T2V_data/label/vidgen_filter_gemini_part_0_dpo_12/hg6Fwdydblk-Scene-0022/depth.mp4,T2V_data/label/vidgen_filter_gemini_part_0_dpo_12/hg6Fwdydblk-Scene-0022/entity_60.png
T2V_data/VIDGEN-1M_unzip/hg6Fwdydblk-Scene-0022.mp4,"The video shows a white car with black wheels driving on a winding mountain road. The car is initially seen driving normally, but then it starts to flip over and crash into the side of the road. The car continues to flip over multiple times, and the driver is thrown out of the car. The surrounding landscape is mountainous with trees and a clear sky.",T2V_data/label/vidgen_filter_gemini_part_0_dpo_12/hg6Fwdydblk-Scene-0022/entity_60.mp4,T2V_data/label/vidgen_filter_gemini_part_0_dpo_12/hg6Fwdydblk-Scene-0022/entity_60.png
T2V_data/VIDGEN-1M_unzip/hy7w-WAuehs-Scene-0073.mp4,"In the video, a man is seen standing in front of a table with a box on it. He is wearing a white t-shirt with a blue logo on it and a gold chain around his neck. The man is holding a piece of bubble wrap in his hands and is using it to wrap an egg. He carefully places the egg in the bubble wrap and then folds the wrap around it to secure it. The man repeats this process with several more eggs, wrapping each one individually with bubble wrap. The table is covered with more bubble wrap and eggs, indicating that he has been doing this for some time. The man's movements are deliberate and precise, suggesting that he is experienced in this task. The video does not contain any dialogue or background music, focusing solely on the man's actions.",T2V_data/label/vidgen_filter_gemini_part_0_dpo_12/hy7w-WAuehs-Scene-0073/depth.mp4,T2V_data/label/vidgen_filter_gemini_part_0_dpo_12/hy7w-WAuehs-Scene-0073/entity_60.png
T2V_data/VIDGEN-1M_unzip/hy7w-WAuehs-Scene-0073.mp4,"In the video, a man is seen standing in front of a table with a box on it. He is wearing a white t-shirt with a blue logo on it and a gold chain around his neck. The man is holding a piece of bubble wrap in his hands and is using it to wrap an egg. He carefully places the egg in the bubble wrap and then folds the wrap around it to secure it. The man repeats this process with several more eggs, wrapping each one individually with bubble wrap. The table is covered with more bubble wrap and eggs, indicating that he has been doing this for some time. The man's movements are deliberate and precise, suggesting that he is experienced in this task. The video does not contain any dialogue or background music, focusing solely on the man's actions.",T2V_data/label/vidgen_filter_gemini_part_0_dpo_12/hy7w-WAuehs-Scene-0073/entity_60.mp4,T2V_data/label/vidgen_filter_gemini_part_0_dpo_12/hy7w-WAuehs-Scene-0073/entity_60.png
T2V_data/VIDGEN-1M_unzip/i6wxpFkkHUI-Scene-0106.mp4,The video shows a person inside a tent with a snowy floor. The person is holding a fishing pole and is seen throwing a fishing line into a hole in the ice. The tent is made of white canvas and has a metal frame. The person is wearing a black jacket and gloves. The fishing line is green and is seen flying through the air before landing in the hole. The person then pulls the line out of the hole.,T2V_data/label/vidgen_filter_gemini_part_0_dpo_12/i6wxpFkkHUI-Scene-0106/depth.mp4,T2V_data/label/vidgen_filter_gemini_part_0_dpo_12/i6wxpFkkHUI-Scene-0106/entity_80.png
T2V_data/VIDGEN-1M_unzip/i6wxpFkkHUI-Scene-0106.mp4,The video shows a person inside a tent with a snowy floor. The person is holding a fishing pole and is seen throwing a fishing line into a hole in the ice. The tent is made of white canvas and has a metal frame. The person is wearing a black jacket and gloves. The fishing line is green and is seen flying through the air before landing in the hole. The person then pulls the line out of the hole.,T2V_data/label/vidgen_filter_gemini_part_0_dpo_12/i6wxpFkkHUI-Scene-0106/entity_80.mp4,T2V_data/label/vidgen_filter_gemini_part_0_dpo_12/i6wxpFkkHUI-Scene-0106/entity_80.png
T2V_data/VIDGEN-1M_unzip/inn4MB8dios-Scene-0063.mp4,"In the video, a young man is seen skateboarding in an indoor skate park. He is wearing a blue shirt, jeans, and a black cap. The skateboarder starts by riding up a ramp and then performs a trick where he flips the skateboard under his feet while jumping into the air. He lands back on the skateboard and continues to ride around the park, performing various tricks. The indoor skate park has ramps, rails, and other obstacles for the skateboarder to use. The lighting is bright, and the walls are adorned with graffiti and posters. The skateboarder appears to be skilled and confident in his movements.",T2V_data/label/vidgen_filter_gemini_part_0_dpo_12/inn4MB8dios-Scene-0063/depth.mp4,T2V_data/label/vidgen_filter_gemini_part_0_dpo_12/inn4MB8dios-Scene-0063/entity_20.png
T2V_data/VIDGEN-1M_unzip/inn4MB8dios-Scene-0063.mp4,"In the video, a young man is seen skateboarding in an indoor skate park. He is wearing a blue shirt, jeans, and a black cap. The skateboarder starts by riding up a ramp and then performs a trick where he flips the skateboard under his feet while jumping into the air. He lands back on the skateboard and continues to ride around the park, performing various tricks. The indoor skate park has ramps, rails, and other obstacles for the skateboarder to use. The lighting is bright, and the walls are adorned with graffiti and posters. The skateboarder appears to be skilled and confident in his movements.",T2V_data/label/vidgen_filter_gemini_part_0_dpo_12/inn4MB8dios-Scene-0063/entity_20.mp4,T2V_data/label/vidgen_filter_gemini_part_0_dpo_12/inn4MB8dios-Scene-0063/entity_20.png
T2V_data/VIDGEN-1M_unzip/ioS3jml6Uac-Scene-0111.mp4,"The video shows a close-up of a car's suspension system, specifically the shock absorber. The shock absorber is gold in color and has the brand name ""OHLINS"" written on it. The person in the video is using a wrench to adjust the shock absorber, turning it clockwise to tighten it. The person's hand is visible, and they are wearing a black glove. The background is mostly dark, with some parts of the car's undercarriage visible.",T2V_data/label/vidgen_filter_gemini_part_0_dpo_12/ioS3jml6Uac-Scene-0111/depth.mp4,T2V_data/label/vidgen_filter_gemini_part_0_dpo_12/ioS3jml6Uac-Scene-0111/entity_60.png
T2V_data/VIDGEN-1M_unzip/ioS3jml6Uac-Scene-0111.mp4,"The video shows a close-up of a car's suspension system, specifically the shock absorber. The shock absorber is gold in color and has the brand name ""OHLINS"" written on it. The person in the video is using a wrench to adjust the shock absorber, turning it clockwise to tighten it. The person's hand is visible, and they are wearing a black glove. The background is mostly dark, with some parts of the car's undercarriage visible.",T2V_data/label/vidgen_filter_gemini_part_0_dpo_12/ioS3jml6Uac-Scene-0111/entity_60.mp4,T2V_data/label/vidgen_filter_gemini_part_0_dpo_12/ioS3jml6Uac-Scene-0111/entity_60.png
T2V_data/VIDGEN-1M_unzip/ioS3jml6Uac-Scene-0111.mp4,"The video shows a close-up of a car's suspension system, specifically the shock absorber. The shock absorber is gold in color and has the brand name ""OHLINS"" written on it. The person in the video is using a wrench to adjust the shock absorber, turning it clockwise to tighten it. The person's hand is visible, and they are wearing a black glove. The background is mostly dark, with some parts of the car's undercarriage visible.",T2V_data/label/vidgen_filter_gemini_part_0_dpo_12/ioS3jml6Uac-Scene-0111/depth.mp4,T2V_data/label/vidgen_filter_gemini_part_0_dpo_12/ioS3jml6Uac-Scene-0111/entity_80.png
T2V_data/VIDGEN-1M_unzip/ioS3jml6Uac-Scene-0111.mp4,"The video shows a close-up of a car's suspension system, specifically the shock absorber. The shock absorber is gold in color and has the brand name ""OHLINS"" written on it. The person in the video is using a wrench to adjust the shock absorber, turning it clockwise to tighten it. The person's hand is visible, and they are wearing a black glove. The background is mostly dark, with some parts of the car's undercarriage visible.",T2V_data/label/vidgen_filter_gemini_part_0_dpo_12/ioS3jml6Uac-Scene-0111/entity_80.mp4,T2V_data/label/vidgen_filter_gemini_part_0_dpo_12/ioS3jml6Uac-Scene-0111/entity_80.png
T2V_data/VIDGEN-1M_unzip/jFW96I1HCyg-Scene-0120.mp4,"In the video, a person is seen sealing a cardboard box with tape. The box is brown and has the word ""HEIDS"" written on it. The person's hands are visible, and they are using a roll of clear tape to seal the box. The background is a wooden surface, and there are other boxes and bags of items visible in the background.",T2V_data/label/vidgen_filter_gemini_part_0_dpo_12/jFW96I1HCyg-Scene-0120/depth.mp4,T2V_data/label/vidgen_filter_gemini_part_0_dpo_12/jFW96I1HCyg-Scene-0120/entity_60.png
T2V_data/VIDGEN-1M_unzip/jFW96I1HCyg-Scene-0120.mp4,"In the video, a person is seen sealing a cardboard box with tape. The box is brown and has the word ""HEIDS"" written on it. The person's hands are visible, and they are using a roll of clear tape to seal the box. The background is a wooden surface, and there are other boxes and bags of items visible in the background.",T2V_data/label/vidgen_filter_gemini_part_0_dpo_12/jFW96I1HCyg-Scene-0120/entity_60.mp4,T2V_data/label/vidgen_filter_gemini_part_0_dpo_12/jFW96I1HCyg-Scene-0120/entity_60.png
T2V_data/VIDGEN-1M_unzip/jRyKWzTT6kg-Scene-0022.mp4,"The video starts with a view of the Earth in space, with a red and blue line representing the Earth's orbit around the sun. The Earth is shown in a realistic manner, with visible continents and oceans. As the video progresses, the Earth is shown moving along its orbit, with the sun appearing as a bright, glowing orb in the background. The Earth's orbit is depicted by a red line, while the sun's orbit is shown by a blue line. The video provides a clear and detailed visual representation of the Earth's orbit around the sun.",T2V_data/label/vidgen_filter_gemini_part_0_dpo_12/jRyKWzTT6kg-Scene-0022/depth.mp4,T2V_data/label/vidgen_filter_gemini_part_0_dpo_12/jRyKWzTT6kg-Scene-0022/entity_60.png
T2V_data/VIDGEN-1M_unzip/jRyKWzTT6kg-Scene-0022.mp4,"The video starts with a view of the Earth in space, with a red and blue line representing the Earth's orbit around the sun. The Earth is shown in a realistic manner, with visible continents and oceans. As the video progresses, the Earth is shown moving along its orbit, with the sun appearing as a bright, glowing orb in the background. The Earth's orbit is depicted by a red line, while the sun's orbit is shown by a blue line. The video provides a clear and detailed visual representation of the Earth's orbit around the sun.",T2V_data/label/vidgen_filter_gemini_part_0_dpo_12/jRyKWzTT6kg-Scene-0022/entity_60.mp4,T2V_data/label/vidgen_filter_gemini_part_0_dpo_12/jRyKWzTT6kg-Scene-0022/entity_60.png
T2V_data/VIDGEN-1M_unzip/jartnZ6Lza8-Scene-0009.mp4,"The video shows a person wearing a plaid shirt holding a bicycle wheel with one hand and using a pink tool with the other hand to remove the rubber tire from the rim. The person is shown pulling the tire away from the rim, and the tool is used to pry the tire off. The person's hands are visible, and the background is white.",T2V_data/label/vidgen_filter_gemini_part_0_dpo_12/jartnZ6Lza8-Scene-0009/depth.mp4,T2V_data/label/vidgen_filter_gemini_part_0_dpo_12/jartnZ6Lza8-Scene-0009/entity_60.png
T2V_data/VIDGEN-1M_unzip/jartnZ6Lza8-Scene-0009.mp4,"The video shows a person wearing a plaid shirt holding a bicycle wheel with one hand and using a pink tool with the other hand to remove the rubber tire from the rim. The person is shown pulling the tire away from the rim, and the tool is used to pry the tire off. The person's hands are visible, and the background is white.",T2V_data/label/vidgen_filter_gemini_part_0_dpo_12/jartnZ6Lza8-Scene-0009/entity_60.mp4,T2V_data/label/vidgen_filter_gemini_part_0_dpo_12/jartnZ6Lza8-Scene-0009/entity_60.png
T2V_data/VIDGEN-1M_unzip/jvIIN497Ngw-Scene-0017.mp4,"The video shows a group of soccer players practicing on a field. They are wearing yellow and black uniforms and are seen kicking a soccer ball around. There are also yellow and red training dummies on the field. The players are focused on their training and are seen running, kicking, and passing the ball. The field is surrounded by a fence and there are trees in the background.",T2V_data/label/vidgen_filter_gemini_part_0_dpo_12/jvIIN497Ngw-Scene-0017/depth.mp4,T2V_data/label/vidgen_filter_gemini_part_0_dpo_12/jvIIN497Ngw-Scene-0017/entity_20.png
T2V_data/VIDGEN-1M_unzip/jvIIN497Ngw-Scene-0017.mp4,"The video shows a group of soccer players practicing on a field. They are wearing yellow and black uniforms and are seen kicking a soccer ball around. There are also yellow and red training dummies on the field. The players are focused on their training and are seen running, kicking, and passing the ball. The field is surrounded by a fence and there are trees in the background.",T2V_data/label/vidgen_filter_gemini_part_0_dpo_12/jvIIN497Ngw-Scene-0017/entity_20.mp4,T2V_data/label/vidgen_filter_gemini_part_0_dpo_12/jvIIN497Ngw-Scene-0017/entity_20.png
T2V_data/VIDGEN-1M_unzip/kD5rk4mjvqc-Scene-0005.mp4,"The video shows a soccer game being played on a field. The players are wearing different colored uniforms, with one team in white and the other in black. The game is being played in a stadium with a large audience watching from the stands. The players are seen running, kicking the ball, and attempting to score goals. The scoreboard is visible in the background, showing the time and score of the game.",T2V_data/label/vidgen_filter_gemini_part_0_dpo_12/kD5rk4mjvqc-Scene-0005/depth.mp4,T2V_data/label/vidgen_filter_gemini_part_0_dpo_12/kD5rk4mjvqc-Scene-0005/entity_40.png
T2V_data/VIDGEN-1M_unzip/kD5rk4mjvqc-Scene-0005.mp4,"The video shows a soccer game being played on a field. The players are wearing different colored uniforms, with one team in white and the other in black. The game is being played in a stadium with a large audience watching from the stands. The players are seen running, kicking the ball, and attempting to score goals. The scoreboard is visible in the background, showing the time and score of the game.",T2V_data/label/vidgen_filter_gemini_part_0_dpo_12/kD5rk4mjvqc-Scene-0005/entity_40.mp4,T2V_data/label/vidgen_filter_gemini_part_0_dpo_12/kD5rk4mjvqc-Scene-0005/entity_40.png
T2V_data/VIDGEN-1M_unzip/kG4F6nE2Blk-Scene-0064.mp4,"In the video, a person is seen holding a green net with a metal handle over an orange bucket. The person is standing in water, and the net is being used to catch fish. The person's hands are visible, and they are wearing a ring on their left hand. The water is clear, and the bucket is partially filled with water and fish. The person is moving the net up and down, trying to catch more fish. The video is shot in daylight, and the person's actions are deliberate and focused on catching fish.",T2V_data/label/vidgen_filter_gemini_part_0_dpo_12/kG4F6nE2Blk-Scene-0064/depth.mp4,T2V_data/label/vidgen_filter_gemini_part_0_dpo_12/kG4F6nE2Blk-Scene-0064/entity_80.png
T2V_data/VIDGEN-1M_unzip/kG4F6nE2Blk-Scene-0064.mp4,"In the video, a person is seen holding a green net with a metal handle over an orange bucket. The person is standing in water, and the net is being used to catch fish. The person's hands are visible, and they are wearing a ring on their left hand. The water is clear, and the bucket is partially filled with water and fish. The person is moving the net up and down, trying to catch more fish. The video is shot in daylight, and the person's actions are deliberate and focused on catching fish.",T2V_data/label/vidgen_filter_gemini_part_0_dpo_12/kG4F6nE2Blk-Scene-0064/entity_80.mp4,T2V_data/label/vidgen_filter_gemini_part_0_dpo_12/kG4F6nE2Blk-Scene-0064/entity_80.png
T2V_data/VIDGEN-1M_unzip/kP8EYZvgjd0-Scene-0014.mp4,"The video shows a close-up of a table saw with a red blade guard. A person's hand is seen placing a stack of light-colored wood boards onto the saw. The person then pushes the wood through the saw, cutting it into smaller pieces. The saw blade is spinning at a high speed, and sawdust is flying off as the wood is cut. The person's hand is steady, and they seem experienced in using the saw.",T2V_data/label/vidgen_filter_gemini_part_0_dpo_12/kP8EYZvgjd0-Scene-0014/depth.mp4,T2V_data/label/vidgen_filter_gemini_part_0_dpo_12/kP8EYZvgjd0-Scene-0014/entity_60.png
T2V_data/VIDGEN-1M_unzip/kP8EYZvgjd0-Scene-0014.mp4,"The video shows a close-up of a table saw with a red blade guard. A person's hand is seen placing a stack of light-colored wood boards onto the saw. The person then pushes the wood through the saw, cutting it into smaller pieces. The saw blade is spinning at a high speed, and sawdust is flying off as the wood is cut. The person's hand is steady, and they seem experienced in using the saw.",T2V_data/label/vidgen_filter_gemini_part_0_dpo_12/kP8EYZvgjd0-Scene-0014/entity_60.mp4,T2V_data/label/vidgen_filter_gemini_part_0_dpo_12/kP8EYZvgjd0-Scene-0014/entity_60.png
T2V_data/VIDGEN-1M_unzip/kQKH0bQssVw-Scene-0021.mp4,"In the video, a man is seen sitting on the ground, wearing a blue shirt and yellow gloves. He is using a tool to chip away at a rock, which is located in front of him. The man is focused on his task, and the tool he is using appears to be a hammer. The ground around him is covered in small rocks and dirt, indicating that he may be in a rocky area or a construction site. The man's movements are deliberate and precise, suggesting that he is experienced in this type of work. The video does not contain any dialogue or sound, so the viewer is left to interpret the man's actions based on the visual information provided.",T2V_data/label/vidgen_filter_gemini_part_0_dpo_12/kQKH0bQssVw-Scene-0021/depth.mp4,T2V_data/label/vidgen_filter_gemini_part_0_dpo_12/kQKH0bQssVw-Scene-0021/entity_60.png
T2V_data/VIDGEN-1M_unzip/kQKH0bQssVw-Scene-0021.mp4,"In the video, a man is seen sitting on the ground, wearing a blue shirt and yellow gloves. He is using a tool to chip away at a rock, which is located in front of him. The man is focused on his task, and the tool he is using appears to be a hammer. The ground around him is covered in small rocks and dirt, indicating that he may be in a rocky area or a construction site. The man's movements are deliberate and precise, suggesting that he is experienced in this type of work. The video does not contain any dialogue or sound, so the viewer is left to interpret the man's actions based on the visual information provided.",T2V_data/label/vidgen_filter_gemini_part_0_dpo_12/kQKH0bQssVw-Scene-0021/entity_60.mp4,T2V_data/label/vidgen_filter_gemini_part_0_dpo_12/kQKH0bQssVw-Scene-0021/entity_60.png
T2V_data/VIDGEN-1M_unzip/lVUlo9UlQTU-Scene-0086.mp4,"In the video, a person is seen holding a plastic bag and a hose. The person is wearing yellow boots and is standing in a stream. The hose is being used to fill the plastic bag with water. The person then lifts the bag and shakes it, causing the water to splash out. The video is shot in a close-up angle, focusing on the person's hands and the plastic bag. The stream is flowing in the background, and the sound of the water can be heard. The person's movements are deliberate and careful as they handle the plastic bag and hose.",T2V_data/label/vidgen_filter_gemini_part_0_dpo_12/lVUlo9UlQTU-Scene-0086/depth.mp4,T2V_data/label/vidgen_filter_gemini_part_0_dpo_12/lVUlo9UlQTU-Scene-0086/entity_60.png
T2V_data/VIDGEN-1M_unzip/lVUlo9UlQTU-Scene-0086.mp4,"In the video, a person is seen holding a plastic bag and a hose. The person is wearing yellow boots and is standing in a stream. The hose is being used to fill the plastic bag with water. The person then lifts the bag and shakes it, causing the water to splash out. The video is shot in a close-up angle, focusing on the person's hands and the plastic bag. The stream is flowing in the background, and the sound of the water can be heard. The person's movements are deliberate and careful as they handle the plastic bag and hose.",T2V_data/label/vidgen_filter_gemini_part_0_dpo_12/lVUlo9UlQTU-Scene-0086/entity_60.mp4,T2V_data/label/vidgen_filter_gemini_part_0_dpo_12/lVUlo9UlQTU-Scene-0086/entity_60.png
T2V_data/VIDGEN-1M_unzip/lurMo13Gvw8-Scene-0022.mp4,The video shows a large body of water with waves crashing against a large structure. The structure appears to be made of concrete and has multiple levels with water flowing down from the top. The water is a dark blue color and the sky is overcast.,T2V_data/label/vidgen_filter_gemini_part_0_dpo_12/lurMo13Gvw8-Scene-0022/depth.mp4,T2V_data/label/vidgen_filter_gemini_part_0_dpo_12/lurMo13Gvw8-Scene-0022/entity_20.png
T2V_data/VIDGEN-1M_unzip/lurMo13Gvw8-Scene-0022.mp4,The video shows a large body of water with waves crashing against a large structure. The structure appears to be made of concrete and has multiple levels with water flowing down from the top. The water is a dark blue color and the sky is overcast.,T2V_data/label/vidgen_filter_gemini_part_0_dpo_12/lurMo13Gvw8-Scene-0022/entity_20.mp4,T2V_data/label/vidgen_filter_gemini_part_0_dpo_12/lurMo13Gvw8-Scene-0022/entity_20.png
T2V_data/VIDGEN-1M_unzip/mKBGclLOslE-Scene-0003.mp4,"The video shows a person's hands holding a metal rod and bending it into a circular shape. The person then uses their hands to manipulate the rod into a more complex shape. The background is white, and the person's hands are the only visible part of them. The metal rod appears to be silver in color and has a smooth surface. The person's hands are steady and precise as they work on the rod, indicating that they are skilled at this task.",T2V_data/label/vidgen_filter_gemini_part_0_dpo_12/mKBGclLOslE-Scene-0003/depth.mp4,T2V_data/label/vidgen_filter_gemini_part_0_dpo_12/mKBGclLOslE-Scene-0003/entity_60.png
T2V_data/VIDGEN-1M_unzip/mKBGclLOslE-Scene-0003.mp4,"The video shows a person's hands holding a metal rod and bending it into a circular shape. The person then uses their hands to manipulate the rod into a more complex shape. The background is white, and the person's hands are the only visible part of them. The metal rod appears to be silver in color and has a smooth surface. The person's hands are steady and precise as they work on the rod, indicating that they are skilled at this task.",T2V_data/label/vidgen_filter_gemini_part_0_dpo_12/mKBGclLOslE-Scene-0003/entity_60.mp4,T2V_data/label/vidgen_filter_gemini_part_0_dpo_12/mKBGclLOslE-Scene-0003/entity_60.png
T2V_data/VIDGEN-1M_unzip/mgr_A1LCX9I-Scene-0034.mp4,The video shows a wrestling match between two men in a ring. One man is wearing yellow boots and the other is wearing black boots. The man in yellow boots picks up the man in black boots and throws him down onto the mat. The man in black boots gets up and walks away from the man in yellow boots. The crowd is cheering in the background.,T2V_data/label/vidgen_filter_gemini_part_0_dpo_12/mgr_A1LCX9I-Scene-0034/depth.mp4,T2V_data/label/vidgen_filter_gemini_part_0_dpo_12/mgr_A1LCX9I-Scene-0034/entity_40.png
T2V_data/VIDGEN-1M_unzip/mgr_A1LCX9I-Scene-0034.mp4,The video shows a wrestling match between two men in a ring. One man is wearing yellow boots and the other is wearing black boots. The man in yellow boots picks up the man in black boots and throws him down onto the mat. The man in black boots gets up and walks away from the man in yellow boots. The crowd is cheering in the background.,T2V_data/label/vidgen_filter_gemini_part_0_dpo_12/mgr_A1LCX9I-Scene-0034/entity_40.mp4,T2V_data/label/vidgen_filter_gemini_part_0_dpo_12/mgr_A1LCX9I-Scene-0034/entity_40.png
T2V_data/VIDGEN-1M_unzip/n-_3-E8xc10-Scene-0022.mp4,"The video shows a close-up of a white electrical outlet with a clear plastic plug inserted into it. The plug is connected to a wire that is partially visible in the frame. The outlet is mounted on a wall, and there is a blurred object in the background. The lighting in the room is bright, and the colors are neutral.",T2V_data/label/vidgen_filter_gemini_part_0_dpo_12/n-_3-E8xc10-Scene-0022/depth.mp4,T2V_data/label/vidgen_filter_gemini_part_0_dpo_12/n-_3-E8xc10-Scene-0022/entity_20.png
T2V_data/VIDGEN-1M_unzip/n-_3-E8xc10-Scene-0022.mp4,"The video shows a close-up of a white electrical outlet with a clear plastic plug inserted into it. The plug is connected to a wire that is partially visible in the frame. The outlet is mounted on a wall, and there is a blurred object in the background. The lighting in the room is bright, and the colors are neutral.",T2V_data/label/vidgen_filter_gemini_part_0_dpo_12/n-_3-E8xc10-Scene-0022/entity_20.mp4,T2V_data/label/vidgen_filter_gemini_part_0_dpo_12/n-_3-E8xc10-Scene-0022/entity_20.png
T2V_data/VIDGEN-1M_unzip/nlz5XC_4cOQ-Scene-0040.mp4,"The video shows a young girl wearing a swimming cap and goggles swimming in a pool. She is seen swimming towards the edge of the pool and then resting her arms on the edge. The water is clear and blue, and the girl appears to be enjoying her time in the pool.",T2V_data/label/vidgen_filter_gemini_part_0_dpo_12/nlz5XC_4cOQ-Scene-0040/depth.mp4,T2V_data/label/vidgen_filter_gemini_part_0_dpo_12/nlz5XC_4cOQ-Scene-0040/entity_40.png
T2V_data/VIDGEN-1M_unzip/nlz5XC_4cOQ-Scene-0040.mp4,"The video shows a young girl wearing a swimming cap and goggles swimming in a pool. She is seen swimming towards the edge of the pool and then resting her arms on the edge. The water is clear and blue, and the girl appears to be enjoying her time in the pool.",T2V_data/label/vidgen_filter_gemini_part_0_dpo_12/nlz5XC_4cOQ-Scene-0040/entity_40.mp4,T2V_data/label/vidgen_filter_gemini_part_0_dpo_12/nlz5XC_4cOQ-Scene-0040/entity_40.png
T2V_data/VIDGEN-1M_unzip/nrw2DVQCtMs-Scene-0023.mp4,"In the video, a person is seen using a tool to carve a piece of wood. The person is wearing a watch on their left wrist and is using a hammer and chisel to shape the wood. The wood is placed on a workbench, and there are shavings of wood scattered around the work area. The person is focused on their task, and the video captures the process of wood carving in detail.",T2V_data/label/vidgen_filter_gemini_part_0_dpo_12/nrw2DVQCtMs-Scene-0023/depth.mp4,T2V_data/label/vidgen_filter_gemini_part_0_dpo_12/nrw2DVQCtMs-Scene-0023/entity_40.png
T2V_data/VIDGEN-1M_unzip/nrw2DVQCtMs-Scene-0023.mp4,"In the video, a person is seen using a tool to carve a piece of wood. The person is wearing a watch on their left wrist and is using a hammer and chisel to shape the wood. The wood is placed on a workbench, and there are shavings of wood scattered around the work area. The person is focused on their task, and the video captures the process of wood carving in detail.",T2V_data/label/vidgen_filter_gemini_part_0_dpo_12/nrw2DVQCtMs-Scene-0023/entity_40.mp4,T2V_data/label/vidgen_filter_gemini_part_0_dpo_12/nrw2DVQCtMs-Scene-0023/entity_40.png
T2V_data/VIDGEN-1M_unzip/pcklTNTYemM-Scene-0010.mp4,"The video shows a female soccer player in a black uniform with white stripes on the sleeves and a white logo on the chest. She is running on a soccer field with a soccer ball at her feet. The background is blurred, but there are trees and a building visible. The player is wearing black socks and cleats. The video is shot in slow motion, emphasizing the player's movements and the ball's trajectory.",T2V_data/label/vidgen_filter_gemini_part_0_dpo_12/pcklTNTYemM-Scene-0010/depth.mp4,T2V_data/label/vidgen_filter_gemini_part_0_dpo_12/pcklTNTYemM-Scene-0010/entity_20.png
T2V_data/VIDGEN-1M_unzip/pcklTNTYemM-Scene-0010.mp4,"The video shows a female soccer player in a black uniform with white stripes on the sleeves and a white logo on the chest. She is running on a soccer field with a soccer ball at her feet. The background is blurred, but there are trees and a building visible. The player is wearing black socks and cleats. The video is shot in slow motion, emphasizing the player's movements and the ball's trajectory.",T2V_data/label/vidgen_filter_gemini_part_0_dpo_12/pcklTNTYemM-Scene-0010/entity_20.mp4,T2V_data/label/vidgen_filter_gemini_part_0_dpo_12/pcklTNTYemM-Scene-0010/entity_20.png
T2V_data/VIDGEN-1M_unzip/qA9tN0gmVl4-Scene-0083.mp4,"In the video, a person is seen cooking food over an open fire. The fire is burning brightly, with flames visible in the background. The person is using a pan to cook the food, which appears to be some kind of meat or vegetable. The pan is placed directly over the fire, allowing the heat to cook the food evenly. The person is using a spatula to stir and turn the food, ensuring that it cooks thoroughly. The surrounding area is not visible, but the focus is on the cooking process and the fire. The sound of the fire crackling can be heard in the background, adding to the overall ambiance of the scene.",T2V_data/label/vidgen_filter_gemini_part_0_dpo_12/qA9tN0gmVl4-Scene-0083/depth.mp4,T2V_data/label/vidgen_filter_gemini_part_0_dpo_12/qA9tN0gmVl4-Scene-0083/entity_20.png
T2V_data/VIDGEN-1M_unzip/qA9tN0gmVl4-Scene-0083.mp4,"In the video, a person is seen cooking food over an open fire. The fire is burning brightly, with flames visible in the background. The person is using a pan to cook the food, which appears to be some kind of meat or vegetable. The pan is placed directly over the fire, allowing the heat to cook the food evenly. The person is using a spatula to stir and turn the food, ensuring that it cooks thoroughly. The surrounding area is not visible, but the focus is on the cooking process and the fire. The sound of the fire crackling can be heard in the background, adding to the overall ambiance of the scene.",T2V_data/label/vidgen_filter_gemini_part_0_dpo_12/qA9tN0gmVl4-Scene-0083/entity_20.mp4,T2V_data/label/vidgen_filter_gemini_part_0_dpo_12/qA9tN0gmVl4-Scene-0083/entity_20.png
T2V_data/VIDGEN-1M_unzip/qA9tN0gmVl4-Scene-0083.mp4,"In the video, a person is seen cooking food over an open fire. The fire is burning brightly, with flames visible in the background. The person is using a pan to cook the food, which appears to be some kind of meat or vegetable. The pan is placed directly over the fire, allowing the heat to cook the food evenly. The person is using a spatula to stir and turn the food, ensuring that it cooks thoroughly. The surrounding area is not visible, but the focus is on the cooking process and the fire. The sound of the fire crackling can be heard in the background, adding to the overall ambiance of the scene.",T2V_data/label/vidgen_filter_gemini_part_0_dpo_12/qA9tN0gmVl4-Scene-0083/depth.mp4,T2V_data/label/vidgen_filter_gemini_part_0_dpo_12/qA9tN0gmVl4-Scene-0083/entity_60.png
T2V_data/VIDGEN-1M_unzip/qA9tN0gmVl4-Scene-0083.mp4,"In the video, a person is seen cooking food over an open fire. The fire is burning brightly, with flames visible in the background. The person is using a pan to cook the food, which appears to be some kind of meat or vegetable. The pan is placed directly over the fire, allowing the heat to cook the food evenly. The person is using a spatula to stir and turn the food, ensuring that it cooks thoroughly. The surrounding area is not visible, but the focus is on the cooking process and the fire. The sound of the fire crackling can be heard in the background, adding to the overall ambiance of the scene.",T2V_data/label/vidgen_filter_gemini_part_0_dpo_12/qA9tN0gmVl4-Scene-0083/entity_60.mp4,T2V_data/label/vidgen_filter_gemini_part_0_dpo_12/qA9tN0gmVl4-Scene-0083/entity_60.png
T2V_data/VIDGEN-1M_unzip/rDNwy6-3hXM-Scene-0017.mp4,"In the video, we see a large metal pot on a stove. Inside the pot, there is a mixture of food being cooked. A person is using a large metal spoon to stir the mixture, ensuring that it cooks evenly. The food appears to be a type of stew or sauce, with chunks of meat and vegetables visible. The person stirs the mixture several times, occasionally lifting the spoon to check the consistency of the dish. The stove is lit, and we can see steam rising from the pot, indicating that the food is being cooked at a high temperature. The person's movements are deliberate and careful, suggesting that they are experienced in cooking this type of dish. Overall, the video provides a detailed look at the cooking process of a hearty, home-cooked meal.",T2V_data/label/vidgen_filter_gemini_part_0_dpo_12/rDNwy6-3hXM-Scene-0017/depth.mp4,T2V_data/label/vidgen_filter_gemini_part_0_dpo_12/rDNwy6-3hXM-Scene-0017/entity_60.png
T2V_data/VIDGEN-1M_unzip/rDNwy6-3hXM-Scene-0017.mp4,"In the video, we see a large metal pot on a stove. Inside the pot, there is a mixture of food being cooked. A person is using a large metal spoon to stir the mixture, ensuring that it cooks evenly. The food appears to be a type of stew or sauce, with chunks of meat and vegetables visible. The person stirs the mixture several times, occasionally lifting the spoon to check the consistency of the dish. The stove is lit, and we can see steam rising from the pot, indicating that the food is being cooked at a high temperature. The person's movements are deliberate and careful, suggesting that they are experienced in cooking this type of dish. Overall, the video provides a detailed look at the cooking process of a hearty, home-cooked meal.",T2V_data/label/vidgen_filter_gemini_part_0_dpo_12/rDNwy6-3hXM-Scene-0017/entity_60.mp4,T2V_data/label/vidgen_filter_gemini_part_0_dpo_12/rDNwy6-3hXM-Scene-0017/entity_60.png
T2V_data/VIDGEN-1M_unzip/rcgMtEfQZsY-Scene-0018.mp4,"In the video, a man is seen doing push-ups on a playground. He starts by lying on his stomach and then pushes himself up with his arms, supporting his body weight on his hands. He repeats this motion several times, showcasing his strength and endurance. The playground equipment in the background adds a colorful and playful atmosphere to the scene. The man's form is impressive, indicating that he is likely experienced in this type of exercise. Overall, the video captures a moment of physical activity and dedication to fitness.",T2V_data/label/vidgen_filter_gemini_part_0_dpo_12/rcgMtEfQZsY-Scene-0018/depth.mp4,T2V_data/label/vidgen_filter_gemini_part_0_dpo_12/rcgMtEfQZsY-Scene-0018/entity_20.png
T2V_data/VIDGEN-1M_unzip/rcgMtEfQZsY-Scene-0018.mp4,"In the video, a man is seen doing push-ups on a playground. He starts by lying on his stomach and then pushes himself up with his arms, supporting his body weight on his hands. He repeats this motion several times, showcasing his strength and endurance. The playground equipment in the background adds a colorful and playful atmosphere to the scene. The man's form is impressive, indicating that he is likely experienced in this type of exercise. Overall, the video captures a moment of physical activity and dedication to fitness.",T2V_data/label/vidgen_filter_gemini_part_0_dpo_12/rcgMtEfQZsY-Scene-0018/entity_20.mp4,T2V_data/label/vidgen_filter_gemini_part_0_dpo_12/rcgMtEfQZsY-Scene-0018/entity_20.png
T2V_data/VIDGEN-1M_unzip/rcgMtEfQZsY-Scene-0018.mp4,"In the video, a man is seen doing push-ups on a playground. He starts by lying on his stomach and then pushes himself up with his arms, supporting his body weight on his hands. He repeats this motion several times, showcasing his strength and endurance. The playground equipment in the background adds a colorful and playful atmosphere to the scene. The man's form is impressive, indicating that he is likely experienced in this type of exercise. Overall, the video captures a moment of physical activity and dedication to fitness.",T2V_data/label/vidgen_filter_gemini_part_0_dpo_12/rcgMtEfQZsY-Scene-0018/depth.mp4,T2V_data/label/vidgen_filter_gemini_part_0_dpo_12/rcgMtEfQZsY-Scene-0018/entity_40.png
T2V_data/VIDGEN-1M_unzip/rcgMtEfQZsY-Scene-0018.mp4,"In the video, a man is seen doing push-ups on a playground. He starts by lying on his stomach and then pushes himself up with his arms, supporting his body weight on his hands. He repeats this motion several times, showcasing his strength and endurance. The playground equipment in the background adds a colorful and playful atmosphere to the scene. The man's form is impressive, indicating that he is likely experienced in this type of exercise. Overall, the video captures a moment of physical activity and dedication to fitness.",T2V_data/label/vidgen_filter_gemini_part_0_dpo_12/rcgMtEfQZsY-Scene-0018/entity_40.mp4,T2V_data/label/vidgen_filter_gemini_part_0_dpo_12/rcgMtEfQZsY-Scene-0018/entity_40.png
T2V_data/VIDGEN-1M_unzip/sCpFHk9s2Yo-Scene-0059.mp4,"The video shows a CNC machine drilling holes into a wooden block. The machine has a metal drill bit and is moving up and down to create the holes. The wooden block is light brown in color and appears to be clamped down to a workbench. The drill bit is silver and is spinning rapidly as it drills into the wood. The video is shot from a close-up angle, focusing on the drilling process.",T2V_data/label/vidgen_filter_gemini_part_0_dpo_12/sCpFHk9s2Yo-Scene-0059/depth.mp4,T2V_data/label/vidgen_filter_gemini_part_0_dpo_12/sCpFHk9s2Yo-Scene-0059/entity_20.png
T2V_data/VIDGEN-1M_unzip/sCpFHk9s2Yo-Scene-0059.mp4,"The video shows a CNC machine drilling holes into a wooden block. The machine has a metal drill bit and is moving up and down to create the holes. The wooden block is light brown in color and appears to be clamped down to a workbench. The drill bit is silver and is spinning rapidly as it drills into the wood. The video is shot from a close-up angle, focusing on the drilling process.",T2V_data/label/vidgen_filter_gemini_part_0_dpo_12/sCpFHk9s2Yo-Scene-0059/entity_20.mp4,T2V_data/label/vidgen_filter_gemini_part_0_dpo_12/sCpFHk9s2Yo-Scene-0059/entity_20.png
T2V_data/VIDGEN-1M_unzip/soB_fC4cmyg-Scene-0417.mp4,This is an animated video of a little girl with blonde hair wearing a red hoodie and yellow shoes. She is holding a hammer in her hand and is seen walking towards a nail on the floor. She then proceeds to hit the nail with the hammer. The background of the video shows a wooden floor and a fireplace.,T2V_data/label/vidgen_filter_gemini_part_0_dpo_12/soB_fC4cmyg-Scene-0417/depth.mp4,T2V_data/label/vidgen_filter_gemini_part_0_dpo_12/soB_fC4cmyg-Scene-0417/entity_60.png
T2V_data/VIDGEN-1M_unzip/soB_fC4cmyg-Scene-0417.mp4,This is an animated video of a little girl with blonde hair wearing a red hoodie and yellow shoes. She is holding a hammer in her hand and is seen walking towards a nail on the floor. She then proceeds to hit the nail with the hammer. The background of the video shows a wooden floor and a fireplace.,T2V_data/label/vidgen_filter_gemini_part_0_dpo_12/soB_fC4cmyg-Scene-0417/entity_60.mp4,T2V_data/label/vidgen_filter_gemini_part_0_dpo_12/soB_fC4cmyg-Scene-0417/entity_60.png
T2V_data/VIDGEN-1M_unzip/tZ4SoMSg_-w-Scene-0040.mp4,The video shows a man in a black tracksuit and gray shoes dribbling a soccer ball on a green field. He is being defended by another man in a white shirt and black pants. The man in the black tracksuit performs a series of moves to get past the defender and then kicks the ball into the goal. The field has white lines marking the boundaries and the goal is white with a net. The sky is overcast and there are trees in the background.,T2V_data/label/vidgen_filter_gemini_part_0_dpo_12/tZ4SoMSg_-w-Scene-0040/depth.mp4,T2V_data/label/vidgen_filter_gemini_part_0_dpo_12/tZ4SoMSg_-w-Scene-0040/entity_20.png
T2V_data/VIDGEN-1M_unzip/tZ4SoMSg_-w-Scene-0040.mp4,The video shows a man in a black tracksuit and gray shoes dribbling a soccer ball on a green field. He is being defended by another man in a white shirt and black pants. The man in the black tracksuit performs a series of moves to get past the defender and then kicks the ball into the goal. The field has white lines marking the boundaries and the goal is white with a net. The sky is overcast and there are trees in the background.,T2V_data/label/vidgen_filter_gemini_part_0_dpo_12/tZ4SoMSg_-w-Scene-0040/entity_20.mp4,T2V_data/label/vidgen_filter_gemini_part_0_dpo_12/tZ4SoMSg_-w-Scene-0040/entity_20.png
T2V_data/VIDGEN-1M_unzip/xfjg3eQxlnw-Scene-0031.mp4,"The video shows a person using an orange and gray electric sander to smooth out the surface of a wooden block. The person is wearing a gray glove on their left hand and is holding the sander with their right hand. The wooden block is placed on a wooden surface, and the background shows a brick wall. The person moves the sander back and forth over the surface of the wood, creating a smooth finish.",T2V_data/label/vidgen_filter_gemini_part_0_dpo_12/xfjg3eQxlnw-Scene-0031/depth.mp4,T2V_data/label/vidgen_filter_gemini_part_0_dpo_12/xfjg3eQxlnw-Scene-0031/entity_60.png
T2V_data/VIDGEN-1M_unzip/xfjg3eQxlnw-Scene-0031.mp4,"The video shows a person using an orange and gray electric sander to smooth out the surface of a wooden block. The person is wearing a gray glove on their left hand and is holding the sander with their right hand. The wooden block is placed on a wooden surface, and the background shows a brick wall. The person moves the sander back and forth over the surface of the wood, creating a smooth finish.",T2V_data/label/vidgen_filter_gemini_part_0_dpo_12/xfjg3eQxlnw-Scene-0031/entity_60.mp4,T2V_data/label/vidgen_filter_gemini_part_0_dpo_12/xfjg3eQxlnw-Scene-0031/entity_60.png
