video,prompt,vace_video,vace_reference_image
T2V_data/VIDGEN-1M_unzip/--SjTRJyp4w-Scene-0096.mp4,"In the video, a person is seen cutting a piece of squid into slices on a wooden cutting board. The person uses a knife to make precise cuts, creating evenly sized pieces. The squid is white and appears to be fresh. The cutting board is brown and has a smooth surface. The person's hands are visible, and they are wearing a blue shirt. The background is blurred, but it appears to be a kitchen setting.",T2V_data/label/vidgen_filter_gemini_part_0_dpo_8/--SjTRJyp4w-Scene-0096/entity_40.mp4,T2V_data/label/vidgen_filter_gemini_part_0_dpo_8/--SjTRJyp4w-Scene-0096/aug_entity_40.png
T2V_data/VIDGEN-1M_unzip/-1jQ57cTK84-Scene-0038.mp4,"In the video, a man is seen working on a car engine. He is wearing a black shirt and black gloves, and is using a power drill to remove a part from the engine. The engine is black and appears to be in a garage or workshop setting. The man is focused on his task, and the video captures the sound of the drill as he works.",T2V_data/label/vidgen_filter_gemini_part_0_dpo_8/-1jQ57cTK84-Scene-0038/entity_20.mp4,T2V_data/label/vidgen_filter_gemini_part_0_dpo_8/-1jQ57cTK84-Scene-0038/aug_entity_20.png
T2V_data/VIDGEN-1M_unzip/-I2kRwAjdqc-Scene-0271.mp4,"In the video, a man and a woman are seen standing in a room. The woman is holding a bottle of hot sauce and appears to be talking to the camera. She then proceeds to squeeze some of the hot sauce onto the man's face, who reacts by wiping his face with his hand. The woman then laughs and continues to talk to the camera. The man is seen wearing a white t-shirt and a brown cap, while the woman has tattoos on her arms. The room they are in appears to be a living room with a couch and a wall in the background.",T2V_data/label/vidgen_filter_gemini_part_0_dpo_8/-I2kRwAjdqc-Scene-0271/entity_60.mp4,T2V_data/label/vidgen_filter_gemini_part_0_dpo_8/-I2kRwAjdqc-Scene-0271/aug_entity_60.png
T2V_data/VIDGEN-1M_unzip/-MwQr0q0X_I-Scene-0022.mp4,"In the video, a black cat is seen sitting on a wooden floor next to a white box. The cat is looking inside the box, which contains a toy mouse and a green toy. The cat then proceeds to play with the toy mouse, batting it around with its paws. The cat's movements are quick and playful, and it seems to be enjoying itself. The wooden floor provides a contrasting background to the black fur of the cat, making it stand out in the video. The white box and the colorful toys add to the visual appeal of the scene. Overall, the video captures a playful moment in the life of a cat, showcasing its natural instincts and curiosity.",T2V_data/label/vidgen_filter_gemini_part_0_dpo_8/-MwQr0q0X_I-Scene-0022/entity_20.mp4,T2V_data/label/vidgen_filter_gemini_part_0_dpo_8/-MwQr0q0X_I-Scene-0022/aug_entity_20.png
T2V_data/VIDGEN-1M_unzip/-SSm7X8IBnU-Scene-0101.mp4,"In the video, a group of people are seen standing around a large fish that is laying on a blue table. The fish is red and appears to be a type of seafood. The people are using a long metal tool to cut the fish into smaller pieces. The tool has a sharp blade on one end and a handle on the other. The people are working together to cut the fish, with one person holding the tool and another person holding the fish steady. The background is a red brick wall, and there is a green hose visible in the corner of the frame. The people are wearing casual clothing, and there is no visible title or subtitle in the video.",T2V_data/label/vidgen_filter_gemini_part_0_dpo_8/-SSm7X8IBnU-Scene-0101/entity_20.mp4,T2V_data/label/vidgen_filter_gemini_part_0_dpo_8/-SSm7X8IBnU-Scene-0101/aug_entity_20.png
T2V_data/VIDGEN-1M_unzip/-SoR1p9vJ7Y-Scene-0003.mp4,"The video shows a person's hand holding a piece of cottage cheese over a bowl of soup. The hand is then seen breaking the cottage cheese into smaller pieces and dropping them into the soup. The soup appears to be a tomato-based soup with visible chunks of vegetables. The hand is shown breaking the cottage cheese several times, with the pieces falling into the soup. The person's hand is visible throughout the video, and the focus is on the action of breaking the cottage cheese and adding it to the soup.",T2V_data/label/vidgen_filter_gemini_part_0_dpo_8/-SoR1p9vJ7Y-Scene-0003/entity_40.mp4,T2V_data/label/vidgen_filter_gemini_part_0_dpo_8/-SoR1p9vJ7Y-Scene-0003/aug_entity_40.png
T2V_data/VIDGEN-1M_unzip/-U66-bnWaVQ-Scene-0038.mp4,"The video shows a man skateboarding in an indoor skate park. He is wearing a black t-shirt and black pants, and has tattoos on his arms. The skateboard has a purple and white design on the bottom. The man performs a trick on a rail, where he jumps onto the rail with his skateboard and slides along it before landing back on the ground. The skate park has various ramps and rails, and there are other skateboards hanging on the wall in the background.",T2V_data/label/vidgen_filter_gemini_part_0_dpo_8/-U66-bnWaVQ-Scene-0038/entity_20.mp4,T2V_data/label/vidgen_filter_gemini_part_0_dpo_8/-U66-bnWaVQ-Scene-0038/aug_entity_20.png
T2V_data/VIDGEN-1M_unzip/07lZOmn1wkM-Scene-0002.mp4,"The video shows a close-up of a metal spoon scooping up pink ice cream from a container. The spoon is lifted, and the ice cream drips back into the container. The spoon is then lowered back into the container, and the process is repeated several times. The ice cream appears to be strawberry flavored, and the container is not visible in the frame. The spoon is silver and has a reflective surface.",T2V_data/label/vidgen_filter_gemini_part_0_dpo_8/07lZOmn1wkM-Scene-0002/entity_20.mp4,T2V_data/label/vidgen_filter_gemini_part_0_dpo_8/07lZOmn1wkM-Scene-0002/aug_entity_20.png
T2V_data/VIDGEN-1M_unzip/0S20pCzw-Uk-Scene-0077.mp4,"In the video, a man is seen skateboarding in a skate park. He is wearing a black shirt, black pants, and a black cap. The skateboarder is performing a trick where he jumps into the air and flips the skateboard under his feet before landing back on the ground. The skate park has various ramps and obstacles, and there are other people in the background watching the skateboarder. The sky is clear and blue, indicating that it is a sunny day.",T2V_data/label/vidgen_filter_gemini_part_0_dpo_8/0S20pCzw-Uk-Scene-0077/entity_20.mp4,T2V_data/label/vidgen_filter_gemini_part_0_dpo_8/0S20pCzw-Uk-Scene-0077/aug_entity_20.png
T2V_data/VIDGEN-1M_unzip/0S20pCzw-Uk-Scene-0077.mp4,"In the video, a man is seen skateboarding in a skate park. He is wearing a black shirt, black pants, and a black cap. The skateboarder is performing a trick where he jumps into the air and flips the skateboard under his feet before landing back on the ground. The skate park has various ramps and obstacles, and there are other people in the background watching the skateboarder. The sky is clear and blue, indicating that it is a sunny day.",T2V_data/label/vidgen_filter_gemini_part_0_dpo_8/0S20pCzw-Uk-Scene-0077/entity_40.mp4,T2V_data/label/vidgen_filter_gemini_part_0_dpo_8/0S20pCzw-Uk-Scene-0077/aug_entity_40.png
T2V_data/VIDGEN-1M_unzip/0kWTMe7bACM-Scene-0081.mp4,"The video shows a person wearing a plastic glove holding a clear plastic cup under a dispenser. The dispenser has a blue light that says ""PUSH"" and is attached to a metal machine. The person pushes down on the dispenser, and a clear liquid is poured into the cup. The machine has two red lights on either side of the dispenser.",T2V_data/label/vidgen_filter_gemini_part_0_dpo_8/0kWTMe7bACM-Scene-0081/entity_20.mp4,T2V_data/label/vidgen_filter_gemini_part_0_dpo_8/0kWTMe7bACM-Scene-0081/aug_entity_20.png
T2V_data/VIDGEN-1M_unzip/0ouIOMaJ01o-Scene-0308.mp4,"The video shows a close-up of a person's hand wearing a glove, holding a whisk attachment of a stand mixer. The whisk is spinning rapidly, causing the cream to swirl around in the bowl. The cream appears to be of a thick consistency and is a pale yellow color. The mixer is silver and appears to be made of stainless steel. The background is blurred, but it seems to be a kitchen setting.",T2V_data/label/vidgen_filter_gemini_part_0_dpo_8/0ouIOMaJ01o-Scene-0308/entity_40.mp4,T2V_data/label/vidgen_filter_gemini_part_0_dpo_8/0ouIOMaJ01o-Scene-0308/aug_entity_40.png
T2V_data/VIDGEN-1M_unzip/0x9eeGxDPNw-Scene-0034.mp4,"The video features a green tractor with yellow wheels, driving through a field at night. The tractor is equipped with a plow attachment, which is being used to till the soil. The sky is dark, and the tractor's headlights are on, illuminating the area in front of it. The field appears to be vast, and the soil is being turned over as the tractor moves forward.",T2V_data/label/vidgen_filter_gemini_part_0_dpo_8/0x9eeGxDPNw-Scene-0034/entity_20.mp4,T2V_data/label/vidgen_filter_gemini_part_0_dpo_8/0x9eeGxDPNw-Scene-0034/aug_entity_20.png
T2V_data/VIDGEN-1M_unzip/0x9eeGxDPNw-Scene-0034.mp4,"The video features a green tractor with yellow wheels, driving through a field at night. The tractor is equipped with a plow attachment, which is being used to till the soil. The sky is dark, and the tractor's headlights are on, illuminating the area in front of it. The field appears to be vast, and the soil is being turned over as the tractor moves forward.",T2V_data/label/vidgen_filter_gemini_part_0_dpo_8/0x9eeGxDPNw-Scene-0034/entity_40.mp4,T2V_data/label/vidgen_filter_gemini_part_0_dpo_8/0x9eeGxDPNw-Scene-0034/aug_entity_40.png
T2V_data/VIDGEN-1M_unzip/11hetJokcd0-Scene-0147.mp4,"In the video, a person is seen holding a piece of white paper and using a pair of scissors to cut it. The background is yellow, and there is a toy doll with colorful hair in the corner. The person cuts the paper into different shapes, including a square and a triangle. The scissors used are blue and silver.",T2V_data/label/vidgen_filter_gemini_part_0_dpo_8/11hetJokcd0-Scene-0147/entity_60.mp4,T2V_data/label/vidgen_filter_gemini_part_0_dpo_8/11hetJokcd0-Scene-0147/aug_entity_60.png
T2V_data/VIDGEN-1M_unzip/11hetJokcd0-Scene-0147.mp4,"In the video, a person is seen holding a piece of white paper and using a pair of scissors to cut it. The background is yellow, and there is a toy doll with colorful hair in the corner. The person cuts the paper into different shapes, including a square and a triangle. The scissors used are blue and silver.",T2V_data/label/vidgen_filter_gemini_part_0_dpo_8/11hetJokcd0-Scene-0147/entity_80.mp4,T2V_data/label/vidgen_filter_gemini_part_0_dpo_8/11hetJokcd0-Scene-0147/aug_entity_80.png
T2V_data/VIDGEN-1M_unzip/12RwfqvTMZk-Scene-0042.mp4,"In the video, a woman with long brown hair is standing in a workshop. She is wearing a striped shirt and glasses. The woman is holding a white bucket and pouring its contents into a white bowl that is placed on a table in front of her. The workshop has a brick wall in the background and various tools and equipment can be seen. The woman appears to be focused on the task at hand, carefully pouring the contents of the bucket into the bowl.",T2V_data/label/vidgen_filter_gemini_part_0_dpo_8/12RwfqvTMZk-Scene-0042/entity_60.mp4,T2V_data/label/vidgen_filter_gemini_part_0_dpo_8/12RwfqvTMZk-Scene-0042/aug_entity_60.png
T2V_data/VIDGEN-1M_unzip/15xYXpMcPvg-Scene-0016.mp4,"In the video, we see two men working on a construction project. They are both wearing safety vests and are standing on a wooden platform. The man on the left is holding a piece of wood and appears to be placing it on the platform. The man on the right is using a drill to secure the wood in place. There are several other pieces of wood and tools scattered around the platform. The men seem to be focused on their task and are working efficiently. The platform they are working on is made of brown wood, and the walls of the room are white. The lighting in the room is bright, making it easy to see the details of the work being done.",T2V_data/label/vidgen_filter_gemini_part_0_dpo_8/15xYXpMcPvg-Scene-0016/entity_40.mp4,T2V_data/label/vidgen_filter_gemini_part_0_dpo_8/15xYXpMcPvg-Scene-0016/aug_entity_40.png
T2V_data/VIDGEN-1M_unzip/16tcC-C2juo-Scene-0005.mp4,"The video features a person playing with toy cars on a wooden table. The person is seen moving the cars around and pushing them. The toy cars are of different colors and designs, including a green car, a blue car, a red car, and a white car. The person's hand is visible in the video, and they appear to be enjoying playing with the toys. The wooden table provides a smooth surface for the cars to move on. The video captures the playful and imaginative nature of the person interacting with the toy cars.",T2V_data/label/vidgen_filter_gemini_part_0_dpo_8/16tcC-C2juo-Scene-0005/entity_60.mp4,T2V_data/label/vidgen_filter_gemini_part_0_dpo_8/16tcC-C2juo-Scene-0005/aug_entity_60.png
T2V_data/VIDGEN-1M_unzip/1aP_Ezn8-3k-Scene-0034.mp4,"The video shows a person riding a motorcycle on a road. The rider is wearing a helmet and is seen from the front. The motorcycle is moving at a high speed, and the rider is leaning into a turn. The road is empty except for the rider, and there are no other vehicles or people visible in the video. The sky is clear and blue, indicating good weather conditions for riding. The rider's posture and the sound of the motorcycle suggest that the rider is experienced and confident in their abilities. The video does not contain any visible text or subtitles.",T2V_data/label/vidgen_filter_gemini_part_0_dpo_8/1aP_Ezn8-3k-Scene-0034/entity_40.mp4,T2V_data/label/vidgen_filter_gemini_part_0_dpo_8/1aP_Ezn8-3k-Scene-0034/aug_entity_40.png
T2V_data/VIDGEN-1M_unzip/1hoKaXhVAkc-Scene-0069.mp4,"In the video, a child is seen playing with a toy train set. The child is wearing a green shirt and is standing in front of a red couch. The train set includes a black bridge and a yellow and blue train. The child is seen placing the train on the tracks and moving it along the bridge. The child's hands are visible in the video, and they appear to be enjoying playing with the toy train set.",T2V_data/label/vidgen_filter_gemini_part_0_dpo_8/1hoKaXhVAkc-Scene-0069/entity_40.mp4,T2V_data/label/vidgen_filter_gemini_part_0_dpo_8/1hoKaXhVAkc-Scene-0069/aug_entity_40.png
T2V_data/VIDGEN-1M_unzip/1j9fu5M2VdM-Scene-0016.mp4,"The video shows a person's hands working on a wooden surface. They are holding a metal tube and a metal ring. The person places the ring onto the tube and then slides another metal ring onto the tube. They continue to slide the rings onto the tube, one after the other, until they have a stack of rings on the tube. The rings appear to be of different sizes and the tube is silver in color.",T2V_data/label/vidgen_filter_gemini_part_0_dpo_8/1j9fu5M2VdM-Scene-0016/entity_40.mp4,T2V_data/label/vidgen_filter_gemini_part_0_dpo_8/1j9fu5M2VdM-Scene-0016/aug_entity_40.png
T2V_data/VIDGEN-1M_unzip/1jtBn1F-zBY-Scene-0007.mp4,"In the video, a person is seen holding a cupcake in one hand and a piping bag in the other. The person proceeds to pipe frosting onto the cupcake in a circular motion, creating a rose-like design. The frosting appears to be of a light brown color, and the cupcake is held steady as the person works on the design. The background is a table with a white cloth that has pink hearts on it, and there is a knife visible on the table. The person's movements are precise and careful as they create the frosting design.",T2V_data/label/vidgen_filter_gemini_part_0_dpo_8/1jtBn1F-zBY-Scene-0007/entity_60.mp4,T2V_data/label/vidgen_filter_gemini_part_0_dpo_8/1jtBn1F-zBY-Scene-0007/aug_entity_60.png
T2V_data/VIDGEN-1M_unzip/1vvynB0etTE-Scene-0032.mp4,"The video shows a person's hands working on a craft project. The person is using a pair of pliers to bend a wire into a circular shape, which is then attached to a small, green, and yellow bead. The person's hands are steady as they manipulate the wire, and the background is a solid pink color.",T2V_data/label/vidgen_filter_gemini_part_0_dpo_8/1vvynB0etTE-Scene-0032/entity_80.mp4,T2V_data/label/vidgen_filter_gemini_part_0_dpo_8/1vvynB0etTE-Scene-0032/aug_entity_80.png
T2V_data/VIDGEN-1M_unzip/20gv9aO5EeQ-Scene-0004.mp4,"In the video, a person is seen raking leaves in a yard. The person is wearing black pants and green gloves. They are using a rake to gather the leaves into a pile. The leaves are brown and dry, and there are many of them scattered across the yard. The person is working methodically, moving the rake back and forth to collect the leaves. The yard appears to be well-maintained, with a neatly trimmed lawn visible in the background. The person's movements are steady and efficient, indicating that they are experienced in this task. The video captures the peaceful and satisfying nature of yard work, as the person methodically clears the leaves from the yard.",T2V_data/label/vidgen_filter_gemini_part_0_dpo_8/20gv9aO5EeQ-Scene-0004/entity_20.mp4,T2V_data/label/vidgen_filter_gemini_part_0_dpo_8/20gv9aO5EeQ-Scene-0004/aug_entity_20.png
T2V_data/VIDGEN-1M_unzip/2McDQu5UQpk-Scene-0009.mp4,"The video shows a person's hands holding a pair of blue jeans. The person is using a black tool to remove the stitches from the seam of the jeans. The tool is inserted into the seam and pushed through to remove the stitches. The person's hands are visible throughout the video, and the background is a plain light blue color.",T2V_data/label/vidgen_filter_gemini_part_0_dpo_8/2McDQu5UQpk-Scene-0009/entity_20.mp4,T2V_data/label/vidgen_filter_gemini_part_0_dpo_8/2McDQu5UQpk-Scene-0009/aug_entity_20.png
T2V_data/VIDGEN-1M_unzip/2O_5LV4XaRw-Scene-0008.mp4,"In the video, a person is seen holding a clear glass bottle with a white label on it. The person pours water from a clear plastic bottle into the glass bottle, filling it up. The person then shakes the glass bottle, causing the water inside to splash around. The background of the video is a white surface with a colorful, cosmic image.",T2V_data/label/vidgen_filter_gemini_part_0_dpo_8/2O_5LV4XaRw-Scene-0008/entity_60.mp4,T2V_data/label/vidgen_filter_gemini_part_0_dpo_8/2O_5LV4XaRw-Scene-0008/aug_entity_60.png
T2V_data/VIDGEN-1M_unzip/2U2zKkjaTnc-Scene-0030.mp4,"In the video, a person is seen kneading a piece of purple clay. The person's hands are visible, and they are using their fingers to press and fold the clay. The clay is placed on a white surface, and the person's movements are deliberate and focused. The clay appears to be soft and pliable, and the person seems to be creating a specific shape or form with it. The video is shot from a top-down perspective, allowing the viewer to see the entire process of the clay being kneaded.",T2V_data/label/vidgen_filter_gemini_part_0_dpo_8/2U2zKkjaTnc-Scene-0030/entity_40.mp4,T2V_data/label/vidgen_filter_gemini_part_0_dpo_8/2U2zKkjaTnc-Scene-0030/aug_entity_40.png
T2V_data/VIDGEN-1M_unzip/2U6BJeZbgII-Scene-0023.mp4,"The video shows a man performing a skateboard trick in a skate park. He is wearing a blue shirt and khaki shorts, and is seen in mid-air with his skateboard. The skateboard is yellow and black, and the man is holding it with his feet while performing the trick. The background shows a black brick wall and some greenery. The man successfully lands the trick and continues to ride his skateboard.",T2V_data/label/vidgen_filter_gemini_part_0_dpo_8/2U6BJeZbgII-Scene-0023/entity_40.mp4,T2V_data/label/vidgen_filter_gemini_part_0_dpo_8/2U6BJeZbgII-Scene-0023/aug_entity_40.png
T2V_data/VIDGEN-1M_unzip/2dmjcPkN51o-Scene-0157.mp4,"In the video, a person is seen sitting at a table with a large pile of squishy toys in front of them. The toys are in the shape of various animals and objects, and they are brightly colored. The person is using their hands to squish and play with the toys, making them make different noises. The camera focuses on the toys and the person's hands, capturing the details of the toys' textures and the person's movements.",T2V_data/label/vidgen_filter_gemini_part_0_dpo_8/2dmjcPkN51o-Scene-0157/entity_60.mp4,T2V_data/label/vidgen_filter_gemini_part_0_dpo_8/2dmjcPkN51o-Scene-0157/aug_entity_60.png
T2V_data/VIDGEN-1M_unzip/2j43mP2zGtM-Scene-0008.mp4,"The video shows a person using a shovel to dig into the ground. The shovel is made of metal and has a wooden handle. The person is wearing a black shirt and is standing on a dirt ground with leaves scattered around. The shovel is being pushed into the ground and lifted up, causing dirt to fall out of the hole. The person is repeating this action several times.",T2V_data/label/vidgen_filter_gemini_part_0_dpo_8/2j43mP2zGtM-Scene-0008/entity_20.mp4,T2V_data/label/vidgen_filter_gemini_part_0_dpo_8/2j43mP2zGtM-Scene-0008/aug_entity_20.png
T2V_data/VIDGEN-1M_unzip/2mDa0dQvIhM-Scene-0086.mp4,"In the video, a man and a woman are standing on an ice rink. The man is wearing a blue jacket and a cap, while the woman is wearing a pink coat. The man is holding a hockey stick and is instructing the woman on how to play hockey. The woman is holding a hockey stick and is trying to follow the man's instructions. The ice rink has orange cones set up, which the woman is trying to hit with the hockey stick. The man is giving her directions on how to hit the cones. The woman is focused on the cones and is trying to hit them with the hockey stick. The man is watching her and giving her feedback on her technique. The video captures the interaction between the man and the woman as they practice playing hockey.",T2V_data/label/vidgen_filter_gemini_part_0_dpo_8/2mDa0dQvIhM-Scene-0086/entity_20.mp4,T2V_data/label/vidgen_filter_gemini_part_0_dpo_8/2mDa0dQvIhM-Scene-0086/aug_entity_20.png
T2V_data/VIDGEN-1M_unzip/382p5WoPYhA-Scene-0032.mp4,"The video shows a man in a gym, dribbling a basketball and then shooting it into the hoop. The man is wearing a black shirt and shorts, with red shoes. The gym has a wooden floor and a red door. The man's movements are fluid and confident as he dribbles the ball and shoots it into the hoop. The video is shot from a side angle, capturing the man's full body as he moves. The lighting in the gym is bright, and the colors are vibrant.",T2V_data/label/vidgen_filter_gemini_part_0_dpo_8/382p5WoPYhA-Scene-0032/entity_20.mp4,T2V_data/label/vidgen_filter_gemini_part_0_dpo_8/382p5WoPYhA-Scene-0032/aug_entity_20.png
T2V_data/VIDGEN-1M_unzip/3Db5AU2EmO0-Scene-0007.mp4,"The video shows a person's hands as they work on a piece of dough. The hands are pressing down on the dough, which is placed on a flat surface. The person's hands move back and forth, applying pressure to the dough. The dough appears to be soft and pliable, and the person's hands are moving with precision and care. The background is blurred, but it seems to be a kitchen or a baking area.",T2V_data/label/vidgen_filter_gemini_part_0_dpo_8/3Db5AU2EmO0-Scene-0007/entity_40.mp4,T2V_data/label/vidgen_filter_gemini_part_0_dpo_8/3Db5AU2EmO0-Scene-0007/aug_entity_40.png
T2V_data/VIDGEN-1M_unzip/3E5Z6bimFjI-Scene-0022.mp4,"The video shows a person using a drill to make holes in a large orange pipe. The pipe is located on a rooftop, and the person is wearing a safety harness. The background shows a scenic view of trees and houses.",T2V_data/label/vidgen_filter_gemini_part_0_dpo_8/3E5Z6bimFjI-Scene-0022/entity_20.mp4,T2V_data/label/vidgen_filter_gemini_part_0_dpo_8/3E5Z6bimFjI-Scene-0022/aug_entity_20.png
T2V_data/VIDGEN-1M_unzip/3QrpZZQNv7w-Scene-0153.mp4,"In the video, there is a wrestling match taking place in a ring. One wrestler is holding the other wrestler upside down and is about to slam him down onto the mat. The wrestler being held is wearing black boots and black trunks, while the wrestler holding him is wearing brown boots and black trunks. The referee is standing outside the ring, watching the action closely. The crowd is cheering and watching the match intently. The wrestling ring is surrounded by ropes and there is a black mat on the floor. The wrestlers are both muscular and appear to be in good physical shape. The wrestler being held is struggling to escape the hold, but the wrestler holding him is too strong. The referee is ready to count the seconds if the wrestler being held does not escape the hold in time.",T2V_data/label/vidgen_filter_gemini_part_0_dpo_8/3QrpZZQNv7w-Scene-0153/entity_40.mp4,T2V_data/label/vidgen_filter_gemini_part_0_dpo_8/3QrpZZQNv7w-Scene-0153/aug_entity_40.png
T2V_data/VIDGEN-1M_unzip/3kPj0de2T8U-Scene-0035.mp4,"In the video, a man is seen standing on a green mat with a golf club in his hand. He is wearing a blue vest and black pants. The man is demonstrating how to hit a golf ball. He takes a few practice swings before hitting the ball. The video is shot in an indoor setting with a white wall in the background. The man appears to be speaking to the camera as he demonstrates the golf swing.",T2V_data/label/vidgen_filter_gemini_part_0_dpo_8/3kPj0de2T8U-Scene-0035/entity_20.mp4,T2V_data/label/vidgen_filter_gemini_part_0_dpo_8/3kPj0de2T8U-Scene-0035/aug_entity_20.png
T2V_data/VIDGEN-1M_unzip/3kUP6VzJ2Ok-Scene-0040.mp4,"In the video, a toddler is standing in front of a chalkboard, holding a piece of chalk in one hand and a chalkboard eraser in the other. The child is using the chalk to draw on the board, and then proceeds to erase the drawing with the eraser. The child repeats this process several times, drawing and erasing on the board. The chalkboard is positioned on an easel, and the child appears to be focused on the task at hand. The background of the video shows a bright and colorful play area with various toys and equipment. The child's movements are deliberate and careful, indicating a sense of curiosity and exploration. Overall, the video captures a moment of creativity and learning in a child's life.",T2V_data/label/vidgen_filter_gemini_part_0_dpo_8/3kUP6VzJ2Ok-Scene-0040/entity_20.mp4,T2V_data/label/vidgen_filter_gemini_part_0_dpo_8/3kUP6VzJ2Ok-Scene-0040/aug_entity_20.png
T2V_data/VIDGEN-1M_unzip/3wtdknHEgaY-Scene-0072.mp4,"In the video, a white dog with black spots is seen digging a hole in the grass. The dog has a red collar around its neck and is wearing a bell. The dog is using its front paws to move the dirt and is making a small mound of dirt as it digs. The grass is green and appears to be well-maintained. The dog seems to be enjoying itself as it digs.",T2V_data/label/vidgen_filter_gemini_part_0_dpo_8/3wtdknHEgaY-Scene-0072/entity_20.mp4,T2V_data/label/vidgen_filter_gemini_part_0_dpo_8/3wtdknHEgaY-Scene-0072/aug_entity_20.png
T2V_data/VIDGEN-1M_unzip/4GVp7uqEpJk-Scene-0023.mp4,"In the video, a person is seen pouring a substance from a bucket into a yellow container. The substance appears to be gravel, and the person is wearing a glove on one hand. The bucket is being tilted to pour the substance, and the yellow container is placed on the ground. The background is not clearly visible, but it seems to be an outdoor setting.",T2V_data/label/vidgen_filter_gemini_part_0_dpo_8/4GVp7uqEpJk-Scene-0023/entity_80.mp4,T2V_data/label/vidgen_filter_gemini_part_0_dpo_8/4GVp7uqEpJk-Scene-0023/aug_entity_80.png
T2V_data/VIDGEN-1M_unzip/4IRM0eEq77Q-Scene-0009.mp4,"In the video, a woman is standing in a restaurant and pouring a bottle of champagne into a wine glass. She is wearing a white apron with black writing on it and a black shirt underneath. The restaurant is dimly lit and there are other people sitting at tables in the background. The woman is smiling and appears to be enjoying herself.",T2V_data/label/vidgen_filter_gemini_part_0_dpo_8/4IRM0eEq77Q-Scene-0009/entity_20.mp4,T2V_data/label/vidgen_filter_gemini_part_0_dpo_8/4IRM0eEq77Q-Scene-0009/aug_entity_20.png
T2V_data/VIDGEN-1M_unzip/4L-qI9Hsdcs-Scene-0030.mp4,"The video shows a baseball player wearing a gray uniform with red accents and a red cap with a white ""W"" on it. The player is running on a green field and is seen catching a baseball with his gloved hand. He then proceeds to throw the ball with his right hand. The player's uniform has the number 34 on it. The video is a slow-motion replay of the player's actions.",T2V_data/label/vidgen_filter_gemini_part_0_dpo_8/4L-qI9Hsdcs-Scene-0030/entity_20.mp4,T2V_data/label/vidgen_filter_gemini_part_0_dpo_8/4L-qI9Hsdcs-Scene-0030/aug_entity_20.png
T2V_data/VIDGEN-1M_unzip/4QP12AeYt3E-Scene-0118.mp4,"In the video, a man is seen using a circular saw to cut a piece of wood. He is wearing a plaid shirt and protective gear, including earmuffs and safety glasses. The man is focused on his task, carefully guiding the saw through the wood. After completing the cut, he holds up the circular saw to the camera, showing it off. The man appears satisfied with his work, and the video captures the precision and skill involved in using a circular saw.",T2V_data/label/vidgen_filter_gemini_part_0_dpo_8/4QP12AeYt3E-Scene-0118/entity_40.mp4,T2V_data/label/vidgen_filter_gemini_part_0_dpo_8/4QP12AeYt3E-Scene-0118/aug_entity_40.png
T2V_data/VIDGEN-1M_unzip/4QP12AeYt3E-Scene-0118.mp4,"In the video, a man is seen using a circular saw to cut a piece of wood. He is wearing a plaid shirt and protective gear, including earmuffs and safety glasses. The man is focused on his task, carefully guiding the saw through the wood. After completing the cut, he holds up the circular saw to the camera, showing it off. The man appears satisfied with his work, and the video captures the precision and skill involved in using a circular saw.",T2V_data/label/vidgen_filter_gemini_part_0_dpo_8/4QP12AeYt3E-Scene-0118/entity_60.mp4,T2V_data/label/vidgen_filter_gemini_part_0_dpo_8/4QP12AeYt3E-Scene-0118/aug_entity_60.png
T2V_data/VIDGEN-1M_unzip/4QWvUdQYmlI-Scene-0055.mp4,"In the video, a man is seen working on a machine. He is using a wrench to turn a bolt on the machine. The man is wearing a black shirt and has grease on his hands, indicating that he has been working on the machine for some time. The machine appears to be made of metal and has several bolts and screws. The man is focused on his task and is turning the wrench with precision. The background is blurred, but it appears to be a workshop or garage.",T2V_data/label/vidgen_filter_gemini_part_0_dpo_8/4QWvUdQYmlI-Scene-0055/entity_60.mp4,T2V_data/label/vidgen_filter_gemini_part_0_dpo_8/4QWvUdQYmlI-Scene-0055/aug_entity_60.png
T2V_data/VIDGEN-1M_unzip/4Yh_tl1qw00-Scene-0135.mp4,"The video shows a man in a white shirt and black gloves crouching down behind a set of cricket stumps. He is holding a red cricket ball in his hand. The man then throws the ball towards the stumps, hitting them with the ball. The video is shot in slow motion, allowing viewers to see the details of the man's movements and the impact of the ball on the stumps. The background is a grassy field with a clear blue sky.",T2V_data/label/vidgen_filter_gemini_part_0_dpo_8/4Yh_tl1qw00-Scene-0135/entity_20.mp4,T2V_data/label/vidgen_filter_gemini_part_0_dpo_8/4Yh_tl1qw00-Scene-0135/aug_entity_20.png
T2V_data/VIDGEN-1M_unzip/4c4gus833J4-Scene-0056.mp4,"The video shows a person holding a fishing rod on a boat in the middle of the ocean. The person is wearing a black jacket and is holding a fishing line with a red and green lure attached to it. The fisherman is reeling in a large fish that is hooked on the lure. The fish is struggling to get free, but the person manages to keep it on the hook. The fish is grey and white in color and appears to be quite large. The ocean is calm with no other boats or land in sight.",T2V_data/label/vidgen_filter_gemini_part_0_dpo_8/4c4gus833J4-Scene-0056/entity_40.mp4,T2V_data/label/vidgen_filter_gemini_part_0_dpo_8/4c4gus833J4-Scene-0056/aug_entity_40.png
T2V_data/VIDGEN-1M_unzip/4gIt7O3agWw-Scene-0019.mp4,"In the video, a man is seen in a kitchen, holding a can of whipped cream in one hand and a knife in the other. He is attempting to open the can by cutting around the top. The man is wearing a red shirt and blue jeans. The kitchen counter is covered in flour. The man's actions are deliberate and focused on opening the can.",T2V_data/label/vidgen_filter_gemini_part_0_dpo_8/4gIt7O3agWw-Scene-0019/entity_20.mp4,T2V_data/label/vidgen_filter_gemini_part_0_dpo_8/4gIt7O3agWw-Scene-0019/aug_entity_20.png
T2V_data/VIDGEN-1M_unzip/4gIt7O3agWw-Scene-0019.mp4,"In the video, a man is seen in a kitchen, holding a can of whipped cream in one hand and a knife in the other. He is attempting to open the can by cutting around the top. The man is wearing a red shirt and blue jeans. The kitchen counter is covered in flour. The man's actions are deliberate and focused on opening the can.",T2V_data/label/vidgen_filter_gemini_part_0_dpo_8/4gIt7O3agWw-Scene-0019/entity_40.mp4,T2V_data/label/vidgen_filter_gemini_part_0_dpo_8/4gIt7O3agWw-Scene-0019/aug_entity_40.png
T2V_data/VIDGEN-1M_unzip/4htiSgX4IL0-Scene-0041.mp4,"In the video, there is a large metal structure that appears to be a building. The structure is made of metal and has a futuristic design. There is a large explosion happening in the background, with bright orange and yellow flames and smoke billowing out. The explosion seems to be happening in the center of the structure. There is a robot-like machine in the foreground, which is firing a large gun at the structure. The gun is emitting bright orange flames and sparks as it fires. The robot is stationary and appears to be controlled by someone off-screen. The background is dark and cloudy, suggesting that the explosion is taking place at night. There are no visible people or other objects in the video.",T2V_data/label/vidgen_filter_gemini_part_0_dpo_8/4htiSgX4IL0-Scene-0041/entity_20.mp4,T2V_data/label/vidgen_filter_gemini_part_0_dpo_8/4htiSgX4IL0-Scene-0041/aug_entity_20.png
T2V_data/VIDGEN-1M_unzip/4htiSgX4IL0-Scene-0041.mp4,"In the video, there is a large metal structure that appears to be a building. The structure is made of metal and has a futuristic design. There is a large explosion happening in the background, with bright orange and yellow flames and smoke billowing out. The explosion seems to be happening in the center of the structure. There is a robot-like machine in the foreground, which is firing a large gun at the structure. The gun is emitting bright orange flames and sparks as it fires. The robot is stationary and appears to be controlled by someone off-screen. The background is dark and cloudy, suggesting that the explosion is taking place at night. There are no visible people or other objects in the video.",T2V_data/label/vidgen_filter_gemini_part_0_dpo_8/4htiSgX4IL0-Scene-0041/entity_40.mp4,T2V_data/label/vidgen_filter_gemini_part_0_dpo_8/4htiSgX4IL0-Scene-0041/aug_entity_40.png
T2V_data/VIDGEN-1M_unzip/500KrBbG8nQ-Scene-0048.mp4,The video shows a person climbing an indoor rock climbing wall. The climber is wearing a gray shirt and black pants. The wall is covered in various colored holds and the climber is seen reaching for and stepping on them to make their way up. The climber successfully reaches the top of the wall and then jumps down onto a padded floor. The video captures the climber's movements and the climbing environment.,T2V_data/label/vidgen_filter_gemini_part_0_dpo_8/500KrBbG8nQ-Scene-0048/entity_20.mp4,T2V_data/label/vidgen_filter_gemini_part_0_dpo_8/500KrBbG8nQ-Scene-0048/aug_entity_20.png
T2V_data/VIDGEN-1M_unzip/51patj8tNV0-Scene-0057.mp4,"The video shows two men in a ring engaged in a mixed martial arts fight. One man is wearing blue shorts and the other is wearing gray shorts. The man in blue shorts is seen throwing a punch at the man in gray shorts, who then falls to the ground. The man in blue shorts proceeds to mount the man in gray shorts and begins to punch him. The man in gray shorts attempts to defend himself by grabbing the man in blue shorts' leg. The man in blue shorts then manages to get on top of the man in gray shorts and pins him to the ground. The man in gray shorts tries to break free, but the man in blue shorts maintains his position on top. The video ends with the man in blue shorts continuing to punch the man in gray shorts.",T2V_data/label/vidgen_filter_gemini_part_0_dpo_8/51patj8tNV0-Scene-0057/entity_20.mp4,T2V_data/label/vidgen_filter_gemini_part_0_dpo_8/51patj8tNV0-Scene-0057/aug_entity_20.png
T2V_data/VIDGEN-1M_unzip/5AU4u1PSf-I-Scene-0020.mp4,"The video shows a close-up of a cupcake with a layer of white icing on top. A knife is used to cut through the icing, revealing the cupcake underneath. The cupcake is decorated with a string of pearls around the base. The background is a wooden surface.",T2V_data/label/vidgen_filter_gemini_part_0_dpo_8/5AU4u1PSf-I-Scene-0020/entity_60.mp4,T2V_data/label/vidgen_filter_gemini_part_0_dpo_8/5AU4u1PSf-I-Scene-0020/aug_entity_60.png
T2V_data/VIDGEN-1M_unzip/5DRlbEyFNco-Scene-0024.mp4,"In the video, a person is seen holding a bowl filled with beans and pouring them into a strainer in a sink. The person then shakes the strainer to remove excess water from the beans. The sink is made of stainless steel and the strainer is also made of metal. The beans are a light brown color and appear to be kidney beans. The person's hands are visible as they hold the bowl and strainer, and they are wearing a striped shirt.",T2V_data/label/vidgen_filter_gemini_part_0_dpo_8/5DRlbEyFNco-Scene-0024/entity_40.mp4,T2V_data/label/vidgen_filter_gemini_part_0_dpo_8/5DRlbEyFNco-Scene-0024/aug_entity_40.png
T2V_data/VIDGEN-1M_unzip/5EuCfF5lOdA-Scene-0044.mp4,"In the video, a man is seen sitting in the driver's seat of a car. He is wearing a white shirt and blue jeans. The man is trying to open the car door, but it seems to be stuck. He then gets out of the car and opens the door from the outside. The car appears to be parked on the side of the road. The man seems to be alone, and there are no other people or objects in the immediate vicinity. The weather is clear, and it appears to be daytime. The car is a sedan, and the color of the car is not clearly visible. The man's actions suggest that he may have encountered a problem with the car door.",T2V_data/label/vidgen_filter_gemini_part_0_dpo_8/5EuCfF5lOdA-Scene-0044/entity_40.mp4,T2V_data/label/vidgen_filter_gemini_part_0_dpo_8/5EuCfF5lOdA-Scene-0044/aug_entity_40.png
T2V_data/VIDGEN-1M_unzip/5RkhwKH7crw-Scene-0027.mp4,The video shows a football game in progress. A player wearing a red and white uniform is running with the ball and is tackled by a player in a black and gray uniform. The player in red and white falls to the ground and then gets up and continues running with the ball. The player in black and gray is also seen on the ground. The video is shot from a distance and is a close-up of the action.,T2V_data/label/vidgen_filter_gemini_part_0_dpo_8/5RkhwKH7crw-Scene-0027/entity_20.mp4,T2V_data/label/vidgen_filter_gemini_part_0_dpo_8/5RkhwKH7crw-Scene-0027/aug_entity_20.png
T2V_data/VIDGEN-1M_unzip/5Tod7CMy5WY-Scene-0084.mp4,The video shows a person using a lighter to start a fire. The person is holding the lighter in their right hand and is using it to ignite a pile of dry grass and leaves. The fire is small and is just starting to catch on. The person is wearing a black glove on their left hand and is holding a stick in their right hand. The background is a natural setting with trees and rocks.,T2V_data/label/vidgen_filter_gemini_part_0_dpo_8/5Tod7CMy5WY-Scene-0084/entity_20.mp4,T2V_data/label/vidgen_filter_gemini_part_0_dpo_8/5Tod7CMy5WY-Scene-0084/aug_entity_20.png
T2V_data/VIDGEN-1M_unzip/5Tod7CMy5WY-Scene-0084.mp4,The video shows a person using a lighter to start a fire. The person is holding the lighter in their right hand and is using it to ignite a pile of dry grass and leaves. The fire is small and is just starting to catch on. The person is wearing a black glove on their left hand and is holding a stick in their right hand. The background is a natural setting with trees and rocks.,T2V_data/label/vidgen_filter_gemini_part_0_dpo_8/5Tod7CMy5WY-Scene-0084/entity_60.mp4,T2V_data/label/vidgen_filter_gemini_part_0_dpo_8/5Tod7CMy5WY-Scene-0084/aug_entity_60.png
T2V_data/VIDGEN-1M_unzip/5VEkBlOZ2FU-Scene-0002.mp4,"The video shows a white car that has crashed into a billboard. The car is severely damaged, with the front end crumpled and the hood crushed. The billboard is also damaged, with visible tears and debris scattered around the area. A group of people, including police officers, are standing around the scene, examining the damage. The scene is illuminated by the flashing lights of the police car and other emergency vehicles in the background.",T2V_data/label/vidgen_filter_gemini_part_0_dpo_8/5VEkBlOZ2FU-Scene-0002/entity_20.mp4,T2V_data/label/vidgen_filter_gemini_part_0_dpo_8/5VEkBlOZ2FU-Scene-0002/aug_entity_20.png
T2V_data/VIDGEN-1M_unzip/5VEkBlOZ2FU-Scene-0002.mp4,"The video shows a white car that has crashed into a billboard. The car is severely damaged, with the front end crumpled and the hood crushed. The billboard is also damaged, with visible tears and debris scattered around the area. A group of people, including police officers, are standing around the scene, examining the damage. The scene is illuminated by the flashing lights of the police car and other emergency vehicles in the background.",T2V_data/label/vidgen_filter_gemini_part_0_dpo_8/5VEkBlOZ2FU-Scene-0002/entity_40.mp4,T2V_data/label/vidgen_filter_gemini_part_0_dpo_8/5VEkBlOZ2FU-Scene-0002/aug_entity_40.png
T2V_data/VIDGEN-1M_unzip/5Yi2Z3Cv_Q4-Scene-0011.mp4,"The video shows a person riding a four-wheeler through a rocky terrain. The four-wheeler is black and yellow in color and is equipped with a winch. The person is wearing a helmet and is holding onto the handlebars. The terrain is rocky and uneven, with large boulders and rocks scattered around. The person maneuvers the four-wheeler skillfully through the rocks, using the winch to pull the vehicle over obstacles. The video captures the thrill and adventure of off-road riding.",T2V_data/label/vidgen_filter_gemini_part_0_dpo_8/5Yi2Z3Cv_Q4-Scene-0011/entity_20.mp4,T2V_data/label/vidgen_filter_gemini_part_0_dpo_8/5Yi2Z3Cv_Q4-Scene-0011/aug_entity_20.png
T2V_data/VIDGEN-1M_unzip/5nrWaH0SosY-Scene-0049.mp4,"In the video, a woman is seen holding a small kangaroo in her arms. The kangaroo is wearing a purple cloth on its back. The woman is standing in front of a metal gate, and she is using a key to unlock the gate. As she unlocks the gate, the kangaroo looks around curiously. The woman then opens the gate, and the kangaroo jumps out of her arms and runs through the open gate. The video ends with the kangaroo running away.",T2V_data/label/vidgen_filter_gemini_part_0_dpo_8/5nrWaH0SosY-Scene-0049/entity_40.mp4,T2V_data/label/vidgen_filter_gemini_part_0_dpo_8/5nrWaH0SosY-Scene-0049/aug_entity_40.png
T2V_data/VIDGEN-1M_unzip/5zyssx9vfHs-Scene-0018.mp4,"In the video, a man is seen doing push-ups on a wooden deck. He is wearing white shorts and no shirt. The man is in a plank position with his arms extended and then bends his elbows to lower his body towards the ground. He then pushes back up to the starting position. The wooden deck appears to be in good condition, and there are no other objects or people visible in the video. The man's form is good, and he seems to be performing the exercise with ease. The video is shot from a side angle, and the man is the only focus of the video.",T2V_data/label/vidgen_filter_gemini_part_0_dpo_8/5zyssx9vfHs-Scene-0018/entity_20.mp4,T2V_data/label/vidgen_filter_gemini_part_0_dpo_8/5zyssx9vfHs-Scene-0018/aug_entity_20.png
T2V_data/VIDGEN-1M_unzip/62DSSy5guMc-Scene-0005.mp4,"In the video, a man is seen holding a drumstick and speaking to the camera. He then proceeds to hit the drumstick against the camera. The man is bald and wearing a blue shirt. The background is dark and indistinct.",T2V_data/label/vidgen_filter_gemini_part_0_dpo_8/62DSSy5guMc-Scene-0005/entity_20.mp4,T2V_data/label/vidgen_filter_gemini_part_0_dpo_8/62DSSy5guMc-Scene-0005/aug_entity_20.png
T2V_data/VIDGEN-1M_unzip/6TNwCtTOhSg-Scene-0115.mp4,"In the video, a man is seen holding a stick in his hand. He is standing in a room that appears to be cluttered with boxes. The man is shirtless and seems to be speaking to the camera. He then proceeds to hit a box with the stick. The room has a white wall and a window. The boxes are of various sizes and are stacked on top of each other. The man appears to be in a hurry and is moving quickly. The stick he is holding is long and appears to be made of wood. The video is shot in a vertical format and the quality is clear.",T2V_data/label/vidgen_filter_gemini_part_0_dpo_8/6TNwCtTOhSg-Scene-0115/entity_40.mp4,T2V_data/label/vidgen_filter_gemini_part_0_dpo_8/6TNwCtTOhSg-Scene-0115/aug_entity_40.png
T2V_data/VIDGEN-1M_unzip/6c9zRZO1zuI-Scene-0061.mp4,"In the video, a person is seen using a red and white angle grinder to cut through a piece of metal. The person is wearing a blue shirt and is standing in front of a red toolbox. The angle grinder is being used to cut through a metal piece that is clamped down to a workbench. As the person operates the grinder, sparks fly out from the point of contact between the grinder and the metal. The video captures the action from a close-up angle, focusing on the person's hands and the grinder.",T2V_data/label/vidgen_filter_gemini_part_0_dpo_8/6c9zRZO1zuI-Scene-0061/entity_60.mp4,T2V_data/label/vidgen_filter_gemini_part_0_dpo_8/6c9zRZO1zuI-Scene-0061/aug_entity_60.png
T2V_data/VIDGEN-1M_unzip/6ejzm66G-Ak-Scene-0011.mp4,"The video shows a man skateboarding at night. He is seen performing tricks on a railing, jumping off it, and continuing to skateboard on the ground. The man is wearing a white shirt, red shoes, and a green cap. The video is shot in a dark area with streetlights and buildings visible in the background.",T2V_data/label/vidgen_filter_gemini_part_0_dpo_8/6ejzm66G-Ak-Scene-0011/entity_20.mp4,T2V_data/label/vidgen_filter_gemini_part_0_dpo_8/6ejzm66G-Ak-Scene-0011/aug_entity_20.png
T2V_data/VIDGEN-1M_unzip/6q8d1_zkDOY-Scene-0078.mp4,"The video shows a young child climbing a wooden playground structure. The child is wearing a white t-shirt and camouflage shorts, and red shoes. The structure has wooden planks and chains hanging from the sides. The child is holding onto the chains and climbing up the structure. The background shows trees and a blue sky.",T2V_data/label/vidgen_filter_gemini_part_0_dpo_8/6q8d1_zkDOY-Scene-0078/entity_20.mp4,T2V_data/label/vidgen_filter_gemini_part_0_dpo_8/6q8d1_zkDOY-Scene-0078/aug_entity_20.png
T2V_data/VIDGEN-1M_unzip/6q8d1_zkDOY-Scene-0078.mp4,"The video shows a young child climbing a wooden playground structure. The child is wearing a white t-shirt and camouflage shorts, and red shoes. The structure has wooden planks and chains hanging from the sides. The child is holding onto the chains and climbing up the structure. The background shows trees and a blue sky.",T2V_data/label/vidgen_filter_gemini_part_0_dpo_8/6q8d1_zkDOY-Scene-0078/entity_40.mp4,T2V_data/label/vidgen_filter_gemini_part_0_dpo_8/6q8d1_zkDOY-Scene-0078/aug_entity_40.png
T2V_data/VIDGEN-1M_unzip/6qHzHwcgbeg-Scene-0034.mp4,"The video shows a person's hands holding a ball of dough. The person is using their thumb to press down on the dough, creating an indentation. The dough is beige in color and appears to be soft and pliable. The person's hands are steady, and they seem to be experienced in handling the dough. The background is blurred, but it appears to be a kitchen counter.",T2V_data/label/vidgen_filter_gemini_part_0_dpo_8/6qHzHwcgbeg-Scene-0034/entity_40.mp4,T2V_data/label/vidgen_filter_gemini_part_0_dpo_8/6qHzHwcgbeg-Scene-0034/aug_entity_40.png
T2V_data/VIDGEN-1M_unzip/6uGZNTzCr-c-Scene-0018.mp4,"The video shows a fighter jet flying in the sky, performing various maneuvers. The jet is grey in color and has a pointed nose and wings with missiles attached. The sky is blue with white clouds, and the ground below is covered in a grid-like pattern of fields and roads. The jet is seen flying upside down, sideways, and straight ahead, showcasing its agility and speed.",T2V_data/label/vidgen_filter_gemini_part_0_dpo_8/6uGZNTzCr-c-Scene-0018/entity_20.mp4,T2V_data/label/vidgen_filter_gemini_part_0_dpo_8/6uGZNTzCr-c-Scene-0018/aug_entity_20.png
T2V_data/VIDGEN-1M_unzip/78nBiyOP7Zw-Scene-0027.mp4,"The video features a close-up view of a knife with a black handle and a sharp blade. The blade is being held by a person's hand, which is visible in the frame. The person is using their thumb to push the blade out of the handle, demonstrating the knife's opening mechanism. The background is a solid blue color, providing a clear contrast to the black knife. The person's hand is steady, and the blade moves smoothly out of the handle. The video is shot in high-definition, allowing for clear visibility of the knife's details.",T2V_data/label/vidgen_filter_gemini_part_0_dpo_8/78nBiyOP7Zw-Scene-0027/entity_20.mp4,T2V_data/label/vidgen_filter_gemini_part_0_dpo_8/78nBiyOP7Zw-Scene-0027/aug_entity_20.png
T2V_data/VIDGEN-1M_unzip/79PUk7zEL44-Scene-0050.mp4,"In the video, a person is seen inserting a key into the lock of a car door. The key is turned, and the door is unlocked. The person then removes the key from the lock.",T2V_data/label/vidgen_filter_gemini_part_0_dpo_8/79PUk7zEL44-Scene-0050/entity_40.mp4,T2V_data/label/vidgen_filter_gemini_part_0_dpo_8/79PUk7zEL44-Scene-0050/aug_entity_40.png
T2V_data/VIDGEN-1M_unzip/7EQQ5ErK5iI-Scene-0134.mp4,"The video shows a blue inflatable pool in a backyard. A hose is attached to the pool, and water is being sprayed out of it. The water is being sprayed in an arc, and it is splashing onto the grass. The pool is surrounded by a wooden fence, and there is a yellow and red inflatable toy on the grass. The sky is clear and blue, and the sun is shining brightly.",T2V_data/label/vidgen_filter_gemini_part_0_dpo_8/7EQQ5ErK5iI-Scene-0134/entity_40.mp4,T2V_data/label/vidgen_filter_gemini_part_0_dpo_8/7EQQ5ErK5iI-Scene-0134/aug_entity_40.png
T2V_data/VIDGEN-1M_unzip/7GncPX2aOW0-Scene-0071.mp4,"In the video, a person is seen using a green ruler to measure a piece of fabric. The fabric is then folded in half and the person uses a pair of scissors to cut it. The person's hands are visible, but their face is not shown. The background is a blue cutting mat with grid lines.",T2V_data/label/vidgen_filter_gemini_part_0_dpo_8/7GncPX2aOW0-Scene-0071/entity_80.mp4,T2V_data/label/vidgen_filter_gemini_part_0_dpo_8/7GncPX2aOW0-Scene-0071/aug_entity_80.png
T2V_data/VIDGEN-1M_unzip/7RROAJFV8DI-Scene-0035.mp4,"In the video, a female tennis player is seen running towards the ball and hitting it with her racket. She is wearing a pink dress and a white visor. The background shows a crowd of people watching the game. The player appears to be focused and determined as she hits the ball.",T2V_data/label/vidgen_filter_gemini_part_0_dpo_8/7RROAJFV8DI-Scene-0035/entity_20.mp4,T2V_data/label/vidgen_filter_gemini_part_0_dpo_8/7RROAJFV8DI-Scene-0035/aug_entity_20.png
T2V_data/VIDGEN-1M_unzip/7T2vCKKYO-w-Scene-0024.mp4,"The video shows a close-up of a person's hand holding a black and silver gear shift knob. The person is using a screwdriver to adjust the position of the gear shift. The gear shift is located in the center console of a car, and the person's hand is visible as they make the adjustments. The screwdriver has a gold-colored handle and a silver shaft. The gear shift knob has a black base with a silver top and a white arrow pointing to the left. The person's hand is steady as they make the adjustments, and the video focuses on the action of the gear shift being moved.",T2V_data/label/vidgen_filter_gemini_part_0_dpo_8/7T2vCKKYO-w-Scene-0024/entity_40.mp4,T2V_data/label/vidgen_filter_gemini_part_0_dpo_8/7T2vCKKYO-w-Scene-0024/aug_entity_40.png
T2V_data/VIDGEN-1M_unzip/7T2vCKKYO-w-Scene-0024.mp4,"The video shows a close-up of a person's hand holding a black and silver gear shift knob. The person is using a screwdriver to adjust the position of the gear shift. The gear shift is located in the center console of a car, and the person's hand is visible as they make the adjustments. The screwdriver has a gold-colored handle and a silver shaft. The gear shift knob has a black base with a silver top and a white arrow pointing to the left. The person's hand is steady as they make the adjustments, and the video focuses on the action of the gear shift being moved.",T2V_data/label/vidgen_filter_gemini_part_0_dpo_8/7T2vCKKYO-w-Scene-0024/entity_60.mp4,T2V_data/label/vidgen_filter_gemini_part_0_dpo_8/7T2vCKKYO-w-Scene-0024/aug_entity_60.png
T2V_data/VIDGEN-1M_unzip/7ehDvyFKcu8-Scene-0032.mp4,"The video shows a person's hand using a knife to chop a green jalapeno pepper on a cutting board. The pepper is cut into small pieces, and the knife is shown picking up the pieces.",T2V_data/label/vidgen_filter_gemini_part_0_dpo_8/7ehDvyFKcu8-Scene-0032/entity_20.mp4,T2V_data/label/vidgen_filter_gemini_part_0_dpo_8/7ehDvyFKcu8-Scene-0032/aug_entity_20.png
T2V_data/VIDGEN-1M_unzip/7j_ObccS0J8-Scene-0026.mp4,"In the video, a person is seen using a piece of wax paper to cover a tray of pink candy. The person is pressing down on the wax paper to ensure that it is flat and even. The tray is rectangular in shape and appears to be made of metal. The candy is a vibrant pink color and is piled up in the tray. The person's hands are visible as they press down on the wax paper, and they are wearing a white shirt. The background is a plain white surface, and there are no other objects or people visible in the video.",T2V_data/label/vidgen_filter_gemini_part_0_dpo_8/7j_ObccS0J8-Scene-0026/entity_40.mp4,T2V_data/label/vidgen_filter_gemini_part_0_dpo_8/7j_ObccS0J8-Scene-0026/aug_entity_40.png
T2V_data/VIDGEN-1M_unzip/7j_ObccS0J8-Scene-0026.mp4,"In the video, a person is seen using a piece of wax paper to cover a tray of pink candy. The person is pressing down on the wax paper to ensure that it is flat and even. The tray is rectangular in shape and appears to be made of metal. The candy is a vibrant pink color and is piled up in the tray. The person's hands are visible as they press down on the wax paper, and they are wearing a white shirt. The background is a plain white surface, and there are no other objects or people visible in the video.",T2V_data/label/vidgen_filter_gemini_part_0_dpo_8/7j_ObccS0J8-Scene-0026/entity_60.mp4,T2V_data/label/vidgen_filter_gemini_part_0_dpo_8/7j_ObccS0J8-Scene-0026/aug_entity_60.png
T2V_data/VIDGEN-1M_unzip/86oT_maHFIk-Scene-0021.mp4,The video features a football player wearing a green and white uniform with the number 4 on his jersey. He is seen holding a football and then kicking it with his right foot. The player is on a football field with a blue and white color scheme. The video captures the player's movements and the trajectory of the football as it is kicked.,T2V_data/label/vidgen_filter_gemini_part_0_dpo_8/86oT_maHFIk-Scene-0021/entity_20.mp4,T2V_data/label/vidgen_filter_gemini_part_0_dpo_8/86oT_maHFIk-Scene-0021/aug_entity_20.png
T2V_data/VIDGEN-1M_unzip/8Xp3A467LtE-Scene-0026.mp4,"The video shows a conveyor belt with several rows of grass growing on it. The grass is green and appears to be healthy. The conveyor belt is moving the grass along, and there is a green machine above it. The machine is likely used for trimming or cutting the grass. The video does not show any people or other objects.",T2V_data/label/vidgen_filter_gemini_part_0_dpo_8/8Xp3A467LtE-Scene-0026/entity_40.mp4,T2V_data/label/vidgen_filter_gemini_part_0_dpo_8/8Xp3A467LtE-Scene-0026/aug_entity_40.png
T2V_data/VIDGEN-1M_unzip/8t-67YHdQlc-Scene-0024.mp4,"In the video, a person is seen riding a bicycle down a road. The camera is positioned behind the cyclist, capturing the view of the road ahead. The cyclist is wearing a black outfit and is riding a black bicycle. The road is lined with trees and there are no other vehicles or people in sight. The sky is overcast, and the road appears to be in good condition. The cyclist is moving at a steady pace, and the camera angle remains constant throughout the video.",T2V_data/label/vidgen_filter_gemini_part_0_dpo_8/8t-67YHdQlc-Scene-0024/entity_80.mp4,T2V_data/label/vidgen_filter_gemini_part_0_dpo_8/8t-67YHdQlc-Scene-0024/aug_entity_80.png
T2V_data/VIDGEN-1M_unzip/8zd3o7DiNk8-Scene-0012.mp4,The video shows a dog walking on a dirt road. The dog is carrying a large rock in its mouth and walking towards the camera. The dog is brown and white and has a fluffy tail. The rock is dark gray and appears to be heavy as the dog is struggling to carry it. The dog is walking on all fours and appears to be in a rural area with no other animals or people visible in the video.,T2V_data/label/vidgen_filter_gemini_part_0_dpo_8/8zd3o7DiNk8-Scene-0012/entity_20.mp4,T2V_data/label/vidgen_filter_gemini_part_0_dpo_8/8zd3o7DiNk8-Scene-0012/aug_entity_20.png
T2V_data/VIDGEN-1M_unzip/9TWl7QFTZ3M-Scene-0058.mp4,"In the video, a person is seen pouring a yellow liquid from a pot into a strainer. The liquid is being poured carefully to avoid spilling any of it. The strainer is placed on a blue surface, and the liquid is being collected in a bowl underneath the strainer. The person's hands are visible, and they are holding the pot with one hand and the strainer with the other. The liquid appears to be of a thick consistency, and it is being poured in a steady stream. The background is not visible, and the focus is on the pouring action.",T2V_data/label/vidgen_filter_gemini_part_0_dpo_8/9TWl7QFTZ3M-Scene-0058/entity_60.mp4,T2V_data/label/vidgen_filter_gemini_part_0_dpo_8/9TWl7QFTZ3M-Scene-0058/aug_entity_60.png
T2V_data/VIDGEN-1M_unzip/9_xJ7SQiikc-Scene-0058.mp4,"In the video, a person is holding a small green lizard in their hand. The person is using a pair of tweezers to remove a worm from the lizard's mouth. The lizard appears to be calm and cooperative during the process. The background is blurred, but it seems to be an outdoor setting with some foliage visible. The person's hands are steady as they carefully remove the worm, which is wriggling slightly. The tweezers are silver and appear to be made of metal. The lizard's skin is smooth and has a shiny green color. The worm is long and slender, with a light brown color. The video ends with the person successfully removing the worm from the lizard's mouth.",T2V_data/label/vidgen_filter_gemini_part_0_dpo_8/9_xJ7SQiikc-Scene-0058/entity_100.mp4,T2V_data/label/vidgen_filter_gemini_part_0_dpo_8/9_xJ7SQiikc-Scene-0058/aug_entity_100.png
T2V_data/VIDGEN-1M_unzip/A9_mFX_-wak-Scene-0187.mp4,"The video shows an airplane landing on a runway. The sun is setting in the background, casting a warm orange glow over the scene. The airplane is large and white, with its landing gear extended and touching the ground. The runway is surrounded by a flat landscape with no visible buildings or other structures. The video is shot from a side angle, capturing the plane as it approaches and touches down on the runway.",T2V_data/label/vidgen_filter_gemini_part_0_dpo_8/A9_mFX_-wak-Scene-0187/entity_20.mp4,T2V_data/label/vidgen_filter_gemini_part_0_dpo_8/A9_mFX_-wak-Scene-0187/aug_entity_20.png
T2V_data/VIDGEN-1M_unzip/AAUPp4oNlkI-Scene-0040.mp4,"The video shows a person in a space suit working on a spacecraft. The person is wearing a white suit with a helmet and is holding a tool. They are working on a piece of equipment that is attached to the spacecraft. The background is mostly white with some wires and tubes visible. The person appears to be focused on their task, carefully manipulating the tool to complete the work.",T2V_data/label/vidgen_filter_gemini_part_0_dpo_8/AAUPp4oNlkI-Scene-0040/entity_40.mp4,T2V_data/label/vidgen_filter_gemini_part_0_dpo_8/AAUPp4oNlkI-Scene-0040/aug_entity_40.png
T2V_data/VIDGEN-1M_unzip/AIHQ-3eNw4g-Scene-0046.mp4,"In the video, a man is seen working on a car's brake system. He is holding a brake pad in his hand and is demonstrating how to install it onto the brake caliper. The man is wearing a red shirt and is standing in front of a red car. He is using a tool to secure the brake pad onto the caliper. The video is shot in a well-lit garage, and the man's actions are clear and easy to follow.",T2V_data/label/vidgen_filter_gemini_part_0_dpo_8/AIHQ-3eNw4g-Scene-0046/entity_40.mp4,T2V_data/label/vidgen_filter_gemini_part_0_dpo_8/AIHQ-3eNw4g-Scene-0046/aug_entity_40.png
T2V_data/VIDGEN-1M_unzip/AIv4mO98l4A-Scene-0010.mp4,"In the video, a man is seen using a jigsaw to cut a piece of wood. He is wearing an orange shirt and sunglasses. The man is standing on a wooden deck, and there is a wooden fence visible in the background. The jigsaw is blue and black, and the man is using it to cut along a line on the wood. The video shows the man in various stages of the cutting process, with close-up shots of the jigsaw in action.",T2V_data/label/vidgen_filter_gemini_part_0_dpo_8/AIv4mO98l4A-Scene-0010/entity_20.mp4,T2V_data/label/vidgen_filter_gemini_part_0_dpo_8/AIv4mO98l4A-Scene-0010/aug_entity_20.png
T2V_data/VIDGEN-1M_unzip/ATmj1k_CI_I-Scene-0057.mp4,"In the video, a man is seen standing in a forest, holding a bow and arrow. He is wearing a camouflage outfit and appears to be preparing to shoot an arrow. The man is standing next to a tree and is pointing to a branch on the tree. He seems to be explaining something about the tree or the branch. The forest is dense with trees and foliage, and the lighting suggests that it is daytime. The man's actions and the surrounding environment suggest that he is engaged in some form of hunting or target practice.",T2V_data/label/vidgen_filter_gemini_part_0_dpo_8/ATmj1k_CI_I-Scene-0057/entity_60.mp4,T2V_data/label/vidgen_filter_gemini_part_0_dpo_8/ATmj1k_CI_I-Scene-0057/aug_entity_60.png
T2V_data/VIDGEN-1M_unzip/Ae_tQs0UJRk-Scene-0017.mp4,"In the video, a person is seen placing slices of apples into a pot of liquid. The person's hand is visible as they carefully place each slice into the pot. The pot is black and sits on a wooden surface, possibly a table or countertop. The liquid in the pot appears to be a light-colored sauce or syrup, and the apples are cut into thin slices. The person's hand moves with precision as they arrange the apples in the pot. The video does not contain any audio or text.",T2V_data/label/vidgen_filter_gemini_part_0_dpo_8/Ae_tQs0UJRk-Scene-0017/entity_60.mp4,T2V_data/label/vidgen_filter_gemini_part_0_dpo_8/Ae_tQs0UJRk-Scene-0017/aug_entity_60.png
T2V_data/VIDGEN-1M_unzip/Alz9xP5Vlko-Scene-0066.mp4,"In the video, a person is seen holding a pair of earphones with a red cord. The person is using a pair of scissors to cut the cord. The scissors are black and silver in color. The person cuts the cord in a straight line, and then they use a black tape to tape the cut cord. The background is white, and the person's hand is visible in the video.",T2V_data/label/vidgen_filter_gemini_part_0_dpo_8/Alz9xP5Vlko-Scene-0066/entity_40.mp4,T2V_data/label/vidgen_filter_gemini_part_0_dpo_8/Alz9xP5Vlko-Scene-0066/aug_entity_40.png
T2V_data/VIDGEN-1M_unzip/B5w7Yy8duTE-Scene-0063.mp4,"The video shows a person using a machine to sharpen a knife. The person is wearing gloves and holding the knife with one hand while the other hand operates the machine. The machine has a bright green belt that the knife is being sharpened against. As the knife is sharpened, sparks fly off the blade. The background is a workshop setting with various tools and equipment visible.",T2V_data/label/vidgen_filter_gemini_part_0_dpo_8/B5w7Yy8duTE-Scene-0063/entity_40.mp4,T2V_data/label/vidgen_filter_gemini_part_0_dpo_8/B5w7Yy8duTE-Scene-0063/aug_entity_40.png
T2V_data/VIDGEN-1M_unzip/BQO-jiscHG4-Scene-0007.mp4,"In the video, a man is seen riding a bull in a rodeo arena. The man is wearing a helmet and a vest, and he is holding onto the bull's harness with one hand. The bull is bucking wildly, and the man is trying to stay on top of it. The arena is surrounded by a metal fence, and there are people watching from the sidelines. The man eventually falls off the bull, and the bull continues to buck around the arena. The video captures the intensity and danger of rodeo sports.",T2V_data/label/vidgen_filter_gemini_part_0_dpo_8/BQO-jiscHG4-Scene-0007/entity_20.mp4,T2V_data/label/vidgen_filter_gemini_part_0_dpo_8/BQO-jiscHG4-Scene-0007/aug_entity_20.png
T2V_data/VIDGEN-1M_unzip/BQO-jiscHG4-Scene-0007.mp4,"In the video, a man is seen riding a bull in a rodeo arena. The man is wearing a helmet and a vest, and he is holding onto the bull's harness with one hand. The bull is bucking wildly, and the man is trying to stay on top of it. The arena is surrounded by a metal fence, and there are people watching from the sidelines. The man eventually falls off the bull, and the bull continues to buck around the arena. The video captures the intensity and danger of rodeo sports.",T2V_data/label/vidgen_filter_gemini_part_0_dpo_8/BQO-jiscHG4-Scene-0007/entity_40.mp4,T2V_data/label/vidgen_filter_gemini_part_0_dpo_8/BQO-jiscHG4-Scene-0007/aug_entity_40.png
T2V_data/VIDGEN-1M_unzip/BVkGvkFsmjI-Scene-0099.mp4,"The video shows a mixed martial arts fight between two men in a ring. One man is on top of the other, trying to punch him. The man on the bottom is trying to defend himself and get out of the hold. The man on top is wearing black shorts, while the man on the bottom is wearing white shorts. The ring has a red border and the floor is gray with black and white markings.",T2V_data/label/vidgen_filter_gemini_part_0_dpo_8/BVkGvkFsmjI-Scene-0099/entity_20.mp4,T2V_data/label/vidgen_filter_gemini_part_0_dpo_8/BVkGvkFsmjI-Scene-0099/aug_entity_20.png
T2V_data/VIDGEN-1M_unzip/BbQLzNksCWQ-Scene-0080.mp4,"The video shows a first-person view from inside the cockpit of a fighter jet. The jet is flying over a mountainous landscape. The heads-up display (HUD) shows various information such as altitude, speed, and targeting reticles. The jet is seen firing missiles at a target, which is a small aircraft. The missiles are guided by the HUD and successfully hit the target, causing an explosion. The video ends with the jet flying away from the target.",T2V_data/label/vidgen_filter_gemini_part_0_dpo_8/BbQLzNksCWQ-Scene-0080/entity_20.mp4,T2V_data/label/vidgen_filter_gemini_part_0_dpo_8/BbQLzNksCWQ-Scene-0080/aug_entity_20.png
T2V_data/VIDGEN-1M_unzip/Brxs31nc26A-Scene-0061.mp4,"The video shows a person's hands using a loom to create a pink and blue bracelet. The loom has several pegs, and the person is weaving pink rubber bands around them. The person's hands are visible, and they are using a hook to weave the bands. The bracelet is in the process of being made, and the person is adding more pink bands to the loom.",T2V_data/label/vidgen_filter_gemini_part_0_dpo_8/Brxs31nc26A-Scene-0061/entity_40.mp4,T2V_data/label/vidgen_filter_gemini_part_0_dpo_8/Brxs31nc26A-Scene-0061/aug_entity_40.png
T2V_data/VIDGEN-1M_unzip/Bx1cL5U5h9E-Scene-0006.mp4,"In the video, a person is seen cooking ground beef in a pan. The pan is placed on a stove, and the person is holding a package of ground beef. The person then pours the ground beef into the pan and spreads it evenly. The ground beef is cooked until it is brown and crispy. The person then takes the cooked ground beef out of the pan and places it on a plate. The video shows the process of cooking ground beef in a pan, from pouring it into the pan to taking it out once it is cooked.",T2V_data/label/vidgen_filter_gemini_part_0_dpo_8/Bx1cL5U5h9E-Scene-0006/entity_60.mp4,T2V_data/label/vidgen_filter_gemini_part_0_dpo_8/Bx1cL5U5h9E-Scene-0006/aug_entity_60.png
T2V_data/VIDGEN-1M_unzip/BzTFPS6MFFU-Scene-0063.mp4,"In the video, a person is cooking tomatoes in a wok over an open flame. The tomatoes are cut into small pieces and are being stirred and flipped with a spatula. The wok is placed over a fire, and the tomatoes are being cooked until they are soft and juicy. The person cooking is wearing a black shirt and is using a wooden spatula to stir the tomatoes. The tomatoes are bright red and appear to be cooked to perfection. The flame under the wok is visible, and the tomatoes are sizzling as they cook. The person is continuously stirring the tomatoes to ensure they are cooked evenly. The background is dark, and the focus is on the wok and the tomatoes being cooked.",T2V_data/label/vidgen_filter_gemini_part_0_dpo_8/BzTFPS6MFFU-Scene-0063/entity_20.mp4,T2V_data/label/vidgen_filter_gemini_part_0_dpo_8/BzTFPS6MFFU-Scene-0063/aug_entity_20.png
T2V_data/VIDGEN-1M_unzip/BzTFPS6MFFU-Scene-0063.mp4,"In the video, a person is cooking tomatoes in a wok over an open flame. The tomatoes are cut into small pieces and are being stirred and flipped with a spatula. The wok is placed over a fire, and the tomatoes are being cooked until they are soft and juicy. The person cooking is wearing a black shirt and is using a wooden spatula to stir the tomatoes. The tomatoes are bright red and appear to be cooked to perfection. The flame under the wok is visible, and the tomatoes are sizzling as they cook. The person is continuously stirring the tomatoes to ensure they are cooked evenly. The background is dark, and the focus is on the wok and the tomatoes being cooked.",T2V_data/label/vidgen_filter_gemini_part_0_dpo_8/BzTFPS6MFFU-Scene-0063/entity_60.mp4,T2V_data/label/vidgen_filter_gemini_part_0_dpo_8/BzTFPS6MFFU-Scene-0063/aug_entity_60.png
T2V_data/VIDGEN-1M_unzip/C0M5tUQSaps-Scene-0098.mp4,"In this video, we see a close-up of a pressure gauge with a needle pointing to the number 30. The gauge is attached to a piece of equipment, and a person wearing blue gloves is holding a wrench and turning it. The person is adjusting the pressure on the gauge, and the needle moves up and down as they turn the wrench. The background is blurred, but it appears to be an outdoor setting.",T2V_data/label/vidgen_filter_gemini_part_0_dpo_8/C0M5tUQSaps-Scene-0098/entity_40.mp4,T2V_data/label/vidgen_filter_gemini_part_0_dpo_8/C0M5tUQSaps-Scene-0098/aug_entity_40.png
T2V_data/VIDGEN-1M_unzip/C8oaQFUdAqo-Scene-0011.mp4,"The video shows a close-up of a metal cube being heated by a torch. The cube is placed on a metal rod that is inserted into a metal container. The torch is being held by a person whose hand is visible in the frame. The flame from the torch is directed at the metal cube, causing it to glow red hot. The background is dark, and the focus is on the metal cube and the torch.",T2V_data/label/vidgen_filter_gemini_part_0_dpo_8/C8oaQFUdAqo-Scene-0011/entity_20.mp4,T2V_data/label/vidgen_filter_gemini_part_0_dpo_8/C8oaQFUdAqo-Scene-0011/aug_entity_20.png
T2V_data/VIDGEN-1M_unzip/CJcM1VWZBV4-Scene-0098.mp4,"The video shows a man wakeboarding on a lake. He is wearing a helmet and a life jacket, and is holding onto a rope that is attached to a boat. The man is seen performing various tricks, such as jumping and spinning in the air. The water is clear and blue, and the surrounding landscape includes trees and grass. The man appears to be skilled and confident in his movements.",T2V_data/label/vidgen_filter_gemini_part_0_dpo_8/CJcM1VWZBV4-Scene-0098/entity_20.mp4,T2V_data/label/vidgen_filter_gemini_part_0_dpo_8/CJcM1VWZBV4-Scene-0098/aug_entity_20.png
T2V_data/VIDGEN-1M_unzip/CMVYy0MBJKI-Scene-0101.mp4,"In the video, a woman is seen riding a horse inside a barn. The woman is wearing a black outfit and a helmet for safety. The horse is black and is walking around the barn. The barn has wooden walls and a dirt floor. There are some obstacles in the barn, including a green tub and a wooden ramp. The woman and the horse seem to be practicing their riding skills.",T2V_data/label/vidgen_filter_gemini_part_0_dpo_8/CMVYy0MBJKI-Scene-0101/entity_20.mp4,T2V_data/label/vidgen_filter_gemini_part_0_dpo_8/CMVYy0MBJKI-Scene-0101/aug_entity_20.png
T2V_data/VIDGEN-1M_unzip/CMVYy0MBJKI-Scene-0101.mp4,"In the video, a woman is seen riding a horse inside a barn. The woman is wearing a black outfit and a helmet for safety. The horse is black and is walking around the barn. The barn has wooden walls and a dirt floor. There are some obstacles in the barn, including a green tub and a wooden ramp. The woman and the horse seem to be practicing their riding skills.",T2V_data/label/vidgen_filter_gemini_part_0_dpo_8/CMVYy0MBJKI-Scene-0101/entity_40.mp4,T2V_data/label/vidgen_filter_gemini_part_0_dpo_8/CMVYy0MBJKI-Scene-0101/aug_entity_40.png
T2V_data/VIDGEN-1M_unzip/CmwPMQAWNKk-Scene-0101.mp4,"In the video, a person is seen holding a donut in their hand. The donut appears to be glazed and has a hole in the center. The person is using a knife to cut into the donut, and as they do so, the knife is seen cutting through the glaze and into the donut itself. The person continues to cut the donut into smaller pieces, and as they do so, the glaze on the donut is visibly sticking to the knife. The background of the video is not clearly visible, but it appears to be a kitchen or a bakery setting.",T2V_data/label/vidgen_filter_gemini_part_0_dpo_8/CmwPMQAWNKk-Scene-0101/entity_20.mp4,T2V_data/label/vidgen_filter_gemini_part_0_dpo_8/CmwPMQAWNKk-Scene-0101/aug_entity_20.png
T2V_data/VIDGEN-1M_unzip/CnaGWnvH_Bk-Scene-0036.mp4,"The video shows a tennis player in a yellow shirt and white shorts playing a match on a blue court. The player is seen serving the ball and then hitting it back and forth with his opponent. The crowd is visible in the background, and the score is displayed on the screen.",T2V_data/label/vidgen_filter_gemini_part_0_dpo_8/CnaGWnvH_Bk-Scene-0036/entity_20.mp4,T2V_data/label/vidgen_filter_gemini_part_0_dpo_8/CnaGWnvH_Bk-Scene-0036/aug_entity_20.png
T2V_data/VIDGEN-1M_unzip/CoQS54fIM6E-Scene-0002.mp4,"In the video, a person is seen wearing blue gloves and holding a blender. The blender is being used to mix a yellow liquid in a measuring cup. The person is standing in front of a stove, and the blender is being used to mix the liquid thoroughly. The person's movements are steady and precise, ensuring that the liquid is well-mixed. The stove in the background is not in use, and there are no other objects or people visible in the video. The focus is solely on the blending process, and the person's actions are deliberate and careful. The video provides a clear view of the blending process, with the yellow liquid becoming more homogenous as the blender is used.",T2V_data/label/vidgen_filter_gemini_part_0_dpo_8/CoQS54fIM6E-Scene-0002/entity_80.mp4,T2V_data/label/vidgen_filter_gemini_part_0_dpo_8/CoQS54fIM6E-Scene-0002/aug_entity_80.png
T2V_data/VIDGEN-1M_unzip/CsVqJL-qP_U-Scene-0022.mp4,"In the video, a person is seen holding a watermelon and scooping out the insides with a spoon. The watermelon is then placed on a table, and the person continues to scoop out the insides. The person's actions are deliberate and careful, ensuring that all of the watermelon's flesh is removed. The watermelon is green on the outside and red on the inside, with black seeds scattered throughout. The table on which the watermelon is placed has a floral pattern, and there is a white bowl visible in the background. The person's movements are smooth and precise, indicating experience with this task.",T2V_data/label/vidgen_filter_gemini_part_0_dpo_8/CsVqJL-qP_U-Scene-0022/entity_40.mp4,T2V_data/label/vidgen_filter_gemini_part_0_dpo_8/CsVqJL-qP_U-Scene-0022/aug_entity_40.png
T2V_data/VIDGEN-1M_unzip/Cumf7bXPKSs-Scene-0003.mp4,"In the video, a person is seen holding an avocado in their left hand and a knife in their right hand. The person is standing in front of a wooden cutting board and a clear glass bowl. The person then proceeds to cut the avocado in half with the knife.",T2V_data/label/vidgen_filter_gemini_part_0_dpo_8/Cumf7bXPKSs-Scene-0003/entity_40.mp4,T2V_data/label/vidgen_filter_gemini_part_0_dpo_8/Cumf7bXPKSs-Scene-0003/aug_entity_40.png
T2V_data/VIDGEN-1M_unzip/DU4REwRvoHk-Scene-0014.mp4,"In the video, a woman is seen standing in a kitchen, cutting potatoes on a cutting board. She is wearing a black shirt and has long brown hair. The cutting board is purple and brown and is placed on a black countertop. The woman is using a large knife to cut the potatoes into small pieces. The kitchen has white cabinets and a silver sink in the background.",T2V_data/label/vidgen_filter_gemini_part_0_dpo_8/DU4REwRvoHk-Scene-0014/entity_20.mp4,T2V_data/label/vidgen_filter_gemini_part_0_dpo_8/DU4REwRvoHk-Scene-0014/aug_entity_20.png
T2V_data/VIDGEN-1M_unzip/DVwn6RqPb6Q-Scene-0012.mp4,"The video shows a person using a tool to mix a purple substance in a plastic container. The tool is a cylindrical object with a handle, and the person is pressing it down into the substance, causing it to mix and spread out. The substance appears to be some kind of liquid or gel, and the container is clear, allowing the viewer to see the mixing process. The person's hand is visible, and they are wearing a ring on their finger. The background is not visible, focusing the viewer's attention on the mixing process.",T2V_data/label/vidgen_filter_gemini_part_0_dpo_8/DVwn6RqPb6Q-Scene-0012/entity_60.mp4,T2V_data/label/vidgen_filter_gemini_part_0_dpo_8/DVwn6RqPb6Q-Scene-0012/aug_entity_60.png
T2V_data/VIDGEN-1M_unzip/DW48omARujM-Scene-0024.mp4,"The video shows a mixed martial arts match between two fighters in a cage. One fighter is on top of the other, and the referee is standing over them. The fighter on top is punching the other fighter in the head, and the referee is trying to stop the fight. The cage has advertisements on it, and there are spectators in the background.",T2V_data/label/vidgen_filter_gemini_part_0_dpo_8/DW48omARujM-Scene-0024/entity_20.mp4,T2V_data/label/vidgen_filter_gemini_part_0_dpo_8/DW48omARujM-Scene-0024/aug_entity_20.png
T2V_data/VIDGEN-1M_unzip/DW48omARujM-Scene-0024.mp4,"The video shows a mixed martial arts match between two fighters in a cage. One fighter is on top of the other, and the referee is standing over them. The fighter on top is punching the other fighter in the head, and the referee is trying to stop the fight. The cage has advertisements on it, and there are spectators in the background.",T2V_data/label/vidgen_filter_gemini_part_0_dpo_8/DW48omARujM-Scene-0024/entity_40.mp4,T2V_data/label/vidgen_filter_gemini_part_0_dpo_8/DW48omARujM-Scene-0024/aug_entity_40.png
T2V_data/VIDGEN-1M_unzip/DZ7VuFZHFRU-Scene-0084.mp4,"In the video, a man is seen wearing boxing gloves and punching a punching bag. The man is wearing a white shirt and black shorts. The punching bag is red and is being held by another person. The man is throwing punches with both hands, and the bag is being moved around by the person holding it. The background is a gym with other punching bags visible.",T2V_data/label/vidgen_filter_gemini_part_0_dpo_8/DZ7VuFZHFRU-Scene-0084/entity_60.mp4,T2V_data/label/vidgen_filter_gemini_part_0_dpo_8/DZ7VuFZHFRU-Scene-0084/aug_entity_60.png
T2V_data/VIDGEN-1M_unzip/DZ7VuFZHFRU-Scene-0084.mp4,"In the video, a man is seen wearing boxing gloves and punching a punching bag. The man is wearing a white shirt and black shorts. The punching bag is red and is being held by another person. The man is throwing punches with both hands, and the bag is being moved around by the person holding it. The background is a gym with other punching bags visible.",T2V_data/label/vidgen_filter_gemini_part_0_dpo_8/DZ7VuFZHFRU-Scene-0084/entity_80.mp4,T2V_data/label/vidgen_filter_gemini_part_0_dpo_8/DZ7VuFZHFRU-Scene-0084/aug_entity_80.png
T2V_data/VIDGEN-1M_unzip/D_TIMCGM-RU-Scene-0001.mp4,"The video shows a man in a red shirt and black pants standing on a golf course. He is holding a golf club and is preparing to hit a golf ball. The man takes a swing and hits the ball. The video is shot in slow motion, allowing viewers to see the details of the man's swing and the trajectory of the ball. The background shows a clear blue sky and lush green trees.",T2V_data/label/vidgen_filter_gemini_part_0_dpo_8/D_TIMCGM-RU-Scene-0001/entity_20.mp4,T2V_data/label/vidgen_filter_gemini_part_0_dpo_8/D_TIMCGM-RU-Scene-0001/aug_entity_20.png
T2V_data/VIDGEN-1M_unzip/Db0HWOo7hec-Scene-0049.mp4,"In the video, a person is seen using a machine to mix a clear liquid. The machine has a large glass container on top of it, which is filled with the clear liquid. The person is adjusting the settings on the machine, which is causing the liquid to swirl around inside the container. The machine appears to be a scientific instrument, possibly used for chemical experiments or mixing solutions. The person's hands are visible, and they seem to be wearing a white lab coat, indicating that they may be a scientist or a lab technician. The background is blurred, but it appears to be a laboratory setting.",T2V_data/label/vidgen_filter_gemini_part_0_dpo_8/Db0HWOo7hec-Scene-0049/entity_40.mp4,T2V_data/label/vidgen_filter_gemini_part_0_dpo_8/Db0HWOo7hec-Scene-0049/aug_entity_40.png
T2V_data/VIDGEN-1M_unzip/Db0HWOo7hec-Scene-0049.mp4,"In the video, a person is seen using a machine to mix a clear liquid. The machine has a large glass container on top of it, which is filled with the clear liquid. The person is adjusting the settings on the machine, which is causing the liquid to swirl around inside the container. The machine appears to be a scientific instrument, possibly used for chemical experiments or mixing solutions. The person's hands are visible, and they seem to be wearing a white lab coat, indicating that they may be a scientist or a lab technician. The background is blurred, but it appears to be a laboratory setting.",T2V_data/label/vidgen_filter_gemini_part_0_dpo_8/Db0HWOo7hec-Scene-0049/entity_60.mp4,T2V_data/label/vidgen_filter_gemini_part_0_dpo_8/Db0HWOo7hec-Scene-0049/aug_entity_60.png
T2V_data/VIDGEN-1M_unzip/Dj-4U6VCHhM-Scene-0064.mp4,"The video shows a person's hands working on a green circuit board. The person is using tweezers to remove a small black chip from the board. The board has several other chips and components on it, and the person is carefully handling the board to avoid damaging the other parts.",T2V_data/label/vidgen_filter_gemini_part_0_dpo_8/Dj-4U6VCHhM-Scene-0064/entity_80.mp4,T2V_data/label/vidgen_filter_gemini_part_0_dpo_8/Dj-4U6VCHhM-Scene-0064/aug_entity_80.png
T2V_data/VIDGEN-1M_unzip/DkVLtw7HHmI-Scene-0009.mp4,"The video shows a person carving a pumpkin. The person is using a knife to carve a face into the pumpkin. The pumpkin is orange and is placed on a table. There are some leaves on the table. The person is wearing a black shirt. The video is shot in a close-up shot, focusing on the pumpkin and the person's hands.",T2V_data/label/vidgen_filter_gemini_part_0_dpo_8/DkVLtw7HHmI-Scene-0009/entity_40.mp4,T2V_data/label/vidgen_filter_gemini_part_0_dpo_8/DkVLtw7HHmI-Scene-0009/aug_entity_40.png
T2V_data/VIDGEN-1M_unzip/DlSn54Mg2uM-Scene-0041.mp4,"The video shows two cars racing on a track. The cars are drifting around the track, leaving tire marks on the ground. The cars are blue and white, and they are racing at high speeds. The track is surrounded by barriers and there are signs and lights in the background. The cars are making loud noises as they race and drift around the track.",T2V_data/label/vidgen_filter_gemini_part_0_dpo_8/DlSn54Mg2uM-Scene-0041/entity_20.mp4,T2V_data/label/vidgen_filter_gemini_part_0_dpo_8/DlSn54Mg2uM-Scene-0041/aug_entity_20.png
T2V_data/VIDGEN-1M_unzip/EMTRNNaXVmg-Scene-0011.mp4,"The video shows a rocket launching into the sky. The rocket is white and has a red and blue stripe on the side. It has a large flame coming out of the bottom, and smoke is billowing out of the sides. The sky is gray and cloudy.",T2V_data/label/vidgen_filter_gemini_part_0_dpo_8/EMTRNNaXVmg-Scene-0011/entity_20.mp4,T2V_data/label/vidgen_filter_gemini_part_0_dpo_8/EMTRNNaXVmg-Scene-0011/aug_entity_20.png
T2V_data/VIDGEN-1M_unzip/ENs1Q3veJpE-Scene-0005.mp4,"In the video, a man is standing in a kitchen and holding a bunch of bananas. He is wearing a black tank top and has a beaded necklace around his neck. The kitchen has wooden cabinets and a blender on the counter. The man peels one of the bananas and then proceeds to cut it into slices. He then places the banana slices into the blender. The video seems to be a tutorial or demonstration of how to make a banana smoothie.",T2V_data/label/vidgen_filter_gemini_part_0_dpo_8/ENs1Q3veJpE-Scene-0005/entity_20.mp4,T2V_data/label/vidgen_filter_gemini_part_0_dpo_8/ENs1Q3veJpE-Scene-0005/aug_entity_20.png
T2V_data/VIDGEN-1M_unzip/ENs1Q3veJpE-Scene-0005.mp4,"In the video, a man is standing in a kitchen and holding a bunch of bananas. He is wearing a black tank top and has a beaded necklace around his neck. The kitchen has wooden cabinets and a blender on the counter. The man peels one of the bananas and then proceeds to cut it into slices. He then places the banana slices into the blender. The video seems to be a tutorial or demonstration of how to make a banana smoothie.",T2V_data/label/vidgen_filter_gemini_part_0_dpo_8/ENs1Q3veJpE-Scene-0005/entity_40.mp4,T2V_data/label/vidgen_filter_gemini_part_0_dpo_8/ENs1Q3veJpE-Scene-0005/aug_entity_40.png
T2V_data/VIDGEN-1M_unzip/EPAimP7dScU-Scene-0047.mp4,"The video features a close-up of a car's dashboard, where a person's hand is seen removing a stereo from the dashboard. The dashboard has a black background with various buttons and controls. The person's hand is visible, and they are wearing a ring on their finger. The stereo is rectangular and has a silver and black color scheme. The person removes the stereo by pressing a button on the dashboard and pulling it out. The video ends with the stereo completely removed from the dashboard.",T2V_data/label/vidgen_filter_gemini_part_0_dpo_8/EPAimP7dScU-Scene-0047/entity_20.mp4,T2V_data/label/vidgen_filter_gemini_part_0_dpo_8/EPAimP7dScU-Scene-0047/aug_entity_20.png
T2V_data/VIDGEN-1M_unzip/ETCDN0l7Xxc-Scene-0073.mp4,"The video features a bald man wearing glasses who is holding a crossbow. He is demonstrating how to use the crossbow by pulling the string back and releasing it. The man is standing in a wooded area with trees and leaves visible in the background. The crossbow appears to be made of wood and metal, and the man is wearing a blue shirt.",T2V_data/label/vidgen_filter_gemini_part_0_dpo_8/ETCDN0l7Xxc-Scene-0073/entity_60.mp4,T2V_data/label/vidgen_filter_gemini_part_0_dpo_8/ETCDN0l7Xxc-Scene-0073/aug_entity_60.png
T2V_data/VIDGEN-1M_unzip/EVoY0-bfSwM-Scene-0122.mp4,The video shows a person wearing a pink hoodie and black pants climbing up a wall. The person is using their hands and feet to climb up the wall. The person is wearing white shoes and a white cap. The wall appears to be made of concrete and has some graffiti on it. The person climbs up to the top of the wall and sits down on the edge. The person then stands up and jumps off the wall. The video ends with the person landing on the ground.,T2V_data/label/vidgen_filter_gemini_part_0_dpo_8/EVoY0-bfSwM-Scene-0122/entity_20.mp4,T2V_data/label/vidgen_filter_gemini_part_0_dpo_8/EVoY0-bfSwM-Scene-0122/aug_entity_20.png
T2V_data/VIDGEN-1M_unzip/EXT7PEKaajo-Scene-0012.mp4,"The video shows a person using a metal tool to pick a lock. The person inserts the tool into the keyhole and turns it, causing the lock to open. The person then removes the tool and inserts it again, repeating the process until the lock is fully opened. The person's hands are visible in the video, and the lock appears to be made of metal. The video is shot in close-up, focusing on the person's hands and the lock.",T2V_data/label/vidgen_filter_gemini_part_0_dpo_8/EXT7PEKaajo-Scene-0012/entity_40.mp4,T2V_data/label/vidgen_filter_gemini_part_0_dpo_8/EXT7PEKaajo-Scene-0012/aug_entity_40.png
T2V_data/VIDGEN-1M_unzip/ErBQABzKQkM-Scene-0016.mp4,"The video shows a man performing a handstand kick up. He starts by bending down and placing his hands on the floor. He then kicks his legs up into the air and does a handstand. The man then brings his legs back down and stands up. The video is shot in a room with a wooden floor and a white door in the background. The man is wearing black pants and shoes. The video is shot in slow motion, allowing viewers to see the details of the man's movements.",T2V_data/label/vidgen_filter_gemini_part_0_dpo_8/ErBQABzKQkM-Scene-0016/entity_20.mp4,T2V_data/label/vidgen_filter_gemini_part_0_dpo_8/ErBQABzKQkM-Scene-0016/aug_entity_20.png
T2V_data/VIDGEN-1M_unzip/ErBQABzKQkM-Scene-0016.mp4,"The video shows a man performing a handstand kick up. He starts by bending down and placing his hands on the floor. He then kicks his legs up into the air and does a handstand. The man then brings his legs back down and stands up. The video is shot in a room with a wooden floor and a white door in the background. The man is wearing black pants and shoes. The video is shot in slow motion, allowing viewers to see the details of the man's movements.",T2V_data/label/vidgen_filter_gemini_part_0_dpo_8/ErBQABzKQkM-Scene-0016/entity_40.mp4,T2V_data/label/vidgen_filter_gemini_part_0_dpo_8/ErBQABzKQkM-Scene-0016/aug_entity_40.png
T2V_data/VIDGEN-1M_unzip/F2UWuHJuaj8-Scene-0037.mp4,"The video shows a person kneading a large piece of dough on a wooden surface. The dough is covered in flour and has chocolate chips and raisins mixed into it. The person is wearing a black apron and has tattoos on their arms. They are using their hands to fold and press the dough, turning it over to make sure it is evenly mixed.",T2V_data/label/vidgen_filter_gemini_part_0_dpo_8/F2UWuHJuaj8-Scene-0037/entity_60.mp4,T2V_data/label/vidgen_filter_gemini_part_0_dpo_8/F2UWuHJuaj8-Scene-0037/aug_entity_60.png
T2V_data/VIDGEN-1M_unzip/FBp0eoOGU4w-Scene-0008.mp4,"The video shows a lizard with a light brown body and darker brown spots on its back. The lizard is swimming in a clear glass tank filled with water. It has a long tail and four legs, which it uses to propel itself through the water. The lizard's head is above the water surface, and it appears to be looking around. The tank has a green base, and there are green plants inside. The video is shot from outside the tank, and the lizard is the only animal visible.",T2V_data/label/vidgen_filter_gemini_part_0_dpo_8/FBp0eoOGU4w-Scene-0008/entity_60.mp4,T2V_data/label/vidgen_filter_gemini_part_0_dpo_8/FBp0eoOGU4w-Scene-0008/aug_entity_60.png
T2V_data/VIDGEN-1M_unzip/FBp0eoOGU4w-Scene-0017.mp4,The video shows a large lizard with a long tail and spotted skin. The lizard is in a room with a yellow wall and a wooden structure. The lizard is seen climbing onto the wooden structure and then climbing down. The lizard's movements are slow and deliberate.,T2V_data/label/vidgen_filter_gemini_part_0_dpo_8/FBp0eoOGU4w-Scene-0017/entity_20.mp4,T2V_data/label/vidgen_filter_gemini_part_0_dpo_8/FBp0eoOGU4w-Scene-0017/aug_entity_20.png
T2V_data/VIDGEN-1M_unzip/FUveyD_DttM-Scene-0015.mp4,"In the video, a person is seen holding a spray bottle and spraying water onto a plant. The plant is located inside a glass enclosure, which is filled with various other plants and decorations. The person sprays the water in a circular motion, ensuring that the water reaches all parts of the plant. The glass enclosure is well-lit, and the water droplets can be seen glistening as they fall onto the plant. The person continues to spray the water until the plant appears to be thoroughly moistened.",T2V_data/label/vidgen_filter_gemini_part_0_dpo_8/FUveyD_DttM-Scene-0015/entity_40.mp4,T2V_data/label/vidgen_filter_gemini_part_0_dpo_8/FUveyD_DttM-Scene-0015/aug_entity_40.png
T2V_data/VIDGEN-1M_unzip/FUveyD_DttM-Scene-0015.mp4,"In the video, a person is seen holding a spray bottle and spraying water onto a plant. The plant is located inside a glass enclosure, which is filled with various other plants and decorations. The person sprays the water in a circular motion, ensuring that the water reaches all parts of the plant. The glass enclosure is well-lit, and the water droplets can be seen glistening as they fall onto the plant. The person continues to spray the water until the plant appears to be thoroughly moistened.",T2V_data/label/vidgen_filter_gemini_part_0_dpo_8/FUveyD_DttM-Scene-0015/entity_60.mp4,T2V_data/label/vidgen_filter_gemini_part_0_dpo_8/FUveyD_DttM-Scene-0015/aug_entity_60.png
T2V_data/VIDGEN-1M_unzip/Fn1eeiseNPQ-Scene-0012.mp4,"The video shows a man wearing a hoodie and jeans standing next to a pink car. The man is seen pushing the car from the back and then from the side. The car is parked on a grassy field with trees and mountains in the background. The man appears to be trying to move the car, possibly to get it started or to move it to a different location. The car has a shiny finish and appears to be in good condition. The man's actions suggest that he is exerting some effort to move the car.",T2V_data/label/vidgen_filter_gemini_part_0_dpo_8/Fn1eeiseNPQ-Scene-0012/entity_40.mp4,T2V_data/label/vidgen_filter_gemini_part_0_dpo_8/Fn1eeiseNPQ-Scene-0012/aug_entity_40.png
T2V_data/VIDGEN-1M_unzip/FzYZBo1HBno-Scene-0012.mp4,The video shows a person cutting a potato into small pieces on a wooden cutting board. The person is using a white knife to cut the potato into small pieces. The potato is cut into small pieces and then into smaller pieces. The person is wearing a blue shirt with white dots. The cutting board is made of wood and has a light brown color. The knife is sharp and has a white handle. The potato is yellow and has a smooth texture. The person is using a chopping motion to cut the potato into small pieces.,T2V_data/label/vidgen_filter_gemini_part_0_dpo_8/FzYZBo1HBno-Scene-0012/entity_40.mp4,T2V_data/label/vidgen_filter_gemini_part_0_dpo_8/FzYZBo1HBno-Scene-0012/aug_entity_40.png
T2V_data/VIDGEN-1M_unzip/GEdNXJb1cz8-Scene-0029.mp4,"The video shows a person's hands as they work on a craft project. The hands are seen peeling off pieces of tape from a black surface. The person then uses a tool to cut along the edges of the tape. The video is shot from a top-down perspective, and the person's hands are the main focus. The black surface appears to be a piece of fabric or paper, and the tape is white. The person's nails are painted purple, and they are wearing a gold ring. The video is shot in a well-lit room, and the person's movements are deliberate and careful.",T2V_data/label/vidgen_filter_gemini_part_0_dpo_8/GEdNXJb1cz8-Scene-0029/entity_60.mp4,T2V_data/label/vidgen_filter_gemini_part_0_dpo_8/GEdNXJb1cz8-Scene-0029/aug_entity_60.png
T2V_data/VIDGEN-1M_unzip/GEdNXJb1cz8-Scene-0029.mp4,"The video shows a person's hands as they work on a craft project. The hands are seen peeling off pieces of tape from a black surface. The person then uses a tool to cut along the edges of the tape. The video is shot from a top-down perspective, and the person's hands are the main focus. The black surface appears to be a piece of fabric or paper, and the tape is white. The person's nails are painted purple, and they are wearing a gold ring. The video is shot in a well-lit room, and the person's movements are deliberate and careful.",T2V_data/label/vidgen_filter_gemini_part_0_dpo_8/GEdNXJb1cz8-Scene-0029/entity_80.mp4,T2V_data/label/vidgen_filter_gemini_part_0_dpo_8/GEdNXJb1cz8-Scene-0029/aug_entity_80.png
T2V_data/VIDGEN-1M_unzip/G_b_0NcclZk-Scene-0014.mp4,"In the video, a man is seen skateboarding in an indoor skate park. He is wearing a blue shirt and black pants. The skate park has a wooden floor and white walls. The man performs various tricks on his skateboard, including riding on the edge of a ramp and jumping over a gap. He also does a trick where he flips the skateboard under his feet while in the air. The video captures the man's movements and the skate park's features, such as ramps and rails.",T2V_data/label/vidgen_filter_gemini_part_0_dpo_8/G_b_0NcclZk-Scene-0014/entity_20.mp4,T2V_data/label/vidgen_filter_gemini_part_0_dpo_8/G_b_0NcclZk-Scene-0014/aug_entity_20.png
T2V_data/VIDGEN-1M_unzip/GlaVCZvI-o8-Scene-0020.mp4,"In the video, a person is seen holding a red peeler and peeling the skin off of a yellow apple. The apple is being peeled on a wooden cutting board, and the peels are falling onto the board. The person is peeling the apple in a circular motion, starting from the top and moving downwards. The apple is being peeled in a continuous motion, and the peels are thin and long. The person's hands are steady, and they are peeling the apple with care and precision. The video is shot from a close-up angle, focusing on the person's hands and the apple. The lighting is bright, and the colors are vibrant. The sound of the peeler scraping against the apple can be heard in the background.",T2V_data/label/vidgen_filter_gemini_part_0_dpo_8/GlaVCZvI-o8-Scene-0020/entity_20.mp4,T2V_data/label/vidgen_filter_gemini_part_0_dpo_8/GlaVCZvI-o8-Scene-0020/aug_entity_20.png
T2V_data/VIDGEN-1M_unzip/GwrsQXiTq0k-Scene-0024.mp4,"In the video, a woman is seen pouring a smoothie from a blender into a glass. She is wearing a pink shirt and a white apron. The smoothie appears to be a light brown color, and the woman is holding the blender with her left hand while pouring the smoothie with her right hand. The background shows a kitchen counter with various kitchen utensils.",T2V_data/label/vidgen_filter_gemini_part_0_dpo_8/GwrsQXiTq0k-Scene-0024/entity_60.mp4,T2V_data/label/vidgen_filter_gemini_part_0_dpo_8/GwrsQXiTq0k-Scene-0024/aug_entity_60.png
T2V_data/VIDGEN-1M_unzip/HK87udH8ZGQ-Scene-0056.mp4,"The video shows a person's hands as they cut a cake. The cake is in a rectangular tin and has a layer of pink frosting on top. The person uses a knife to cut the cake into even slices. The cake appears to be a sponge cake with a layer of frosting on top. The person's hands are steady as they cut through the cake, and the knife moves smoothly through the frosting. The cake is cut into several slices, and the person removes them from the tin. The video ends with the person holding a slice of the cake in their hand.",T2V_data/label/vidgen_filter_gemini_part_0_dpo_8/HK87udH8ZGQ-Scene-0056/entity_40.mp4,T2V_data/label/vidgen_filter_gemini_part_0_dpo_8/HK87udH8ZGQ-Scene-0056/aug_entity_40.png
T2V_data/VIDGEN-1M_unzip/HPE6hpV0x_A-Scene-0020.mp4,"In the video, a person is seen holding a toy gun and a small white object. The person is shown loading the white object into the toy gun. The toy gun is black and green in color. The person then proceeds to pull the trigger of the gun, causing the white object to be shot out. The background of the video is a wooden floor.",T2V_data/label/vidgen_filter_gemini_part_0_dpo_8/HPE6hpV0x_A-Scene-0020/entity_40.mp4,T2V_data/label/vidgen_filter_gemini_part_0_dpo_8/HPE6hpV0x_A-Scene-0020/aug_entity_40.png
T2V_data/VIDGEN-1M_unzip/HPtlS8BLatM-Scene-0112.mp4,"In the video, a man is seen standing in a kitchen, holding a box of gum and a container of powdered sugar. He is wearing a white t-shirt and has curly hair. He starts by talking to the camera, then proceeds to open the box of gum and pour the contents into the container of powdered sugar. He then mixes the two ingredients together using his hands. After mixing, he takes a piece of the mixture and puts it in his mouth, chewing it. The kitchen has white cabinets and a countertop, and there is a purple object on the countertop. The man appears to be enjoying the process of making the mixture.",T2V_data/label/vidgen_filter_gemini_part_0_dpo_8/HPtlS8BLatM-Scene-0112/entity_20.mp4,T2V_data/label/vidgen_filter_gemini_part_0_dpo_8/HPtlS8BLatM-Scene-0112/aug_entity_20.png
T2V_data/VIDGEN-1M_unzip/HQaEN_5HyYI-Scene-0050.mp4,"The video shows a child's hand holding a green spoon and scooping up food from a purple plate. The plate has a section filled with rice and another section with green grapes. The child is wearing a yellow bib with a frog design on it. The child scoops up the rice and brings it towards their mouth, but then drops the spoon and the rice falls back onto the plate. The child then picks up the spoon again and continues to eat.",T2V_data/label/vidgen_filter_gemini_part_0_dpo_8/HQaEN_5HyYI-Scene-0050/entity_40.mp4,T2V_data/label/vidgen_filter_gemini_part_0_dpo_8/HQaEN_5HyYI-Scene-0050/aug_entity_40.png
T2V_data/VIDGEN-1M_unzip/HQaEN_5HyYI-Scene-0050.mp4,"The video shows a child's hand holding a green spoon and scooping up food from a purple plate. The plate has a section filled with rice and another section with green grapes. The child is wearing a yellow bib with a frog design on it. The child scoops up the rice and brings it towards their mouth, but then drops the spoon and the rice falls back onto the plate. The child then picks up the spoon again and continues to eat.",T2V_data/label/vidgen_filter_gemini_part_0_dpo_8/HQaEN_5HyYI-Scene-0050/entity_60.mp4,T2V_data/label/vidgen_filter_gemini_part_0_dpo_8/HQaEN_5HyYI-Scene-0050/aug_entity_60.png
T2V_data/VIDGEN-1M_unzip/HRDLkaRR43c-Scene-0051.mp4,"In the video, a person is seen cutting a cake with a knife. The cake is round and has a golden brown crust. The person is using a large knife to cut through the cake, and the knife is making a clean cut. The background is blurred, but it appears to be an outdoor setting.",T2V_data/label/vidgen_filter_gemini_part_0_dpo_8/HRDLkaRR43c-Scene-0051/entity_20.mp4,T2V_data/label/vidgen_filter_gemini_part_0_dpo_8/HRDLkaRR43c-Scene-0051/aug_entity_20.png
T2V_data/VIDGEN-1M_unzip/HRDLkaRR43c-Scene-0051.mp4,"In the video, a person is seen cutting a cake with a knife. The cake is round and has a golden brown crust. The person is using a large knife to cut through the cake, and the knife is making a clean cut. The background is blurred, but it appears to be an outdoor setting.",T2V_data/label/vidgen_filter_gemini_part_0_dpo_8/HRDLkaRR43c-Scene-0051/entity_40.mp4,T2V_data/label/vidgen_filter_gemini_part_0_dpo_8/HRDLkaRR43c-Scene-0051/aug_entity_40.png
T2V_data/VIDGEN-1M_unzip/HX6k92_55A8-Scene-0011.mp4,"The video shows a person carving a large block of ice into a sculpture. The person is wearing gloves and using a chisel and hammer to carve the ice. The sculpture appears to be of a human figure, and the person is carving the details of the figure's face and body. The background is a grassy area, and the person is standing while carving the ice.",T2V_data/label/vidgen_filter_gemini_part_0_dpo_8/HX6k92_55A8-Scene-0011/entity_20.mp4,T2V_data/label/vidgen_filter_gemini_part_0_dpo_8/HX6k92_55A8-Scene-0011/aug_entity_20.png
T2V_data/VIDGEN-1M_unzip/HglFzs2Kb6I-Scene-0099.mp4,"The video shows a close-up of a person's hand, covered in a pink glove, picking up a fish from a pile of fish. The fish are yellow and silver in color, and they are piled on top of each other in a wooden container. The person's hand moves through the fish, picking them up and examining them before placing them back in the pile.",T2V_data/label/vidgen_filter_gemini_part_0_dpo_8/HglFzs2Kb6I-Scene-0099/entity_20.mp4,T2V_data/label/vidgen_filter_gemini_part_0_dpo_8/HglFzs2Kb6I-Scene-0099/aug_entity_20.png
T2V_data/VIDGEN-1M_unzip/HhggYkivlpc-Scene-0062.mp4,"The video is a recording of a baseball video game. It shows a player in a white uniform with the number 57 on the back, running towards the infield. The player is wearing a blue glove and is seen catching a ball and throwing it to another player. The stadium is filled with spectators, and there are other players on the field. The video game graphics are realistic, with attention to detail in the players' uniforms and the stadium environment.",T2V_data/label/vidgen_filter_gemini_part_0_dpo_8/HhggYkivlpc-Scene-0062/entity_20.mp4,T2V_data/label/vidgen_filter_gemini_part_0_dpo_8/HhggYkivlpc-Scene-0062/aug_entity_20.png
T2V_data/VIDGEN-1M_unzip/I44FMQZChDY-Scene-0026.mp4,"In the video, a man is seen holding a bottle of hot sauce. He then proceeds to pour the hot sauce into a plastic bottle. After filling the bottle, he places it on top of the hot sauce bottle and shakes it. The man then takes a sip of the hot sauce and smiles at the camera. The video appears to be a demonstration of how to make a homemade hot sauce dispenser.",T2V_data/label/vidgen_filter_gemini_part_0_dpo_8/I44FMQZChDY-Scene-0026/entity_60.mp4,T2V_data/label/vidgen_filter_gemini_part_0_dpo_8/I44FMQZChDY-Scene-0026/aug_entity_60.png
T2V_data/VIDGEN-1M_unzip/IF80Z-F6bOQ-Scene-0005.mp4,"In the video, a person is holding a bottle of water and pouring it into the mouth of a dog. The dog is wearing a blue collar and is drinking the water from the bottle. The person is holding the bottle with one hand and pouring the water with the other. The dog is standing on a concrete surface and appears to be thirsty. The person is wearing a black shirt and has a watch on their wrist. The dog is medium-sized with a brown coat. The water is clear and the bottle is made of plastic. The person is standing behind the dog and pouring the water into the dog's mouth. The dog is drinking the water and appears to be enjoying it.",T2V_data/label/vidgen_filter_gemini_part_0_dpo_8/IF80Z-F6bOQ-Scene-0005/entity_20.mp4,T2V_data/label/vidgen_filter_gemini_part_0_dpo_8/IF80Z-F6bOQ-Scene-0005/aug_entity_20.png
T2V_data/VIDGEN-1M_unzip/IIssZtgM9AU-Scene-0109.mp4,"The video shows a person's hand holding a metal bushing and placing it onto a metal part. The metal part has several holes and the bushing fits into one of them. The person then picks up another metal bushing and places it onto a different hole on the metal part. The metal parts and bushings are silver in color and appear to be made of metal. The person's hand is visible in the video, and they are wearing a red shirt. The background is a concrete floor.",T2V_data/label/vidgen_filter_gemini_part_0_dpo_8/IIssZtgM9AU-Scene-0109/entity_40.mp4,T2V_data/label/vidgen_filter_gemini_part_0_dpo_8/IIssZtgM9AU-Scene-0109/aug_entity_40.png
T2V_data/VIDGEN-1M_unzip/IKL8jZO4gWE-Scene-0076.mp4,"In the video, a young boy is seen performing a series of flips on a trampoline. He starts by jumping up and down on the trampoline, gaining momentum for his flips. He then executes a backflip, followed by a front flip, and finally a side flip. The boy lands each flip with precision and continues to jump and flip with ease. The trampoline is situated in a gym, with other children and gym equipment visible in the background. The boy is wearing a black shirt and shorts, and his movements are fluid and confident. The video captures the excitement and skill of the boy's acrobatic performance.",T2V_data/label/vidgen_filter_gemini_part_0_dpo_8/IKL8jZO4gWE-Scene-0076/entity_20.mp4,T2V_data/label/vidgen_filter_gemini_part_0_dpo_8/IKL8jZO4gWE-Scene-0076/aug_entity_20.png
T2V_data/VIDGEN-1M_unzip/I_zEIvPjQuo-Scene-0027.mp4,"The video shows a person cooking onions on a grill. The person is using a pair of tongs to stir the onions in a pan. The onions are being cooked on a grill, and the person is stirring them to ensure they are evenly cooked. The person is wearing a white shirt and appears to be outdoors. The grill is black and appears to be well-maintained. The onions are white and appear to be in the process of being cooked. The person is stirring the onions with a pair of black tongs. The video is shot from a side angle, and the person's face is not visible. The background is blurred, but it appears to be a grassy area.",T2V_data/label/vidgen_filter_gemini_part_0_dpo_8/I_zEIvPjQuo-Scene-0027/entity_40.mp4,T2V_data/label/vidgen_filter_gemini_part_0_dpo_8/I_zEIvPjQuo-Scene-0027/aug_entity_40.png
T2V_data/VIDGEN-1M_unzip/IjDjoq7O374-Scene-0046.mp4,"The video shows a group of people at a concert. The crowd is cheering and jumping up and down. One person is being lifted up by the crowd, and the person is holding onto the hands of the people around them. The crowd seems to be having a great time, and the atmosphere is energetic.",T2V_data/label/vidgen_filter_gemini_part_0_dpo_8/IjDjoq7O374-Scene-0046/entity_40.mp4,T2V_data/label/vidgen_filter_gemini_part_0_dpo_8/IjDjoq7O374-Scene-0046/aug_entity_40.png
T2V_data/VIDGEN-1M_unzip/IjDjoq7O374-Scene-0046.mp4,"The video shows a group of people at a concert. The crowd is cheering and jumping up and down. One person is being lifted up by the crowd, and the person is holding onto the hands of the people around them. The crowd seems to be having a great time, and the atmosphere is energetic.",T2V_data/label/vidgen_filter_gemini_part_0_dpo_8/IjDjoq7O374-Scene-0046/entity_60.mp4,T2V_data/label/vidgen_filter_gemini_part_0_dpo_8/IjDjoq7O374-Scene-0046/aug_entity_60.png
T2V_data/VIDGEN-1M_unzip/IqjXRi4qhqY-Scene-0011.mp4,"In the video, a small black kitten is seen inside a blue bag. The kitten is playing with a clear plastic bottle, biting and pawing at it. The bag has a beige strap and the kitten is wearing a red collar. The kitten's eyes are wide and curious as it explores the bottle. The video is shot in close-up, focusing on the kitten's playful movements and the interaction between the kitten and the bottle.",T2V_data/label/vidgen_filter_gemini_part_0_dpo_8/IqjXRi4qhqY-Scene-0011/entity_40.mp4,T2V_data/label/vidgen_filter_gemini_part_0_dpo_8/IqjXRi4qhqY-Scene-0011/aug_entity_40.png
T2V_data/VIDGEN-1M_unzip/JPf69x_tmXo-Scene-0036.mp4,"The video shows a motorcycle race on a track. The motorcycle is seen racing around the track, going through turns and straightaways. The rider is leaning into the turns, and the motorcycle is moving at a high speed. The track is lined with barriers and there are signs and banners in the background. The video is shot from a distance, capturing the entire track and the rider's movements.",T2V_data/label/vidgen_filter_gemini_part_0_dpo_8/JPf69x_tmXo-Scene-0036/entity_60.mp4,T2V_data/label/vidgen_filter_gemini_part_0_dpo_8/JPf69x_tmXo-Scene-0036/aug_entity_60.png
T2V_data/VIDGEN-1M_unzip/JXvhhXlUvmo-Scene-0003.mp4,"In the video, a person is seen mixing ingredients in a glass bowl. The person is using a wooden spoon to mix the ingredients. The ingredients appear to be of a creamy texture, possibly a batter or dough. The person is wearing a white shirt and is standing in front of a wooden table. The background is a plain wall. The person is continuously stirring the mixture, ensuring that it is well combined. The wooden spoon is used with precision, and the person's movements are smooth and deliberate. The lighting in the video is bright, making it easy to see the details of the mixture and the person's actions.",T2V_data/label/vidgen_filter_gemini_part_0_dpo_8/JXvhhXlUvmo-Scene-0003/entity_20.mp4,T2V_data/label/vidgen_filter_gemini_part_0_dpo_8/JXvhhXlUvmo-Scene-0003/aug_entity_20.png
T2V_data/VIDGEN-1M_unzip/JXvhhXlUvmo-Scene-0003.mp4,"In the video, a person is seen mixing ingredients in a glass bowl. The person is using a wooden spoon to mix the ingredients. The ingredients appear to be of a creamy texture, possibly a batter or dough. The person is wearing a white shirt and is standing in front of a wooden table. The background is a plain wall. The person is continuously stirring the mixture, ensuring that it is well combined. The wooden spoon is used with precision, and the person's movements are smooth and deliberate. The lighting in the video is bright, making it easy to see the details of the mixture and the person's actions.",T2V_data/label/vidgen_filter_gemini_part_0_dpo_8/JXvhhXlUvmo-Scene-0003/entity_60.mp4,T2V_data/label/vidgen_filter_gemini_part_0_dpo_8/JXvhhXlUvmo-Scene-0003/aug_entity_60.png
T2V_data/VIDGEN-1M_unzip/JgLmLAkoS_M-Scene-0004.mp4,"In the video, a person is seen cutting a white vegetable on a cutting board. The person is holding a knife in their right hand and is using it to cut the vegetable into slices. The cutting board is white and appears to be made of plastic. The vegetable being cut is white and has a round shape. The person is wearing a black shirt and is standing in a kitchen with a yellow countertop. The knife is silver and has a black handle. The person is cutting the vegetable into thin slices, and there are already some slices on the cutting board.",T2V_data/label/vidgen_filter_gemini_part_0_dpo_8/JgLmLAkoS_M-Scene-0004/entity_40.mp4,T2V_data/label/vidgen_filter_gemini_part_0_dpo_8/JgLmLAkoS_M-Scene-0004/aug_entity_40.png
T2V_data/VIDGEN-1M_unzip/Ji8FxZaMMIY-Scene-0030.mp4,The video shows a wrestling match between two men in a ring. The man in the black outfit lifts the man in the blue outfit and flips him over his head. The man in the blue outfit lands on his back on the mat. The man in the black outfit then stands over him.,T2V_data/label/vidgen_filter_gemini_part_0_dpo_8/Ji8FxZaMMIY-Scene-0030/entity_20.mp4,T2V_data/label/vidgen_filter_gemini_part_0_dpo_8/Ji8FxZaMMIY-Scene-0030/aug_entity_20.png
T2V_data/VIDGEN-1M_unzip/JjEtuHVtTcw-Scene-0026.mp4,"In the video, a person is seen spray painting a red object on a table. The person is holding a can of spray paint and is actively spraying the object. The object appears to be a rectangular shape with a hole on one side. The person is wearing a yellow shirt and is standing in front of a red table. The background is a bit blurred, but it seems to be an outdoor setting. The person sprays the object several times, ensuring that it is evenly coated with paint. The video ends with the person stepping back to view the object.",T2V_data/label/vidgen_filter_gemini_part_0_dpo_8/JjEtuHVtTcw-Scene-0026/entity_60.mp4,T2V_data/label/vidgen_filter_gemini_part_0_dpo_8/JjEtuHVtTcw-Scene-0026/aug_entity_60.png
T2V_data/VIDGEN-1M_unzip/Js3xKwcuCp8-Scene-0081.mp4,"In the video, a person is using a drill to make a hole in a piece of wood that is clamped down. The drill is black and silver, and the person is wearing a black glove on their hand. The wood is light brown and has a blue line drawn on it. The person is wearing a black shirt and is standing in front of a gray surface.",T2V_data/label/vidgen_filter_gemini_part_0_dpo_8/Js3xKwcuCp8-Scene-0081/entity_60.mp4,T2V_data/label/vidgen_filter_gemini_part_0_dpo_8/Js3xKwcuCp8-Scene-0081/aug_entity_60.png
T2V_data/VIDGEN-1M_unzip/Jypql_P90pY-Scene-0020.mp4,"The video shows a close-up of a person's hand using a whisk to mix a yellow batter in a clear glass bowl. The batter appears to be thick and creamy, and the whisk is being moved in a circular motion to combine the ingredients thoroughly. The background is blurred, but it seems to be a kitchen counter.",T2V_data/label/vidgen_filter_gemini_part_0_dpo_8/Jypql_P90pY-Scene-0020/entity_40.mp4,T2V_data/label/vidgen_filter_gemini_part_0_dpo_8/Jypql_P90pY-Scene-0020/aug_entity_40.png
T2V_data/VIDGEN-1M_unzip/K4qrWZdXVwY-Scene-0026.mp4,"The video shows a person's hand holding a piece of seaweed in the water. The seaweed is brown and has a pink string attached to it. The person is moving the seaweed around in the water, and there is a small fish swimming nearby. The water is clear, and the background is blurred, but it appears to be a beach or ocean setting.",T2V_data/label/vidgen_filter_gemini_part_0_dpo_8/K4qrWZdXVwY-Scene-0026/entity_40.mp4,T2V_data/label/vidgen_filter_gemini_part_0_dpo_8/K4qrWZdXVwY-Scene-0026/aug_entity_40.png
T2V_data/VIDGEN-1M_unzip/KZNz2yE8CCk-Scene-0018.mp4,"In the video, a person is seen holding a blue bowl in their left hand and a white bowl in their right hand. The person is using their right hand to scoop some white rice from the white bowl and pour it into the blue bowl. The rice is being poured in a steady stream, and the person is carefully controlling the flow of rice to avoid spilling any. The blue bowl is already filled with some rice, and the white bowl is almost empty. The background is a table with a white tablecloth, and there is a patterned table runner under the bowls. The person's movements are deliberate and precise, indicating that they are being careful with the rice.",T2V_data/label/vidgen_filter_gemini_part_0_dpo_8/KZNz2yE8CCk-Scene-0018/entity_20.mp4,T2V_data/label/vidgen_filter_gemini_part_0_dpo_8/KZNz2yE8CCk-Scene-0018/aug_entity_20.png
T2V_data/VIDGEN-1M_unzip/KZNz2yE8CCk-Scene-0018.mp4,"In the video, a person is seen holding a blue bowl in their left hand and a white bowl in their right hand. The person is using their right hand to scoop some white rice from the white bowl and pour it into the blue bowl. The rice is being poured in a steady stream, and the person is carefully controlling the flow of rice to avoid spilling any. The blue bowl is already filled with some rice, and the white bowl is almost empty. The background is a table with a white tablecloth, and there is a patterned table runner under the bowls. The person's movements are deliberate and precise, indicating that they are being careful with the rice.",T2V_data/label/vidgen_filter_gemini_part_0_dpo_8/KZNz2yE8CCk-Scene-0018/entity_60.mp4,T2V_data/label/vidgen_filter_gemini_part_0_dpo_8/KZNz2yE8CCk-Scene-0018/aug_entity_60.png
T2V_data/VIDGEN-1M_unzip/Ki7CGd0-Lbc-Scene-0066.mp4,The video shows a person riding a motorcycle down a street. The rider is wearing a black helmet and a black jacket. The motorcycle is black and has a gold front. The rider is seen turning the motorcycle and looking back at the camera. There is a white truck parked on the side of the street.,T2V_data/label/vidgen_filter_gemini_part_0_dpo_8/Ki7CGd0-Lbc-Scene-0066/entity_20.mp4,T2V_data/label/vidgen_filter_gemini_part_0_dpo_8/Ki7CGd0-Lbc-Scene-0066/aug_entity_20.png
T2V_data/VIDGEN-1M_unzip/Kk9pfKBaeqI-Scene-0128.mp4,"In the video, a man is seen riding a bike on a ramp. He is wearing a black hoodie and blue jeans. The bike is green and black in color. The man is performing various tricks on the bike, including wheelies and jumps. The ramp is located in a park with a fence in the background. The man appears to be skilled and confident in his bike riding abilities.",T2V_data/label/vidgen_filter_gemini_part_0_dpo_8/Kk9pfKBaeqI-Scene-0128/entity_20.mp4,T2V_data/label/vidgen_filter_gemini_part_0_dpo_8/Kk9pfKBaeqI-Scene-0128/aug_entity_20.png
T2V_data/VIDGEN-1M_unzip/L272GlIu-tE-Scene-0215.mp4,"The video shows a man standing on the deck of a sailboat. He is wearing a blue shirt and white shorts. The man is holding onto the ropes of the sailboat and spreading his arms wide open. The sky is clear and blue, and the sea is visible in the background. The sailboat appears to be moving, as the ropes are taut and the man is leaning back slightly.",T2V_data/label/vidgen_filter_gemini_part_0_dpo_8/L272GlIu-tE-Scene-0215/entity_20.mp4,T2V_data/label/vidgen_filter_gemini_part_0_dpo_8/L272GlIu-tE-Scene-0215/aug_entity_20.png
T2V_data/VIDGEN-1M_unzip/LEygSxSQG44-Scene-0063.mp4,"In the video, a woman is seen climbing a rock wall. She is wearing a gray shirt and black pants. The rock wall is covered in various colored holds, including blue, yellow, and purple. The woman is using her hands and feet to find a way up the wall. She is focused and determined as she moves upwards. The background is a green wall with some other climbers visible in the distance. The woman's movements are slow and deliberate as she finds her way up the wall.",T2V_data/label/vidgen_filter_gemini_part_0_dpo_8/LEygSxSQG44-Scene-0063/entity_20.mp4,T2V_data/label/vidgen_filter_gemini_part_0_dpo_8/LEygSxSQG44-Scene-0063/aug_entity_20.png
T2V_data/VIDGEN-1M_unzip/LEygSxSQG44-Scene-0063.mp4,"In the video, a woman is seen climbing a rock wall. She is wearing a gray shirt and black pants. The rock wall is covered in various colored holds, including blue, yellow, and purple. The woman is using her hands and feet to find a way up the wall. She is focused and determined as she moves upwards. The background is a green wall with some other climbers visible in the distance. The woman's movements are slow and deliberate as she finds her way up the wall.",T2V_data/label/vidgen_filter_gemini_part_0_dpo_8/LEygSxSQG44-Scene-0063/entity_60.mp4,T2V_data/label/vidgen_filter_gemini_part_0_dpo_8/LEygSxSQG44-Scene-0063/aug_entity_60.png
T2V_data/VIDGEN-1M_unzip/LLrIX64GwWg-Scene-0020.mp4,"In the video, a small monkey is seen climbing down a cat tree. The monkey is wearing a diaper and has a curious expression on its face. The cat tree is made of blue carpet and has several levels. The monkey moves slowly and carefully as it descends. Once it reaches the bottom, it jumps off and lands on the floor. The monkey then looks up at the camera and smiles.",T2V_data/label/vidgen_filter_gemini_part_0_dpo_8/LLrIX64GwWg-Scene-0020/entity_40.mp4,T2V_data/label/vidgen_filter_gemini_part_0_dpo_8/LLrIX64GwWg-Scene-0020/aug_entity_40.png
T2V_data/VIDGEN-1M_unzip/LoUCi2Qji00-Scene-0011.mp4,The video shows a person riding a bike down a trail in the woods. The person falls off the bike and onto the ground. The person then gets up and walks the bike.,T2V_data/label/vidgen_filter_gemini_part_0_dpo_8/LoUCi2Qji00-Scene-0011/entity_20.mp4,T2V_data/label/vidgen_filter_gemini_part_0_dpo_8/LoUCi2Qji00-Scene-0011/aug_entity_20.png
T2V_data/VIDGEN-1M_unzip/LudPQtGsmJ4-Scene-0013.mp4,"In the video, a man is seen riding a dirt bike over a large log. He approaches the log, lifts the front wheel of the bike, and jumps over the log. The man is wearing a red and white outfit and a helmet. The log is located in a grassy field with several cars and people in the background. The sky is clear, and the weather appears to be sunny.",T2V_data/label/vidgen_filter_gemini_part_0_dpo_8/LudPQtGsmJ4-Scene-0013/entity_40.mp4,T2V_data/label/vidgen_filter_gemini_part_0_dpo_8/LudPQtGsmJ4-Scene-0013/aug_entity_40.png
T2V_data/VIDGEN-1M_unzip/M33hTFmS8Fw-Scene-0005.mp4,"In the video, a person is seen holding a piece of white slime with red and orange stripes. The person then proceeds to stretch the slime, revealing its elasticity and texture. The slime appears to be soft and malleable, stretching easily between the person's fingers. The person continues to stretch the slime, demonstrating its ability to be pulled apart and then quickly regain its original shape. The video focuses solely on the slime and the person's hands, with no other objects or background distractions.",T2V_data/label/vidgen_filter_gemini_part_0_dpo_8/M33hTFmS8Fw-Scene-0005/entity_60.mp4,T2V_data/label/vidgen_filter_gemini_part_0_dpo_8/M33hTFmS8Fw-Scene-0005/aug_entity_60.png
T2V_data/VIDGEN-1M_unzip/M9YsVj5pN5c-Scene-0154.mp4,"In the video, a man is seen kneeling down next to a large yellow structure made of interlocking blocks. He is carefully placing the blocks on top of each other to build up the structure. The man is wearing a black shirt and colorful shorts. In the background, there is a pool with a person sitting on the edge of it, and another person is standing behind the structure. The structure appears to be quite large and complex, with multiple layers and sections. The man's movements are deliberate and precise as he works on the structure. The overall atmosphere of the video is calm and focused, with the man fully engaged in his task.",T2V_data/label/vidgen_filter_gemini_part_0_dpo_8/M9YsVj5pN5c-Scene-0154/entity_60.mp4,T2V_data/label/vidgen_filter_gemini_part_0_dpo_8/M9YsVj5pN5c-Scene-0154/aug_entity_60.png
T2V_data/VIDGEN-1M_unzip/MNPPGymo-is-Scene-0042.mp4,"In the video, a man is seen sitting on the ground next to a yellow car. He is holding a tool in his hand and appears to be working on the car's front bumper. The man is wearing a white shirt and blue jeans. The car is parked in a garage, and there are various tools and equipment scattered around the area. The man seems focused on his task, and there is no one else visible in the video.",T2V_data/label/vidgen_filter_gemini_part_0_dpo_8/MNPPGymo-is-Scene-0042/entity_20.mp4,T2V_data/label/vidgen_filter_gemini_part_0_dpo_8/MNPPGymo-is-Scene-0042/aug_entity_20.png
T2V_data/VIDGEN-1M_unzip/MdXjGd8y-_I-Scene-0004.mp4,"In the video, a small dog is seen playing with a toy. The dog is brown and white and is wearing a collar. The toy is yellow and red and is being held by a person who is sitting on the floor. The person is wearing a white sweater and red pants. The dog is biting and pulling on the toy while the person is holding it. The floor is brown and there is a white rug in the background. The dog seems to be enjoying the game and is energetically pulling on the toy.",T2V_data/label/vidgen_filter_gemini_part_0_dpo_8/MdXjGd8y-_I-Scene-0004/entity_80.mp4,T2V_data/label/vidgen_filter_gemini_part_0_dpo_8/MdXjGd8y-_I-Scene-0004/aug_entity_80.png
T2V_data/VIDGEN-1M_unzip/N4r__MBLzqo-Scene-0037.mp4,"The video shows a close-up of a fire pit with a marshmallow on a stick being roasted over the flames. The fire pit is black and has a pattern of triangles on the sides. The marshmallow is white and appears to be getting toasted. The flames are orange and yellow, and there are logs burning in the fire pit. In the background, there are people standing around the fire pit, but they are not the focus of the video. The ground around the fire pit is covered in gravel.",T2V_data/label/vidgen_filter_gemini_part_0_dpo_8/N4r__MBLzqo-Scene-0037/entity_60.mp4,T2V_data/label/vidgen_filter_gemini_part_0_dpo_8/N4r__MBLzqo-Scene-0037/aug_entity_60.png
T2V_data/VIDGEN-1M_unzip/N54m9z3ehtE-Scene-0108.mp4,"The video shows a man working on a car engine in a garage. He is using a tool to clean the engine while another person is holding a hose to the engine. The man is wearing a blue shirt and jeans, and the engine is silver in color.",T2V_data/label/vidgen_filter_gemini_part_0_dpo_8/N54m9z3ehtE-Scene-0108/entity_40.mp4,T2V_data/label/vidgen_filter_gemini_part_0_dpo_8/N54m9z3ehtE-Scene-0108/aug_entity_40.png
T2V_data/VIDGEN-1M_unzip/NBTcPHBg9UE-Scene-0016.mp4,"In the video, a person is seen playing with a pink and a purple slime. The person is seen stretching and pulling the slime with their hands, and then folding it in half. The slime appears to be soft and stretchy, and the person seems to be enjoying playing with it. The video is shot in a close-up shot, focusing on the person's hands and the slime.",T2V_data/label/vidgen_filter_gemini_part_0_dpo_8/NBTcPHBg9UE-Scene-0016/entity_20.mp4,T2V_data/label/vidgen_filter_gemini_part_0_dpo_8/NBTcPHBg9UE-Scene-0016/aug_entity_20.png
T2V_data/VIDGEN-1M_unzip/NNNcGCZHvxE-Scene-0437.mp4,"The video features a man in a workshop, who is wearing a black t-shirt with the word ""SAVAGE"" printed on it. He is working on a white object, which appears to be a model or prototype of some sort. The man is seen using a ruler to measure and mark the object, and then he cuts it with a knife. The workshop is cluttered with various tools and equipment, and there is a white paper on the table in front of him. The man seems to be focused on his work, and he is speaking to the camera as he works.",T2V_data/label/vidgen_filter_gemini_part_0_dpo_8/NNNcGCZHvxE-Scene-0437/entity_60.mp4,T2V_data/label/vidgen_filter_gemini_part_0_dpo_8/NNNcGCZHvxE-Scene-0437/aug_entity_60.png
T2V_data/VIDGEN-1M_unzip/NbSAbWKnTts-Scene-0010.mp4,"The video shows a man riding a bicycle on a road. He is wearing a blue and yellow outfit with a helmet and sunglasses. The man is riding a blue bike with red handlebars. The road is surrounded by trees and greenery. The man is riding at a fast pace, and the camera follows him as he moves along the road.",T2V_data/label/vidgen_filter_gemini_part_0_dpo_8/NbSAbWKnTts-Scene-0010/entity_20.mp4,T2V_data/label/vidgen_filter_gemini_part_0_dpo_8/NbSAbWKnTts-Scene-0010/aug_entity_20.png
T2V_data/VIDGEN-1M_unzip/O83mxCkyT4U-Scene-0055.mp4,"The video shows a man standing in a field holding a stick. He is wearing a red shirt, black vest, and yellow sunglasses. The man is seen bending the stick and then throwing it into the air. The background shows a river and greenery.",T2V_data/label/vidgen_filter_gemini_part_0_dpo_8/O83mxCkyT4U-Scene-0055/entity_60.mp4,T2V_data/label/vidgen_filter_gemini_part_0_dpo_8/O83mxCkyT4U-Scene-0055/aug_entity_60.png
T2V_data/VIDGEN-1M_unzip/OQ9YYDnJ-NM-Scene-0149.mp4,"The video shows a close-up of a person's hand holding a carrot and using a knife to peel it. The carrot is bright orange and appears to be fresh. The person's hand is steady as they carefully peel off the outer layer of the carrot, revealing the lighter orange flesh underneath. The background is blurred, but it appears to be a kitchen counter with other vegetables visible.",T2V_data/label/vidgen_filter_gemini_part_0_dpo_8/OQ9YYDnJ-NM-Scene-0149/entity_20.mp4,T2V_data/label/vidgen_filter_gemini_part_0_dpo_8/OQ9YYDnJ-NM-Scene-0149/aug_entity_20.png
T2V_data/VIDGEN-1M_unzip/OQ9YYDnJ-NM-Scene-0149.mp4,"The video shows a close-up of a person's hand holding a carrot and using a knife to peel it. The carrot is bright orange and appears to be fresh. The person's hand is steady as they carefully peel off the outer layer of the carrot, revealing the lighter orange flesh underneath. The background is blurred, but it appears to be a kitchen counter with other vegetables visible.",T2V_data/label/vidgen_filter_gemini_part_0_dpo_8/OQ9YYDnJ-NM-Scene-0149/entity_40.mp4,T2V_data/label/vidgen_filter_gemini_part_0_dpo_8/OQ9YYDnJ-NM-Scene-0149/aug_entity_40.png
T2V_data/VIDGEN-1M_unzip/OQW896XcacI-Scene-0006.mp4,"The video shows a helicopter flying over a mountain range. The helicopter is carrying a large bucket of water, which it releases onto the mountains. The mountains are covered in smoke, indicating a possible fire. The helicopter is flying at a low altitude, and the water bucket is released directly onto the mountain. The video is shot from a distance, making it difficult to see the details of the helicopter or the mountains. The colors in the video are muted, with the mountains appearing dark and the smoke a light gray. The helicopter is mostly white, with some darker colors on its body. The water bucket is a bright blue color, contrasting with the darker colors of the mountains and smoke.",T2V_data/label/vidgen_filter_gemini_part_0_dpo_8/OQW896XcacI-Scene-0006/entity_40.mp4,T2V_data/label/vidgen_filter_gemini_part_0_dpo_8/OQW896XcacI-Scene-0006/aug_entity_40.png
T2V_data/VIDGEN-1M_unzip/Oc4WBz7lwZM-Scene-0009.mp4,"In the video, a man is seen working underneath a car. He is using a power tool to remove a bolt from the underside of the car. The man is wearing a black shirt and appears to be focused on his task. The car is elevated, and the man is standing on the ground, reaching up to the underside of the car. The power tool he is using is red and black, and he is holding it with both hands. The bolt he is removing is silver and appears to be located near the exhaust pipe of the car. The man is using a wrench to assist him in removing the bolt. The video is shot in a garage, and there are various tools and equipment visible in the background.",T2V_data/label/vidgen_filter_gemini_part_0_dpo_8/Oc4WBz7lwZM-Scene-0009/entity_20.mp4,T2V_data/label/vidgen_filter_gemini_part_0_dpo_8/Oc4WBz7lwZM-Scene-0009/aug_entity_20.png
T2V_data/VIDGEN-1M_unzip/Of4hxdlDgG0-Scene-0066.mp4,"In the video, a person is seen cooking a dish in a pan on a stove. The person is using a spatula to stir the contents of the pan. The pan appears to be filled with a mixture of vegetables and possibly some type of meat. The person is continuously stirring the mixture, ensuring that it cooks evenly. The stove is on, and the flame is visible under the pan. The person's movements are quick and precise, indicating that they are experienced in cooking. The kitchen in the background is well-lit, and various cooking utensils and ingredients can be seen. The person's attire is casual, and they seem to be focused on the task at hand. The video does not contain any dialogue or background music.",T2V_data/label/vidgen_filter_gemini_part_0_dpo_8/Of4hxdlDgG0-Scene-0066/entity_40.mp4,T2V_data/label/vidgen_filter_gemini_part_0_dpo_8/Of4hxdlDgG0-Scene-0066/aug_entity_40.png
T2V_data/VIDGEN-1M_unzip/Of4hxdlDgG0-Scene-0066.mp4,"In the video, a person is seen cooking a dish in a pan on a stove. The person is using a spatula to stir the contents of the pan. The pan appears to be filled with a mixture of vegetables and possibly some type of meat. The person is continuously stirring the mixture, ensuring that it cooks evenly. The stove is on, and the flame is visible under the pan. The person's movements are quick and precise, indicating that they are experienced in cooking. The kitchen in the background is well-lit, and various cooking utensils and ingredients can be seen. The person's attire is casual, and they seem to be focused on the task at hand. The video does not contain any dialogue or background music.",T2V_data/label/vidgen_filter_gemini_part_0_dpo_8/Of4hxdlDgG0-Scene-0066/entity_60.mp4,T2V_data/label/vidgen_filter_gemini_part_0_dpo_8/Of4hxdlDgG0-Scene-0066/aug_entity_60.png
T2V_data/VIDGEN-1M_unzip/OfIQ9aLY0vo-Scene-0018.mp4,"The video shows a person standing outside, wearing a blue shirt with yellow flowers and a pink headscarf. The person is holding a pink basket filled with black beans and is using a red colander to sort through them. The person is picking up the beans and placing them into the colander, then shaking the colander to separate the beans from the debris. The background is a grassy area with some trees.",T2V_data/label/vidgen_filter_gemini_part_0_dpo_8/OfIQ9aLY0vo-Scene-0018/entity_40.mp4,T2V_data/label/vidgen_filter_gemini_part_0_dpo_8/OfIQ9aLY0vo-Scene-0018/aug_entity_40.png
T2V_data/VIDGEN-1M_unzip/OfIQ9aLY0vo-Scene-0018.mp4,"The video shows a person standing outside, wearing a blue shirt with yellow flowers and a pink headscarf. The person is holding a pink basket filled with black beans and is using a red colander to sort through them. The person is picking up the beans and placing them into the colander, then shaking the colander to separate the beans from the debris. The background is a grassy area with some trees.",T2V_data/label/vidgen_filter_gemini_part_0_dpo_8/OfIQ9aLY0vo-Scene-0018/entity_60.mp4,T2V_data/label/vidgen_filter_gemini_part_0_dpo_8/OfIQ9aLY0vo-Scene-0018/aug_entity_60.png
T2V_data/VIDGEN-1M_unzip/OukRIyN5frQ-Scene-0002.mp4,"The video features a woman in a white taekwondo uniform with a black belt. She is seen speaking to the camera and demonstrating various moves. In one of the scenes, she is holding a red kicking pad while a man in a blue shirt and black shorts kicks it. The woman is also seen holding a red kicking pad while a man in a blue shirt kicks it. The video also shows the woman demonstrating a move with her hand while speaking to the camera.",T2V_data/label/vidgen_filter_gemini_part_0_dpo_8/OukRIyN5frQ-Scene-0002/entity_20.mp4,T2V_data/label/vidgen_filter_gemini_part_0_dpo_8/OukRIyN5frQ-Scene-0002/aug_entity_20.png
T2V_data/VIDGEN-1M_unzip/P18mgEBZ3LM-Scene-0012.mp4,"The video shows a person's hands rolling out dough on a floured surface. The dough is being rolled out with a rolling pin, and the person is using their hands to shape and flatten it. The dough is beige in color, and the surface is covered in white flour. The rolling pin is wooden and cylindrical. The person's hands are visible, and they are wearing a black long-sleeved shirt.",T2V_data/label/vidgen_filter_gemini_part_0_dpo_8/P18mgEBZ3LM-Scene-0012/entity_60.mp4,T2V_data/label/vidgen_filter_gemini_part_0_dpo_8/P18mgEBZ3LM-Scene-0012/aug_entity_60.png
T2V_data/VIDGEN-1M_unzip/WagqJQbPg7Y-Scene-0048.mp4,"In the video, a woman is seen pouring a yellow liquid from a large glass container into a glass bottle. She is wearing a white apron with the words ""Sweet Sweet"" written on it. The liquid is being poured through a yellow tube that is attached to the glass container. The woman is standing in a kitchen, and there is a blurred figure in the background. The video is shot from a close-up angle, focusing on the woman's hands and the glass container.",T2V_data/label/vidgen_filter_gemini_part_0_dpo_8/WagqJQbPg7Y-Scene-0048/entity_60.mp4,T2V_data/label/vidgen_filter_gemini_part_0_dpo_8/WagqJQbPg7Y-Scene-0048/aug_entity_60.png
T2V_data/VIDGEN-1M_unzip/Wv0TuK3UQW4-Scene-0048.mp4,"In the video, a person is seen holding a knife and cutting through a fish. The fish is placed on a cutting board, and the person is using the knife to make precise cuts. The person's hands are visible, and they appear to be experienced in handling the knife. The fish is fresh, and the person is cutting it with care. The background is blurred, but it appears to be a kitchen setting.",T2V_data/label/vidgen_filter_gemini_part_0_dpo_8/Wv0TuK3UQW4-Scene-0048/entity_60.mp4,T2V_data/label/vidgen_filter_gemini_part_0_dpo_8/Wv0TuK3UQW4-Scene-0048/aug_entity_60.png
T2V_data/VIDGEN-1M_unzip/Wv0TuK3UQW4-Scene-0048.mp4,"In the video, a person is seen holding a knife and cutting through a fish. The fish is placed on a cutting board, and the person is using the knife to make precise cuts. The person's hands are visible, and they appear to be experienced in handling the knife. The fish is fresh, and the person is cutting it with care. The background is blurred, but it appears to be a kitchen setting.",T2V_data/label/vidgen_filter_gemini_part_0_dpo_8/Wv0TuK3UQW4-Scene-0048/entity_80.mp4,T2V_data/label/vidgen_filter_gemini_part_0_dpo_8/Wv0TuK3UQW4-Scene-0048/aug_entity_80.png
T2V_data/VIDGEN-1M_unzip/XPQHepPX5V8-Scene-0098.mp4,"In the video, a man and a woman are seen walking through a dark cave. The man is holding a torch, and the woman is holding a candle. They are walking towards a large stone pillar that is lit with fire. The woman places her candle on the pillar, and the flame from the candle ignites the fire on the pillar. The man then places his torch on the pillar, and the flames from both the candle and the torch grow larger. The man and woman continue to walk through the cave, with the flames from the pillar illuminating their path.",T2V_data/label/vidgen_filter_gemini_part_0_dpo_8/XPQHepPX5V8-Scene-0098/entity_20.mp4,T2V_data/label/vidgen_filter_gemini_part_0_dpo_8/XPQHepPX5V8-Scene-0098/aug_entity_20.png
T2V_data/VIDGEN-1M_unzip/XPQHepPX5V8-Scene-0098.mp4,"In the video, a man and a woman are seen walking through a dark cave. The man is holding a torch, and the woman is holding a candle. They are walking towards a large stone pillar that is lit with fire. The woman places her candle on the pillar, and the flame from the candle ignites the fire on the pillar. The man then places his torch on the pillar, and the flames from both the candle and the torch grow larger. The man and woman continue to walk through the cave, with the flames from the pillar illuminating their path.",T2V_data/label/vidgen_filter_gemini_part_0_dpo_8/XPQHepPX5V8-Scene-0098/entity_60.mp4,T2V_data/label/vidgen_filter_gemini_part_0_dpo_8/XPQHepPX5V8-Scene-0098/aug_entity_60.png
T2V_data/VIDGEN-1M_unzip/Xsgsu_tccI8-Scene-0015.mp4,"This video is a recording of a soccer game. The game is being played on a green field with white lines marking the boundaries and the center of the field. The players are wearing different colored uniforms, with one team in white and the other in black. The video shows a player in white dribbling the ball towards the goal and then kicking it into the net. The goalkeeper, dressed in green, dives to the right in an attempt to stop the ball but fails. The ball is then seen in the back of the net, indicating a successful goal. The stands in the background are filled with spectators.",T2V_data/label/vidgen_filter_gemini_part_0_dpo_8/Xsgsu_tccI8-Scene-0015/entity_20.mp4,T2V_data/label/vidgen_filter_gemini_part_0_dpo_8/Xsgsu_tccI8-Scene-0015/aug_entity_20.png
T2V_data/VIDGEN-1M_unzip/XvXxfweJc5Y-Scene-0038.mp4,"In the video, a man is seen performing a squat exercise with a barbell. He is wearing a black t-shirt with the words ""BUTT"" and ""BUFF"" printed on it, and gray shorts. The barbell is loaded with weights, and the man is standing in a squat rack. He starts in a standing position, then lowers his body by bending his knees and hips, and returns to the starting position. The gym has various fitness equipment in the background, and there is a mirror reflecting the man's movements.",T2V_data/label/vidgen_filter_gemini_part_0_dpo_8/XvXxfweJc5Y-Scene-0038/entity_20.mp4,T2V_data/label/vidgen_filter_gemini_part_0_dpo_8/XvXxfweJc5Y-Scene-0038/aug_entity_20.png
T2V_data/VIDGEN-1M_unzip/XvXxfweJc5Y-Scene-0038.mp4,"In the video, a man is seen performing a squat exercise with a barbell. He is wearing a black t-shirt with the words ""BUTT"" and ""BUFF"" printed on it, and gray shorts. The barbell is loaded with weights, and the man is standing in a squat rack. He starts in a standing position, then lowers his body by bending his knees and hips, and returns to the starting position. The gym has various fitness equipment in the background, and there is a mirror reflecting the man's movements.",T2V_data/label/vidgen_filter_gemini_part_0_dpo_8/XvXxfweJc5Y-Scene-0038/entity_40.mp4,T2V_data/label/vidgen_filter_gemini_part_0_dpo_8/XvXxfweJc5Y-Scene-0038/aug_entity_40.png
T2V_data/VIDGEN-1M_unzip/Y-arDuU2Kwg-Scene-0027.mp4,"In the video, a person is seen holding a fish in their hand above a body of water. The fish is green in color and appears to be alive. The person then lowers the fish into the water, and it swims away. The water is clear, and there are some leaves floating on the surface. The person's hand is visible, and they seem to be wearing a watch. The fish is the only animal visible in the video.",T2V_data/label/vidgen_filter_gemini_part_0_dpo_8/Y-arDuU2Kwg-Scene-0027/entity_20.mp4,T2V_data/label/vidgen_filter_gemini_part_0_dpo_8/Y-arDuU2Kwg-Scene-0027/aug_entity_20.png
T2V_data/VIDGEN-1M_unzip/YIglF8yqci8-Scene-0056.mp4,"The video features a sloth hanging from a tree branch, with a bird perched on the branch next to it. The bird is seen pecking at a piece of corn that the sloth is holding with its long claws. The bird's feathers are a mix of green, blue, and red, while the sloth has a brownish-gray fur. The background is blurred, but it appears to be a natural environment.",T2V_data/label/vidgen_filter_gemini_part_0_dpo_8/YIglF8yqci8-Scene-0056/entity_20.mp4,T2V_data/label/vidgen_filter_gemini_part_0_dpo_8/YIglF8yqci8-Scene-0056/aug_entity_20.png
T2V_data/VIDGEN-1M_unzip/YWBGiI64pns-Scene-0019.mp4,"The video shows a man in a red shirt kneeling down and placing several bowls on a tray. He then proceeds to put the tray into a kiln. The man appears to be in a workshop or pottery studio, and the kiln is made of bricks. The bowls are of various sizes and shapes, and they are all beige in color. The man seems to be preparing the bowls for firing in the kiln.",T2V_data/label/vidgen_filter_gemini_part_0_dpo_8/YWBGiI64pns-Scene-0019/entity_20.mp4,T2V_data/label/vidgen_filter_gemini_part_0_dpo_8/YWBGiI64pns-Scene-0019/aug_entity_20.png
T2V_data/VIDGEN-1M_unzip/Yr6uB0bBjXE-Scene-0017.mp4,"In the video, a man is seen riding a mountain bike in a skate park. He is wearing a blue shirt, orange gloves, and a white helmet. The bike has a black frame with blue accents. The man rides up a ramp and performs a jump, landing smoothly on the other side. The skate park is surrounded by trees and has a concrete surface. The video is shot during the daytime and the weather appears to be clear.",T2V_data/label/vidgen_filter_gemini_part_0_dpo_8/Yr6uB0bBjXE-Scene-0017/entity_20.mp4,T2V_data/label/vidgen_filter_gemini_part_0_dpo_8/Yr6uB0bBjXE-Scene-0017/aug_entity_20.png
T2V_data/VIDGEN-1M_unzip/YxvW30aJIr0-Scene-0247.mp4,"The video shows a roller coaster ride from the perspective of the rider. The roller coaster is red and has a steep drop. The rider goes up the hill, reaches the top, and then drops down. The sky is clear and blue, and there is a body of water visible in the distance.",T2V_data/label/vidgen_filter_gemini_part_0_dpo_8/YxvW30aJIr0-Scene-0247/entity_20.mp4,T2V_data/label/vidgen_filter_gemini_part_0_dpo_8/YxvW30aJIr0-Scene-0247/aug_entity_20.png
T2V_data/VIDGEN-1M_unzip/YyHos23yJy4-Scene-0052.mp4,"The video shows a soccer game in progress. One player, wearing a white jersey, is seen falling to the ground while another player, wearing a red and black striped jersey, is standing next to him. The player in the red and black striped jersey is holding a soccer ball and appears to be in the process of kicking it. The background shows a large crowd of spectators watching the game. The players are on a green field with white boundary lines. The video is in slow motion, allowing for a detailed view of the players' movements and the ball's trajectory.",T2V_data/label/vidgen_filter_gemini_part_0_dpo_8/YyHos23yJy4-Scene-0052/entity_20.mp4,T2V_data/label/vidgen_filter_gemini_part_0_dpo_8/YyHos23yJy4-Scene-0052/aug_entity_20.png
T2V_data/VIDGEN-1M_unzip/Z6wBfTc7Gkk-Scene-0039.mp4,"In the video, a young boy is seen arm wrestling with a man. The boy is shirtless and wearing a hat, while the man has a beard and is wearing a sweater. The boy appears to be struggling to win the match, but the man eventually overpowers him. The boy then stands up and walks away, seemingly disappointed with the outcome. The setting appears to be a living room with a couch and a kitchen in the background.",T2V_data/label/vidgen_filter_gemini_part_0_dpo_8/Z6wBfTc7Gkk-Scene-0039/entity_40.mp4,T2V_data/label/vidgen_filter_gemini_part_0_dpo_8/Z6wBfTc7Gkk-Scene-0039/aug_entity_40.png
T2V_data/VIDGEN-1M_unzip/Z6y8fu70EjQ-Scene-0107.mp4,"The video shows a close-up of a gecko hanging upside down on a glass wall. The gecko has a brown and green coloration that blends in with the leaves and branches in the background. The gecko's eyes are open, and it appears to be calmly observing its surroundings. The glass wall has some water droplets on it, and there are green leaves and branches visible in the background. The gecko's feet are gripping the glass, and its tail is curled around its body.",T2V_data/label/vidgen_filter_gemini_part_0_dpo_8/Z6y8fu70EjQ-Scene-0107/entity_20.mp4,T2V_data/label/vidgen_filter_gemini_part_0_dpo_8/Z6y8fu70EjQ-Scene-0107/aug_entity_20.png
T2V_data/VIDGEN-1M_unzip/ZAu9oVwoYaU-Scene-0007.mp4,"The video shows a baseball player in a white uniform with the word ""Rays"" on it. He is holding a baseball glove in his left hand and a baseball in his right hand. The player is standing in front of a green wall with a yellow top. He is smiling and appears to be in a good mood. He then proceeds to throw the baseball with a flick of his wrist. The video is shot in slow motion, allowing viewers to see the details of the player's movements and the trajectory of the ball.",T2V_data/label/vidgen_filter_gemini_part_0_dpo_8/ZAu9oVwoYaU-Scene-0007/entity_60.mp4,T2V_data/label/vidgen_filter_gemini_part_0_dpo_8/ZAu9oVwoYaU-Scene-0007/aug_entity_60.png
T2V_data/VIDGEN-1M_unzip/ZJhr5JMppgI-Scene-0123.mp4,"The video shows a girl riding a white horse in an indoor arena. The horse is wearing a red saddle pad and the girl is wearing a black helmet. They are jumping over obstacles, including a wooden fence and a green plastic tub. The arena has wooden walls and the ground is covered in sand.",T2V_data/label/vidgen_filter_gemini_part_0_dpo_8/ZJhr5JMppgI-Scene-0123/entity_20.mp4,T2V_data/label/vidgen_filter_gemini_part_0_dpo_8/ZJhr5JMppgI-Scene-0123/aug_entity_20.png
T2V_data/VIDGEN-1M_unzip/Zfc0QuiKTCI-Scene-0010.mp4,"In the video, two young girls are standing in a kitchen. One girl is wearing a blue dress, and the other is wearing a yellow hoodie with a Minion pattern. They are both holding green apples and inserting sticks into them. The girl in the blue dress is holding a green apple in her hand, while the girl in the yellow hoodie is holding a stick. They both seem to be enjoying the activity and are smiling. The kitchen has a tiled backsplash, and there is a clear plastic container on the counter in front of them with more green apples in it.",T2V_data/label/vidgen_filter_gemini_part_0_dpo_8/Zfc0QuiKTCI-Scene-0010/entity_20.mp4,T2V_data/label/vidgen_filter_gemini_part_0_dpo_8/Zfc0QuiKTCI-Scene-0010/aug_entity_20.png
T2V_data/VIDGEN-1M_unzip/_53ixH8_hVo-Scene-0004.mp4,"In the video, a person is seen stirring a large pot of liquid with a white spoon. The liquid appears to be bubbling and frothy, indicating that it is being cooked or heated. The person's hand is visible, and they are wearing a green shirt. The pot is silver and appears to be made of metal. The background is not visible, so it is unclear where the person is located. The video does not contain any other objects or people.",T2V_data/label/vidgen_filter_gemini_part_0_dpo_8/_53ixH8_hVo-Scene-0004/entity_40.mp4,T2V_data/label/vidgen_filter_gemini_part_0_dpo_8/_53ixH8_hVo-Scene-0004/aug_entity_40.png
T2V_data/VIDGEN-1M_unzip/_5nYmI-uFE4-Scene-0037.mp4,"In the video, a man is standing in a kitchen and talking to the camera. He is wearing a black t-shirt with the words ""Keto Connect"" written on it. The kitchen has white cabinets and a microwave in the background. The man is holding a bottle of liquid and unscrewing the cap. He then pours the liquid into a green bowl that is on the counter in front of him. The man continues to talk while pouring the liquid.",T2V_data/label/vidgen_filter_gemini_part_0_dpo_8/_5nYmI-uFE4-Scene-0037/entity_20.mp4,T2V_data/label/vidgen_filter_gemini_part_0_dpo_8/_5nYmI-uFE4-Scene-0037/aug_entity_20.png
T2V_data/VIDGEN-1M_unzip/_5nYmI-uFE4-Scene-0037.mp4,"In the video, a man is standing in a kitchen and talking to the camera. He is wearing a black t-shirt with the words ""Keto Connect"" written on it. The kitchen has white cabinets and a microwave in the background. The man is holding a bottle of liquid and unscrewing the cap. He then pours the liquid into a green bowl that is on the counter in front of him. The man continues to talk while pouring the liquid.",T2V_data/label/vidgen_filter_gemini_part_0_dpo_8/_5nYmI-uFE4-Scene-0037/entity_40.mp4,T2V_data/label/vidgen_filter_gemini_part_0_dpo_8/_5nYmI-uFE4-Scene-0037/aug_entity_40.png
T2V_data/VIDGEN-1M_unzip/_XatSedoceA-Scene-0103.mp4,"In the video, a young girl is seen climbing up a rock wall. She is wearing a red jacket and blue pants. The rock wall is white and has various colored rocks attached to it. The girl is using a rope to help her climb up the wall. The background shows a clear blue sky and some trees.",T2V_data/label/vidgen_filter_gemini_part_0_dpo_8/_XatSedoceA-Scene-0103/entity_20.mp4,T2V_data/label/vidgen_filter_gemini_part_0_dpo_8/_XatSedoceA-Scene-0103/aug_entity_20.png
T2V_data/VIDGEN-1M_unzip/_Zo1CiLuWcI-Scene-0010.mp4,"The video shows a group of race cars driving on a track. The cars are of different colors and designs, and they are moving at a high speed. The track appears to be well-maintained and has a smooth surface. The cars are closely packed together, and the drivers are skillfully maneuvering their vehicles to maintain their positions. The sound of the engines can be heard in the background, adding to the excitement of the race. The video captures the intensity and thrill of a car race, with the cars speeding past each other and the drivers focused on the road ahead.",T2V_data/label/vidgen_filter_gemini_part_0_dpo_8/_Zo1CiLuWcI-Scene-0010/entity_20.mp4,T2V_data/label/vidgen_filter_gemini_part_0_dpo_8/_Zo1CiLuWcI-Scene-0010/aug_entity_20.png
T2V_data/VIDGEN-1M_unzip/__pLrX2b0O0-Scene-0063.mp4,"In the video, a person is seen interacting with an aquarium. The person is using their finger to push around the rocks in the tank, possibly to create a hiding spot or to rearrange the decorations. The aquarium appears to be well-maintained, with clear water and a variety of rocks and decorations. The person's movements are deliberate and careful, suggesting that they are familiar with the tank and its inhabitants. The lighting in the video is bright, highlighting the colors and textures of the rocks and decorations. Overall, the video provides a glimpse into the daily care and maintenance of an aquarium.",T2V_data/label/vidgen_filter_gemini_part_0_dpo_8/__pLrX2b0O0-Scene-0063/entity_40.mp4,T2V_data/label/vidgen_filter_gemini_part_0_dpo_8/__pLrX2b0O0-Scene-0063/aug_entity_40.png
T2V_data/VIDGEN-1M_unzip/_iry8t33biE-Scene-0015.mp4,"In the video, there are two puppies playing on a tiled floor. One of the puppies is brown and the other is black and brown. They are playing with a blue bowl. The brown puppy is seen jumping on the black and brown puppy. The black and brown puppy is also seen jumping on the brown puppy. The video is shot from above, and the puppies are playing in a room.",T2V_data/label/vidgen_filter_gemini_part_0_dpo_8/_iry8t33biE-Scene-0015/entity_20.mp4,T2V_data/label/vidgen_filter_gemini_part_0_dpo_8/_iry8t33biE-Scene-0015/aug_entity_20.png
T2V_data/VIDGEN-1M_unzip/_kQr8-aDRyQ-Scene-0023.mp4,"The video shows a close-up of a person feeding a group of baby birds with a syringe. The birds are in a bowl, and the person is carefully administering the liquid food to each bird. The birds are small and fluffy, with their eyes closed, and they eagerly accept the food from the syringe. The person's hand is steady as they administer the food, and the birds seem to be very hungry and eager to eat. The video captures the moment of care and nurturing between the person and the birds.",T2V_data/label/vidgen_filter_gemini_part_0_dpo_8/_kQr8-aDRyQ-Scene-0023/entity_80.mp4,T2V_data/label/vidgen_filter_gemini_part_0_dpo_8/_kQr8-aDRyQ-Scene-0023/aug_entity_80.png
T2V_data/VIDGEN-1M_unzip/_oB-3xszzUE-Scene-0100.mp4,"The video shows a motorcycle rider driving down a street. The rider is wearing a helmet and is riding a motorcycle with a side mirror. The street is lined with parked cars and trees. As the rider approaches a parked car, they slow down and come to a stop. The rider then turns around and drives back in the direction they came from.",T2V_data/label/vidgen_filter_gemini_part_0_dpo_8/_oB-3xszzUE-Scene-0100/entity_20.mp4,T2V_data/label/vidgen_filter_gemini_part_0_dpo_8/_oB-3xszzUE-Scene-0100/aug_entity_20.png
T2V_data/VIDGEN-1M_unzip/_wnldeTSluY-Scene-0002.mp4,"In the video, a young man is seen riding a skateboard at a skate park. He is wearing a black t-shirt and black pants. The skate park has a metal railing that the skateboarder uses to perform a trick. He jumps onto the railing with his skateboard, slides along it, and then jumps back onto the ground. The skate park is surrounded by walls with colorful graffiti on them. The skateboarder successfully completes the trick and lands on his skateboard.",T2V_data/label/vidgen_filter_gemini_part_0_dpo_8/_wnldeTSluY-Scene-0002/entity_40.mp4,T2V_data/label/vidgen_filter_gemini_part_0_dpo_8/_wnldeTSluY-Scene-0002/aug_entity_40.png
T2V_data/VIDGEN-1M_unzip/a0ZAoCnsyMY-Scene-0011.mp4,"The video shows a baseball game in progress. The pitcher throws the ball, and the batter hits it. The ball is then caught by the first baseman, who throws it to the second baseman to get the runner out. The video is shot from a high angle, showing the entire field. The players are wearing their team uniforms, and the field is well-maintained with green grass and brown dirt. The scoreboard is visible in the top left corner of the screen, showing the score and inning.",T2V_data/label/vidgen_filter_gemini_part_0_dpo_8/a0ZAoCnsyMY-Scene-0011/entity_60.mp4,T2V_data/label/vidgen_filter_gemini_part_0_dpo_8/a0ZAoCnsyMY-Scene-0011/aug_entity_60.png
T2V_data/VIDGEN-1M_unzip/a5vfZ6xoY3A-Scene-0040.mp4,"The video shows a toy train set on a table. The train set includes a blue track, a red bridge, and a white train with black stripes. There are also green trees and a yellow and blue train station. The train moves along the track, passing under the bridge and through the station.",T2V_data/label/vidgen_filter_gemini_part_0_dpo_8/a5vfZ6xoY3A-Scene-0040/entity_20.mp4,T2V_data/label/vidgen_filter_gemini_part_0_dpo_8/a5vfZ6xoY3A-Scene-0040/aug_entity_20.png
T2V_data/VIDGEN-1M_unzip/a5vfZ6xoY3A-Scene-0040.mp4,"The video shows a toy train set on a table. The train set includes a blue track, a red bridge, and a white train with black stripes. There are also green trees and a yellow and blue train station. The train moves along the track, passing under the bridge and through the station.",T2V_data/label/vidgen_filter_gemini_part_0_dpo_8/a5vfZ6xoY3A-Scene-0040/entity_40.mp4,T2V_data/label/vidgen_filter_gemini_part_0_dpo_8/a5vfZ6xoY3A-Scene-0040/aug_entity_40.png
T2V_data/VIDGEN-1M_unzip/aFGFk61SkxY-Scene-0005.mp4,"In the video, a man is seen working on a washing machine. He is wearing a beige shirt and glasses. The man is using a screwdriver to remove the top of the washing machine. He then proceeds to remove the drum from the machine. The man is standing in a room with blue walls and a workbench with tools in the background.",T2V_data/label/vidgen_filter_gemini_part_0_dpo_8/aFGFk61SkxY-Scene-0005/entity_40.mp4,T2V_data/label/vidgen_filter_gemini_part_0_dpo_8/aFGFk61SkxY-Scene-0005/aug_entity_40.png
T2V_data/VIDGEN-1M_unzip/al30ANiHMJQ-Scene-0017.mp4,"In the video, a man is seen sitting at a table with a black bag in front of him. He is wearing a camouflage shirt and a black cap. The man picks up a rifle that is resting on the table and proceeds to load it. He then aims the rifle and fires several shots. The background consists of a grassy field with trees.",T2V_data/label/vidgen_filter_gemini_part_0_dpo_8/al30ANiHMJQ-Scene-0017/entity_60.mp4,T2V_data/label/vidgen_filter_gemini_part_0_dpo_8/al30ANiHMJQ-Scene-0017/aug_entity_60.png
T2V_data/VIDGEN-1M_unzip/avMKBMV5uUA-Scene-0102.mp4,"In the video, a man is seen riding an elephant in a river. The man is shirtless and wearing black shorts. He is holding a stick in his hand and appears to be guiding the elephant. The elephant is moving through the water, and the man is sitting on its back. The river is surrounded by trees and rocks, and the water is flowing rapidly. The man seems to be enjoying the ride and is smiling.",T2V_data/label/vidgen_filter_gemini_part_0_dpo_8/avMKBMV5uUA-Scene-0102/entity_40.mp4,T2V_data/label/vidgen_filter_gemini_part_0_dpo_8/avMKBMV5uUA-Scene-0102/aug_entity_40.png
T2V_data/VIDGEN-1M_unzip/ay2S5gBSoGA-Scene-0004.mp4,"The video shows a hockey game in progress. The players are wearing white and red jerseys, and the goalie is wearing a white jersey with black pads. The players are skating on the ice, and the goalie is defending the goal. The puck is being shot towards the goal, and the goalie is trying to block it. The players are moving quickly and are in close proximity to each other. The ice rink is surrounded by boards and glass, and there are advertisements on the boards. The video is shot from the side of the rink, and the camera is focused on the goal area.",T2V_data/label/vidgen_filter_gemini_part_0_dpo_8/ay2S5gBSoGA-Scene-0004/entity_40.mp4,T2V_data/label/vidgen_filter_gemini_part_0_dpo_8/ay2S5gBSoGA-Scene-0004/aug_entity_40.png
T2V_data/VIDGEN-1M_unzip/ayw37v3vtoE-Scene-0204.mp4,"The video shows a bear in a river, catching a fish. The bear is seen swimming in the water and then catching a fish with its mouth. The bear then holds the fish in its mouth and swims back to the shore. The bear is brown and appears to be a large adult. The river water is clear and the fish is pink and white. The bear successfully catches the fish and brings it back to the shore.",T2V_data/label/vidgen_filter_gemini_part_0_dpo_8/ayw37v3vtoE-Scene-0204/entity_20.mp4,T2V_data/label/vidgen_filter_gemini_part_0_dpo_8/ayw37v3vtoE-Scene-0204/aug_entity_20.png
T2V_data/VIDGEN-1M_unzip/b3kbJ0vJzA8-Scene-0116.mp4,"The video shows a person lying on the ground under a car. The person is wearing black pants and black shoes. The car is white and has a black interior. The person is moving their legs under the car, possibly trying to fix or adjust something. The car is parked in a garage, and there are other cars and equipment visible in the background. The lighting in the garage is dim, and the video quality is clear.",T2V_data/label/vidgen_filter_gemini_part_0_dpo_8/b3kbJ0vJzA8-Scene-0116/entity_20.mp4,T2V_data/label/vidgen_filter_gemini_part_0_dpo_8/b3kbJ0vJzA8-Scene-0116/aug_entity_20.png
T2V_data/VIDGEN-1M_unzip/b3kbJ0vJzA8-Scene-0116.mp4,"The video shows a person lying on the ground under a car. The person is wearing black pants and black shoes. The car is white and has a black interior. The person is moving their legs under the car, possibly trying to fix or adjust something. The car is parked in a garage, and there are other cars and equipment visible in the background. The lighting in the garage is dim, and the video quality is clear.",T2V_data/label/vidgen_filter_gemini_part_0_dpo_8/b3kbJ0vJzA8-Scene-0116/entity_60.mp4,T2V_data/label/vidgen_filter_gemini_part_0_dpo_8/b3kbJ0vJzA8-Scene-0116/aug_entity_60.png
T2V_data/VIDGEN-1M_unzip/bfD92q9kNd4-Scene-0011.mp4,"In the video, a man is seen using a tool to bend a piece of metal. The tool is yellow and appears to be a type of bending tool. The man is wearing a blue shirt and is holding the tool with both hands. He is bending the metal in a circular motion, and the metal is being bent into a circular shape. The background is cluttered with various tools and equipment, indicating that the man is likely in a workshop or garage setting. The lighting in the video is bright, and the focus is on the man and the tool he is using.",T2V_data/label/vidgen_filter_gemini_part_0_dpo_8/bfD92q9kNd4-Scene-0011/entity_60.mp4,T2V_data/label/vidgen_filter_gemini_part_0_dpo_8/bfD92q9kNd4-Scene-0011/aug_entity_60.png
T2V_data/VIDGEN-1M_unzip/c4zO2qsfR1A-Scene-1166.mp4,"The video shows a person holding an egg in their hand and using a plastic bottle to suck the yolk out of the egg. The person is wearing a red shirt and blue shorts, and there is a red stool in the background. The egg is white, and the yolk is yellow. The person is using a plastic bottle with a red cap to suck the yolk out of the egg.",T2V_data/label/vidgen_filter_gemini_part_0_dpo_8/c4zO2qsfR1A-Scene-1166/entity_60.mp4,T2V_data/label/vidgen_filter_gemini_part_0_dpo_8/c4zO2qsfR1A-Scene-1166/aug_entity_60.png
T2V_data/VIDGEN-1M_unzip/cHZrW2QUmQQ-Scene-0054.mp4,"The video begins with a red monster with horns sitting on a pink couch, reading a book. A small white creature with a pink bow is sitting next to him. Suddenly, a purple figure with a hood appears and starts throwing papers at the monster. The papers fly around the room, and the monster looks surprised. The purple figure continues to throw papers, and the monster tries to catch them. The video ends with the monster looking frustrated as papers fly all around him.",T2V_data/label/vidgen_filter_gemini_part_0_dpo_8/cHZrW2QUmQQ-Scene-0054/entity_40.mp4,T2V_data/label/vidgen_filter_gemini_part_0_dpo_8/cHZrW2QUmQQ-Scene-0054/aug_entity_40.png
T2V_data/VIDGEN-1M_unzip/cTh7AfEfmsI-Scene-0014.mp4,"In the video, a person is seen holding a blue ball filled with small beads. The person is holding the ball in their hands and moving it around. The ball appears to be made of a soft material and is covered in small, round beads. The person's hands are visible in the frame, and they seem to be examining the ball closely. The background is not clearly visible, but it appears to be a room with some objects in the background. The person's movements are slow and deliberate, suggesting that they are carefully examining the ball. There is no audio or text in the video.",T2V_data/label/vidgen_filter_gemini_part_0_dpo_8/cTh7AfEfmsI-Scene-0014/entity_20.mp4,T2V_data/label/vidgen_filter_gemini_part_0_dpo_8/cTh7AfEfmsI-Scene-0014/aug_entity_20.png
T2V_data/VIDGEN-1M_unzip/cZnn7OzQPrM-Scene-0050.mp4,"In the video, two boys are playing outside on a grassy lawn. One boy is wearing a green shirt and the other is wearing a blue shirt. They are playing with a yellow rope that is tied between two trees. The boy in the blue shirt is holding the rope and swinging it back and forth, while the boy in the green shirt is trying to jump over it. The boy in the blue shirt is laughing and having fun, while the boy in the green shirt is concentrating on jumping over the rope. The background shows a house and some bushes.",T2V_data/label/vidgen_filter_gemini_part_0_dpo_8/cZnn7OzQPrM-Scene-0050/entity_20.mp4,T2V_data/label/vidgen_filter_gemini_part_0_dpo_8/cZnn7OzQPrM-Scene-0050/aug_entity_20.png
T2V_data/VIDGEN-1M_unzip/cZnn7OzQPrM-Scene-0050.mp4,"In the video, two boys are playing outside on a grassy lawn. One boy is wearing a green shirt and the other is wearing a blue shirt. They are playing with a yellow rope that is tied between two trees. The boy in the blue shirt is holding the rope and swinging it back and forth, while the boy in the green shirt is trying to jump over it. The boy in the blue shirt is laughing and having fun, while the boy in the green shirt is concentrating on jumping over the rope. The background shows a house and some bushes.",T2V_data/label/vidgen_filter_gemini_part_0_dpo_8/cZnn7OzQPrM-Scene-0050/entity_40.mp4,T2V_data/label/vidgen_filter_gemini_part_0_dpo_8/cZnn7OzQPrM-Scene-0050/aug_entity_40.png
T2V_data/VIDGEN-1M_unzip/c_Ewss2U1Mw-Scene-0016.mp4,"In the video, a person is seen working on a wooden structure. The person is using a glue gun to apply glue to a wooden stick and then attaches it to another wooden stick. The person then takes a piece of string and ties it around the two sticks, securing them together. The person repeats this process several times, attaching additional sticks to the structure and securing them with string. The wooden structure appears to be a model of a bridge or a similar construction. The person's hands are visible in the video, and they are wearing a ring on their left hand. The background is a dark surface, possibly a table or a workbench.",T2V_data/label/vidgen_filter_gemini_part_0_dpo_8/c_Ewss2U1Mw-Scene-0016/entity_80.mp4,T2V_data/label/vidgen_filter_gemini_part_0_dpo_8/c_Ewss2U1Mw-Scene-0016/aug_entity_80.png
T2V_data/VIDGEN-1M_unzip/dRwKubsZsYY-Scene-0015.mp4,"The video shows a man driving a red tractor with a red mower attached to it. He is mowing a field of tall grass. The tractor is moving forward, and the grass is being cut as the tractor passes over it. The man is wearing a white shirt and a hat. The sky is clear, and there are trees in the background.",T2V_data/label/vidgen_filter_gemini_part_0_dpo_8/dRwKubsZsYY-Scene-0015/entity_40.mp4,T2V_data/label/vidgen_filter_gemini_part_0_dpo_8/dRwKubsZsYY-Scene-0015/aug_entity_40.png
T2V_data/VIDGEN-1M_unzip/dlGm6O0i4qQ-Scene-0016.mp4,"In the video, a man is seen pouring a drink from a shaker into a glass. The drink is a yellow color and the man pours it carefully to avoid spilling. The glass is placed on a white countertop and there are other objects in the background, but they are not the focus of the video. The man's movements are smooth and controlled as he pours the drink, indicating that he is experienced in this task. The video is shot in a well-lit room, and the camera angle is from the side, providing a clear view of the pouring process.",T2V_data/label/vidgen_filter_gemini_part_0_dpo_8/dlGm6O0i4qQ-Scene-0016/entity_60.mp4,T2V_data/label/vidgen_filter_gemini_part_0_dpo_8/dlGm6O0i4qQ-Scene-0016/aug_entity_60.png
T2V_data/VIDGEN-1M_unzip/dp_YhgVqj34-Scene-0139.mp4,"In the video, a man is seen kneeling inside a car, working on the gear shift. He is wearing a black shirt and sunglasses are placed on his head. The car has a wooden steering wheel and the gear shift is located in the center console. The man is using a tool to work on the gear shift, and he appears to be focused on his task. The car's interior is black, and there is a keychain hanging from the gear shift. The man seems to be in the process of either fixing or adjusting the gear shift.",T2V_data/label/vidgen_filter_gemini_part_0_dpo_8/dp_YhgVqj34-Scene-0139/entity_20.mp4,T2V_data/label/vidgen_filter_gemini_part_0_dpo_8/dp_YhgVqj34-Scene-0139/aug_entity_20.png
T2V_data/VIDGEN-1M_unzip/dp_YhgVqj34-Scene-0139.mp4,"In the video, a man is seen kneeling inside a car, working on the gear shift. He is wearing a black shirt and sunglasses are placed on his head. The car has a wooden steering wheel and the gear shift is located in the center console. The man is using a tool to work on the gear shift, and he appears to be focused on his task. The car's interior is black, and there is a keychain hanging from the gear shift. The man seems to be in the process of either fixing or adjusting the gear shift.",T2V_data/label/vidgen_filter_gemini_part_0_dpo_8/dp_YhgVqj34-Scene-0139/entity_40.mp4,T2V_data/label/vidgen_filter_gemini_part_0_dpo_8/dp_YhgVqj34-Scene-0139/aug_entity_40.png
T2V_data/VIDGEN-1M_unzip/dxUwpFzSL4Y-Scene-0021.mp4,"In the video, a person is seen kneeling down in a forest. The person is using a shovel to dig a hole in the ground. The person then proceeds to place a plant into the hole and covers it up with dirt. The person then pats down the dirt to ensure that the plant is securely in place. The forest around the person is filled with trees and foliage, and the ground is covered in leaves and twigs. The person is wearing a green jacket and brown pants, and the shovel they are using is black with a red handle.",T2V_data/label/vidgen_filter_gemini_part_0_dpo_8/dxUwpFzSL4Y-Scene-0021/entity_20.mp4,T2V_data/label/vidgen_filter_gemini_part_0_dpo_8/dxUwpFzSL4Y-Scene-0021/aug_entity_20.png
T2V_data/VIDGEN-1M_unzip/dxUwpFzSL4Y-Scene-0021.mp4,"In the video, a person is seen kneeling down in a forest. The person is using a shovel to dig a hole in the ground. The person then proceeds to place a plant into the hole and covers it up with dirt. The person then pats down the dirt to ensure that the plant is securely in place. The forest around the person is filled with trees and foliage, and the ground is covered in leaves and twigs. The person is wearing a green jacket and brown pants, and the shovel they are using is black with a red handle.",T2V_data/label/vidgen_filter_gemini_part_0_dpo_8/dxUwpFzSL4Y-Scene-0021/entity_40.mp4,T2V_data/label/vidgen_filter_gemini_part_0_dpo_8/dxUwpFzSL4Y-Scene-0021/aug_entity_40.png
T2V_data/VIDGEN-1M_unzip/eCxKEl-7Yg0-Scene-0032.mp4,"In the video, a woman is seen walking her dog on a leash. She leads the dog to a small pink kiddie pool filled with water. The woman then proceeds to put the leash on the dog and picks up a stick. She then throws the stick into the pool for the dog to fetch. The dog eagerly jumps into the pool and retrieves the stick for its owner. The woman then gives the dog a treat as a reward for its good behavior. Throughout the video, the woman and her dog are the main focus, and their interaction is playful and affectionate. The setting appears to be a backyard or park, with trees and other greenery visible in the background. The video captures a moment of bonding between the woman and her dog, showcasing the joy and satisfaction that comes from spending time with a beloved pet.",T2V_data/label/vidgen_filter_gemini_part_0_dpo_8/eCxKEl-7Yg0-Scene-0032/entity_20.mp4,T2V_data/label/vidgen_filter_gemini_part_0_dpo_8/eCxKEl-7Yg0-Scene-0032/aug_entity_20.png
T2V_data/VIDGEN-1M_unzip/eCxKEl-7Yg0-Scene-0032.mp4,"In the video, a woman is seen walking her dog on a leash. She leads the dog to a small pink kiddie pool filled with water. The woman then proceeds to put the leash on the dog and picks up a stick. She then throws the stick into the pool for the dog to fetch. The dog eagerly jumps into the pool and retrieves the stick for its owner. The woman then gives the dog a treat as a reward for its good behavior. Throughout the video, the woman and her dog are the main focus, and their interaction is playful and affectionate. The setting appears to be a backyard or park, with trees and other greenery visible in the background. The video captures a moment of bonding between the woman and her dog, showcasing the joy and satisfaction that comes from spending time with a beloved pet.",T2V_data/label/vidgen_filter_gemini_part_0_dpo_8/eCxKEl-7Yg0-Scene-0032/entity_40.mp4,T2V_data/label/vidgen_filter_gemini_part_0_dpo_8/eCxKEl-7Yg0-Scene-0032/aug_entity_40.png
T2V_data/VIDGEN-1M_unzip/eEF6M-eRReo-Scene-0033.mp4,"The video shows a person using a blender to mix a smoothie. The blender is made of clear plastic and has a black lid. The person's hands are visible as they operate the blender. The smoothie appears to be a thick, creamy consistency and is a light brown color. The blender is set on a white countertop.",T2V_data/label/vidgen_filter_gemini_part_0_dpo_8/eEF6M-eRReo-Scene-0033/entity_60.mp4,T2V_data/label/vidgen_filter_gemini_part_0_dpo_8/eEF6M-eRReo-Scene-0033/aug_entity_60.png
T2V_data/VIDGEN-1M_unzip/eEHXAoHuli4-Scene-0008.mp4,"The video shows a man walking on a suspension bridge in a forest. The bridge is made of metal and has a metal railing on both sides. The man is wearing a black cap, a green shirt, and black shorts. He is carrying a black backpack and is walking slowly and carefully on the bridge. The forest around the bridge is lush and green, with tall trees and bushes. The sky is visible through the canopy of trees, and the sun is shining brightly. The man seems to be enjoying the beautiful scenery around him.",T2V_data/label/vidgen_filter_gemini_part_0_dpo_8/eEHXAoHuli4-Scene-0008/entity_20.mp4,T2V_data/label/vidgen_filter_gemini_part_0_dpo_8/eEHXAoHuli4-Scene-0008/aug_entity_20.png
T2V_data/VIDGEN-1M_unzip/e_sZYTS-yvQ-Scene-0051.mp4,The video shows a close-up of a pizza with various toppings on a wooden board. A person's hand is seen using a pizza cutter to slice the pizza into pieces. The pizza has a golden-brown crust and is topped with what appears to be nuts and possibly some cheese. The pizza cutter is silver and has a handle that the person is holding with their other hand.,T2V_data/label/vidgen_filter_gemini_part_0_dpo_8/e_sZYTS-yvQ-Scene-0051/entity_20.mp4,T2V_data/label/vidgen_filter_gemini_part_0_dpo_8/e_sZYTS-yvQ-Scene-0051/aug_entity_20.png
T2V_data/VIDGEN-1M_unzip/e_vvZq8LtSc-Scene-0029.mp4,"In the video, a person is holding a green leaf in front of a large lizard. The lizard is standing on the ground, and the person is moving the leaf around to attract the lizard's attention. The lizard seems interested in the leaf and is trying to bite it. The person is holding the leaf close to the lizard's face, and the lizard is trying to grab it with its mouth. The background of the video is a dirt ground with some plants and a fence visible in the distance. The lizard is mostly brown with some greenish color on its back, and it has a long tail. The person's hand is visible holding the leaf, and they are wearing a black glove.",T2V_data/label/vidgen_filter_gemini_part_0_dpo_8/e_vvZq8LtSc-Scene-0029/entity_20.mp4,T2V_data/label/vidgen_filter_gemini_part_0_dpo_8/e_vvZq8LtSc-Scene-0029/aug_entity_20.png
T2V_data/VIDGEN-1M_unzip/eiQOQCLMXBk-Scene-0027.mp4,"In the video, a man is seen skateboarding in an indoor skate park. He is wearing a black shirt and black pants. The skateboarder is performing various tricks, including jumps and flips. The indoor skate park has ramps and rails, and there are other people in the background. The skateboarder's movements are fluid and confident, and he appears to be experienced. The lighting in the skate park is bright, and the colors are vibrant. The video captures the excitement and energy of skateboarding.",T2V_data/label/vidgen_filter_gemini_part_0_dpo_8/eiQOQCLMXBk-Scene-0027/entity_20.mp4,T2V_data/label/vidgen_filter_gemini_part_0_dpo_8/eiQOQCLMXBk-Scene-0027/aug_entity_20.png
T2V_data/VIDGEN-1M_unzip/fBnk03_OYkU-Scene-0015.mp4,"The video shows a close-up of a person's hands as they hold a dragon fruit on a wooden cutting board. The person is using a knife to cut the fruit, which has a pink and green exterior. The person's hands are visible, and they are wearing a ring on their left hand. The knife is silver and has a black handle. The cutting board is made of wood and has a light brown color. The dragon fruit is cut into several pieces, and the person's hands are steady as they perform the task.",T2V_data/label/vidgen_filter_gemini_part_0_dpo_8/fBnk03_OYkU-Scene-0015/entity_20.mp4,T2V_data/label/vidgen_filter_gemini_part_0_dpo_8/fBnk03_OYkU-Scene-0015/aug_entity_20.png
T2V_data/VIDGEN-1M_unzip/fGyzmwcoMaA-Scene-0052.mp4,"The video shows a person using a tool to tighten bolts on a blue turbocharger. The person is wearing a black shirt and is standing in front of a car engine. The turbocharger is attached to the engine, and the person is using a wrench to tighten the bolts. The person's hands are visible as they work on the turbocharger. The engine and the turbocharger are both in good condition, and the person is working carefully and efficiently. The video is shot in a well-lit garage, and the sound of the wrench turning the bolts can be heard in the background.",T2V_data/label/vidgen_filter_gemini_part_0_dpo_8/fGyzmwcoMaA-Scene-0052/entity_40.mp4,T2V_data/label/vidgen_filter_gemini_part_0_dpo_8/fGyzmwcoMaA-Scene-0052/aug_entity_40.png
T2V_data/VIDGEN-1M_unzip/fGyzmwcoMaA-Scene-0052.mp4,"The video shows a person using a tool to tighten bolts on a blue turbocharger. The person is wearing a black shirt and is standing in front of a car engine. The turbocharger is attached to the engine, and the person is using a wrench to tighten the bolts. The person's hands are visible as they work on the turbocharger. The engine and the turbocharger are both in good condition, and the person is working carefully and efficiently. The video is shot in a well-lit garage, and the sound of the wrench turning the bolts can be heard in the background.",T2V_data/label/vidgen_filter_gemini_part_0_dpo_8/fGyzmwcoMaA-Scene-0052/entity_60.mp4,T2V_data/label/vidgen_filter_gemini_part_0_dpo_8/fGyzmwcoMaA-Scene-0052/aug_entity_60.png
T2V_data/VIDGEN-1M_unzip/fJ8CpQ-0jpU-Scene-0017.mp4,"The video shows a person's hands using a knife to cut a dragon fruit into slices. The dragon fruit is pink on the inside and has a green exterior. The cutting board is made of wood and is placed on a table. The person cuts the fruit into even slices, and the video ends with the sliced fruit on the cutting board.",T2V_data/label/vidgen_filter_gemini_part_0_dpo_8/fJ8CpQ-0jpU-Scene-0017/entity_60.mp4,T2V_data/label/vidgen_filter_gemini_part_0_dpo_8/fJ8CpQ-0jpU-Scene-0017/aug_entity_60.png
T2V_data/VIDGEN-1M_unzip/fJ8CpQ-0jpU-Scene-0017.mp4,"The video shows a person's hands using a knife to cut a dragon fruit into slices. The dragon fruit is pink on the inside and has a green exterior. The cutting board is made of wood and is placed on a table. The person cuts the fruit into even slices, and the video ends with the sliced fruit on the cutting board.",T2V_data/label/vidgen_filter_gemini_part_0_dpo_8/fJ8CpQ-0jpU-Scene-0017/entity_80.mp4,T2V_data/label/vidgen_filter_gemini_part_0_dpo_8/fJ8CpQ-0jpU-Scene-0017/aug_entity_80.png
T2V_data/VIDGEN-1M_unzip/fcIqw9pPITA-Scene-0081.mp4,"In the video, a person is seen adding ingredients into a food processor. The food processor is placed on a kitchen counter, and there are various ingredients visible in the processor. The person's hand is seen adding more ingredients to the processor, and the blades inside the processor are spinning. The kitchen counter is cluttered with various items, including a red object and a plant. The person's hand is visible as they continue to add ingredients to the processor.",T2V_data/label/vidgen_filter_gemini_part_0_dpo_8/fcIqw9pPITA-Scene-0081/entity_20.mp4,T2V_data/label/vidgen_filter_gemini_part_0_dpo_8/fcIqw9pPITA-Scene-0081/aug_entity_20.png
T2V_data/VIDGEN-1M_unzip/fcIqw9pPITA-Scene-0081.mp4,"In the video, a person is seen adding ingredients into a food processor. The food processor is placed on a kitchen counter, and there are various ingredients visible in the processor. The person's hand is seen adding more ingredients to the processor, and the blades inside the processor are spinning. The kitchen counter is cluttered with various items, including a red object and a plant. The person's hand is visible as they continue to add ingredients to the processor.",T2V_data/label/vidgen_filter_gemini_part_0_dpo_8/fcIqw9pPITA-Scene-0081/entity_40.mp4,T2V_data/label/vidgen_filter_gemini_part_0_dpo_8/fcIqw9pPITA-Scene-0081/aug_entity_40.png
T2V_data/VIDGEN-1M_unzip/fdFvm9bxoQs-Scene-0044.mp4,"The video shows a person holding a smartphone in one hand and a caliper in the other hand. The person is using the caliper to measure the thickness of the smartphone. The caliper has a digital display that shows the measurement in millimeters. The person takes multiple measurements from different angles, and the digital display updates accordingly. The smartphone has a colorful display with various app icons. The person is wearing a pink shirt with the letters ""LA"" visible on it.",T2V_data/label/vidgen_filter_gemini_part_0_dpo_8/fdFvm9bxoQs-Scene-0044/entity_60.mp4,T2V_data/label/vidgen_filter_gemini_part_0_dpo_8/fdFvm9bxoQs-Scene-0044/aug_entity_60.png
T2V_data/VIDGEN-1M_unzip/fmBMXwApMqg-Scene-0066.mp4,"In the video, a person is seen holding a spoon and pouring a dark liquid from a bottle into a white bowl. The liquid appears to be a thick, syrupy substance, possibly a type of sauce or syrup. The person then proceeds to stir the liquid in the bowl with the spoon, mixing it thoroughly. The bowl is placed on a white surface, and the background is blurred, focusing the viewer's attention on the action taking place in the foreground. The person's movements are deliberate and careful, ensuring that the liquid is evenly distributed in the bowl. The lighting in the video is bright, highlighting the contrast between the dark liquid and the white bowl.",T2V_data/label/vidgen_filter_gemini_part_0_dpo_8/fmBMXwApMqg-Scene-0066/entity_40.mp4,T2V_data/label/vidgen_filter_gemini_part_0_dpo_8/fmBMXwApMqg-Scene-0066/aug_entity_40.png
T2V_data/VIDGEN-1M_unzip/fmBMXwApMqg-Scene-0066.mp4,"In the video, a person is seen holding a spoon and pouring a dark liquid from a bottle into a white bowl. The liquid appears to be a thick, syrupy substance, possibly a type of sauce or syrup. The person then proceeds to stir the liquid in the bowl with the spoon, mixing it thoroughly. The bowl is placed on a white surface, and the background is blurred, focusing the viewer's attention on the action taking place in the foreground. The person's movements are deliberate and careful, ensuring that the liquid is evenly distributed in the bowl. The lighting in the video is bright, highlighting the contrast between the dark liquid and the white bowl.",T2V_data/label/vidgen_filter_gemini_part_0_dpo_8/fmBMXwApMqg-Scene-0066/entity_60.mp4,T2V_data/label/vidgen_filter_gemini_part_0_dpo_8/fmBMXwApMqg-Scene-0066/aug_entity_60.png
T2V_data/VIDGEN-1M_unzip/g26uCYYpUdI-Scene-0022.mp4,"The video shows a white truck driving through a muddy puddle. The truck is covered in mud and water as it moves through the puddle, and the water splashes around it. The truck appears to be a four-wheel drive vehicle, and it is driving on a dirt road. The video captures the truck from different angles as it moves through the muddy water.",T2V_data/label/vidgen_filter_gemini_part_0_dpo_8/g26uCYYpUdI-Scene-0022/entity_40.mp4,T2V_data/label/vidgen_filter_gemini_part_0_dpo_8/g26uCYYpUdI-Scene-0022/aug_entity_40.png
T2V_data/VIDGEN-1M_unzip/g7QBhi7YvJE-Scene-0094.mp4,"The video shows a large red boat with a net attached to it, floating on the water. The net is filled with green and yellow balls, and it is being pulled by a rope. The boat is moving slowly, and the net is being pulled up and down in the water. The water is calm, and there are no other boats or people visible in the video.",T2V_data/label/vidgen_filter_gemini_part_0_dpo_8/g7QBhi7YvJE-Scene-0094/entity_20.mp4,T2V_data/label/vidgen_filter_gemini_part_0_dpo_8/g7QBhi7YvJE-Scene-0094/aug_entity_20.png
T2V_data/VIDGEN-1M_unzip/gF0anxOnM7Q-Scene-0032.mp4,"The video shows a man wearing a black cap and shirt, and white pants, playing golf on a grassy field. He is holding a golf club and is seen hitting the ball. Another man in a red shirt and white pants is also playing golf and is seen hitting the ball. Both men are wearing white shoes. The video is shot during the daytime, and there are trees in the background.",T2V_data/label/vidgen_filter_gemini_part_0_dpo_8/gF0anxOnM7Q-Scene-0032/entity_20.mp4,T2V_data/label/vidgen_filter_gemini_part_0_dpo_8/gF0anxOnM7Q-Scene-0032/aug_entity_20.png
T2V_data/VIDGEN-1M_unzip/gS2GjHbZDik-Scene-0081.mp4,The video shows a woman wearing a helmet and a backpack climbing up a snowy mountain. She is holding onto a rope and using her hands to climb up the rocky terrain. The woman is wearing a red and yellow shirt and black pants. The background shows a beautiful view of the mountains and the sky.,T2V_data/label/vidgen_filter_gemini_part_0_dpo_8/gS2GjHbZDik-Scene-0081/entity_20.mp4,T2V_data/label/vidgen_filter_gemini_part_0_dpo_8/gS2GjHbZDik-Scene-0081/aug_entity_20.png
T2V_data/VIDGEN-1M_unzip/gqK2grrMDQs-Scene-0053.mp4,"In the video, we see a man in a wheelchair playing basketball. He is wearing a white tank top and black shorts. The man is dribbling the ball with his right hand and maneuvering his wheelchair with his left hand. He is moving quickly across the court, showing impressive agility and control. The basketball court has blue and yellow lines, and there are no other players visible in the frame. The man's focus is solely on the ball, and he appears to be practicing his dribbling skills.",T2V_data/label/vidgen_filter_gemini_part_0_dpo_8/gqK2grrMDQs-Scene-0053/entity_20.mp4,T2V_data/label/vidgen_filter_gemini_part_0_dpo_8/gqK2grrMDQs-Scene-0053/aug_entity_20.png
T2V_data/VIDGEN-1M_unzip/h6oRy4DGXaU-Scene-0127.mp4,"The video begins with a yellow bus driving down a hill and into a body of water. The bus is occupied by three pink pigs, with the driver pig wearing glasses. As the bus submerges, the pigs appear to be enjoying the ride. The bus is then shown floating on the water, with a pirate flag on top, and the pigs continue to ride inside. The background consists of a blue sky, green hills, and trees.",T2V_data/label/vidgen_filter_gemini_part_0_dpo_8/h6oRy4DGXaU-Scene-0127/entity_20.mp4,T2V_data/label/vidgen_filter_gemini_part_0_dpo_8/h6oRy4DGXaU-Scene-0127/aug_entity_20.png
T2V_data/VIDGEN-1M_unzip/hBJ-1LHfLM8-Scene-0017.mp4,"The video shows a swimmer in a pool, moving forward in the water. The swimmer is wearing a swim cap and goggles, and is using a freestyle stroke. The water is a clear blue color, and the pool is divided into lanes by floating lane dividers. The swimmer is moving towards the camera, and the video is taken from an underwater perspective, looking upwards towards the surface of the water.",T2V_data/label/vidgen_filter_gemini_part_0_dpo_8/hBJ-1LHfLM8-Scene-0017/entity_20.mp4,T2V_data/label/vidgen_filter_gemini_part_0_dpo_8/hBJ-1LHfLM8-Scene-0017/aug_entity_20.png
T2V_data/VIDGEN-1M_unzip/hEEV9uHHkmg-Scene-0423.mp4,"The video shows a white catamaran sailboat with a large white sail, sailing on blue water. The sky is clear and the water is calm. In the background, there is a mountainous coastline. The sailboat is moving slowly and smoothly through the water.",T2V_data/label/vidgen_filter_gemini_part_0_dpo_8/hEEV9uHHkmg-Scene-0423/entity_20.mp4,T2V_data/label/vidgen_filter_gemini_part_0_dpo_8/hEEV9uHHkmg-Scene-0423/aug_entity_20.png
T2V_data/VIDGEN-1M_unzip/hJnlk0JraC0-Scene-1100.mp4,"The video shows a man in a black shirt standing in front of a table. On the table, there is a large pizza in a box. The man is holding a scale and appears to be weighing the pizza. He looks at the scale and then back at the pizza, possibly checking the weight. The pizza appears to be a large size with a golden crust and cheese on top. The scale is silver and has a red dial. The man seems to be focused on the task at hand.",T2V_data/label/vidgen_filter_gemini_part_0_dpo_8/hJnlk0JraC0-Scene-1100/entity_20.mp4,T2V_data/label/vidgen_filter_gemini_part_0_dpo_8/hJnlk0JraC0-Scene-1100/aug_entity_20.png
T2V_data/VIDGEN-1M_unzip/hJnlk0JraC0-Scene-1100.mp4,"The video shows a man in a black shirt standing in front of a table. On the table, there is a large pizza in a box. The man is holding a scale and appears to be weighing the pizza. He looks at the scale and then back at the pizza, possibly checking the weight. The pizza appears to be a large size with a golden crust and cheese on top. The scale is silver and has a red dial. The man seems to be focused on the task at hand.",T2V_data/label/vidgen_filter_gemini_part_0_dpo_8/hJnlk0JraC0-Scene-1100/entity_40.mp4,T2V_data/label/vidgen_filter_gemini_part_0_dpo_8/hJnlk0JraC0-Scene-1100/aug_entity_40.png
T2V_data/VIDGEN-1M_unzip/hnkKZN1F64E-Scene-0003.mp4,"In the video, a man is sitting in the passenger seat of a car. He is wearing a red and grey jacket and is holding a wrench in his hand. He is using the wrench to tighten the bolt on the seat belt. The man appears to be focused on his task, and the car is stationary. The interior of the car is visible, with the steering wheel and dashboard in the background. The man's actions suggest that he may be performing some sort of maintenance or repair on the car.",T2V_data/label/vidgen_filter_gemini_part_0_dpo_8/hnkKZN1F64E-Scene-0003/entity_20.mp4,T2V_data/label/vidgen_filter_gemini_part_0_dpo_8/hnkKZN1F64E-Scene-0003/aug_entity_20.png
T2V_data/VIDGEN-1M_unzip/hwvenShi_R8-Scene-0044.mp4,"The video shows a man in a colorful shirt playing an electric guitar. He is standing in front of a computer monitor, which is displaying a digital audio workstation. The man is holding the guitar with his left hand and using a pick with his right hand to play the strings. He appears to be demonstrating how to play a specific riff or song. The room is well-lit, and there are several other guitars hanging on the wall behind him. The man seems to be speaking to the camera, possibly providing instructions or commentary on his playing.",T2V_data/label/vidgen_filter_gemini_part_0_dpo_8/hwvenShi_R8-Scene-0044/entity_40.mp4,T2V_data/label/vidgen_filter_gemini_part_0_dpo_8/hwvenShi_R8-Scene-0044/aug_entity_40.png
T2V_data/VIDGEN-1M_unzip/hwvenShi_R8-Scene-0044.mp4,"The video shows a man in a colorful shirt playing an electric guitar. He is standing in front of a computer monitor, which is displaying a digital audio workstation. The man is holding the guitar with his left hand and using a pick with his right hand to play the strings. He appears to be demonstrating how to play a specific riff or song. The room is well-lit, and there are several other guitars hanging on the wall behind him. The man seems to be speaking to the camera, possibly providing instructions or commentary on his playing.",T2V_data/label/vidgen_filter_gemini_part_0_dpo_8/hwvenShi_R8-Scene-0044/entity_60.mp4,T2V_data/label/vidgen_filter_gemini_part_0_dpo_8/hwvenShi_R8-Scene-0044/aug_entity_60.png
T2V_data/VIDGEN-1M_unzip/i4UxQzPJ0Dg-Scene-0078.mp4,The video shows a dog with a wheelchair attached to its hind legs walking on a dirt road. The dog is wearing a harness and is being pushed by a person who is not visible in the video. The wheelchair has two large wheels and a handle for the person to hold onto. The dog is walking at a steady pace and appears to be enjoying the ride. The surrounding area is green with trees and bushes.,T2V_data/label/vidgen_filter_gemini_part_0_dpo_8/i4UxQzPJ0Dg-Scene-0078/entity_20.mp4,T2V_data/label/vidgen_filter_gemini_part_0_dpo_8/i4UxQzPJ0Dg-Scene-0078/aug_entity_20.png
T2V_data/VIDGEN-1M_unzip/iACH0OX_KOw-Scene-0052.mp4,"In the video, two men are standing in a kitchen. One of the men is wearing a black shirt and holding a pan, while the other man is wearing a blue shirt and holding a cone. The man in the black shirt is pouring ice cream from the pan into the cone that the other man is holding. The kitchen has a pink blender on the counter and jars on the shelves in the background.",T2V_data/label/vidgen_filter_gemini_part_0_dpo_8/iACH0OX_KOw-Scene-0052/entity_60.mp4,T2V_data/label/vidgen_filter_gemini_part_0_dpo_8/iACH0OX_KOw-Scene-0052/aug_entity_60.png
T2V_data/VIDGEN-1M_unzip/iR_ilDuriuY-Scene-0043.mp4,The video shows a close-up of a USB cable being inserted into a laptop. The USB cable is black and has a silver connector. The laptop is black with a green sticker on the side. The person's finger is visible as they insert the cable.,T2V_data/label/vidgen_filter_gemini_part_0_dpo_8/iR_ilDuriuY-Scene-0043/entity_20.mp4,T2V_data/label/vidgen_filter_gemini_part_0_dpo_8/iR_ilDuriuY-Scene-0043/aug_entity_20.png
T2V_data/VIDGEN-1M_unzip/ihAlsdZgtZE-Scene-0004.mp4,"The video shows a drone taking off from a runway. The drone is white and has a large body with two wings on either side. The drone is seen lifting off the ground and ascending into the air. The background is a clear sky with no clouds visible. The drone appears to be a military-grade drone, possibly used for surveillance or reconnaissance. The video is shot from a side angle, capturing the drone's ascent as it gains altitude.",T2V_data/label/vidgen_filter_gemini_part_0_dpo_8/ihAlsdZgtZE-Scene-0004/entity_20.mp4,T2V_data/label/vidgen_filter_gemini_part_0_dpo_8/ihAlsdZgtZE-Scene-0004/aug_entity_20.png
T2V_data/VIDGEN-1M_unzip/j88w1Qky4Ts-Scene-0288.mp4,"The video shows a person holding a large fishing hook with a shark attached to it. The shark is struggling to get free, but the person is holding on tightly. The water is splashing around as the shark moves. The person is wearing a glove on one hand and is using a long pole to hold the hook. The shark is grey in color and appears to be quite large. The person is standing on a boat, and the water is a deep blue color.",T2V_data/label/vidgen_filter_gemini_part_0_dpo_8/j88w1Qky4Ts-Scene-0288/entity_20.mp4,T2V_data/label/vidgen_filter_gemini_part_0_dpo_8/j88w1Qky4Ts-Scene-0288/aug_entity_20.png
T2V_data/VIDGEN-1M_unzip/jYGIGV3eEpw-Scene-0017.mp4,"The video shows a fighter jet flying over a mountainous terrain at night. The jet is seen from a third-person perspective, with the camera angle changing as the jet maneuvers through the air. The landscape below is dark, with only a few lights visible, indicating a remote or sparsely populated area. The sky is clear with a visible moon and stars. The jet is equipped with afterburners, which are visible as bright orange flames emitting from the rear of the aircraft. The jet's movements are smooth and controlled, suggesting the player is experienced in controlling the aircraft.",T2V_data/label/vidgen_filter_gemini_part_0_dpo_8/jYGIGV3eEpw-Scene-0017/entity_20.mp4,T2V_data/label/vidgen_filter_gemini_part_0_dpo_8/jYGIGV3eEpw-Scene-0017/aug_entity_20.png
T2V_data/VIDGEN-1M_unzip/jgyVs9zI12E-Scene-0021.mp4,"The video is in black and white and shows a man in a black tracksuit and white sneakers kicking a soccer ball towards a goal. The goalkeeper, wearing a black jersey and shorts, is standing in front of the goal, ready to block the ball. The man kicks the ball with his right foot, and the goalkeeper jumps to his right to block the ball. The ball is seen flying past the goalkeeper and hitting the net.",T2V_data/label/vidgen_filter_gemini_part_0_dpo_8/jgyVs9zI12E-Scene-0021/entity_20.mp4,T2V_data/label/vidgen_filter_gemini_part_0_dpo_8/jgyVs9zI12E-Scene-0021/aug_entity_20.png
T2V_data/VIDGEN-1M_unzip/jjn4bGBsW2o-Scene-0016.mp4,"The video shows a person using a grinding wheel to sharpen a piece of metal. The person holds the metal in one hand and the grinding wheel in the other, and as the wheel spins, it grinds the metal, creating sparks. The person continues to sharpen the metal until it is smooth and sharp.",T2V_data/label/vidgen_filter_gemini_part_0_dpo_8/jjn4bGBsW2o-Scene-0016/entity_40.mp4,T2V_data/label/vidgen_filter_gemini_part_0_dpo_8/jjn4bGBsW2o-Scene-0016/aug_entity_40.png
T2V_data/VIDGEN-1M_unzip/jriQ-BsM6PA-Scene-0080.mp4,The video shows a person riding a bicycle on a sidewalk. The person is wearing a white shirt and has a red and white bicycle. The person is holding onto the handlebars of the bicycle and is riding on a sidewalk. The sidewalk is made of bricks and there are plants and trees on the side. The person is riding past a metal fence and a concrete wall. The person is also wearing a watch on their left wrist. The video is shot during the daytime.,T2V_data/label/vidgen_filter_gemini_part_0_dpo_8/jriQ-BsM6PA-Scene-0080/entity_100.mp4,T2V_data/label/vidgen_filter_gemini_part_0_dpo_8/jriQ-BsM6PA-Scene-0080/aug_entity_100.png
T2V_data/VIDGEN-1M_unzip/jrk4IxFfDMQ-Scene-0066.mp4,"The video shows a close-up of a person's foot, wearing a black shoe, stepping on a pile of dirt. The dirt is dark brown and appears to be wet, with small rocks and debris scattered throughout. The person's foot presses down on the dirt, causing it to compress and shift slightly. The camera angle is low, focusing on the foot and the immediate area of the dirt pile.",T2V_data/label/vidgen_filter_gemini_part_0_dpo_8/jrk4IxFfDMQ-Scene-0066/entity_20.mp4,T2V_data/label/vidgen_filter_gemini_part_0_dpo_8/jrk4IxFfDMQ-Scene-0066/aug_entity_20.png
T2V_data/VIDGEN-1M_unzip/jwN6fqAXF7Y-Scene-0062.mp4,"The video is a recording of a hockey game. The players are wearing white and black uniforms and are skating on the ice. The puck is being passed around the rink, and the players are trying to score a goal. The game is being played in a stadium with a large crowd watching. The players are using their sticks to control the puck and make passes to their teammates. The goalie is wearing a different colored uniform and is trying to block the shots on goal. The video shows the players' movements and the game's progression.",T2V_data/label/vidgen_filter_gemini_part_0_dpo_8/jwN6fqAXF7Y-Scene-0062/entity_60.mp4,T2V_data/label/vidgen_filter_gemini_part_0_dpo_8/jwN6fqAXF7Y-Scene-0062/aug_entity_60.png
T2V_data/VIDGEN-1M_unzip/jzjrLIEVosU-Scene-0041.mp4,"The video shows a person using a strainer to remove food particles from a pot. The person is holding the strainer with one hand and pouring water from a pot with the other hand. The water is running through the strainer, and the food particles are being washed away. The person is wearing a black apron and is standing in a kitchen. The strainer is made of metal and has a handle on one side. The pot is also made of metal and has a handle on one side. The water is clear and is flowing from the pot into the sink. The food particles are small and are being washed away by the water. The person is using their other hand to hold the pot and pour the water. The kitchen has white countertops and a black sink.",T2V_data/label/vidgen_filter_gemini_part_0_dpo_8/jzjrLIEVosU-Scene-0041/entity_60.mp4,T2V_data/label/vidgen_filter_gemini_part_0_dpo_8/jzjrLIEVosU-Scene-0041/aug_entity_60.png
T2V_data/VIDGEN-1M_unzip/jzm8tfbBXhw-Scene-0028.mp4,The video shows a police officer in a police car. He is standing in the back seat of the car and is using a tool to pry open the back door of the car. The officer is wearing a black uniform with a badge and a patch on the sleeve. The car has gray seats and the door is open. The officer is focused on the task at hand and is using a lot of force to open the door.,T2V_data/label/vidgen_filter_gemini_part_0_dpo_8/jzm8tfbBXhw-Scene-0028/entity_20.mp4,T2V_data/label/vidgen_filter_gemini_part_0_dpo_8/jzm8tfbBXhw-Scene-0028/aug_entity_20.png
T2V_data/VIDGEN-1M_unzip/k2eGS_cePbA-Scene-0031.mp4,"The video shows a red and white airplane taking off from a runway. The plane is moving at a high speed, and the background is blurred due to the speed of the plane. The runway is surrounded by green grass, and there are trees visible in the background. The sky is clear, and there are no clouds visible. The plane is flying in a straight line, and there are no other planes or objects visible in the sky. The video is shot from a side angle, and the plane is moving from left to right.",T2V_data/label/vidgen_filter_gemini_part_0_dpo_8/k2eGS_cePbA-Scene-0031/entity_20.mp4,T2V_data/label/vidgen_filter_gemini_part_0_dpo_8/k2eGS_cePbA-Scene-0031/aug_entity_20.png
T2V_data/VIDGEN-1M_unzip/k4A7MSo9aRw-Scene-0017.mp4,"In the video, a person is seen cutting a large piece of meat on a wooden cutting board. The person uses a large knife to cut the meat into smaller pieces. The meat appears to be red and raw, and the person is wearing a ring on their finger. The cutting board is placed on a table, and there are no other objects visible in the video. The person's movements are deliberate and careful as they cut the meat.",T2V_data/label/vidgen_filter_gemini_part_0_dpo_8/k4A7MSo9aRw-Scene-0017/entity_60.mp4,T2V_data/label/vidgen_filter_gemini_part_0_dpo_8/k4A7MSo9aRw-Scene-0017/aug_entity_60.png
T2V_data/VIDGEN-1M_unzip/k8w3EJuUQ2E-Scene-0009.mp4,"In the video, a person is seen pouring green and blue paint onto a metal tray. The paint is poured in such a way that it creates a splatter effect. The person then uses their hands to mix the paint together, creating a marbled effect with the colors blending into each other. The person continues to mix the paint, occasionally lifting their hands to show the marbled pattern. The colors are vibrant and the paint appears to be thick and glossy. The metal tray provides a contrasting background to the bright colors of the paint.",T2V_data/label/vidgen_filter_gemini_part_0_dpo_8/k8w3EJuUQ2E-Scene-0009/entity_40.mp4,T2V_data/label/vidgen_filter_gemini_part_0_dpo_8/k8w3EJuUQ2E-Scene-0009/aug_entity_40.png
T2V_data/VIDGEN-1M_unzip/k8w3EJuUQ2E-Scene-0009.mp4,"In the video, a person is seen pouring green and blue paint onto a metal tray. The paint is poured in such a way that it creates a splatter effect. The person then uses their hands to mix the paint together, creating a marbled effect with the colors blending into each other. The person continues to mix the paint, occasionally lifting their hands to show the marbled pattern. The colors are vibrant and the paint appears to be thick and glossy. The metal tray provides a contrasting background to the bright colors of the paint.",T2V_data/label/vidgen_filter_gemini_part_0_dpo_8/k8w3EJuUQ2E-Scene-0009/entity_60.mp4,T2V_data/label/vidgen_filter_gemini_part_0_dpo_8/k8w3EJuUQ2E-Scene-0009/aug_entity_60.png
T2V_data/VIDGEN-1M_unzip/kDYyUsGD-MQ-Scene-0139.mp4,"In the video, we see a person wearing blue overalls and a green glove, using a yellow rake to move a pile of small fish across a blue tarp. The fish are scattered all over the tarp, and the person is actively moving them around. The tarp is spread out on the ground, and the person is working diligently to gather the fish. The fish are small and silver in color, and there are a large number of them. The person's movements are deliberate and focused, as they work to collect the fish efficiently. The video provides a clear view of the person's actions and the pile of fish, but does not show any other context or environment.",T2V_data/label/vidgen_filter_gemini_part_0_dpo_8/kDYyUsGD-MQ-Scene-0139/entity_20.mp4,T2V_data/label/vidgen_filter_gemini_part_0_dpo_8/kDYyUsGD-MQ-Scene-0139/aug_entity_20.png
T2V_data/VIDGEN-1M_unzip/kDYyUsGD-MQ-Scene-0139.mp4,"In the video, we see a person wearing blue overalls and a green glove, using a yellow rake to move a pile of small fish across a blue tarp. The fish are scattered all over the tarp, and the person is actively moving them around. The tarp is spread out on the ground, and the person is working diligently to gather the fish. The fish are small and silver in color, and there are a large number of them. The person's movements are deliberate and focused, as they work to collect the fish efficiently. The video provides a clear view of the person's actions and the pile of fish, but does not show any other context or environment.",T2V_data/label/vidgen_filter_gemini_part_0_dpo_8/kDYyUsGD-MQ-Scene-0139/entity_40.mp4,T2V_data/label/vidgen_filter_gemini_part_0_dpo_8/kDYyUsGD-MQ-Scene-0139/aug_entity_40.png
T2V_data/VIDGEN-1M_unzip/kowgpZN05PA-Scene-0155.mp4,"In the video, a person is seen holding a piece of paper with a message written on it. The person is using their fingers to tear the paper into strips. The message on the paper reads, ""We need to help each other."" The person tears the paper into several strips, each containing a part of the message. The person's nails are painted with a light-colored polish, and they are wearing a ring on their finger. The background is not visible, but the focus is on the person's hands and the paper.",T2V_data/label/vidgen_filter_gemini_part_0_dpo_8/kowgpZN05PA-Scene-0155/entity_20.mp4,T2V_data/label/vidgen_filter_gemini_part_0_dpo_8/kowgpZN05PA-Scene-0155/aug_entity_20.png
T2V_data/VIDGEN-1M_unzip/kowgpZN05PA-Scene-0155.mp4,"In the video, a person is seen holding a piece of paper with a message written on it. The person is using their fingers to tear the paper into strips. The message on the paper reads, ""We need to help each other."" The person tears the paper into several strips, each containing a part of the message. The person's nails are painted with a light-colored polish, and they are wearing a ring on their finger. The background is not visible, but the focus is on the person's hands and the paper.",T2V_data/label/vidgen_filter_gemini_part_0_dpo_8/kowgpZN05PA-Scene-0155/entity_40.mp4,T2V_data/label/vidgen_filter_gemini_part_0_dpo_8/kowgpZN05PA-Scene-0155/aug_entity_40.png
T2V_data/VIDGEN-1M_unzip/kr8MQ07Bdb0-Scene-0022.mp4,"The video shows a person's foot pressing down on a car's accelerator pedal. The foot is wearing a white sneaker with black laces. The accelerator pedal is made of metal and has a rubber pad on top. The car's interior is black, and the pedal is located on the right side of the vehicle. The person's foot is shown pressing down on the pedal several times, and the video is shot from a low angle, looking up at the foot and pedal.",T2V_data/label/vidgen_filter_gemini_part_0_dpo_8/kr8MQ07Bdb0-Scene-0022/entity_40.mp4,T2V_data/label/vidgen_filter_gemini_part_0_dpo_8/kr8MQ07Bdb0-Scene-0022/aug_entity_40.png
T2V_data/VIDGEN-1M_unzip/lFohzBEqiBA-Scene-0066.mp4,"In the video, a person is seen using a large knife to cut a piece of meat on a table. The person is wearing a white shirt and is standing in front of a purple table. The meat is being cut into smaller pieces, and the person is using a hammer to help with the process. The table is covered in blood, indicating that the meat has been cut for some time. The person is focused on their task, and the sound of the knife cutting through the meat can be heard in the background. The video provides a close-up view of the cutting process, allowing the viewer to see the details of the meat and the technique used by the person cutting it.",T2V_data/label/vidgen_filter_gemini_part_0_dpo_8/lFohzBEqiBA-Scene-0066/entity_40.mp4,T2V_data/label/vidgen_filter_gemini_part_0_dpo_8/lFohzBEqiBA-Scene-0066/aug_entity_40.png
T2V_data/VIDGEN-1M_unzip/lSYmGvyjvN0-Scene-0084.mp4,"The video features a toy Spider-Man that is lying on its back on a blue table. The toy is red and blue and has white strings attached to its hands and feet. A person's hand is seen pulling the strings, causing the toy to flip over and stand up. The toy then begins to dance and swing its arms back and forth. The background includes other Spider-Man toys and a sign that reads ""I TALK \u0026 SING THE SPIDERMAN THEME SONG!""",T2V_data/label/vidgen_filter_gemini_part_0_dpo_8/lSYmGvyjvN0-Scene-0084/entity_20.mp4,T2V_data/label/vidgen_filter_gemini_part_0_dpo_8/lSYmGvyjvN0-Scene-0084/aug_entity_20.png
T2V_data/VIDGEN-1M_unzip/laXSGXKmgiI-Scene-0022.mp4,"The video shows a person holding two cell phone back covers, one in each hand. The person is using a tool to pry open the back cover of the phone on the right. The person's hands are visible, but their face is not shown. The phone covers appear to be made of metal and have a shiny finish. The tool used to pry open the cover is black and appears to be made of plastic. The person's movements are deliberate and careful, indicating that they are trying to avoid damaging the phone.",T2V_data/label/vidgen_filter_gemini_part_0_dpo_8/laXSGXKmgiI-Scene-0022/entity_40.mp4,T2V_data/label/vidgen_filter_gemini_part_0_dpo_8/laXSGXKmgiI-Scene-0022/aug_entity_40.png
T2V_data/VIDGEN-1M_unzip/laXSGXKmgiI-Scene-0022.mp4,"The video shows a person holding two cell phone back covers, one in each hand. The person is using a tool to pry open the back cover of the phone on the right. The person's hands are visible, but their face is not shown. The phone covers appear to be made of metal and have a shiny finish. The tool used to pry open the cover is black and appears to be made of plastic. The person's movements are deliberate and careful, indicating that they are trying to avoid damaging the phone.",T2V_data/label/vidgen_filter_gemini_part_0_dpo_8/laXSGXKmgiI-Scene-0022/entity_60.mp4,T2V_data/label/vidgen_filter_gemini_part_0_dpo_8/laXSGXKmgiI-Scene-0022/aug_entity_60.png
T2V_data/VIDGEN-1M_unzip/lfkNvv24JvQ-Scene-0012.mp4,"In the video, a man is seen holding a small monkey in his lap. He is using a pair of tweezers to pull out a long white string that is stuck in the monkey's mouth. The monkey appears to be in discomfort as it tries to bite the tweezers. The man is wearing a blue shirt with the word ""monkey"" written on it. The background is a plain beige wall.",T2V_data/label/vidgen_filter_gemini_part_0_dpo_8/lfkNvv24JvQ-Scene-0012/entity_40.mp4,T2V_data/label/vidgen_filter_gemini_part_0_dpo_8/lfkNvv24JvQ-Scene-0012/aug_entity_40.png
T2V_data/VIDGEN-1M_unzip/lxuqIHpIZxw-Scene-0034.mp4,"In the video, a person is holding a blue speaker in their hand. The speaker has a red light on the top, which is blinking. The person's finger is pressing on the light, causing it to blink faster. The speaker is cylindrical in shape and appears to be made of plastic. The person's hand is visible in the frame, and they are wearing a white shirt. The background is a wooden surface, possibly a table or a floor. The video is shot in a well-lit room, and the focus is on the speaker and the person's hand.",T2V_data/label/vidgen_filter_gemini_part_0_dpo_8/lxuqIHpIZxw-Scene-0034/entity_20.mp4,T2V_data/label/vidgen_filter_gemini_part_0_dpo_8/lxuqIHpIZxw-Scene-0034/aug_entity_20.png
T2V_data/VIDGEN-1M_unzip/m9fL_5dpfFI-Scene-0013.mp4,"In the video, a person is seen holding a blue leash attached to a dog. The dog is wearing a black collar and is standing on a grassy field. The person is holding the leash with both hands and appears to be trying to control the dog. The dog seems to be pulling on the leash, indicating that it might be trying to move in a different direction. The grassy field is visible in the background, and the lighting suggests that it might be daytime. The person and the dog are the main subjects of the video, and their interaction with the leash is the central focus.",T2V_data/label/vidgen_filter_gemini_part_0_dpo_8/m9fL_5dpfFI-Scene-0013/entity_20.mp4,T2V_data/label/vidgen_filter_gemini_part_0_dpo_8/m9fL_5dpfFI-Scene-0013/aug_entity_20.png
T2V_data/VIDGEN-1M_unzip/mRva7vRUduw-Scene-0037.mp4,"In the video, a man is seen kneeling down in a field of dry grass. He is wearing a black shirt and camouflage pants. The man is holding a stick in his hand and appears to be poking at something in the grass. He then proceeds to pick up a rock and throw it at the object he was poking at. The man seems to be engaged in some sort of outdoor activity, possibly hunting or exploring. The field is surrounded by trees and bushes, indicating that the location is in a rural or wilderness area. The man's actions suggest that he is trying to catch or scare something in the grass. The video does not provide any further context or information about the man's actions or the location.",T2V_data/label/vidgen_filter_gemini_part_0_dpo_8/mRva7vRUduw-Scene-0037/entity_20.mp4,T2V_data/label/vidgen_filter_gemini_part_0_dpo_8/mRva7vRUduw-Scene-0037/aug_entity_20.png
T2V_data/VIDGEN-1M_unzip/mw_5N__KlW4-Scene-0236.mp4,"The video shows a close-up of a person's hands holding a piece of food. The person is squeezing the food, causing a thick, brown sauce to ooze out from the center. The sauce is dripping down the sides of the food and onto the person's hands. The person's hands are covered in the sauce, and the food appears to be some kind of pastry or bread. The background is blurred, but it seems to be a kitchen or food preparation area. The video is shot in slow motion, emphasizing the thickness and texture of the sauce.",T2V_data/label/vidgen_filter_gemini_part_0_dpo_8/mw_5N__KlW4-Scene-0236/entity_80.mp4,T2V_data/label/vidgen_filter_gemini_part_0_dpo_8/mw_5N__KlW4-Scene-0236/aug_entity_80.png
T2V_data/VIDGEN-1M_unzip/pDwfcmXYsMU-Scene-0010.mp4,"The video shows a close-up of a glass of soda with ice cubes. The glass is placed on a counter, and a person's hand is seen picking up the glass. The background shows a blurred image of a soda fountain.",T2V_data/label/vidgen_filter_gemini_part_0_dpo_8/pDwfcmXYsMU-Scene-0010/entity_40.mp4,T2V_data/label/vidgen_filter_gemini_part_0_dpo_8/pDwfcmXYsMU-Scene-0010/aug_entity_40.png
T2V_data/VIDGEN-1M_unzip/qKvRpqEeWjY-Scene-0011.mp4,"The video shows a person sitting on the floor with a stack of red plastic cups in front of them. The person is wearing a blue t-shirt and a black cap. They are carefully placing the cups on top of each other to create a tall stack. The cups are all the same size and color, and they are arranged in a pyramid shape. The person seems to be concentrating on the task, and they are using their hands to balance the cups. The background is a plain white wall, and there is a red and white striped rug on the floor.",T2V_data/label/vidgen_filter_gemini_part_0_dpo_8/qKvRpqEeWjY-Scene-0011/entity_20.mp4,T2V_data/label/vidgen_filter_gemini_part_0_dpo_8/qKvRpqEeWjY-Scene-0011/aug_entity_20.png
T2V_data/VIDGEN-1M_unzip/qKvRpqEeWjY-Scene-0011.mp4,"The video shows a person sitting on the floor with a stack of red plastic cups in front of them. The person is wearing a blue t-shirt and a black cap. They are carefully placing the cups on top of each other to create a tall stack. The cups are all the same size and color, and they are arranged in a pyramid shape. The person seems to be concentrating on the task, and they are using their hands to balance the cups. The background is a plain white wall, and there is a red and white striped rug on the floor.",T2V_data/label/vidgen_filter_gemini_part_0_dpo_8/qKvRpqEeWjY-Scene-0011/entity_60.mp4,T2V_data/label/vidgen_filter_gemini_part_0_dpo_8/qKvRpqEeWjY-Scene-0011/aug_entity_60.png
T2V_data/VIDGEN-1M_unzip/qRHq2UQccEc-Scene-0041.mp4,"In the video, a man is seen standing in a kitchen, holding a pot filled with ice. He then proceeds to pour the ice into a sink, presumably to melt it. The man is wearing a green shirt and a white hat. The kitchen has white cabinets and a black countertop. The sink is silver and has a faucet with a lever handle. The ice appears to be clear and cubed. The man seems to be focused on the task at hand, carefully pouring the ice into the sink.",T2V_data/label/vidgen_filter_gemini_part_0_dpo_8/qRHq2UQccEc-Scene-0041/entity_60.mp4,T2V_data/label/vidgen_filter_gemini_part_0_dpo_8/qRHq2UQccEc-Scene-0041/aug_entity_60.png
T2V_data/VIDGEN-1M_unzip/rTV-YYs-yGo-Scene-0042.mp4,"The video shows a basketball game in progress. The players are wearing black and white uniforms. The crowd is cheering and clapping. The players are running and jumping, trying to score. The ball is being dribbled and passed between players. The game is intense and fast-paced.",T2V_data/label/vidgen_filter_gemini_part_0_dpo_8/rTV-YYs-yGo-Scene-0042/entity_20.mp4,T2V_data/label/vidgen_filter_gemini_part_0_dpo_8/rTV-YYs-yGo-Scene-0042/aug_entity_20.png
T2V_data/VIDGEN-1M_unzip/rVaa5ggzxMY-Scene-0125.mp4,"In the video, a child is seen playing with a blue toy in a tub of water. The child is dipping the toy into the water and then lifting it up, causing the water to splash around. The child seems to be enjoying the activity, as they continue to play with the toy in the water. The tub appears to be filled with water, and the child is the only person visible in the video. The child's actions are playful and curious, as they explore the properties of the toy and the water. The video captures a moment of innocent play and exploration, as the child interacts with their surroundings.",T2V_data/label/vidgen_filter_gemini_part_0_dpo_8/rVaa5ggzxMY-Scene-0125/entity_20.mp4,T2V_data/label/vidgen_filter_gemini_part_0_dpo_8/rVaa5ggzxMY-Scene-0125/aug_entity_20.png
T2V_data/VIDGEN-1M_unzip/tR4nNkZMX4A-Scene-0003.mp4,"The video shows a black Jeep driving down a road. The Jeep is driving through a flooded area with water covering the road. There are two police officers standing on the side of the road watching the Jeep. In the background, there is a fire truck parked on the side of the road. The Jeep is driving slowly through the water, and the officers are observing the situation.",T2V_data/label/vidgen_filter_gemini_part_0_dpo_8/tR4nNkZMX4A-Scene-0003/entity_20.mp4,T2V_data/label/vidgen_filter_gemini_part_0_dpo_8/tR4nNkZMX4A-Scene-0003/aug_entity_20.png
T2V_data/VIDGEN-1M_unzip/u0TGJJIrq4c-Scene-0122.mp4,The video shows a woman in a white dress and two young girls in pink pajamas playing in a living room. The woman is bending over and the girls are jumping on her back. The woman then stands up and the girls jump down. A small dog walks in and out of the frame. The woman and girls are barefoot and the room has a wooden floor. There is a white table with a plant on it in the background.,T2V_data/label/vidgen_filter_gemini_part_0_dpo_8/u0TGJJIrq4c-Scene-0122/entity_40.mp4,T2V_data/label/vidgen_filter_gemini_part_0_dpo_8/u0TGJJIrq4c-Scene-0122/aug_entity_40.png
T2V_data/VIDGEN-1M_unzip/uiIb88qtM3c-Scene-0054.mp4,"In the video, a person is seen pouring a liquid into a large glass jar. The jar is placed on a wooden table and there are other plants visible in the background. The person is wearing a red jacket and is using a funnel to pour the liquid. The liquid appears to be some kind of fertilizer or nutrient solution for the plants. The person is being careful not to spill any of the liquid and is making sure to pour it evenly into the jar. The video seems to be taken in a garden or outdoor setting, and the person is focused on the task at hand.",T2V_data/label/vidgen_filter_gemini_part_0_dpo_8/uiIb88qtM3c-Scene-0054/entity_40.mp4,T2V_data/label/vidgen_filter_gemini_part_0_dpo_8/uiIb88qtM3c-Scene-0054/aug_entity_40.png
T2V_data/VIDGEN-1M_unzip/uvrzu6j45_A-Scene-0041.mp4,"In the video, a man is seen working on a wooden structure. He is wearing a beige shirt and has tattoos on his arms. He is holding a piece of wood and appears to be measuring and cutting it to fit the structure. The structure is made of several wooden planks and is located inside a vehicle. The man is focused on his work and seems to be taking care to ensure that the wood is cut accurately. The vehicle's interior is visible in the background, and there are some tools and other pieces of wood scattered around the work area. The lighting in the video is dim, and the man's actions are deliberate and precise.",T2V_data/label/vidgen_filter_gemini_part_0_dpo_8/uvrzu6j45_A-Scene-0041/entity_40.mp4,T2V_data/label/vidgen_filter_gemini_part_0_dpo_8/uvrzu6j45_A-Scene-0041/aug_entity_40.png
T2V_data/VIDGEN-1M_unzip/v3ZkX9vaWdE-Scene-0011.mp4,"In the video, a person is seen working on a car's suspension system. The person is wearing a blue shirt and is using a wrench to adjust the suspension. The person's hands are visible, and they are using the wrench to turn a bolt on the suspension. The video is shot from a close-up angle, focusing on the person's hands and the suspension. The background is not visible, and there are no other objects or people in the frame. The lighting is bright, and the colors are clear and distinct. The person appears to be experienced and is working carefully and methodically.",T2V_data/label/vidgen_filter_gemini_part_0_dpo_8/v3ZkX9vaWdE-Scene-0011/entity_40.mp4,T2V_data/label/vidgen_filter_gemini_part_0_dpo_8/v3ZkX9vaWdE-Scene-0011/aug_entity_40.png
T2V_data/VIDGEN-1M_unzip/wRSV-zaFX_I-Scene-0087.mp4,"In the video, a man is seen standing in a yard with a football in his hand. He is wearing colorful shorts and is shirtless. The man is holding the football with both hands and begins to run forward. As he runs, he throws the football with his right hand. The background of the video shows a fence and some trees. The man's movements are smooth, and he appears to be practicing his throwing technique. The football is thrown with precision, and it flies through the air before landing on the ground. The video captures the man's athletic ability and his focus on improving his football skills.",T2V_data/label/vidgen_filter_gemini_part_0_dpo_8/wRSV-zaFX_I-Scene-0087/entity_20.mp4,T2V_data/label/vidgen_filter_gemini_part_0_dpo_8/wRSV-zaFX_I-Scene-0087/aug_entity_20.png
T2V_data/VIDGEN-1M_unzip/y4A4bydia4A-Scene-0188.mp4,"In the video, a person is holding a red Swiss Army knife in their hand. The person is using their thumb to push down on the knife, which causes the blade to pop out. The person then pushes the blade back into the handle of the knife. The Swiss Army knife has a silver cross emblem on the handle, and the blade appears to be silver in color. The person's hand is visible in the video, and they are wearing a black watch on their wrist. The background is blurred, but it appears to be a wooden surface.",T2V_data/label/vidgen_filter_gemini_part_0_dpo_8/y4A4bydia4A-Scene-0188/entity_20.mp4,T2V_data/label/vidgen_filter_gemini_part_0_dpo_8/y4A4bydia4A-Scene-0188/aug_entity_20.png
T2V_data/VIDGEN-1M_unzip/zFDkrGwFnxw-Scene-0021.mp4,"In the video, a person is seen adding butter to a pan. The pan is placed on a stove, and the butter is added to the pan in small pieces. The butter begins to melt and sizzle in the pan, creating a bubbling sound. The person continues to add more butter to the pan, causing the bubbling to intensify. The butter is spread evenly across the bottom of the pan, and the bubbling sound becomes louder as the butter melts completely. The person then uses a spatula to stir the butter in the pan, ensuring that it is evenly distributed. The video ends with the butter fully melted and bubbling in the pan.",T2V_data/label/vidgen_filter_gemini_part_0_dpo_8/zFDkrGwFnxw-Scene-0021/entity_60.mp4,T2V_data/label/vidgen_filter_gemini_part_0_dpo_8/zFDkrGwFnxw-Scene-0021/aug_entity_60.png
T2V_data/VIDGEN-1M_unzip/zZ6_HOFVWuU-Scene-0036.mp4,"The video shows a person using a long-handled tool to stir a pot of liquid over a fire. The fire is contained in a fireplace made of stone, and the pot is placed on a metal stand. The person is wearing a black shirt, and the room is dimly lit, with the fire providing the main source of light. The liquid in the pot appears to be boiling, and steam can be seen rising from it. The person stirs the pot in a circular motion, and the flames from the fire flicker in the background.",T2V_data/label/vidgen_filter_gemini_part_0_dpo_8/zZ6_HOFVWuU-Scene-0036/entity_40.mp4,T2V_data/label/vidgen_filter_gemini_part_0_dpo_8/zZ6_HOFVWuU-Scene-0036/aug_entity_40.png
T2V_data/VIDGEN-1M_unzip/zr0gO9_mBW8-Scene-0006.mp4,"The video features a black rolling suitcase with a retractable handle. The suitcase is shown from various angles, both closed and open, revealing multiple compartments and pockets. The suitcase is made of a durable material and has four wheels for easy maneuverability. The handle is extended and retracted multiple times to demonstrate its functionality. The video also shows the suitcase being pulled along a surface, highlighting its smooth rolling capabilities.",T2V_data/label/vidgen_filter_gemini_part_0_dpo_8/zr0gO9_mBW8-Scene-0006/entity_20.mp4,T2V_data/label/vidgen_filter_gemini_part_0_dpo_8/zr0gO9_mBW8-Scene-0006/aug_entity_20.png
